,Open,High,Low,Close,Volume,RSI_14,MACD,MACD_Signal,MACD_Hist,SMA_20,SMA_50,SMA_200,EMA_20,EMA_50,BB_Upper,BB_Middle,BB_Lower,BB_Width,Momentum_10,Returns_1d,Returns_5d,ATR_14
2,5.942207549705271,5.971078395843506,5.891683450284185,5.971078395843506,237536000,,,,,,,,,,,,,,,,,0.0
3,5.85136420469419,5.919310891581139,5.826475278837487,5.875506401062012,205384000,,,,,,,,,,,,,,,-0.016005818119558146,,0.0
4,5.782170857410312,5.905370252862974,5.756037709855697,5.900143623352051,262636000,,,,,,,,,,,,,,,0.00419320831402481,,0.0
5,5.928517039782527,6.017370217404022,5.883468334889304,5.971574783325195,314856000,,,,,,,,,,,,,,,0.012106681554399534,,0.0
6,5.967343597334713,6.0240902679221096,5.927272770783473,5.98277473449707,277108000,,,,,,,,,,,,,,,0.0018755439860100864,,0.0
7,6.069139710447324,6.120908509266958,5.99472218082326,6.0484819412231445,255112000,,,,,,,,,,,,,,,0.01098273119781723,0.012963076390609674,0.0
8,6.155752757707768,6.1861170582643075,6.066650817633669,6.080837249755859,316296000,,,,,,,,,,,,,,,0.005349327128216785,0.03494691941050965,0.0
9,6.163965346925587,6.296622518260619,6.141316144751401,6.271484851837158,319840000,,,,,,,,,,,,,,,0.03135219612874085,0.06293765918093652,0.0
10,6.228676412859519,6.254063307729737,6.141316688702072,6.154508113861084,359088000,,,,,,,,,,,,,,,-0.018652159853628114,0.030634018190093704,0.0
11,6.167201711413345,6.189601691642836,6.086064089642818,6.111948490142822,263104000,,,,,,,,,,,,,,,-0.0069151949970477355,0.021590944232101394,0.0
12,6.165459211777373,6.201548119865506,6.142063751814368,6.195574760437012,284192000,,,,,,,,,,,,,,3.759728975418892,0.013682423932246834,0.024318964765582374,0.0
13,6.214738881645233,6.222205699382475,6.156747973897517,6.204285621643066,253792000,,,,,,,,,,,,,,5.5957597207557646,0.0014059811305449088,0.02030121294434628,0.0
14,6.167699008739332,6.2045346437613595,6.136836732767271,6.170934677124023,217916000,,,,,,,,,,,,,,4.589567153928501,-0.0053754689182428095,-0.01603291359042025,0.0
15,6.216232587499454,6.311556638293385,6.19731702825236,6.2249436378479,239240000,66.15285452792534,,,,,,,,,,,,,4.242915206055912,0.008752152396636292,0.01144454157565944,0.12090622414628413
16,6.265014550653041,6.301849711322332,6.176161367963246,6.293387413024902,244516000,70.22062874430239,,,,,,,,,,,,,5.191782948751506,0.010995083515433102,0.029685937827306663,0.12124780409005571
17,6.408871766709822,6.458649601386447,6.179894581687254,6.234152317047119,373512000,63.14736505847466,,,,,,,,,,,,,3.0697020777816477,-0.009412275471106235,0.00622663079726693,0.13249831949070837
18,5.9295134446454965,6.029317874683954,5.77993165006869,5.978295803070068,470536000,42.99976623546759,,,,,,,,,,,,,-1.6863047385441532,-0.04104110726929433,-0.036424792853613,0.1554784871684027
19,6.044250844374252,6.204037143136165,5.990988586548067,6.171681880950928,310976000,54.75115018061579,,,,,,,,,,,,,-1.5913770541436347,0.03234802764051059,0.0001210843844570153,0.16049726237538084
20,6.157245952413688,6.1933348594066695,6.071379209932689,6.111201763153076,258848000,51.19628653946473,,,,,,,,,,,,,-0.7036525081585959,-0.009799616857201432,-0.01827195253676983,0.1577442900252808
21,6.013388746744023,6.131362007202673,5.958384751904467,6.117921829223633,290504000,51.572528382179286,,,,6.103535914421082,,,6.111587698530943,,6.3439242780363525,6.103535914421082,5.863147550805811,0.0787701971400856,0.09773215678182136,0.0010996308632902352,-0.02788094428099608,0.15883235897334688
22,6.072126406970737,6.084073126385558,5.842651697517958,5.884464740753174,370420000,40.02758478230833,,,,6.099205231666565,,,6.089956940647347,,6.351793796510755,6.099205231666565,5.846616666822374,0.08282671438330083,-5.021487621624526,-0.03815954093354035,-0.05609224133612101,0.16714934273994173
23,5.8662955798175345,6.000944205107071,5.860073468931658,5.981531143188477,255564000,45.491273859465885,,,,6.104506468772888,,,6.079630674222693,,6.3420980837084295,6.104506468772888,5.866914853837346,0.0778413836240235,-3.590332425662865,0.01649536647965011,0.0005411810029116726,0.165272299413904
24,6.123397097246553,6.169939263210009,6.07337051135927,6.1507744789123535,271544000,53.453723662765164,,,,6.117038011550903,,,6.086406274669327,,6.335891680619628,6.117038011550903,5.898184342482178,0.07155543864709034,-0.326696023641359,0.028294316567523792,-0.0033876344312407936,0.16692485802873458
25,6.2717338638672375,6.281938371636145,6.15774301796561,6.2411208152771,208220000,57.059750015214135,,,,6.130515313148498,,,6.101140992822448,,6.345032855821294,6.130515313148498,5.915997770475703,0.06998352722901002,0.2598766891774144,0.014688611438200994,0.0212591658988186,0.1643705033640958
26,6.275468324748292,6.327983379364014,6.194330704477738,6.327983379364014,218284000,60.24838979710646,,,,6.147775745391845,,,6.12274502963593,,6.3674558713668485,6.147775745391845,5.928095619416842,0.0714665384922889,0.5497193175730914,0.013917782824246938,0.03433544200204963,0.16217637275853722
27,6.287911501846782,6.310062726456048,6.23639146189148,6.261778354644775,189752000,56.78713297380819,0.04472634588630697,,,6.158440566062927,,,6.135986298684392,,6.378512988739293,6.158440566062927,5.938368143386561,0.0714701783075119,0.4431402409292055,-0.010462262738416328,0.06412029479563297,0.1571346259523941
28,6.284427711474743,6.545760159094966,6.279449833018814,6.545013904571533,529608000,65.83113131262564,0.07182263642897002,,,6.181649398803711,,,6.174941308768881,,6.455438744510686,6.181649398803711,5.907860053096736,0.08858132451185578,9.479592850029851,0.04523244578222152,0.09420376620871185,0.1661951387022367
29,6.653280208935729,6.782204223899052,6.5913069033457505,6.667466640472412,638556000,68.86503117162079,0.10200174172452847,,,6.2014484882354735,,,6.221848483216837,,6.546386434523669,6.2014484882354735,5.856510541947278,0.11124431556355376,8.033219616385903,0.01870931638744855,0.08400440681600574,0.17126622303261402
30,6.720231000027536,6.789671124211894,6.681404401745411,6.783199787139893,374644000,71.4456119119769,0.1337162006876902,,,6.232883071899414,,,6.27531051216189,,6.659820877200294,6.232883071899414,5.805945266598534,0.13699528785505502,10.996168184767948,0.017357889121629055,0.08685602921447777,0.16776181308310462
31,6.725208710247476,6.806595076336598,6.697830853566547,6.7393951416015625,528016000,69.11074732563065,0.1535454922462245,,,6.264255404472351,,,6.319509048299001,,6.740411741538999,6.264255404472351,5.788099067405703,0.15202328331846024,10.158242124136374,-0.006457814440520848,0.06501467174822095,0.16354769948931508
32,7.149563729349154,7.341456544672368,7.118203946999055,7.212532520294189,1041924000,77.61867378891193,0.20507460852259385,,,6.31510329246521,,,6.404558902774734,,6.94382049278714,6.31510329246521,5.68638609214328,0.199115413067614,22.569049829518235,0.07020472442281944,0.15183452875558512,0.19487010688799294
33,7.109243562917757,7.399696571436016,7.089830500246091,7.3812785148620605,620164000,79.75988807794619,0.2565706096331679,,,6.37395293712616,,,6.497579818211622,,7.152619749704603,6.37395293712616,5.595286124547717,0.24432775712634067,23.401154957916738,0.02339621957933158,0.12777125037219816,0.20308410433813098
34,7.50373169839315,7.850184182869734,7.50373169839315,7.832512855529785,694332000,84.13167318424996,0.3299884996775315,,,6.457031846046448,,,6.624716297956209,,7.455004645734591,6.457031846046448,5.459059046358305,0.30911193361983746,27.341896250353415,0.06113227400363952,0.1747359646294122,0.22207135888595547
35,7.784477262238204,7.872832469799487,7.375802739932594,7.68317985534668,810052000,78.11805760133899,0.3718364818950892,0.21821193021368673,0.1536245516814025,6.529943656921387,,,6.7255223510410165,,7.654488000699063,6.529943656921387,5.405399313143711,0.3444269668653939,23.10577030554654,-0.019065784242878858,0.13267780641122173,0.24171124252745105
36,7.570932166108469,7.596069838691221,7.234186189513256,7.319056987762451,768180000,65.77282015870779,0.37133907132497423,0.24883735843594423,0.12250171288903,6.581227135658264,,,6.7820494593002,,7.750597991646164,6.581227135658264,5.411856279670364,0.355365597291739,15.661760611293579,-0.04739220927267995,0.08601096003151643,0.2565171299064491
37,6.724710680746953,7.015412417963896,6.67020419402814,6.80161714553833,856916000,52.963613941355206,0.32544032552908586,0.2641579518545726,0.06128237367451328,6.609600377082825,,,6.783913048465736,,7.771422308734282,6.609600377082825,5.447778445431368,0.351555877925628,8.621173735622893,-0.07069761078364145,-0.05697241206187276,0.2845411058941535
38,6.876782232264527,6.9387555440768045,6.420321266694582,6.522116661071777,1055496000,47.574054097904735,0.26347471310444437,0.26402130410454694,-0.0005465910001025698,6.63679141998291,,,6.7589800591901215,,7.763154761311934,6.63679141998291,5.510428078653887,0.33943008603151903,-0.3498425493605551,-0.04109323981134361,-0.11639743061589902,0.3012477610004441
39,6.522365244375088,6.8556267817629495,6.520872260486998,6.66149377822876,747732000,50.290545177174046,0.22304199803664204,0.255825442890966,-0.03278344485432394,6.661282014846802,,,6.749695651479516,,7.767243987241697,6.661282014846802,5.555320042451907,0.33205679325088,-0.08958218414466858,0.021369920901426864,-0.1495074567894621,0.3036411010201232
40,6.347955969591056,6.649291124091377,6.198284706095649,6.290677547454834,906416000,43.789490204764064,0.1592413738273475,0.2365086290782423,-0.07726725525089481,6.67025580406189,,,6.705979641572403,,7.761026928726267,6.67025580406189,5.579484679397513,0.3270552604594701,-7.260913066703709,-0.05566562742816572,-0.18124036324918402,0.31503881324247945
41,6.038152966176298,6.785264187900651,6.021467622824609,6.725744247436523,1133252000,51.68157989438538,0.1421465887749891,0.21763622101759167,-0.07548963224260258,6.700646924972534,,,6.707861984988034,,7.76163155963897,6.700646924972534,5.639662290306098,0.31668125377932377,-0.2025536992299733,0.06916054696806295,-0.08106409627879019,0.34709293837344823
42,6.895838304509482,6.913021927383746,6.499869227408681,6.884133338928223,890744000,54.20256208746365,0.13976836175866225,0.2020626491658058,-0.062294287407143545,6.750630354881286,,,6.724649732982337,,7.745214591228487,6.750630354881286,5.756046118534085,0.2946641081089653,-4.5531743592411695,0.02354967504928074,0.012131849180017529,0.35181149277356377
43,6.939916728422714,6.999685572996747,6.536227533507572,6.621647357940674,652792000,49.58538753552754,0.11537322402596661,0.18472476413783798,-0.06935154011187136,6.7826361656188965,,,6.714839982978369,,7.71544103198759,6.7826361656188965,5.849831299250203,0.27505673121523755,-10.29132223356542,-0.0381291250567809,0.015260490120172276,0.35978624611039317
44,6.728983670350237,7.094819196634212,6.654272242977344,7.085355758666992,597408000,56.61622907450773,0.13193641333577233,0.17416709397742486,-0.04223068064165253,6.829365229606628,,,6.75012719971062,,7.723718900820624,6.829365229606628,5.935011558392632,0.2619141431583711,-9.539174855427108,0.0700291597634295,0.06362866866640449,0.36788521700918925
45,6.885875600923197,7.052730474037817,6.761357053076483,6.805934906005859,540328000,51.91767087308312,0.12111973963874068,0.16355762310968802,-0.042437883470947346,6.857605934143066,,,6.755442219357786,,7.7105900122230295,6.857605934143066,6.004621856063103,0.24877022280708025,-11.417732837925833,-0.039436389953932505,0.08190808615830192,0.36475046619356927
46,6.626379453327108,6.683907250630591,6.425157325422228,6.625383377075195,515412000,49.08312853657137,0.09686188483732394,0.15021847545521522,-0.053356590617891275,6.872475934028626,,,6.74305566294992,,7.697935092901813,6.872475934028626,6.047016775155439,0.24022176775795712,-9.477636420198479,-0.026528541842405384,-0.014921898108091192,0.3658952600785737
47,5.974400377600928,6.460022945569988,5.931566248093233,6.112367153167725,614160000,42.05693679318502,0.03582823275997882,0.12734042691616795,-0.09151219415618914,6.865005373954773,,,6.682990090589711,,7.714783198419304,6.865005373954773,6.015227549490242,0.24756799978293192,-10.133619367604867,-0.07743193030649098,-0.11210796592162653,0.38931825071453
48,6.388796719236526,6.501859664916992,6.126063013801358,6.501859664916992,580648000,48.12810882261275,0.018672173149350435,0.10560677616280445,-0.08693460301345401,6.8628476619720455,,,6.665739573858976,,7.716076694044074,6.8628476619720455,6.009618629900017,0.24865160181243254,-0.31058929497063503,0.06372204123036251,-0.01809031598157096,0.389330697931297
49,6.361902064085401,6.390292375183355,6.040893330926484,6.138017654418945,499964000,43.538812678256384,-0.02400640627932571,0.07968413967437842,-0.10369054595370412,6.836375212669372,,,6.615480343436116,,7.743368916142376,6.836375212669372,5.929381509196368,0.26534345329441156,-7.858239326450332,-0.05595968372883853,-0.1337036750891779,0.3944475290783835
50,5.614790095414471,5.880263628706934,5.374220366042612,5.386921405792236,816540000,35.92341863977603,-0.1170869723172645,0.040329917276049836,-0.15741688959331435,6.76656129360199,,,6.498474730327175,,7.872345805808397,6.76656129360199,5.660776781395583,0.3268379503934925,-14.36659461313911,-0.12236788665571396,-0.20849648429070666,0.4208296547425227
51,5.740305863273722,6.002292944870884,5.4691047191350695,5.997810363769531,634836000,44.43598964442224,-0.1399471345617087,0.004274506908498128,-0.14422164147020683,6.729482054710388,6.404861755371094,,6.450792409702637,6.416551995969576,7.885037291844983,6.729482054710388,5.573926817575793,0.3434306615992086,-10.823097889046847,0.11340224071590166,-0.0947225205830593,0.4347255036236745
52,5.289798387628544,5.630730622604527,4.831321051825308,4.891089916229248,726972000,35.28928566604522,-0.24454807077282936,-0.04549000862776738,-0.199058062145062,6.613409924507141,6.383261985778809,,6.302249315086124,6.356729953626818,7.995685775752186,6.613409924507141,5.231134073262096,0.4180221298918071,-28.95126117660684,-0.18452074680879482,-0.1998042994366841,0.4869943470751423
53,5.003404879250918,5.500234162523847,4.756609277259598,5.410829544067383,833632000,41.39067918258595,-0.28225278756912253,-0.09284256441603841,-0.18941022315308412,6.514887475967408,6.373968448638916,,6.21735219403672,6.319635819918605,7.944284312868605,6.514887475967408,5.08549063906621,0.4388093707447937,-18.28574897485713,0.1062625379495834,-0.1678027790628327,0.5053250998029356
54,4.9832330905825595,5.228285443365078,4.499603118678141,5.050971031188965,874268000,38.67187046504781,-0.33728362611413587,-0.14173077675565793,-0.19555284935847794,6.375810384750366,6.356984996795655,,6.106268273765505,6.2698842595762665,7.80661033981842,6.375810384750366,4.945010429682313,0.44882136347411905,-28.71252759594343,-0.06650708730475141,-0.17710060225183333,0.5343180516305289
55,5.029553533106183,5.397381660894162,4.816129105879897,5.303743839263916,765512000,41.57494691129932,-0.35639105480166755,-0.18466283236485986,-0.1717282224368077,6.256838583946228,6.3436283779144285,,6.029837375241544,6.2319963999561745,7.627456584315848,6.256838583946228,4.886220583576609,0.4381183826242044,-22.07178128336701,0.05004439869366073,-0.015440649725998346,0.5376705161579386
56,5.453912435431713,5.7358224271216045,5.108498191771292,5.12393856048584,804636000,40.12009925171727,-0.38164326698300854,-0.22405891928848962,-0.15758434769451893,6.147082662582397,6.326451654434204,,5.943561297645763,6.188543151349495,7.511428351544563,6.147082662582397,4.782736973620231,0.4439002251481038,-22.66200657586965,-0.03390157674037109,-0.14569847165599226,0.5440743532431082
57,5.122942664733292,5.39115604913871,4.943884999796366,5.2967705726623535,643876000,42.213343076189155,-0.3832913836240177,-0.25590541215559526,-0.12738597146842245,6.0718403339385985,6.311417427062988,,5.881962180980676,6.153571677675489,7.449416676319608,6.0718403339385985,4.694263991557589,0.4537590801526962,-13.34338334179892,0.03373030533764365,0.0829427925843289,0.5371598315359106
58,5.702949978590255,6.292172088354584,5.679291623084315,6.205506801605225,1101644000,51.76170799878901,-0.30772287117780994,-0.2662689039600382,-0.041453967217771726,6.056009840965271,6.313910818099975,,5.91277595437349,6.155608349202146,7.4197318624260635,6.056009840965271,4.692287819504479,0.4503698168507031,-4.557970774282331,0.1715642043536929,0.14686791573561075,0.5698913804042192
59,6.320562481748163,6.520290281878685,6.068038833889912,6.11685037612915,793432000,50.8784404259664,-0.2520822657815476,-0.2634315763243401,0.011349310542792534,6.028777670860291,6.310818128585815,,5.932211613588315,6.15408842868948,7.364513251710628,6.028777670860291,4.693042090009953,0.4431198673344779,-0.3448552852329442,-0.014286734075150909,0.2110246402837288,0.5614885280888301
60,6.324047752504339,6.530250721317108,6.22592736148756,6.406230449676514,696108000,53.65815435580148,-0.1825320161905939,-0.24725166429759088,0.06471964810699699,6.0345553159713745,6.315852575302124,,5.977356264644334,6.1639763510811285,7.3757606798857305,6.0345553159713745,4.6933499520570185,0.44450843307862326,18.92192157821859,0.04730867288771057,0.207869505734954,0.5509108007387677
61,6.225927488151051,6.5526642311293,6.193054598613622,6.293914794921875,638828000,52.41830956479731,-0.1349205963354807,-0.22478545070516887,0.08986485436968816,6.012963843345642,6.319491901397705,,6.007504696099338,6.169071976329786,7.322495095931985,6.012963843345642,4.7034325907592995,0.4355693088145074,4.936875512787081,-0.017532253270768683,0.22833533630916536,0.5372464315799756
62,6.359411602587438,6.623391286850987,6.31533202177179,6.6141767501831055,602252000,55.570773213534004,-0.07053268296564408,-0.19393489715726392,0.12340221419161984,5.999466013908386,6.327863941192627,,6.0652829869644584,6.1865270655005045,7.277999341501045,5.999466013908386,4.720932686315728,0.4262157080742426,35.22909747041124,0.050884380500293425,0.2487187540876581,0.5224057216049139
63,6.65427114369263,6.85848196477575,6.418931160097484,6.564618110656738,949960000,54.96391589341173,-0.02323591657866597,-0.15979510104154435,0.13655918446287837,5.996614551544189,6.335070590972901,,6.11283871303039,6.201354165310553,7.269827966464934,5.996614551544189,4.723401136623444,0.4246440734106812,21.323690890510647,-0.007492790319671316,0.05786977929967296,0.5164875132530106
64,6.366632732890536,6.513066364473172,6.008766400221248,6.053343772888184,656912000,49.016824283786256,-0.026700665965520898,-0.13317621402633967,0.10647554806081877,5.945013952255249,6.3327187728881835,,6.107172528254942,6.1955498361959505,7.117188883841678,5.945013952255249,4.772839020668821,0.3943388328438699,19.845149289309365,-0.07788333291445737,-0.010382239115869107,0.5192992416231877
65,6.082482659115742,6.375350464934809,6.034418771617767,6.362151622772217,675764000,52.36906422321994,-0.004476687677116509,-0.10743630875649504,0.10295962107937853,5.922824788093567,6.33546293258667,,6.131456251542302,6.202083239591098,7.044693061879024,5.922824788093567,4.800956514308109,0.37882878995195246,19.955861662715456,0.05101442466676476,-0.006880618368407698,0.5065587024584631
66,6.324545131298273,6.366134274575781,5.936794627806533,6.074263095855713,663212000,49.126106641616715,-0.009979189026525503,-0.08794488481050114,0.07796569578397564,5.895268774032592,6.331080446243286,,6.126009284334055,6.1970706849348085,6.972960792238094,5.895268774032592,4.8175767558270906,0.36561251386959875,18.546758985333454,-0.045250183269140765,-0.034899058252803816,0.5010430556235193
67,6.356423114393711,6.72101361117626,6.298895318897043,6.6841559410095215,727884000,55.42382352671071,0.03447587806556918,-0.06346073223528707,0.09793661030085625,5.923858213424682,6.340080518722534,,6.179166108779337,6.2161720675259735,7.052216717236476,5.923858213424682,4.795499709612889,0.3809539199485568,26.193042521186953,0.10040606334123403,0.010580181550860157,0.5114507313161641
68,6.905797730864535,6.929456556150909,6.407723598526658,6.450807094573975,784520000,52.73404780452124,0.05029773629311496,-0.04070903852960667,0.09100677482272163,5.921305584907532,6.349530744552612,,6.205036678855016,6.225373441135699,7.044642016506925,5.921305584907532,4.797969153308138,0.3794218742780646,3.952945356619323,-0.03491074243254466,-0.017337035325483363,0.5121851760524561
69,6.5598854395602135,6.672948388475926,6.489905987863526,6.648044586181641,542444000,54.73373798886774,0.07785463040256602,-0.016996304743172132,0.09485093514573814,5.946806931495667,6.359057998657226,,6.247227908124219,6.2419487801571085,7.111075180151199,5.946806931495667,4.782538682840134,0.3915608029880029,8.684113185528648,0.030575630105815765,0.09824335699502362,0.49146775589884856
70,6.773807705410755,6.796718877583239,6.485422576323563,6.548429012298584,525564000,53.50258638755913,0.09061101584348652,0.0045251593741596,0.08608585646932693,6.0048823118209835,6.367802543640137,,6.275913727569397,6.253967612790108,7.167519409487829,6.0048823118209835,4.842245214154138,0.38723060246430546,2.219691653915614,-0.014984191605771358,0.02927899248103727,0.47859836628176483
71,6.488661761554823,6.728982602723563,6.40025370444109,6.720266342163086,398408000,55.36759842456043,0.11328055193774667,0.026276237886877014,0.08700431405086965,6.041005110740661,6.379849433898926,,6.318233024197367,6.272253837471402,7.244687151043612,6.041005110740661,4.83732307043771,0.3985038973606737,6.774027948157235,0.02624100063416357,0.10635088340972954,0.4678934042818154
72,6.848519500834208,7.105525657319947,6.820876370558097,7.071407794952393,530948000,58.987665389191726,0.1577619220125932,0.052573374712020254,0.10518854730057295,6.150021004676819,6.40358829498291,,6.389963954745465,6.30359320835301,7.311570633852251,6.150021004676819,4.988471375501386,0.3777384266792343,6.912894257877659,0.05225112144532695,0.057935789852979314,0.46199096934431866
73,6.903307468636154,7.076886433315747,6.857982919107444,6.993957042694092,366148000,57.872682548192934,0.18463573403339062,0.07898584657629433,0.10564988745709629,6.229177379608155,6.423836812973023,,6.447487105978667,6.330666299895798,7.394209318412316,6.229177379608155,5.064145440803993,0.3740564340383088,6.540196623781997,-0.010952663812372032,0.08419875841225855,0.4446275796917461
74,7.149357193306703,7.4462092792659,7.136158352257488,7.339123249053955,745620000,61.37653286518165,0.23112123018057584,0.10941292329715063,0.12170830688342521,6.3435849905014035,6.447603788375854,,6.5324048338906,6.370213631235334,7.4721703614155786,6.3435849905014035,5.214999619587228,0.3558194215428871,21.24081374536404,0.04935206268108616,0.1039521702830879,0.44517219804032193
75,7.421305667821515,7.442722969423419,7.145870875710724,7.279852867126465,539120000,60.44681895196971,0.2601795088865133,0.13956624041502316,0.12061326847149015,6.442390441894531,6.468378429412842,,6.603590360865444,6.405885758133025,7.534965589854666,6.442390441894531,5.349815293934396,0.3391831519105627,14.424385000028856,-0.008075948572621505,0.11169455352637958,0.43457790487406284
76,7.153340639411374,7.309237699908426,7.104280213903342,7.148608684539795,449388000,58.339469895556256,0.26951133651090053,0.16555525963419865,0.10395607687670189,6.543623948097229,6.484790935516357,,6.655496867882048,6.435012147403879,7.494840711699888,6.543623948097229,5.59240718449457,0.29073087669692754,17.686846482120206,-0.018028411422891133,0.06373889375325503,0.4181764463834215
77,7.030567313176255,7.091830043239888,6.6520307684707305,6.711799621582031,735160000,51.85930602204999,0.23890607579251188,0.1802254228658613,0.05868065292665059,6.614375400543213,6.493791360855102,,6.660859034901094,6.445866558155964,7.375636330008004,6.614375400543213,5.853114471078421,0.23018376894733614,0.41357025204793,-0.06110406685184,-0.05085383049568315,0.4237765513609674
78,6.904055247287236,7.169030984977875,6.858481793507247,7.126196384429932,483356000,56.7656890442923,0.24526231043357782,0.1932328003794046,0.05202951005417322,6.660409879684448,6.50541501045227,,6.705176877713364,6.472546159186316,7.4285237692348405,6.660409879684448,5.892295990134056,0.23065063665024266,10.469841679563682,0.06174152778867126,0.018907657128660382,0.42616618079203
79,7.168284222501299,7.300273585870351,7.047749973310746,7.072902679443359,424160000,55.97557118415386,0.243195904578692,0.2032254212192621,0.039970483359429904,6.708212494850159,6.51352373123169,,6.74019838264003,6.4960895521375726,7.453730611627372,6.708212494850159,5.962694378072945,0.22227027463710838,6.390722681746326,-0.007478562491347263,-0.03627416526148575,0.4137631402039997
80,7.062692442567916,7.213857577547646,6.987981026144072,7.211865425109863,352328000,57.63155337858332,0.2498908095651693,0.21255849888844355,0.03733231067672574,6.748494243621826,6.522097043991089,,6.785119053351443,6.524159194214917,7.511253320275139,6.748494243621826,5.985735166968513,0.22605311618194415,10.131230125046503,0.0196472017168261,-0.009339123091843149,0.4003426695753979
81,7.346345919337004,7.558276460300396,7.321691013396195,7.398394584655762,479388000,59.81650903200336,0.26716816597629656,0.22348043230601417,0.04368773367028239,6.803718233108521,6.535277032852173,,6.843526246808997,6.558442935016519,7.586500609364429,6.803718233108521,6.020935856852613,0.23010428987100082,10.090794143650015,0.0258642041345436,0.03494189025287886,0.39649040997647894
82,7.545824293467083,7.575708955867215,7.2504665488320335,7.255945205688477,442904000,57.38273722318818,0.2662964216403161,0.23204363017287455,0.034252791467441535,6.835806655883789,6.536145286560059,,6.882804242892757,6.585795965238948,7.637271710186148,6.835806655883789,6.0343416015814295,0.23449026417753163,2.609627617117595,-0.019254093214050028,0.08107297815577308,0.39140126690924343
83,7.390674242239296,7.485557509288624,7.315465024460151,7.432761669158936,379160000,59.58105556433688,0.2766837310369459,0.24097165034568882,0.03571208069125706,6.879213833808899,6.537174949645996,,6.935181140632393,6.619010306569145,7.71070160464416,6.879213833808899,6.047726062973639,0.2417391844250553,6.274053783662015,0.024368494862921475,0.043019483072178843,0.3798449123871651
84,7.378719919459996,7.432761207771486,7.264910261127515,7.27885627746582,375916000,56.833024622011045,0.26939149226919135,0.24665561873038933,0.02273587353880202,6.940489459037781,6.526101818084717,,6.9679121060451,6.644886619153328,7.696719350743477,6.940489459037781,6.184259567332084,0.2179183171933061,-0.8211739950804539,-0.020706353646683162,0.029118681163398996,0.3647025192188977
85,7.081369380151772,7.194681234845582,6.993957405102291,7.042270660400391,342096000,52.801417578494835,0.24173528455397353,0.24567155189510617,-0.003936267341132643,6.9744954109191895,6.513283634185791,,6.974993873126556,6.66047030704537,7.68332189326495,6.9744954109191895,6.265668928573429,0.20326244139067903,-3.2635578089623354,-0.03250313071819555,-0.023516074512287433,0.3590022587292285
86,6.99495232771347,7.267897095108042,6.99495232771347,7.254199981689453,317556000,55.82447591696682,0.23421854021264377,0.2433809495586137,-0.00916240934596993,7.033492255210876,6.511986494064331,,7.001584931084928,6.683753823698079,7.618364682919863,7.033492255210876,6.44861982750189,0.16631067654213286,1.477088784815137,0.03009389038123289,-0.019489985471357163,0.35285529506246727
87,7.358299567249931,7.477837263737754,7.254201764682971,7.315216064453125,368896000,56.684671375481805,0.2305275757188161,0.2408102747906542,-0.010282699071838097,7.065045261383057,6.522258472442627,,7.03145456283428,6.708517048825728,7.6391183201090636,7.065045261383057,6.49097220265705,0.16251079433668786,8.990382265447655,0.008411138777216554,0.008168592386582851,0.3436254369900268
88,7.394658405012081,7.520920200232866,7.3568046614743645,7.416075229644775,323464000,58.13582600488409,0.2330544449116605,0.23925910881485546,-0.006204663903194962,7.113308668136597,6.540137643814087,,7.068085102530517,6.736264428465691,7.632374322596389,7.113308668136597,6.594243013676804,0.14594211461254275,4.067791982946215,0.013787585261050062,-0.0022449851423863576,0.3337739154750064
89,7.555285882248826,7.655647783300985,7.5039844055945135,7.592392444610596,373732000,60.61962236282552,0.24644348555960427,0.24069598416380522,0.005747501395799048,7.160526061058045,6.558755617141724,,7.118019135109573,6.769838076157648,7.673479611242876,7.160526061058045,6.647572510873213,0.1432725880224049,7.344788818840646,0.023775003557274577,0.043074922102176005,0.32704524677366376
90,7.664116946015508,7.788635500703007,7.630247978940607,7.78240966796875,339216000,63.15659702148268,0.26928307100112736,0.24641340153126967,0.02286966946985769,7.222225093841553,6.588590259552002,,7.181294423953304,6.809546766032594,7.722534544832026,7.222225093841553,6.72191564285108,0.13854717749439596,7.911188149357283,0.025027318430179024,0.10509948328601704,0.3177022331535743
91,7.777428609621731,8.081254179162244,7.748789399788098,8.034435272216797,469060000,66.26117509228058,0.3042131867599869,0.25797335857701315,0.04623982818297373,7.2879335403442385,6.614764080047608,,7.262545933311732,6.8575816094123665,7.848811159863109,7.2879335403442385,6.727055920825368,0.1539195209215308,8.59700953069171,0.03238400636827787,0.10755635252636542,0.31875670074075796
92,8.092210821639759,8.141021876961775,7.762734773214537,7.772447109222412,493060000,60.549360539700835,0.3072139289901967,0.2678214726596499,0.03939245633054683,7.322985506057739,6.632530355453492,,7.31110795006513,6.89345868783629,7.912258908543842,7.322985506057739,6.733712103571635,0.16093802234038104,7.118326956617743,-0.03260816150953927,0.06250410661020833,0.32300887238407794
93,7.887005024962632,8.047384694158001,7.565498035666604,7.750034809112549,625852000,60.072294362327256,0.3042760486319933,0.27511238785411857,0.029163660777874745,7.360789394378662,6.655098104476929,,7.352910508069646,6.927049908278496,7.957739042587,7.360789394378662,6.763839746170324,0.1621971819120978,4.268576796563878,-0.002883557751492405,0.045031848939829366,0.3343572856774579
94,7.811548018999837,8.005049980807382,7.657891961103675,7.999571323394775,602312000,63.5187387094382,0.31841280392221716,0.2837724710677383,0.03464033285447887,7.393811798095703,6.673382415771484,,7.414497252386325,6.969109571616389,8.052220145630816,7.393811798095703,6.7354034505605895,0.1780971346078049,9.901487520232735,0.032198115289600926,0.05362985142755794,0.33527162382218995
95,7.859364105594001,8.46776163866549,7.843674832176776,8.458049774169922,987660000,68.84051582372467,0.3624337529559112,0.2995047274453729,0.0629290255105383,7.452721643447876,6.706424713134766,,7.513883206841906,7.027499383481234,8.254933111167226,7.452721643447876,6.6505101757285265,0.21528013686774972,20.104014486842186,0.05731287743310998,0.08681631204561313,0.3559012797269416
96,8.726757624174741,8.882156904458133,8.64706583172189,8.716547012329102,774460000,71.37588157431185,0.41341366361374465,0.32228651467904723,0.09112714893469742,7.531118559837341,6.748247985839844,,7.628422616888305,7.093736545396837,8.490239463161481,7.531118559837341,6.5719976565132,0.25470875161600326,20.15862582132838,0.03056227440852921,0.08489852951719667,0.3607731261956037
97,8.756393994968642,9.052498925226844,8.728999759788941,8.771585464477539,717320000,71.9001448403501,0.45303445403142373,0.34843610254952256,0.10459835148190116,7.634107851982117,6.8014323520660405,,7.737295269039661,7.159534542223531,8.65928132695704,7.634107851982117,6.608934377007195,0.26857715265543347,19.908768069084918,0.0063142494465513455,0.128548749346856,0.35900018238861364
98,8.956371488894293,9.008171257365325,8.854515204256534,8.935452461242676,587536000,73.45879250100627,0.49198560918287537,0.3771460038761931,0.11483960530668225,7.724570655822754,6.850104207992554,,7.851405477820901,7.229178382185066,8.867090382091593,7.724570655822754,6.5820509295539145,0.29581442831586036,20.487618916329108,0.018681571014584675,0.1529564294003305,0.3502562974242688
99,9.016636148107676,9.01763174915092,8.70384547034908,8.741450309753418,761068000,68.60689757739136,0.5014202672689692,0.4020008565547484,0.09941941071422078,7.8079980373382565,6.902172861099243,,7.936171652290664,7.288483163658335,8.990954261716505,7.8079980373382565,6.625041812960008,0.30301140413234984,15.13433181339925,-0.02171150843572134,0.09273984271994862,0.34765129609409534
100,8.791259527464495,9.05797903478298,8.679691377999005,8.991485595703125,1038764000,71.2431575693182,0.5230437371014238,0.4262094326640835,0.09683430443734031,7.89697904586792,6.974264144897461,,8.036677742139469,7.355267572758131,9.152673551377863,7.89697904586792,6.641284540357978,0.31801895337862957,15.53600978769793,0.028603409856454265,0.06306841834417498,0.34983960757194393
101,9.121480921476104,9.146385199656716,8.638598225066781,8.684171676635742,770780000,64.11644787990326,0.5095095192143368,0.4428694499741342,0.06664006924020266,7.961267900466919,7.027991371154785,,8.098343831139115,7.4073814591847045,9.239725415779745,7.961267900466919,6.6828103851540925,0.32116932410674087,8.086895748177149,-0.03417832523851705,-0.003714238636878364,0.3611215623589433
102,8.591779842948718,8.599499552152,7.96594949684625,8.492414474487305,1175892000,60.07799103073123,0.4778025401375201,0.4498560680068114,0.02794647213070872,8.023091363906861,7.100017862319946,,8.135874368600847,7.449931773510297,9.278516539613411,8.023091363906861,6.767666188200311,0.3129529800331773,9.263071914772041,-0.022081231151193093,-0.031826742282885845,0.3866287493182683
103,8.379849331386758,8.72675841529531,8.346976440269852,8.454312324523926,734896000,59.27902280237843,0.4444763589248444,0.448780126190418,-0.0043037672655736325,8.07416889667511,7.160887517929077,,8.166201792974473,7.4893192460990665,9.312372913813611,8.07416889667511,6.835964879536607,0.30670748481577753,9.087410995667815,-0.0044866097948756956,-0.053846197358856096,0.3861396940116389
104,8.52155059993802,8.841314315795898,8.452318320725862,8.841314315795898,745256000,64.45030655896035,0.4441727990571245,0.44785866076375935,-0.0036858617066348742,8.152291798591614,7.236694383621216,,8.230498223719371,7.5423386605969815,9.37700989807549,8.152291798591614,6.927573699107737,0.3004598289024587,10.522351240740145,0.045775691317834655,0.011424191925115235,0.38634371551581015
105,8.799230539284187,8.806701350524737,8.656033973831253,8.772334098815918,389876000,62.91660279978081,0.4333704736004549,0.4449610233310985,-0.011590549730643607,8.23879497051239,7.306066188812256,,8.282101640395233,7.5905737758212535,9.379174001168955,8.23879497051239,7.098415939855827,0.2768315110979491,3.715801313983638,-0.007802031973542678,-0.0243732244860555,0.37198204597644124
106,8.762370225061078,8.80321172202104,8.624652366711704,8.791257858276367,391320000,63.17549617934767,0.42147800599335206,0.44026441986354925,-0.018786413870197194,8.315647864341736,7.379412574768066,,8.330592708764865,7.637659426113611,9.385225563468678,8.315647864341736,7.246070165214794,0.2572445867298902,0.8571151608726602,0.002157209158621054,0.012331191232519467,0.3581661395002194
107,8.788270910721511,8.832101115137124,8.666491209530859,8.735723495483398,365440000,61.81169475250132,0.40292728583913373,0.43279699305866615,-0.029869707219532415,8.38667323589325,7.4481916332244875,,8.369176593214249,7.680720762167328,9.365927028729256,8.38667323589325,7.407419443057242,0.23352615877413718,-0.4088424964833501,-0.0063169985101377835,0.028650158529948788,0.3444121227935084
108,8.698349139572496,8.912867912730361,8.648020780578813,8.736719131469727,424280000,61.8276049424421,0.38388090584440704,0.4230137756158143,-0.039132869771407286,8.452705430984498,7.498815879821778,,8.404180644476675,7.722132462924285,9.334516814152531,8.452705430984498,7.570894047816465,0.2086459513744885,-2.2240992343135457,0.00011397292815451543,0.033403876756079365,0.33872890917622556
109,8.764624637150327,8.966436118041159,8.678418318204127,8.889698028564453,481748000,64.2894310453235,0.376787261960434,0.4137684728847383,-0.036981210924304286,8.51757071018219,7.554272832870484,,8.450420395342178,7.76791934785135,9.324370633872297,8.51757071018219,7.710770786492081,0.18944366912637006,1.6959167364438976,0.017509879257042282,0.005472457039799261,0.3351066870805689
110,8.847095164462296,8.859552513936833,8.6562459473122,8.775091171264648,387736000,61.10975923547813,0.3577932644666184,0.40257343120111433,-0.04478016673449592,8.567204785346984,7.601650047302246,,8.481341421620508,7.807416282102852,9.306287295743532,8.567204785346984,7.828122274950436,0.17253760798636356,-2.4066593015717856,-0.01289209790158774,0.000314291774307085,0.3278456438071177
111,8.770106557565944,9.078803940290417,8.721522237530877,9.015270233154297,468488000,65.0148867720891,0.35799409456418196,0.39365756387372786,-0.03566346930954589,8.61624653339386,7.656077156066894,,8.532191784623725,7.8547831037127125,9.33736125606124,8.61624653339386,7.89513181072648,0.16738488618508443,3.81266710110483,0.02737054888684809,0.02548126542176643,0.32994821944657643
112,9.136606093088256,9.4677270311021,9.12240374979745,9.33492946624756,632180000,69.41655926664107,0.3795716171430552,0.39084037452759335,-0.011268757384538142,8.694370651245118,7.710492210388184,,8.608642992397424,7.9128280591062365,9.37001439615521,8.694370651245118,8.018726906335026,0.1554209665108614,9.920794543075091,0.035457532034668615,0.06859259809149942,0.3386988321966641
113,9.118917422183276,9.229789434182624,8.756154547254663,8.766369819641113,583652000,55.93621507363546,0.3467962955921635,0.38203155874050737,-0.035235263148343854,8.745187401771545,7.754527244567871,,8.62366459499206,7.946300285009565,9.26369279325998,8.745187401771545,8.226682010283112,0.11858073879203511,3.6911044108458566,-0.06090668908235419,0.003393801234216731,0.3558471241106807
114,9.13137603070364,9.156041713433336,8.67368562111554,8.902156829833984,570908000,58.032350880629046,0.3279975425338648,0.3712247554991789,-0.043227212965314066,8.790316677093506,7.811503505706787,,8.650187664977006,7.983784855394837,9.183305796587536,8.790316677093506,8.397327557599475,0.0894140982470205,0.6881614188219127,0.015489537058845038,0.001401487567912696,0.36488347898261747
115,8.785305003482147,9.151057932425964,8.714047113327261,9.142586708068848,400004000,61.52261329130193,0.32871090244670853,0.36272198488868485,-0.034011082441976315,8.824543523788453,7.8671122074127195,,8.697082811938133,8.029228065303622,9.215047193285894,8.824543523788453,8.434039854291012,0.08850399308355265,4.220685225644861,0.02700804791812983,0.041879398131795975,0.3700354318480521
116,9.193663162244484,9.235271292358194,8.808724754785406,9.037693977355955,535716000,59.209092119184916,0.317156298191108,0.3536088475491695,-0.03645254935806147,8.840600872039795,7.926380825042725,,8.729521970549355,8.068775748129204,9.238364289202858,8.840600872039795,8.442837454876733,0.0899856068428721,2.80319520883562,-0.011472981778813063,0.0024873069383093416,0.374071939399819
117,9.082792693598256,9.267412763702255,9.039439558030717,9.20462703704834,408304000,61.67887405482475,0.3178058261350749,0.3464482432663506,-0.028642417131275688,8.862252950668335,7.976790246963501,,8.774770072120686,8.113318935929954,9.288739609854131,8.862252950668335,8.435766291482539,0.09624790932053759,5.3676554873488955,0.018470758150324285,-0.013958587439825587,0.3637609998959962
118,9.195656722193018,9.250968222748895,9.083538687223704,9.186687469482422,254408000,61.24968032894778,0.31326192011856513,0.3398109786367935,-0.026549058518228363,8.874814701080322,8.03150785446167,,8.814000300440851,8.155411819598678,9.323412068326018,8.874814701080322,8.426217333834625,0.10109447517616095,5.150312505662521,-0.0019489727822443736,0.04794660258338457,0.34973732386951006
119,9.211103234912088,9.41291472763272,9.195904834357798,9.229788780212402,524160000,61.935019771193204,0.30957022457846506,0.33376282782512784,-0.02419260324666278,8.89923162460327,8.083142738342286,,8.853599203276238,8.197544249426667,9.368804793000704,8.89923162460327,8.429658456205837,0.10553117127533289,3.8256727118870266,0.00469171405614488,0.036803659679463196,0.3409151763181377
120,9.26840846511835,9.498872728106782,9.241748771132274,9.49438762664795,398468000,65.91988502783494,0.3242576050011241,0.3318617832603271,-0.007604178259203009,8.924376726150513,8.142061910629273,,8.914626672168781,8.248400852454953,9.460203032213162,8.924376726150513,8.388550420087864,0.1200815076514089,8.197025436484862,0.02866792000731544,0.03847936364318172,0.33578437428786934
121,9.518555877885476,9.609745343124262,9.375543956112791,9.417899131774902,375108000,63.839376404000866,0.3259679222084806,0.33068301104995784,-0.004715088841477255,8.96106309890747,8.196014566421509,,8.962557382607459,8.294263530075343,9.525774928332597,8.96106309890747,8.396351269482343,0.1260367934456295,4.466076869663974,-0.008056179911842487,0.04206882368130138,0.3285284466252694
122,9.444058844499436,9.52403697253175,9.113435883941849,9.204127311706545,449372000,58.30116726127959,0.3065401574827682,0.32585444033651995,-0.019314282853751752,8.996648740768432,8.238668956756591,,8.985564042521657,8.329944462688331,9.52742537395851,8.996648740768432,8.465872107578354,0.11799429954064036,-1.4012120285853136,-0.02269846141663545,-5.4290667050760355e-05,0.33439077819417173
123,9.32396813027202,9.4727111509283,9.15105745767166,9.457761764526367,376072000,62.46212129011935,0.3080585869683894,0.32229526966289385,-0.014236682694504454,9.046821212768554,8.287945051193237,,9.030535254141153,8.374172592172176,9.552146863228764,9.046821212768554,8.541495562308345,0.11171341592271103,7.886867188014192,0.027556599798139514,0.029507294761516256,0.3334809864129194
124,9.467729712336192,9.467729712336192,9.094003539480816,9.1239013671875,592084000,54.721616547091614,0.2791048622823027,0.3136571881867756,-0.034552325904472936,9.060950565338135,8.323640613555908,,9.039427264907472,8.40357372060415,9.55824033166887,9.060950565338135,8.563660799007401,0.10976547388594576,2.49090800793779,-0.03530014877210075,-0.011472354952684616,0.33635564258738054
125,9.138602963610374,9.173234911716186,8.869768640938407,9.168749809265137,342248000,55.51904872649723,0.2568172914571498,0.3022892088408505,-0.045471917383700655,9.080771350860596,8.361418552398682,,9.05174369770344,8.433580626041836,9.561801391493258,9.080771350860596,8.599741310227934,0.10594475337980498,0.2861673838236464,0.004915489577619336,-0.034297927384894566,0.3340064017438376
126,9.282360571198074,9.49388931691423,9.23502227034489,9.465486526489258,367892000,60.47861410276307,0.26010013174071034,0.29385139342082245,-0.03375126168011211,9.11448278427124,8.40775610923767,,9.091147776635422,8.474047524098598,9.604055657105098,9.11448278427124,8.624909911437383,0.10742746120025766,4.733425918216988,0.0323639234788875,0.005052867316639675,0.33337305216564156
127,9.48840613314034,9.543219591160486,9.381022242501066,9.497624397277832,326648000,60.98597939850892,0.26227175833072813,0.2875354664028036,-0.025263708072075453,9.152577829360961,8.463472604751587,,9.129859835744224,8.514187793635038,9.63687572046528,9.152577829360961,8.668279938256642,0.10582764771488055,3.18315298436522,0.0033952687691896077,0.03188755170715574,0.3211462162009115
128,9.606259084489116,9.70442475980624,9.545715426810109,9.57960033416748,364056000,62.31493902202791,0.2675237142049216,0.2835331159632272,-0.01600940175830562,9.194721889495849,8.512540683746337,,9.172692264165486,8.555968677577487,9.673597565125096,9.194721889495849,8.715846213866602,0.1041631669526231,4.276980859426095,0.008631204337070209,0.012882389372303571,0.3129786552243042
129,9.70865754167774,9.875090068802235,9.679506757953977,9.805826187133787,315892000,65.77928085628186,0.28663629794178824,0.28415375235893947,0.002482545582848772,9.240528297424316,8.567199153900146,,9.23299073301961,8.604982697560088,9.766846438904302,9.240528297424316,8.714210155944329,0.11391516254036935,6.241068139677719,0.023615374866885475,0.07474048573110514,0.31172944661076496
130,9.912463798097562,10.035793168745377,9.81728820722433,9.838216781616213,357800000,66.25756860586253,0.3009278990283377,0.2875085816928191,0.013419317335518599,9.293684577941894,8.619726181030273,,9.29063130907643,8.653344818503465,9.835743971885643,9.293684577941894,8.751625183998145,0.11665112784875446,3.62139369582127,0.0033031989211602664,0.07301616755586138,0.3058892705393953
131,9.959799470385146,10.19026464253434,9.931645698056236,10.181294441223145,365480000,70.89728868730616,0.33606366305022384,0.2972195979643001,0.03884406508592375,9.351985788345337,8.675384178161622,,9.37545636928088,8.713264411551295,10.001831621160145,9.351985788345337,8.702139955530528,0.1389749401939129,8.105791947512314,0.034871935353977035,0.07562293947920073,0.3091863127093047
132,10.34498750544066,10.534092629423608,10.198735577365294,10.473299980163574,494548000,74.15475140846448,0.3830557871076312,0.31438683579296633,0.06866895131466488,9.408904314041138,8.739731273651124,,9.48001290365066,8.782285414241972,10.22177063262442,9.408904314041138,8.596037995457856,0.1727866054223172,13.789168983384165,0.02868059072706175,0.1027283815482729,0.31230144667295884
133,10.55278204256636,10.619055866576208,10.343495332100384,10.44365406036377,497676000,73.25822942299752,0.41314275352632635,0.3341380193396384,0.07900473418668796,9.49276852607727,8.799949121475219,,9.571788251909052,8.847437125854592,10.366948210037924,9.49276852607727,8.618588842116617,0.1841780259487468,10.424160815037983,-0.00283061879789126,0.0901972625219527,0.3096770958017349
134,10.559008288759603,10.755587630848778,9.990943973478354,10.018101692199709,457076000,61.72265275958216,0.3980597861258772,0.34692237269688614,0.051137413428991085,9.548565769195557,8.854734029769897,,9.614294293841494,8.893345540221068,10.407150268490133,9.548565769195557,8.689981269900981,0.17983527998821325,9.800635594637644,-0.040747459242176154,0.02164789595643124,0.3421747073423556
135,10.040773187685677,10.367409966137345,9.752256436557058,10.341747283935549,542676000,66.09529752989366,0.4075242345275196,0.35904274506301287,0.048481489464506755,9.608523797988891,8.920723562240601,,9.68357553099331,8.950145608602028,10.511657821825981,9.608523797988891,8.7053897741518,0.1879860096773909,12.79342875606752,0.032306079702488555,0.051181074121098735,0.361673194645065
136,10.37887374260071,10.397559289542263,10.021591068209313,10.192508697509766,403984000,62.547116479823785,0.39839017741190474,0.36691223153279123,0.03147794587911351,9.666264533996582,8.979489736557007,,9.73204535637583,8.998865729735666,10.563679393680916,9.666264533996582,8.768849674312248,0.18567976420014065,7.680769171092569,-0.014430693607994538,0.001101456828634273,0.36269426797991394
137,9.980978547691462,10.172076731074126,9.861884339535033,10.100321769714355,344964000,60.3904817107442,0.37933986289705324,0.36939775780564366,0.009942105091409581,9.711049270629882,9.035191850662232,,9.767119300503309,9.042060084244634,10.601212200041719,9.711049270629882,8.820886341218046,0.18332991721173678,6.345769712784873,-0.009044576809429938,-0.035612291365246795,0.36040356012240105
138,10.190762048808836,10.213683677525731,10.053480339910656,10.16684341430664,266284000,61.424108137300856,0.3653980113455191,0.36859780851361873,-0.0031997971680996495,9.760057067871093,9.090207214355468,,9.805188263722673,9.086169234443144,10.637178259451144,9.760057067871093,8.882935876291043,0.17973689815143096,6.130141755962878,0.006586091622521328,-0.026505152742246962,0.3461035442290206
139,10.239348798460751,10.495475748934792,10.122247637300884,10.475045204162598,284852000,65.86817347591885,0.37489672614299074,0.36985759203949314,0.0050391341034976,9.822319889068604,9.14786026954651,,9.86898416281219,9.140634958745867,10.716657445438202,9.822319889068604,8.927982332699006,0.18210312155785485,6.824708130222539,0.03031440313345035,0.045611786144941435,0.34804101332936976
140,10.477288085807832,10.524129314223586,10.251806935143245,10.293415069580078,277036000,61.38039346781129,0.36357739821256985,0.3686015532741085,-0.005024155061538638,9.86227126121521,9.198080377578735,,9.909406153932942,9.185842021915837,10.765782985688402,9.86227126121521,8.958759536742017,0.18322589199637643,4.626837343271937,-0.01733931749624751,-0.00467350564933533,0.3426325394544391
141,10.332281869444875,10.56648323144531,10.256539828820165,10.403289794921877,367292000,63.021728093827086,0.3593305820754029,0.3667473590343674,-0.007416776958964477,9.91154079437256,9.245457468032837,,9.956442691169983,9.233585071837643,10.820204858561581,9.91154079437256,9.002876730183537,0.18335475443029625,2.1804236679364957,0.010674273270735002,0.020680001721618213,0.34029760110948964
142,10.41450047001696,10.51117107626877,9.99717318149924,10.095338821411133,411660000,55.85647882434891,0.3273424794420041,0.35886638311589475,-0.03152390367389063,9.956101369857787,9.291915302276612,,9.969670894050092,9.2673793365268,10.807216742680614,9.956101369857787,9.10498599703496,0.1709736253589359,-3.608806770247197,-0.02960130685401685,-0.0004933455009487053,0.35270476494234965
143,9.841457339152765,10.329543701769245,9.743790644012227,10.159872055053713,473292000,56.96079086555921,0.3036981273053634,0.3478327319537885,-0.04413460464842511,9.991206884384155,9.340112047195435,,9.98778529033615,9.302379050978836,10.81467747598738,9.991206884384155,9.16773629278093,0.16483906321473055,-2.7172673823722215,0.006392379174605889,-0.0006856955466746362,0.3693510715719688
144,10.19749267897111,10.406280397838827,10.18304131757804,10.386099815368652,292132000,60.674799685547725,0.2997590616131163,0.33821799788565404,-0.03845893627253777,10.054316806793214,9.387842617034913,,10.025720007005912,9.344877904484319,10.791145606017169,10.054316806793214,9.317488007569258,0.14656964036106682,3.673331879386632,0.02226679224788164,-0.008491169924364605,0.3605694480871935
145,10.33900883154469,10.346732063604907,10.174569378566789,10.180797576904297,271636000,55.95573705637932,0.27687945480735365,0.325950289269994,-0.04907083446264032,10.104919195175171,9.4222975730896,,10.040489299377187,9.377659068108631,10.720571668690374,10.104919195175171,9.489266721659968,0.12185203297996891,-1.5563105789798648,-0.019767019585211654,-0.010940731711926888,0.3499238044239557
146,10.355454677805932,10.480528106234312,10.311853477699913,10.429950714111328,284508000,60.01970898653077,0.2756739794540266,0.3158950273068005,-0.04022104785277392,10.153142404556274,9.456565647125244,,10.0775808626852,9.41892540716756,10.709092336256214,10.153142404556274,9.597192472856333,0.10951287976625937,2.3295738433814073,0.02447285051342618,0.0025627392598892573,0.3463385704886742
147,10.339754450435084,10.586912098872975,10.260275313229233,10.577942848205566,308880000,62.24793393999885,0.2833935752222825,0.30939473688989694,-0.02600116166761446,10.207158327102661,9.492692794799805,,10.125234385115712,9.464377071521993,10.704712101899608,10.207158327102661,9.709604552305715,0.09749114471474628,4.728770918203316,0.014189149896366215,0.047804638886500994,0.34493130014260764
148,10.527367058329665,10.72992751603733,10.39755953016606,10.578692436218262,386080000,62.259407296337656,0.28627193134689044,0.30477017578129567,-0.01849824443440523,10.2571129322052,9.525557594299316,,10.168420866173099,9.508075713274788,10.688876317033962,10.2571129322052,9.825349547376437,0.08418809224048135,4.050903561001765,7.086330711492117e-05,0.0412229975825551,0.3440339205517979
149,10.696042378108976,11.061048285507654,10.678850914559442,10.972848892211914,412720000,67.80087191263772,0.3167073757249579,0.30715761577002815,0.009549759954929737,10.315464067459107,9.570185565948487,,10.245033059129177,9.565517798723304,10.799740691064907,10.315464067459107,9.831187443853308,0.09389332761741388,4.752282003055204,0.03725946834829785,0.05649368745474881,0.35391405831876893
150,11.012463703459618,11.18960952758789,10.86895281349992,11.18960952758789,310336000,70.37685750769684,0.35423505518819454,0.3165731036536614,0.03766195153453311,10.38303370475769,9.614148044586182,,10.334992722791911,9.629207670443485,10.9518344496203,10.38303370475769,9.81423295989508,0.1095634977284097,8.70648324146879,0.019754271429895054,0.09908967770581545,0.35153853373085475
151,11.205804134027222,11.333119607322317,11.128318048466182,11.248408317565918,249924000,71.05336111769125,0.3842907182965192,0.330116626582233,0.054174091714286166,10.436389398574828,9.665432777404785,,10.421984684198959,9.692705735036522,11.110022729930796,10.436389398574828,9.762756067218861,0.12909317688892621,8.123569940890873,0.0052547669186364665,0.07847185723967498,0.3410573212398033
152,11.31119465090716,11.31941686149948,11.14077600653465,11.296993255615234,244316000,71.62988595293504,0.4073349426469015,0.34556028979516673,0.06177465285173478,10.477574062347411,9.721524353027343,,10.505318833857652,9.755618971137649,11.248840864781833,10.477574062347411,9.70630725991299,0.14722240049938162,11.903061952269708,0.004319272263031637,0.06797639368335662,0.3294561450773052
153,11.274072170779698,11.465669360906174,11.000006708128012,11.161456108093262,342516000,67.58583224591806,0.4099354605818082,0.35843532395249506,0.05150013662931313,10.513464164733886,9.77566722869873,,10.567808098070568,9.810749839253555,11.339907689683997,10.513464164733886,9.687020639783775,0.15721621570220665,9.858234903079731,-0.011997630206126098,0.05508844078685882,0.3391851813416521
154,11.295747876802205,11.369495904917777,10.81962002324754,11.12707233428955,427796000,66.55920993972987,0.4045584090811474,0.3676599409782255,0.036898468102921855,10.568912696838378,9.821382389068603,,10.621071358662851,9.862370329254967,11.40374018943302,10.568912696838378,9.734085204243737,0.1579779333108456,7.134271113247507,-0.0030805813749318345,0.01405500463850351,0.3542345170794082
155,11.036131858187444,11.098918523004569,10.759076349780807,10.813142776489258,354512000,57.91007785272035,0.37069245347597857,0.36826644347777615,0.0024260099982024164,10.592482471466065,9.862198562622071,,10.63936387464632,9.899655523264155,11.426942564391574,10.592482471466065,9.758022378540556,0.15755704013169156,6.211155803936924,-0.02821313175370288,-0.0336443153061291,0.35521747903864637
156,10.953413191915978,11.428044999705826,10.921023332854274,11.401386260986328,464412000,66.65418241134587,0.3868602881215413,0.3719852124065292,0.014875075715012065,10.652926349639893,9.91440113067627,,10.71193743525013,9.958546924743455,11.536430204311712,10.652926349639893,9.769422494968074,0.1658706397987412,9.31390352171736,0.054400787694773856,0.0135999635772035,0.37376638933706935
157,11.50677883510985,11.681932558558554,11.317175651807055,11.404129028320312,374460000,66.6889314113088,0.39533752704004677,0.37665567533323274,0.018681851706814023,10.71811671257019,9.967769241333007,,10.777860444113957,10.015236419001372,11.621093266022395,10.71811671257019,9.815140159117984,0.16849537613136759,7.810461750177631,0.00024056437271746667,0.009483565253243453,0.37312285486667146
158,11.490833384099655,11.664990101368057,11.401637932009832,11.524718284606934,366436000,68.25523996847281,0.407093623252166,0.38274326491701943,0.024350358335146594,10.786010456085204,10.023529224395752,,10.848989762256146,10.074431786280021,11.716746285296294,10.786010456085204,9.855274626874115,0.17258203726030896,8.94274839818354,0.01057417501916702,0.03254612776287025,0.3652820916160681
159,11.810990587312569,12.3675936323148,11.777106641549244,12.295090675354004,621300000,76.01441903313365,0.47311920418163034,0.40081845276994166,0.07230075141168868,10.877012729644775,10.091637077331542,,10.986713658741657,10.161516448596648,12.003630798318554,10.877012729644775,9.750394660970997,0.20715578747154262,12.05012295467373,0.06684522534282022,0.10497085899810776,0.3993958956226252
160,12.407707107828925,12.453551324655562,12.045193262326691,12.21909999847412,503448000,74.09065652859039,0.5133950417492645,0.42333377056580623,0.0900612711834583,10.973296976089477,10.160517253875732,,11.104083786335224,10.242205999572235,12.207925685407671,10.973296976089477,9.738668266771283,0.2250242041217726,9.200414619902762,-0.006180570675433206,0.1300229961858821,0.400036050387357
161,12.254730435791068,12.273166969973811,12.056904085940626,12.097267150878906,622624000,70.98871535304515,0.5293806697590551,0.444543150404456,0.08483751935459904,11.05799584388733,10.222157192230224,,11.198672678196527,10.314953495701909,12.35541351391286,11.05799584388733,9.7605781738618,0.2346569284962645,7.546479549354373,-0.009970689135077593,0.06103476138456676,0.38690939564777327
162,11.934321676834784,12.33296250907546,11.838398102854091,12.099757194519045,921388000,71.01542476346945,0.5360708300028723,0.4628486863241393,0.07322214367873298,11.158216762542725,10.277453746795654,,11.284490251179625,10.384945797616307,12.452367956993905,11.158216762542725,9.864065568091545,0.23196380245910722,7.105996442945489,0.0002058352195650759,0.060997921408224354,0.39459903926017287
163,12.160301181206735,12.765239587965969,12.153823018009948,12.64041519165039,999868000,76.14982060048715,0.578332752130267,0.48594549948536486,0.09238725264490216,11.282243919372558,10.35493465423584,,11.413625959795889,10.473395577774507,12.64361836353913,11.282243919372558,9.920869475205986,0.2413304399187785,13.250592657751204,0.04468337574379211,0.0968090394481611,0.4139478502735122
164,12.839984531805603,12.868637287738805,12.46501236740924,12.677040100097656,490564000,76.45410259521108,0.6077749031645592,0.5103113802212037,0.09746352294335547,11.396790933609008,10.430432319641113,,11.533951116015105,10.559813010022474,12.821337433191518,11.396790933609008,9.972244434026498,0.24999081019930589,13.929699738103382,0.002897445051603942,0.03106519787684725,0.41321049813465877
165,12.587843670733813,12.717900209018431,12.531037137240192,12.70668888092041,289076000,76.71310934593052,0.6262810506996281,0.5335053143168886,0.0927757363827395,11.523085498809815,10.501714363098145,,11.645640426958467,10.644004220645922,12.941877244782379,11.523085498809815,10.10429375283725,0.2462520556875339,17.511524110716834,0.0023387778683863214,0.03990382945611204,0.3970428248234859
166,12.755771158963569,12.82478602619739,12.634683873931436,12.729610443115234,321244000,76.92444368656024,0.6354715638358126,0.5538985642206734,0.0815729996151392,11.63806848526001,10.57555269241333,,11.748875666592445,10.725792699958443,13.056602033150417,11.63806848526001,10.219534937369604,0.2437747379966058,11.649672695274532,0.0018038973338869724,0.05227158203168103,0.3822613482122336
167,12.73808206029818,12.80634988794029,12.523812247203733,12.585352897644045,317604000,72.46707739515834,0.623922542707362,0.5679033599180111,0.05601918278935092,11.738438987731934,10.643167209625243,,11.828540164787835,10.798716629279447,13.126472400062426,11.738438987731934,10.350405575401442,0.23649369627105474,10.357861318390501,-0.011332439913682602,0.04013268161653394,0.3751382262496853
168,12.63194271103962,13.103335485435084,12.599552848710347,13.103086471557615,537160000,77.50500891203109,0.6490646198823651,0.5841356119108819,0.06492900797148315,11.864658689498901,10.721495189666747,,11.949925527337339,10.88908407407467,13.26692872039953,11.864658689498901,10.462388658598272,0.23637764348699586,13.695503421188523,0.041137787563389594,0.036602538199286494,0.3853413949312105
169,13.137966198424918,13.528883733964262,12.993459276887542,13.329065322875977,500840000,79.28656017645994,0.6793928836445051,0.6031870662576065,0.07620581738689858,11.982469511032104,10.80348072052002,,12.081272174531495,10.98476961324335,13.459180754149422,11.982469511032104,10.505758267914786,0.2464786147392621,8.409654510272265,0.01724623063496411,0.051433553702594725,0.39606161365588977
170,13.438225815701944,13.950383810695971,13.394860672886267,13.778169631958008,511316000,82.28867713058499,0.7312379595827032,0.6287972449226259,0.10244071466007731,12.111897516250611,10.88915636062622,,12.242881456191164,11.094314712016473,13.734504078421175,12.111897516250611,10.489290954080047,0.26793597947695674,12.759283692568028,0.03369360853166925,0.08432415093175605,0.41215139038189724
171,14.658186142029646,14.681115585297444,13.85692673909418,14.302043914794922,874012000,85.01669675430196,0.8053146660331496,0.6641007291447307,0.14121393688841888,12.26457929611206,10.986839256286622,,12.438992166534378,11.220108014086216,14.094833563189356,12.26457929611206,10.434325029034765,0.2984618098816477,18.225411875407175,0.03802205204541864,0.12352565529844095,0.44720814487886434
172,13.78589572874662,13.841472858528125,12.83883987496344,12.97516632080078,945128000,59.865381167966625,0.7483268112693438,0.6809459455696534,0.06738086569969037,12.348487949371338,11.062260036468507,,12.490056371702607,11.288933830035807,14.147212572143218,12.348487949371338,10.549763326599457,0.2913271050102055,7.234931347864386,-0.09277538244876582,0.030973579074584867,0.5197792802326228
173,12.744135910810884,13.13417413255134,11.6684799433807,12.583386421203612,1463684000,54.71803966101884,0.6638971688367388,0.6775361902230705,-0.013639021386331773,12.419584465026855,11.124772529602051,,12.49894494784556,11.33969667674827,14.135515101848942,12.419584465026855,10.703653828204768,0.2763265778583964,-0.4511621618603905,-0.030194595576713112,-0.03966241476632992,0.5873446308710527
174,11.698137285184876,12.511110487825013,11.667981426416873,11.876084327697754,795728000,46.881007273614166,0.5337598498553202,0.6487809221495205,-0.11502107229420033,12.457035064697266,11.179816188812255,,12.439624888783865,11.360731486589426,14.089140673705671,12.457035064697266,10.82492945568886,0.26203757162628966,-6.318160754210537,-0.05620920075330593,-0.10900846833457611,0.6107775140078875
175,12.361574683143148,12.769556763892693,12.193845970090976,12.675599098205566,736200000,54.76740764972357,0.48949663462713744,0.616924064645044,-0.12742743001790657,12.55015788078308,11.249953174591065,,12.462098623014503,11.412294922339079,13.998660196886313,12.55015788078308,11.101655564679849,0.23083411856056285,-0.24467257368303297,0.06732141238195499,-0.08002300473896518,0.6309700084498198
176,12.94899900089753,13.024763704510123,12.129296630055403,12.273598670959473,698684000,50.692155758615684,0.41717075801987313,0.5769734033200099,-0.15980264530013677,12.593768501281739,11.306115417480468,,12.44414624662831,11.446071539932037,13.950939517511044,12.593768501281739,11.236597485052433,0.21553056435667817,-3.582291651370951,-0.031714511016919356,-0.14182904596853463,0.6498626560215983
177,12.446808743019314,12.613291040493865,11.858886043297618,12.126803398132324,636928000,49.25097858044539,0.34404093825281734,0.5303869103065714,-0.18634597205375403,12.629902219772339,11.358698997497559,,12.413923118200122,11.472766906920283,13.893727148799826,12.629902219772339,11.366077290744851,0.20013217949525322,-3.643517215934089,-0.011960247093175669,-0.0653835875158244,0.6573299661055018
178,13.040466040853438,13.273740196264075,12.59210974100264,12.832362174987791,1201744000,55.76106940022323,0.33910869199356064,0.4921312666439692,-0.15302257465040858,12.695284414291383,11.423754234313964,,12.453774456941805,11.526084368413127,13.85462294396012,12.695284414291383,11.535945884622645,0.18264081242065636,-2.0661108904186465,0.058181760987741526,0.019786069143092,0.6923018826788053
179,13.23884768114521,13.257539768805044,12.787999584615465,12.950743675231934,727556000,56.76325394554449,0.3408234484538628,0.461869703005948,-0.12104625455208518,12.728067064285279,11.486652584075928,,12.501104858683721,11.581953360837394,13.877322431414406,12.728067064285279,11.578811697156151,0.18058600120892143,-2.838320906078458,0.009225230602895929,0.09048936651854422,0.6763903327867178
180,12.9170964380368,13.05217649163563,12.474971233114562,12.47571849822998,556384000,51.701896308321224,0.3003891443989133,0.4295735912845411,-0.1291844468856278,12.740897989273071,11.539402618408204,,12.49868711006908,11.617002974068477,13.872735359778607,12.740897989273071,11.609060618767534,0.17766995253528645,-9.453005504497746,-0.036679374475647286,-0.015768927245725428,0.6693056846248855
181,12.09465347967906,12.550736199701984,11.99745577232178,12.424877166748049,792512000,51.17593895324095,0.2612308894866615,0.3959050509249652,-0.13467416143830369,12.757278490066529,11.584274272918702,,12.491657591657553,11.648684314957872,13.860502968980677,12.757278490066529,11.65405401115238,0.17295608617044386,-13.125164201915332,-0.00407522272077121,0.012325520806421242,0.6610181662502653
182,12.55472435238674,12.593353969240908,11.951599589222688,12.151477813720703,698460000,48.32875877267803,0.20576471984682776,0.3578769847093377,-0.15211226486250995,12.75986452102661,11.617837829589844,,12.459259517568329,11.668401707066218,13.857138206906033,12.75986452102661,11.662590835147189,0.17198829722231873,-6.34819228297369,-0.022004189607526037,0.00203470071858991,0.6596421815194049
183,11.88804667529522,12.483694973903694,11.867610018715604,12.478461265563965,721044000,51.783813757418244,0.18604757204417766,0.32351110217630574,-0.1374635301321281,12.75176682472229,11.658533973693848,,12.461088255472676,11.700168748575933,13.854822209080199,12.75176682472229,11.648711440364382,0.1730043216002628,-0.8338387785885899,0.02690894530326604,-0.02757878125616131,0.6565309510671681
184,12.536031626594973,12.608805364071548,12.117832199845257,12.598587036132812,646452000,53.026479358037626,0.17806214652287444,0.29442131104561947,-0.11635916452274503,12.747844171524047,11.710143680572509,,12.474183377440308,11.735400838284047,13.852491456851068,12.747844171524047,11.643196886197027,0.17330730913617,6.0836778225800945,0.009626649312952651,-0.027192001319014114,0.6447053948642483
185,12.536528628986584,12.687559837051763,12.04181728394846,12.08617877960205,647012000,47.413100062857694,0.12890068843936575,0.26131718652436875,-0.132416498085003,12.71681866645813,11.74503231048584,,12.43723055859857,11.749156835982793,13.858579045743772,12.71681866645813,11.575058287172487,0.17956698278589892,-4.650039134536509,-0.040671882891404554,-0.031223830409703224,0.6447794775956094
186,12.03484152218712,12.530550274972123,11.97677159825077,12.309736251831056,731240000,49.90474383304181,0.10674856734446436,0.23040346268838788,-0.12365489534392352,12.69582495689392,11.787376861572266,,12.42508824366833,11.771140342486648,13.851231514297478,12.69582495689392,11.540418399490363,0.18201362437281612,0.2944334570519145,0.01849695228787329,-0.009266966053003478,0.6382794203903054
187,12.408927939676412,12.84357673443692,12.20780331992882,12.833856582641602,588016000,55.25725416700425,0.12998657786361,0.2103200857234323,-0.0803335078598223,12.708250141143798,11.84204755783081,,12.464018561665785,11.81281548915939,13.863982161485406,12.708250141143798,11.55251812080219,0.18188688568536265,5.830499277477956,0.042577705979084834,0.05615603133887115,0.638100419970148
188,12.99983877209932,13.01130349167089,12.710488416606502,12.99460506439209,573808000,56.782436439542806,0.1595349085482951,0.20016305028840486,-0.04062814174010976,12.702826070785523,11.89860279083252,,12.51455060954448,11.859160178384203,13.852095187892855,12.702826070785523,11.553556953678191,0.18094699725921118,1.2643259845060677,0.012525345029015478,0.041362776054167494,0.6140086096197367
189,12.897410012500536,13.401094349784987,12.893173608080437,13.18476676940918,621460000,58.581134161611196,0.19603684314821912,0.19933780886036773,-0.003300965712148607,12.695611143112183,11.952797222137452,,12.578380720007786,11.911144750581261,13.830789336189177,12.695611143112183,11.560432950035189,0.17883001933197495,1.807024368992887,0.014633896457397766,0.04652741863791565,0.6064309047686519
190,13.116728755297382,13.580287998989844,13.109501388400432,13.48857307434082,689184000,61.348833524737636,0.2466364476509888,0.20879753661849196,0.03783891103249684,12.681131315231323,12.016700382232665,,12.665065706134742,11.973004684846343,13.767023582860505,12.681131315231323,11.59523904760214,0.17126110291515012,8.118607166830037,0.023042220635750787,0.11603289346551793,0.5967420266129919
191,13.715368014007057,13.720102595299451,13.419038366812762,13.572312355041504,525004000,62.1005783050259,0.2901493972443703,0.22506790874366764,0.06508148850070264,12.644644737243652,12.080080833435058,,12.751470148887767,12.035722632697134,13.54309124842975,12.644644737243652,11.746198226057555,0.14210703896485208,9.23498214826837,0.006208164513708203,0.10256727499117946,0.5756221838896847
192,13.184018292696402,13.477605085052131,13.01055675215891,13.021772384643556,552496000,54.58404106518934,0.2770164752445403,0.23545762204384219,0.04155885320069813,12.646975040435791,12.138609504699707,,12.777213218959748,12.074391250420524,13.549072907220685,12.646975040435791,11.744877173650897,0.14265828214266948,7.162047153969783,-0.04056346155292001,0.014642192765043083,0.5746317138177497
193,13.194984295527709,13.601969064421914,13.18177500481166,13.600224494934082,479820000,60.05482690740048,0.3097145938690513,0.25030901640888403,0.05940557746016728,12.697816944122314,12.207416553497314,,12.855595245243018,12.134227848244585,13.689970745998348,12.697816944122314,11.70566314224628,0.15627155537712986,8.989595796284416,0.04442191839973253,0.04660545107303915,0.5750292113863645
194,13.787143888533947,14.098177345056344,13.622655224165202,13.693933486938477,784420000,60.87701604961237,0.3392786281208675,0.2681029387512808,0.07117568936958674,12.78870940208435,12.273573226928711,,12.935436982547348,12.19539277525219,13.796044572578646,12.78870940208435,11.781374231590055,0.15753507861084345,8.694200767627391,0.006890253321869766,0.03861780238014134,0.5695237570103572
195,13.956369246859875,14.07549911308544,13.820540949044304,13.920729637145996,418084000,62.86898840236469,0.3766669104928795,0.2898157330996005,0.08685117739327897,12.850965929031371,12.348371868133546,,13.029274378223409,12.263053044346064,13.970321019909084,12.850965929031371,11.731610838153658,0.17420559622666174,15.178915445468444,0.016561797267661715,0.0320387160616169,0.5560981762344005
196,14.031383838958014,14.04085490209408,13.71536672951191,13.795866012573242,378900000,61.026705988156166,0.3917065928925805,0.31019390505819655,0.08151268783438392,12.92707929611206,12.415690174102783,,13.102283105304345,12.323163356825562,14.085388185967101,12.92707929611206,11.768770406257019,0.1792065884833573,12.07279937066991,-0.008969617816552367,0.01647130213951331,0.5396260331163841
197,13.724336803370834,13.781409410677943,13.618416258107684,13.720099449157717,346892000,59.88006274600442,0.392981870706576,0.32675149818787247,0.0662303725187035,13.00674409866333,12.478533306121825,,13.161122757099903,12.377945164368,14.153034398415077,13.00674409866333,11.860453798911582,0.17626091373160002,6.905507014273484,-0.005491975882229716,0.05362765097458544,0.5137562989270393
198,13.946148379332303,14.302540608740337,13.8693873271099,14.181915283203123,434744000,64.28495691688902,0.42634260366752663,0.3466697192838033,0.07967288438372333,13.074221754074097,12.550597763061523,,13.258341092919258,12.44868909059683,14.325577885205279,13.074221754074097,11.822865622942915,0.19142342154954547,9.136947317194807,0.033659802230789015,0.04277067547566693,0.518662360402438
199,14.25219938609199,14.304038298400052,13.97531003975401,14.20409870147705,344604000,64.48665932963524,0.449390942303598,0.36721396388776223,0.08217697841583577,13.136889505386353,12.615222759246826,,13.348413246115237,12.517528683180368,14.479446094422764,13.136889505386353,11.794332916349942,0.20439489705473116,7.731133586927667,0.0015642046811690236,0.03725483368421356,0.5050956388484097
200,14.246216365246951,14.298304361964878,13.916740866696482,14.0515718460083,276100000,61.898205026747426,0.4501601086927174,0.3838031928487533,0.06635691584396408,13.215682172775269,12.672462005615234,,13.415380731819338,12.577687238585385,14.578592438983703,13.215682172775269,11.852771906566835,0.20625651379783835,4.1738942181991625,-0.01073822835748739,0.009399091302884521,0.4962719143069801
201,13.767953352964804,13.962348784110764,13.725086380494536,13.92671012878418,267224000,59.78270114414215,0.43567222333648203,0.3941769989462991,0.04149522439018294,13.290773820877074,12.7260280418396,8.956078486442566,13.464078769625514,12.630590097024553,14.636510426090544,13.290773820877074,11.945037215663605,0.202506885355252,2.611181974536807,-0.008885960844273177,0.009484298853851492,0.48414431082175036
202,13.99325380887018,14.077741366839035,13.749760375883875,13.768701553344728,242392000,57.122122239417685,0.406751717699402,0.3966919426969197,0.010059775002482285,13.371635007858277,12.77546220779419,8.995066602230072,13.493090463313058,12.67522191884103,14.625005180424742,13.371635007858277,12.118264835291813,0.18746700337391511,5.736002340065611,-0.011345721565129252,0.0035424017418470566,0.47298978797413677
203,13.859917859739577,13.940168059936456,13.365205465785674,13.455924034118652,298068000,52.172398409436404,0.35450694146200945,0.3882549424499377,-0.03374800098792824,13.42050814628601,12.821351566314696,9.032968690395355,13.48955080338978,12.705837688067604,14.605097322348737,13.42050814628601,12.235918970223285,0.17653417637402188,-1.061015285954874,-0.02271655885736701,-0.05119134013896742,0.4802735598438971
204,13.541408020040002,13.756988333381305,13.465145135362771,13.603216171264648,229212000,54.18568920403192,0.3212842594362453,0.3748608058471992,-0.05357654641095394,13.470739603042603,12.870874443054198,9.071484053134919,13.500376076520721,12.741029001134155,14.595339221248407,13.470739603042603,12.346139984836798,0.16696924613579409,-0.6624635336541976,0.010946266995304432,-0.04230346063069235,0.4674728983738082
205,13.582778214685826,13.748762347991198,13.43573525653478,13.48283863067627,219596000,52.249874680258046,0.28199096675446533,0.35628683802865246,-0.07429587127418713,13.540572595596313,12.924268360137939,9.109040372371673,13.498705843583155,12.77011957484169,14.468928807621246,13.540572595596313,12.61221638357138,0.13712214981615403,-3.1456038432156648,-0.008849197062872793,-0.04047470429392519,0.456441055022566
206,13.480596768269912,13.569569814147943,13.190747236945244,13.319597244262695,290480000,49.658998882610966,0.23496994631546997,0.332023459686016,-0.09705351337054602,13.591065645217896,12.962632579803467,9.145724484920501,13.481647881743111,12.791667718740554,14.338341674752938,13.591065645217896,12.843789615682853,0.10996577443476276,-3.452257131784885,-0.012107345558684202,-0.04359341717515064,0.45089687803543266
207,13.408319223122216,13.551125765582382,13.25006159631915,13.548134803771973,233484000,53.16073493295492,0.21368331172935662,0.30835543009468414,-0.09467211836532752,13.626779556274414,13.0055126953125,9.183222749233245,13.487979969555383,12.821333094624139,14.28936164861148,13.626779556274414,12.964197463937348,0.09724705527095466,-1.253377543092816,0.017157993242454594,-0.016019429916336203,0.44019454169456124
208,13.385390724927865,13.650317116074088,12.998094445912937,13.100525856018066,336896000,46.3589757863765,0.1588639148769122,0.27845712705112974,-0.11959321217421753,13.632075595855714,13.037028846740723,9.218321192264558,13.451079577789924,12.832281830365078,14.275785554388394,13.632075595855714,12.988365637323033,0.09444049132596864,-7.625129649912946,-0.03303841851568279,-0.02641202322482228,0.4553394080136034
209,13.264766581144489,13.400345770075305,13.150621352779735,13.355236053466797,250520000,50.25908109192584,0.13442259218356334,0.24965022007761647,-0.11522762789405314,13.640599060058594,13.058231754302978,9.253739948272704,13.441951623092484,12.852789839114166,14.264604590601953,13.640599060058594,13.016593529515236,0.09149239381582974,-5.9761810013470456,0.01944274605829821,-0.018229521215849198,0.44423087273100587
210,13.157101249805214,13.218909394525856,12.569926727116144,12.587870597839355,376520000,40.66612138933099,0.05252718800415224,0.21022561366292364,-0.1576984256587714,13.595563936233521,13.065607166290283,9.285906760692596,13.360610573068376,12.842400849260253,14.369059453740599,13.595563936233521,12.822068418726444,0.11378645580793242,-10.416637115119231,-0.05745802264784727,-0.0663783092976189,0.46859361941812355
211,12.798715363998191,13.15186754873431,12.710489589909798,12.983640670776367,320080000,46.353413783987605,0.019336923448259213,0.17204787561999077,-0.15271095217173156,13.566130352020263,13.083334636688232,9.320265221595765,13.324708677611994,12.847939665790298,14.384428501499379,13.566130352020263,12.747832202541147,0.12063840288210928,-6.771659992108586,0.031440589562856225,-0.02522272763397848,0.4754081430950401
212,12.810182823946036,12.89641400797569,12.261886887186463,12.495162010192873,416820000,41.11510013313553,-0.04585416755744376,0.12846746698450387,-0.17432163454194763,13.53979983329773,13.091242733001708,9.351763157844543,13.245704233095887,12.834105247923732,14.454659491981046,13.53979983329773,12.624940174614414,0.13513636389711592,-9.249525368951613,-0.037622626270223614,-0.07772086776741682,0.4930042602732446
213,12.618526270619803,12.796971486220077,12.35659080784414,12.541765213012695,299652000,41.79095754651399,-0.09268961962976086,0.08423604966165094,-0.1769256692914118,13.48687686920166,13.089269733428955,9.383450555801392,13.178662421659393,12.822640932829183,14.49892885763013,13.48687686920166,12.474824880773191,0.15007951777769535,-6.793727571499578,0.0037296997655418274,-0.04265177208506399,0.4892454329948654
214,12.669117520739826,13.064388441272705,12.563695145895856,12.979153633117676,272900000,47.84172622448617,-0.09343638623496986,0.04870156248232678,-0.14213794871729662,13.45113787651062,13.095312004089356,9.41749165058136,13.159661584655419,12.828778685781673,14.481731013102326,13.45113787651062,12.420544739918913,0.15323508628833626,-4.587610240769669,0.03487455016708241,-0.02815992310757376,0.49162956122808993
215,13.347760149384634,13.78465267155279,13.29567214922676,13.751504898071287,410228000,56.45040462447033,-0.03134459094377817,0.03269233179710579,-0.06403692274088396,13.442676639556884,13.116208324432373,9.455124456882476,13.216027614504549,12.86496402744009,14.460407757418425,13.442676639556884,12.424945521695344,0.1514179274188192,1.9926535854530363,0.05950705930337974,0.09244091692773382,0.5140488096000202
216,14.118615031439523,14.29456747948615,13.947646253256467,14.116122245788574,319028000,59.821808684798995,0.04674631448339106,0.035503128334362845,0.011243186149028216,13.458689451217651,13.14393856048584,9.494238131046295,13.301750912722076,12.91402905561062,14.507740564358848,13.458689451217651,12.409638338076455,0.15589201562954338,5.980098248608646,0.026514723328093792,0.08722373051814358,0.5161212218725089
217,14.066029001067388,14.543544851997412,13.851945092022268,14.516878128051758,383348000,63.19442936041864,0.13936505647173192,0.05627551396183666,0.08308954250989525,13.498528385162354,13.182569065093993,9.535651760101318,13.417477314182046,12.976885881980861,14.64065153662316,13.498528385162354,12.356405233701548,0.1692218764700652,7.150381497607144,0.02838994132278394,0.16179991233484436,0.5286554031655543
218,14.507403229682708,14.645972423648024,13.56857203173021,13.588509559631348,582976000,52.25217732649745,0.13628350064590578,0.07227711129865048,0.06400638934725529,13.468858098983764,13.192277526855468,9.573702828884125,13.43376609946293,13.000871124241664,14.568467021030186,13.468858098983764,12.369249176937343,0.16328168490087333,3.724916915370334,-0.06395097900742674,0.08346068745830171,0.5678514737907158
219,13.564336776684897,13.564336776684897,12.5891185599537,12.730429649353027,644068000,44.5703287230267,0.06386526890095112,0.07059474281911061,-0.006729473918159493,13.395174646377564,13.18030481338501,9.606496567726134,13.36678167564294,12.990265576206816,14.485294980572867,13.395174646377564,12.30505431218226,0.162763138663534,-4.678362865413975,-0.06314746341478816,-0.01916334383545648,0.5986757256397822
220,13.013297662236877,13.393366583689213,12.90812437650842,13.376419067382812,404744000,50.47345091376661,0.057931448101429694,0.06806208387557444,-0.010130635774144747,13.361417007446288,13.172269802093506,9.642822654247285,13.36769952247531,13.005408850370582,14.40913019715676,13.361417007446288,12.313703817735817,0.15682665829927814,6.264351570938515,0.05074372474636912,-0.027275984226357797,0.6032658119752397
221,13.437230778580004,13.723341113846628,13.27473578360391,13.41504955291748,365812000,50.81081476445755,0.05570388993247377,0.06559044508695432,-0.009886555154480545,13.335833978652953,13.154529914855956,9.679308292865754,13.372209049184088,13.021473191646932,14.351584435125744,13.335833978652953,12.320083522180163,0.15233399847339602,3.322711195420944,0.002887954193126596,-0.04966467990741952,0.5922186347086308
222,13.585022871744126,13.626394366697404,13.01878309670238,13.255796432495115,346312000,49.31932569668094,0.04061989726005599,0.06059633552157465,-0.01997643826151866,13.310188722610473,13.160142517089843,9.716164951324464,13.361122133308948,13.030662338346861,14.306644746481988,13.310188722610473,12.313732698738958,0.14972830883739474,6.087431452923607,-0.011871228637223452,-0.08687003393104098,0.5933181086576589
223,13.131680223580256,13.607202313972754,13.115231833557882,13.473368644714355,413776000,51.41751098144518,0.0456952373403503,0.057616115885329784,-0.011920878544979481,13.31106095314026,13.17794216156006,9.753624138832093,13.37181227725232,13.048023369969115,14.308056111381728,13.31106095314026,12.314065794898791,0.14979950309764953,7.428008863816682,0.01641336401982496,-0.008473402797540941,0.5860789923546027
224,13.510501631287235,13.554115863305508,13.262522754338525,13.380655288696287,312028000,50.45885583387904,0.041754962708479226,0.054443885249959675,-0.012688922541480449,13.29993290901184,13.208033580780029,9.789773542881012,13.37265446881841,13.061067758938808,14.288569218331535,13.29993290901184,12.311296599692145,0.14866786412881966,3.0934348026680087,-0.006881230556579521,0.05107648816678423,0.5650442863983443
225,13.423522372522545,13.563587043651737,13.144141246087536,13.38713550567627,510924000,50.52828472943811,0.03870895330916646,0.051296898861801034,-0.012587945552634573,13.29514775276184,13.222264308929443,9.825503616333007,13.374033615185827,13.073854729399102,14.281119415231613,13.29514775276184,12.309176090292068,0.14832052727882677,-2.6496692187203617,0.0004842974308931769,0.0008011440311097573,0.5546443943387626
226,13.17180655068119,13.445704907564874,13.059405888959796,13.398601531982422,565936000,50.66004396056602,0.03679601980069158,0.04839672304957915,-0.011600703248887567,13.299097967147826,13.244764366149901,9.860856707096099,13.376373416785503,13.08658989812786,14.286062345318943,13.299097967147826,12.31213358897671,0.14842576250045988,-5.082987390678191,0.0008564958725703065,-0.0012260872291359748,0.5426197246434994
227,13.41230763297263,13.452681814970418,13.024512222080595,13.047192573547363,341088000,46.5666490187118,0.0068453313955192385,0.04008644471876717,-0.03324111332324793,13.274050855636597,13.263172149658203,9.894783778190613,13.345022860286633,13.085044905007056,14.259888899568928,13.274050855636597,12.288212811704266,0.14853612580724923,-10.123978045007078,-0.026227286302697106,-0.01573680314193593,0.5344447152325225
228,13.13043638351917,13.34103113334532,12.975168734677316,13.099283218383787,361356000,47.24709871466296,-0.012542938067683806,0.029560568161476976,-0.042103506229160786,13.273988723754883,13.268510570526123,9.927555124759674,13.321619084867315,13.085603270237517,14.259870660768897,13.273988723754883,12.288106786740869,0.1485434344613685,-3.6002943450174305,0.003992479189893761,-0.027764803012149675,0.5224031211921997
229,13.101775852379744,13.12121520804302,12.845074060237616,12.917598724365234,346500000,45.09030030559271,-0.04208358816064717,0.015231736897052149,-0.05731532505769932,13.252106857299804,13.26784767150879,9.958805785179138,13.28314095529569,13.079014856673899,14.24916777320625,13.252106857299804,12.255045941393359,0.15047583401536235,1.4702494744293186,-0.013869804247271578,-0.03460641906844686,0.504812980236
230,12.992115187065773,13.228380285277073,12.979654112179023,13.193737983703612,259916000,48.90784070926805,-0.04272018406220646,0.003641352705200429,-0.04636153676740688,13.282400226593017,13.282208061218261,9.990858476161957,13.274626386572635,13.083513802831927,14.232610277339818,13.282400226593017,12.332190175846216,0.1430780633826049,-1.365694979792105,0.021376980755527075,-0.014446520085693915,0.490953593141417
231,13.333552723080512,13.365952276272498,13.129686242574325,13.220154762268066,167276000,49.2711910924667,-0.04062478046356155,-0.005211873928551968,-0.03541290653500958,13.294225931167603,13.298113613128661,10.023262274265289,13.269438612829342,13.088872271829423,14.235110194248323,13.294225931167603,12.353341668086882,0.1415478069881252,-1.4528070871495864,0.0020022209473224972,-0.013318313055911357,0.47276162460975674
232,13.223894627264986,13.370937590814924,12.932051446429709,13.359971046447754,286952000,51.24739509274098,-0.027366686251273364,-0.009642836393096247,-0.01772384985817712,13.337466382980347,13.322283477783204,10.053999466896057,13.278060749364428,13.09950359632426,14.204039001920624,13.337466382980347,12.47089376404007,0.12994561246596148,0.7858797054039391,0.010575994509439468,0.023972856316579305,0.4703419474508609
233,13.450441131335312,13.486828003601705,13.187258315377758,13.34850788116455,296948000,51.071728512338666,-0.01758185996792605,-0.011230641108062208,-0.006351218859863842,13.377803516387939,13.339684410095215,10.083835613727569,13.28477000001206,13.109268470239565,14.163829011604028,13.377803516387939,12.59177802117185,0.11751189113417612,-0.9267226841506185,-0.0008580232130256382,0.01902582443831702,0.4581439289346528
234,13.309127241026008,13.631126226473349,13.19323745883854,13.50252628326416,283360000,53.38382893607215,0.0025710458058085806,-0.00847030372528805,0.01104134953109663,13.403972148895264,13.357763195037842,10.112185680866242,13.305508693655117,13.124690345260138,14.16975521063642,13.403972148895264,12.638189087154107,0.11426210875919668,0.9107998968542825,0.011538248579598731,0.04528144675957724,0.4566971316989496
235,13.549397381312977,13.621694304141696,13.291623122358182,13.358434677124023,199520000,50.957734596110996,0.006836572679398856,-0.0054089284443506695,0.012245501123749525,13.384318637847901,13.38320831298828,10.140561954975128,13.310549263509298,13.133856789646957,14.133409810924181,13.384318637847901,12.63522746477162,0.11193564548859675,-0.21439111107881653,-0.010671455334897773,0.01248294407724626,0.44765242099070424
236,13.41078730935325,13.52197537830455,13.351205256307612,13.520230293273926,202244000,53.51247703035978,0.023007372826739925,0.00027433180986744914,0.022733041016872475,13.354524040222168,13.407418193817138,10.171567821502686,13.330518885391644,13.149008691749977,14.028448223559737,13.354524040222168,12.6805998568846,0.10092822197298723,0.9077720611451607,0.01211186939641773,0.02269833722841974,0.42787511391972094
237,13.563111468128932,13.69274705916603,13.462145679850115,13.568595886230469,223244000,54.27921110354726,0.03927283479823451,0.008074032407540862,0.03119880239069365,13.307109928131103,13.422112979888915,10.205402715206146,13.353192885471532,13.165463091533526,13.736217558845727,13.307109928131103,12.87800229741648,0.06449298653609141,3.9962873985644154,0.003577275823519299,0.015615665562253245,0.4137841328765918
238,13.546904559527674,13.560616077431042,13.244255468660604,13.3125638961792,271920000,49.61416006432683,0.031144672352459324,0.012688160396524555,0.01845651195593477,13.293312644958496,13.428472156524657,10.239354951381683,13.349323457919882,13.17123175053924,13.702630000170238,13.293312644958496,12.883995289746753,0.06158244617333611,1.6281858651326027,-0.01886945356749059,-0.0026927342969973456,0.40739529606896846
239,13.26320049071074,13.376381837972524,12.832162653647892,12.894487380981444,401300000,43.10015712764901,-0.00892930425020566,0.008364667467178512,-0.01729397171738417,13.301515531539916,13.422666568756103,10.270519919395447,13.306005736306696,13.160379030164425,13.669912617268594,13.301515531539916,12.933118445811239,0.05539174612925149,-0.17891361914036016,-0.031404657920007906,-0.0450314918502589,0.417168430944373
240,12.83291396157282,13.032103781438378,12.81346791192631,12.935873985290527,207764000,43.88558347175563,-0.03692304051253359,-0.0006928741287639083,-0.036230166383769684,13.279488277435302,13.411612586975098,10.303745901584625,13.270755093352776,13.151574910757605,13.678727871178456,13.279488277435302,12.880248683692148,0.060128761801996174,-1.9544423174962824,0.003209635488893303,-0.0316325005172291,0.40298753369920837
241,12.930883668310736,12.983486318583273,12.787038296114812,12.976755142211914,209264000,44.6976397529811,-0.055173504661512496,-0.011589000235313627,-0.04358450442619887,13.257573556900024,13.399701442718506,10.335000956058503,13.242755098006027,13.144719233559735,13.672453457182026,13.257573556900024,12.842693656618021,0.06258760677455563,-1.841125345603703,0.003160293380089607,-0.04019718150306806,0.38823471146844074
242,13.051300120806731,13.351206564454696,13.040829609597084,13.27143096923828,270156000,50.28266957385213,-0.04533663989109904,-0.018338528166470712,-0.026998111724628328,13.258355283737183,13.4046946144104,10.366937444210052,13.24548613336148,13.149688321233404,13.673277759883904,13.258355283737183,12.843432807590462,0.06259033903785466,-0.6627265650625501,0.022707974666780872,-0.02190093355892153,0.3872501908094651
243,13.402061434232618,13.426243461845102,13.14977159927555,13.323034286499023,193016000,51.21187922643531,-0.03299653375226974,-0.021270129283630517,-0.011726404468639224,13.250838565826417,13.3991508102417,10.400444378852844,13.252871671755532,13.156486202224213,13.65522103653829,13.250838565826417,12.846456095114544,0.06103500072135289,-0.19083477263756146,0.0038883009210051167,0.0007865044180430658,0.3793374530780428
244,13.384860738064194,13.39956985591814,13.175449574906734,13.205366134643556,223116000,48.96461444538148,-0.032338963748753,-0.023483896176655014,-0.008855067572097988,13.242074108123779,13.389379463195802,10.431044430732728,13.248347334887725,13.15840306231909,13.642400214986614,13.242074108123779,12.841748001260944,0.06046274980703238,-2.200774450547982,-0.008831933426359684,0.024109430989915914,0.3682505122161401
245,13.329267523670584,13.3419823947396,13.141545813887706,13.303839683532717,231384000,50.90619565924727,-0.023599798578215925,-0.023507076656967198,-9.272192124872708e-05,13.237909317016602,13.377041664123535,10.463533954620361,13.253632320472963,13.164106459229428,13.633820980579612,13.237909317016602,12.841997653453591,0.059814832400171845,-0.40869304608570145,0.007457085845641309,0.028445368180039843,0.3562638028329797
246,13.341480601086888,13.367407711372202,13.033846398297577,13.234781265258787,342064000,49.4844095261092,-0.021992864377246235,-0.023204234201023004,0.0012113698237767694,13.22971830368042,13.365819969177245,10.496580944061279,13.251836981881137,13.166878020250188,13.618710892168647,13.22971830368042,12.840725715192193,0.05880587621884767,-2.1112734163791895,-0.005190863684219615,0.019883716708774424,0.3546421964216687
247,13.038084209341594,13.332506174025465,12.93113475926424,13.294861793518066,302332000,50.77257758742034,-0.015690490719025618,-0.02170148550462353,0.006010994785597912,13.242101764678955,13.357315216064453,10.532493417263032,13.255934582989417,13.17189699175089,13.62274259261927,13.242101764678955,12.86146093673864,0.05748948840668321,-2.017409133617061,0.004539593594719227,0.0017655085072663113,0.3579799977316371
248,13.281897959126036,13.299847130440972,13.017391613694231,13.241012573242188,185580000,49.55289592731275,-0.014869588863861694,-0.020335106176471163,0.005465517312609469,13.249188232421876,13.338497161865234,10.566189181804656,13.254513439203967,13.174607406711333,13.624164735191352,13.249188232421876,12.8742117296524,0.056603694685516966,-0.5374721465753675,-0.004050378342566385,-0.0061563838606910615,0.35258539194700156
249,13.218825746792993,13.237772518322112,12.968530174223998,12.97276782989502,179144000,43.89599395185061,-0.03545541920031603,-0.023359168781240138,-0.012096250419075891,13.251946687698364,13.313870544433593,10.600362932682037,13.227680524031687,13.166692129189125,13.617826816624698,13.251946687698364,12.88606655877203,0.05521907649477278,0.6070846137632018,-0.020258627643722993,-0.017613923186751146,0.34686374959494354
250,13.000689591227813,13.09567261380204,12.902466511804551,12.957311630249023,97884000,43.58723107693738,-0.052412841581544356,-0.029169903341300985,-0.02324293824024337,13.240125370025634,13.291985340118408,10.638214883804322,13.201931105576195,13.15848112923069,13.627415451629277,13.240125370025634,12.852835288421991,0.05850247951283459,0.16572243191973723,-0.0011914342296620584,-0.02604722106751034,0.3358882033379825
251,13.025866637699115,13.025866637699115,12.727456224694288,12.863821983337402,212564000,41.67760461942269,-0.07255913759874488,-0.03784775019278977,-0.03471138740595511,13.222308731079101,13.270727577209472,10.67254494190216,13.169730236791548,13.146925868607424,13.642980764315109,13.222308731079101,12.801636697843094,0.0636306475354362,-0.8702727117594518,-0.007215204016037369,-0.02802912073017405,0.3332112183141857
252,12.888754523484122,13.03584092625599,12.806236260344338,12.906952857971191,170372000,42.92006357802565,-0.08407574832406972,-0.04709334981904576,-0.03698239850502396,13.199657821655274,13.253492603302002,10.712624256610871,13.144703819761038,13.137515162307965,13.636707461264104,13.199657821655274,12.762608182046444,0.06622135899489896,-2.7463361871972083,0.0033528818021313356,-0.029177357506341317,0.3258107502854332
253,12.953821418799093,13.17669491469826,12.860584432443018,13.108885765075684,225396000,48.456428667389034,-0.0760319977749031,-0.05288107941021723,-0.02315091836468587,13.18767671585083,13.246551837921142,10.751114537715912,13.141292576457671,13.136392440847876,13.620868180569346,13.18767671585083,12.754485251132316,0.06569640340028109,-1.607355477876001,0.015645281215990625,-0.009978603028707123,0.3251178739975624
254,13.099662161368183,13.114121164807877,12.87878290992759,13.018390655517578,192424000,46.28958669315982,-0.07608243559685945,-0.05752135064754568,-0.018561084949313772,13.163469934463501,13.234855327606201,10.790951635837555,13.129587631606233,13.13176491985453,13.577253061317403,13.163469934463501,12.7496868076096,0.0628683969977505,-1.4159053010689222,-0.006903341075654157,0.003516815086864078,0.3187050440606142
255,13.067501258122682,13.61421397971434,12.926148437741286,13.076725006103516,560640000,47.906704322394766,-0.07060146363743947,-0.06013737324552444,-0.010464090391915024,13.149384450912475,13.226733055114746,10.829816541671754,13.12455309584407,13.129606491864296,13.554755341609656,13.149384450912475,12.744013560215294,0.061656253524331545,-1.7071363067484944,0.004480918734852457,0.00921590676076045,0.3450879367686455
256,13.063013897871317,13.405799918708546,13.050299979878782,13.367158889770508,322760000,55.14737192161524,-0.04233416481673835,-0.05657673155976723,0.01424256674302888,13.141730880737304,13.227684288024902,10.871032643318177,13.14765840955135,13.138922272174344,13.523923324361654,13.141730880737304,12.759538437112955,0.05816470403979343,1.0002252538862195,0.022209986333079135,0.03912809949368712,0.34583165120158255
257,13.185420201840708,13.207857143489328,12.55070572206963,12.57912540435791,580424000,39.21889624061076,-0.08256805016315916,-0.06177499528044562,-0.02079305488271354,13.092257356643676,13.20830410003662,10.907444417476654,13.093512409056736,13.116969453828602,13.496166731932313,13.092257356643676,12.68834798135504,0.06170202193339441,-5.383556446665093,-0.05895295267385925,-0.025399291158859305,0.3794474738086751
258,12.93113434405788,13.34023452196622,12.850362120145352,13.306578636169434,461480000,52.778191084389995,-0.0551189213280896,-0.06044378048997442,0.005324859161884819,13.09195809364319,13.212425155639648,10.942949776649476,13.113804430686516,13.124405108038047,13.49522246488341,13.09195809364319,12.688693722402968,0.061604897961906276,0.4951740855510088,0.05783019156160929,0.015080829495092374,0.4067090197943633
259,13.325028278582424,13.38336356753175,13.005426670817448,13.23951816558838,292528000,51.63463920699692,-0.03833461096145818,-0.056021946584271176,0.017687335622812994,13.109209632873535,13.21011079788208,10.97856311559677,13.125777167343836,13.128919345589042,13.506686109137444,13.109209632873535,12.711733156609625,0.06064079946775291,2.0562330197465637,-0.005039647862506991,0.016985779265817458,0.4046538681457875
260,13.381120845591193,13.921850895343624,13.32502896268327,13.58330249786377,518344000,56.80200415863288,0.002676742595179249,-0.0442822087483811,0.046958951343560346,13.141581058502197,13.230019435882568,11.014448475837707,13.169351008345734,13.146738292737071,13.580602324475242,13.141581058502197,12.702559792529152,0.06681407115607473,4.83117860770873,0.025966528991133497,0.03873886554346062,0.4244880725464629
261,13.713931694212436,13.71592689180554,13.307575183083843,13.446932792663574,291476000,54.32268500268998,0.02389914576352581,-0.030645937845999716,0.05454508360952552,13.16508994102478,13.239285278320313,11.050213565826416,13.195787368756957,13.158510626067523,13.616469406133263,13.16508994102478,12.713710475916297,0.068572180992384,4.532951482704591,-0.010039510290052234,0.005967902644900436,0.42333547513040815
262,13.452169197546132,13.586790839609762,13.347464109941011,13.493802070617676,210028000,55.04889824212166,0.043992889555422465,-0.01571817236571528,0.059711061921137745,13.17620849609375,13.25925807952881,11.084611692428588,13.22416972131512,13.171659310167529,13.648010978522926,13.17620849609375,12.704406013664574,0.0716143012717274,4.54676807999692,0.0034854995318838178,0.07271385226375804,0.4101919933117183
263,13.536934007155532,13.561614361959876,13.143540449455568,13.16323471069336,283120000,49.11751030686677,0.03286446193909498,-0.006001645504753229,0.038866107443848205,13.168218517303467,13.271687469482423,11.117604775428772,13.21836638697019,13.171328933717563,13.635192097560372,13.168218517303467,12.701244937046562,0.07092433644585812,0.414596225733164,-0.024497718151959336,-0.010772410353961481,0.4107549875397604
264,13.1909050338469,13.287882305059432,12.812469810724464,12.82343864440918,277780000,43.883312172153005,-0.0033351542951027824,-0.00546834726282314,0.0021331929677203577,13.149122142791748,13.268573169708253,11.151455249786377,13.180754221011998,13.157686177274098,13.639126511788367,13.149122142791748,12.65911777379513,0.07453035475303356,-1.4975123751242787,-0.025814024725103524,-0.03142708941331851,0.41537338088227527
265,12.97974631151567,13.05727847139922,12.807979582435896,12.98872184753418,226188000,46.85026068216435,-0.01847368466468602,-0.008069414743195715,-0.010404269921490303,13.133366250991822,13.25331750869751,11.184588100910187,13.16246542353792,13.151060125127435,13.622722395932584,13.133366250991822,12.64401010605106,0.07452105356519798,-0.6729755235218358,0.012889148356245439,-0.04377290798192113,0.4035109171737788
266,13.074981565628883,13.39283810448192,13.02013644379151,13.328269958496094,258572000,52.41615313191923,-0.0030373712915903184,-0.007063006052874636,0.004025634761284318,13.138040685653687,13.23756046295166,11.220858135223388,13.178256331629175,13.158009530357578,13.632937164980103,13.138040685653687,12.643144206327271,0.07533794287405832,-0.29092892210755883,0.02614176475157759,-0.008824527942329019,0.4035541557290617
267,13.38087015674422,13.959992011036569,13.215834583904517,13.828611373901367,337780000,59.196888171880055,0.049004495643211854,0.004150494286342662,0.04485400135686919,13.164728164672852,13.223795127868652,11.256580412387848,13.24019490708367,13.184307641869099,13.74138459810883,13.164728164672852,12.588071731236873,0.08760628039148101,9.933011472407973,0.03753986203485704,0.024812080504184042,0.4278829608292753
268,13.701468596467407,13.802933631043508,13.589034728801968,13.67404556274414,246820000,56.51752238082281,0.07688954610502208,0.018698304650078545,0.05819124145494353,13.18637981414795,13.225505847930908,11.292696604728699,13.281514017146572,13.203513050530866,13.803935031695824,13.18637981414795,12.568824596600075,0.09366561956379961,2.7615432683490293,-0.011177247445751326,0.038805875856321004,0.4144325097057127
269,13.74310125347876,13.78972021987042,13.199380371226187,13.614961624145508,251112000,55.483715657814,0.09314732505606571,0.03358810873127598,0.05955921632478973,13.218489503860473,13.243196487426758,11.327531189918519,13.31327093209885,13.219648288711833,13.854776212534896,13.218489503860473,12.582202795186051,0.09627222663960118,2.835778869452852,-0.004320882092100908,0.06172470596109725,0.42699731962989274
270,13.542416475351589,13.606486294408793,13.349957856187537,13.397574424743652,163980000,51.73413546864029,0.08748196416734899,0.044366879818490586,0.043115084348858405,13.240502643585206,13.243619594573975,11.361776916980743,13.32129983616026,13.226625784242492,13.869544746944175,13.240502643585206,12.611460540226236,0.09501785850459832,-1.3673263416560621,-0.015966787524125614,0.03147750656367254,0.4154263516533269
271,13.19289858121172,13.19564126498745,12.75787222578399,12.881525039672852,371272000,44.11291019504952,0.04088001293359156,0.04366950644151078,-0.0027894935079192246,13.241387796401977,13.232949104309082,11.392583210468292,13.279416522209079,13.21309242171035,13.868353627909107,13.241387796401977,12.614421964894847,0.09469790344445507,-4.204733984386387,-0.03851812042318059,-0.033518597703557584,0.4314460550323509
272,12.959805478023087,13.30234235667596,12.924155341787754,13.01440143585205,228316000,46.30628240494419,0.014502470061795947,0.03783609916556782,-0.023333629103771875,13.24676022529602,13.22812120437622,11.42229817867279,13.254176990175075,13.205300618343358,13.863935984602104,13.24676022529602,12.629584465989936,0.09318138908070897,-3.55274690007129,0.010315269020551687,-0.05887864775677831,0.43068685945883356
273,13.038335162725016,13.297357142281673,12.87529381345068,12.953324317932127,271552000,45.42381270234575,-0.011201215042900614,0.028028636323874135,-0.039229851366774746,13.238982152938842,13.217720317840577,11.45209501504898,13.225524354723365,13.19541919479782,13.866742439375114,13.238982152938842,12.61122186650257,0.09483512843877044,-1.5946718065484942,-0.0046930408763685705,-0.05270724318600106,0.43007089298541634
274,13.016646669284183,13.233536494186444,12.866568401432255,13.199881553649902,217204000,49.59941710786562,-0.011543397218177986,0.020114229615463712,-0.0316576268336417,13.24805669784546,13.214104843139648,11.48139880657196,13.22308218319256,13.195594189262607,13.867998015545403,13.24805669784546,12.628115380145516,0.09358977423470191,2.9355847497648058,0.019034282603149988,-0.03048705401853502,0.4255635501117572
275,13.36117611251528,13.533939513350386,13.248242969774688,13.518733024597168,220440000,54.45268527046809,0.013755504996051826,0.018842484691581337,-0.005086979695529511,13.270157098770142,13.216736793518066,11.512593207359314,13.251239406183474,13.208266300452198,13.895581555887983,13.270157098770142,12.6447326416523,0.09426029435262745,4.08054913550718,0.02415563121921349,0.00904332351606496,0.41902743651095203
276,13.59775902482276,13.892680242866938,13.478594940603552,13.492555618286133,245408000,53.99300160316391,0.031331598193260035,0.021340307391917078,0.009991290801342957,13.276426935195923,13.21861587524414,11.544312942028046,13.274221902574205,13.219414901151568,13.908098415453697,13.276426935195923,12.64475545493815,0.09515684955614184,1.2326105361132433,-0.001936380152149253,0.047434645877053594,0.4186744269218402
277,13.493055176707028,13.63515548811992,13.30034740406462,13.625931739807127,201340000,56.02973869401487,0.05538467693698479,0.02814918130093062,0.02723549563605417,13.328767251968383,13.230190658569336,11.578883602619172,13.307718077548769,13.23535673796159,13.890225763916632,13.328767251968383,12.767308740020134,0.08424762790652426,-1.4656542773105605,0.009885163737270997,0.046988738357988113,0.4126839738599445
278,13.68651004246619,13.698725635356672,13.507762015334324,13.552885055541992,169152000,54.60399136020025,0.06777143131690622,0.03607363130412574,0.031697800012780476,13.341082572937012,13.2392626953125,11.611017045974732,13.331067313548123,13.247808828847097,13.910798540027999,13.341082572937012,12.771366605846024,0.08540775667586105,-0.8860618947494107,-0.0053608579332402595,0.04628624458818309,0.39684680572868763
279,13.68875700048086,14.433163726948356,13.68875700048086,14.39826202392578,434624000,65.53455293592492,0.1441413083652172,0.05768716671634404,0.08645414164887318,13.399019765853883,13.268875961303712,11.647643842697143,13.432704905012661,13.29292464041881,14.12882249427893,13.399019765853883,12.669217037428835,0.10893374906198437,5.753232520252753,0.06237616307666527,0.09078721391590916,0.4313776532770931
280,14.30053243890192,14.542352674478018,14.182614166564251,14.22325038909912,287560000,62.195779760949065,0.18837157953239014,0.08382404927955327,0.10454753025283688,13.43101716041565,13.289466209411621,11.68270076751709,13.507994951116133,13.329408003112157,14.241940022577841,13.43101716041565,12.620094298253457,0.1207537526721612,6.162876489273658,-0.012155052778997977,0.05211415620236681,0.4262605714654269
281,14.422691425140114,14.863202216590144,14.301282965701423,14.72284698486328,485352000,67.31498452686733,0.2607321007125609,0.11920565956615481,0.1415264411464061,13.494812870025635,13.319520053863526,11.719323029518128,13.623695144806337,13.384052669063182,14.48224920504439,13.494812870025635,12.50737653500688,0.1463430941250064,14.29428533903771,0.035125346323584106,0.09118297536678388,0.4415242326101125
282,14.938242328908396,15.229423311893008,14.88314709510052,15.207983016967772,450828000,71.36934406919171,0.35315382099923376,0.1659952918527706,0.18715852914646317,13.58052191734314,13.356480293273925,11.759083218574524,13.774579704059807,13.455579349373167,14.818518903881733,13.58052191734314,12.342524930804545,0.18231950054255242,16.855032418723816,0.03295123780089981,0.1161059153510069,0.4461708107829422
283,15.007796320212169,15.248369834422627,14.73356691667176,14.91929531097412,374756000,66.11382866244978,0.39851023703061905,0.2124982808883403,0.18601195614227875,13.668324947357178,13.387896041870118,11.7965158867836,13.883600238051647,13.512979975318302,15.019411979228991,13.668324947357178,12.317237915485364,0.1976960654762676,15.177347102476011,-0.018982642581304776,0.1008206186234406,0.45107310413779395
284,15.02200431508525,15.329390295174722,14.90807453136028,15.28725814819336,321960000,69.22459725875883,0.45885762421764653,0.2617701495542016,0.19708747466344495,13.791515922546386,13.4235906791687,11.836557896137238,14.017281943779428,13.582559511509482,15.25649185101485,13.791515922546386,12.326539994077923,0.2124459612265711,15.81360094830757,0.02466355344200344,0.06174329393299849,0.44894757982898315
285,15.128456867917356,15.180810369685322,14.738553519197914,14.864200592041016,274756000,62.159284503635355,0.46716101284242306,0.3028483222118459,0.16431269063057719,13.885289859771728,13.453705997467042,11.87566754579544,14.097940862661485,13.632819946040131,15.372641560090079,13.885289859771728,12.397938159453377,0.2142341593642184,9.95261586271277,-0.02767386748174594,0.045063553365630726,0.45607308334087326
286,14.687696501315877,14.83154190660509,14.5341280721423,14.787416458129885,233868000,60.94350422904282,0.4622175144690104,0.3347221606632788,0.12749535380573157,13.958247184753418,13.47904972076416,11.913333628177643,14.163605205087046,13.678098240631886,15.472062312559846,13.958247184753418,12.44443205694699,0.21690619284346344,9.5968538242589,-0.0051657089418077895,0.0043856649011559945,0.4470730430950049
287,14.98236639799842,15.134438891463464,14.805115230939936,14.884641647338867,271724000,61.95812327488919,0.4608328226948988,0.3599442930696028,0.10088852962529599,14.011048698425293,13.505370635986328,11.951180756092072,14.232275342444362,13.725413668345887,15.575901564723647,14.011048698425293,12.44619583212694,0.22337412423300312,9.237606143692284,0.006574859745397177,-0.021261292129807652,0.4399265709691888
288,14.733318293645503,15.090813464605944,14.284829539167944,14.3154935836792,325884000,53.239035262013665,0.4090941693868331,0.3697742683330489,0.03931990105378419,14.043121099472046,13.525429229736329,11.985677847862243,14.240200889228632,13.748554057182488,15.60532244771952,14.043121099472046,12.480919751224572,0.22248634576058804,5.626909141573249,-0.03823727014357936,-0.04047119617310502,0.4660735248598181
289,14.035777365455168,14.19881963343918,13.35195045937646,14.102340698242188,391780000,50.37961314365088,0.34689249665320965,0.36519791399708107,-0.018305417343871422,14.06749005317688,13.549586296081543,12.018227589130401,14.227071347229924,13.762428043106398,15.617372291852087,14.06749005317688,12.517607814501671,0.22034950553602076,-2.055257260854509,-0.014889663719316215,-0.0775101354647566,0.5016070676771696
290,14.083145503096832,14.466068467380678,13.717423274073871,14.45833969116211,448320000,54.750817121710824,0.3226045815916674,0.35667924751599833,-0.03407466592433095,14.120528316497802,13.580035610198975,12.05160723924637,14.249096903794893,13.78971869597133,15.647511624302869,14.120528316497802,12.593545008692736,0.21627849519213901,1.6528521655160167,0.025243964852182055,-0.027304589867834794,0.5192526480792865
291,14.00611199836621,14.33443901715153,13.179188080871866,13.270181655883787,824436000,41.58408038539149,0.2051173452495494,0.32636686706270857,-0.12124952181315918,14.13996114730835,13.585904140472412,12.077785971164703,14.15586688018431,13.769344694399269,15.612292477990728,14.13996114730835,12.667629816625972,0.20825111403685115,-9.866742013097014,-0.08217804123142869,-0.10260310220802271,0.5735311453800691
292,13.7139341972768,13.8156484000983,13.323532538638371,13.67604160308838,500932000,46.33186209003838,0.14310771318871573,0.28971503628791,-0.14660732309919428,14.173043155670166,13.593996353149414,12.107303943634033,14.110169234746603,13.76568574964198,15.570558524491231,14.173043155670166,12.775527786849102,0.19720752324979196,-10.073271466506645,0.0305843550396796,-0.08119779252237247,0.5715265452968151
293,13.836090305328044,13.885950280412096,13.515242901527062,13.802933692932127,353184000,47.76139492442905,0.103016256909914,0.25237528041231083,-0.14935902350239683,14.215523624420166,13.603594341278075,12.137568438053131,14.080908706954748,13.767146453300418,15.510005852743616,14.215523624420166,12.921041396096717,0.1821223420992696,-7.482669890050605,0.009278422333483638,-0.03580455593451781,0.5571823191245451
294,13.861020214199105,13.881462909178811,13.358433857283094,13.36865520477295,264116000,43.491649893631696,0.035788299152745395,0.20905788416039775,-0.17326958500765235,14.223962306976318,13.606860122680665,12.164413857460023,14.013075040080292,13.751519345515028,15.493816965922594,14.223962306976318,12.954107648030043,0.17855146569440217,-12.55034045230112,-0.03146276710591989,-0.05202579551639186,0.5547428000367717
295,13.38859986982293,13.41377854511925,12.762859005310784,12.768842697143556,377592000,38.38725899079415,-0.06513931279442176,0.15421844476943386,-0.21935775756385562,14.186467790603638,13.59616018295288,12.18596782207489,13.894576721705365,13.712983006363206,15.576040547768386,14.186467790603638,12.79689503343889,0.19590116125807258,-14.096673964554887,-0.04486707888279173,-0.11685276664590227,0.5616125671633213
296,12.764852623838904,12.938614575428367,12.049863300020087,12.335559844970703,573344000,35.17566235849762,-0.17803519853554306,0.08776771610843848,-0.26580291464398154,14.128618001937866,13.57817575454712,12.204062886238098,13.746098923921112,13.658966411798795,15.711777905208248,14.128618001937866,12.545458098667485,0.22410683097996376,-16.58069629743328,-0.03393282088671834,-0.07043021980778141,0.5849796177522469
297,12.51480748470066,12.51480748470066,11.646498815490384,12.426555633544922,542840000,36.379493267223644,-0.257198576611291,0.01877445756449259,-0.27597303417578356,14.068649196624756,13.560809631347656,12.222337737083436,13.620428134361475,13.610636577357468,15.806715597667374,14.068649196624756,12.330582795582139,0.24708362213759674,-16.514243822815924,0.007376705209801937,-0.09136313019560383,0.6052174071421061
298,12.41508648345778,12.436276664198935,11.534063968796628,11.560739517211914,543112000,30.563548953107272,-0.3853580806617476,-0.062052050080755455,-0.32330603058099217,13.969041919708252,13.527204170227051,12.235464172363281,13.424267313680565,13.53024845735176,16.014991097509963,13.969041919708252,11.923092741906538,0.2929261991712088,-19.243165108941295,-0.06967466624426288,-0.1624433055755634,0.6264313563035492
299,12.100407665853616,12.585710586701868,12.029582238014877,12.48944854736328,521824000,41.387641096522714,-0.4072913525904944,-0.13109991058270326,-0.27619144200779117,13.873601245880128,13.517537784576415,12.25420416355133,13.33523695498368,13.489432774607115,16.006783300742995,13.873601245880128,11.74041919101726,0.3075167027013022,-11.437052794221247,0.08033301232751411,-0.06576627521186806,0.6548984786740066
300,12.808913047383374,12.948069551197852,12.426855781954256,12.437579154968262,384376000,41.003192909520955,-0.4239717724113028,-0.18967428294842317,-0.23429748946287962,13.784317684173583,13.5071431350708,12.271434631347656,13.249745735934592,13.44818361305265,15.999393404340179,13.784317684173583,11.569241964006988,0.32139069497938616,-13.976435602969472,-0.004153057054385956,-0.025943114034085446,0.6453495708575488
301,12.91814061708739,13.014154358534435,12.703170905345068,12.961533546447754,299916000,46.417661219579806,-0.39041195873509515,-0.22982181810575758,-0.16059014062933757,13.696252012252808,13.509097366333007,12.292821440696716,13.222296955983465,13.429099296715204,15.8950620298751,13.696252012252808,11.497441994630515,0.32108200340578064,-2.325877048557084,0.042126718145966136,0.050745463468548246,0.6404371160510222
302,12.617132129280913,12.85704089501398,12.559025962321956,12.824371337890623,243964000,45.2469696936069,-0.3706112329336779,-0.25797970107134166,-0.11263153186233626,13.57707142829895,13.507445735931396,12.314481225013733,13.184399278069861,13.405384474800515,15.691998969178723,13.57707142829895,11.462143887419177,0.3115439956324585,-6.227461789860523,-0.01058225155731829,0.03201335237833858,0.6234421494849347
303,12.833099637107122,13.174258245322084,12.73583966195434,13.158796310424805,221988000,48.647669465891354,-0.32419657835224847,-0.27122307652752303,-0.05297350182472543,13.489046478271485,13.508443946838378,12.338003644943237,13.181960900198904,13.395714350707351,15.517987768812986,13.489046478271485,11.460105187729983,0.3008279782873866,-4.666670121273977,0.0260772995200238,0.13823136407784853,0.610226180476564
304,13.323640516436615,13.479256868126042,13.084480431649451,13.258551597595217,272128000,49.65219862728822,-0.2761795858620104,-0.27221437839442053,-0.003965207467589882,13.387611150741577,13.513247165679932,12.360089831352234,13.189255252331886,13.390335419212757,15.24216198418205,13.387611150741577,11.533060317301103,0.27705478035754644,-0.8235952344587569,0.007580882385981091,0.06158022488465331,0.5948369130479944
305,13.007672980312252,13.420155624009675,12.957546539469924,13.308431625366213,243864000,50.177015246013696,-0.2314330557883597,-0.2640581138732084,0.03262505808484867,13.309822702407837,13.517881298065186,12.382770318984985,13.200605383097061,13.38712350572858,15.03619034194885,13.309822702407837,11.583455062866825,0.2594125674158981,4.225824853675773,0.00376210232345775,0.0700178434683636,0.5853920681545485
306,13.104184222736649,13.151567029011131,12.685715853663863,12.691202163696287,293896000,44.057072627078064,-0.24297549719391753,-0.25984159053735023,0.016866093343432698,13.205011987686158,13.504362163543702,12.402270040512086,13.152090790773178,13.359832472707707,14.810093199328085,13.205011987686158,11.59993077604423,0.24310181817914078,2.883065894010332,-0.046378828027599406,-0.020856435064780854,0.5880580469793915
307,12.718632702400823,12.889710986982736,12.581471167444477,12.814146995544434,299208000,45.48340123205816,-0.2394422040486308,-0.25576171323960634,0.016319509190975523,13.101487255096435,13.509062595367432,12.42266215801239,13.11990566741806,13.338433042230715,14.515608941739488,13.101487255096435,11.687365568453382,0.21587193256902412,3.119057069629387,0.00968740630417475,-0.0007972587565350242,0.5680710307335963
308,12.880983842945088,13.36154823506086,12.874998085903744,13.153810501098633,297804000,49.327298363779505,-0.206849604086619,-0.24597929140900887,0.03912968732238986,13.043403100967407,13.506007232666015,12.444747614860535,13.123134699197161,13.331192942578477,14.34418376658221,13.043403100967407,11.742622435352603,0.1994541847009738,13.780009328252016,0.026506915026985656,-0.0003788955470206412,0.5665946170752271
309,13.221643113543063,13.311671106919352,12.9892165090911,13.03859519958496,222048000,48.08869584236182,-0.18814779507375157,-0.23441299214195743,0.046265197068205866,12.990215826034547,13.501988773345948,12.465492100715638,13.115083318281712,13.319718521284614,14.197050384446294,12.990215826034547,11.783381267622799,0.18580669860666227,4.396884699425847,-0.008759081750801423,-0.016589775767826165,0.5491560442718717
310,13.118896401350066,13.126877093413306,12.605662461359328,12.611896514892578,245840000,43.71113180085824,-0.20538988770210764,-0.22860837125398747,0.02321848355187983,12.89789366722107,13.482560653686523,12.484676127433778,13.067160765577986,13.29196079554375,13.90779647982737,12.89789366722107,11.887990854614769,0.1565996493168315,1.4015376927646273,-0.03272581732623803,-0.05233788098261116,0.5471602291134506
311,12.468750209276983,12.683470687202512,12.241809920894694,12.504411697387695,295144000,42.657721250459836,-0.22513231166827907,-0.2279131593368458,0.0027808476685667327,12.859605169296264,13.463710231781006,12.502121834754943,13.01356561622653,13.261076517184689,13.86821093838201,12.859605169296264,11.850999400210519,0.15686418918893463,-3.526757442874788,-0.00852249440660735,-0.014718106598515468,0.5396245531987626
312,12.523612577983329,12.824620384035123,12.343058124473355,12.807662010192873,363968000,46.56999843024698,-0.2138435042195006,-0.22509922831337678,0.01125572409387618,12.81618618965149,13.44998743057251,12.51948549747467,12.993955748985229,13.243295556126187,13.752653324435387,12.81618618965149,11.879719054867591,0.14613819133496275,-0.13029354233046356,0.024251465814143724,-0.0005060801435956552,0.5354772465104058
313,12.788709827744803,13.030364297959585,12.668755911865413,12.91639518737793,273520000,47.94148619784241,-0.19388816226373606,-0.21885701510344865,0.02496885283971259,12.771859264373779,13.445050640106201,12.540235624313354,12.986569028832154,13.230475933822333,13.594285814839541,12.771859264373779,11.949432713908017,0.12878728671241535,-1.8421223136863767,0.008489697580910782,-0.018049166338596212,0.5230580421949605
314,12.810408344776906,12.943330782149031,12.673745284717413,12.84008502960205,200204000,47.02910068234263,-0.1821315033772244,-0.21151191275820383,0.02938040938097944,12.745430755615235,13.445383567810058,12.559925265312195,12.97261817176262,13.21516648659801,13.522147846146286,12.745430755615235,11.968713665084184,0.12188165397059707,-3.1562012253967895,-0.005908007355678424,-0.015224812715193936,0.5049528604261504
315,12.98348265572809,13.437363304695063,12.950563841520216,13.315414428710938,314776000,53.02593489272034,-0.1329268584132688,-0.19579490188921683,0.06286804347594804,12.772759342193604,13.451917419433594,12.580789403915405,13.005265434329127,13.219097778445576,13.588338085089374,12.772759342193604,11.957180599297834,0.12770595938523366,0.05246901769713708,0.03701917845661007,0.05578208741148649,0.5115475329023548
316,13.538860163952092,13.83587716537541,13.47800941308957,13.77777099609375,308276000,58.0060405687586,-0.055978229679764624,-0.1678315674473264,0.11185333776756179,12.844869899749757,13.460907440185547,12.604489789009094,13.078837392592424,13.241006532078838,13.743841512560662,12.844869899749757,11.945898286938851,0.13997364236883697,8.561591080044712,0.03472340796136786,0.10183280345544543,0.5121843331710775
317,13.833386929714822,13.979526181538688,13.699217290863874,13.953091621398926,255672000,59.7486556431048,0.018932776955498554,-0.13047869856676142,0.14941147552225997,12.921196699142456,13.463397045135498,12.628232111930847,13.162099700097805,13.268931437542372,13.918934415790785,12.921196699142456,11.923458982494127,0.15443425866499597,8.888181369001861,0.012724890358163377,0.0894331541771225,0.4956218015642015
318,13.965309496536149,14.019675048728104,13.739616396250584,13.827399253845217,191744000,57.893811744003365,0.06738123685684272,-0.0909067114820406,0.15828794833888332,13.034529685974121,13.46646411895752,12.651435670852662,13.225461562359463,13.290832136220915,13.893700770719509,13.034529685974121,12.175358601228734,0.1318300092821766,5.1208640468883475,-0.009008209145630719,0.07053082948077738,0.4802244337722956
319,13.84660035897789,14.20845797671302,13.677767211137832,14.108704566955566,251284000,60.82498890192204,0.12701186447089263,-0.04732299629145396,0.17433486076234658,13.115492486953736,13.47633897781372,12.675830249786378,13.309579943749569,13.322905564877177,14.055334334152057,13.115492486953736,12.175650639755414,0.1433178125995959,8.207244346420623,0.020344050818676074,0.09880149036620778,0.4838291717582166
320,14.217686408200958,14.435898249089426,14.2139448346701,14.281778335571287,244416000,62.55225713066359,0.18609004298149223,-0.000640388436864723,0.18673043141835696,13.207702445983887,13.494023056030274,12.699767203330994,13.402170266780209,13.360508418629887,14.222307408798564,13.207702445983887,12.193097483169211,0.15363837381469642,13.240529041027676,0.012267162289377076,0.07257482762058531,0.472640922499334
321,14.179032137087,14.372555124634204,14.140128521718337,14.364574432373049,195172000,63.3839920719105,0.236860497764793,0.04685978880346683,0.19000070896132618,13.277854490280152,13.523684043884277,12.724500579833984,13.493827806360478,13.399883556423736,14.402705025440724,13.277854490280152,12.15300395511958,0.1694325745148061,14.876051588848128,0.005797324034608753,0.04259059295191281,0.4554827568148006
322,14.254596031105418,15.314731433707978,14.104465977801848,15.171584129333496,869324000,70.3066396418635,0.3383154965945394,0.10515093036168136,0.23316456623285806,13.395215129852295,13.566827697753906,12.75433786392212,13.6536141228341,13.469362010263335,14.768644284498976,13.395215129852295,12.021785975205614,0.2050626498093167,18.45709324043151,0.05618055033650782,0.08732777946257086,0.5093958067498956
323,15.19402760878068,15.661375156600382,15.08853768793444,15.640925407409668,676212000,73.45042886511317,0.4513879139105921,0.17439832707146352,0.27698958683912855,13.519321584701538,13.620579719543457,12.785253682136535,13.84288186422225,13.554521359171035,15.199250795353576,13.519321584701538,11.8393923740495,0.24852270879524682,21.09358052697385,0.030935548593684636,0.13115453747096617,0.5139273540296132
324,15.586562476746504,15.681827538993751,15.19004028928494,15.239418983459473,385500000,66.92278423817093,0.5028043903654833,0.2400795397302675,0.2627248506352158,13.618364953994751,13.661370468139648,12.815831270217895,13.9758853993877,13.620595775809798,15.451687242029742,13.618364953994751,11.785042665959761,0.26924264318488716,18.68627776471807,-0.025670247347384434,0.08014303589233762,0.5123459180066987
325,15.62396691847129,16.174359665359855,15.593043048827145,16.097549438476562,598480000,72.53986142737938,0.605812841089449,0.3132262000021038,0.29258664108734517,13.757820844650269,13.712946796417237,12.850475268363953,14.177948641205687,13.717731213561436,15.87757041430039,13.757820844650269,11.638071275000147,0.3081519367908307,20.89409251706605,0.05630991942333807,0.12713900609861573,0.542531258284819
326,16.013507430530804,16.12598105828335,15.82621945225456,15.873353958129885,335208000,69.23200554613997,0.6617290779413754,0.38292677558995813,0.27880230235141723,13.916928434371949,13.76056276321411,12.882514605522156,14.339415814246086,13.80226543883863,16.166292416998473,13.916928434371949,11.667564451745424,0.32325580938837895,15.209883823952877,-0.013927304972942256,0.10503475288182162,0.5251905688379599
327,15.49827785931113,15.768611067379297,15.195524339740611,15.323957443237305,404420000,61.79547657379518,0.6541705206921495,0.43717552461039644,0.2169949960817531,14.042418956756592,13.794523277282714,12.911646270751953,14.433181683673821,13.86193963508956,16.311640758938392,14.042418956756592,11.773197154574792,0.32319528553731847,9.824817746742044,-0.034611243240827205,0.010043335791758423,0.5360933580916252
328,15.285551919658973,15.458874387907024,14.926188677668558,15.133926391601562,334132000,59.41806053376217,0.6256344672103644,0.47486731313039005,0.15076715407997437,14.141424751281738,13.826144104003907,12.939417901039123,14.499919274905034,13.911821468678266,16.419694203447133,14.141424751281738,11.863155299116345,0.3222121522032493,9.44882774967981,-0.012400912253877738,-0.032414898901565126,0.5358499546735424
329,15.081557836067637,15.324708787371998,15.065098905164293,15.322713851928713,216776000,61.02240207785931,0.6112073911785352,0.5021353287400191,0.10907206243851608,14.255630683898925,13.844633140563964,12.967002339363098,14.578280663193004,13.96715058174691,16.530313497025293,14.255630683898925,11.980947870772557,0.3191276294349456,8.604682869442989,0.012474453452602674,0.005465750929195323,0.5161185209259825
330,15.337175698398932,15.400519884321316,14.747130576116172,14.813716888427734,277788000,54.73909383849885,0.5523350537098892,0.5121752737339932,0.04015977997589604,14.365721702575684,13.856442470550537,12.991879839897155,14.600703160834406,14.000349260440277,16.52155597482961,14.365721702575684,12.209887430321757,0.30013588135532365,3.7245960577021444,-0.033218460412409834,-0.07975329132893949,0.5259235771602083
331,14.897511312075965,15.297275618549516,14.863595508360056,15.227697372436523,227500000,58.48339093110401,0.5329396706145317,0.5163281531101009,0.016611517504430795,14.501885986328125,13.866539478302002,13.017111854553223,14.660416895272704,14.048480558949935,16.50916374108684,14.501885986328125,12.494608231569408,0.27682989049163786,6.008691340818829,0.02794575373127217,-0.04067549853650643,0.5228975166574636
332,15.147642935688191,15.440919322295558,15.087790126519277,15.439921379089355,197796000,60.29670460241768,0.5286000214766329,0.5187825267834073,0.00981749469322557,14.63349895477295,13.871178245544433,13.041944961547852,14.734655417540957,14.103046865622069,16.52076660782325,14.63349895477295,12.746231301722649,0.25793798993435385,1.7686831346572622,0.013936710289303322,0.007567492684680266,0.5107712080230935
333,15.540174924345006,15.631948601560827,15.316726012485972,15.34390926361084,164572000,59.04033877644378,0.5115169934645891,0.5173294201196437,-0.005812426655054548,14.754874658584594,13.879670524597168,13.066446237564087,14.792679593357136,14.151708136131433,16.490990564890133,14.754874658584594,13.018758752279055,0.23532777424109697,-1.8989678427730428,-0.006218432925995776,0.013874976432144193,0.4968034495267908
334,15.32670273224523,15.494040417919788,15.178069111051128,15.239168167114258,209416000,57.62960856242021,0.48394818611679824,0.5106531733190746,-0.02670498720227632,14.874828815460205,13.878708724975587,13.09255156993866,14.835202314667338,14.194353627542524,16.381536025554166,14.874828815460205,13.368121605366245,0.2025848134168723,-0.001645839290113844,-0.00682623278703709,-0.005452407818993366,0.48388686790835284
335,15.36211192586429,15.398522104278095,15.03442032014005,15.287047386169434,173196000,58.122207569874206,0.46065303901832344,0.5006531464589243,-0.040000107440600896,14.97341046333313,13.887165660858154,13.11727807044983,14.878235178619919,14.237204363174952,16.307173349249197,14.97341046333313,13.639647577417062,0.1781508480225243,-5.034940600150336,0.003141852529621625,0.03195217657436533,0.475330790496188
336,15.137170190038916,15.32720085486518,14.960106128775966,14.972575187683104,201912000,53.70577197136008,0.412066146808149,0.4829357465287693,-0.07086959972062029,15.033150672912598,13.890868835449218,13.141178402900696,14.88721994138784,14.266042434724291,16.249184084335884,15.033150672912598,13.817117261489312,0.161780246587216,-5.6747853845055065,-0.020571153509397755,-0.016753825513712517,0.46759964303854706
337,15.087792841826364,15.209243217807904,14.751123464730156,14.800251960754396,203912000,51.40090019024665,0.3555570006570541,0.4574599973544263,-0.10190299669737218,15.07550868988037,13.88918104171753,13.164678053855896,14.878937276565608,14.286991827901943,16.19314159131342,15.07550868988037,13.957875788447321,0.14827133523968913,-3.417560277250885,-0.011509257744149792,-0.041429577433035325,0.4669225080413471
338,14.601240371190697,14.601489619166298,13.975783018917165,14.315943717956545,405324000,45.49179638482881,0.2685972456926109,0.41968744702206323,-0.15109020132945233,15.099935913085938,13.889190044403076,13.185423555374145,14.825318842412365,14.28812719613938,16.124898791380684,15.099935913085938,14.074973034791192,0.13575724879818732,-5.404960037990867,-0.032722972830603436,-0.06699502245442679,0.4924615390267674
339,14.672812250894037,14.777055926521586,14.352103386839238,14.422928810119627,292024000,46.94284167607451,0.2059398695745891,0.37693793153256844,-0.17099806195797934,15.115647125244141,13.895601806640625,13.205162973403931,14.786995982194009,14.293413533942527,16.08761489236166,15.115647125244141,14.143679358126624,0.12860418863500286,-5.872230275290478,0.0074731428308767445,-0.05356193645503926,0.4902223011366441
340,14.459591465964824,14.535404719230742,14.183024162475034,14.48727321624756,193380000,47.842154848018325,0.159635326727944,0.3334774105716436,-0.1738420838436996,15.125921869277954,13.896180477142334,13.226132264137268,14.758450956865776,14.301015874425078,16.066242230154504,15.125921869277954,14.185601508401405,0.12433230437166559,-2.203658100386589,0.0044612579715976874,-0.05231711197843536,0.4803764622522916
341,14.77182037137834,14.933920031269896,14.63565581990065,14.77581024169922,229328000,51.78848305547178,0.14455483135161096,0.2956928947276371,-0.15113806337602614,15.146483659744263,13.926293048858643,13.247994866371155,14.760104222088009,14.319635261377005,16.035919929854224,15.146483659744263,14.257047389634302,0.11744458847222346,-2.9675342219189256,0.01991658617496528,-0.01314169029157708,0.47796720173586615
342,14.750871407443766,14.76957547077731,14.214943531610285,14.2306547164917,268904000,44.87934842670219,0.08760408987096113,0.2540751337563019,-0.16647104388534079,15.099437189102172,13.93738531112671,13.268671445846557,14.709680459650265,14.316145828244249,16.074047840045772,15.099437189102172,14.12482653815857,0.12909231499661636,-7.832077851350941,-0.03689513578544901,-0.03848564509395447,0.4838885951896569
343,13.790989321233113,14.319435968974824,13.716174016861329,14.271055221557615,285584000,45.46005430992797,0.045209058176324035,0.21230191864030634,-0.1670928604639823,15.030943679809571,13.94674774169922,13.289227361679076,14.667906627450964,14.314377569158498,16.035782928838625,15.030943679809571,14.026104430780515,0.1337027495324612,-6.992051527556757,0.002838977255143149,-0.0031355597146296432,0.4924152635413596
344,13.97503230559784,14.225165931588482,13.675521901708088,13.724650382995604,303408000,39.41239719867908,-0.03210947580791057,0.16341963975066298,-0.19552911555857355,14.955205249786378,13.953867645263673,13.305920114517212,14.578072699407597,14.291251012838385,16.103832570667088,14.955205249786378,13.806577928905668,0.15360903467334452,-9.938323191333668,-0.038287626953935505,-0.04841446812342909,0.49978083899194303
345,13.999224078927783,14.046109333462992,13.42588811866728,13.631630897521973,285404000,38.47403811996174,-0.09974111266173935,0.11078748926818252,-0.21052860192992187,14.831909322738648,13.97112340927124,13.3231742811203,14.4879353849423,14.265383557335781,15.992907575913446,14.831909322738648,13.67091106956385,0.15655411962300542,-10.828883085331158,-0.006777548635328423,-0.059061654043079725,0.5083837229779266
346,13.855829803441582,14.292752013541277,13.714677433186372,14.207961082458496,258616000,46.90826440396598,-0.10561715398918636,0.06750656061670875,-0.1731237146058951,14.748639678955078,14.008571434020997,13.342064332962035,14.461271165658129,14.263131695575888,15.8354342801398,14.748639678955078,13.661845077770355,0.147375571556674,-5.106764171427254,0.04227888719032813,-0.03843099971859287,0.5192935367665964
347,14.122171332609264,14.134391142572785,13.819418762550056,14.130650520324709,216980000,45.99736187281877,-0.11518450011122994,0.03096834847112101,-0.14615284858235095,14.688974332809448,14.042653331756592,13.359827871322631,14.429783485150184,14.25793635536996,15.773901383397984,14.688974332809448,13.604047282220911,0.14771991917301291,-4.524257034307656,-0.005441355144844562,-0.007027378441773147,0.509954164133871
348,14.231902003595811,14.368814302100716,13.96954852184947,13.98126983642578,186256000,44.21090615106592,-0.13328404806646432,-0.0018821308363960552,-0.13140191723006828,14.63134150505066,14.09106393814087,13.37684075832367,14.387067899557383,14.247086687960385,15.737846452022206,14.63134150505066,13.524836558079114,0.15125133216111267,-2.3377703078769616,-0.01057139469156565,-0.020305813454781663,0.5020478509993979
349,13.53312663560361,14.044865162150495,13.509934202642045,14.03114891052246,344000000,44.97931777633968,-0.14196674157277833,-0.029899052983672514,-0.11206768858910582,14.566763257980346,14.121897945404053,13.392132258415222,14.353170852982629,14.238618539825564,15.654935525313771,14.566763257980346,13.478590990646921,0.14940481259448957,-2.716368532043794,0.00356756393948765,0.02233197341817883,0.5043966444643302
350,14.267313661284234,14.6476261145588,14.23539279664413,14.57655143737793,321592000,52.657817005129374,-0.10364367318529055,-0.04464797702399612,-0.05899569616129443,14.554904985427857,14.164677391052246,13.409066967964172,14.37444519435361,14.251870810317815,15.63720732371176,14.554904985427857,13.472602647143955,0.14871994552592224,0.6162527605970962,0.03887083875551012,0.06931823102896151,0.5124023987194739
351,15.126443178932425,15.18455029594632,14.83291756981621,14.954866409301758,672992000,57.127253273528474,-0.04225838055518416,-0.04417005773023373,0.0019116771750495726,14.541263437271118,14.204544048309327,13.427599258422852,14.429723405301052,14.279439265179931,15.595823958542628,14.541263437271118,13.486702915999608,0.1450438644235736,1.211819620539102,0.025953667679841974,0.052569494138424266,0.5192307172801108
352,15.17507511104745,15.706265365867369,15.13866492809838,15.573593139648438,554816000,63.239681443917156,0.05567420475879459,-0.02420120523242807,0.07987540999122265,14.547947025299072,14.259528484344482,13.448982257843017,14.538663380000804,14.33019039751203,15.626623489876017,14.547947025299072,13.469270560722126,0.14829260275709183,9.43694053373684,0.04137293596697322,0.10211438017296404,0.5358141629433608
353,15.727214784284769,15.779585403800764,15.444412487570158,15.60925579071045,435408000,63.56214798318297,0.13461243373898135,0.0075615225618538146,0.12705091117712752,14.561214351654053,14.308537673950195,13.471221256256104,14.640624561973151,14.380349824696282,15.684336299432623,14.561214351654053,13.438092403875483,0.15426212686045526,9.377026073947011,0.0022899436721008914,0.11644049312625615,0.5214826453210212
354,15.69554008775316,15.754893444902814,15.547904438727713,15.66137409210205,370440000,64.05835697408148,0.19908216500268594,0.045865651050020245,0.1532165139526657,14.582324647903443,14.356594123840331,13.493892765045166,14.737838802937809,14.4305860704769,15.769660466815722,14.582324647903443,13.394988828991163,0.16284589015551607,14.111279013023056,0.0033389356988191565,0.11618615068342897,0.49901881395345543
355,15.66112686872143,15.71125330157703,15.421966770902706,15.44989776611328,581476000,60.460532151616974,0.23045398924719507,0.08278331868945521,0.14767067055773986,14.590467166900634,14.399423446655273,13.517076539993287,14.805653942287854,14.470559078148916,15.799065917492351,14.590467166900634,13.381868416308917,0.16566964398967254,13.338586426381605,-0.013503050546210815,0.05991446828060254,0.4840379365763745
356,15.462864882329145,16.237454287840492,15.462864882329145,16.20453453063965,644536000,67.47962050915723,0.31260574171725075,0.12874780329501434,0.1838579384222364,14.652065134048462,14.46969009399414,13.541092281341554,14.938880664988025,14.538558115501495,16.043961353144233,14.652065134048462,13.260168914952688,0.18999317930429957,14.052498008642294,0.04884412673471128,0.08356264022262416,0.5057178355157201
357,16.22997265762719,16.347931629920918,15.864124228355529,16.224485397338867,472804000,67.64316068955497,0.37499871388241957,0.1779979854124954,0.19700072846992417,14.723276805877685,14.53789686203003,13.565194063186645,15.0613192109262,14.604672910867667,16.274792163737118,14.723276805877685,13.171761448018254,0.2107568007198032,14.817682130079628,0.0012311903598030138,0.04179461039298249,0.5041528045192679
358,16.212265926193794,16.87712625493025,16.195556800663763,16.736970901489258,594168000,71.5947514679189,0.4604906415351344,0.23449651663702323,0.2259941248981112,14.844328165054321,14.609560070037842,13.591255326271057,15.22090508621792,14.68829243991165,16.612489614887664,14.844328165054321,13.076166715220978,0.23822721111701758,19.709948361657222,0.031587165423098584,0.07224656485224279,0.516825422358355
359,16.659660326680882,17.216537251352364,16.542199867808534,16.927997589111328,580008000,72.9221962077951,0.537462336098594,0.2950896805293374,0.24237265556925658,14.969581604003906,14.68734811782837,13.614419860839844,15.38348532458872,14.77612401439007,16.94352724339829,14.969581604003906,12.995635964609523,0.2637275632161173,20.64584088631843,0.011413456398198907,0.08087563004117437,0.528076276728746
360,17.07039788842642,17.617548491853103,17.0534414177765,17.535003662109375,617120000,76.65544646911692,0.6400650047723886,0.36408474537794766,0.27598025939444093,15.121968126296997,14.785810260772704,13.64099937915802,15.588391832924021,14.884315373124162,17.374373189699355,15.121968126296997,12.86956306289464,0.2978984011327786,20.295968065157254,0.03585811433411923,0.13495920345631163,0.5396101785868195
361,17.528023884085115,17.76867947172536,17.150455047093143,17.575654983520508,575756000,76.88528798048424,0.7164003633641709,0.4345478689751923,0.2818524943889786,15.261960363388061,14.887235126495362,13.668391318321229,15.777654990123686,14.989858102943627,17.746932807160018,15.261960363388061,12.776987919616102,0.32564262841792746,17.524653865103396,0.0023182955757787838,0.08461338092052784,0.5452254818757765
362,17.484135437637658,17.57815332039615,17.208564141055195,17.414058685302734,323848000,73.77573565577599,0.7551522887464657,0.498668752929447,0.25648353581701866,15.421130561828614,14.979363059997558,13.694962825775146,15.933502961093119,15.084924792447906,18.02638191400043,15.421130561828614,12.815879209656794,0.33788072044737194,11.817860715576932,-0.009194325808585257,0.073319631336904,0.5326800316947179
363,17.476668838830243,17.53578651537841,17.21724873586014,17.31951904296875,381656000,71.94254493263182,0.7693661358683848,0.5528082295172346,0.21655790635115013,15.57355375289917,15.067425537109376,13.718358345031739,16.06550449270032,15.172555939527154,18.247622637332366,15.57355375289917,12.899484868465972,0.3434115201786096,10.956725132764698,-0.005428926365900866,0.03480606765156402,0.5173841565392573
364,17.311284529275444,17.452967859710565,17.137673016665815,17.38611602783203,287772000,72.46165239873974,0.77704721561547,0.5976560267368818,0.17939118887858818,15.75662703514099,15.158346157073975,13.74190372467041,16.191277019855722,15.259362217499895,18.400481939984378,15.75662703514099,13.112772130297603,0.3355864042408274,11.01271143634682,0.003845198281664519,0.02706276606604563,0.5029492055753639
365,17.44049548819086,17.89922071360538,17.40482582522779,17.78547477722168,416308000,75.40081152196665,0.8060675946778524,0.639338340325076,0.1667292543527764,15.964319229125977,15.247747364044189,13.767297654151916,16.3431053777001,15.358425455136043,18.559997846217332,15.964319229125977,13.368640612034621,0.32518500536567696,15.117103339227855,0.02296998068748346,0.014284064032078714,0.5036745970180772
366,17.866042920276705,17.999244162607233,17.62333583892256,17.978540420532227,321376000,76.69574348200581,0.8350196513050285,0.6784746025210665,0.15654504878396203,16.152848196029662,15.33176275253296,13.793542304039,16.498861096065063,15.461175061622168,18.758579074590834,16.152848196029662,13.54711731746849,0.3226342310579821,10.94758930926572,0.010855242591432557,0.022922925910270564,0.49454843463711967
367,17.87502096270632,17.976044703982375,17.688438006595494,17.748802185058594,243032000,71.8488972205887,0.8298602962451795,0.7087517412658891,0.1211085549792904,16.333755779266358,15.407676963806152,13.819359550476074,16.617903104540638,15.55088592920791,18.853771718876896,16.333755779266358,13.81373983965582,0.30856539961364915,9.39516262235192,-0.012778469781187685,0.01922260087697869,0.4799451474442349
368,17.751048686283887,17.914682262565314,17.545257811678535,17.770503997802734,307124000,72.02872124714187,0.8180921678417477,0.7306198265810608,0.08747234126068681,16.523217487335206,15.486539058685302,13.8426966381073,16.727674618184647,15.637929775035158,18.87117584451165,16.523217487335206,14.175259130158762,0.28420110780193003,6.1751502251910635,0.0012227198499292768,0.026039115388545975,0.4720508119758452
369,17.734834323579165,18.792966905127752,17.716625537466296,18.61561393737793,809656000,77.9386932127687,0.8669653140690841,0.7578889240786655,0.10907638999041858,16.75244073867798,15.57667724609375,13.86912938117981,16.90747836286972,15.754701702970168,18.97421450612886,16.75244073867798,14.530666971227099,0.2652477692186377,9.969379658655757,0.04755689200934832,0.07071722675597547,0.515214423096246
370,18.74208463201298,19.331765442705965,18.54253016298032,18.597158432006836,968856000,77.5533293716415,0.8939040599546999,0.7850919512538724,0.10881210870082747,16.953471088409422,15.662984848022461,13.893224325180054,17.068400274216113,15.86617059430494,19.076752438347295,16.953471088409422,14.83018973847155,0.2504833775768192,6.057339880644706,-0.0009913992325569776,0.04563744656536817,0.5347873414269173
371,18.394110948679845,18.495136607237573,17.782978507688828,18.38612937927246,672384000,73.10240226338878,0.8879887477101498,0.805671310545128,0.08231743716502182,17.125034236907958,15.743415946960448,13.913644752502442,17.19389828422148,15.964992507440922,19.125585625477765,17.125034236907958,15.12448284833815,0.23364057097862134,4.6113467549964975,-0.011347381564012604,0.022670859213618444,0.5547439544905667
372,18.430278496257458,18.921430408685627,18.34496858666156,18.84460067749023,580144000,76.28658978338771,0.9098079229010487,0.8264986330163122,0.08330928988473651,17.288584613800047,15.816876277923583,13.942991924285888,17.35110803596136,16.07791831803109,19.28988389382905,17.288584613800047,15.287285333771045,0.23151684475448966,8.214868331613339,0.024935715873653397,0.06173929265796363,0.5562952307429594
373,18.965333770522275,19.110010659811476,18.865556539871367,19.01472282409668,332356000,77.35771155066048,0.9301055342710569,0.8472200132672612,0.08288552100379576,17.45885796546936,15.884352226257324,13.975148606300355,17.509547539593296,16.193087122190526,19.43903682508965,17.45885796546936,15.47867910584907,0.22683944889599844,9.787822496238057,0.009027633406403668,0.070015956016092,0.5355177129985512
374,19.184844909364667,19.37666521172069,19.045654629248613,19.162643432617188,320924000,78.2765235788574,0.9472086625566476,0.8672177431251384,0.07999091943150916,17.633921432495118,15.962816715240479,14.011581401824952,17.66698524369081,16.30954031083471,19.565994612979885,17.633921432495118,15.70184825201035,0.21913142665186391,10.21808092124346,0.007779267144144342,0.029385519976909746,0.5231194754717984
375,19.23747460979559,19.30233009055786,18.85233631585316,18.9885311126709,278364000,74.44704773680229,0.9359248468011323,0.8809591638603372,0.05496568294079507,17.810853099823,16.020636348724366,14.043146061897279,17.792846755022246,16.414598773651814,19.548866079405382,17.810853099823,16.072840120240617,0.19516336133272075,6.764263257059657,-0.009086028269457258,0.021044757030756145,0.5178962111312913
376,19.31804607968373,20.033945692644743,19.27589067856484,19.940404891967773,495436000,80.16126067760396,0.9923513912465509,0.90323760933758,0.0891137819089709,17.997646617889405,16.101977367401123,14.08148009300232,17.99737610139801,16.55286568025244,19.806532501955918,17.997646617889405,16.188760733822892,0.20101360166373147,10.912256643453757,0.050128879040132635,0.08453522112421985,0.5555760946200451
377,19.83813240846076,20.053899319285392,19.61313549933401,19.9820613861084,367632000,80.36816250350294,1.0285743997748753,0.9283049674250391,0.10026943234983621,18.18552541732788,16.195139446258544,14.120756382942199,18.186393747560906,16.687343943227187,19.99926040902694,18.18552541732788,16.37179042562882,0.19947017752600793,12.582591082849639,0.0020890495637531092,0.0603600324615452,0.5473752178579977
378,19.954621891960947,20.117507567563237,19.819424307190975,19.95786476135254,326568000,79.84724739006366,1.0433023890997362,0.9513044517599786,0.09199793733975759,18.346570110321046,16.291618213653564,14.156383895874024,18.355105272683918,16.815599661585043,20.188978414837937,18.346570110321046,16.504161805804156,0.20084498556822078,12.308940499494357,-0.001210917346729845,0.04960061453331566,0.5295686494661594
379,20.08008916798285,20.410349886109096,19.974324818701906,20.166894912719727,480136000,80.99335951725033,1.0596266960690173,0.9729689006217863,0.08665779544723096,18.508514976501466,16.388501834869384,14.192464652061462,18.527656666973044,16.947023004766795,20.392609103524673,18.508514976501466,16.62442084947826,0.2035921444173415,8.333224896907696,0.010473572893026306,0.05240672998137508,0.5240626834154736
380,20.39463557614334,20.45949105387134,20.24247574556543,20.44128036499023,342764000,82.40769461718429,1.0822291755443771,0.9948209556063046,0.08740821993807257,18.653828811645507,16.501053104400636,14.232292461395264,18.709906542974682,17.084052705167714,20.659550076000155,18.653828811645507,16.64810754729086,0.21504660352650867,9.916148962895049,0.013605736205698271,0.07650666835150433,0.507529358968055
381,20.69122385571064,20.7954904830184,20.304839002416227,20.65231132507324,446708000,83.42902178032772,1.1044389534243493,1.0167445551699135,0.08769439825443581,18.807661628723146,16.60954538345337,14.27342963218689,18.894897474603116,17.223984415752245,20.92769803369566,18.807661628723146,16.687625223750633,0.22544391182950504,12.325497656703917,0.010323764280658398,0.035701704000615786,0.5063237962276349
382,20.806969493155897,20.82842115434022,20.286633492945462,20.3262939453125,418428000,76.08058084053148,1.0832464932249017,1.030044942780911,0.053201550443990664,18.953273391723634,16.707272834777832,14.314303712844849,19.03122094800401,17.345643612989903,21.07048056300571,18.953273391723634,16.83606622044156,0.22341335214492294,7.862693899330769,-0.015785999669922335,0.017227079456547667,0.5088569294538579
383,19.812193120256214,20.08807493944189,19.65679038448507,19.858339309692383,503300000,66.96335069455176,1.0169683099624791,1.0274296162172247,-0.010461306254745617,19.080214405059813,16.797561435699464,14.35120310306549,19.109994125307665,17.4441806991351,21.09220554107896,19.080214405059813,17.068223269040665,0.21089816846980455,4.436648871508229,-0.023022132656309147,-0.0049867785381972896,0.5203316888376844
384,19.91795284925319,20.035440254937832,19.71016751816278,20.00550651550293,296624000,68.25189364286457,0.9651914100356365,1.014981974980907,-0.049790564945270566,19.211183929443358,16.892888202667237,14.38823770046234,19.195281019611976,17.544624848796584,21.1024098550628,19.211183929443358,17.319958003823917,0.19688801404070874,4.398469792800533,0.007410851608256941,-0.00800263986673555,0.5063989065474964
385,20.19483717208179,20.48693334951167,20.142703851662763,20.46673011779785,321984000,71.94504903980939,0.9504188964864468,1.0020693592820151,-0.051650462795568286,19.345246696472167,16.996481857299806,14.430140457153321,19.31637140991539,17.65921721228683,21.19283813631865,19.345246696472167,17.497655256625684,0.19101244546893398,7.784693804675405,0.023054832525110314,0.0012450175504274963,0.5046151870804424
386,20.3549707500831,20.415586131085917,20.069111117742807,20.20480728149414,290708000,67.16667512766725,0.9071198758924943,0.983079462604111,-0.07595958671161673,19.456560039520262,17.101126499176026,14.469615812301635,19.400984350065748,17.759044273824372,21.228063118308942,19.456560039520262,17.685056960731583,0.182098282038592,1.3259629930226318,-0.012797493043402275,-0.02166847267287697,0.496972602292914
387,20.31232071152848,20.37218628598519,19.708671252768255,19.797222137451172,380100000,60.43954165651986,0.8303446787411843,0.9525325058315258,-0.12218782709034148,19.558981037139894,17.20106590270996,14.504432640075684,19.438721282197694,17.83897281749601,21.151521670920523,19.558981037139894,17.966440403359265,0.16284494890164342,-0.9250259274337305,-0.0201726815982195,-0.026028936179157136,0.5088684902160584
388,19.7675415635898,19.802712615853245,18.81641780631907,18.923927307128903,550564000,49.09385986035293,0.6910660087109903,0.9002392064074187,-0.2091731976964284,19.6166522026062,17.29322557449341,14.534079251289368,19.389693284572093,17.881520052383575,21.018012413576376,19.6166522026062,18.215291991636025,0.14287455336379928,-5.1806015652827115,-0.044111988250625456,-0.047053884415572234,0.5429703701673525
389,18.988030726422647,19.11424759877164,18.032667088106123,18.12047004699707,688224000,41.394738673357416,0.5099756908282593,0.8221865032915869,-0.3122108124633276,19.591895008087157,17.367176399230956,14.558757767677307,19.26881488099352,17.890890640407633,21.078049593933105,19.591895008087157,18.105740422241208,0.15171116272647364,-10.147446468974898,-0.042457215518322045,-0.0942258806116747,0.5814425230600786
390,17.875275342534227,18.99951019461579,17.825635073987275,18.73784637451172,749060000,48.126536987666384,0.4115335170087313,0.7400559060350158,-0.3285223890262845,19.598929405212402,17.45218786239624,14.585004134178162,19.218246451804777,17.924104590764657,21.0674106494247,19.598929405212402,18.130448161000103,0.14985321022910073,-8.33330378558861,0.03407065743401949,-0.08447288518172702,0.6237591371721098
391,18.688205629147088,18.79596444122418,18.12346861048964,18.57046890258789,434687000,46.56488333042969,0.3163645680563896,0.6553176384392906,-0.338953070382901,19.608146381378173,17.528081035614015,14.609994916915893,19.15655335187936,17.949452210836156,21.048100121785303,19.608146381378173,18.168192640971043,0.14687301006429165,-10.08043307945807,-0.008932588547182485,-0.08088859033083495,0.6272403295694263
392,18.83986794741702,19.48342919463294,18.700180942970537,19.366689682006836,371017000,54.181500980688405,0.3017128945225167,0.5845966896559358,-0.2828837951334191,19.634250831604003,17.630801734924315,14.64171950340271,19.176566335701025,18.005030150882067,21.03632103825388,19.634250831604003,18.232180624954125,0.14281881378362088,-4.720999636665005,0.042875642160440375,-0.02174711444136812,0.6476488983176851
393,19.59817284947794,19.842625113327063,19.232988381513685,19.55027961730957,323826000,55.747784771733606,0.3014406905013516,0.527965489825019,-0.22652479932366743,19.66102867126465,17.736386222839357,14.671469779014588,19.212158076806602,18.065628169173344,21.034920914541566,19.66102867126465,18.287136427987733,0.13975792073228732,-1.5512862761512785,0.009479675583034863,0.03309843142045432,0.6449337435673774
394,19.61214133230941,19.65604377849129,19.2070471107687,19.514360427856445,195672000,55.34912474116787,0.2949268552520259,0.48135776291042043,-0.18643090765839454,19.67861452102661,17.852180423736574,14.700571913719177,19.240939253097064,18.122441198925625,21.035437130358293,19.67861452102661,18.321791911694927,0.13789818463915918,-2.455054498449609,-0.0018372724153429276,0.07692352225103405,0.6309382381498929
395,19.26790448926892,19.398610751293184,18.871789209984744,19.25094223022461,203943000,52.39023129294268,0.26544901579828206,0.4381760134879928,-0.17272699768971073,19.691735076904298,17.964566650390626,14.72722297668457,19.241891917585402,18.166696141329506,21.026507227053482,19.691735076904298,18.356962926755113,0.13556673852622456,-5.940313281973626,-0.013498684653574955,0.02738286169379811,0.6317691652728792
396,19.222012172569684,19.578215925957867,18.69918123958821,19.16514015197754,248863000,51.42587618501756,0.23248417219745576,0.3970376452298854,-0.16455347303242962,19.652971839904787,18.063710231781005,14.754069347381591,19.23458222562275,18.205850808413743,21.001563492796844,19.652971839904787,18.30438018701273,0.13724048086750743,-5.145642396049216,-0.004457032659542115,0.0320224143240011,0.6494309882083632
397,19.27588707854818,19.60215699543012,18.95261072554939,19.459476470947266,202191000,54.51866725113217,0.2274874435710572,0.3631276048981198,-0.13564016132706258,19.62684259414673,18.17028675079346,14.78276623249054,19.256000725177465,18.25501259910133,20.969152767687888,19.62684259414673,18.284532420605572,0.13678309866727845,-1.7060255431744622,0.015357900679862979,0.004791050533877961,0.6494392226135323
398,19.475443459730137,19.808699693651445,19.284869681606036,19.618125915527344,190781000,56.139717281376406,0.23363597434512684,0.33722927878752124,-0.1035933044423944,19.60985565185547,18.283023872375487,14.80994728565216,19.29048883854412,18.3084680232749,20.943550683794694,19.60985565185547,18.276160619916244,0.13602293210282065,3.668364378766806,0.00815281155260994,0.003470349250539684,0.6404671361443806
399,19.37467147777708,19.58619833114908,19.22001855051348,19.45549201965332,183497000,54.014370751623275,0.22281703696910427,0.3143468304238379,-0.09152979345473361,19.57428550720215,18.391510734558107,14.836204252243043,19.306203427221188,18.353449356466214,20.884395646090184,19.57428550720215,18.264175368314113,0.13386032797018255,7.367479812575227,-0.008289981243585709,-0.003016671154597028,0.6231557239207722
400,19.65604303889912,19.91646033514249,19.31779876840227,19.705930709838867,217444000,56.73088850624494,0.23177945121102184,0.2978333545812747,-0.06605390337025285,19.53751802444458,18.494098320007325,14.864476046562196,19.344272692232394,18.406487840912202,20.78816236239729,19.53751802444458,18.28687368649187,0.1280248940922745,5.166465323592319,0.01287239047630151,0.023634608331009943,0.6214061412650185
401,19.69594907533359,20.17687382086152,19.17710902193863,19.770782470703125,301811000,57.432145503840786,0.24133328430470513,0.2865333405259608,-0.04520005622125567,19.493441581726074,18.59041664123535,14.89369640827179,19.38489267113437,18.459989591100083,20.64177514328154,19.493441581726074,18.34510802017061,0.11781742661921309,6.463560906359045,0.003290976803845158,0.031601246530049254,0.6484317596691521
402,19.945393101365298,20.27266220607287,19.783753941478007,20.228759765625,231309000,62.10313962457077,0.28260204561911095,0.28574708154459083,-0.0031450359254798776,19.488564872741698,18.683519973754883,14.92599669933319,19.465260965847765,18.52935312735596,20.623459050117177,19.488564872741698,18.35367069536622,0.11646770142247208,4.45130323133692,0.023164348482439534,0.039532579194834216,0.6379637579334801
403,20.454252790573072,20.68673263656385,20.296604434887584,20.59094619750977,211435000,65.34208009211429,0.3406069495272561,0.2967190551411239,0.04388789438613222,19.52519521713257,18.78315378189087,14.961671810150147,19.57246908314891,18.610199914420818,20.749254021077476,19.52519521713257,18.301136413187663,0.12538249070829718,5.323026578498682,0.017904529792292845,0.04958782944768747,0.6251072660052923
404,20.478199273286513,20.524096148760073,20.164898907628032,20.3205509185791,178497000,61.140792524054845,0.3606008326229002,0.30949541063747915,0.05110542198542106,19.540947437286377,18.87633731842041,14.995258483886719,19.6437149722375,18.677272502819182,20.797015021237254,19.540947437286377,18.2848798533355,0.12855749067255104,4.1312678102011064,-0.013131755886155894,0.04446348095704433,0.6108886962821812
405,20.400372185145788,20.46223410099579,20.098048857451968,20.249710083007812,146443000,60.051406274381726,0.36650502386169137,0.3208973332823216,0.04560769057936975,19.530096435546874,18.9723335647583,15.029092841148376,19.701428792310864,18.73893672165011,20.757406087502808,19.530096435546874,18.30278678359094,0.1256839315674959,5.188150485512885,-0.0034861670756435315,0.027594706445275508,0.5932670210865841
406,20.276652149351023,20.38441095043881,19.79073746939865,19.89151382446289,179238000,54.74035506441482,0.3383800587789665,0.3243938783816506,0.013986180397315862,19.514431762695313,19.046073150634765,15.061952424049377,19.719532128706295,18.7841358237212,20.71459217470548,19.514431762695313,18.314271350685146,0.12300234273840847,3.790077540395139,-0.017688957376505665,0.006106554150735688,0.593296053940411
407,19.998274902544892,20.00426203166139,19.386643798764577,19.65504264831543,185925000,51.502008513796504,0.293624849192085,0.3182400725437375,-0.024615223351652504,19.507322788238525,19.114684295654296,15.092486963272094,19.713390273430974,18.818289032528817,20.70237218868403,19.507322788238525,18.31227338779302,0.1225231584485834,1.0049919773542815,-0.011888043224575706,-0.02836145784303079,0.5950333524372969
408,19.8256587030102,19.984302369421908,19.576216606059397,19.860580444335938,151652000,54.04667472529661,0.27161025162916275,0.30891410836082256,-0.03730385673165981,19.55415544509888,19.17715648651123,15.126287236213685,19.727408384945733,18.859163205540863,20.727295681964545,19.55415544509888,18.38101520823321,0.11998884228566431,1.2358699798980084,0.010457255153202283,-0.03547023755820222,0.5816799532176693
409,19.860582533688213,20.168893013178696,19.80670218249328,20.1429500579834,183063000,57.35696533012107,0.2737922853779047,0.301889743764239,-0.028097458386334317,19.655279445648194,19.241455535888672,15.160225806236268,19.766983782377892,18.90950778798959,20.652073715541007,19.655279445648194,18.65848517575538,0.10142763654408486,3.5334908910842753,0.014217591194722212,-0.008739962873414164,0.5660021587510798
410,20.09006796888295,20.24172919957382,19.409588774585117,19.905481338500977,210876000,53.84410809792649,0.2534383423405373,0.29219946347949866,-0.03876112113896135,19.713661193847656,19.288865089416504,15.196813859939574,19.780174025818187,18.948565574284153,20.62148750533807,19.713661193847656,18.805834882357242,0.09210123909137012,1.0126424963144565,-0.011789172827160188,-0.016999193721577766,0.5850120349109103
411,19.641070192734382,19.725881495356077,19.224003737171717,19.41457748413086,204585000,47.38346349085367,0.19544291320378093,0.27284815342435514,-0.07740524022057421,19.755866622924806,19.32564353942871,15.228968544006348,19.745355307562253,18.966840551140887,20.513188158987518,19.755866622924806,18.998545086862094,0.0766680146730604,-1.8016736924808097,-0.024661742462897207,-0.023976874990051633,0.5919024325122209
412,19.456485405778384,19.590187158874645,18.95760116460458,18.997512817382812,285913000,42.69620816524261,0.11450751339076604,0.24118002541763733,-0.1266725120268713,19.737407779693605,19.357312622070314,15.261480298042297,19.674132213259448,18.96804338511116,20.547902291715864,19.737407779693605,18.926913267671345,0.0821277567012745,-6.086616097613962,-0.02148203673703164,-0.03345349296349509,0.5948084012092097
413,19.450499831207676,20.449267516834222,18.720132893608813,19.753822326660156,766555000,51.974079624124435,0.11012404119026442,0.21496882857216276,-0.10484478738189834,19.747584915161134,19.40599868774414,15.297540583610534,19.681721747869037,18.99885824556406,20.553523842941573,19.747584915161134,18.941645987380696,0.08162404985145115,-4.065494916162974,0.03981097507592235,-0.005375377521064761,0.6758317027817954
414,19.946392332251655,20.818442681603692,19.888523090251827,20.76955223083496,675741000,61.08641329149841,0.18646160898797248,0.2092673846553247,-0.02280577566735223,19.81034450531006,19.4736674118042,15.33649257659912,19.78532465100865,19.068297225378608,20.72236818770797,19.81034450531006,18.898320822912147,0.09207549945973416,2.2095922204812717,0.051419410753935635,0.031107765796361875,0.7036023207933483
415,20.924201575683597,21.947911015070833,20.903248530842916,21.908998489379883,575807000,68.34288549365407,0.33504132393861497,0.23442217251198277,0.10061915142663219,19.943247318267822,19.556137886047363,15.377280044555665,19.9875793022821,19.179697274947287,21.199996336322968,19.943247318267822,18.686498300212676,0.12603253602576306,8.194134136095277,0.0548613781308811,0.10065152993832527,0.7375134967535286
416,21.70445975402652,21.90999945326239,21.486945796783075,21.744369506835938,297299000,66.41583522712008,0.43449900144414855,0.27443753829841594,0.1600614631457326,20.07220878601074,19.631454467773438,15.415421280860901,20.154892655096752,19.28027265658998,21.500708673626058,20.07220878601074,18.643708898395424,0.1423360929377045,9.314804789238194,-0.007514217622669794,0.12000220064585032,0.7150520795910847
417,21.68849725920362,22.419861502010125,21.67353133802832,22.163434982299805,347701000,68.82551479422523,0.5408998522168922,0.3277300010821112,0.21316985113478099,20.20740671157837,19.71974712371826,15.453654065132142,20.346182400544663,19.393337845833504,21.8708535052662,20.20740671157837,18.543959917890536,0.16463733495646588,12.762080341755762,0.01927236728257964,0.1666492974817293,0.7172862284761363
418,22.15046036413365,22.29014733822545,21.741375451642853,22.018754959106445,237940000,67.03716787318274,0.606556814906984,0.38349536384708577,0.22306145105989822,20.327438163757325,19.804712142944336,15.495805292129516,20.505475025169595,19.496295379687346,22.142974217055986,20.327438163757325,18.511902110458664,0.17862910600664472,10.86662356530471,-0.00652787003949995,0.11465794290300413,0.7052494897694549
419,22.134496340275508,22.671295897934023,22.1175340779144,22.585487365722656,304722000,70.2933598301616,0.6962945495662467,0.446055200990918,0.2502393485753287,20.48393793106079,19.88410961151123,15.545080580711364,20.7035714385556,19.617440163453438,22.50034604357641,20.48393793106079,18.46752981854517,0.1968769988760845,12.126015805570594,0.025738621809850537,0.08743256063997928,0.7014845932736066
420,22.779052466422176,22.99157648068366,22.500675753070578,22.63736915588379,262580000,70.57987758884585,0.7628056292173682,0.5094052866362081,0.25340034258116007,20.630509853363037,19.96491382598877,15.59138533115387,20.887742649729713,19.735868751391884,22.81828555561022,20.630509853363037,18.442734151115854,0.2120912878835661,13.72429920646442,0.0022971295381419843,0.033245274395220514,0.686442888583569
421,22.648343804147203,22.648343804147203,22.074527018796815,22.33898162841797,259850000,66.60127164462047,0.7824195141693551,0.5640081321428375,0.21841138202651755,20.75891981124878,20.04397087097168,15.636004991531372,21.025955885795263,19.837951609314477,23.029680692746236,20.75891981124878,18.488158929751325,0.21877447402316016,15.062929629436784,-0.01318119280606711,0.02734556738447158,0.6783981669240562
422,22.438784759124236,22.650348906025947,22.31104759248821,22.394874572753903,201767000,66.97678927165398,0.7933287527634398,0.609872256266958,0.18345649649648188,20.867225551605223,20.114976348876954,15.681700382232666,21.156329094077037,19.938223098076808,23.231224305603536,20.867225551605223,18.50322679760691,0.22657528171649644,17.88319233169559,0.002502036362518556,0.010442406181123687,0.6541769631107475
423,22.471715025421343,22.546561628038457,22.249173817151615,22.349966049194336,187834000,66.33146726891312,0.7892526471869523,0.6457483344509569,0.1435043127359954,20.955176544189452,20.181681213378905,15.726083369255067,21.27000880408821,20.032801253022594,23.40098651654169,20.955176544189452,18.509366571837216,0.23343253321627797,13.142487968165897,-0.0020053036427453153,0.015042226079677201,0.6286920236661828
424,22.279108568441263,22.938749089053665,22.154365523608845,22.796043395996097,280532000,69.47733641258272,0.8126493027087953,0.6791285281025247,0.13352077460627065,21.078951168060303,20.254349212646485,15.773160309791566,21.415345431888962,20.141163690001946,23.63197173340638,21.078951168060303,18.525930602714226,0.2422341173420924,9.757028666956817,0.019958748296078133,0.009322625049614564,0.6398128480789426
425,22.78606358536251,22.85192789740587,22.475702069426948,22.615415573120117,198107000,66.75730198279908,0.8073099979143343,0.7047648220648867,0.10254517584944767,21.197236442565917,20.32688690185547,15.819301710128784,21.52963782629193,20.238193175614423,23.804258652021733,21.197236442565917,18.5902142331101,0.24597755622715864,3.2243239419759937,-0.007923647965493275,-0.0009697939107895515,0.6209852037860839
426,22.46672724531443,22.563527993240072,21.931827737265916,22.2930850982666,254434000,62.08611622081985,0.7682136956179448,0.7174545967754984,0.05075909884244645,21.317315006256102,20.373940505981444,15.863774127960205,21.602347090289516,20.318777172581175,23.893762929059772,21.317315006256102,18.740867083452432,0.24172349304286647,2.5234835678181438,-0.014252688561541493,-0.0020545489008765294,0.6254568203623779
427,22.26613522548103,22.491670487300535,22.085507536787368,22.131412506103516,196856000,59.82496036196005,0.7159311585964474,0.7171499091396882,-0.0012187505432408319,21.441133499145508,20.416927528381347,15.909195227622986,21.652734272747992,20.38986091115068,23.92239948481705,21.441133499145508,18.959867513473966,0.23144914290752652,-0.1444833628986793,-0.007252140807359919,-0.011764391258119455,0.6097929725160057
428,22.302059384512948,22.57948778548867,22.22422061022854,22.431793212890625,248376000,62.55371835777462,0.6907722910031175,0.7118743855123741,-0.021102094509256597,21.569694137573244,20.466406097412108,15.95585777759552,21.726930362285387,20.469936687689504,23.975358553594877,21.569694137573244,19.16402972155161,0.22305966887412607,1.8758474516442025,0.013572595364361284,0.0036611761966967027,0.5982417087209448
429,22.637372339454643,22.916797475878276,21.81306999526155,22.10646629333496,297500000,57.961907150331335,0.6372368736249534,0.6969468831348901,-0.05971000950993666,21.66786994934082,20.505197525024414,16.00180211544037,21.763076641432967,20.534114319283443,23.99148189158916,21.66786994934082,19.344258007092478,0.21447534507830385,-2.1209242228471537,-0.014502938595596149,-0.03024985918311829,0.6343478352849292
430,22.229208820860716,22.363931529281412,22.04059817112836,22.196277618408203,199755000,58.8597363998479,0.5951956480652854,0.6765966361209691,-0.08140098805568374,21.782409763336183,20.540297470092774,16.046814813613892,21.80433387733537,20.599297193758925,23.96903620423115,21.782409763336183,19.595783322441218,0.20076992992533466,-1.9485105996115262,0.004062672155808134,-0.01853328555280176,0.6121325154897953
431,22.263138750020325,22.321020081134847,21.92084345403375,22.295072555541992,166538000,59.87494355411552,0.5633555871495481,0.6539484263266849,-0.09059283917713679,21.92643451690674,20.57315269470215,16.09218940258026,21.85107089430743,20.665798188338655,23.83158578666719,21.92643451690674,20.021283247146286,0.17377665924584812,-0.19655807774208808,0.004450968708908931,8.915128913877801e-05,0.5969928091763167
432,22.13739888969521,22.23120551650679,21.881924632093252,22.196277618408203,156033000,58.32496124326483,0.5241085861803967,0.6279804582974273,-0.10387187211703064,22.086372756958006,20.61055236816406,16.136370935440063,21.88394772517417,20.725816989517853,23.43771542025412,22.086372756958006,20.735030093661894,0.12236890848185021,-0.8867964573792121,-0.004431245374405868,0.0029309070212666377,0.583861031624347
433,22.254155878288213,22.275112616046236,21.78512276887462,21.854978561401367,294503000,53.2012080569927,0.4601606283244699,0.5944164923028359,-0.13425586397836597,22.19143056869507,20.650485153198243,16.178903288841248,21.881188757195808,20.77009783547407,23.030792690301254,22.19143056869507,21.352068447088882,0.07564740984209052,-2.2147124819046957,-0.015376409633829025,-0.0257141569563768,0.5771559470205806
434,21.102532264947648,21.388942963530003,20.619527919799644,21.06960105895996,349440000,43.689853298041506,0.34216375940128785,0.5439659457225263,-0.20180218632123847,22.206433010101318,20.671767044067384,16.216738662719727,21.803894690697156,20.781843059924498,22.948714066334052,22.206433010101318,21.464151953868583,0.06685279494415727,-7.573429770445907,-0.03593586240475577,-0.046903255392184096,0.6241769966335193
435,21.372973831688537,21.380956807798107,20.906934767163182,21.20232582092285,204688000,45.46428813331378,0.2564044982716034,0.48645365623234177,-0.23004915796073838,22.171099376678466,20.686478958129882,16.25595811843872,21.74660241738532,20.79833257996365,23.025464693441243,22.171099376678466,21.31673405991569,0.07707018062094609,-6.248347493896217,0.006299348601403576,-0.044780111988734106,0.6134516426336197
436,21.322078150480692,21.91485695580425,21.15242753528136,21.895896911621097,268726000,53.678722040039595,0.2416198137582164,0.4374868877375167,-0.1958670739793003,22.178675746917726,20.72030075073242,16.297836451530458,21.760820940645868,20.84137431846002,23.020363392030042,22.178675746917726,21.33698810180541,0.07590062226589783,-1.7816654128162264,0.03271202869705059,-0.01790420923396685,0.6240929124828531
437,22.094485487203983,22.48867392993623,21.844999420172584,22.43578338623047,248555000,58.87188134551777,0.27035073624496064,0.4040596574390055,-0.13370892119404487,22.192293167114258,20.773071975708007,16.342172389030456,21.82510307832059,20.90390016425494,23.041334253788424,22.192293167114258,21.34325208044009,0.07651675113343594,1.3752889927066885,0.024656970061035954,0.01079035737161771,0.6254915980029098
438,22.02463313008802,22.10347121162325,21.816063110959004,22.03561019897461,217655000,54.03611353310336,0.25785715076265703,0.37481915610373584,-0.11696200534107881,22.193135929107665,20.835305633544923,16.385787620544434,21.845151375525734,20.948280949930222,23.04151953010608,22.193135929107665,21.34475232810925,0.07645459422304592,-1.7661673775074997,-0.017836381300661786,0.008265010970647246,0.6250793606649495
439,21.665371157592627,21.75418890615817,21.28116425373178,21.615474700927734,245215000,49.44414917836961,0.2116151035945748,0.34217834560190363,-0.13056324200732883,22.14463529586792,20.905205726623535,16.429392557144165,21.8232774065164,20.974445410753656,23.008519580763824,22.14463529586792,21.28075101097202,0.07802199253713603,-2.2210315565236187,-0.019066206665174446,0.02590811474978727,0.6343198309919409
440,21.170394880020993,21.374973422098716,20.608550508955098,20.65645217895508,343069000,40.900113907294404,0.09647079020188087,0.2930368345218991,-0.19656604432001823,22.045589447021484,20.9435778427124,16.46799544811249,21.712151194367703,20.961975087938026,23.095082755016783,22.045589447021484,20.996096139026186,0.09521118140364286,-6.937313841200503,-0.044367405076303545,-0.025745932148118045,0.6609344282048477
441,20.896959603658967,20.97380099971787,20.42493035007335,20.474828720092773,218394000,39.50773301797385,-0.009329854219604528,0.2325634967735984,-0.24189335099320292,21.952381801605224,20.9816650390625,16.505485816001894,21.59431095872247,20.94287130880684,23.194528170074793,21.952381801605224,20.710235433135654,0.11316734372565805,-8.164332414324223,-0.008792577606688279,-0.06490111810738852,0.6529298725933957
442,20.725307380902738,21.022695124605836,20.645471911080165,20.67341423034668,221009000,41.83917386677143,-0.07627419470940922,0.17079595847699688,-0.2470701531864061,21.866308784484865,21.007799530029295,16.542495732307433,21.506606508400967,20.932304364553502,23.208428370348866,21.866308784484865,20.524189198620864,0.1227568492782189,-6.860895390849481,0.009699007155016037,-0.07855171025431673,0.6454253391590862
443,20.707346685202516,20.81612188068225,20.161470205057466,20.699363708496097,240978000,42.15291522570899,-0.1257841988908197,0.11147992700343357,-0.23726412589425327,21.78377866744995,21.03078121185303,16.57937737941742,21.42972624174336,20.923169436864978,23.19785341583569,21.78377866744995,20.36970391906421,0.12982823319800785,-5.287650361488941,0.0012552100906160213,-0.06064032166173883,0.6460843631923503
444,20.46185505357973,20.49977705360861,19.514806256090917,19.691442489624023,345635000,34.392461562357866,-0.24354462191857706,0.04047501721903144,-0.2840196391376085,21.628548622131348,21.03432285308838,16.61180776119232,21.264175408208185,20.874866419326118,23.232874052404096,21.628548622131348,20.0242231918586,0.1483525740262689,-6.54098084476957,-0.048693343093361374,-0.08901179538847381,0.6845467267075523
445,19.90899448692086,20.60555973549591,19.81319114034007,20.408964157104492,279282000,42.5070615584981,-0.27579342862942013,-0.02277867195065888,-0.2530147566787613,21.518226051330565,21.057483291625978,16.64733338356018,21.18272671762688,20.85659574237625,23.139297235882204,21.518226051330565,19.897154866778926,0.15066959336561117,-3.7418614850048915,0.03643824813030072,-0.011981148539279785,0.7009446209335761
446,20.07864390366975,20.677409072761147,20.038725210568696,20.657451629638672,297202000,45.042173178539365,-0.2780942801963917,-0.07384179359980544,-0.20425248659658626,21.43644437789917,21.0873295211792,16.684446735382082,21.13270051877086,20.848786169327717,23.05793259229691,21.43644437789917,19.81495616350143,0.1512833178686558,-5.6560609824808274,0.012175408346125183,0.008919386435046528,0.6964974238806386
447,21.04864250290172,21.27817116327567,20.92889023989851,21.031679153442383,256919000,48.71017630298,-0.24687486821242643,-0.10844840852232965,-0.1384264596900968,21.381457710266112,21.118773574829103,16.7231308221817,21.123079436358626,20.85595844321457,22.97936281774376,21.381457710266112,19.783552602788465,0.14946643293739767,-6.258324965152891,0.01811586107101326,0.01732974143041166,0.6910847174346643
448,21.057628709469977,21.162412435012104,20.732298558657803,20.788183212280273,151258000,46.53391795884754,-0.23902600377965655,-0.13456392757379504,-0.10446207620586151,21.299277210235594,21.14217472076416,16.760866675376892,21.091184557874975,20.853300591021068,22.840718155111347,21.299277210235594,19.757836265359842,0.14474115057153175,-5.660959580562842,-0.011577579678047512,0.004290929181930414,0.6724439430717812
449,20.532707830127908,21.019703686500428,20.46883830414969,20.6524600982666,163388000,45.3185343467081,-0.24097958058379731,-0.1558470581757955,-0.08513252240800182,21.22657690048218,21.166114082336424,16.79926513671875,21.04940127600751,20.84542449326599,22.74587360569769,21.22657690048218,19.70728019526667,0.1431504205636659,-4.455209131353476,-0.006528858853499742,0.048803819687103456,0.6637597601631354
450,20.785184469191023,21.01371382143973,20.485801919360195,20.628507614135746,162134000,45.0946877123008,-0.2416746941292871,-0.17301258536649383,-0.06866210876279327,21.148188400268555,21.18456562042236,16.837621116638182,21.00931616535306,20.836917948986375,22.62031506886765,21.148188400268555,19.67606173166946,0.13922012048846713,-0.13528249951754073,-0.0011597884231170363,0.010757207241937738,0.6540563417285925
451,20.87499739389011,20.946849883438983,20.67041889580476,20.89595413208008,180652000,48.17292759396821,-0.21813040622630098,-0.18203614953845526,-0.036094256687845716,21.07823247909546,21.207069053649903,16.877781777381898,20.998519781231824,20.839233093421424,22.455634881031152,21.07823247909546,19.700830077159765,0.1306942983290222,2.056795774677426,0.012964899010002418,0.011545591717577297,0.6300767651267813
452,21.24424280701027,21.710281948455567,21.078583653114016,21.70130157470703,243589000,56.14604067098954,-0.13295396978248064,-0.17221971358726035,0.03926574380477971,21.0534836769104,21.23651988983154,16.921753520965577,21.065451380610416,20.873039700530665,22.36589572992306,21.0534836769104,19.74107162389774,0.12467409889528151,4.9720250990352,0.038540831279417764,0.031838752216560184,0.6432375545016887
453,21.76517302338072,21.885924619456414,21.617478397899593,21.817066192626953,226994000,57.166124489660966,-0.055470365215704476,-0.1488698439129492,0.09339947869724471,21.05158805847168,21.261042289733886,16.965294423103334,21.13703374365961,20.91006034727954,22.35946567702183,21.05158805847168,19.74371043992153,0.12425453271434586,5.399694888553953,0.0053344550565965765,0.049493645973780254,0.6164667450056268
454,21.70429374523038,22.245179438302365,21.599508134493956,22.17632102966309,189494000,60.255796058970006,0.03452680901147076,-0.1121905133280652,0.14671732233953597,21.106924057006836,21.298157691955566,17.01108407497406,21.23601348518375,20.95971762894164,22.503790382690358,21.106924057006836,19.710057731323314,0.1323609562350992,12.61907826888974,0.01646668868601342,0.07378592788199545,0.6185527849201113
455,22.230205709624432,22.33299460935592,21.99169861188815,22.244178771972656,161473000,60.83051338645398,0.11005710092342369,-0.06774099047776742,0.17779809140119113,21.159016704559328,21.338047065734862,17.056921343803406,21.332029226782694,21.010088654158544,22.64132244702382,21.159016704559328,19.676710962094834,0.14011102341491016,8.992198725721776,0.0030599188304858416,0.07832225132610993,0.5987487286735157
456,22.25914627310749,22.386883392945418,21.936810333681272,22.05756187438965,146276000,58.33232040736971,0.15309222553814905,-0.02357434727458413,0.17666657281273318,21.167099952697754,21.381368026733398,17.1003733587265,21.40112757417383,21.051166035344078,22.667049003524,21.167099952697754,19.66715090187151,0.14172456823827456,6.7777491137490635,-0.008389471218336997,0.05559007906349844,0.5881290380014177
457,22.051584525486756,22.66432290128174,22.037613360363466,22.645360946655273,187590000,63.42711147187442,0.23195451724850358,0.027531425630033413,0.20442309161847017,21.177578830718993,21.441174392700194,17.15070453643799,21.519625990600634,21.11368348284648,22.715287356377676,21.177578830718993,19.63987030506031,0.14522042750497716,7.672624622313,0.02664841543289964,0.04350243088868688,0.5908847882097644
458,22.776085781397935,23.08245393094305,22.514625207539453,22.679285049438477,249384000,63.70295480514156,0.2938040529444699,0.08078595109292071,0.21301810185154918,21.209762573242188,21.497548484802245,17.197568068504335,21.630069710489952,21.175079622712833,22.84199573196622,21.209762573242188,19.577529414518153,0.15391338333822058,9.09700389806583,0.0014980597069358392,0.03952038505997235,0.5892379264378953
459,22.925775538059284,23.30699025615322,22.72319371456026,23.118379592895508,230235000,67.15593786825562,0.3739409569940655,0.13941695227314968,0.2345240047209158,21.284907817840576,21.557057075500488,17.24696237564087,21.77181350881429,21.251287464680782,23.11171956860393,21.284907817840576,19.45809606707722,0.17165324523812675,11.940076305175262,0.01936103993136684,0.04248038085182482,0.591985589314813
460,23.939692534950368,25.207082591726095,23.874825605142483,24.666194915771484,485898000,75.87008300189862,0.555937292681218,0.22272102035476338,0.3332162723264547,21.485394954681396,21.652271347045897,17.302376837730407,22.047468880905452,21.385205403939242,23.805759149003052,21.485394954681396,19.16503076035974,0.21599455809082785,19.573336943041394,0.06695172196894084,0.10888314505233754,0.698893975708797
461,24.42369310756561,25.038426104852544,24.23208643543216,24.400739669799805,245990000,72.32588065971407,0.6710156295930005,0.31237994220241083,0.3586356873905897,21.68169050216675,21.751994590759278,17.35714587211609,22.271589908419198,21.503461649659265,24.275059038479192,21.68169050216675,19.088321965854306,0.23922198650084744,16.772555661093616,-0.010761904982837356,0.10623013589415553,0.7065686681167677
462,24.82686784255815,24.898720361544715,24.472597940340428,24.889738082885746,234204000,74.67298688366881,0.7925382384214181,0.4084116014462123,0.3841266369752058,21.892506694793703,21.869839096069335,17.414125552177428,22.520937353606488,21.63625680390344,24.791260934947356,21.892506694793703,18.99375245464005,0.2648170244335713,14.69237454353822,0.02004031106037174,0.09910979743345472,0.6916695269473493
463,24.94960969141113,25.656154574337645,24.94861229510661,25.51444625854492,292503000,77.31945597678924,0.928550755209411,0.512439432198852,0.416111323010559,22.133260822296144,21.985051574707033,17.475881609916687,22.8060334397911,21.788342664869774,25.375157975000715,22.133260822296144,18.891363669591573,0.2929434735110351,16.947191860138783,0.025099025693995802,0.12501104875775781,0.6970085958405313
464,25.59627881018903,25.84077414831852,25.17514534532995,25.77391242980957,265740000,78.33216929603932,1.0452296494865365,0.618997475656389,0.42623217383014755,22.43738431930542,22.085138778686524,17.54063397884369,23.08868858169762,21.944639518396826,25.843012927137565,22.43738431930542,19.031755711473274,0.3035673462973042,16.222670096335346,0.010169382812991845,0.11486673736121777,0.6947671820653912
465,25.768924631119912,26.623164159534607,25.74696858717895,26.34673309326172,294112000,80.41164407358282,1.170428384258397,0.7292836573767906,0.44114472688160633,22.734272766113282,22.17389347076416,17.607424035072327,23.398978535179918,22.117270638979765,26.405708331596472,22.734272766113282,19.062837200630092,0.3229868492609688,18.443271668263257,0.022224823841243246,0.06813122912669867,0.7077263528004101
466,26.61517983790427,26.728945830452645,26.18107451423238,26.54332733154297,239910000,81.08266336868508,1.2708630771276397,0.8375995413269605,0.4332635358006792,23.028566551208495,22.2698726272583,17.673499321937562,23.698440325309733,22.29084148966852,26.923710439900518,23.028566551208495,19.133422662516473,0.3382880024278031,20.336633226728488,0.00746180703259669,0.08780830789301808,0.696308135901828
467,27.17302698343725,31.30052452350246,27.06225509891964,29.7397403717041,1153631000,88.17526155432607,1.5900529727260526,0.9880902276067789,0.6019627451192737,23.46396961212158,22.421398735046388,17.753054966926573,24.273802234490148,22.582955171316975,28.220470591382973,23.46396961212158,18.707468632860188,0.40543020280798225,31.328179938313898,0.12042247003308626,0.19485951489996722,0.9863716399059469
468,30.124952748085423,31.335458846244546,29.349549397535192,29.690847396850582,851260000,87.63402592263824,1.8181099701698145,1.1540941761193861,0.6640157940504283,23.909102821350096,22.57484058380127,17.833138976097107,24.789711297572094,22.86169604290653,29.215190088589253,23.909102821350096,18.60301555411094,0.44385498752391356,30.916152480678427,-0.0016440283016068147,0.1636877044473175,1.0577671976776188
469,30.087024548981766,31.036069844483087,29.845521436248426,30.740678787231445,503101000,89.17105953496481,2.059815136400637,1.3352383681756363,0.7245767682250006,24.41351375579834,22.737944412231446,17.918767561912535,25.35647010611108,23.17067575837025,30.27438247935398,24.41351375579834,18.5526450322427,0.48013315757660263,32.97073293440661,0.03535875471483596,0.19270517702533274,1.0782997155315392
470,32.21564634517442,32.24358866979207,29.902410166166877,30.593984603881836,646746000,87.5338321585074,2.2140095040191135,1.510992595344332,0.7030169086747815,24.911787605285646,22.897076721191407,18.004749612808226,25.855281010660676,23.461785909174626,31.086823197145698,24.911787605285646,18.736752013425594,0.4957521065690097,24.032039430289842,-0.004771989075613381,0.16120600210985425,1.1685053432525143
471,29.29565811512244,30.786586602763936,28.718845203917095,29.39844512939453,636206000,75.38569410165755,2.214215509128401,1.6516371781011459,0.5625783310272552,25.336912155151367,23.038265991210938,18.087334213256835,26.192725212444852,23.694596074673445,31.518236971076288,25.336912155151367,19.155587339226447,0.4879303979958873,20.481778533051042,-0.039077599402845054,0.10756442710400749,1.2327364900806808
472,30.405372503422235,30.527121469817228,29.71579289032595,30.327531814575195,332172000,77.94708984936355,2.2632588611329574,1.7739615147075083,0.4892973464254491,25.768223667144774,23.196919136047363,18.173899865150453,26.586516317409647,23.954711201728415,32.07713657325902,25.768223667144774,19.45931076103053,0.48966610873983446,21.847532961499873,0.031603259325157396,0.019764511576918498,1.2253036222479676
473,29.948313753728954,30.61693662433334,29.56909378945469,30.327531814575195,413054000,77.94708984936355,2.275891015995409,1.8743474149650885,0.4015436010303206,26.193746948242186,23.35647045135498,18.260770902633666,26.94280350761589,24.204625735565543,32.527247629924375,26.193746948242186,19.860246266559997,0.4835887507195467,18.864158395827815,0.0,0.02144379408289132,1.2126278517215876
474,30.48919489959524,30.58100483290278,29.186877257904996,29.96327781677246,384909000,74.42558101782126,2.230794624498877,1.9456368568718463,0.2851577676270307,26.583094787597656,23.499815139770508,18.34458788394928,27.23046772753556,24.430455228946208,32.83775659430887,26.583094787597656,20.32843298088644,0.47057438997880174,16.254285795266217,-0.012010670701124382,-0.02528899819811037,1.2255921176698874
475,29.697823609273023,30.327525043142156,29.64493116328389,30.14090919494629,264484000,75.01830276076988,2.1842105573459527,1.9933515969666677,0.19085896037928496,26.97793130874634,23.65032501220703,18.427698764801026,27.507652629193725,24.654394600161897,33.08232161703258,26.97793130874634,20.8735410004601,0.45254695316887944,14.400935737474585,0.00592830261295374,-0.014809297147847178,1.1868065292547716
476,30.355476692185867,30.446291154053743,28.74080237444785,29.200855255126953,428508000,66.26544317130221,2.047831722555703,2.004247622084475,0.04358410047122785,27.335095977783205,23.78848041534424,18.50624026298523,27.668910022139748,24.83268717486641,33.070912025464146,27.335095977783205,21.59927993010226,0.4196667940981637,10.012037640909814,-0.031188639126286,-0.006721099479850223,1.223855261422709
477,32.300470838936384,32.69266078141231,31.25661944023778,31.609891891479492,781711000,74.4822119710487,2.1098189572005133,2.0253618891076828,0.08445706809283049,27.783322525024413,23.97805000305176,18.596160063743593,28.04424162874353,25.09845990885124,33.38260914659866,27.783322525024413,22.184035903450166,0.4030681799508302,6.288392219976297,0.0824988383150036,0.04228369406204058,1.3858517089128977
478,32.176719094226264,33.01998327209769,31.839414565134348,32.91719436645508,533867000,77.66193293644882,2.2386271708695666,2.06801494546006,0.17061222540950682,28.295217990875244,24.187758026123046,18.69298161029816,28.50833236566844,25.405076946404332,33.80565818246753,28.295217990875244,22.784777799282956,0.3894962175848454,10.866469813006166,0.04135738519649834,0.08538982228139358,1.3875831140347048
479,33.4481023989034,34.57578069243723,31.834427549306906,31.89031219482422,754335000,70.25632636758255,2.2321173397295304,2.100835424313954,0.1312819154155762,28.73381462097168,24.38343494415283,18.78044186115265,28.830425682730894,25.65939989732276,33.912665110866314,28.73381462097168,23.554964131077043,0.3604707943034335,3.7397788628866877,-0.031195920290136403,0.06431320330958812,1.4842809732558204
480,31.47017556009909,32.29348042683594,30.8165213124232,31.680742263793945,532163000,68.81413420702272,2.184861980780024,2.1176407356071683,0.06722124517285577,29.084541988372802,24.573124237060547,18.867729320526124,29.1018844047369,25.89553097051771,34.06010468468011,29.084541988372802,24.108979292065495,0.34214482031701937,3.552193916493699,-0.0065715860587995945,0.05108781088481029,1.4837579833384578
481,31.396332208296116,32.787465936329255,30.86442684819975,32.60683822631836,435162000,71.58954682382999,2.196816440371048,2.1334758765599444,0.06334056381110376,29.494846916198732,24.779359550476073,18.9571492767334,29.435689530601802,26.158719490353032,34.204043974654354,29.494846916198732,24.785649857743113,0.3193233768485371,10.913478868703374,0.02923214218950898,0.11663983610868378,1.515135205109247
482,32.53298515826952,32.64275964880542,31.28555659079967,31.438241958618164,283069000,63.865748164650455,2.0879261700874068,2.124365935265437,-0.03643976517803038,29.822272109985352,24.964198837280275,19.03830057144165,29.626408809460504,26.365759587147743,34.09563838145225,29.822272109985352,25.548905838518454,0.28658891285725013,3.662382256604111,-0.0358389936365241,-0.0054302600417180935,1.5038543374589977
483,32.29946994005568,33.34331741870342,31.97014645706555,33.30739212036133,454964000,69.52863212484385,2.127925245644267,2.1250777973412034,0.0028474483030636044,30.211919403076173,25.193247108459474,19.130241055488586,29.976978648593917,26.63798047080318,34.25816443052271,30.211919403076173,26.16567437562964,0.2678575282465866,9.825594525809823,0.05945466556951584,0.011853918944680464,1.532512989075159
484,33.10082385631525,33.28444758524314,31.79850772473219,32.60883712768555,622066000,65.40329615700426,2.079288507754349,2.1159199394238324,-0.03663143166948357,30.55366563796997,25.424031829833986,19.216848950386048,30.227631837078835,26.872131712249548,34.175101624237875,30.55366563796997,26.932229651702063,0.23705410860865334,8.829338789603948,-0.020972971710046973,0.02253113511312521,1.5308252324004432
485,33.15477484562234,33.22463920028377,31.31932783633501,31.374221801757812,484368000,58.76673711604208,1.91899937363263,2.076535826265592,-0.15753645263296212,30.805040073394775,25.627469749450682,19.29939905643463,30.336830881333977,27.048684264779286,33.88027150727689,30.805040073394775,27.729808639512665,0.199657681116804,4.0918228406272235,-0.03786137239710152,-0.009675292942439628,1.5575742417967515
486,31.153664135855472,32.41522076687875,30.965028390986408,32.063899993896484,472890000,61.13896909843022,1.8265648437234603,2.026541629757166,-0.1999767860337056,31.08106870651245,25.83082981109619,19.385781474113465,30.501313653958977,27.245359391411334,33.49701318182849,31.08106870651245,28.665124231196412,0.1554608368282925,9.804660561326713,0.021982320278619127,-0.016651054255964248,1.5499041085178649
487,31.93813163483009,32.06688384228752,30.07174622980887,30.63365936279297,544325000,54.17785770714992,1.6192358044903692,1.9450804647038067,-0.3258446602134375,31.125764656066895,25.994787330627442,19.464526562690736,30.51391800718126,27.37823390009297,33.472890447327636,31.125764656066895,28.778638864806155,0.15081562282539776,-3.0883766766366856,-0.04460594722961864,-0.025592480549143315,1.5817065016579208
488,29.82223155843537,30.18253369080409,27.983793678236385,29.97892951965332,658938000,51.2984546411415,1.3861165320830438,1.833287678179654,-0.44717114609661035,31.140168762207033,26.153653717041017,19.542843742370607,30.46296672265479,27.48022196360514,33.45521049504248,31.140168762207033,28.825127029371586,0.1486852399878497,-8.926231118275545,-0.021372890368261732,-0.0999316484665056,1.6580035861506826
489,30.897148284520917,32.38626422162918,30.591738246734344,32.36430358886719,593053000,59.70168969226522,1.3779632782301725,1.7422227981897578,-0.3642595199595853,31.22135000228882,26.368630294799804,19.63415355682373,30.64404642419883,27.671754576360513,33.58795926800045,31.22135000228882,28.854740736577188,0.15160198169125536,1.486317823253851,0.07956835375492921,-0.007498995988751367,1.7115272372810526
490,31.93713309304192,32.22757083379196,31.36024958851181,31.764467239379883,475551000,57.036561667285675,1.3080219229364225,1.655382623139091,-0.3473607002026684,31.27987413406372,26.5907905960083,19.720684194564818,30.750753168501788,27.832253112165194,33.63941157148097,31.27987413406372,28.920336696646476,0.15086617211465791,0.2642771905051664,-0.01853388712166326,0.012438410109034459,1.6609934346435045
491,31.67264959184218,32.142741606231084,30.36917465615968,30.431055068969727,488507000,51.52968604345566,1.1319492700332567,1.5506959525179242,-0.4187466824846675,31.33150463104248,26.78991512298584,19.80648856163025,30.720305730451116,27.934166914392822,33.56598394999617,31.33150463104248,29.09702531208879,0.14263466407162748,-6.67278177125578,-0.041978105924504905,-0.05092471362615203,1.6690344000312116
492,31.089777075680235,31.244478098261293,29.803269551316273,30.139617919921875,488825000,50.384659802371054,0.9578523560678924,1.432127233227918,-0.4742748771600256,31.322108936309814,26.979239196777343,19.888806443214417,30.665002129448332,28.020655189119452,33.574900807233945,31.322108936309814,29.069317065385682,0.14384675537046018,-4.130714562238101,-0.00957696499143168,-0.016127405381779036,1.6527611248107694
493,30.190516381869543,30.235429453900565,28.06163905199242,28.10655212402344,598344000,43.17689568895728,0.6483540567804198,1.2753725979384185,-0.6270185411579987,31.211059951782225,27.12738296508789,19.960324535369875,30.42134022416977,28.02402369637059,33.83705844725706,31.211059951782225,28.585061456307393,0.16827358632047235,-15.614671894887058,-0.06745492929937258,-0.062456446098330565,1.6899775017462964
494,27.645446231268327,28.62255352658214,27.1973149206465,28.28221321105957,667035000,43.923332835684455,0.41249383428992203,1.1027968452087193,-0.6903030109187973,31.12700672149658,27.2991983795166,20.034892325401305,30.2176138419688,28.034148775378004,34.00308824172314,31.12700672149658,28.250925201270025,0.18479653671551471,-13.268255778899235,0.006249826953551807,-0.1261294057077067,1.6710675806169637
495,28.345092875773645,30.44103325082496,27.7841791365001,30.40011215209961,698297000,52.094241557743786,0.3919514805209019,0.9606277722711559,-0.568676291750254,31.139966869354247,27.499021339416505,20.123048672676088,30.23499463340983,28.1269316528965,34.00045118601966,31.139966869354247,28.279482552688837,0.1837178779711868,-3.104808960085909,0.07488448394172531,-0.042952242107458294,1.7414809044532422
496,31.09177265806508,31.099756612539498,28.038686765312615,28.332117080688477,707366000,45.17283359500942,0.20642209246370768,0.8097866363096663,-0.6033645438459586,31.096529960632324,27.6525146484375,20.203031458854674,30.05376819981732,28.13497814026089,34.09646275694416,31.096529960632324,28.09659716432049,0.19294325123154904,-11.638580814930094,-0.06802590270274067,-0.06897355295516905,1.835737257508502
497,27.930897709289574,28.866086498078595,27.706332317032363,27.74725341796875,713758000,43.41594660475241,0.012056130521436614,0.6502405351520204,-0.6381844046305838,30.903398036956787,27.786826133728027,20.279634947776795,29.83410012535555,28.11977324919061,34.226231105297046,30.903398036956787,27.580564968616528,0.21504645310308892,-9.422334794027218,-0.020643133058290797,-0.07937607265989277,1.7874527520469115
498,27.252206182638034,28.08958277596045,27.092515694370984,27.6654052734375,461847000,43.16294895661003,-0.1468914823078613,0.49081413166004406,-0.6377056139679054,30.640808582305908,27.924370574951173,20.36015827655792,29.627557758506214,28.101954897200294,34.112299761793565,30.640808582305908,27.16931740281825,0.2265926612323366,-7.717167635018924,-0.002949774642496572,-0.015695516427604805,1.7309966327285227
499,28.31914247873647,29.063700457531855,27.348022192079924,29.018787384033203,524385000,48.50634322049957,-0.16178700510599953,0.3602939043068354,-0.5220809094128349,30.497232341766356,28.091697120666502,20.44280497074127,29.56957962760402,28.137909112370213,33.987609564912965,30.497232341766356,27.006855118619747,0.22889796582403266,-10.337056058220853,0.048919656054890126,0.026043724636288346,1.7299024636373375
500,28.8351458054204,29.497861653248663,28.393998983391853,29.34316062927246,395184000,49.7262763193053,-0.14573763155148356,0.2590875971351716,-0.40482522868665516,30.380353260040284,28.26599018096924,20.527332878112794,29.548015913477204,28.18517387773893,33.86091750126444,30.380353260040284,26.89978901881613,0.22913257205617757,-7.622689188709628,0.011178042726131876,-0.03476801393162454,1.685185335510157
501,29.697472444063603,30.00088555963705,29.37409944219801,29.58269500732422,343022000,50.65593749127901,-0.11239435280747401,0.1847912071466425,-0.2971855599541165,30.229146099090578,28.43972499847412,20.610438685417176,29.551318684319778,28.239978627918745,33.56960679962443,30.229146099090578,26.888685398556724,0.22100926632752943,-2.7878102146730135,0.008163209855887255,0.04413993924542092,1.611795306571188
502,29.60265275302843,31.026893719009394,29.582690965802353,30.885168075561523,403686000,55.4771089712028,0.018911131455993768,0.15161519200851276,-0.132704060552519,30.201492404937746,28.62340232849121,20.70074266910553,29.678351959676135,28.34371154743415,33.51046644409658,30.201492404937746,26.89251836577891,0.21912652492747942,2.4736549667633643,0.044028208650862766,0.11308919878753487,1.5998244099023204
503,31.25146589017748,31.26943074113941,29.95397799207677,30.26338005065918,420591000,52.82369658936974,0.0719689632205629,0.13568594625092278,-0.06371698303035989,30.049291801452636,28.792328605651857,20.786265587806703,29.73406892072214,28.418992665207682,33.03728318442333,30.049291801452636,27.06130041848194,0.19887266579948149,7.673754920626634,-0.02013225323498713,0.09390698424779931,1.5795121484137717
504,30.214470446589925,30.488938376760977,29.309222561431618,29.942995071411133,343139000,51.4579874874794,0.08716055428446268,0.12598086785763077,-0.03882031357316809,29.915999698638917,28.947662086486815,20.869687805175783,29.75396664935919,28.478757465450954,32.66354964533187,29.915999698638917,27.168449751945964,0.18368431437161417,5.8721778524112285,-0.010586556383052392,0.0318485977772609,1.550955267479171
505,29.769334255327937,30.39811732399104,29.482890369605972,29.52880096435547,308864000,49.67009715556112,0.06502838997641902,0.11379037228138843,-0.048761982304969406,29.8237286567688,29.093354530334473,20.95078965187073,29.732522298406455,28.519935641878583,32.492000974292345,29.8237286567688,27.15545633924525,0.17893619863778873,-2.866144649022168,-0.013832754741730069,0.006326528264232634,1.5055461022581635
506,29.61663328466027,29.971945955286603,29.274295969453476,29.35414123535156,266530000,48.89855850836174,0.03301434109685175,0.0976351660444811,-0.06462082494762934,29.688240718841552,29.23928611755371,21.034104347229004,29.69648600668694,28.552649586720662,32.155360128294674,29.688240718841552,27.22112130938843,0.16620179234045165,3.607298924229375,-0.005914894045807806,-0.0077259280101449335,1.4478392367992325
507,29.75735697767053,30.651624582903967,29.727414293582168,30.06276512145996,391547000,52.14633104680333,0.06408427843237163,0.09092498852205921,-0.02684071008968758,29.6596960067749,29.387634201049806,21.12034743785858,29.731369731903417,28.611869803769263,32.09541138450638,29.6596960067749,27.22398062904342,0.16424412287807058,8.345012274230056,0.024140508162950436,-0.026627763594795018,1.4370995304244594
508,30.218462985082912,30.40909369115047,28.294191075815277,29.23337173461914,527154000,48.27876226593506,0.02153408134403989,0.07704680708645535,-0.05551272574241546,29.622418117523193,29.518715934753416,21.200745244026184,29.683941351209675,28.636242428508474,32.06026948851902,29.622418117523193,27.184566746527366,0.16459502808474039,5.667607055397445,-0.027588725903618494,-0.03403480755671917,1.4855140364895119
509,28.893031463942076,29.359129558729837,27.47977059600801,27.55063247680664,498064000,41.546117831751374,-0.14628398060301961,0.03238064954856036,-0.17866463015157996,29.381734561920165,29.60736099243164,21.273305430412293,29.480769077457005,28.593669489226052,31.63257373252693,29.381734561920165,27.130895391313402,0.15321349839732987,-5.0593254907487095,-0.05756227071883546,-0.07989723769779677,1.5136458169346771
510,27.586559964920273,28.38301743954945,27.01267281731573,28.123519897460938,454186000,44.389426868501815,-0.23039789323751947,-0.020175059008655603,-0.21022283422886387,29.199687194824218,29.67650749206543,21.350863547325133,29.351507250790714,28.575232250333304,31.228196455931155,29.199687194824218,27.17117793371728,0.13894047888749297,-4.1564736233452,0.020793984353592476,-0.04759018385442948,1.5034100173131806
511,28.086593233674098,28.367050088301752,27.00468748968169,27.194320678710938,409939000,40.91327174080207,-0.36779764402537296,-0.08969957601199907,-0.2780980680133739,29.03785047531128,29.732379112243652,21.42431309223175,29.14606091059264,28.521078855367723,31.16179278426411,29.03785047531128,26.91390816635845,0.14628784666817268,-8.073552217003748,-0.03303993319960952,-0.07357805289972241,1.4933352016922437
512,26.529609965171066,27.415893669977173,25.594421205944393,27.347026824951172,594681000,41.720997780079244,-0.4590739084009634,-0.16357444248979194,-0.2954994659111715,28.898220920562743,29.78152488708496,21.497009916305544,28.97472433100774,28.475037599272955,31.080454616674466,28.898220920562743,26.71598722445102,0.15102893026601083,-11.455794062555137,0.005615369034012385,-0.09033561236089327,1.5167735775737106
513,27.27017541907624,28.010741462593767,26.78711189985935,27.763219833374023,404089000,43.96914295570717,-0.49215445778513356,-0.22929044554886027,-0.2628640122362733,28.881054306030272,29.826500358581544,21.57124403953552,28.85934295028072,28.44712317708084,31.09312635068174,28.881054306030272,26.668982261378805,0.15318499257068977,-8.261338333986586,0.015218949068463994,-0.050290192817686985,1.4958347193709038
514,28.012733594807443,28.53971261700627,27.554621408963357,27.94486618041992,383413000,44.96696316423105,-0.4979733624353351,-0.2830270289261552,-0.21494633350917985,28.86418695449829,29.86991943359375,21.64676794528961,28.77224992457969,28.427426824270608,31.099291473405476,28.86418695449829,26.629082435591105,0.15487042974261636,-6.6731096412562305,0.006542697429767763,0.014309424799781256,1.4593530399903332
515,28.324131697586143,28.42493625647017,26.44676790879987,26.52362060546875,540171000,39.09981714847167,-0.6102331385826183,-0.34846825085744787,-0.2617648877251704,28.670362377166747,29.87345718383789,21.712808976173402,28.55809475133103,28.352767756866616,31.00900669977009,28.670362377166747,26.331718054563403,0.1631401997531677,-10.177116106117225,-0.05085891504275619,-0.05688830195599481,1.4964112762531878
516,26.249148927885333,27.144415867632727,26.159322788062372,26.889907836914062,395832000,41.22815231056315,-0.6620122366045678,-0.4111770480068719,-0.2508351885976959,28.59825191497803,29.88038879394531,21.778369660377503,28.39921980710084,28.295400701182203,31.059873187733018,28.59825191497803,26.13663064222304,0.17215186998655269,-8.394840709800052,0.013809850355414488,-0.01119398588379461,1.4598885479186998
517,26.20923261320612,26.586502096835268,25.720180142919816,25.852922439575195,424270000,37.258253301182286,-0.7777580888413382,-0.48449325617376515,-0.2932648326675731,28.50353536605835,29.802652435302733,21.837868814468383,28.156715295907922,28.199617239942715,31.221295747189032,28.50353536605835,25.78577498492767,0.19069637125554295,-14.003511203563965,-0.03856411125051562,-0.05463498445150061,1.4391627726383818
518,26.02858206203493,26.49168380986728,25.003567129964495,25.018537521362305,488315000,34.3889101625917,-0.9261394413191368,-0.5728224932028395,-0.3533169481162973,28.37119197845459,29.70920623779297,21.89382450580597,27.857841222141673,28.07486901568466,31.470338955503223,28.37119197845459,25.272045001405957,0.21847139728229686,-14.41788600890498,-0.0322742978153846,-0.0988603745705442,1.4426594803001247
519,25.255075801849063,25.52954371114921,24.031444525420937,24.10330581665039,435181000,31.521340548073326,-1.1048482786355223,-0.6792276502893762,-0.4256206283461461,28.12541790008545,29.576458778381348,21.943797512054445,27.500266421618694,27.919121439251942,31.720162243027723,28.12541790008545,24.530673557143174,0.25562246617721207,-12.512695173362587,-0.03658214249855474,-0.13746927034709466,1.446619459259278
520,23.461553938187595,24.77500970305523,23.218026180646312,23.328811645507812,718958000,29.295146524106897,-1.2940544721952278,-0.8021930146705465,-0.49186145752468136,27.824700450897218,29.431155319213868,21.989032678604126,27.102985014370038,27.739109290477664,31.93144731374662,27.824700450897218,23.717953588047816,0.2951871392180237,-17.048748767703163,-0.03213227998823143,-0.12045146503498916,1.4545026066271094
521,22.286829332930463,23.33479860637558,20.847617715138355,23.326814651489254,913982000,29.289402554404845,-1.4277051877868452,-0.9272954492938063,-0.5004097384930389,27.51190643310547,29.309722709655762,22.033843879699706,26.743349741714724,27.566078128164396,31.973082933321066,27.51190643310547,23.050729932889872,0.3243087868928923,-14.221741638316999,-8.560204646956837e-05,-0.13250670872636638,1.5282653412421177
522,22.50240891802153,22.898642619197854,21.957465030730408,22.280838012695312,664616000,26.37264664714469,-1.5995868741765271,-1.0617537342703505,-0.5378331399061766,27.08168992996216,29.148788833618163,22.069390149116515,26.318348624665255,27.358813809910707,31.810197871150137,27.08168992996216,22.353181988774182,0.3492033143734162,-18.52555615893687,-0.044840097305234194,-0.1381694636352523,1.5169142183504556
523,23.195069558309832,24.010489477432596,22.256886340278513,22.72797393798828,755959000,29.60012774466223,-1.6803541401373607,-1.1854738154437525,-0.4948803246936082,26.704919624328614,28.996797676086427,22.10482539176941,25.97640817831507,27.177212246305906,31.55850614153159,26.704919624328614,21.851333107125637,0.36349755666602207,-18.136390251583496,0.02006818258084353,-0.09155465547969,1.533820569693572
524,23.52243589687238,23.948610407504805,21.633094151119476,21.901575088500977,573353000,27.224797499930546,-1.7904075571297398,-1.30646056378095,-0.48394699334878966,26.302848625183106,28.835563621520997,22.138136172294615,25.588328836428012,26.970324514627283,31.34547244144506,26.302848625183106,21.26022480892115,0.38342796159606846,-21.62576500778982,-0.036360427539299245,-0.09134559155070232,1.5896559758858404
525,21.96943921654881,22.813804156653173,21.254823989187223,22.795839309692383,543774000,33.44850356188452,-1.7848909225172775,-1.4021466355282157,-0.3827442869890618,25.96620054244995,28.688662223815918,22.171627621650696,25.32237745292938,26.806619212472974,31.00139630773713,25.96620054244995,20.93100477716277,0.3878269180780272,-14.054571776704414,0.04083104605846022,-0.02284609880323929,1.5874648467129913
526,23.137178118250812,24.46161400719352,23.007430303531233,24.438657760620117,564680000,43.07896011337313,-1.6291770910800345,-1.4475527266385795,-0.18162436444145502,25.72042636871338,28.59341827392578,22.214454140663147,25.238213672709453,26.71375797906698,30.545633678166798,25.72042636871338,20.89521905925996,0.3752043018480328,-9.115873848139062,0.07206659200432419,0.047663734879459074,1.5930584074835732
527,25.0554650218014,25.0963861195441,23.843811420300632,24.59036636352539,518925000,43.886495870041614,-1.4765108435275849,-1.4533443500163807,-0.023166493511204145,25.44680643081665,28.4530277633667,22.26078618526459,25.176513928977638,26.630487719633976,29.85899183624652,25.44680643081665,21.03462102538678,0.34677714214752037,-4.883610659493978,0.006207730571428316,0.10365536294075395,1.5687381426092801
528,25.74413394762899,25.76708829461429,24.505532004420324,25.193201065063477,543419000,47.09817611056932,-1.2919848233164721,-1.4210724446763991,0.12908762135992702,25.244797897338866,28.298547897338867,22.311082558631895,25.178103180033432,26.5741235371018,29.300583645848334,25.244797897338866,21.1890121488294,0.3213165551970611,0.6981365059889445,0.024515076051581985,0.10846664704040054,1.5467965817224718
529,24.410713264329317,25.028515976458163,23.734024607139915,23.90169906616211,410178000,41.60423530565469,-1.2357154817720755,-1.3840010520955346,0.14828557032345913,25.06235122680664,28.138775634765626,22.353977484703066,25.05654088347426,26.46932257745711,29.01376352621898,25.06235122680664,21.1109389273943,0.31532654407826805,-0.8364277996631182,-0.05126391027348842,0.09132329385347537,1.5405380014511212
530,23.925654836755538,24.587373159445693,23.586312009547193,24.271984100341797,354829000,43.63434815701303,-1.1480091803224184,-1.3368026777409114,0.18879349741849305,24.869774436950685,27.99060047149658,22.401268820762635,24.981821189842595,26.383152441099647,28.57329994555223,24.869774436950685,21.16624892834914,0.2978334618989522,4.04295113341361,0.015491996328574897,0.06475500948200597,1.502003940625934
531,24.324878438884703,25.133311835992743,24.15520704406836,24.680191040039062,376868000,45.86852526221373,-1.0336471748196594,-1.276171577156661,0.24252440233700168,24.74406795501709,27.832067527770995,22.448531289100647,24.953094508908926,26.316369641058056,28.29080984600978,24.74406795501709,21.197326064024402,0.28667411497902495,5.801805384788809,0.01681802929705767,0.009883246526253497,1.4645825728615376
532,24.31190899495466,25.181225487134643,23.933641958398347,25.05946159362793,410359000,47.933500595399785,-0.9020126571187284,-1.2013397931490746,0.2993271360303462,24.629689693450928,27.70449192047119,22.49662899017334,24.96322470745359,26.26707912939413,27.975114053407122,24.629689693450928,21.284265333494734,0.2716578569681085,12.470911459207217,0.015367407528311672,0.019076382318497842,1.449082641138306
533,25.57245987515864,26.67332787595736,25.303980882340767,26.653366088867188,524282000,55.599228183967895,-0.6614517771673611,-1.093362189952732,0.4319104127853708,24.574197006225585,27.57141139984131,22.55317627429962,25.124190553302505,26.28222763760876,27.741971840073163,24.574197006225585,21.406422172378008,0.257813090132309,17.271192591073316,0.06360489786598422,0.05795869369806228,1.4608529012233862
534,25.944745396249605,26.872945852936223,25.55050858235371,25.77407455444336,513200000,51.12722121721482,-0.5355831557103023,-0.9818063831042461,0.4462232273939437,24.465657424926757,27.434716148376467,22.605850806236266,25.186084267696874,26.26230006571992,27.294673707116477,24.465657424926757,21.636641142737037,0.2312642765370683,17.681374286069353,-0.03298988696182348,0.07833650164778416,1.4509660704633236
535,25.865894587572004,26.1014383680604,23.727038196145745,23.90269660949707,605472000,43.16895376726285,-0.5801483378611962,-0.9014747740556361,0.3213264361944399,24.334611225128175,27.28528564453125,22.648929052352905,25.063856871677846,26.169766596848437,27.008743455294898,24.334611225128175,21.66047899496145,0.21978014815419664,4.855523346903361,-0.07260698889472528,-0.015214557216174485,1.5169256491384187
536,23.887726864389503,24.826907552973196,23.709072083831487,24.220083236694336,440424000,44.740000199025694,-0.583134110449592,-0.8378066413344274,0.25467253088483544,24.20111999511719,27.12840930938721,22.69516659259796,24.983497477869893,26.093308425862002,26.604538129284254,24.20111999511719,21.797701860950124,0.19862040555577412,-0.8943802317899272,0.013278277023821783,-0.018642797480711848,1.4884192077100824
537,24.900764591183577,26.49367965605607,24.73608458162661,26.443777084350582,699869000,54.27695216422015,-0.4014393049955629,-0.7505331740666545,0.34909386907109163,24.230662727355956,27.04461166381836,22.753384218215942,25.12257172610615,26.10705229482234,26.727288357362355,24.230662727355956,21.734037097349557,0.20607159268390593,7.537141551393617,0.09181198206153418,0.05524123036524675,1.5445032942566288
538,26.208231811287337,26.530607279677454,25.502597989095342,26.45974349975586,732676000,54.33788786718724,-0.253237343881068,-0.6510740080295373,0.3978366641484693,24.302723026275636,26.97422794342041,22.814103217124938,25.249921418834692,26.120883322466792,26.963921942075388,24.302723026275636,21.641524110475885,0.21900417602772448,5.02731840793647,0.0006037872484836448,-0.007264470403691381,1.5076108654227347
539,25.580445575519956,25.73514658054274,24.118279789032503,24.459617614746097,810595000,46.05716185581245,-0.29379300228067606,-0.579617806879765,0.285824804599089,24.32053861618042,26.81613422393799,22.86428666114807,25.174654389873872,26.055735647654217,26.980929532222362,24.32053861618042,21.66014770013848,0.2187773024296416,2.3342212912965636,-0.07559128020376371,-0.05099919055951729,1.5671717829442076
540,24.620305983753607,24.93769195223297,23.05533867775434,23.596290588378903,761255000,43.01037822748016,-0.39108870253438255,-0.5419119860106886,0.15082328347630602,24.333912563323974,26.65277069091797,22.909831748008727,25.024334027826733,25.959286821800283,26.97685920307905,24.333912563323974,21.690965923568896,0.21722332016089527,-2.783841276302497,-0.03529601484230549,-0.012818889271113743,1.589684746625238
541,22.990466739591504,24.01747672423465,22.955534556689436,23.34477996826172,633422000,42.13587358746427,-0.48292420146006165,-0.5301144291005632,0.047190227640501514,24.3348108291626,26.511045188903807,22.952676596641542,24.86437649834435,25.85675714126936,26.976399580347223,24.3348108291626,21.693222077977975,0.21710370133791795,-5.410861972708742,-0.010658905016242337,-0.03613956483462866,1.551988848119522
542,23.755980792771823,24.10829893528907,22.257883403820344,22.34371566772461,566511000,38.75802037823119,-0.6292286624679271,-0.549937275774036,-0.07929138669389113,24.337954711914062,26.355127143859864,22.993241901397706,24.62431356209485,25.718990808973487,26.969889877645386,24.337954711914062,21.706019546182738,0.2162823620049653,-10.83720779776799,-0.04288171924936113,-0.15504825212932183,1.5733050397873225
543,20.97436959630377,23.753985005383655,20.84961126769638,23.702085494995117,735801000,45.17999488833194,-0.6283239814528763,-0.5656146169098041,-0.06270936454307219,24.386660289764404,26.267037811279298,23.04039705276489,24.536482317609163,25.63989648293512,26.932254934848558,24.386660289764404,21.84106564468025,0.2087694349974272,-11.0728250384284,0.06079426750102557,-0.10422088954816155,1.6683813753516048
544,23.67514026050262,24.17017971684617,23.33579743881381,24.11029624938965,528866000,46.97934447672037,-0.5878909776694066,-0.5700698890617246,-0.017821088607681945,24.49709634780884,26.1835994720459,23.092325282096862,24.495893168254923,25.579912160050984,26.779948364578726,24.49709634780884,22.21424433103895,0.18637735545127807,-6.4552397469762175,0.017222566954318452,-0.014281554636645377,1.608810011257373
545,23.94561831319899,24.61731757852468,23.66116943855256,24.33785820007324,477319000,48.00392692482649,-0.5313599959877209,-0.5623279104469239,0.030967914459202994,24.57419729232788,26.06235439300537,23.14585641860962,24.480842218904286,25.531204161620487,26.722185039843716,24.57419729232788,22.426209544812046,0.17481651359464273,1.8205543821497905,0.009438372234408021,0.03142729612168593,1.5621913061655694
546,24.244037444614957,24.329871618461585,23.087277797297364,23.431610107421875,412056000,44.32999080216359,-0.5533072513946244,-0.560523778636464,0.007216527241839521,24.523844909667968,25.964344253540037,23.191974663734435,24.380915351144058,25.44886713988721,26.728643498158803,24.523844909667968,22.319046321177133,0.17980855747637217,-3.2554517735013166,-0.03723614811136655,0.003719467019102529,1.5399333844948768
547,23.71411312154496,24.365961607628535,23.373714780503384,24.17729377746582,389642000,47.86565466555046,-0.5047121615658199,-0.5493614552223351,0.044649293656515265,24.50319128036499,25.892945060729982,23.242207880020143,24.36152282031756,25.39900151783147,26.71284397770887,24.50319128036499,22.29353858302111,0.18035631947374378,-8.57095149325724,0.03182383398432154,0.08206236317220084,1.500812916111325
548,24.219219994125485,24.283108229788855,23.427618955251905,23.67218780517578,365095000,45.74623207032563,-0.501180733859087,-0.5397253109496856,0.03854457709059855,24.427140617370604,25.813080711364748,23.290662469863893,24.295871866494533,25.331283333021442,26.64125915170225,24.427140617370604,22.213022083038958,0.18128348045428982,-10.535082075175062,-0.02089174979380104,-0.0012613949023873028,1.4547183702845838
549,23.342771281446925,23.638248916911905,22.44236121609132,22.89556121826172,431415000,42.6213395416623,-0.5546556024596754,-0.5427113692516835,-0.011944233207991872,24.376833724975587,25.690616188049315,23.334984531402586,24.16250894761522,25.23576481871714,26.680336943290854,24.376833724975587,22.07333050666032,0.18899117451461175,-6.394443368327425,-0.03280755430405369,-0.050382418306398113,1.4386546716274322
550,22.77676302621287,22.992383631131677,21.292385748895303,21.31434631347656,450821000,37.06924529342286,-0.7163678069876163,-0.5774426567988701,-0.13892515018874618,24.228951835632323,25.5300399017334,23.368673505783082,23.89125536341154,25.08198370086457,26.892073688715026,24.228951835632323,21.56582998254962,0.21982972034028989,-9.670775439704892,-0.069062072325354,-0.12423081200249497,1.4573220438137853
551,21.271424341879477,22.33354729257822,20.613586007361604,21.476062774658203,557467000,37.95937624678965,-0.8220012089937327,-0.6263543672378427,-0.1956468417558901,24.068745422363282,25.367907257080077,23.401279487609862,23.661237021625507,24.940575037091772,26.978128500860155,24.068745422363282,21.15936234386641,0.2417561054755802,-8.004861027365093,0.007587211862059018,-0.08345765928156423,1.4760819896282733
552,22.347525831099777,23.179057248104534,22.207773291766387,22.97342109680176,492742000,45.6280779328066,-0.775947498725035,-0.6562729935352811,-0.11967450518975387,23.964443397521972,25.209672317504882,23.43827862739563,23.595730743070863,24.863431745315694,26.873848425553,23.964443397521972,21.055038369490944,0.24281014833266462,2.8182663906109333,0.0697221989828809,-0.04979352493892908,1.492290024186706
553,22.49127084816649,22.7478176453068,21.84341507316424,22.6180477142334,428066000,44.23070168699322,-0.759371699275242,-0.6768927346832733,-0.08247896459196868,23.762677478790284,25.056765670776368,23.473322587013243,23.50261807365777,24.775377469586978,26.449365940907725,23.762677478790284,21.075989016672843,0.22612674556690704,-4.573596618705227,-0.015468892555050795,-0.044530742135794554,1.46641259557605
554,22.981400580014764,23.10418476897103,22.00712190165807,22.06102752685547,367209000,42.056570435878655,-0.7821658120980004,-0.6979473501662188,-0.08421846193178162,23.577025127410888,24.899126319885255,23.505320854187012,23.365323735867076,24.668932373793584,26.194353265566082,23.577025127410888,20.959696989255693,0.22202361188581526,-8.499558451448133,-0.024627244332294906,-0.036449584417289516,1.4400304721286865
555,21.830436104622745,22.222742745585133,21.12168901899386,21.292387008666992,385354000,39.19361692746074,-0.8524269297251905,-0.7288432660780132,-0.12358366364717732,23.446509647369385,24.734398040771485,23.53453330039978,23.16790119041945,24.53651883006313,26.240247520637336,23.446509647369385,20.652771774101435,0.23830735706808268,-12.513308140636145,-0.034841555646163314,-0.0010302593608363386,1.4158178474474428
556,21.48005697889036,22.99737722116241,21.284403438506185,22.93249130249023,491996000,47.418771109810265,-0.7669260163392231,-0.7364598161302552,-0.030466200208967842,23.38213005065918,24.605965042114256,23.568173084259033,23.145481201092856,24.473615789766153,26.16089814584015,23.38213005065918,20.603361955478206,0.23768305874277132,-2.1301088685047307,0.07702773264245288,0.0678163657423565,1.4370432713909271
557,23.458567920367884,24.553633957484408,23.13114708986495,24.45281219482422,671422000,53.67431667671021,-0.5699190641117333,-0.7031516657265509,0.13323260161481754,23.28258180618286,24.493765983581543,23.60931471824646,23.269988914781557,24.47279996251353,25.739500252909753,23.28258180618286,20.82566335945597,0.21105206176700206,1.1395750901417774,0.0662954963017428,0.06439576812651593,1.450193227362588
558,24.077474869325343,24.798200129101563,23.863851472026887,24.722335815429688,471941000,54.703158550074704,-0.38757362395230643,-0.640036057371702,0.25246243341939556,23.195711421966553,24.403545265197753,23.649241542816164,23.408307667224236,24.482585682235733,25.29379851149793,23.195711421966553,21.097624332435178,0.18090301705896097,4.43621020117244,0.01102219321271014,0.09303579724398903,1.4133471866277372
559,24.755272049910506,26.522151490123896,24.580581386606394,26.406354904174805,730719000,60.592191011689366,-0.10595588883972695,-0.533220023665307,0.42726413482558,23.293048286437987,24.380659713745118,23.696633329391478,23.69383597550524,24.558027612507853,25.764126212294983,23.293048286437987,20.82197036058099,0.21217299646399154,15.333949023764673,0.0681173130774353,0.19696849441983844,1.4510773949770062
560,26.46026011637226,27.10412324336721,25.92121138568289,26.686859130859375,591727000,61.49028828745482,0.13826866688245687,-0.3989222855557542,0.537190952438211,23.44757671356201,24.351926498413086,23.74239260673523,23.97888579982468,24.641511201462816,26.327838716801512,23.44757671356201,20.56731471032251,0.24567673141024982,25.206087666812017,0.010622603070453485,0.25335215445767445,1.431922713741814
561,26.679871236174723,27.189971767703643,26.026027424283942,26.477230072021484,547007000,60.382770065872684,0.31131443471325326,-0.2568749415019527,0.5681893762152059,23.60419921875,24.337584686279296,23.786900482177735,24.21682334955771,24.713500176778844,26.771443009665994,23.60419921875,20.436955427834008,0.26836274016871475,23.28717023152246,-0.007855141656422426,0.1545727728738453,1.4127814015759488
562,26.079931563168326,26.56507466192013,25.529904449568782,25.58880043029785,502120000,55.79603234202987,0.3724719801444607,-0.13100555717267004,0.5034775373171307,23.76645345687866,24.30242015838623,23.82777419090271,24.347487833437725,24.747825676916843,26.99075060776712,23.76645345687866,20.542156305990204,0.27133178761724397,11.384370322886692,-0.033554478293499335,0.04645634319778069,1.3858091737741915
563,26.11986368042065,28.270065012059774,25.861319580253287,28.100364685058594,877379000,64.09853436567559,0.6164954451196891,0.018494643285801787,0.5980008018338874,23.986367416381835,24.309163055419923,23.881678419113157,24.704904676449235,24.879297794883186,27.72245791029863,23.986367416381835,20.25027692246504,0.31151782419251844,24.238683373964264,0.09815091807848009,0.13663874218230676,1.4783417029161723
564,27.836827561473974,28.307995393290817,27.2229122356588,27.643169403076172,579016000,61.82220875355063,0.7641849129037368,0.1676326972093888,0.596552215694348,24.163011074066162,24.30312911987305,23.932963685989378,24.98473941231847,24.98768491677311,28.225636916348872,24.163011074066162,20.100385231783452,0.33626817699413897,25.303181682836012,-0.016270083577439087,0.04683775944804203,1.450251806824447
565,27.7070580201299,28.200186425941997,27.158026699534492,28.16924095153809,425494000,63.4314522293642,0.9131531959405805,0.3167367969556272,0.5964163989849534,24.354580211639405,24.336041526794432,23.984882516860964,25.288025273196528,25.112451820097228,28.777474632630742,24.354580211639405,19.931685790648068,0.3632084300001666,32.29724285995693,0.019030797112699283,0.055547256925584154,1.421102372508951
566,28.644397626552063,28.894954453382205,27.93065833777043,28.605466842651367,488984000,64.7579997595287,1.0542585805632072,0.4642411536771432,0.5900174268860641,24.613273048400877,24.37035270690918,24.03801714897156,25.603972089335084,25.24943280137386,29.381704634505155,24.613273048400877,19.8448414622966,0.3874683043354189,24.737720229921596,0.015485894414540846,0.08037988735380575,1.3884733541591527
567,28.254095859610313,28.445756765832428,27.454507571237144,27.641178131103516,463487000,59.61026150606667,1.075873573513718,0.5865676376444582,0.48930593586925974,24.786467266082763,24.406117820739745,24.087479028701782,25.79799171236065,25.343226735873063,29.727477395220074,24.786467266082763,19.845457136945452,0.39868611174763713,13.038851772452412,-0.03370994491549695,0.08020609275515667,1.3715080625345148
568,27.73301213113302,28.19819004641193,27.22191579894344,27.237886428833008,523440000,57.549803522804986,1.0483763117010731,0.6789293724557812,0.3694469392452919,24.964752197265625,24.45050479888916,24.134815940856935,25.935124542500873,25.41752711598914,29.988695515854126,24.964752197265625,19.940808878677124,0.4024829310453777,10.17521415526326,-0.014590250110095737,-0.030692778043701963,1.3432770757440848
569,27.326730894613775,27.447517830165623,26.220684779158603,26.664899826049805,517235000,54.65902714025619,0.9691772315779659,0.7369789442802182,0.23219828729774772,25.153219127655028,24.501736679077148,24.175062370300292,26.004626950457915,25.466443692854266,30.135158254481283,25.153219127655028,20.171280000828773,0.3961273586130213,0.9791011399082743,-0.021036382697324885,-0.03538919733702839,1.334959645405723
570,26.68086685708192,27.509403108384156,26.56606988356244,27.311752319335938,397120000,57.268565001047605,0.947682684147324,0.7791196922536393,0.16856299189368473,25.453089427947997,24.58139549255371,24.218635339736938,26.12911508082725,25.53880873703002,30.190651341700807,25.453089427947997,20.715527514195188,0.37225830107294344,2.3415763743960665,0.024258575787117875,-0.030440601281282675,1.3069863296497226
571,27.205943962554,27.27082988410383,25.774472454795863,25.885276794433594,436615000,50.38214965733494,0.806249504724871,0.7845456547478857,0.021703849976985268,25.673550128936768,24.632564735412597,24.256131076812743,26.105892386885,25.5523957196733,30.046660027815808,25.673550128936768,21.300440230057728,0.3406704469710318,-2.235706967751918,-0.05222936661930844,-0.09509336320852879,1.3234358678561764
572,24.89003722599684,25.25539113029446,23.96067897755885,24.36396598815918,703833000,44.26838274489387,0.5648938781272719,0.740615299423763,-0.17572142129649115,25.74307737350464,24.674227294921874,24.28372790336609,25.939994634625396,25.50579063216294,29.98449421260978,25.74307737350464,21.5016605343995,0.3295190219542673,-4.786603598222736,-0.05877127829676365,-0.11856267947047527,1.3663760070717885
573,24.397902669017775,24.678407313051004,23.436601401606985,24.165313720703125,557992000,43.52564136085785,0.3535131478833442,0.6631948691156793,-0.30968172123233506,25.820440673828124,24.702974090576173,24.30948085784912,25.770977404728036,25.45322291014491,29.883737615555642,25.820440673828124,21.757143732100605,0.3147349027118751,-14.003558346870129,-0.00815352753129761,-0.11280510755332951,1.3574781430983764
574,23.874822993149746,23.880812930235745,23.021331213813063,23.078229904174805,524781000,39.60917869487365,0.097153887850844,0.5499866728627122,-0.4528327850118682,25.871300792694093,24.72650718688965,24.329058790206908,25.514525261818203,25.360085929518632,29.76711156440803,25.871300792694093,21.975490020980157,0.30116852669534816,-16.51380647543756,-0.04498529707052734,-0.1345090341712466,1.3422284547977825
575,22.17483416250845,22.280646263666377,21.62181009272893,21.87835693359375,575207000,35.78206682515666,-0.20052091339305989,0.3998851556115578,-0.6004060690046177,25.90059928894043,24.708157539367676,24.343507919311524,25.168223516273017,25.22354753752158,29.664817375814238,25.90059928894043,22.136381202066623,0.2906664857350332,-22.332458403004452,-0.05199155115288978,-0.19893983081764766,1.3503849802726464
576,22.497261070505825,22.684929295161435,21.24447295091747,21.466081619262695,662258000,34.546912277201756,-0.4643448321673347,0.22703915805577932,-0.691383990223114,25.827278804779052,24.648706016540526,24.351136302948,24.815638573700607,25.076195932883977,29.866943471635473,25.827278804779052,21.78761413792263,0.312821547898335,-24.958114694159423,-0.018843979718514148,-0.17072234576688816,1.3568186491277408
577,21.689686094459127,22.460324131590653,21.417166779097364,22.163846969604492,516943000,38.421216633246864,-0.6100906114399436,0.05961320415663474,-0.6697038155965783,25.712830543518066,24.60017562866211,24.36204523086548,24.56308699235812,24.961986169618115,30.022449073323628,25.712830543518066,21.403212013712505,0.33521152192962056,-19.81583829574761,0.03250548296227729,-0.09030217082161174,1.3344142707967084
578,22.465317170334803,22.736838829968864,21.125684399232615,21.220516204833984,569097000,35.37281296354848,-0.7925777575019985,-0.11082498817509193,-0.6817527693269066,25.537739562988282,24.52072193145752,24.368358488082887,24.244746917355823,24.81526185727364,30.25898369232824,25.537739562988282,20.816495433648324,0.36974643881030356,-22.09191318761525,-0.042561689135653724,-0.12186051254721542,1.3541814250781041
579,21.162618586314927,22.049051350332444,21.041831657437864,21.744590759277344,525701000,38.301607918171875,-0.8847132749169369,-0.2656026455234609,-0.6191106293934759,25.30465135574341,24.477579765319824,24.376246967315673,24.006636807062634,24.694843382842414,30.284563275308884,25.30465135574341,20.324739436177936,0.3935965644857763,-18.45238159104446,0.02469659782941447,-0.057787757138869966,1.3293984442078524
580,21.681697715813993,22.333546077200904,21.27641352942195,22.158855438232425,512781000,40.59341378376896,-0.9137702640300347,-0.3952361692247757,-0.518534094805259,25.07825117111206,24.435317192077637,24.384834842681883,23.830657629078804,24.59539287521065,30.196024248968612,25.07825117111206,19.96047809325551,0.408144335339601,-18.866958153598254,0.019051390000445867,0.012820821302534702,1.3099508801772166
581,22.477297203232133,22.630027304843697,21.16261996089313,21.444122314453125,468974000,37.9726630103188,-0.9831381227645153,-0.5128165599327237,-0.4703215628317916,24.826595783233643,24.370595817565917,24.388793897628783,23.603368551495407,24.471813637533884,30.135854644483732,24.826595783233643,19.517336921983553,0.42770735928569287,-17.15706776191592,-0.032254965775268096,-0.0010229768617792123,1.3211977704467415
582,21.670723684292497,22.35252002501782,19.964737251699987,20.147415161132812,656209000,33.71930932546336,-1.129723333459367,-0.6361979146380524,-0.4935254188213146,24.55452651977539,24.272354888916016,24.387899503707885,23.274230133365638,24.30222938355737,30.225055418682018,24.55452651977539,18.88399762086876,0.4618723879150978,-17.306504323128667,-0.0604691175654386,-0.09097842135604961,1.3973824135089623
583,20.26720550527617,20.449883441631027,19.46562168913979,19.48059463500977,624713000,31.74982078864099,-1.284888616475584,-0.7659360550055587,-0.5189525614700252,24.12353801727295,24.128899459838866,24.386010780334473,22.912931514474604,24.113145667928055,29.95845506308863,24.12353801727295,18.28862097145727,0.4837530085046197,-19.3861298050512,-0.0330970757682818,-0.08199242436090526,1.367873794864839
584,19.16814435255604,19.909834389421725,19.062332247929696,19.86691093444824,641566000,34.14949696394325,-1.3609969981829373,-0.8849482436410345,-0.47604875454190276,23.734725093841554,24.010756187438965,24.3853178024292,22.622834316376856,23.946626658771986,29.615861784984034,23.734725093841554,17.853588402699074,0.49557234540445194,-13.914927544532544,0.019830826865222972,-0.08635158258970643,1.3307043910524954
585,19.68322980932217,19.75310606710792,18.6370775110821,18.75486946105957,653143000,30.79315873250887,-1.4938259959939693,-1.0067237941116216,-0.48710220188234765,23.264006519317626,23.907799644470217,24.37675849914551,22.254456711108542,23.74302833729307,29.157076272895342,23.264006519317626,17.37093676573991,0.5066255246003577,-14.276608988575973,-0.05597455372190974,-0.15361740982793226,1.3234993219320415
586,18.565204266444383,19.133201147980134,18.257748727324,18.38252830505371,499460000,29.739219157936162,-1.610573069447593,-1.127493649178816,-0.48307942026877715,22.752859592437744,23.791048545837402,24.367647104263305,21.885701624817607,23.53281264975427,28.474984427777706,22.752859592437744,17.030734757097783,0.5029807187173779,-14.364770286915999,-0.01985303906161251,-0.14277077720900377,1.2914959718409054
587,18.933552723499567,20.001667489116333,18.45739457929483,19.747116088867188,570327000,38.10085486008883,-1.574831459690266,-1.216961211281106,-0.35787024840916004,22.35815649032593,23.657115325927734,24.367396574020386,21.68202681186995,23.38435396109203,27.75698207101532,22.35815649032593,16.959330909636538,0.4829401371285141,-10.903932354575495,0.07423286727312295,-0.019868507650443346,1.3148990584281708
588,19.367785440638112,20.09250498859457,18.48434588953756,18.514293670654297,500435000,34.14705034702082,-1.6272267850120201,-1.2990143260272888,-0.3282124589847313,21.921976852416993,23.498206329345702,24.365348405838013,21.380337941277983,23.19337120460428,27.077460376330038,21.921976852416993,16.766493328503948,0.4703484141618032,-12.752859110765725,-0.06243050441719522,-0.049603258137658424,1.3358462041873733
589,18.508308488040186,19.53948612130761,18.358573351962736,19.498559951782227,572049000,39.54135704750624,-1.571216390287951,-1.3534547388794214,-0.21776165140852966,21.563659858703613,23.398985176086427,24.37223885536194,21.201120989897433,23.048476645670082,26.332409414037514,21.563659858703613,16.79491030336971,0.4422950080442044,-10.329147291663086,0.0531625077703084,-0.01854092887824399,1.324779530270052
590,19.36579084051425,19.79004256378469,19.099261454041525,19.56743431091309,475751000,39.91227326601302,-1.503933751638563,-1.3835505414312497,-0.12038321020731324,21.17644395828247,23.31840805053711,24.376386795043945,21.045531782375114,22.911965181561964,25.21749550555034,21.17644395828247,17.1353924110146,0.3816553482944284,-11.694742693470314,0.0035322792709400197,0.04332554015055323,1.279493928803846
591,19.887866961396114,20.3640250760324,18.717932850721336,20.298141479492188,648855000,43.84823884141274,-1.3757905568939748,-1.3819985445237948,0.00620798762982,20.897087192535402,23.257475280761717,24.385025157928467,20.97435175352912,22.809462291284717,24.323105072011245,20.897087192535402,17.47106931305956,0.3278942991346318,-5.344032356076228,0.03734302397384681,0.10420836256304522,1.3056795214115045
592,19.831970796985615,19.889867190140663,18.46738053235109,18.810773849487305,626331000,38.34261110568795,-1.3783653513606389,-1.3812719058911638,0.0029065545305249074,20.619427585601805,23.18681644439697,24.38224557876587,20.768296715048947,22.65265097984168,23.765204125276068,20.619427585601805,17.473651045927543,0.30512743640574236,-6.634306688751201,-0.07327605000229276,-0.04741665745854218,1.3431853375350469
593,18.702960208114582,19.47759084783284,17.95827544658024,18.642066955566406,633297000,37.763415651462324,-1.3781328730206823,-1.3806440993170677,0.0025112262963853382,20.34326524734497,23.0856160736084,24.377704515457154,20.565798642717276,22.49537317496814,23.146509226184666,20.34326524734497,17.540021268505274,0.2755943005959234,-4.304425481634906,-0.008968631236056068,0.0069013318674227,1.3557660563720149
594,18.00220081323754,18.2228098873292,16.79732840064044,16.92011260986328,644455000,32.38599308597718,-1.4996093933742927,-1.4044371581285127,-0.09517223524578,20.035359382629395,22.94181240081787,24.364733276367186,20.218590449112135,22.27673550574834,22.92093405327541,20.035359382629395,17.14978471198338,0.2880482067267334,-14.83269509944475,-0.09236928232300767,-0.13223783439880477,1.390692663411583
595,17.657806577427667,18.16590978890649,16.99497790989981,17.56397247314453,761474000,36.05272647031594,-1.5263316992200764,-1.4288160663468255,-0.09751563287325093,19.819640159606934,22.806334686279296,24.356298427581788,19.965769689496174,22.091921269175643,22.766269539737838,19.819640159606934,16.87301077947603,0.2973443873250767,-6.349801529611705,0.038052930150472175,-0.10238755914214026,1.3803429859566994
596,17.316416239857933,17.721700572708396,16.538790337401462,16.600679397583008,670167000,33.15569898301608,-1.6067177773580603,-1.4643964085490726,-0.1423213688089877,19.57637004852295,22.66971607208252,24.343476123809815,19.64528489979016,21.876578450681816,22.73486511699125,19.57637004852295,16.41787498005465,0.3226844466711143,-9.693165585828792,-0.05484482949597003,-0.18215766628904595,1.3662406466245733
597,16.19040360695308,16.758400627921947,15.539553695242825,16.146480560302734,708728000,31.855898700762623,-1.687620534686726,-1.5090412337766033,-0.17857930091012264,19.27550172805786,22.509099807739258,24.32691114425659,19.312065438886595,21.65186872949048,22.535536256917233,19.27550172805786,16.01546719919849,0.3382567753465001,-18.233728471340584,-0.02736025595111502,-0.14163655947929998,1.3557125241998982
598,16.758401062861367,17.89639051137193,16.563745173404115,17.674781799316406,670437000,40.33219502510532,-1.6098579746703514,-1.529204581955353,-0.08065339271499838,19.09821500778198,22.38915168762207,24.317194423675538,19.156133663689435,21.49590453615032,22.301018061310387,19.09821500778198,15.895411954253577,0.335403392644114,-4.534398591011558,0.09465228247765078,-0.05188722680567215,1.3838694832619909
599,17.478127488678094,17.756634863058387,17.075838212801916,17.233558654785156,521446000,38.83048965689335,-1.565784220093974,-1.5365205095830774,-0.0292637105108966,18.87266340255737,22.27591163635254,24.306084756851195,18.97303128188903,21.328753717273255,21.930306454410708,18.87266340255737,15.815020350704035,0.32402878031926385,-11.61624911069416,-0.024963428094389006,0.01852505666771731,1.3336499951901681
600,18.042128040603696,18.338605199613887,17.602905299530796,18.144947052001953,585830000,43.50934261271115,-1.4407064579545121,-1.5173576992573645,0.07665124130285239,18.67196798324585,22.212523651123046,24.29827983856201,18.89416611713788,21.20389855392928,21.342954509891527,18.67196798324585,16.000981456600172,0.28609587688264293,-7.269666714137331,0.052884515350155814,0.03307762977570916,1.3173211773072084
601,17.67378227574179,18.08605417628394,16.834265532095618,16.90813446044922,545161000,39.134619285773006,-1.424955865770201,-1.4988773325599318,0.07392146678973077,18.445168590545656,22.121165084838868,24.28396659851074,18.70502024507229,21.035437216930063,20.89744732254737,18.445168590545656,15.992889858543938,0.26589930256952693,-16.701070994445445,-0.06816292095028598,0.01852063132494286,1.316846916064289
602,16.907136667863853,17.65581425511469,16.704493580378365,17.093807220458984,621310000,40.10818335066883,-1.3815653427102603,-1.4754149345899976,0.09384959187973729,18.292488193511964,22.00357280731201,24.26829183578491,18.55157138558531,20.880863491578257,20.681239456823363,18.292488193511964,15.903736930200564,0.26117291841780704,-9.127570416647782,0.010981268243642317,0.058670783185118314,1.2907378988265774
603,17.301439650730654,17.379301231839957,15.727219718341468,16.66456413269043,739105000,38.57212552807878,-1.3660671981096755,-1.4535453872939332,0.08747818918425776,18.151686668395996,21.884503135681154,24.248659925460814,18.37185640911913,20.715518418680695,20.5754317635672,18.151686668395996,15.727941573224793,0.26705453211587205,-10.607744450169495,-0.025111028937708446,-0.05715587768472752,1.3165481570174282
604,16.245303880807757,16.885174338377944,16.150472081742095,16.86820411682129,639889000,39.75100340782825,-1.322112274710065,-1.4272587647771597,0.10514649006709464,18.001751327514647,21.780646667480468,24.231398191452026,18.22865142890029,20.56464334801954,20.35242878221873,18.001751327514647,15.651073872810565,0.2611609739449302,-0.30678574214531557,0.012219940618271918,-0.021200179561429167,1.274987735561601
605,16.480886198685138,16.567732674703276,15.752172998727668,16.125513076782227,588550000,36.96474818231309,-1.3318538590045392,-1.4081777836226357,0.07632392461809645,17.87028350830078,21.677309188842774,24.2107772064209,18.02835253822238,20.39055980797102,20.329382114738937,17.87028350830078,15.411184901862622,0.27521651856232743,-8.189829485110625,-0.04402905222722775,-0.11129456423500117,1.2636336914567454
606,15.991755987340522,17.080832075933746,15.971790791894056,16.945072174072266,781132000,41.81166436659924,-1.258930398949957,-1.3783283066881,0.11939790773814307,17.79841070175171,21.557560806274413,24.196044998168944,17.925182979731893,20.255442645857343,20.277367621735998,17.79841070175171,15.31945378176742,0.27855935695879985,2.0745703729414835,0.050823753228047774,0.0021846120108313105,1.2525913766412415
607,16.00772274521179,18.06009712140226,15.993747492579688,17.819522857666016,996575000,46.535424834874355,-1.1176930990883172,-1.3262012651681434,0.20850816607982625,17.70203104019165,21.42489501953125,24.1868673992157,17.915120110963713,20.15991637965376,20.014750189150107,17.70203104019165,15.38931189123319,0.26129421462515073,10.361653061885042,0.05160501381231941,0.042454886020853566,1.3107169660827651
608,18.153930384365744,18.847704469120064,18.06808160093227,18.777828216552734,738379000,51.20993989992176,-0.9178538400936382,-1.2445317801532425,0.32667794005960427,17.71520776748657,21.30600486755371,24.181453638076782,17.997282787686476,20.10571684384588,20.049193447424305,17.71520776748657,15.381222087548839,0.2635007966682039,6.2407922754610174,0.0537783961187519,0.1268118426041982,1.2905358693235711
609,18.94653566856395,19.166149002373768,18.317647267167107,18.639080047607425,664100000,50.52120487355526,-0.7618929772633187,-1.1480040195752579,0.38611104231193916,17.67223377227783,21.150659370422364,24.173934288024903,18.058406336250375,20.04820167536594,19.90264653507451,17.67223377227783,15.441821009481153,0.25242001566270517,8.155723498419782,-0.007388935895313087,0.1049830745775826,1.2589620026009347
610,18.690983767171357,19.01940218977042,18.09004412210462,18.287694931030273,544514000,48.733617257439896,-0.6590495985646534,-1.050213135373137,0.3911635368084836,17.60824680328369,20.98267608642578,24.16584535598755,18.080243345277033,19.979162195195915,19.685688796432952,17.60824680328369,15.53080481013443,0.23596238925522636,0.7867087108009543,-0.018852063282074782,0.13408453076517546,1.2354188643912825
611,18.25974260084453,19.58440215388404,18.16590850320256,19.557449340820312,648656000,54.93833366098292,-0.46967281505891734,-0.9341050713102931,0.46443225625137574,17.571212196350096,20.844280471801756,24.166559715270996,18.220929630566868,19.962624436200795,19.474643418933653,17.571212196350096,15.66778097376654,0.21665337613746857,15.668877525005831,0.06943217363253029,0.15416736735682113,1.2484956348405822
612,19.04835384760268,19.297913027935877,18.489339912786797,18.68699073791504,598779000,50.43214113486847,-0.38538658758608335,-0.8243613745654512,0.43897478697936787,17.565023040771486,20.706244277954102,24.165007104873656,18.265316402695266,19.912599585287627,19.453034409618756,17.565023040771486,15.677011671924218,0.21497397008416838,9.320238007301432,-0.04450777745789436,0.04868075801905292,1.2356109057829345
613,19.105248690909416,19.30289947612781,18.53126193044888,18.752870559692383,422406000,50.761318264894825,-0.30970312913839493,-0.72142972548004,0.4117265963416451,17.570563220977782,20.519294395446778,24.16000234603882,18.311750131933085,19.86712001565644,19.471788031796223,17.570563220977782,15.669338410159341,0.21641022964460668,12.531419426118553,0.0035254377069753318,-0.001329102416559036,1.2024699514897912
614,18.43942965955534,18.96649855003817,18.15593002204157,18.89262962341309,388914000,51.49720088814831,-0.23572872066589312,-0.6242895245172106,0.3885608038513175,17.669189071655275,20.344283599853515,24.15061773300171,18.367071988264513,19.828904706156703,19.628960043624705,17.669189071655275,15.709418099685843,0.22182919250247593,12.0014287980604,0.007452675753071514,0.013603116417658656,1.174476992668849
615,18.76981947875276,19.15022859840962,18.506229327517012,18.619054794311523,363252000,49.92432248931273,-0.1969088289343901,-0.5388133854006466,0.3419045564662565,17.721943187713624,20.153279876708986,24.134168014526367,18.39107035074518,19.78145961157454,19.723893523567302,17.721943187713624,15.719992851859946,0.22592898697944166,15.463332581457756,-0.014480505602170513,0.018119279905473684,1.1365857268276889
616,18.452309729129784,18.903607678210435,18.012992282026815,18.019981384277344,395574000,46.56998891304514,-0.2120397404416714,-0.4734586564088516,0.2614189159671802,17.79290828704834,19.941570167541503,24.115546073913574,18.355728544414912,19.712382034033475,19.73042727323684,17.79290828704834,15.855389300859843,0.21778553060927555,6.343491483322223,-0.032175285837668155,-0.07861290752950922,1.1190164174959698
617,17.572682529347194,17.669532092614485,16.842816252604898,16.947654724121094,465248000,41.230013148755695,-0.3070197637667711,-0.4401708778804355,0.13315111411366443,17.832966995239257,19.727699699401857,24.08946717262268,18.221626275815503,19.603961355213382,19.66280493524436,17.832966995239257,16.003129055234155,0.20521968559618842,-4.892769242526835,-0.059507645279360144,-0.09307737335497857,1.1231698970800037
618,15.975161925630958,16.28667785741259,15.58177350988944,15.622710227966309,604153000,35.772032044316035,-0.4836290892701065,-0.44886252015836975,-0.034766569111736756,17.730363416671754,19.49539617538452,24.05748694896698,17.974110461734625,19.447833860027224,19.79875394883825,17.730363416671754,15.661972884505257,0.23331620266977737,-16.802358356890153,-0.0781786340188434,-0.16691633004997508,1.140506419733693
619,15.70658102760034,16.041061051837058,15.388075961207294,15.811418533325195,469680000,37.050208642931736,-0.6014331223364522,-0.47937664059398627,-0.12205648174246592,17.659256410598754,19.27832654953003,24.023616604804992,17.768139801886107,19.305229337411458,19.883019317718816,17.659256410598754,15.435493503478693,0.25185238329575427,-15.170606634339759,0.01207910167987869,-0.16309064177436894,1.1056834676548408
620,16.070017900307143,16.841818825545705,15.901280536590404,16.5013484954834,563936000,41.624227935934776,-0.6318386427451976,-0.5098690410242286,-0.12196960172096905,17.577076482772828,19.06211847305298,23.992936501502992,17.647493010800137,19.195273225963298,19.844030027308133,17.577076482772828,15.310122938237523,0.25794432273844065,-9.768024030824304,0.04363491869524938,-0.11373865763986712,1.10030609798096
621,15.835379033270875,15.91725247003098,15.37709193777764,15.576781272888184,545749000,37.67365878929877,-0.7222148415317804,-0.552338201125739,-0.16987664040604145,17.510508823394776,18.85594856262207,23.959125499725342,17.450282369094236,19.053371580744667,19.925481464952497,17.510508823394776,15.095536181837055,0.27583123550712774,-20.353717903406135,-0.056029797979739615,-0.13558283215102995,1.1020168451041599
622,15.62370932462703,15.970170797325055,15.304206366327632,15.85534954071045,630334000,39.53570437354006,-0.7625700660365098,-0.5943845741078931,-0.16818549192861665,17.448585939407348,18.685776233673096,23.926427874565125,17.298384004486255,18.927958951723717,19.964522641763022,17.448585939407348,14.932649237051674,0.28838287653711486,-15.153007977144876,0.017883557773717973,-0.06445170150038515,1.0708702440965359
623,16.449430556731162,16.981602360727013,16.38153530308175,16.5402889251709,483089000,43.968295649697744,-0.7308581107936654,-0.6216792814450476,-0.10917882934861778,17.442372179031373,18.53327573776245,23.897379488945006,17.22618447312289,18.83432483303537,19.96662369215778,17.442372179031373,14.918120665904969,0.2894390152001199,-11.798629055101733,0.043199261088618046,0.058733643767009625,1.0748261423765377
624,16.200817175575203,16.63614132882804,16.15488903959376,16.334609985351562,437135000,42.95006793485621,-0.7140911312494609,-0.6401616514059303,-0.0739294798435306,17.415692472457884,18.398403339385986,23.865072321891784,17.141272617144665,18.736296799792868,19.974694640758333,17.415692472457884,14.856690304157436,0.2938731459971968,-13.539775505319001,-0.012435027027027035,0.03308946954529435,1.0324280100092336
625,16.493358120207393,16.559255659016674,15.828392479583757,16.19981575012207,463680000,42.259360109240546,-0.7035696346305755,-0.6528432480508594,-0.050726386579716176,17.419407606124878,18.284832515716552,23.832994322776795,17.051610058380607,18.63682695470774,19.971112047213648,17.419407606124878,14.867703165036108,0.292972585381326,-12.993350473024961,-0.008252063278546107,-0.018273218424776694,1.010887664968068
626,16.474388949004762,17.113394941258946,16.284683330908774,17.099416732788086,472153000,48.2417336633306,-0.6155453678973473,-0.645383672020157,0.029838304122809745,17.42712483406067,18.197499217987062,23.8070259809494,17.05616307499084,18.576536357769715,19.973973346168872,17.42712483406067,14.880276321952469,0.2922855647571286,-5.10857715032082,0.05553155644126617,0.09775032679890616,1.0039370596944115
627,17.285126608804937,17.303098316739902,16.60019067372971,16.84281349182129,427968000,46.753726350394246,-0.5600354987345071,-0.628314037363027,0.06827853862851996,17.37828936576843,18.091078548431398,23.78058298587799,17.03584406706993,18.50854722577174,19.930618975932937,17.37828936576843,14.825959755603924,0.2937377271657196,-0.6186179386259697,-0.015006549344736442,0.062279544741376425,0.9824349585026815
628,16.8737677400976,17.175299026781286,15.92025015026535,15.957193374633787,461149000,41.94497701918568,-0.5808104482117997,-0.6188133195327816,0.0380028713209819,17.237257623672484,17.98581209182739,23.748209986686707,16.93311542969506,18.40849413357025,19.77634950740589,17.237257623672484,14.698165739939077,0.29460508616479564,2.1410058932586384,-0.05258148335000867,-0.03525304504504512,1.001907381217914
629,15.789452817507586,15.795443069795564,15.146452414426411,15.517874717712402,482352000,39.76032299295835,-0.6255135584887448,-0.6201533673239743,-0.005360191164770489,17.081197357177736,17.861277770996093,23.715267028808594,16.798330599982428,18.295136509418963,19.640064813834947,17.081197357177736,14.522329900520525,0.29961218796900585,-1.8565305509692285,-0.02753107307828606,-0.050000291918300244,0.9882526368600184
630,15.337155541620188,15.542836100215856,14.838930531324044,15.135469436645508,686070000,37.90943987666632,-0.6839142677824164,-0.6329055474156627,-0.051008720366753635,16.923586082458495,17.720810050964356,23.67996298789978,16.639962870140817,18.171227996761182,19.553126261666666,16.923586082458495,14.294045903250325,0.31075448978673864,-8.277378416750285,-0.024642890087932634,-0.06570113696932278,0.9679421320051466
631,14.875871620652088,15.039616592506375,14.369658695440403,14.500454902648926,577610000,34.996087286113706,-0.7725323445246772,-0.6608309068374657,-0.11170143768721152,16.670736360549927,17.58193670272827,23.640989899635315,16.43620020657016,18.027276110717565,19.20955802359688,16.670736360549927,14.131914697502973,0.30458422569202026,-6.90981244060115,-0.04195539072340271,-0.15199125623715914,0.9535041755194292
632,14.15299631092678,14.947760206321728,14.033182701418724,14.940771102905272,651397000,38.523993345933285,-0.7980337351766593,-0.6882714725053045,-0.1097622626713548,16.48342537879944,17.47780382156372,23.6047123670578,16.293778387173504,17.906236698646495,18.95137461589931,16.48342537879944,14.015476141699567,0.2994461624795639,-5.768264114625107,0.03036568185015409,-0.11292901805506728,0.9507236990468274
633,14.986698473809913,15.295218792695415,14.766040887262422,15.106512069702148,529066000,39.847365682852875,-0.7956975540321469,-0.709756688810673,-0.08594086522147393,16.301107454299927,17.39032217025757,23.570970034599306,16.180705404557184,17.796443575942796,18.60478188895096,16.301107454299927,13.997433019648893,0.2826402366967242,-8.66839063063063,0.011093200321143248,-0.053310208440784934,0.9206132852172678
634,15.432008107054722,15.92024840415713,15.36511172210343,15.833383560180664,492903000,45.39863565485122,-0.726815383763574,-0.7131684278012532,-0.013646955962320795,16.148145151138305,17.30965162277222,23.544788947105406,16.147627133664184,17.719460830226634,18.126498439541493,16.148145151138305,14.169791862735117,0.24502545275470614,-3.068493374622258,0.04811643396733123,0.020331962218262722,0.9129792173056759
635,15.40604792988866,16.012106019018525,15.36511120957137,15.813414573669434,467972000,45.27501831218362,-0.6661580426336684,-0.7037663507677363,0.0376083081340679,16.007863140106203,17.250822525024414,23.51784439086914,16.115797366045637,17.644713918204783,17.631592052890625,16.007863140106203,14.38413422732178,0.2028664161572348,-2.385219575412301,-0.0012611951472868421,0.044791814344555814,0.8939803310300672
636,15.501898015957396,15.502896867323374,15.014655653490305,15.12847900390625,437321000,41.13738791026275,-0.6656816750328449,-0.696149415620758,0.030467740587913128,15.863288021087646,17.185741539001466,23.484007301330568,16.021767045841887,17.546038039212682,17.240904458326217,15.863288021087646,14.485671583849077,0.17368611543927764,-11.526344785214622,-0.04331357826434623,0.04331064821577413,0.8871788016835717
637,15.244299171117744,15.40704625326835,14.853906325120404,15.058588027954102,458483000,40.72836642736029,-0.6632976851077803,-0.6895790695181625,0.02628138441038219,15.768834686279297,17.091970977783202,23.447121324539186,15.930035710804955,17.44849097994764,17.094157101687898,15.768834686279297,14.443512270870693,0.168093894289067,-10.593393228118273,-0.00461982833397212,0.007885598690814621,0.8633188821453127
638,14.567350728800742,15.351131947423893,14.442544778008678,15.140459060668944,521918000,41.46260408107263,-0.6473399162022542,-0.6811312388549808,0.03379132265272666,15.744722127914429,17.024494285583497,23.412645568847655,15.854837934601525,17.35797992428965,17.097073619505903,15.744722127914429,14.392370636322957,0.1717847391150634,-5.1182829886811945,0.005436833291598164,0.002247175973524751,0.86655233123602
639,15.08454678517,15.448979946164094,14.705136566748276,15.348136901855469,456235000,43.37868686261506,-0.6108934043303123,-0.6670836719500471,0.05619026761973489,15.721558046340942,16.941485824584962,23.381308879852295,15.806580693387614,17.27916255086086,17.08437664920627,15.721558046340942,14.358739443475613,0.17336940764373066,-1.0938212799410705,0.013716746655721979,-0.03064706014863061,0.8577874061060057
640,15.634696605405615,15.757504893911705,15.421028046567304,15.737536430358888,385935000,46.88907151752877,-0.5443134864380035,-0.6425296348476385,0.098216148409635,15.683367443084716,16.864887866973877,23.356714301109314,15.800005049289641,17.218706624566664,16.99861528605725,15.683367443084716,14.36811960011218,0.167725183733098,3.9778547750602016,0.025371126866632565,-0.004798340229243636,0.8257574479595935
641,16.276694132734946,16.870769817035264,15.977160590348932,16.076005935668945,670517000,49.80225467175684,-0.4589463140311132,-0.6058129706843335,0.1468666566532203,15.708328676223754,16.78044515609741,23.334720187187195,15.826290847992432,17.173894832845185,17.033449618115835,15.708328676223754,14.383207734331673,0.16871571370896943,10.865528313406221,0.021507146738489746,0.06263200229963894,0.8477200150107922
642,16.460406952090203,17.08343879377703,16.14689523300348,16.965621948242188,702366000,56.548422917693074,-0.31586652480014266,-0.5478236815074954,0.23195715670735273,15.763842296600341,16.74354211807251,23.316181225776674,15.934798571825741,17.165727268743108,17.197527307300177,15.763842296600341,14.330157285900507,0.18189537597810485,13.552519019203624,0.05533812416673656,0.1266409517776801,0.8591280752320275
643,16.920694158582595,17.90516367987839,16.774920881624166,17.77935791015625,760538000,61.62826276497581,-0.13525394624939935,-0.4653097344558762,0.33005578820647685,15.825795745849609,16.726287937164308,23.301581196784973,16.11047088976198,17.189791215465192,17.47866795951396,15.825795745849609,14.17292353218526,0.20888329916652984,17.693335351810312,0.047963815555749356,0.17429450711587036,0.878493412590756
644,17.85723740485581,18.11583423265357,17.517765033329383,18.02198028564453,557049000,63.016564149422734,0.027147482240980736,-0.3668182911165048,0.39396577335748556,15.910164260864258,16.748325290679933,23.293233885765076,16.292519403655557,17.22242608096242,17.81184280622976,15.910164260864258,14.008485715498757,0.23905203166798725,13.822672312240092,0.013646295705070699,0.1742128963852163,0.8584631116431439
645,17.86522258702626,17.939107115384,17.11039568213851,17.2921142578125,536671000,56.40523621355149,0.09585276465292836,-0.2742840799626182,0.3701368446155466,15.96477918624878,16.74288812637329,23.277649636268617,16.387718913575267,17.225158950642818,17.95717164040324,15.96477918624878,13.972386732094321,0.24959849815781987,9.350919608502622,-0.04049865865259039,0.09878152367321702,0.8622575039190638
646,16.992580547570068,17.097419003652497,16.623155964154584,16.997573852539062,480748000,53.9455699798692,0.1250932497156576,-0.19440861402696308,0.3195018637426207,15.959687042236329,16.750826015472413,23.259350247383118,16.445800336333722,17.216234044834827,17.940943326463394,15.959687042236329,13.978430758009264,0.24828259839729844,12.35481007806669,-0.0170332210903803,0.05732567657401577,0.8484504174718389
647,16.862783963132348,16.8927380811664,16.452422639321977,16.50733757019043,397865000,50.034700560789254,0.10746972973738522,-0.13403294527409343,0.24150267501147865,15.942913246154784,16.758043155670165,23.236728539466856,16.451661025272458,17.188434183084066,17.899505379894382,15.942913246154784,13.986321112415188,0.24544976235274948,9.620752885641954,-0.028841544481679193,-0.02701253036581075,0.8267861885964994
648,17.005559778739524,17.908157678578863,16.886745027673552,17.76238441467285,569776000,58.357884348087545,0.19255509934574278,-0.0687153363501262,0.26127043569586894,16.033172798156738,16.759795207977294,23.22159954547882,16.57649182426297,17.210942035303233,18.144504111120465,16.033172798156738,13.92184148519301,0.26337036836607386,17.31734383678631,0.07602963464858403,-0.0009546742671568964,0.8677886114387805
649,17.947096489128917,18.11183935742096,17.4129271606502,17.95608139038086,474646000,59.47974960282836,0.2724746764532604,-0.000477333789448878,0.27295201024270926,16.15508313179016,16.77424566268921,23.208117651939393,16.707881306750387,17.24016318648275,18.41000673665633,16.15508313179016,13.900159526923987,0.27915964114463854,16.99192876113915,0.010904897179682793,-0.003656584582781064,0.8557260103910647
650,17.785348603490437,18.21567931837126,17.664536142339635,18.13480567932129,435460000,60.53620740085817,0.34624181345920846,0.06886649566028259,0.2773753177989259,16.30504994392395,16.774042835235594,23.19564914226532,16.843778866042854,17.27524720580975,18.665274115563527,16.30504994392395,13.944825772284375,0.28950836455660284,15.232811435072444,0.009953412721562582,0.04873270029013743,0.8339700936511047
651,18.153773877924205,18.816744561755613,17.962072498125625,18.412372589111328,476469000,62.18517063848811,0.4222328929376111,0.1395397751157483,0.2826931178218628,16.50064582824707,16.804127597808836,23.183231234550476,16.993168744430328,17.319840358096087,18.878560089552597,16.50064582824707,14.122731566941543,0.28822075039448836,14.533253239590591,0.015305755942372379,0.08323533398626326,0.8354488057924535
652,18.093867889937076,18.90860114970087,18.06391377512959,18.49724006652832,489527000,62.698384154117505,0.48372834778799856,0.20837748965019837,0.2753508581378002,16.678469276428224,16.832196254730224,23.16721092700958,17.136413632249184,17.366012895681667,19.094794461071974,16.678469276428224,14.262144091784474,0.2897538310735453,9.0277746548798,0.004609263526808016,0.12054654409753707,0.8361087035623699
653,18.15577319490234,18.938556596561604,18.108845268842018,18.863672256469727,418146000,64.91262005398929,0.5556270315802045,0.2778273980361996,0.27779963354400494,16.8663272857666,16.87617841720581,23.152443957328796,17.30091445360352,17.424744635320415,19.347914961448083,16.8663272857666,14.38473961008512,0.29426532921315707,6.098726128315774,0.019810100783872242,0.06200112643025224,0.8356517481450282
654,18.819743818251403,19.24408337841175,18.730881261788387,19.1851749420166,409652000,66.77609106318721,0.6312729150897418,0.34851650144690804,0.28275641364283377,17.033916854858397,16.922517833709716,23.137488226890564,17.480367833452387,17.493781117935953,19.662214532054513,17.033916854858397,14.405619177662281,0.30859580912495477,6.454311002096795,0.017043483430783546,0.0684499877737339,0.8126196316077665
655,18.780799269497617,19.199149448487784,18.637023710548704,18.959522247314453,386068000,64.19893837482562,0.6653448548421714,0.41188217212596073,0.2534626827162107,17.19122223854065,16.97919801712036,23.121064944267275,17.621239682391632,17.551261162225305,19.884293869007713,17.19122223854065,14.498150608073589,0.31330775591156285,9.642591788616164,-0.011761826273887999,0.04547700055774895,0.7947272106314317
656,17.47483596635167,18.210691581679537,17.215239283630606,17.765382766723633,981859000,52.624359547146845,0.5891981270815094,0.4473453631170705,0.1418527639644389,17.32306742668152,16.995604228973388,23.099604048728942,17.634967595185156,17.559658087891908,19.852504582315476,17.32306742668152,14.79363027104756,0.292031092800348,4.517167690198779,-0.06298362717235484,-0.03513886215676032,0.8625526215637471
657,17.225223378384737,17.419920407402213,16.69804302742487,17.059480667114258,668263000,47.206214515165264,0.46651322271805995,0.4511789350372684,0.015334287680791536,17.423112058639525,16.980403385162354,23.07167464733124,17.58015931632126,17.540043287077097,19.735327190775553,17.423112058639525,15.110896926503496,0.26541930332009545,3.344834347611022,-0.03973469690344089,-0.07772832023820464,0.877180272830534
658,17.670531610147734,18.08987982144917,17.29012242671847,18.068912506103516,597422000,54.431366921469284,0.4456006583330989,0.45006327969643456,-0.004462621363335639,17.569534730911254,16.96622507095337,23.04862278461456,17.626707239157668,17.560783256450684,19.643634806418266,17.569534730911254,15.495434655404242,0.2361018783107454,1.725714770464333,0.05917131117215946,-0.04213176202176805,0.8881244786522753
659,18.10285603043002,18.677962127300052,17.848250796763534,17.914148330688477,509327000,53.22858402195124,0.4117922402396026,0.4424090718050682,-0.03061683156546563,17.697835302352907,16.95172643661499,23.022601628303526,17.654082581208222,17.57464071034236,19.506944757397772,17.697835302352907,15.888725847308041,0.20444415083966186,-0.23353124092457342,-0.008565218043020684,-0.06625045719778688,0.8839521109297213
660,18.131808897875185,18.68894324186174,17.925129506160957,18.679956436157227,478094000,58.15585966135127,0.4417014796027203,0.44226755336459866,-0.0005660737618783385,17.84495630264282,16.95957166671753,22.992670435905456,17.751784853108127,17.6179864250802,19.46070898056489,17.84495630264282,16.229203624720753,0.18108788281905472,3.0061020033843575,0.04274878667588422,-0.014745403787631117,0.8761551680899743
661,18.671969218975686,19.13424981351242,18.584106483223596,19.00245475769043,457666000,60.06388583724159,0.48582737108242213,0.4509795169081634,0.03484785417425873,17.991278743743898,16.94847177505493,22.96567901134491,17.870896272592155,17.672279300868837,19.463399371837045,17.991278743743898,16.51915811565075,0.1636482485832251,3.2048133162809402,0.0172644043702892,0.06963384956072871,0.8528686082470349
662,18.8906300185085,19.11228552343361,18.472279819564992,18.849693298339844,451240000,58.698523622899465,0.5026763449022873,0.4613188825069882,0.04135746239529908,18.08548231124878,16.951725826263427,22.93547878742218,17.964115036949078,17.71845239880888,19.523753020194576,18.08548231124878,16.64721160230298,0.15905251341306215,1.9054368681158285,-0.00803903818209395,0.10493945660823067,0.837664115077148
663,18.49424549864217,18.65898836136106,18.116832049135276,18.306535720825195,446799000,53.998372197861954,0.46681979290925213,0.46241906458744103,0.004400728321811098,18.111841201782227,16.942799129486083,22.89943923473358,17.996726530651564,17.741514489868344,19.54602179011797,18.111841201782227,16.677660613446484,0.15836938634318606,-2.9534892679947222,-0.028815194439396286,0.013150941687354534,0.8301781960862494
664,18.272590927539937,18.83571457607667,18.154774075074336,18.743858337402344,415447000,56.98489887596269,0.46829330371961575,0.463593912413876,0.004699391305739764,18.147935104370116,16.939823703765867,22.864288964271545,18.067881940818307,17.78082209173242,19.60736547812442,18.147935104370116,16.68850473061581,0.16083707213641807,-2.3003001325140375,0.02388887899088732,0.04631590580795297,0.8195183607231125
665,18.377425454253068,18.4912487931054,17.74241314234734,17.821290969848633,441588000,49.66030696600771,0.3905159702907497,0.44897832398925075,-0.05846235369850106,18.174393939971925,16.923868427276613,22.82166175365448,18.04439708644024,17.782409106560507,19.589310951585666,18.174393939971925,16.759476928358183,0.1557044505898861,-6.003480797766655,-0.04921971511664591,-0.04596720925143849,0.832513134603962
666,17.462850357349936,17.530745594391743,16.93966358559003,17.007558822631836,409593000,44.256844217087526,0.2602158828372687,0.41122583575885435,-0.15100995292158564,18.174893188476563,16.9036199760437,22.773982911109925,17.945650585125154,17.752022820916245,19.58815497856791,18.174893188476563,16.761631398385216,0.15551802978268928,-4.265733837782984,-0.04566067343794167,-0.10498095959161513,0.8360212952935793
667,16.962627909583983,17.437888836392574,16.94365639819852,17.154329299926758,369986000,45.410597680865585,0.166871682789413,0.3623550051649661,-0.1954833223755531,18.20724277496338,16.907753467559814,22.711055855751038,17.870286653201497,17.728583859308817,19.489929286335343,18.20724277496338,16.924556263591416,0.14089849047718245,0.5559878091443939,0.008629720398180662,-0.0899411980651379,0.8116078055007561
668,16.98558794436063,17.37897726355156,16.86877091270797,17.195262908935547,522661000,45.74785732319448,0.09510245004846496,0.3089044941416659,-0.21380204409320092,18.178886699676514,16.9392045211792,22.64857793331146,17.80599867755712,17.707669312235357,19.523248732812657,18.178886699676514,16.83452466654037,0.1479036703782378,-4.835097833767571,0.0023861969939544814,-0.060703610384649886,0.7900791301681013
669,16.817853882408595,17.919142398294323,16.80687127701837,17.885194778442383,770691000,51.218315268377864,0.09282650572435358,0.2656888964582034,-0.17286239073384985,18.17534236907959,16.98068004608154,22.584300513267518,17.813541163355715,17.71463109522387,19.522406426491116,18.17534236907959,16.828278311668065,0.14822984129346464,-0.16162393942275127,0.040123368462619435,-0.045810395250722946,0.8130928438186621
670,17.82927933310313,17.896174759315368,16.211793365981354,16.234758377075195,769127000,40.65697332621749,-0.04167323772382048,0.20421646962179865,-0.24588970734561913,18.080340003967287,16.97534824371338,22.512504382133486,17.663180897995666,17.656596870982746,19.671353636411613,18.080340003967287,16.48932637152296,0.17599377357895013,-13.089955897054804,-0.09227947594714003,-0.089024560311464,0.8753277402126158
671,15.99513199090072,16.312637235028117,15.742524473597898,15.776471138000488,496132000,38.295591323433115,-0.18313414710115694,0.12674634627720754,-0.3098804933783645,17.948544931411742,16.979342041015624,22.444394512176515,17.483494254186603,17.582866450081482,19.819736486763237,17.948544931411742,16.07735337606025,0.20850621178508152,-16.976667808585955,-0.028228768696788586,-0.07238473771986298,0.8535266702995875
672,15.935225659002596,16.014102549024937,15.158433454249854,15.443989753723145,530181000,36.63324741565398,-0.3184010765887031,0.03771686170402542,-0.35611793829272853,17.795882415771484,16.971114845275878,22.369976801872255,17.28925573033294,17.498988932577234,19.941221670866003,17.795882415771484,15.650543160676964,0.24110512813831889,-18.0676867825571,-0.02107450908185049,-0.09970308464411459,0.8536797006192657
673,15.360119797456044,15.51587778140862,14.935779319161014,15.07056999206543,573710000,34.805826089498126,-0.45053940886544197,-0.059934392409868066,-0.3906050164555739,17.606227302551268,16.94172046661377,22.293691992759705,17.077952326688415,17.403756817263044,19.997050341621463,17.606227302551268,15.215404263481073,0.27158834178219976,-17.676559771374915,-0.02417896978775791,-0.12356268863827702,0.8341381835927184
674,14.18694234095596,14.35767736958631,13.249400817146029,13.915365219116213,1178865000,29.845712899140253,-0.6410853273361532,-0.1761645793951251,-0.4649207479410281,17.34273681640625,16.89333557128906,22.213452429771422,16.776753554538683,17.266957146747483,20.111166572268978,17.34273681640625,14.574307060543527,0.31926100074860014,-25.760401254479916,-0.07665302464056933,-0.22196177388636196,0.90464039725891
675,14.07811421619894,14.149003156104582,13.569903514231424,13.62581729888916,743157000,28.74017114428112,-0.8061654641921621,-0.3021647563545325,-0.5040007078376296,17.076051568984987,16.841855602264403,22.130876970291137,16.476664387333965,17.124167348792255,20.177667009750984,17.076051568984987,13.97443612821899,0.36327079808067825,-23.541917799657067,-0.020807784464707102,-0.16070094901258725,0.8813874861599277
676,13.709687300934592,13.757613132647895,13.330277005721786,13.444100379943848,535751000,28.038225764978066,-0.9408106194887491,-0.42989392898137585,-0.5109166905073732,16.859987449645995,16.76874927520752,22.052093195915223,16.187848767582526,16.97985099707271,20.320689967288242,16.859987449645995,13.399284932003747,0.41052254967306173,-20.95220413376504,-0.013336221597520348,-0.14783855893088182,0.8489552462146549
677,13.545969780215222,13.820625056780996,13.329242241678006,13.69678020477295,512657000,30.57729975878233,-1.0154235543417194,-0.5469998540534446,-0.46842370028827474,16.691852426528932,16.705828609466554,21.96252763748169,15.950604142553043,16.851103122864878,20.414297977193357,16.691852426528932,12.969406875864507,0.44601946573026424,-20.155548110928308,0.018794848125803565,-0.11313200648355703,0.8234143582781074
678,13.442101543383522,13.990413000100926,13.352215340579692,13.972434997558594,624873000,33.34051742752901,-1.040319647416366,-0.645663812726029,-0.39465583469033705,16.487028551101684,16.666133441925048,21.867803840637208,15.762207081125,16.738214176774434,20.3326204347949,16.487028551101684,12.641436667408469,0.4664990870578979,-18.742533501492467,0.020125517724931097,-0.07286618854396332,0.8101845940811879
679,14.139223880637113,14.455826240046427,14.108263619948604,14.368935585021973,486612000,37.21179770318286,-1.0163399623932534,-0.7197990426594739,-0.2965409197337795,16.30976791381836,16.64315465927124,21.780196957588196,15.629514557686617,16.645301290823358,20.20243036917465,16.30976791381836,12.41710545846207,0.47734124432981706,-19.660167177260345,0.028377343500446406,0.03259493076636377,0.7868422118245197
680,14.35095982088778,14.52873583484315,14.180174035313506,14.486788749694824,484159000,38.357715590759554,-0.9765688460349384,-0.7711530033345668,-0.2054158427003716,16.10010952949524,16.630181045532225,21.6942271900177,15.520683528354066,16.56065374019087,19.910370192383386,16.10010952949524,12.289848866607091,0.47332108591035216,-10.766834878482989,0.008201941192895301,0.06318677492291447,0.7555364680891715
681,13.784670424242124,13.904519639420537,13.082553033818996,13.11451244354248,714956000,31.21419115351607,-1.043749484751718,-0.825672299617997,-0.21807718513372087,15.805712413787841,16.602462196350096,21.596765561103823,15.291524377419629,16.425510944243875,19.583204187360604,15.805712413787841,12.028220640215078,0.47799070041000274,-16.87296652827639,-0.09472605211981511,-0.0245154325753959,0.8018721286453613
682,13.237358200305806,13.273313250736235,12.896786750675185,13.111516952514648,588507000,31.200531712191165,-1.0847282638311668,-0.8774834924606311,-0.20724477137053576,15.518803596496582,16.565877113342285,21.505131936073305,15.083904622666774,16.295550395548613,19.19830782033672,15.518803596496582,11.839299372656445,0.4741994704631479,-15.102786510501263,-0.0002284103996033071,-0.04272998788827409,0.7714902980321963
683,12.998659878355168,13.21638563613665,12.773941987146994,12.91276741027832,523625000,30.254525486665557,-1.120327233558065,-0.9260522406801179,-0.19427499287794703,15.249115180969238,16.52200222015381,21.40315881252289,14.87712965005835,16.162892239263503,18.861845285578745,15.249115180969238,11.636385076359728,0.47382816140285494,-14.317989186362428,-0.015158394177891887,-0.07583986523933939,0.7479869659577291
684,12.72600020195526,13.195410315643226,12.601157157541842,13.18142795562744,670751000,33.20283106187597,-1.1140192918796874,-0.9636456509200318,-0.15037364095965555,14.970993661880494,16.468963108062745,21.306021766662596,14.71563425058874,16.045972071277774,18.31087878531094,14.970993661880494,11.631108538450047,0.44618082124161784,-5.274293932871613,0.020805806905130897,-0.08264409164951503,0.7370059796822759
685,12.995662804943986,13.44609676309038,12.99366546083005,13.365198135375977,569685000,35.22004938540758,-1.0817220663468348,-0.9872609340053925,-0.09446113234144227,14.748189020156861,16.419998779296876,21.215976648330688,14.587021287235144,15.940843681634567,17.88620462082616,14.748189020156861,11.610173419487563,0.42554588856712694,-1.9126864671408041,0.013941598768142605,-0.07742161728854335,0.7166792170092797
686,13.198405883359513,13.466069001323136,13.040604293893272,13.159454345703123,524818000,33.98270890364485,-1.0605032652753739,-1.001909400259389,-0.05859386501598496,14.555783796310426,16.380618286132812,21.121454420089723,14.451062530898762,15.831769590029413,17.58611843487519,14.555783796310426,11.525449157745662,0.4163753296930513,-2.1172560914924774,-0.01539399473085823,0.0034268831841151037,0.69587818061075
687,13.196411314775917,14.013384151989731,13.0935399916861,13.24435043334961,807679000,34.99749608447205,-1.0250210037088365,-1.0065317209492786,-0.018489282759557968,14.360284852981568,16.34433353424072,21.034507875442504,14.336137569227414,15.730302172120401,17.192868906551563,14.360284852981568,11.527700799411573,0.39450248829595846,-3.30318340996434,0.006451337982277927,0.010131053585640482,0.711875750588813
688,13.053587725360876,13.13248899766558,12.412394637690474,12.54522705078125,759162000,30.798906668900884,-1.0413108862338536,-1.0134875540061936,-0.02782333222765998,14.127783060073853,16.29242889404297,20.947339363098145,14.165574662708732,15.60539726540122,16.746708590751524,14.127783060073853,11.508857529396183,0.3707482652503273,-10.21445400910235,-0.052786536122447325,-0.028463329960122685,0.7204528966652647
689,12.404405964748552,12.595166136683892,12.241610515089356,12.500285148620604,663309000,30.545223272995642,-1.045791932985825,-1.01994842980212,-0.025843503183704986,13.858537578582764,16.235471858978272,20.848019270896913,14.006975661367004,15.483628162782372,15.926125483391676,13.858537578582764,11.790949673773852,0.2983847167256955,-13.004793746512656,-0.0035823904963001585,-0.051674432337662,0.6942459484459269
690,12.475316755127498,12.643106039060946,12.198664123420288,12.212646484375,547343000,28.90425916419322,-1.0603304022841904,-1.0280248242985341,-0.03230557798565625,13.657431983947754,16.164974060058594,20.750260167121887,13.836087168320146,15.355354371472279,15.53510403878027,13.657431983947754,11.779759929115238,0.27496707390370834,-15.698042572531687,-0.023010568225105166,-0.08623528355710042,0.6764028032455506
691,12.491297003764968,12.720009577879807,12.242610035621365,12.397415161132812,553854000,31.451779910051314,-1.0448980219385913,-1.0313994638265456,-0.0134985581120457,13.48847918510437,16.09140224456787,20.6600919675827,13.699070786683258,15.239356755380536,15.171017518701712,13.48847918510437,11.80594085150703,0.24947784112762034,-5.467967532127075,0.015129290526357808,-0.05790811416273767,0.6643285382640689
692,12.394417959508273,12.806899506976707,12.338488516455438,12.720008850097656,542414000,35.77857459531745,-0.9951654864006709,-1.0241526683413706,0.028987181940699713,13.352280139923096,16.00648998260498,20.572993922233582,13.605826792722725,15.14055879831062,14.804877654292596,13.352280139923096,11.899682625553595,0.2175804430624936,-2.985986319011738,0.026021044288022877,-0.03958983008571326,0.6503344277110117
693,12.432370978846492,12.48430573642893,11.931001405248,12.204657554626465,532763000,32.273856015997424,-0.9859709765848965,-1.016516329990076,0.030545353405179387,13.208984518051148,15.894995975494385,20.493484449386596,13.472382103380225,15.025425416205358,14.513135013286755,13.208984518051148,11.90483402281554,0.19746415683255283,-5.483796254923738,-0.04051501076331676,-0.027147336176237324,0.6602396432209148
694,12.071824510658695,12.617139480743118,12.059839492993778,12.123759269714355,565638000,31.748118778757714,-0.9739845887554424,-1.0080099817431492,0.03402539298770679,13.119404220581055,15.777031555175782,20.41269217967987,13.343941833507285,14.911634586931202,14.462705387260383,13.119404220581055,11.776103053901727,0.20478081841125464,-8.023931014708783,-0.006628476427955388,-0.030121383186830553,0.6528868106872309
695,12.331498357596711,12.662083111911944,12.089801611564782,12.496291160583496,547478000,36.84967087003305,-0.9237763609706615,-0.9911632575886516,0.06738689661799013,13.06292791366577,15.6811150932312,20.32317307472229,13.263213197990734,14.816915236878351,14.411283529726491,13.06292791366577,11.71457229760505,0.20644003013292897,-6.501265196305578,0.030727423943474497,0.02322548815045078,0.647129288520083
696,12.862828434100942,13.203400820052057,12.862828434100942,13.150466918945312,584182000,44.67061550267218,-0.8217271036520621,-0.9572760268013338,0.1355489231492717,13.048246240615844,15.604172954559326,20.247264823913575,13.252475457129265,14.751564322449605,14.386033513296994,13.048246240615844,11.710458967934695,0.20505242589873274,-0.0682963481745376,0.052349593167711594,0.06074264256095874,0.6514136007306887
697,12.89478907269248,13.30427412025806,12.605153237647787,13.19241428375244,507131000,45.1397916937092,-0.7290633418519992,-0.911633489811467,0.1825701479594678,13.02302794456482,15.537874488830566,20.17449062824249,13.246755345379091,14.690421183677168,14.32961455153892,13.02302794456482,11.71644133759072,0.20065788271911164,-0.39213814115332685,0.0031898004128427804,0.0371387661142355,0.6548212637220876
698,13.203401093971486,13.63885351819357,13.086547421310968,13.113513946533203,644157000,44.377533422370554,-0.6544491583184193,-0.8601966235128575,0.2057474651944382,12.98008189201355,15.444897079467774,20.10173117160797,13.23406568834615,14.628581684181327,14.213432572339597,12.98008189201355,11.746731211687502,0.19003742666445117,4.5299052257213885,-0.005980735256048586,0.07446799615956579,0.6474987518049815
699,12.489298012265124,12.654090789293177,12.00690469700817,12.060836791992188,672478000,35.71260230842087,-0.6725068882960272,-0.8226586764694915,0.1501517881734643,12.86467695236206,15.3269921875,20.016941418647765,13.122329602979105,14.527885806056263,13.983202810329985,12.86467695236206,11.746151094394136,0.173891013681856,-3.515506657677397,-0.08027422389094341,-0.005190013783872405,0.6802923587849852
700,12.02188568072584,12.10877633421103,11.393675761746923,11.655346870422363,698699000,33.03671191316707,-0.7113375606453509,-0.8003944533046634,0.08905689265931249,12.723104858398438,15.197403011322022,19.928502349853517,12.982616961783226,14.41523722034513,13.691183355522256,12.723104858398438,11.75502636127462,0.1521764550238373,-4.563299319812886,-0.033620380456441445,-0.06729551027217473,0.6827786597620652
701,11.54648391292264,11.831125915365966,11.268833090820673,11.571453094482422,667482000,32.494227332454614,-0.7403464221262652,-0.7883848470689838,0.048038424942718594,12.645951890945435,15.060584621429443,19.838446140289307,12.848220402992673,14.303716274232867,13.717392991786166,12.645951890945435,11.574510790104704,0.1694520286144515,-6.6623732117955345,-0.007197878953979275,-0.12007283347392583,0.674172528675153
702,11.56446361639926,11.72026695087247,11.33075718597391,11.485562324523926,492590000,31.916389756765085,-0.7614888516920342,-0.783005647993594,0.021516796301559782,12.5646541595459,14.920351066589355,19.74144811153412,12.718443443138508,14.193200433067812,13.72547256563237,12.5646541595459,11.403835753459429,0.18477522601838545,-9.704761530604229,-0.007422643401583828,-0.1293813188788836,0.653839474119682
703,10.95722491597618,12.062835356186495,10.799423302844042,11.94498348236084,850103000,38.24252240615611,-0.7327265163768892,-0.7729498216702531,0.04022330529336382,12.516264963150025,14.781977291107177,19.649856128692626,12.644780589731111,14.105035062451853,13.695542325420357,12.516264963150025,11.336987600879693,0.18843918145586105,-2.1276637308614155,0.039999883754577636,-0.08910887416879487,0.6973803726355943
704,12.0418607547837,12.095792850477494,11.189932138993669,11.212903022766112,713432000,32.98329173200308,-0.7602413442728437,-0.7704081261907713,0.010166781917927525,12.417838716506958,14.622531852722169,19.5562056684494,12.508411297639206,13.991618119719078,13.68401654811919,12.417838716506958,11.151660884894726,0.20392885759244234,-7.512985260467849,-0.06128769124509814,-0.07030472129339016,0.712271825410468
705,11.503537321029368,11.932997705589504,11.502539125284484,11.873072624206545,580774000,40.87912443964023,-0.7204717244835681,-0.7604208458493307,0.03994912136576256,12.343232440948487,14.48080286026001,19.467927026748658,12.447902852550381,13.908537904208783,13.551867191903257,12.343232440948487,11.134597689993717,0.19583763924677344,-4.987228037249503,0.05887588611977268,0.01868033240063416,0.7128306009399626
706,12.328500398811965,12.476314329749629,11.603412151905342,11.951973915100098,659362000,41.76227052852987,-0.6748085664066306,-0.7432983899607907,0.06848982355416011,12.282858419418336,14.36453468322754,19.3809161901474,12.400671525174165,13.831809904635895,13.44199209529966,12.282858419418336,11.12372474353701,0.18874005321901555,-9.113691637204132,0.0066453978166267635,0.0328844456707964,0.7242642850045573
707,11.864083733026597,12.33449298801636,11.819140161499208,12.03586769104004,523131000,42.74167182066103,-0.6246500807567656,-0.7195687281199857,0.09491864736322009,12.222434282302856,14.264062423706054,19.2907817029953,12.365928302875677,13.761380798220372,13.297745436614848,12.222434282302856,11.147123127990865,0.1759569541509353,-8.766754650335553,0.007019240213865574,0.047912792684177585,0.7093420379697426
708,12.09779132929678,12.75296781971056,12.089801000398303,12.17868995666504,652398000,44.454278792540386,-0.5668403733087892,-0.6890230571577465,0.12218268384895725,12.204107427597046,14.146257972717285,19.20550829410553,12.348096079427044,13.6993144907084,13.269233834697568,12.204107427597046,11.138981020496525,0.1745521191811144,-7.12870702452183,0.011866387143099066,0.01956524047515984,0.7098961873055124
709,12.082810838337103,12.482309219876102,11.872076254061929,12.45034885406494,609494000,47.660971890952524,-0.4934173528853538,-0.649901916303268,0.15648456341791417,12.201610612869263,14.036981983184814,19.13000687599182,12.357834438916369,13.650335446134147,13.264179220679306,12.201610612869263,11.13904200505922,0.1741685817590888,3.2295608405162177,0.022306085331553094,0.11035909512339326,0.7027773857704167
710,12.492296031938748,12.69404207682602,12.048853249537007,12.583181381225586,517457000,49.20513020264236,-0.41967287770448714,-0.6038561085835119,0.18418323087902477,12.220137357711792,13.915046482086181,19.052305183410645,12.379296052469627,13.608486267118124,13.29567163302168,12.220137357711792,11.144603082401904,0.17602654435486323,7.960591144290843,0.010668980340842182,0.05980833938228325,0.6986639173074594
711,12.678062868329205,13.283301979197525,12.648099847684048,13.24435043334961,505482000,56.14123068106436,-0.304370439969361,-0.5439589748606818,0.23958853489132081,12.262484121322633,13.799884395599365,18.98255533218384,12.461682183982006,13.594206430499751,13.425720118340202,12.262484121322633,11.099248124305063,0.189722732442911,14.45710685777977,0.052543870432520734,0.10813080144165355,0.6987679659263507
712,12.852841899654187,13.3711893353131,12.69204380253107,12.879807472229004,532953000,51.93066638662561,-0.23964551340052864,-0.48309628256865117,0.24345076916812253,12.270474052429199,13.680486679077148,18.91021923542023,12.501503640005529,13.566190785077369,13.448274747448451,12.270474052429199,11.092673357409947,0.19197313648792272,12.139110896887404,-0.02752441223562596,0.07011873201441254,0.6973663635588992
713,13.612884723682669,13.820623717912,13.105522253351552,13.159454345703123,583113000,54.73522593831948,-0.16389608514609577,-0.4192562430841401,0.25536015793804434,12.318213891983032,13.577545051574708,18.83720040798187,12.564165611976728,13.550240336474458,13.557281661782008,12.318213891983032,11.079146122184055,0.20117653105624184,10.167204208659584,0.021712038326433314,0.08053118952267435,0.7147556408534775
714,13.087549178436282,13.832612930970145,13.044602940158418,13.816632270812988,521040000,60.55897250183524,-0.05025603097620923,-0.34545620066255395,0.2952001696863447,12.402857542037964,13.47900053024292,18.76655923843384,12.683448150913515,13.560687078997537,13.798608148613107,12.402857542037964,11.00710693546282,0.22506919906874978,23.220830883495527,0.04993960295355637,0.10973856498020673,0.7199880944219238
715,13.76070220945174,13.820627301199645,13.280306136982034,13.48005485534668,486341000,56.54630625388314,0.01250143736443654,-0.27386467305715584,0.2863661104215924,12.452045726776124,13.392175807952881,18.701341409683227,12.759315456097626,13.55752503101123,13.924719040117731,12.452045726776124,10.979372413434517,0.23653515986933132,13.534678696935257,-0.024360307842694273,0.07127557387508143,0.7071547422644728
716,13.793661313410434,13.907518515963616,13.50202807789919,13.52599811553955,432817000,56.965478998837305,0.06519291693600415,-0.20605315505852384,0.271246071994528,12.470822286605834,13.322544593811035,18.634521861076355,12.832332852234952,13.556288681384888,13.987553233532257,12.470822286605834,10.954091339679412,0.24324473752712406,13.169575265311067,0.00340823985405736,0.02126549607753847,0.6871768078610774
717,13.832612349167132,14.192160042993343,13.194414644951316,13.202404022216797,672628000,53.08153241437445,0.0799187021251786,-0.14885878362178337,0.22877748574696197,12.471321773529052,13.243506088256837,18.571269268989564,12.867577725566557,13.54241085161359,13.989009202653468,12.471321773529052,10.953634344404636,0.24338838443664843,9.692166457140187,-0.023923860594878277,0.02504669038596763,0.7093602785882881
718,13.026622485707115,13.763695715649224,12.939731835884348,13.404147148132324,500065000,55.135290102656576,0.10663871250739199,-0.0977592843959483,0.2043979969033403,12.485853433609009,13.167683773040771,18.513197317123414,12.918679575334725,13.536988745594718,14.033135222563676,12.485853433609009,10.938571644654342,0.24784557934818371,10.062307159700921,0.015280787163916232,0.018594448979497358,0.7175462501009015
719,13.968439877143796,14.21113480790427,13.679802221837274,14.138226509094238,612576000,61.704098987136554,0.18491697493477766,-0.04122403252980311,0.22614100746458077,12.589722919464112,13.092744407653809,18.463371920585633,13.034826902359441,13.560566697104504,14.281132089668356,12.589722919464112,10.898313749259868,0.26869680627986997,13.55687037217612,0.05476509268731777,0.0232758773612729,0.7239349222202617
720,14.210135563074418,14.39390455505636,13.93648037167957,14.28304386138916,410061000,62.85939431513375,0.25569116334517616,0.018159006645192745,0.23753215669998343,12.721107769012452,13.053710117340088,18.41814308166504,13.15370470798132,13.588899134919588,14.50735313529209,12.721107769012452,10.934862402732813,0.28083173237959386,13.509004032158437,0.010242964504902252,0.05956867495416662,0.7048984408742994
721,14.782415387435028,14.87230253510874,14.198149880032776,14.58366584777832,595292000,65.20594830025851,0.33220840772801274,0.08096888686175675,0.251239520866256,12.871718406677246,13.029854011535644,18.374427337646484,13.289891483200082,13.627909594247383,14.750393896767477,12.871718406677246,10.993042916587015,0.2919074875217379,10.112352592666838,0.021047473445196196,0.07819517075221616,0.7027023133172755
722,14.144217279717736,14.19315649230874,13.74172342596136,13.758702278137209,454414000,54.94657348394642,0.32256290523347353,0.12928769053610012,0.1932752146973734,12.98537540435791,12.996148262023926,18.331816658973693,13.33454013033695,13.633038719105807,14.788376315452117,12.98537540435791,11.182374493263703,0.27769715621607943,6.82381943832039,-0.05656764069143749,0.04213613331210597,0.7126480353529673
723,14.781417601209665,15.753195494812513,14.528735003966306,15.730224609375,700819000,67.93202023510494,0.46860239374551327,0.19715063117798276,0.2714517625675305,13.174637460708619,13.009341354370116,18.296827912330627,13.562700556912002,13.715281303037932,15.271751702445442,13.174637460708619,11.077523218971795,0.3183562732547522,19.535538451191897,0.14329275329771263,0.1735341633851566,0.8042084054474199
724,15.787156581766029,16.368425737488906,15.462564766373632,16.306503295898438,655487000,70.59948981950953,0.6236515475588611,0.2824508144541584,0.34120073310470267,13.429317474365234,13.057164115905762,18.268852553367616,13.82401510348214,13.81689785177756,15.738100016397903,13.429317474365234,11.120534932332566,0.3438421269643561,18.020824295549858,0.036635121292545536,0.15336271387429545,0.8114693029951238
725,16.197635066244544,16.519231225758354,15.9020062807447,16.274538040161133,527852000,70.25042415253262,0.7354717297462976,0.37305499751258625,0.36241673223371135,13.649390745162965,13.1101385307312,18.236246047019957,14.05739824030871,13.913275898380837,16.15367193049198,13.649390745162965,11.145109559833948,0.36694402440145213,20.73050306398464,-0.001960276532452232,0.13943065624516549,0.7975947059964473
726,16.70100428796189,16.976656817848582,16.361431033277864,16.64507484436035,545876000,71.97989476176002,0.8442571818834441,0.46729543438675786,0.37696174749668626,13.884045791625976,13.174158020019531,18.197278132438658,14.303843631170771,14.020405268811407,16.58029358389422,13.884045791625976,11.187797999357732,0.3883951166301194,23.059863694919503,0.02276788461121515,0.14135053683337562,0.7907749968315189
727,16.14170762768842,16.341455364463524,15.853069985925872,15.890023231506348,649547000,63.83606831091849,0.8596347472688262,0.5457632969631715,0.31387145030565466,14.076753568649291,13.2180228805542,18.153776416778566,14.454908355012254,14.09372362028964,16.76800674283693,14.076753568649291,11.385500394461653,0.382368443272517,20.35704410171714,-0.04536186348899651,0.15490712061964174,0.7908628440888732
728,15.69526955824207,16.24557835765425,15.51549524816454,15.65731716156006,710894000,61.525656917532224,0.8433228428056037,0.605275206131658,0.23804763667394568,14.250684928894042,13.251720523834228,18.106096997261048,14.569423479445378,14.155041014064953,16.87764940038732,14.250684928894042,11.623720457400763,0.36867904730206535,16.80949924323744,-0.014644791046301564,-0.004634863749592433,0.7865214344746473
729,15.945953056863983,15.98190906001259,15.101015557178844,15.389653205871582,492072000,58.885682238194676,0.7995802335238764,0.6441362116101017,0.1554440219137747,14.397650146484375,13.27213487625122,18.063536767959594,14.647540596247874,14.203457178449527,16.932557439560103,14.397650146484375,11.86274285340865,0.3521279191097308,8.85136969599673,-0.01709513532405249,-0.056226038985161875,0.7932622965002972
730,15.12798385226938,15.457569474107316,15.061067579512033,15.297770500183104,404739000,57.9661925896738,0.7488672584644824,0.6650824209809779,0.08378483748350452,14.533379602432252,13.288354511260986,18.018665699958802,14.709467253765514,14.246371426360648,16.953224430897393,14.533379602432252,12.11353477396711,0.3330051088819238,7.104414497647925,-0.005970420805416321,-0.06001814230103686,0.7649222677927963
731,15.30875377882808,16.037837664544167,15.103012110863446,16.01786231994629,472866000,62.860706394091,0.7580439928752458,0.6836747353598315,0.07436925751541434,14.672055196762084,13.346421508789062,17.975354056358338,14.834076307687493,14.315841657481654,17.098398919314388,14.672055196762084,12.24571147420978,0.3307435379724803,9.834265863863404,0.047071684057135466,-0.037681568288446154,0.7770582167847909
732,16.07778579296999,16.506247963835023,16.027849338465916,16.49825668334961,427241000,65.72783440887338,0.79491712155545,0.7059232125989552,0.08899390895649484,14.852977657318116,13.414156303405761,17.932548031806945,14.99256967679817,14.401426560456867,17.25730378031776,14.852977657318116,12.448651534318474,0.32375004911086264,19.911430233980678,0.029991165725348212,0.03827769431055783,0.7564387472922155
733,16.297510910083282,16.466297423181434,16.151694328082346,16.249570846557617,167934000,63.01576685492241,0.7949092539504896,0.7237204208692621,0.07118883308122748,15.00748348236084,13.480892372131347,17.8805290555954,15.112284073918119,14.473902806970623,17.353072144445335,15.00748348236084,12.661894820276347,0.31258920455803263,3.3015818278468436,-0.015073461491417528,0.037826000386042224,0.727161862147576
734,16.00587846790758,16.336464178373642,15.70525768325476,15.80712890625,303741000,58.398915606448355,0.7505497811989823,0.7290862929352062,0.021463488263776087,15.10700831413269,13.5334063911438,17.830694327354433,15.17845977223544,14.526186183412952,17.410576555432012,15.10700831413269,12.803440072833368,0.3049668330617547,-3.062424730714921,-0.027227915400691693,0.02712703754878243,0.7203079073598122
735,15.807127459770172,15.911996118227387,15.500513718012344,15.61936378479004,298384000,56.506829424613144,0.6922635204230847,0.721721738432782,-0.02945821800969728,15.213973760604858,13.57848970413208,17.789277663230894,15.220450630573973,14.569055893270876,17.401156041444352,15.213973760604858,13.026791479765365,0.28752281491414095,-4.025762536265547,-0.011878508904024865,0.02102223226600808,0.6982489425637572
736,15.681299942560486,16.91306749227581,15.581400530805857,16.90607452392578,565298000,64.89949912433869,0.7413521953539579,0.7256478298170173,0.015704365536940657,15.38297758102417,13.653422107696533,17.752707619667053,15.38098623946462,14.660703682708323,17.544529293875957,15.38297758102417,13.221425868172382,0.28103164052168833,1.5680294742192826,0.08237920294735201,0.055451357131059975,0.7434930867713428
737,16.98200093379881,17.247733765667537,16.618364626853012,17.11786460876465,470977000,66.06040006752832,0.7882584608812042,0.7381699560298547,0.050088504851349525,15.578750610351562,13.730892391204835,17.706078057289123,15.546403227017004,14.757062934710532,17.62080444950833,15.578750610351562,13.536696771194794,0.2621588714309209,7.727121347587253,0.012527454823361817,0.037555963475847776,0.7353413762029987
738,16.64234117792431,16.916067342010866,16.428554479527566,16.85912322998047,371389000,63.305728610582136,0.7953850437031704,0.7496129735645178,0.04577207013865259,15.75149941444397,13.817170314788818,17.658074955940247,15.67142417968019,14.839496671779942,17.604255753036117,15.75149941444397,13.89874307585182,0.2352482503212601,7.675683234998498,-0.015115283634834942,0.037511906571488396,0.7320534299911474
739,16.662316919896963,16.97800081117889,16.455523249439473,16.593385696411133,352255000,60.51471903902033,0.7707058960145279,0.7538315580545198,0.016874337960008035,15.874257373809815,13.89903232574463,17.61874379634857,15.75923003841647,14.908276633530186,17.604474872498496,15.874257373809815,14.144039875121134,0.21799035481726345,7.821699907313658,-0.01576223923061293,0.04974064517499155,0.7170837251160239
740,16.513468304609546,16.55642456672552,15.8031789649755,15.9710111618042,352694000,54.4589264998216,0.692939297246923,0.7416531058930005,-0.04871380864607744,15.958655738830567,13.974199619293213,17.580617399215697,15.779399669215302,14.94995249738407,17.52729860046991,15.958655738830567,14.390012877191225,0.1965883451978381,4.400907057750914,-0.037507386737930304,0.022513553167677003,0.722306796995996
741,15.75622928850062,16.169815824778205,15.65133378658821,16.1038818359375,372388000,55.4831538373704,0.6347136762373911,0.7202652199618786,-0.08555154372448759,16.034666538238525,14.048328952789307,17.544412908554076,15.810302732712653,14.995204628307734,17.47120005494551,16.034666538238525,14.598133021531543,0.17917847100608206,0.5370224457735218,0.008319490405909402,-0.04744996757544184,0.7077478856527101
742,16.256726814348887,17.161820901316364,15.943039749464951,17.151830673217773,515456000,62.62305950502366,0.6654591661555589,0.7093040092006148,-0.04384484304505587,16.204322957992552,14.136965389251708,17.518453483581542,15.938067298475046,15.079778198696363,17.282332150816348,16.204322957992552,15.126313765168756,0.13305204982872587,3.9614730356799743,0.06507429997043723,0.0019842465885455685,0.7442502618097603
743,17.14283488058237,17.565412093502086,16.958020467654244,16.983993530273438,465338000,60.93734397646962,0.6685752147607804,0.7011582503126479,-0.03258303555186748,16.267011404037476,14.232552108764649,17.484863023757935,16.03767932055108,15.154453309738603,17.3729082555414,16.267011404037476,15.161114552533553,0.13596804281202385,4.51964356874941,-0.009785377790978877,0.007406690050815401,0.7344746449553377
744,17.019962525032387,17.52046094302297,16.78020276960981,17.51746368408203,457328000,64.23298176674571,0.7059534962822411,0.7021172995065665,0.003836196775674594,16.327559423446655,14.340426197052002,17.451898860931397,16.178611164696886,15.247120383242267,17.560749536356248,16.327559423446655,15.094369310537061,0.15105627006798225,10.82002170018225,0.031410171751284466,0.0556895382640783,0.7348877541308964
745,18.512469006153697,18.77121078174227,17.693289316822757,18.05392837524414,656589000,67.22734846778481,0.7699883247318482,0.7156915045516229,0.0542968201802253,16.416528940200806,14.451578941345215,17.42047921180725,16.357212803796624,15.3571912848894,17.860344459254776,16.416528940200806,14.972713421146835,0.17589778257185099,15.586835827620913,0.030624564197018422,0.1304186186045242,0.7719491358115637
746,17.9690072051657,18.233743422677477,17.40257493646878,17.656320571899414,496888000,63.016451346975444,0.7796652649912836,0.7284862566395551,0.051179008351728505,16.467091226577757,14.541696014404296,17.39160276412964,16.480937353139748,15.447353217713323,18.007009109385407,16.467091226577757,14.927173343770109,0.18702973847891652,4.437730632926473,-0.02202334002221551,0.09640152304753524,0.7761790894113589
747,17.128853387661163,17.302679168965806,16.683300254847847,16.935047149658203,478542000,56.14611395711585,0.7208243581212734,0.7269538769358989,-0.006129518814625423,16.51934242248535,14.616548671722413,17.3553915309906,16.524185905189125,15.505694156220965,18.04827060618064,16.51934242248535,14.990414238790063,0.18510763256704257,-1.0679922016256604,-0.04085072081151153,-0.012639089534510983,0.7902391770999452
748,16.847130450307752,17.023953434430425,16.393584135781015,16.55442237854004,478232000,52.870310863899945,0.6361461803063264,0.7087923376099844,-0.07264615730365798,16.56419768333435,14.68536684036255,17.319802703857423,16.527065569317784,15.546820753174655,18.041086989871285,16.56419768333435,15.087308376797413,0.1783230718168585,-1.8073350985333696,-0.02247556607044021,-0.025292705803714566,0.778819900067764
749,16.55542806937623,16.592389818438555,16.128855034819484,16.23774528503418,354039000,50.24376754237562,0.5372913591140183,0.6744921419107912,-0.13720078279677295,16.606602287292482,14.768905010223389,17.286513624191283,16.49951125652887,15.573915832855421,17.992030997035176,16.606602287292482,15.221173577549788,0.16685275961631674,-2.1432661054450874,-0.019129455940207096,-0.07305386339751463,0.756299534607143
750,16.04793550448502,16.29368979912943,15.83614855958652,16.06891441345215,403260000,48.850415489285865,0.4402500324227425,0.6276437200131815,-0.18739368759043895,16.645159482955933,14.857176361083985,17.260286464691163,16.458502033378707,15.59332754189843,17.921356803504363,16.645159482955933,15.368962162407502,0.15334155516565787,0.6130059684767597,-0.010397433179201165,-0.10994914350684348,0.7349596563882693
751,16.09788869681145,16.61037626026824,16.085899658481324,16.484500885009766,325025000,52.35314894520647,0.39235560573847295,0.5805860971582398,-0.1882304914197669,16.668491411209107,14.955437316894532,17.23532865524292,16.460978114486426,15.62827551613809,17.91467116403202,16.668491411209107,15.422311658386198,0.1495251996212313,2.3635236084685762,0.02586275966531426,-0.06636828336446476,0.7211383842759709
752,16.07790496925897,16.12186159180077,14.867117143254696,15.323659896850586,565045000,43.41067753595107,0.25775749340347076,0.516020376407286,-0.2582628830038153,16.609761571884157,15.032199268341065,17.197079849243163,16.352662093759204,15.616329805577797,17.986382648333922,16.609761571884157,15.233140495434393,0.1657604861444866,-10.658750142757869,-0.07042014776527417,-0.09515103433533334,0.7851559098101922
753,15.180802809610176,15.323659446874592,14.868116110553649,15.19079303741455,349326000,42.5155373736351,0.13876665884521344,0.44056963289487155,-0.3018029740496581,16.556822681427,15.097115459442138,17.15994357585907,16.242007897916857,15.59964208917924,18.060359296303762,16.556822681427,15.053286066550239,0.18162139485414536,-10.558179321386122,-0.00867070010235238,-0.08237251109970467,0.7616121867021025
754,15.058924263104824,15.084898282356406,14.041941802476122,14.106877326965332,464902000,35.99478653432263,-0.04250737543250693,0.3439542312293959,-0.3864616066619028,16.47181010246277,15.154994945526123,17.12017282485962,16.038662129254806,15.541102294582616,18.293828789141994,16.47181010246277,14.649791415783543,0.22122871443337097,-19.469635665440936,-0.07135346441621326,-0.13122930066114546,0.7892721187189828
755,13.913071922510106,14.247736933600988,13.87011470494691,14.021963119506836,351066000,35.53497957914199,-0.19082055985837876,0.23699927301184098,-0.42781983287021974,16.391940069198608,15.19797275543213,17.083820705413817,15.846595556897856,15.481528209285527,18.4774261777188,16.391940069198608,14.306453960678414,0.25445262729320745,-22.332897150882715,-0.00601934825761774,-0.12738578607598405,0.7598685551429182
756,14.387596879617863,14.668315033901369,14.212771707873936,14.58839511871338,354923000,40.95351693512059,-0.25966029632532184,0.13766735914440842,-0.39732765546973026,16.27605609893799,15.250701179504395,17.042100224494934,15.726766943737431,15.446503382204266,18.48811938030086,16.27605609893799,14.063992817575121,0.2718180949876679,-17.37579152288803,0.040396055415275356,-0.11502354724131292,0.7517602236608907
757,14.319663660456738,14.614368696054798,14.218764842042592,14.599384307861328,310490000,41.05702936875534,-0.309758840618672,0.04818211919179234,-0.3579409598104643,16.15013208389282,15.30197151184082,16.99283308506012,15.619397168892087,15.413283026347681,18.441488423716155,16.15013208389282,13.858775744069488,0.28375697832324176,-13.791888626917789,0.000753282938837474,-0.047265182982696885,0.726320482971699
758,14.836148204062969,14.981003655234762,14.081903121676092,14.300683975219728,401277000,39.05298444160813,-0.36930776834562806,-0.035315858315691735,-0.33399191002993633,16.022210121154785,15.344411392211914,16.94072482585907,15.493805436161386,15.36965169100933,18.42396275915361,16.022210121154785,13.62045748315596,0.2998029135603074,-13.614116831052318,-0.020459789696799624,-0.0585952991395845,0.7386619151564827
759,14.552432867835895,14.838146156406989,14.226758666083304,14.73425006866455,431324000,43.37357731495842,-0.37716780662219485,-0.10368624797699236,-0.2734815586452025,15.929253339767456,15.390089416503907,16.88236430168152,15.421466829733117,15.344733980329144,18.37881897332761,15.929253339767456,13.479687706207299,0.3075556124711513,-9.259260999464953,0.030317857117611036,0.044472828901687134,0.7295708848112828
760,14.476508145483908,14.549435094565505,14.13385075828424,14.250734329223633,389168000,39.97050972118792,-0.41759880378434033,-0.16646875913846196,-0.2511300446458784,15.843239498138427,15.423440475463867,16.82018367767334,15.309968496351262,15.301832033226967,18.399391829264836,15.843239498138427,13.287087167012018,0.3226805138465218,-11.314890585927943,-0.03281576851130108,0.016315205493483198,0.7203443437804992
761,14.459523925052371,14.994988100578038,14.019964406631336,14.844139099121094,405044000,45.610584059560125,-0.39717941759437814,-0.2126108908296452,-0.18456852676473293,15.780252361297608,15.455436248779296,16.762018222808837,15.26560379185315,15.283883290713012,18.369479786246213,15.780252361297608,13.191024936349002,0.3281604584853032,-9.950933894397373,0.041640294190354865,0.017530645305847026,0.7385357259352279
762,15.268714667138871,16.03994193956856,15.125857081198152,15.612370491027832,504231000,51.91000467482977,-0.3153716459533378,-0.23316304185438375,-0.08220860409895403,15.70327935218811,15.510087509155273,16.71213607311249,15.298629191774548,15.29676514170575,18.21520903530179,15.70327935218811,13.19134966907443,0.31992421796453174,1.884083803221081,0.05175317927007472,0.06938554132183783,0.7711976626861021
763,15.491491850303234,15.9460367412462,15.456527005264633,15.89309024810791,384101000,54.00628941754755,-0.22528966024581187,-0.23158836553266937,0.006298705286857498,15.648734188079834,15.564760227203369,16.651099700927734,15.355244530472964,15.32015043999603,18.093534774477302,15.648734188079834,13.203933601682365,0.31245985228118384,4.623176742409817,0.01798059796501783,0.11135175601723035,0.751077096492921
764,15.824156625357617,16.01196830911235,15.547433260218188,15.984994888305664,353285000,54.702465732696844,-0.14481377809170937,-0.2142334480444774,0.06941966995276802,15.572110748291015,15.608127479553223,16.59280882835388,15.415220755028459,15.34622277130229,17.869446067091182,15.572110748291015,13.274775429490848,0.29505766506988035,13.313489001214363,0.005782679061342,0.0848869005081625,0.730609807378724
765,16.083897626620722,16.620359284778843,15.476504976085742,16.49448585510254,551409000,58.45657435007844,-0.03946941975821083,-0.17928064238722408,0.13981122262901324,15.494138622283936,15.66841609954834,16.534435052871704,15.518007907416466,15.391252696157203,17.541503362166026,15.494138622283936,13.446773882401846,0.26427603234910196,17.633213798401886,0.03187307661697214,0.15744813383249312,0.7601272717583224
766,16.26171809881235,16.905074955368576,16.14883216160721,16.882097244262695,447287000,61.09806000014788,0.07443569453588772,-0.12853737500260173,0.20297306953848945,15.4554274559021,15.735538082122803,16.47581820487976,15.647921177592298,15.449717188239772,17.362254094880672,15.4554274559021,13.548600816923528,0.2467517180510456,15.722785864272689,0.02349945263921338,0.1372904236165684,0.759849809044254
767,16.882102890181493,17.71027444723034,16.882102890181493,17.68429946899414,511102000,65.92677143771607,0.2268226630407728,-0.057465367393926825,0.28428803043469963,15.492890071868896,15.82517599105835,16.426033811569212,15.841861967249617,15.537347865916415,17.538884510584904,15.492890071868896,13.446895633152888,0.26412043579022193,21.130446983792865,0.047517924646718335,0.13271072315104315,0.7647303371816391
768,17.649333889444033,17.855127276963216,17.264718637422014,17.3596248626709,439624000,62.54309737408122,0.31772932033316614,0.01757357015149177,0.3001557501816744,15.53315019607544,15.90428554534912,16.376642503738402,15.986410814432595,15.608809708926394,17.689809492549767,15.53315019607544,13.376490899601112,0.2776847283713541,21.390171915914742,-0.01835948361384032,0.09227498187381022,0.7522787873501793
769,17.01896463226559,17.179804849106613,16.714271208962963,16.74823570251465,452932000,56.647085125481375,0.33655985306735303,0.08137082673466402,0.25518902633268903,15.558674716949463,15.95648572921753,16.327059183120728,16.058965565678506,15.653493081223973,17.759712887022967,15.558674716949463,13.357636546875959,0.28293388866542923,13.66873525604983,-0.035219030652611893,0.0477473292636057,0.7446412778043047
770,16.99398826883285,17.838144467896704,16.80817535561797,17.8211612701416,564967000,63.20293135120695,0.43306718350378404,0.15171009808848804,0.281357085415296,15.646287059783935,16.027248077392578,16.279606227874755,16.226793728008325,15.738499676867802,18.051607310135307,15.646287059783935,13.240966809432566,0.3074621143228068,25.054336558616363,0.06406200549624819,0.08043145004296437,0.7693032412027154
771,18.045934566497856,19.22575518813864,17.80018219062393,19.17380714416504,655163000,69.47086218613543,0.611646475836146,0.24369737363801963,0.3679491021981263,15.780752372741699,16.119050903320314,16.246048879623412,16.5074616724042,15.873217616761812,18.620013003782383,15.780752372741699,12.941491741701013,0.35983843659380615,29.16752541951254,0.07590110731390576,0.1357479385851288,0.8161796523678578
772,18.808171561163764,19.47550469576305,18.801178592061103,19.2457332611084,496204000,69.76577725714415,0.7503263925383372,0.3450231774180832,0.405303215120254,15.97685604095459,16.228791522979737,16.22045771598816,16.768249442756982,16.005473132226385,19.181072972012384,15.97685604095459,12.772639109896797,0.40110731708969527,23.272332488961872,0.003751269448083905,0.08829491916555243,0.8060472560345785
773,18.894086765066024,19.350630488500357,18.561419588158877,19.30367660522461,449537000,70.01705747765064,0.8550502818779471,0.447028598310056,0.4080216835678911,16.182500219345094,16.300260562896728,16.196149530410768,17.009718696325326,16.13481444489298,19.67360549319705,16.182500219345094,12.691394945493137,0.43146673586057793,21.45955445966673,0.0030107111706314527,0.11198696734133251,0.8048446591993572
774,19.68129532518558,20.14583038584764,19.258718073312,19.78219413757324,489535000,72.08073776470081,0.9655270891333387,0.5507282964747126,0.4147987926586262,16.466266059875487,16.369774379730224,16.179669351577758,17.273763976444176,16.27784894264515,20.15349279643792,16.466266059875487,12.779039323313052,0.44785219953992605,23.754772996803005,0.024788932291743615,0.18115092771252672,0.8107209201519486
775,19.442532652816254,20.60736670469528,19.38559046082785,20.344629287719727,542142000,74.3181866960511,1.0859464562068482,0.6577719284211397,0.4281745277857084,16.782399368286132,16.451176204681396,16.17200071334839,17.5662273394228,16.43733052480494,20.656582743480726,16.782399368286132,12.908215993091536,0.46169600546101625,23.342003300006787,0.028431383608668037,0.14159952762483896,0.8400820147030545
776,19.93004958460622,20.11985820147362,19.13084848856238,19.142837524414062,488611000,62.7468715223337,1.0720472275681843,0.7406269882505487,0.33142023931763553,17.010121488571166,16.501131458282472,16.160384492874144,17.716380690374347,16.5434288385151,20.87709318444871,17.010121488571166,13.143149792693622,0.4546671460842537,13.391347339381484,-0.05907169633368947,-0.0016152045088447808,0.8667747850212183
777,19.150831975809723,19.667315225206156,18.93105263996843,19.517465591430664,498017000,64.59733025224733,1.0788253161452772,0.8082666538294945,0.27055866231578274,17.256025552749634,16.573680305480956,16.147152585983278,17.887912585713043,16.6600577307863,21.103962532578908,17.256025552749634,13.40808857292036,0.44598183609158265,10.366065818160404,0.019570142960196657,0.014119094691568801,0.857452485036683
778,19.671305692212208,21.170803892462075,19.591385781806697,20.922054290771484,660477000,70.51160312635008,1.1838884405773626,0.8833910111790682,0.3004974293982945,17.58709406852722,16.678975048065187,16.145660276412965,18.176878462385275,16.82719485078572,21.499808998828946,17.58709406852722,13.674379138225497,0.44495297688816915,20.521350295771782,0.07196573206500334,0.08383779518502998,0.9143014718934493
779,20.978997726890935,21.92704802967044,20.679298521540353,21.68728828430176,564276000,73.14391760575299,1.3137555553219862,0.9694639200076518,0.3442916353143344,17.93474597930908,16.80492774963379,16.145373764038087,18.511203207329704,17.01778675013929,22.00420115972681,17.93474597930908,13.865290798891351,0.4538068378679654,29.489987300844728,0.036575471170047225,0.0963034804673204,0.938119188767495
780,20.978999007184377,21.723254810357187,20.76820957509745,21.07889938354492,429366000,67.95052519411291,1.3519992735906214,1.0459709907242458,0.3060282828663756,18.276154232025146,16.920550327301026,16.139973983764648,18.75574570030258,17.177046069096374,22.19495236967127,18.276154232025146,14.357356094379023,0.42884275191541643,18.28016740335256,-0.02805278801025679,0.03609159377843296,0.9393281920883693
781,20.78519132864185,21.54842717853091,20.76521087366942,21.067909240722656,452197000,67.85679640397848,1.3656781950450068,1.1099124315883981,0.2557657634566086,18.587342739105225,17.021551265716553,16.138092918395998,18.97595175177116,17.329628938571915,22.352001996871447,18.587342739105225,14.822683481339002,0.4050777252679475,9.87859157190923,-0.0005213812458747524,0.10056355092882274,0.9281773430007351
782,21.360614360794933,22.23673802068742,21.12884604934928,22.15082359313965,664150000,71.96091158092185,1.4472183445819056,1.1773736141870996,0.26984473039480594,18.914265394210815,17.134602603912352,16.14810996055603,19.278320498568156,17.518695395613786,22.724085970228497,18.914265394210815,15.104444818193135,0.4028515511031977,15.09472407529325,0.0514011305081854,0.1349231532840609,0.9453667313553085
783,22.364613698348997,22.85512386074339,21.985992961443717,22.182796478271484,559651000,72.0742839182846,1.4971611039209662,1.241331112133873,0.2558299917870932,19.228750705718994,17.25326711654663,16.16162096977234,19.5549372585399,17.701601320423894,23.0274725978346,19.228750705718994,15.43002881360339,0.3951085486781825,14.914878299751619,0.0014434174421278367,0.06025900563961839,0.9399213147799059
784,22.583391079267905,22.996976567245348,22.097877100421048,22.314659118652344,523876000,72.56693803749144,1.5297473384885514,1.2990143574048088,0.23073298108374263,19.545233917236327,17.38341772079468,16.17385971069336,19.817767911883944,17.8825055478054,23.264080150539222,19.545233917236327,15.826387683933433,0.3805373984317845,12.801739602125718,0.005944365062809931,0.028928044213102577,0.9370054684973627
785,21.668308556927258,22.05591910392087,20.790187926657033,21.243732452392575,550737000,62.86672475312751,1.452414798593562,1.3296944456425595,0.12272035295100259,19.78269624710083,17.49590509414673,16.186304025650024,19.953574058599052,18.014318367593134,23.2926578682009,19.78269624710083,16.27273462600076,0.35485169233333996,4.419363714902183,-0.04799206927452482,0.007819813826538402,0.9789673058900732
786,21.516460573823032,22.025950766178745,20.941036401408137,21.766210556030273,474919000,65.3035300064166,1.4169540556772056,1.3471463676494888,0.06980768802771675,20.02690191268921,17.59310781478882,16.20322243690491,20.126206105973456,18.16145139459067,23.371368363539943,20.02690191268921,16.682435461838473,0.33399738665835815,13.704201523261423,0.024594458850796475,0.03314525932919121,0.9865349529529686
787,21.556420076698707,23.025949676572004,21.34463219361314,22.948028564453125,675474000,70.08549676755061,1.4672998782160427,1.3711770697627996,0.09612280845324306,20.290088367462157,17.709711093902587,16.21922699928284,20.39495110201914,18.349160303212727,23.683821760386568,20.290088367462157,16.896354974537747,0.3345213023681761,17.576887516218722,0.05429599265249374,0.035989856899062644,1.0361622765248182
788,22.52645058254248,22.832144335876976,22.083894699328933,22.741235733032227,420575000,68.3113733150988,1.4735269505964723,1.3916470459295343,0.08187990466693806,20.559168910980226,17.827353343963622,16.240361709594726,20.61840678116324,18.521398555362513,23.83207440879343,20.559168910980226,17.28626341316702,0.31838889130048587,8.695042164493213,-0.009011354977186303,0.025174429892450556,1.023874532853345
789,22.110865240742353,22.52744803558797,21.905071876709787,21.979997634887695,412026000,62.08139066615102,1.400887834796432,1.3934952037029138,0.007392631093518176,20.82075700759888,17.935085582733155,16.252768898010252,20.74808210056557,18.65702989181448,23.638079413200455,20.82075700759888,18.003434601997302,0.27062631820479416,1.3496816510610512,-0.03347391087630358,-0.014997382751184896,1.0104666273868517
790,21.609368499758,21.71825874769265,20.95402439345479,21.36661148071289,465888000,57.528618650364805,1.279081223682212,1.3706124076987736,-0.09153118401656157,20.998029518127442,18.042997589111327,16.261764783859253,20.8069896605796,18.763287993339908,23.462107412325928,20.998029518127442,18.533951623928957,0.23469610727723433,1.3649294108428287,-0.027906561427523013,0.005784248535217973,1.0115742426758554
791,20.97899644931204,21.47250184750639,20.5973785443878,20.634342193603516,410015000,52.571947924214065,1.110657625419531,1.318621451242925,-0.207963825823394,21.071056270599364,18.133606796264647,16.26344578742981,20.790547044677115,18.83666266786005,23.397264447534987,21.071056270599364,18.74484809366374,0.22079654166947504,-2.057950042242866,-0.03427166201671128,-0.05200116756718487,1.0018277469931935
792,20.68629387061059,21.082896233045748,20.400578664452947,20.733245849609375,513184000,53.15897578794587,0.9739344981951668,1.2496840606333735,-0.2757495624382067,21.145431900024413,18.205235099792482,16.27305814743042,20.785089788003997,18.911038478909045,23.323867096155602,21.145431900024413,18.966996703893223,0.20604310249427205,-6.399661563687016,0.004793157692059458,-0.09651298405103459,0.9790055913931655
793,23.41656006308935,23.864112008367524,23.001974156806483,23.640335083007812,1117995000,66.34477867126574,1.0876208245646133,1.2172714134196214,-0.12965058885500813,21.362264823913574,18.338361930847167,16.298049488067626,21.057017911337695,19.096501090834487,23.62589237753661,21.362264823913574,19.09863727029054,0.21192767454966302,6.570580973251131,0.14021389870574508,0.03953608152742638,1.1327099176335214
794,23.201776465429027,23.450528025821583,22.92405457439787,23.262714385986328,589716000,63.83118422345972,1.134173180509734,1.200651766837644,-0.06647858632791004,21.536290836334228,18.453266944885254,16.32976249694824,21.26708424225661,19.259882004369853,23.822310635538823,21.536290836334228,19.250271037129632,0.2122946626768073,4.248576069627366,-0.01597357633449581,0.058358366202125644,1.1029649598461229
795,23.64632871610379,23.85611778942511,23.43054512484724,23.47749710083008,452994000,64.65151219383861,1.1748544374285181,1.195492300955819,-0.020637863527300793,21.692934226989745,18.561738319396973,16.35933012008667,21.47759975259694,19.425278674819275,24.058813094976344,21.692934226989745,19.327055359003147,0.218124375728115,10.51493495054787,0.00923291716005159,0.09879365392227202,1.066567705817027
796,23.348625571073445,23.801173550334713,23.182791220639693,23.192781448364254,455963000,62.62387672941045,1.1706262027672913,1.1905190813181135,-0.019892878550822113,21.895431423187254,18.67246753692627,16.392290630340575,21.640950390289067,19.573023881624962,24.03614907367498,21.895431423187254,19.754713772699528,0.19554012059526785,6.55406180447314,-0.012127172297926148,0.12398937803570176,1.0345544646654552
797,23.168807999209974,23.232745083054898,22.48549196735542,22.675302505493164,460026000,59.001919212967955,1.1126926422450794,1.1749537935035068,-0.06226115125842746,22.05332326889038,18.787272644042968,16.42493474006653,21.7394601155466,19.694681866874696,23.917095841109052,22.05332326889038,20.18955069667171,0.1690241919092358,-1.1884509303009065,-0.02231206912474859,0.09366872268677495,1.014032939739314
798,22.465509649279113,23.356615814296525,22.40956399575206,23.290681838989254,389415000,61.829203826432796,1.1037129317758527,1.160705621157976,-0.05699268938212332,22.17175464630127,18.921997833251954,16.453014240264892,21.887195517779233,19.835701473624287,24.033958067617387,22.17175464630127,20.309551224985153,0.16797979691036974,2.4160784946217464,0.02713874857224119,-0.014790536715779568,1.009248573939682
799,23.296676418290033,23.87609626057295,23.10686591146464,23.866106033325195,412393000,64.30781835995009,1.130002405665497,1.1545649780594802,-0.024562572393983295,22.280695533752443,19.074565048217774,16.486176977157594,22.07566318592647,19.99375655439687,24.26754049697606,22.280695533752443,20.293850570528825,0.17834676302755437,8.58102184435079,0.02470619788265127,0.025938144505714078,0.9921044150231554
800,23.867109901704033,24.22375134917666,23.463512664360874,23.530447006225582,437429000,61.787400246704046,1.1109458328398603,1.1458411490155562,-0.03489531617569597,22.403272914886475,19.223795700073243,16.51310447692871,22.214214025954956,20.13245029760584,24.380888904325126,22.403272914886475,20.425656925447825,0.1765470605078036,10.127181502157852,-0.014064256088987426,0.0022553471167772177,0.9755425771512004
801,23.580402685270712,24.104966338425463,23.22169964405819,23.26866149902344,515154000,59.818269241402874,1.0624719437798298,1.129167307968411,-0.06669536418858124,22.513310527801515,19.359478912353516,16.54490711212158,22.31463759481862,20.255438972171234,24.425291738094895,22.513310527801515,20.601329317508135,0.16985340365045726,12.766674511371356,-0.011125394563600066,0.0032717098131642697,0.968951442666634
802,23.467495262178183,24.179904417575,23.4045478535388,24.160919189453125,513573000,64.02638912911368,1.0835631348493564,1.1200464733446,-0.036483338495243656,22.613815307617188,19.536224098205565,16.580242671966552,22.490473937164765,20.408595059123467,24.646525520677955,22.613815307617188,20.58110509455642,0.17977596309244406,16.53225628397364,0.03834589671035138,0.06551695103516542,0.9648294052298428
803,24.154926880363863,24.43369646327495,23.363584656161375,23.416542053222656,501257000,58.5201820308708,1.028358762172065,1.1017089311100932,-0.07335016893802826,22.675502586364747,19.70073907852173,16.614002561569215,22.57867090059885,20.526553764774416,24.726943087138874,22.675502586364747,20.62406208559062,0.18093892234236092,-0.946657604468619,-0.030809139767969174,0.005403887061078194,0.9723495767929664
804,23.38956009205049,23.607379462799077,22.707126734055908,22.9459285736084,474866000,55.2831828345734,0.9358464688269272,1.06853643865346,-0.1326899698265327,22.70706605911255,19.87752010345459,16.64439118385315,22.613647821837855,20.6214312082581,24.754749520550376,22.70706605911255,20.65938259767472,0.18035649837871273,-1.3617749292780912,-0.020097479745071478,-0.03855582718152328,0.9671998019322665
805,22.733106940046454,23.27865305444534,22.278484860419933,22.946928024291992,421890000,55.28883916223169,0.852780138553193,1.0253851786334065,-0.1726050400802135,22.79222583770752,20.056019401550294,16.678498258590697,22.645388793500153,20.71262716182806,24.728003849319744,22.79222583770752,20.856447826095295,0.16986300727238923,-2.2599047686362206,4.355677654910295e-05,-0.02479846565512356,0.9695546870817765
806,23.476489729466003,24.198888939320003,23.440518418628685,24.043018341064453,474910000,61.1002332538627,0.8654187923712549,0.9933919013809762,-0.12797310900972136,22.90606622695923,20.245111865997316,16.71398798942566,22.778496369458658,20.84323073748439,24.85484863630749,22.90606622695923,20.957283817610968,0.17015426307068365,3.665954834236428,0.047766320424769804,0.03327895943105763,0.9897265605065076
807,23.741265018407983,24.265828599325392,23.340598998344493,24.20787811279297,524486000,61.902310247037654,0.8786097560147894,0.9704354723077389,-0.09182571629294944,22.96905870437622,20.437281742095948,16.745929765701295,22.914627964061925,20.975177693378846,24.998953120302012,22.96905870437622,20.939164288450428,0.1767503354884145,6.758787923241745,0.006856866695765129,0.0019435900998479028,0.9851196348261071
808,24.00704975815061,25.566752509117528,23.874158867454017,25.519792556762695,583253000,67.62336690192416,0.9835860534765146,0.973065588541494,0.010520464935020568,23.107986545562746,20.661663913726805,16.779639587402343,23.162738877652473,21.153397884099782,25.417561297647513,23.107986545562746,20.798411793477978,0.19989407104170726,9.5708263638802,0.05419369834303778,0.08981900481973959,1.0356534924573502
809,25.960424630848856,26.377078166810012,25.646684297201393,25.703638076782227,848547000,68.34084580734846,1.0692892219910881,0.9923103152314129,0.07697890675967523,23.294168567657472,20.88105167388916,16.814962377548216,23.404729277569594,21.33183867596968,25.801854778459287,23.294168567657472,20.786482356855657,0.21530592118094172,7.699337465823759,0.007204036616309084,0.12018295508623034,1.0229129294280621
810,25.593727284385547,26.00238801858856,25.109129452450585,25.878490447998047,432747000,69.04348548058712,1.1381982842349245,1.0214879090321152,0.11671037520280936,23.51976251602173,21.113606796264648,16.852916355133058,23.64032557951516,21.510138745460992,26.103861636652873,23.51976251602173,20.935663395390584,0.2197385385052973,9.978745585033847,0.006802631234282819,0.12775402531452817,1.0136519034787703
811,26.15826276917553,26.37008663657117,25.35992640091997,26.17724609375,547408000,70.25808086511233,1.2030483043522189,1.057799988096136,0.14524831625608292,23.796907711029053,21.340268936157226,16.886015338897707,23.881937057061336,21.693162563040953,26.270294889486646,23.796907711029053,21.32352053257146,0.20787467081794514,12.500008197070677,0.011544554592637146,0.08876704756492138,1.0134024986339438
812,26.403054661635647,27.566089484334555,26.21521106020196,26.446020126342773,797295000,71.34726552217695,1.261587436054338,1.0985574776877765,0.16302995836656153,24.082546424865722,21.556941928863527,16.924810485839842,24.12613544461195,21.879549134150828,26.388547455385822,24.082546424865722,21.77654539434562,0.19150807309472118,9.457839409881204,0.010267467847083545,0.09245510916411259,1.0402197052018445
813,27.09248178596672,27.47616366599441,26.667835494751287,27.168418884277344,564889000,74.09337434105728,1.3507016146755184,1.1489863050853248,0.20171530959019357,24.258950614929198,21.782448501586913,16.966888227462768,24.415876724580084,22.086955791018536,26.91574917572553,24.258950614929198,21.602152054132866,0.2190365612238241,16.022335076319873,0.02731597247840667,0.06460187024826602,1.0394999790911152
814,27.00855309347375,27.144439836382897,26.33311386181286,26.75676155090332,454920000,69.9775757883809,1.3722890429594194,1.1936468526601438,0.17864219029927564,24.43365297317505,21.997883834838866,17.006208887100218,24.63881813661087,22.270085428661076,27.25957043593747,24.43365297317505,21.60773551041263,0.23131354659615622,16.607883028442824,-0.015152053386965902,0.04097176714732709,1.024914625046356
815,26.814715931188335,26.977580691716717,26.343107731941966,26.508970260620117,361026000,67.54534368661663,1.3537968220998913,1.2256768465480934,0.12811997555179788,24.585226631164552,22.19817352294922,17.045658464431764,24.816927862706986,22.436316206384962,27.513101759893587,24.585226631164552,21.657351502435517,0.23818166679152122,15.522959032064287,-0.009260884947223325,0.024363083074300684,0.9970259346698128
816,26.42504099387314,26.49098617741666,25.828536573761543,26.388071060180664,356104000,66.33389863405208,1.3142363501993906,1.243388747278353,0.07084760292103764,24.744991111755372,22.388292999267577,17.08749891281128,24.96656054818067,22.591286984965187,27.70009227787852,24.744991111755372,21.789889945632222,0.23884439099428875,9.753570395572842,-0.004560690183392446,0.008053748880826772,0.9744122026832958
817,26.80272526365729,27.055513525700643,26.57491395467883,26.961591720581055,393694000,69.15967371590472,1.314015561930951,1.2575141102088725,0.056501451722078544,24.959305572509766,22.573838844299317,17.137568597793578,25.156563516980707,22.762671484401103,27.904613980147175,24.959305572509766,22.013997164872357,0.23600884239995668,11.375278721074071,0.021734088069280233,0.019495243207681145,0.9524857928859161
818,27.206388565387417,27.47616480917353,27.079493220776023,27.360260009765625,364516000,70.98292174880658,1.330670641918477,1.2721454165507935,0.058525225367683564,25.162784481048583,22.77385154724121,17.196256346702576,25.366439373436414,22.942969073631087,28.180280522530857,25.162784481048583,22.145288439566308,0.23983800709773673,7.211921683568738,0.01478652645274825,0.0070611810832799105,0.921206314007813
819,27.117460914270833,27.81088482430069,27.082490132563105,27.75393295288086,433933000,72.69928560021074,1.359959265383214,1.2897081863172777,0.0702510790659363,25.357175827026367,22.993965492248535,17.255968918800352,25.593819714335886,23.131634323797744,28.513228022420908,25.357175827026367,22.201123631631827,0.2489277368208122,7.976671901362627,0.014388494223911641,0.03726801541660696,0.9074340552742253
820,27.486155591511658,27.97674705699484,27.31329892606636,27.94177627563477,398716000,73.50461002776458,1.3823927338401383,1.30824509582185,0.07414763801828839,25.577742290496825,23.196377792358398,17.313171057701112,25.81743462493578,23.320267341516843,28.8080226900386,25.577742290496825,22.34746189095505,0.2525852643954394,7.972975980893575,0.006768169508545752,0.0540498556122011,0.8900064892495292
821,27.94277892614299,27.9767510917249,27.284325709406502,27.430204391479492,368592000,67.65170847980636,1.343405896614911,1.3152772559804622,0.028128640634448754,25.785819435119627,23.361505737304686,17.372438173294068,25.97103174555899,23.481441343476163,28.929301487559478,25.785819435119627,22.642337382679777,0.24381478822879743,4.7864404576486175,-0.018308495462450836,0.039492592274825045,0.8758935530401626
822,26.806721952265576,26.975580335763187,26.37308232607004,26.858678817749023,515015000,61.73721746159463,1.2519594012079303,1.3026136850259558,-0.0506542838180255,25.920707416534423,23.5137646484375,17.42745481967926,26.05556956195804,23.613882028741767,29.00467331018445,25.920707416534423,22.836741522884395,0.23795383699156397,1.560381068436087,-0.020835629424183155,-0.003817018813228046,0.8888384467808261
823,26.561924402993725,27.057512816555565,26.40505518671545,27.014549255371097,397654000,62.69511075498547,1.178480051953418,1.2777869584114483,-0.09930690645803031,26.100607776641844,23.66798210144043,17.479826121330262,26.14690096133071,23.74724152782527,28.993101205371694,26.100607776641844,23.208114347911994,0.22164184477868154,-0.5663547428418533,0.005803354613223677,-0.012635506909332461,0.8719541027136325
824,26.800724345120734,27.598061968083517,26.64685290782655,27.55609703063965,395279000,65.89016278307842,1.1506811814540328,1.2523658030199654,-0.10168462156593261,26.331116199493408,23.823460159301757,17.535933556556703,26.281110110788706,23.89660841028858,28.897684204069485,26.331116199493408,23.76454819491733,0.19494562897606715,2.9874148940470047,0.020046522714454618,-0.007128212155628089,0.877615171109585
825,27.70097606708646,27.76692123864769,27.10347122895872,27.14643669128418,314378000,61.592689589310275,1.0831088064822332,1.218514403712419,-0.13540559723018575,26.541091632843017,23.959496307373048,17.590666661262514,26.363522166073988,24.024052656602134,28.603448578549653,26.541091632843017,24.47873468713638,0.1554085999352485,2.404719702036251,-0.014866413734135442,-0.02846417409204316,0.862317659579541
826,27.347274949110663,27.445193150748228,26.426039620920893,26.47300148010254,446259000,55.21706815159231,0.9641030393703822,1.1676321308440116,-0.2035290914736294,26.662590789794923,24.106099586486817,17.637534584999084,26.37394876741004,24.120089865366857,28.379308940949883,26.662590789794923,24.945872638639962,0.12877354377820124,0.3218515659146991,-0.024807499372389352,-0.034895945276816276,0.8735202217400977
827,26.71179772670093,26.86467054430278,26.307135282820585,26.441022872924805,353615000,54.92631646975462,0.8573269735179139,1.1055710993787922,-0.2482441258608783,26.774248027801512,24.2445707321167,17.685525631904603,26.380336777459068,24.211106846055404,28.078835111264436,26.774248027801512,25.46966094433859,0.09745088505255367,-1.9307793584711666,-0.001207970588517182,-0.015550129909897792,0.8509498674359618
828,26.48199002716832,26.860675005002047,26.198225472529604,26.73577880859375,395660000,57.16520897936356,0.7874136977208472,1.0419396190472032,-0.254525921326356,26.835047340393068,24.360845222473145,17.7394185590744,26.414188399471893,24.31011358968436,28.006681030201165,26.835047340393068,25.66341365058497,0.0873211569144141,-2.2824388399415083,0.011147675227450193,-0.010319270706392492,0.8374855577957104
829,26.54293875740368,26.983572499232327,26.41104841162863,26.979576110839844,321471000,58.980121038407276,0.7431131815607728,0.9821743315499172,-0.2390611499891444,26.898844242095947,24.466690979003907,17.796727066040038,26.468034848173602,24.414798394435557,27.949846455778815,26.898844242095947,25.84784202841308,0.07814478601560716,-2.7900796739535156,0.009118765680681484,-0.020921719035855157,0.8185597384962808
830,27.510138201217032,28.086658738816173,27.334283752804858,27.644025802612305,604812000,63.5170945488572,0.7529408074848938,0.9363276267369125,-0.18338681925201872,26.98712100982666,24.597993507385254,17.85926984786987,26.580033986691575,24.541434763383666,27.97518438880753,26.98712100982666,25.999057630845787,0.07322480813133748,-1.0656103967237864,0.024627877363332606,0.018329813116425786,0.8391685163162842
831,27.3382818867537,27.976751256223757,27.20938928671379,27.907808303833008,358660000,65.16436229630334,0.7731024711127397,0.903682595612078,-0.1305801244993383,27.07364912033081,24.73479148864746,17.926306614875795,26.70648868356219,24.673449412028738,28.065956697639557,27.07364912033081,26.081341543022063,0.07330430950762222,1.74116060360772,0.009542116011039825,0.054198872190933445,0.8340394772586901
832,27.648020038897844,28.00672306467075,26.977577746060568,27.08149147033691,427713000,56.55052403534931,0.7141713493899893,0.8657803463676603,-0.15160899697767105,27.105422687530517,24.833404846191407,17.987010216712953,26.74220323468359,24.767882433923177,28.05508829150163,27.105422687530517,26.155757083559404,0.0700720010839745,0.8295741354211578,-0.029608804263665744,0.02422253482742298,0.8479756087837967
833,26.929620174009735,27.160429263560324,26.699811611017537,27.096481323242188,345103000,56.662438568647325,0.6610573095325307,0.8248357390006344,-0.16377842946810373,27.10182580947876,24.931678543090822,18.046960062980652,26.775944005022502,24.859200037425882,28.051054598905786,27.10182580947876,26.152597020051736,0.07004906577881079,0.30328867269477117,0.000553509134520791,0.013491378621538264,0.8203071833380103
834,26.990569353375054,27.34327496276754,26.64885238383688,27.01954460144043,339282000,55.86705121107786,0.6057729265998226,0.7810231765204722,-0.17525024992064953,27.114964962005615,25.02577625274658,18.10289086818695,26.799144061824208,24.94391943209312,28.051920092356372,27.114964962005615,26.178009831654858,0.06910981678668215,-1.947127812050544,-0.002839362088529418,0.0014814350839458257,0.8113154258803427
835,27.055516518782692,27.22437682483663,26.2032260217168,26.21921157836914,378527000,48.27547855292221,0.49171132643204274,0.7231608065027864,-0.23144948007074362,27.100477027893067,25.125285835266112,18.154919853210448,26.74391239673325,24.993930888809828,28.082349842767268,27.100477027893067,26.118604213018866,0.07246166286029668,-3.4156420728792747,-0.029620522287730267,-0.05154148800239222,0.8263036671117344
836,26.97958178612592,27.3073085724239,26.682827492826057,26.933618545532227,406337000,54.2515041784021,0.4537330065707863,0.6692752465163864,-0.21554223994560007,27.127754402160644,25.228633995056153,18.21394555091858,26.76197964899982,25.069997071426393,28.057895199062898,27.127754402160644,26.19761360525839,0.0685748464921351,1.7399502877521968,0.027247461847879295,-0.03490742618319409,0.8450031904648075
837,27.340279304100545,27.47216966404172,26.60289125219407,27.203392028808594,377161000,56.304512999787335,0.4403275579770849,0.623485708808526,-0.18315815083144116,27.13984441757202,25.31374126434326,18.274669570922853,26.80401892326732,25.153659618774714,28.067313786842195,27.13984441757202,26.212375048301848,0.06834743449521564,2.883281632286787,0.01001623613330338,0.004501249815033415,0.8467371348492962
838,27.20238908799131,27.734945452765885,27.048515755320256,27.725954055786133,292216000,60.04484448454001,0.4664925954705126,0.5920870861409234,-0.12559449067041084,27.158129119873045,25.41343563079834,18.337597045898438,26.891822269221493,25.25453391042222,28.1161742151199,27.158129119873045,26.20008402462619,0.0705530996644245,3.703558644321624,0.019209443676146742,0.023230792405654954,0.8352866036061771
839,27.81688091763852,29.03386986276021,27.756931277189757,28.8859920501709,570329000,66.83231191992674,0.5742147572129213,0.588512620355323,-0.014297863142401779,27.214732074737547,25.551555519104003,18.405286321640016,27.081743200740483,25.396944033549623,28.411034898533902,27.214732074737547,26.018429250941193,0.08791582592186087,7.066144892339859,0.04183942568939947,0.06907767974116652,0.8690458324181699
840,28.656183952378868,28.812054544580096,28.05967958921287,28.186573028564453,402730000,60.192893168612216,0.5962745943791035,0.5900650151600791,0.006209579219024319,27.226971912384034,25.687954750061035,18.467531504631044,27.18696508910467,25.5063412490404,28.457304186859538,27.226971912384034,25.99663963790853,0.09037599028159975,1.9626201690959169,-0.02421308641197617,0.07503511096490745,0.8659934487424455
841,27.81688204976608,28.34344486027376,27.449187603389927,27.778913497924805,383387000,56.659735926333326,0.5742429419154931,0.586900600511162,-0.01265765859566892,27.244407367706298,25.83084617614746,18.52604604244232,27.243341128039923,25.59546172938881,28.49547440822207,27.244407367706298,25.993340327190527,0.09184028293444933,-0.4618592922271865,-0.014462897998508861,0.03138438123208642,0.8680122921811161
842,27.62803889227296,27.835866361148614,27.217380869969254,27.53911399841309,321850000,54.628445841492244,0.5313082918257983,0.5757821387740892,-0.04447384694829093,27.278429126739503,25.966963539123537,18.578913502693176,27.271509972837368,25.671683386997604,28.522676656895833,27.278429126739503,26.034181596583174,0.09122574649554607,1.6897980991092212,-0.008632429037572997,0.012341180439886523,0.8501889492524192
843,27.802894198913098,28.731121728563178,27.707973770612693,28.656185150146484,361494000,61.544698776205024,0.5807263268872376,0.5767709763967189,0.00395535049051865,27.360510921478273,26.06728054046631,18.633297638893126,27.40338379924776,25.78872267182697,28.73416227713376,27.360510921478273,25.986859565822787,0.10041123571103756,5.756112051222129,0.04056307518817648,0.033550913793216175,0.8746045764593955
844,28.498317367315533,29.195737767876224,28.32646120146538,29.126794815063477,344979000,64.03221324456345,0.650367708516935,0.5914903228207622,0.058877385696172846,27.43904581069946,26.184562149047853,18.68882171154022,27.567518181706397,25.919627461757816,29.013386340865203,27.43904581069946,25.86470528053372,0.11475184239474176,7.798984937409744,0.01642262089148261,0.008336316248870324,0.8742240043130703
845,28.87500228440972,28.94894023981755,28.426375730996305,28.547273635864254,314869000,58.97329195061558,0.6512888369970504,0.6034500256560199,0.04783881134103052,27.509087657928468,26.285957679748535,18.74509750843048,27.660828224959527,26.02267240976199,29.14842728918566,27.509087657928468,25.869748026671278,0.1191853144416959,8.879222209014728,-0.019896496778269324,0.012796894710622064,0.861809367152649
846,28.980912694288502,29.088824715990743,28.437365725975784,28.861013412475582,369350000,60.77985673119459,0.669616098333691,0.6166832401915542,0.052932858142136774,27.62848825454712,26.399322319030762,18.804414706230162,27.775131576151534,26.133979900064485,29.29619750747585,27.62848825454712,25.960779001618388,0.1207238874283509,7.156093280540925,0.0109901835325239,0.038954004253320296,0.8467843402142426
847,28.87200267964506,28.92595868810787,28.222542865572727,28.55426597595215,322149000,58.08671193221626,0.651874230104589,0.6237214381741611,0.028152791930427856,27.734150409698486,26.516901588439943,18.864649348258972,27.84933485232302,26.22889307951106,29.354642390412643,27.734150409698486,26.11365842898433,0.11685895956974972,4.965829061732335,-0.010628436089178961,0.03686218727289314,0.8365437318085925
848,28.505311440794113,28.7561043901141,28.022712678290027,28.316469192504883,274222000,56.01461022904448,0.6115755958597333,0.6212922697112756,-0.00971667385154229,27.813184928894042,26.617417335510254,18.917419772148133,27.893823837102246,26.310758809432386,29.38464231006744,27.813184928894042,26.241727547720643,0.11300089401418195,2.1298280143240564,-0.008327889907852382,-0.011854891216734886,0.8291757303811268
849,28.48432681161874,28.94494444637711,28.128623434840744,28.928956985473633,293926000,59.9750317799878,0.62189249444193,0.6214123146574065,0.0004801797845234157,27.91065397262573,26.718674354553222,18.972284150123595,27.99240794647095,26.413433247708515,29.504857901563845,27.91065397262573,26.316450043687617,0.11423622896845634,0.1487396909481604,0.021630090559838333,-0.006792296606818127,0.8282575361779296
850,28.817052724629356,29.845199573848124,28.80806132560358,29.188743591308594,449405000,61.556148261179715,0.6436121585322852,0.6258522834323823,0.017759875099902844,27.98788986206055,26.831840286254884,19.027553839683534,28.106344674550726,26.522268947457537,29.670182682898417,27.98788986206055,26.30559704122268,0.12021576682837595,3.5554892101588034,0.008980158045981845,0.02247044546623367,0.8431775870398308
851,29.55943599379135,30.17392512966197,29.405564531055397,30.152942657470703,432535000,66.79849011885553,0.7302105427011085,0.6467239352861276,0.08348660741498093,28.100146579742432,26.96952590942383,19.08625669002533,28.301258768162153,26.664648308634526,30.02781640691016,28.100146579742432,26.172476752574706,0.13719998375790646,8.546155556887593,0.033033250065933384,0.04476382123285605,0.8533207264193698
852,30.384746671659997,31.801568399451863,30.294821257305664,31.65169334411621,748725000,72.96884819945737,0.9092952512529529,0.6992381984794926,0.2100570527734602,28.328656673431396,27.11934139251709,19.152028956413268,28.620347775395874,26.860218702182827,30.74158202420898,28.328656673431396,25.915731322653812,0.1703522605108625,14.933593527882213,0.049704955953085994,0.1084751178956116,0.9101282275309263
853,31.509810589762782,31.553774675559076,30.89032652886848,31.238037109375,473908000,69.1491067211816,1.0062432263925274,0.7606392040620996,0.24560402233042777,28.535734462738038,27.275771293640137,19.213900780677797,28.869651521489125,27.03189785540605,31.189021403612728,28.535734462738038,25.882447521863348,0.18596240754478227,9.009754598180763,-0.013069008038336327,0.10317557238539576,0.8995024123678407
854,30.875338986536004,31.49382635847514,30.654523739106693,31.15011215209961,372000000,68.3303266728334,1.0637185011905395,0.8212550634877877,0.2424634377027518,28.742262840270996,27.43985496520996,19.27372546672821,29.086838248213933,27.193396455276385,31.530908301626134,28.742262840270996,25.953617378915858,0.1940449488512746,6.946584235865649,-0.002814676126017046,0.0767796491156354,0.8952024271535982
855,30.97426067554003,31.26202165563563,30.605567574899258,30.662519454956055,356253000,63.81748524365502,1.0577305554488632,0.8685501618800028,0.1891803935688604,28.964428234100343,27.59416679382324,19.332240452766417,29.236903125046517,27.32944049447951,31.618374959165997,28.964428234100343,26.310481509034688,0.18325559224684546,7.409624632015276,-0.015652999731196493,0.050491240194603604,0.8781489738380819
856,30.184915137347215,30.58158676598894,29.781251257198175,30.51264381408691,721419000,62.452140111787756,1.0290293439243818,0.9006459982888787,0.12838334563550313,29.143379497528077,27.723559303283693,19.395976758003236,29.35840223828846,27.45427199720921,31.706560275183726,29.143379497528077,26.580198719872428,0.17590141032703888,5.722704113007298,-0.004887910176113008,0.011929222321758637,0.8783717755466389
857,38.49100796728165,39.44721397289926,36.60457534049064,37.94845962524414,1543911000,82.47966799341535,1.5879863016664686,1.0381140589643967,0.5498722427020719,29.680632877349854,27.998370933532716,19.500421652793886,30.176502941808046,27.865808766936073,34.17156906680592,29.680632877349854,25.189696687893786,0.30261727962568014,32.89944016492527,0.2436962151317843,0.19893931780109475,1.4538145172084758
858,37.858535295090505,39.137471155324974,37.51881748077454,38.91365814208984,714397000,83.69536655209649,2.0848147251538975,1.2474541922022968,0.8373605329516007,30.24001808166504,28.266248245239257,19.604645380973817,31.008612960882502,28.299057762040142,36.173184005462446,30.24001808166504,24.30685215786763,0.39240491905623376,37.4241183727452,0.025434458377952884,0.2457139354127751,1.4655887427329015
859,40.56128934835457,41.903172568037185,39.91582590661,40.07769012451172,923401000,85.04325402831954,2.5431664432913337,1.5065966424201043,1.0365698008712294,30.79960298538208,28.553729286193846,19.715463089942933,31.872334595513856,28.760964913509618,38.07553576181477,30.79960298538208,23.52367020894939,0.47246925746971147,38.53831696952055,0.029913198552845355,0.2865985820153898,1.5744405772482193
860,39.45520761311079,40.26153667698876,37.79059071532984,37.802581787109375,1002580000,72.43851175901216,2.691801837215447,1.743637681379173,0.9481641558362741,31.280403423309327,28.792211112976073,19.811076216697693,32.437120042332474,29.11553812423902,39.0558313106456,31.280403423309327,23.504975535973053,0.4971437089294208,29.510822104606405,-0.05676745167533681,0.23285961033444225,1.6384766761346978
861,38.45703459331072,40.0167390585578,38.30816007086099,39.73697280883789,635873000,75.73199224747441,2.931888659405381,1.9812878769844147,0.9506007824209661,31.87830638885498,29.063405647277833,19.91474880695343,33.13234411533299,29.532064974615448,40.29721093881108,31.87830638885498,23.45940183889888,0.5281902022812255,31.78472582341029,0.051170870619956954,0.3023116925217848,1.6795967186571072
862,40.06369530217304,40.466360445875424,39.02555683846539,39.294334411621094,482731000,73.56569875538531,3.051268848415475,2.1952840712706267,0.8559847771448483,32.46606740951538,29.3203719329834,20.016972012519837,33.71920033402709,29.914899070184298,41.22562664262051,32.46606740951538,23.706508176410253,0.5396131981502519,24.146073274545948,-0.01113920779386468,0.03546586079298053,1.662540067853745
863,38.87669004097322,39.5321435245976,38.674858118858616,39.13847351074219,396094000,72.77629239598545,3.0975946927445435,2.37574619556541,0.7218484971791335,32.990181827545165,29.559773025512694,20.121131701469423,34.23532158895234,30.276607871774804,42.02523879114078,32.990181827545165,23.95512486394955,0.5477421743733337,25.291078225258108,-0.003966498051505618,0.005777286931787806,1.6050218777026906
864,38.79775882224138,39.12748282035394,38.116322111286685,38.62190246582031,388729000,70.091753256291,3.0573816989032423,2.512073296232977,0.5453084026702655,33.46493721008301,29.797075843811037,20.220521922111512,34.653091196273095,30.603874326443258,42.634931063423124,33.46493721008301,24.294943356742888,0.5480359216438149,23.986399397978033,-0.013198548604101634,-0.03632414079176283,1.5633882721136056
865,38.88670153394701,39.47027647730588,37.32883333327853,37.44774627685547,511998000,64.28700361524727,2.8973689541938796,2.5891324278251573,0.30823652636872234,33.90996084213257,30.01585136413574,20.318654198646545,34.91924882299523,30.872261461753542,42.94502994782284,33.90996084213257,24.8748917364423,0.5328858471853111,22.12873221936987,-0.030401303768087362,-0.009386541698453654,1.60467790582173
866,37.69657436729438,38.835744998272645,37.47773561947334,38.48200225830078,417772000,66.88827258923209,2.8214891447027597,2.6356037712006777,0.185885373502082,34.39101028442383,30.257729988098145,20.42602641582489,35.25855867397671,31.17068266946128,43.323489111358015,34.39101028442383,25.458531457489645,0.5194659158343964,26.118216739169032,0.02761864422491378,-0.0315819364644202,1.5892008212214048
867,39.00861015404978,39.682119792428765,38.53895454086383,38.74180603027344,427717000,67.52810855987245,2.75061051628785,2.658605120218112,0.09200539606973779,34.90038728713989,30.493334274291993,20.533963799476624,35.590296517433536,31.4675894679245,43.60232305856276,34.90038728713989,26.198451515717025,0.4986727339056985,2.09058921722753,0.006751305980099209,-0.014061273453820022,1.561409157857589
868,39.17150019392895,39.50125828347373,38.58992260823452,39.45329284667969,388701000,69.27888188184525,2.720489621644319,2.6709820205033536,0.049507601140965196,35.45722846984863,30.735194931030275,20.645253949165344,35.958200929742695,31.78075430630706,43.82141355091734,35.45722846984863,27.093043388779922,0.47179012246720126,1.3867488443759817,0.018364833478601517,0.008043730572453,1.5149753376705621
869,40.156792771911256,41.071128645039984,39.71111778820096,40.992183685302734,613208000,72.70660360622352,2.7886484221226695,2.694515300827217,0.0941331212954526,36.060389804840085,30.99995994567871,20.760788893699647,36.43762785884365,32.14198683097356,44.191063689514934,36.060389804840085,27.92971592016524,0.45094764247853664,2.281802064814376,0.039005384027218426,0.06137142574941978,1.5223225134341145
870,40.79432339392405,42.96874019088657,40.52251795887016,42.96574401855469,740465000,76.35087631229511,2.9677047348694146,2.7491531876356565,0.21855154723375803,36.74923982620239,31.30043930053711,20.894443821907043,37.05935320738756,32.56644789715321,44.76813497689461,36.74923982620239,28.730344675510175,0.436411484352648,13.658226468558144,0.04814479629587409,0.14735193143277647,1.588315350475707
871,42.57103621355931,43.25753714671118,42.11636509751025,42.62199783325195,568622000,74.48537123511164,3.046749674691071,2.8086724850467397,0.23807718964433144,37.372692584991455,31.60427516937256,21.0286714553833,37.58912888604131,32.96078318876493,45.17932669466112,37.372692584991455,29.56605847532179,0.41777209880803406,7.260303995206209,-0.008000470913625657,0.10758264466496548,1.5563765432417946
872,43.41840945055139,43.689212322344694,42.6299816471878,42.66096115112305,655709000,74.56124314583748,3.0770668617354673,2.8623513603844852,0.21471550135098205,37.9231559753418,31.92032081604004,21.1647563123703,38.072160530334806,33.34118232454368,45.589881923781725,37.9231559753418,30.256430026901874,0.40432953172066927,8.567715396920658,0.0009141598200892442,0.1011608781941431,1.5214363965168622
873,42.96674106849241,43.95802045275375,42.642975308832675,43.77614974975586,451153000,76.69713004318766,3.1547142684362797,2.9208239419948443,0.23389032644143537,38.55006160736084,32.25555282592774,21.308284211158753,38.6153975988511,33.75039673337553,45.97434530728087,38.55006160736084,31.125777907440806,0.3851762300946581,11.849405004875283,0.026140728397617385,0.10956897615302541,1.5066941641885916
874,43.46937213953319,43.58329148223386,42.04940765326737,43.013702392578125,551603000,72.23176643114355,3.1187759600830134,2.9604143456124783,0.1583616144705351,39.14324111938477,32.5647049331665,21.453775897026063,39.03428376968224,34.11366362197171,45.98030980024249,39.14324111938477,32.30617243852705,0.34933584881257174,11.371267716924292,-0.01741695789913522,0.04931473577486378,1.522411873638584
875,42.222282851099834,43.394430482977334,42.203299468583864,42.99372482299805,417737000,72.1132958462466,3.0534839071322324,2.979028257916429,0.07445564921580328,39.759801387786865,32.88165069580078,21.600615434646606,39.41137339380755,34.461901316129605,45.57406306481289,39.759801387786865,33.94553971076084,0.29246935216391745,14.809912738514422,-0.00046444664069478225,0.0006512351893934731,1.498748955121076
876,42.43312605670876,42.77787262265415,41.984451203476524,42.17831039428711,358140000,67.26392990664887,2.902484322534228,2.963719470839989,-0.061235148305760934,40.343084716796874,33.19575687408447,21.744286484718323,39.67489120337704,34.76450559370441,44.406656250025605,40.343084716796874,36.27951318356814,0.20145071016529684,9.60529057499604,-0.018965894024487007,-0.010409822662482027,1.463786431149679
877,42.43013175413964,42.732912892803704,40.07084800865,40.60246276855469,594322000,59.005747981364,2.6253944177618678,2.8960544602243647,-0.270660042462497,40.475784873962404,33.47898567199707,21.878814897537232,39.76323135244157,34.99344509075737,44.38842922372739,40.475784873962404,36.563140524197415,0.1933325993281453,4.802710376556282,-0.03736156358567333,-0.048252508312606746,1.5493777492213947
878,40.769337698334375,41.90950699852485,40.41859495947549,41.84555435180664,462175000,62.87754422944925,2.477546163766455,2.812352800932783,-0.3348066371663281,40.62237968444824,33.78118118286133,22.01818049430847,39.961547828571575,35.262155257857344,44.509542062469386,40.62237968444824,36.735217306427096,0.19138033804106733,6.063528117725365,0.030616162136221092,-0.04410153494506419,1.545201627066249
879,40.63044766274905,41.8145877625639,40.48855257782623,41.08711624145508,582639000,59.20354592171842,2.272974307374298,2.704477102221086,-0.431502794846788,40.67285099029541,34.06333198547363,22.151771397590636,40.068744820274766,35.490585100351375,44.55662500694343,40.67285099029541,36.78907697364739,0.19097623707640715,0.23158697004565945,-0.018124699794276222,-0.04479005628344779,1.53175878041726
880,41.52778134342767,41.56975062175712,40.57047773361946,40.79231643676758,380514000,57.79007027443792,2.0632775772643512,2.576237197229739,-0.5129596199653879,40.82233772277832,34.32629779815674,22.283299036026,40.137656402797894,35.69849613315201,44.476031855907856,40.82233772277832,37.16864358964879,0.1790046497553138,-5.058512616116966,-0.007174993809618058,-0.05120301614464673,1.4937240738258601
881,41.64969465752979,42.51906101069841,41.470823955071786,42.271240234375,501148000,62.61254346331562,1.9934489597250789,2.4596795497288073,-0.46623059000372846,40.94905109405518,34.61356643676758,22.429082674980165,40.34085486294809,35.95625080378821,44.619135017205096,40.94905109405518,37.27896717090526,0.1792512317181741,-0.8229496896161594,0.03625495992363925,0.0022032613260032363,1.5103683952619293
882,42.48608466102656,42.86680815864475,42.171315066266786,42.38216018676758,198209000,62.95439726850855,1.9248708771176481,2.3527178152065757,-0.4278469380889276,41.1034423828125,34.91957981109619,22.57543589115143,40.535264893788046,36.208247250179554,44.7417541063025,41.1034423828125,37.465130659322504,0.17703197165847923,-0.6535271518328867,0.0026240051575865397,0.043832252943809324,1.4521630164845034
883,42.10437270548026,43.14561514993879,42.05440981011897,42.2862434387207,323618000,62.42286740939429,1.8415542811893673,2.2504851084031343,-0.40893082721376706,41.260830879211426,35.22337505340576,22.72230327129364,40.7020247552102,36.44660004188705,44.816925756463775,41.260830879211426,37.70473600195908,0.17237146230344225,-3.4034658588115447,-0.0022631396706584983,0.010531323906216583,1.426380325294169
884,41.81358093287342,42.14833647102733,41.31594188398918,42.072391510009766,303582000,61.18255073045913,1.7382319592265674,2.148034478567821,-0.40980251934125356,41.4333553314209,35.524431991577146,22.866758089065552,40.83253587471492,36.66721931514677,44.789795339356616,41.4333553314209,38.07691532348518,0.1620163262708472,-2.1883977202826874,-0.005057245839792834,0.023980151412052342,1.3938032702539798
885,42.291234930923494,43.18258864442645,42.14933985780963,42.47210311889648,355881000,62.675354869481666,1.6693583372099141,2.05229925029624,-0.3829409130863257,41.68457317352295,35.849489822387696,23.012292613983153,40.98868513606555,36.8948618172546,44.52218332929492,41.68457317352295,38.84696301775098,0.13614677756011434,-1.21325078543217,0.009500567819911376,0.04117899714601281,1.3735456891227447
886,42.62599220515189,42.77987958473674,41.618721733111734,42.14933776855469,353908000,60.6471534352703,1.570625832329597,1.9559645667029113,-0.38533873437331434,41.867939949035645,36.15380420684814,23.15724203109741,41.099223482016896,37.10091969769774,44.29887537208706,41.867939949035645,39.43700452598423,0.11612395670818805,-0.06869081634987946,-0.007599467100516288,-0.002883815689921021,1.3583751293014774
887,42.45011717550455,42.72691623562603,42.03642048343686,42.37417221069336,298244000,61.57983654184259,1.493307946883668,1.8634332427390627,-0.37012529585539466,42.04955825805664,36.45721981048584,23.30289113998413,41.22064717046227,37.30771391389365,44.017861526179,42.04955825805664,40.08125498993429,0.09361826138781044,4.363551669852905,0.00533423427369728,-0.0001884749630273186,1.3106694595077408
888,43.001715152832105,43.903059808967086,42.74590075117866,43.87008285522461,481277000,67.15716357293745,1.535045404894241,1.7977556751700985,-0.26271027027585747,42.27039775848389,36.78010238647461,23.459515419006348,41.47297437853487,37.565061715514474,44.00068113412547,42.27039775848389,40.540114382842305,0.0818673808336382,4.838096984920362,0.03530241575205917,0.03745519317172574,1.326256469419597
889,44.48564153669653,46.12144883056754,44.459659460176354,45.943580627441406,478204000,73.0065232980483,1.7156595272742976,1.7813364455909384,-0.0656769183166408,42.51796760559082,37.12125415802002,23.62673189640045,41.898746402240256,37.89363108460965,44.78079890235609,42.51796760559082,40.25513630882555,0.10644117883319162,11.819920282179286,0.047264505495910214,0.09201257590766176,1.392335719842692
890,46.54913599395856,48.05304297966955,45.027244350268305,45.43594741821289,772075000,69.73212353562573,1.7971196859267735,1.7844930936581056,0.012626592268667913,42.64147777557373,37.466241645812985,23.79284840106964,42.23562268947575,38.189408195731346,45.2341996895931,42.64147777557373,40.04875586155437,0.12160563138384242,11.38359227195012,-0.011049056305492133,0.0697833185001322,1.509011641954017
891,46.255351170399976,46.46219760945773,45.22909733231496,46.427223205566406,510488000,72.34090200773596,1.9195378823131648,1.8115020513891176,0.10803583092404723,42.831739044189455,37.83920783996582,23.962997441291808,42.634822738627236,38.512459764744484,45.90480059915492,42.831739044189455,39.75867748922399,0.1434945964624499,9.831703418561535,0.02181699389316938,0.10149353853438758,1.4893036873246426
892,46.66704987722195,47.86118084029625,45.70075380485252,47.45947265625,569164000,74.77869922000946,2.0759191845813874,1.8643854780275717,0.21153370655381565,43.0716646194458,38.23761501312256,24.13669476032257,43.09431320697226,38.863323015391764,46.744647174950984,43.0716646194458,39.39868206394061,0.17055215246298722,11.979834079027533,0.02223371072857594,0.12000943452703816,1.5372410693331489
893,47.42948619218216,47.78322886465052,46.70801108864936,47.04276657104492,427502000,72.01915443493783,2.141541438141765,1.9198166700504105,0.22172476809135433,43.234995460510255,38.60534664154053,24.310885305404664,43.47035638450299,39.18408550777032,47.28946993702475,43.234995460510255,39.18052098399576,0.18755521694076488,11.24839367492446,-0.008780251062275535,0.07231998458472177,1.5042394055237212
894,46.47318993380048,47.052770110424305,45.029240736563175,45.486907958984375,537865000,62.7135256088341,2.0444357767139607,1.9447404913831206,0.09969528533084016,43.358655738830564,38.932548904418944,24.477701048851014,43.66240891540598,39.431255015661065,47.527831158352306,43.358655738830564,39.18948031930882,0.19231110136968424,8.11581259449498,-0.03307328045239133,-0.009939858021955517,1.5413315461192505
895,45.754711707343915,45.83265793125683,44.067939106833165,44.27678680419922,963769000,56.588991338547025,1.8485235478436337,1.9254971026752232,-0.07697355483158952,43.42280883789063,39.24713916778565,24.63660352706909,43.720921095291054,39.62127587011354,47.60700759204192,43.42280883789063,39.23861008373934,0.1927189357911904,4.249103653404464,-0.026603724216126667,-0.025511971905069708,1.5572877802838518
896,44.69847610025229,45.07620343021659,44.00798043185595,44.57956314086914,382516000,57.702027223045434,1.6981183635018695,1.8800213548405527,-0.18190299133868315,43.54287147521973,39.561510162353514,24.79374900817871,43.80269652820325,39.81571850818239,47.71512744711036,43.54287147521973,39.37061550332909,0.19163899074800653,5.765749833743559,0.006838263535447142,-0.0397969108881735,1.522354581575051
897,44.90832769720461,46.14942147302996,44.8903392287754,45.645790100097656,348081000,61.45039058451775,1.6459829096853653,1.8332136658095153,-0.18723075612414997,43.795037841796876,39.903340644836426,24.95601588726044,43.97822924933605,40.04434876668888,47.83343121854605,43.795037841796876,39.7566444650477,0.18442241750479943,7.720783011729691,0.02391739362405354,-0.038215396308527994,1.5257477066168916
898,45.98753562136378,46.0195138467564,44.59754824937486,45.418949127197266,364237000,60.22753893642633,1.56828282797742,1.7802274982430963,-0.21194467026567643,43.973707580566405,40.245390243530274,25.117543063163758,44.11544066627522,40.25511740827744,47.96723358651466,43.973707580566405,39.98018157461815,0.18163244473445947,3.5305752147404426,-0.0049695924290705795,-0.034517898546534975,1.518334698814367
899,46.48518000024853,47.360542567448725,45.716738084889066,45.86663055419922,455976000,61.841427358256595,1.5252470051126323,1.7292313996170037,-0.20398439450437134,44.212683296203615,40.58414371490478,25.286572031974792,44.282220655601314,40.4751767473332,48.05585411657352,44.212683296203615,40.36951247583371,0.17384924568466106,-0.16748819354368386,0.00985671037320146,0.00834795355967577,1.5485674660598736
900,46.634066124454165,46.99280624791051,46.3472760576362,46.716007232666016,331194000,64.76293301250968,1.541904291975321,1.6917659780886674,-0.14986168611334638,44.50886783599854,40.93468898773193,25.46187533378601,44.514009853417,40.71991519773841,48.1602518316413,44.50886783599854,40.857483840355776,0.16407444957247555,2.817284302824983,0.0185184014653772,0.05509027652014398,1.5183966251778318
901,46.7200135632976,47.09573967930946,46.472192750297545,46.695030212402344,251055000,64.6313239452491,1.5357099334338784,1.6605547691577096,-0.1248448357238312,44.730057334899904,41.26553073883056,25.63749321937561,44.72172607808227,40.954233433607584,48.34825738968272,44.730057334899904,41.111857280117086,0.16177936136736298,0.5768318420642239,-0.0004490328156513401,0.04745374163601457,1.4544787897374092
902,46.42622359131387,46.86590615971662,45.99353971547932,46.47319030761719,237858000,63.16932817539462,1.4956592050389617,1.62757565633396,-0.1319164512949984,44.93460884094238,41.56196067810058,25.812431359291075,44.88853219518084,41.1706631149413,48.460113722573766,44.93460884094238,41.409103959311,0.15691712791406806,-2.078156990442092,-0.004750824740364701,0.018126539286648535,1.4128993364874014
903,45.79768501941141,45.80667734864654,43.35546141010275,44.236820220947266,530142000,50.71481866927408,1.2688359869320749,1.555827722453583,-0.28699173552150814,45.03213768005371,41.82193634033203,25.97389054298401,44.82646438811097,41.29090457007879,48.361664839197346,45.03213768005371,41.70261052091007,0.14787337802168785,-5.964671201597083,-0.04812172506055323,-0.026027218351957204,1.5346728765607611
904,43.76815517445485,45.08519773730657,43.76815517445485,44.482635498046875,324176000,51.83882137347785,1.0962750149425275,1.463917180951372,-0.3676421660088445,45.152649879455566,42.08858680725098,26.140239205360412,44.793718779533435,41.41607048882263,48.2081415574093,45.152649879455566,42.097158201501834,0.13534052535614213,-2.207827495865523,0.005556802588247756,-0.03017433457460794,1.519127854152973
905,44.95229672936695,45.6088167758493,44.36072805590183,44.647518157958984,362666000,52.61937470789292,0.96173754235177,1.3634812532314518,-0.40174371087968175,45.26142063140869,42.368286781311035,26.304111433029174,44.77979491081206,41.54279392682798,48.0725895185847,45.26142063140869,42.45025174423268,0.12421920690775791,0.837304105646179,0.0037066747072427297,-0.04427795090460229,1.4997679159954367
906,45.07820251586275,45.50689146915822,44.53060059886417,45.38397979736328,322154000,56.04597872365984,0.9041197952618987,1.2716089616375412,-0.36748916637564255,45.42315273284912,42.665713500976565,26.47127146244049,44.83733632857884,41.69342866684897,47.84472941395155,45.42315273284912,43.00157605174669,0.10662301207248406,1.8044516361728917,0.016495018531573535,-0.028076872615254156,1.4623766984453377
907,44.820388704613485,45.20910580762462,44.0239673068551,44.63152694702149,353843000,51.914851301802216,0.7886495974261933,1.1750170887952718,-0.38636749136907844,45.53602046966553,42.79937484741211,26.634249758720397,44.81773543509719,41.8086482072479,47.55571226557481,45.53602046966553,43.51632867375625,0.08870743534801105,-2.222030007262367,-0.01657970177365331,-0.03962851158711689,1.4550649693069695
908,44.2418106099287,44.279784996235016,42.10336702177276,42.52306365966797,586449000,42.468528512888604,0.5209975323537606,1.0442131775069696,-0.5232156451532091,45.4686695098877,42.87156295776367,26.785971627235412,44.59919526600869,41.83666449949967,47.7755120411567,45.4686695098877,43.16182697861869,0.10146954182450205,-6.375941150508072,-0.04724156737582186,-0.038740500621873064,1.5317146090170952
909,42.12935047424643,43.54232399177734,41.80458597956359,42.35718536376953,492705000,41.82376200973919,0.2921288705033618,0.8937963161062481,-0.6016674456028863,45.289349746704104,42.917152862548825,26.935505809783937,44.38567051341449,41.85707708241221,47.950939264002436,45.289349746704104,42.62776022940577,0.11753710451504226,-7.651412689411928,-0.0039009018076882063,-0.04778156938049827,1.5464305663882847
910,41.72064293519623,41.98745090774671,40.6094519413775,40.825294494628906,533085000,36.33709719153409,-0.012715408205501433,0.7124939712438982,-0.7252093794493997,45.058817100524905,42.97760711669922,27.07671637535095,44.04658708305396,41.8166150201462,48.35316638953972,45.058817100524905,41.76446781151009,0.14622440183750146,-12.60962373924381,-0.03616602132517843,-0.08560887191550914,1.5608093418171236
911,40.456568112182865,43.768158123210526,40.28169609363209,43.72119140625,690286000,49.75581682606853,-0.020396893922665527,0.5659157982105855,-0.586312692133251,44.923515510559085,43.05729148864746,27.229100580215455,44.01559701859644,41.89130429018949,48.20419419079847,44.923515510559085,41.6428368303197,0.14605618651854052,-6.3686409295062045,0.07093388908687692,-0.03663822341137846,1.6983559623715028
912,44.52760635786077,45.23509182651046,43.67822201869262,43.90805435180664,676512000,50.481121075583,-0.011276262928198832,0.4504773859828286,-0.46175364891102744,44.745944595336915,43.149565887451175,27.384241814613343,44.00535485985455,41.97039252789997,47.83734289178411,44.745944595336915,41.65454629888972,0.13817557431872196,-5.519603751821851,0.00427396737248853,-0.016209900146899048,1.6882498084748125
913,44.48764029442864,44.642526410074055,43.37444779920779,43.45439147949219,527451000,48.64513828881734,-0.040191595833078964,0.3523435896196471,-0.3925351854527261,44.566525840759276,43.235884246826174,27.535716500282287,43.95288215696289,42.02858856521731,47.51720757925471,44.566525840759276,41.61584410226384,0.13241695119060967,-1.7687273577692144,-0.010332110566310893,0.021901710264294882,1.6582375800742017
914,43.9380406138859,44.029972796212384,42.9697431850926,43.312496185302734,452395000,48.05641606408012,-0.0737073177784282,0.26713340814003206,-0.34084072591846026,44.4578052520752,43.32969612121582,27.683195819854735,43.89189301680478,42.07893788365204,47.42501597646238,44.4578052520752,41.49059452768801,0.13348435477474152,-2.63055302286556,-0.003265384449266051,0.02255368984810624,1.6155227251488864
915,42.60400217656772,43.546317397362685,41.62971253779868,43.267520904541016,583768000,47.85870883915623,-0.1027138765396316,0.19316395120409935,-0.29587782774373095,44.407341957092285,43.44609161376953,27.83213315010071,43.832429006112996,42.12554898251043,47.41914459608756,44.407341957092285,41.39553931809701,0.13564435547191148,-3.0908711398820876,-0.0010383904120718768,0.05982140337612063,1.6370285918928233
916,44.46164840109401,47.03077820241426,44.189846809598315,46.9328498840332,692573000,61.69103780623881,0.16812163135953284,0.18815548723518605,-0.020033855875653206,44.52500629425049,43.61510856628418,27.999167408943176,44.12770718496254,42.31407058649172,47.73207373692821,44.52500629425049,41.31793885157277,0.14405691136721288,3.4128123923585654,0.0847131729035,0.07345770722350653,1.788902070891425
917,48.100005574504046,48.15196972371808,45.30004440741636,45.63479995727539,755293000,56.02287827280199,0.27485063477153915,0.2054945167424567,0.06935611802908245,44.52445678710937,43.75296844482422,28.16132938861847,44.27123982994472,42.44429526769892,47.73075956461795,44.52445678710937,41.318154009600796,0.14402434117677357,2.247902052387327,-0.027657598674812545,0.03932639764981305,1.8648323027064464
918,45.83265768146613,47.165687530536545,45.17513508582413,47.081748962402344,779046000,60.39159472288771,0.47076415483641654,0.2585484443612487,0.21221571047516785,44.60759677886963,43.90553756713867,28.32971739768982,44.53890736636925,42.626156196902976,47.98408220202895,44.60759677886963,41.231111355710304,0.15138611657997886,10.720500618722284,0.0317071403069944,0.08347504957288487,1.8738123128497297
919,50.17949363700367,50.22945652567971,47.12471680402284,47.12871170043945,1156044000,60.52864941560236,0.6226391350744009,0.3313665825038791,0.2912725525705218,44.67070083618164,44.02826812744141,28.494669823646547,44.78555539818546,42.80272700096323,48.18337733775116,44.67070083618164,41.158024334612115,0.15726981828430966,11.264974987576192,0.0009974722492702703,0.08810887968243386,1.964804830737418
920,46.97782740620056,47.77025023235798,44.99126973402356,45.98455047607422,925341000,55.490790890617724,0.6432617810656325,0.39374562221622983,0.24951615884940265,44.63412799835205,44.0886442565918,28.653177356719972,44.89974540560343,42.92750439214405,48.07536766436781,44.63412799835205,41.19288833233629,0.15419768774883721,12.637400526587944,-0.024277371120131175,0.06279605382355169,2.022960235565775
921,46.44820888033288,46.945847962697144,44.85536966380344,46.80095291137695,685192000,58.16633808234684,0.7172146263984018,0.4584394230526642,0.2587752033457376,44.63942413330078,44.1722233581543,28.814263792037963,45.08081278710567,43.07940433407475,48.093636155795096,44.63942413330078,41.18521211080646,0.1547605996071752,7.044093278498117,0.017753841819710958,-0.0028103337637104264,2.027782954374913
922,46.632071231077255,49.04531628812588,46.35726964870884,48.748531341552734,701397000,63.76256744817034,0.9223438856743016,0.5512203155769917,0.3711235700973099,44.75319118499756,44.29397476196289,28.989212937355042,45.43011931610063,43.30172304025036,48.572120571815994,44.75319118499756,40.93426179817913,0.170666237901651,11.024120884433877,0.04161407640275505,0.06823151163569263,2.0749446461636367
923,49.00834626983168,49.890703795125454,48.3897967692124,49.22818756103515,735206000,65.00423387035839,1.1108098255708327,0.66313821757576,0.4476716079950728,45.002759552001955,44.403015518188475,29.156702752113343,45.79184010133249,43.53413341361447,49.27907512745655,45.002759552001955,40.72644397654736,0.19004681570752094,13.287025511029974,0.00983939836303449,0.04558961053776622,2.0339419590028807
924,49.34410184954682,49.70783563609758,48.922407758819745,49.31911849975586,528570000,65.2473433002311,1.2530632741561334,0.7811232288918347,0.47194004526429867,45.244583702087404,44.52912384033203,29.32176582813263,46.12777137737281,43.76099557385531,49.90559693200726,45.244583702087404,40.583570472167544,0.206036296437614,13.86810468912978,0.0018471315566508384,0.046477120215785206,1.9447623817368058
925,49.72581929402613,49.76378986515655,48.10699444468978,48.47372817993164,463830000,61.00430399077072,1.2827969388548723,0.8814579708844423,0.40133896797043,45.43589420318604,44.638723907470705,29.48276177883148,46.351195834759366,43.94580861723085,50.29313857187152,45.43589420318604,40.57864983450055,0.2138064829081712,12.03259897158615,-0.017141229315126627,0.05413073908708843,1.92419331307466
926,48.18794605289678,48.81549172198567,47.825210956107306,48.51271057128906,382653000,61.129827934441174,1.2945834829994354,0.964083073307441,0.33050040969199435,45.59233074188232,44.765411911010744,29.642099957466126,46.557054381095526,44.124902811507646,50.63095695009313,45.59233074188232,40.553704533671514,0.22102955151543469,3.366215116191647,0.0008041962692186821,0.03657527365208835,1.8574852739892105
927,48.40977397493204,48.51770224742843,46.54997362392489,47.030662536621094,468670000,54.011548774279454,1.1708388127346296,1.0054342211928788,0.1654045915417508,45.712287521362306,44.89397590637207,29.797803153991698,46.60215991971701,44.2388541732768,50.76791077020151,45.712287521362306,40.6566642725231,0.22119318559486248,3.0587678277379315,-0.030549685169417806,-0.03523939609371052,1.8653597989545199
928,45.49564752048596,46.3141196825447,45.12288692873714,46.211185455322266,433330000,50.5092591571862,0.9951735766943841,1.00338209229318,-0.008208515598795874,45.89669361114502,44.981288528442384,29.95057249546051,46.56492425644132,44.3162004980629,50.73806263985059,45.89669361114502,41.05532458243945,0.21096809585995754,-1.8490466608945992,-0.01742431505532649,-0.061286069123960285,1.8683894995923367
929,45.9123896906911,46.57595936498053,45.2418207464707,45.542625427246094,473069000,47.78679833415586,0.7928706849451572,0.9612798108235755,-0.16840912587841828,46.05596561431885,45.0703987121582,30.101337356567385,46.467562463184635,44.36429559332498,50.6228937851194,46.05596561431885,41.4890374435183,0.19832080860250983,-3.3654352431165013,-0.01446749356219279,-0.07657259876874034,1.8302287223721572
930,46.1182482612765,46.133237981165,44.28343335195331,45.14887619018555,473966000,46.20713800568209,0.593925509422327,0.8878089505433259,-0.29388344112099885,46.27214469909668,45.15752990722656,30.250592885017394,46.34197329432758,44.39506345986854,50.19164434862765,46.27214469909668,42.35264504956571,0.16941076213428619,-1.817293584991058,-0.008645729871009644,-0.06859080402077677,1.8316270014321236
931,44.70914960399926,45.6435480404055,44.50228235627625,44.841064453125,349256000,44.956032633806075,0.40673361784351414,0.7915938840033636,-0.3848602661598495,46.32813835144043,45.208926391601565,30.394708895683287,46.19902959516543,44.41255369489821,50.13051417977293,46.32813835144043,42.52576252310793,0.1641497355014818,-4.187710583507199,-0.006817705401213514,-0.07568420883777682,1.7823154787676327
932,44.57124918587875,45.900393693899545,44.47431159036819,45.45568084716797,398355000,47.98448910192817,0.30446739099922837,0.6941685854025366,-0.3897011944033082,46.4055196762085,45.27039680480957,30.53949601650238,46.12823447630853,44.45346064204604,50.06816702047895,46.4055196762085,42.742872331938045,0.1578539522809501,-6.754768613055578,0.013706552276105288,-0.03348840106657536,1.7568702376793275
933,45.92037826774396,45.9573531646138,45.10190600685458,45.55161666870117,370097000,48.46114798333537,0.22852756495009885,0.6010403813120491,-0.3725128163619502,46.51038093566895,45.33570426940918,30.686006245613097,46.073318494631636,44.49652558426781,49.94185300696781,46.51038093566895,43.078908864370085,0.1475572550586124,-7.468426270570315,0.0021105353554324857,-0.014272925053151364,1.6924828748278915
934,45.31176938864075,45.56960248299807,43.77975673017383,43.871700286865234,506831000,41.320579702853514,0.0324158238825305,0.4873154698261454,-0.45489964594361487,46.53834114074707,45.37169044494629,30.826329102516173,45.86364057008245,44.472022631428494,49.87287367496853,46.53834114074707,43.20380860652561,0.14330259534334278,-11.045246506012859,-0.03687940197719086,-0.036689258133573044,1.699437366113345
935,42.7204393860463,44.21347561321812,41.97292056005233,43.937652587890625,500271000,41.683870786254666,-0.11634123497901783,0.36658412886511277,-0.4829253638441306,46.57184772491455,45.40100143432617,30.967920546531676,45.68021314320704,44.45106694344662,49.785518467745526,46.57184772491455,43.35817698208357,0.13800915788495802,-9.357802179364807,0.001503299407001446,-0.026827325605907726,1.7380886294742341
936,43.80474129556245,43.93765497175379,42.97427575565499,43.491943359375,373064000,39.88664441368442,-0.2671181143107688,0.23984368022993646,-0.5069617945407052,46.39980239868164,45.42785354614258,31.100849890708922,45.4718064971278,44.41345425387519,49.875486350741966,46.39980239868164,42.92411844662132,0.149814601458694,-10.349385043196222,-0.010144129289202497,-0.030086732110481407,1.6827522428045598
937,43.571891798323115,43.87469787271608,42.1957805773011,42.211769104003906,367108000,35.193162173873475,-0.48432622972210737,0.0950096982395277,-0.579335927961635,46.228650856018064,45.42460548400879,31.22631941318512,45.161326745401716,44.32711365976259,50.14707992399664,46.228650856018064,42.310221788039485,0.16952383404753749,-10.246280134507755,-0.02943474483981967,-0.0713642757672206,1.682478317991018
938,41.55619953736175,42.072864617979214,40.95358753623693,40.99056243896485,450736000,31.39765629504653,-0.7464023363896928,-0.07327270868631638,-0.6731296277033764,45.924091529846194,45.3670150756836,31.34697660923004,44.76411109716963,44.196268513848956,50.432419335729044,45.924091529846194,41.415763723963344,0.19633824668922956,-11.29731463263326,-0.028930478180864028,-0.10012936012587792,1.6521714072607294
939,41.54519433277662,42.087847304445255,41.20441459488325,41.58317184448242,479236000,35.05783426574388,-0.895952925089226,-0.23780875196689832,-0.6581441731223276,45.64681453704834,45.27980690002441,31.4719255399704,44.46116450167561,44.09379413465811,50.494080186281124,45.64681453704834,40.79954888781556,0.2123813325593002,-8.693951096624549,0.014457215765213416,-0.052164115532763566,1.6125366542764203
940,41.56418850458507,42.508579017607495,41.15045392041829,42.19478225708008,419091000,38.6933169728623,-0.9541224653720803,-0.3810714946479347,-0.5730509707241456,45.457326126098636,45.21498359680176,31.603044395446776,44.245318573618896,44.019323080635445,50.5281103950438,45.457326126098636,40.386541857153475,0.2231008596888785,-6.543006564906767,0.01470812315340031,-0.03966689679937263,1.5943644001987618
941,41.97392575085955,42.79239807025896,41.62814811031587,41.88398361206055,402282000,37.54316526097344,-1.0136167553345956,-0.5075805467852669,-0.5060362085493287,45.21147766113281,45.12411880493164,31.731944904327392,44.02042952966096,43.935584277946234,50.4711141493495,45.21147766113281,39.95184117291612,0.23266819667512312,-6.594582169555014,-0.007365807533403768,-0.03697143937735414,1.5636419401804997
942,42.302708909565496,42.84435926371942,41.60216067664093,42.440616607666016,444935000,40.9297540129597,-1.0042741309511172,-0.606919263618437,-0.3973548673326802,44.89608192443848,45.02374168395996,31.858388833999634,43.86997115613763,43.87695809479799,50.024362586918826,44.89608192443848,39.76780126195813,0.2284511450737019,-6.632975644208838,0.013289877122509175,0.0054214146556677,1.5406817006732134
943,42.432618445848725,43.41798267758721,42.08784351392444,43.06121444702149,424663000,44.54040242461699,-0.9360033112040682,-0.6727360731355633,-0.26326723806850494,44.58773326873779,44.94411064147949,31.988774938583376,43.79294670765038,43.844968147826364,49.366735974521724,44.58773326873779,39.80873056295386,0.21436401249554785,-5.467209297515127,0.014622733809276811,0.05051533535651909,1.5256429480296103
944,43.79873869157932,44.11553562231517,43.279073545812075,43.470951080322266,397830000,46.85031903704311,-0.839162529415816,-0.7060213643916139,-0.13314116502420215,44.295324897766115,44.90379150390625,32.11854237556457,43.76228045742865,43.83030081184581,48.56956114423707,44.295324897766115,40.02108865129516,0.19298814293995675,-0.9134572034422592,0.009515213134661415,0.04539767295529984,1.491977107119901
945,44.00161394425031,45.14587625415973,43.83272417445268,44.75313186645508,433298000,53.39226218766906,-0.6514447883299184,-0.6951060491792748,0.0436612608493564,44.10929508209229,44.913318405151365,32.25203839302063,43.85664725828831,43.866490264967744,47.940844868771464,44.10929508209229,40.27774529541311,0.17372981270946347,1.855991912479189,0.029495116952092948,0.06063189504777511,1.5050448261711558
946,44.77910920077743,45.10090400420974,43.2181160083425,43.48894119262695,470850000,47.220807882176565,-0.5977957311083912,-0.6756439855650981,0.07784825445670684,43.85810661315918,44.89150596618652,32.38120149612427,43.82162763298723,43.8516844189936,47.118067560108805,43.85810661315918,40.598145666209554,0.1486594474177099,-0.006902811224690278,-0.028248093956876885,0.038319124451769104,1.5320264811494475
947,43.713800550252934,44.11454300550294,43.26408989829739,44.01260757446289,361821000,49.80880351923107,-0.5071765506190502,-0.6419504985758886,0.1347739479568384,43.70720386505127,44.858842315673826,32.51658929824829,43.83981619884206,43.85799513097279,46.627479658533915,43.70720386505127,40.786928071568624,0.13362903756091007,4.26619994538009,0.012041368850909562,0.03703977680929649,1.4833426687248832
948,44.021601937102886,44.87105626291606,43.859707622537925,44.6591911315918,393483000,52.88101676568373,-0.3788195123379836,-0.5893243013283076,0.210504788990324,43.62960414886474,44.843647155761715,32.65711314201355,43.91785190672299,43.889414581977455,46.355625982313555,43.62960414886474,40.90358231541593,0.12496202459905856,8.949934995621375,0.014690871383500337,0.037109419812957345,1.4496288095572587
949,44.16450577901021,45.759477372005065,43.99761364120761,45.73249435424805,434436000,57.528365319255265,-0.18831821942909244,-0.5091230849484646,0.32080486551937215,43.63909759521484,44.84096443176269,32.80458688735962,44.09067499696347,43.96169222010572,46.39288297087807,43.63909759521484,40.885312219551615,0.12620725575980693,9.978369435799038,0.024033198888302243,0.05202424188389787,1.4719313039315587
950,44.81309065878453,45.575599261777526,44.339397209393,45.24381256103515,409675000,54.874561543354076,-0.07590215613080176,-0.42247889918493203,0.3465767430541303,43.64384441375732,44.81152053833008,32.950461378097536,44.200497622113154,44.01197144916178,46.408329810573655,43.64384441375732,40.87935901694099,0.12668386270504245,7.226083749830131,-0.010685657979368601,0.010964164386177089,1.4663002925689508
951,45.28079400115597,46.229179763507624,45.05893698303584,45.76847839355469,368582000,57.15954048474991,0.0548917736187704,-0.3270047646241916,0.381896538242962,43.69021511077881,44.79298950195312,33.096881265640256,44.34982912415521,44.08085407443209,46.56248342835134,43.69021511077881,40.817946793206275,0.13148336808549688,9.274415770651757,0.011596410709458826,0.05241647964780083,1.445153327419153
952,46.166210607070106,46.8287850980389,46.02030484365629,46.77581787109375,378137000,61.21975577005128,0.23709766808529764,-0.21418427808229376,0.45128194616759143,43.7562219619751,44.79904205322266,33.25414205551147,44.58087567148269,44.18653892920314,46.84058781189164,43.7562219619751,40.67185611205856,0.1409795321267409,10.214746179358455,0.022009459630209616,0.06278224465469151,1.4176642829238002
953,46.746842929581085,47.57830726462998,46.30013251687724,46.91473388671875,481325000,61.75802114755939,0.3882312257589575,-0.09370117731404351,0.481932403073001,43.824377822875974,44.85260032653809,33.412761759758,44.80314788245755,44.29352696675277,47.117595534445066,43.824377822875974,40.53116011130688,0.15029158998579364,8.948933487322495,0.0029698254770835764,0.05050567862908273,1.4077007446972958
954,46.92972043199577,47.085621890391806,45.25080334969889,45.43168640136719,474115000,53.259043444934406,0.38391063848651896,0.0018211858460689915,0.38208945264044997,43.902377128601074,44.87158134460449,33.569385805130004,44.86300869378228,44.338160670070984,47.26945117281167,43.902377128601074,40.53530308439048,0.15338914493616562,4.51044955842357,-0.03161155062570664,-0.006577554037415334,1.438209158696983
955,45.03395227290401,46.195202001343034,44.88304863104429,46.06528854370117,375099000,56.042307845494655,0.4266942736189563,0.08679580340064647,0.3398984702183098,44.0087589263916,44.899936752319334,33.72960243225098,44.977511536631695,44.405891174919226,47.50551564625367,44.0087589263916,40.51200220652953,0.15891185323861068,2.931988494484845,0.013946260694274404,0.01815664808437245,1.4292051738113947
956,43.97163208495719,44.72514757843825,42.45261161000831,43.909671783447266,812333000,46.0052986675091,0.28339357071250504,0.1261153568630182,0.15727821384948684,44.02964534759521,44.87045059204102,33.87620881557464,44.87581251251889,44.386431590939935,47.518786584899175,44.02964534759521,40.54050411029125,0.15849054471180424,0.9674427090711569,-0.0467948172778494,-0.04061324901658048,1.5851674423743565
957,42.56354235108208,43.19113966201485,41.79803732924531,42.16879653930664,627294000,39.805072763190765,0.029018145020025088,0.10669591449441958,-0.07767776947439449,44.02749671936035,44.82119598388672,34.014055876731874,44.61800146745106,44.29946551048373,47.521163125516054,44.02749671936035,40.533830313204646,0.15870384039433352,-4.189279246944848,-0.039646737801326215,-0.09849151851247762,1.6227722289334707
958,42.783401532452814,43.26908828015481,41.85499958396407,42.07386016845703,501233000,39.49249085024496,-0.17818280378140372,0.049720170839254924,-0.22790297462065864,44.08166160583496,44.8122119140625,34.15292175769806,44.37570229611829,44.212186869619934,47.41523548497886,44.08166160583496,40.74808772669106,0.15124538221593004,-5.7890232617892385,-0.002251341718066735,-0.1031845076634259,1.6078662623089899
959,41.86299127969732,42.44261916103959,41.05151453316081,41.36031723022461,477266000,37.13228814237486,-0.39540996040754806,-0.03930585541010568,-0.3561041049974424,44.07051887512207,44.7922745513916,34.28605209350586,44.08852276603318,44.10034884454561,47.438733682781475,44.07051887512207,40.70230406746266,0.15285569099849072,-9.560329445746293,-0.01695929338015356,-0.08961518916938238,1.5923832884211175
960,41.20242325687503,43.22012278548461,40.91860593108143,42.947296142578125,478530000,45.00451405710571,-0.43449947232965513,-0.11834457879401558,-0.3161548935356395,44.10814456939697,44.834714584350586,34.429534902572634,43.97983451618032,44.05513109152727,47.40781978195735,44.10814456939697,40.80846935683659,0.149617502380717,-5.075868474521152,0.03836960203955608,-0.0676863751361304,1.643035685991265
961,43.049228794577566,43.66882802570082,42.66347986731124,43.63484954833984,401463000,48.040203243558466,-0.40532603223829256,-0.175740869482871,-0.22958516275542157,44.19568786621094,44.832987747192384,34.57348845481872,43.94697880495742,44.038649462382665,47.34411992609102,44.19568786621094,41.04725580633086,0.14247688912144568,-4.661786714577161,0.016009236145603678,-0.006258808684856287,1.597486576876859
962,43.37002340053755,43.62186366950043,41.52821293771827,41.75206756591797,398379000,41.31485507184851,-0.5280436828187405,-0.2462014321500449,-0.2818422506686956,44.16126041412353,44.78986801147461,34.704186940193175,43.73793963933461,43.94897958408993,47.39948283510367,44.16126041412353,40.923037993143396,0.14665443832959518,-10.74005871799054,-0.043148584260295664,-0.009882401386537731,1.6338544364300522
963,41.82601906009142,42.22875913409801,39.85429143072344,40.30000305175781,541001000,37.011411199318815,-0.7340066046843532,-0.3437624666569066,-0.3902441380274466,44.02319984436035,44.72678024291992,34.826221504211425,43.41051710718444,43.805882465174946,47.64944901144503,44.02319984436035,40.39695067727567,0.16474264387436277,-14.099474273760132,-0.03477826605515144,-0.04216055074568814,1.6867553840689464
964,41.10348715819275,41.17943837928563,39.98920425077625,40.47389221191406,416784000,37.84633707121657,-0.8731373186727609,-0.44963743706007747,-0.4234998816126834,43.87334690093994,44.670008163452145,34.94866599082947,43.13083854573012,43.675216180733344,47.81268448455057,43.87334690093994,39.93400931732931,0.1795777100162939,-10.912635171966517,0.004314867170926107,-0.021431775133068376,1.651289580100406
965,41.06051827775502,41.73907765520457,40.454906082459445,41.13446807861328,388028000,41.04341509864572,-0.9194970702526604,-0.5436093636985941,-0.3758877065540662,43.69241371154785,44.62734710693359,35.07186590194702,42.940708025052324,43.575579000258045,47.78300296556999,43.69241371154785,39.60182445752571,0.1872448284055776,-10.70398258856042,0.016321036366864883,-0.042210528410136616,1.6250668652893143
966,40.42392261933526,40.8526468966784,39.204707934267006,40.75370788574219,517969000,39.77344573837753,-0.9757142463320108,-0.6300303402252775,-0.3456839061067333,43.55565204620361,44.50376426696777,35.19122395515442,42.73242229749898,43.46491738792409,47.84249512772924,43.55565204620361,39.26880896467799,0.19684439929762335,-7.187400336922558,-0.009256475424537225,-0.06602845414662983,1.64683067093624
967,40.857648711306,42.353685526231295,40.84265898891911,42.29772186279297,437593000,46.94277690791118,-0.885470585588628,-0.6811183892979477,-0.20435219629068035,43.46990776062012,44.43702270507813,35.31429106712341,42.69102225609841,43.419145014389535,47.78526768464603,43.46990776062012,39.154547836594205,0.19854470121214501,0.3057363123136641,0.03788646621749381,0.013068916791091123,1.643484025904302
968,43.30006060911841,43.85570184848127,42.866342349318806,43.47794723510742,409172000,51.67793529808807,-0.7105269973504775,-0.6870001109084537,-0.02352688644202383,43.410845565795896,44.36494667053223,35.44488267898559,42.765967492194505,43.42145098382945,47.691676307812585,43.410845565795896,39.130014823779206,0.19722402022915791,3.3371957339513174,0.027902811790736948,0.07885716979396085,1.6373765944603016
969,43.99162089726106,45.27978753454021,43.694811487819166,44.97598648071289,424610000,56.931916004159746,-0.4458640525304034,-0.6387728992328436,0.19290884670244024,43.37302017211914,44.321892166137694,35.586021432876585,42.97644549110102,43.48241316017782,47.583924041538765,43.37302017211914,39.162116302699516,0.1941715772943319,8.741879880568426,0.034455151194346945,0.11123452731520533,1.6491240019583364
970,45.25580503371784,45.90538750972343,44.87005229839821,45.72150421142578,400733000,59.30340201003553,-0.17395447277085196,-0.5458092139404453,0.3718547411695934,43.39690475463867,44.31663124084473,35.725523147583004,43.23787965494147,43.570220652383625,47.65513585786158,43.39690475463867,39.13867365141576,0.19624584413558904,6.459563972636905,0.016575906145662733,0.11151319919941782,1.6052819454845426
971,45.68952896873558,46.18820402459903,45.128889794516326,45.92537689208984,343165000,59.952817615434206,0.057325833165201345,-0.42518220451931604,0.4825080376845174,43.40474967956543,44.29911972045898,35.85928099632263,43.49383177276513,43.6625797206074,47.68096856101662,43.40474967956543,39.128530798114234,0.19703921405008812,5.249307302440664,0.00445901079109956,0.12690057603708182,1.5662842515272684
972,46.070274797797154,46.83678236721753,45.938359937306,46.54397201538086,346719000,61.93751325262175,0.2872216857347283,-0.2827014264685072,0.5699231122032355,43.393157386779784,44.255028533935544,35.995772190093994,43.78432131968091,43.775575496873024,47.63386883905065,43.393157386779784,39.15244593450892,0.19545530713387757,11.477047075327357,0.013469570968236644,0.10038957101193402,1.519507196070156
973,47.43639611181253,48.198904678121394,46.719859321767146,46.91973114013672,540496000,63.1327406256452,0.4940414242157587,-0.12735285633165405,0.6213942805474127,43.39340724945068,44.20885940551758,36.13385246276855,44.08293177877194,43.898875718177486,47.634949144833136,43.39340724945068,39.15186535406823,0.19549245676881702,16.426123044896805,0.008073207087518908,0.0791616008552063,1.529180443689469
974,47.46937607383316,48.44074953358826,47.252516922257165,48.303836822509766,421245000,67.21644100439215,0.7608625680672318,0.050290228548123136,0.7105723395191087,43.53701477050781,44.18855377197266,36.27646067619324,44.4849227353184,44.0716192908964,48.21672977337231,43.53701477050781,38.85729976764331,0.21497638400483812,19.34566749745617,0.029499437629748826,0.07399171429455942,1.5285974401010454
975,48.28884773723465,49.08433598855006,48.06798954522677,48.588653564453125,384136000,68.00189053009566,0.983960098156409,0.2370242024697803,0.7469358956866287,43.66318302154541,44.19085227966308,36.41768079757691,44.87575424285504,44.24875788985941,48.72889482189595,43.66318302154541,38.597471221194866,0.2320358457536588,18.121506935725858,0.005896358564432491,0.06270899005791786,1.4920080831883484
976,49.64797189172138,49.80187193784395,49.00838510603704,49.623985290527344,416954000,70.74568056075299,1.2301289548856857,0.4356451529529614,0.7944838019327243,43.94889869689941,44.21307777404785,36.57008653640747,45.32796672358573,44.45955112125816,49.643543870364574,43.94889869689941,38.25425352343425,0.2591484811821652,21.765571441141066,0.021308096646490693,0.08053517790671738,1.472094532488525
977,49.90280546942848,49.92778706317978,48.168923511551455,48.85647964477539,475497000,66.21298587735643,1.3477522075921016,0.6180665638807895,0.7296856437113121,44.28328285217285,44.249594116210936,36.716781606674196,45.66401557322284,44.63197969080785,50.297004662514276,44.28328285217285,38.26956104183143,0.27160234847161274,15.506172656905687,-0.015466424980954963,0.04968436360846784,1.4925780338556536
978,48.647622492403215,49.49307783387502,48.29884843286255,49.44810485839844,339756000,67.91926704968952,1.471743351880825,0.7888019214807966,0.6829414304000283,44.65199508666992,44.314332504272464,36.85941185951233,46.02440502895385,44.82084734443886,50.97495505149966,44.65199508666992,38.32903512184018,0.28321063605587254,13.731461586738055,0.012109452378161967,0.05388721667458274,1.471267417223998
979,49.49207615888525,49.68495254819164,48.975411113822275,49.2662239074707,325205000,66.80235801694869,1.5376063850600303,0.9385628141966434,0.5990435708633869,45.04729042053223,44.38880447387695,36.99730653762818,46.333149684050696,44.99517583710678,51.4851458097877,45.04729042053223,38.60943503127675,0.28582653159183785,9.538951254793712,-0.0036782188407133987,0.019923615767774017,1.416858418448667
980,49.28021007685078,50.515413319946866,49.14929401076898,50.376502990722656,414120000,70.04112658570209,1.6602551682939222,1.0829012850160993,0.5773538832778229,45.41875076293945,44.493357009887696,37.143794555664066,46.71823095135279,45.20620827450348,52.17834816213475,45.41875076293945,38.65915336374415,0.297656685208126,10.181202170801706,0.022536313831098997,0.03679561574798407,1.4132341963578967
981,50.09368225266799,50.48442900851123,49.1902657498463,49.91180038452149,565747000,67.09084431368302,1.700356939640109,1.2063924159409014,0.4939645236992076,45.732598304748535,44.594771728515624,37.288014011383055,47.022380421178376,45.39074129842576,52.711079095932185,45.732598304748535,38.754117513564886,0.30518628067800185,8.680219439022775,-0.009224590406498479,0.005799918976864049,1.4047291293798276
982,49.81985852243295,50.30254499811157,47.65924993569592,48.68458938598633,899420000,59.913497480510145,1.6145012456305778,1.2880141818788369,0.32648706375174097,46.07922439575195,44.65934989929199,37.42068284034729,47.18068603687437,45.51991181166343,52.91973028649194,46.07922439575195,39.23871850501196,0.29690195442484996,4.599129120089027,-0.024587592294421423,-0.003518269429947485,1.4931981245966723
983,48.43875395222816,48.88946341849403,47.71421905232239,47.74520111083984,294645000,55.05802101995883,1.4538995574845828,1.3211912569999862,0.1327083004845966,46.451484298706056,44.70322158813477,37.54849486351013,47.234449377252034,45.607178058689954,52.78500045597024,46.451484298706056,40.11796814144187,0.272693811742873,1.7593237442850203,-0.01929539279254744,-0.03443820046157686,1.4704871418520271
984,47.76917918519112,48.49870804491457,47.621275800712816,48.21089553833008,395662000,56.921844873532315,1.3486527811302764,1.3266835618260444,0.021969219304232013,46.838334465026854,44.79000549316406,37.67797604560852,47.327444249735656,45.70928462651898,52.58181762948414,46.838334465026854,41.094851300569566,0.24524711350467937,-0.1924097344920984,0.009753743133454229,-0.021420930719648568,1.4281260777341507
985,48.20489827723531,48.29184398043461,47.442389759187826,47.790164947509766,401491000,54.71414504889817,1.2172626638512938,1.3047993822310944,-0.0875367183798006,47.17111930847168,44.86705574035645,37.81070820808411,47.371512887618906,45.79088777636176,52.29156789770319,47.17111930847168,42.05067071924017,0.2171010001160563,-1.6433643625958057,-0.008726877734221095,-0.05134016634082739,1.3867923736993384
986,48.34781882043628,48.730571377443304,47.8291523366515,48.10897064208984,382005000,56.10345162624612,1.1258815428858142,1.2690158143620385,-0.14313427147622426,47.538882446289065,44.959396286010744,37.942422008514406,47.44174695947328,45.881792986782465,51.736176098619325,47.538882446289065,43.341588793958806,0.17658360635938358,-3.052988669829197,0.006670947776184377,-0.03612031079910205,1.3549076634303527
987,47.99304239147562,48.078989304931206,46.39207765014372,46.73985290527344,526247000,49.13233519286411,0.9322387193305133,1.2016603953557334,-0.26942167602522016,47.76098899841308,45.04995796203613,38.06138113021851,47.37489990669234,45.91544239535074,51.23283080226745,47.76098899841308,44.289147194558716,0.14538399964748316,-4.332335761584698,-0.0284586786735066,-0.03994562766657894,1.380763758324336
988,46.495008690555146,47.169572782203616,46.15722533542331,46.7348518371582,369317000,49.10833169171951,0.7695015077571341,1.1152286178360136,-0.34572711007887946,47.923834228515624,45.16484375,38.181349210739135,47.31394294768909,45.94757609895103,50.837476859419375,47.923834228515624,45.01019159761187,0.12159472119908457,-5.487071807928764,-0.00010699794296253895,-0.021161273807101977,1.3544483074997622
989,46.047291437827624,46.047291437827624,44.980978046044385,45.480655670166016,437543000,43.38400733658457,0.533181758784238,0.9988192460256585,-0.4656374872414205,47.94906768798828,45.24279342651367,38.29885250091553,47.13934415935356,45.929265493900644,50.76733479659645,47.94906768798828,45.130800579380114,0.11755252998648698,-7.683901742529624,-0.026836421165135627,-0.05663117927343597,1.3829786991864805
990,45.44067987557897,46.57404722962781,45.24578877485179,46.540069580078125,371718000,48.81180618126552,0.42646646384080356,0.8843486895886876,-0.45788222574788406,47.9899959564209,45.32969917297363,38.42471979141235,47.08227038989876,45.95321859531937,50.69934575444088,47.9899959564209,45.28064615840092,0.11291310799360368,-7.615521488958948,0.023293725525752595,-0.026158004869928364,1.379070110300019
991,47.188709647488736,47.36061475805966,45.38671220041947,45.4776611328125,380590000,44.23214693424659,0.2532470664383979,0.7581283649586297,-0.5048812985202318,47.96761016845703,45.401572723388675,38.5489363861084,46.92945046065245,45.9345692830642,50.75120617201844,47.96761016845703,45.184014164895615,0.11606148372978047,-8.883949722406918,-0.022827822494713157,-0.054694778835597035,1.4215581422528885
992,45.67455588233509,46.6030394870367,45.578608662273986,46.5700569152832,350823000,49.48069126174787,0.20179054039213895,0.6468608000453315,-0.4450702596531926,47.96891441345215,45.48416152954101,38.67812044143677,46.89522250395061,45.95949036668063,50.74986421661933,47.96891441345215,45.187964610284965,0.11594799828896304,-4.343330194157466,0.02402049171527265,-0.003632788283145727,1.4004024431079822
993,46.5690536083124,47.71441533754204,46.52407668516983,47.47954559326172,359224000,53.411948450618794,0.23172779440669444,0.5638341989176041,-0.33210640451090967,47.996905136108396,45.57252815246582,38.797316493988035,46.95087232198024,46.01910037556617,50.746139055903186,47.996905136108396,45.247671216313606,0.11455879965587709,-0.5564025522929565,0.019529473189886515,0.015934441360770935,1.385397886626856
994,47.46455720613541,47.504532035793474,45.8044827851011,46.601036071777344,509728000,49.412119667568476,0.18246160373664821,0.48755967988141297,-0.30509807614476475,47.91176509857178,45.635129852294924,38.91400810241699,46.91755458386568,46.04192138326073,50.72248396012857,47.91176509857178,45.101046237014984,0.11732896317946673,-3.339202577709463,-0.018502904998506375,0.024634218330899404,1.4078729840601072
995,46.020367077736175,47.639464136950096,46.020367077736175,47.630470275878906,372387000,53.779990759844736,0.22390350933675052,0.4348284457724805,-0.21092493643572996,47.86385593414307,45.6926766204834,39.03477296829224,46.98545131643837,46.104217418265364,50.65941475537581,47.86385593414307,45.06829711291032,0.11681293814185036,-0.33415802562359787,0.02209037160710281,0.023429288044458207,1.4229604179996653
996,47.60248182794816,48.5669446692335,47.58149361223289,48.06122589111328,447792000,55.51097554163777,0.28818290315225426,0.40549933724843523,-0.11731643409618098,47.78571796417236,45.78412231445313,39.15911519050598,47.087906037835985,46.180962848573124,50.46506618030803,47.78571796417236,45.1063697480367,0.11214012597423033,-0.0992429277519902,0.00904369855555509,0.05680953448234205,1.3917097493568757
997,48.36305298147659,48.64289584092454,47.395593515547255,48.32307434082031,391232000,56.57561041258412,0.35614831135297464,0.39562913206934314,-0.03948082071636849,47.75904769897461,45.870331649780276,39.28735404968262,47.205541114310684,46.264967220818114,50.40565041016906,47.75904769897461,45.112444987780165,0.11083146916479533,3.3873051307105153,0.0054482266078745845,0.03764258713975943,1.3813949333583335
998,48.16716233251439,49.37648760181643,48.09320222955156,48.86277389526367,479948000,58.76584981885031,0.4483918484874465,0.40618167535296384,0.042210173134482665,47.72978115081787,45.95440330505371,39.41521450996399,47.36337280773478,46.366841992365,50.31321670705931,47.72978115081787,45.14634559457643,0.1082525624024225,4.553180280789055,0.011168568262790668,0.029133141118314665,1.3743871075659435
999,49.37249683921415,50.40491882356695,49.12263603296827,50.04911804199219,412587000,63.164032489413444,0.6101896873091732,0.44698327774420576,0.16320640956496746,47.76892585754395,46.040735778808596,39.546129570007324,47.619158068140244,46.511244974703324,50.46554290396564,47.76892585754395,45.072308811122255,0.11290256157165934,10.044847209234387,0.024279099448414776,0.07399153025061356,1.3863698090471819
1000,49.396473996646186,49.67232125952952,48.86776928450163,49.57637405395508,464444000,60.399330375780096,0.692288876088945,0.4960443974131536,0.19624447867579137,47.728919410705565,46.12738700866699,39.67635920524597,47.8055595905988,46.63144611506614,50.28993942768009,47.728919410705565,45.16789939373104,0.10731523146112078,6.524065179259357,-0.009445600772434504,0.04085417941089742,1.371725448221709
1001,49.62734444732078,49.97115463261809,48.07121237951516,48.084205627441406,397894000,52.57677016012676,0.6296888916664329,0.5227732962638095,0.10691559540262341,47.63753967285156,46.17370155334473,39.800436925888064,47.83209730839333,46.68841707633576,50.00348013942592,47.63753967285156,45.2715992062772,0.09933092610669388,5.731483171521904,-0.030098377604011795,0.0004781346272813014,1.409455219998939
1002,48.783821596134075,49.06766385409553,48.39203776733346,48.96272277832031,300425000,56.17551223299714,0.643548518281122,0.546928340667272,0.09662017761385,47.65144634246826,46.21743965148926,39.924445943832396,47.93977592457685,46.777605535237115,50.044950080042874,47.65144634246826,45.25794260489365,0.10045880749862808,5.137777407894669,0.01827038919360957,0.013236915205116828,1.379026863331452
1003,49.16760912555352,49.35550417725914,48.440013817586234,48.80281448364258,252507000,55.352133980880545,0.6343170966142679,0.5644060918566712,0.0699110047575967,47.7043270111084,46.255201263427736,40.051377305984495,48.0219700730593,46.857025493998115,50.14994480816993,47.7043270111084,45.25870921404687,0.102532325694147,2.7870293909650585,-0.0032659191647025354,-0.0012270979897623935,1.3459171130701275
1004,48.940732556066926,49.57238062064836,48.93273759007069,49.25156021118164,244200000,57.2459744026092,0.6556531964041596,0.5826555127661689,0.07299768363799075,47.75636024475098,46.33159873962402,40.182905464172364,48.13907389573762,46.950928816240605,50.28572387227043,47.75636024475098,45.22699661723153,0.1059278225792955,5.687693585442653,0.009195078855328553,-0.015935502202883534,1.3047491862083886
1005,49.483433835302336,49.65233845498923,49.05766853127738,49.38948440551758,233648000,57.8379303782576,0.675900182438383,0.6013044467006118,0.07459573573777123,47.83632621765137,46.39808265686035,40.31511824607849,48.258160610954754,47.046558447192645,50.464118539399976,47.83632621765137,45.20853389590276,0.10986597548450387,3.693043800429311,0.0028004025404382293,-0.003769732095253775,1.2540292388872072
1006,49.61535772949362,49.85622084400242,49.38448355635517,49.494422912597656,246587000,58.310879300582364,0.692431802460888,0.6195299178526671,0.07290188460822089,47.90559883117676,46.50977767944336,40.44237526893616,48.37589987777789,47.14255313211049,50.6297661608071,47.90559883117676,45.18143150154642,0.11373064510603566,2.9820234397087635,0.0021247135568063236,0.029328077000640773,1.1981512423700675
1007,49.78526123454254,49.969160695229064,48.7238523373362,49.494422912597656,389293000,58.310879300582364,0.6974929656983448,0.6351225274218026,0.062370438276542206,48.04332733154297,46.656290206909176,40.56880799293518,48.48242588109406,47.23478331958058,50.7961968816963,48.04332733154297,45.29045778138964,0.11459945441147347,2.4239943086316877,0.0,0.010859284453698104,1.2015196077645531
1008,49.216575301212856,49.26754558758411,47.568495374432075,48.14117431640625,411254000,49.933694606405155,0.5855581717785299,0.6252096562931482,-0.03965148451461831,48.11364345550537,46.777636489868165,40.6819149017334,48.449925732076174,47.270328064554135,50.800278248999504,48.11364345550537,45.42700866201123,0.11167870901228619,-1.476787994893936,-0.027341435995346663,-0.013557418239845465,1.2532630313646267
1009,47.45855812854748,48.15716638258974,47.29364909537562,47.542510986328125,320896000,46.73494675195253,0.4434303248917786,0.5888537900128743,-0.14542346512109572,48.216736221313475,46.901280364990235,40.791109266281126,48.36350528010017,47.28100190462371,50.63628319628335,48.216736221313475,45.7971892463436,0.10036129213990025,-5.008294159271638,-0.012435578038529571,-0.034700407815009826,1.2254240496395907
1010,47.74040114665584,48.47299471292731,47.48154648897857,47.97127532958984,306535000,49.242813931103775,0.3612266850567494,0.5433283690216494,-0.1821016839649,48.28829650878906,47.00175994873047,40.901573190689085,48.32615004671823,47.308071450700815,50.586890006956665,48.28829650878906,45.989703010621454,0.0952029234557584,-3.2376283158957464,0.009018546441205366,-0.02871479815993594,1.2087114906616725
1011,48.43501923291163,49.51941421396134,48.27910404671196,49.06966400146485,415039000,55.07786453125043,0.38032632926655197,0.5107279610706299,-0.13040163180407793,48.46789665222168,47.11045623779297,41.01603528022766,48.396960899551246,47.37715351151509,50.39057187495647,48.46789665222168,46.545221429486894,0.07933809203773882,2.0494429743912597,0.022896799476946672,-0.008581955019111742,1.2329563044980891
1012,49.48443254074205,52.24589457837139,49.45144996976697,52.22390365600586,642510000,66.85997812458142,0.6425764921377066,0.5370976672840453,0.10547882485366133,48.750588989257814,47.319892959594725,41.14492469787598,48.76143163826121,47.567222144632375,51.09113994395141,48.750588989257814,46.41003803456422,0.09602144315463912,6.660538247537024,0.06428084884475349,0.05514723847226577,1.3717616096701215
1013,52.37182939884466,54.29475809672614,51.66122286319163,53.11041641235352,773100000,69.29730769665379,0.9114393012509581,0.6119659940774279,0.29947330717353016,49.0321325302124,47.57610122680664,41.27463468551636,49.17562066436524,47.78460231199399,51.97145566294867,49.0321325302124,46.09280939747613,0.11989375052880398,8.826544071868518,0.01697522962256981,0.10322228667059719,1.4618882970890064
1014,53.58615158748565,54.56960111335146,53.45921957741913,54.31974029541016,533796000,72.29110876505803,1.208170309874113,0.7312068572367649,0.4769634526373481,49.41806774139404,47.85301818847656,41.41244957923889,49.66553681970285,48.040882232912274,52.947026469884946,49.41806774139404,45.889109012903134,0.14282058727824137,10.29039498951322,0.022769994376759417,0.1425509332275483,1.4616951830825013
1015,54.96837295906674,55.31517984530642,53.530175126278365,54.79146957397461,596759000,73.38145801241367,1.4645143723575202,0.877868360260916,0.5866460120966043,49.77611770629883,48.126158218383786,41.55386207580566,50.153720891538256,48.305611148248055,53.90847043919225,49.77611770629883,45.6437649734054,0.16603756674138942,10.93752087813564,0.008684306589078261,0.14217246044692744,1.4847887213643265
1016,54.58958487431233,54.93939227133335,54.29974925258684,54.679534912109375,352994000,72.6509179638901,1.6397348542984886,1.0302416590684307,0.609493195230058,50.10703315734863,48.404674758911135,41.695319395065304,50.584750798259314,48.55556894290928,54.67418196567177,50.10703315734863,45.53988434902549,0.1822957186062543,10.476154068243453,-0.002042921329461933,0.11432462448646596,1.4244211711773391
1017,54.98736610755934,56.80335188433168,54.86943178251625,56.35060501098633,449580000,76.42434697265759,1.8916341588145258,1.2025201590176497,0.689113999796876,50.508409690856936,48.685732421875,41.84226446151733,51.13387977089998,48.86125663185348,55.740462045072874,50.508409690856936,45.276357336641,0.20717549359559612,13.852433658022486,0.030561161530781034,0.07901939659973856,1.4743780141091225
1018,56.31562839717504,56.43955990801359,54.70952466514394,56.02179336547851,474394000,74.25341085794877,2.0412040905308544,1.3702569453202909,0.6709471452105635,50.866360664367676,48.93660934448242,41.9855721282959,51.59939535133603,49.142061993956425,56.558435217101206,50.866360664367676,45.174286111634146,0.2238050640301018,16.369810585170097,-0.00583510408528376,0.05481743789242444,1.4926392447348746
1019,57.22811380906235,57.56792463682623,56.07575596466505,57.075199127197266,491650000,76.55148402222775,2.2191592933456477,1.5400374149253624,0.6791218784202853,51.21766471862793,49.17859359741211,42.13217845916748,52.12090047284662,49.45316541094626,57.501167919108916,51.21766471862793,44.934161518146944,0.245364689507043,20.0508722469675,0.018803499467546114,0.05072665695384271,1.4964601037786491
1020,57.95670795373914,59.46686815803494,57.1931334387279,59.4578742980957,543501000,80.73916106611418,2.523364274501887,1.7367027868406675,0.7866614876612195,51.711739730834964,49.45332099914551,42.289758949279786,52.819659884775106,49.84550693593252,58.891392631444255,51.711739730834964,44.53208683022567,0.2776798049332758,23.944743785914437,0.04174624368087487,0.08516662831649224,1.5604035985685798
1021,60.01556528618006,60.29740976678535,59.037110289114665,59.62078475952149,452955000,80.98915419745452,2.7459409287465633,1.9385504152218467,0.8073905135247166,52.28856868743897,49.72722915649414,42.45071185112,53.46738606332238,50.22885116430856,60.040683696352446,52.28856868743897,44.53645367852549,0.2965128020716211,21.50232933680097,0.0027399308056159644,0.09036744470037217,1.538967589933016
1022,59.5368279679321,59.87663879045011,58.55237585802376,59.83966064453125,294654000,81.33958937707855,2.906491757756747,2.1321386837288268,0.7743530740279203,52.83241558074951,49.99314292907715,42.61561676025391,54.07426935677084,50.60574565372906,61.084915631317216,52.83241558074951,44.57991553018181,0.31240290491561995,14.582894910900754,0.003671133915673641,0.061916915228588554,1.523631542968254
1023,60.27042173718701,62.81400277309229,59.90462440869122,61.32783126831055,560271000,83.55871330634483,3.117871496823959,2.3292852463478533,0.7885862504761056,53.45866641998291,50.281304931640626,42.787183170318606,54.76508477691748,51.02621959939892,62.274667620674094,53.45866641998291,44.64266521929173,0.3298249579003995,15.472322401233606,0.02486930252862818,0.09471381732134443,1.627253727653453
1024,62.3152848013764,62.68408265284871,60.81611993386063,61.58269500732422,482777000,83.91158245969972,3.2682821149110524,2.5170846200604933,0.7511974948505591,54.07522315979004,50.54688209533691,42.957316160202026,55.414380989337175,51.4401990271607,63.34136193946213,54.07522315979004,44.80908438011795,0.3427129187166194,13.370746385044392,0.004155759852303209,0.0789746851356854,1.6444472270344979
1025,60.926057292697806,61.748600916766215,60.53927554518053,60.99701690673828,390309000,79.67944456617411,3.302159051372314,2.6740995063228574,0.6280595450494566,54.65559978485108,50.79504936218262,43.1265690612793,55.94606060051823,51.814976198908845,64.12687192627297,54.65559978485108,45.18432764342919,0.3465801190986855,11.32575450341862,-0.009510433093522175,0.025886270352114993,1.6133670945024399
1026,61.19790260674366,62.4542026404575,60.87308662667512,62.43021774291992,348733000,82.06346124459445,3.405398779960464,2.8203593610503788,0.5850394189100854,55.302389526367186,51.05117401123047,43.30635514259338,56.563599375985056,52.231260181026926,65.03856103448068,55.302389526367186,45.566218018253686,0.35210672057747033,14.174741689498301,0.023496244715916825,0.047121704196450676,1.6110634458795787
1027,62.86497729318725,63.457645602005435,62.225330458008614,62.739044189453125,410735000,82.53883909657674,3.4721123718260785,2.9507099632055187,0.5214024086205598,55.96462059020996,51.328825302124024,43.487845249176026,57.15173697726773,52.64333014214168,65.83138839866655,55.96462059020996,46.09785278175338,0.35260733314727777,11.336948693312667,0.004946746266446089,0.04845253989900167,1.584009995745096
1028,61.40578346607499,62.234324185472055,60.66619769778631,61.49273681640625,453795000,74.01358894981458,3.385392092140691,3.0376463889925533,0.3477457031481377,56.63219871520996,51.56971794128418,43.66163003921509,57.56516553337616,52.990365697995195,66.08953535172287,56.63219871520996,47.174862078697046,0.33399150487063517,9.765741370034435,-0.01986494039155906,0.0026889186309921875,1.618926888310933
1029,62.06541944015991,63.15581535659614,61.615673062934434,62.991905212402344,369146000,77.08026750638813,3.3984606670861197,3.1098092446112666,0.2886514224748531,57.40466842651367,51.84423156738281,43.8416916847229,58.081997883759605,53.3825829338543,66.27140780359993,57.40466842651367,48.53792904942742,0.308920497936051,10.36650975499737,0.02437960113032589,0.02288321751606559,1.6220805777308587
1030,63.938381369175765,66.56291878931643,63.654539090246594,66.1231689453125,476578000,81.88801732155443,3.619758102878521,3.2117990162647176,0.4079590866138032,58.312263107299806,52.159164886474606,44.0340874004364,58.84782369914559,53.88221375783306,66.84038270999346,58.312263107299806,49.78414350460614,0.2924983236202359,11.210112581219995,0.04970898597767204,0.08403938911327224,1.7612900776725176
1031,68.18701012748092,69.45830503749701,67.16758142852466,69.29339599609375,680078000,85.25936732648466,4.004784085366474,3.370396030085069,0.6343880552814047,59.32344970703125,52.546796798706055,44.241015338897704,59.84264010837875,54.486573845607985,68.02234382398522,59.32344970703125,50.62455559007728,0.2932700023317405,16.223555720687717,0.04794426978239952,0.10993359468063302,1.8737076501376602
1032,69.59122707783612,69.71515858330277,66.26308702618283,68.18501281738281,683111000,79.675358255845,4.17238602222919,3.5307940285138937,0.6415919937152967,60.121505165100096,52.93680526733399,44.44653294563293,60.63715179495057,55.02376753077563,68.99550866560567,60.121505165100096,51.24750166459452,0.2952023066001627,13.946189004021775,-0.015995509568811128,0.08680350008974469,1.9864479292078225
1033,68.28095195120673,70.18089422020962,67.56235060844563,70.0599594116211,495575000,81.84185993657022,4.405717911650861,3.7057788051412874,0.6999391065095733,60.96898231506348,53.38310043334961,44.66135033607483,61.53456204415728,55.6134221143382,70.23173403960006,60.96898231506348,51.7062305905269,0.30385128217067353,14.238442747318592,0.027497928309552,0.13932088631529416,2.0315976208189777
1034,70.0349761659854,70.75457644757603,69.41632519274872,69.60221862792969,414422000,79.61073867402376,4.501805250685024,3.864984094250035,0.6368211564349888,61.733106231689455,53.8109268951416,44.87426370620727,62.30291029023085,56.16200236977316,71.19498226290757,61.733106231689455,52.27123020047134,0.3065413878804969,13.022365487011703,-0.006533557648842669,0.10493909325711037,1.9820728803910015
1035,70.49372682596147,72.14480747716068,70.17290640154854,72.09284210205078,436637000,82.41914993715228,4.724466944437296,4.036880664287487,0.6875862801498087,62.59817485809326,54.296980438232424,45.103631858825686,63.23528474849941,56.78674118280366,72.51590063973147,62.59817485809326,52.68044907645505,0.31686948714147556,18.19076695550132,0.03578367935992288,0.09028111102290826,2.022109735308144
1036,72.55957267433736,74.56945447682682,71.21032591879988,72.20777130126953,613710000,82.53867074026445,4.854245051509231,4.200353541731836,0.6538915097773952,63.47458667755127,54.778956451416015,45.33000262260437,64.08980727733466,57.39148746195919,73.53524227308498,63.47458667755127,53.41393108201758,0.31699790804913736,15.661572090958245,0.0015941832207981843,0.04205848570822068,2.117611079788058
1037,70.36081744123659,73.40911526024477,69.58125280309775,72.08785247802734,602580000,81.91292524904799,4.891037849765546,4.338490403338578,0.552547446426968,64.26144905090332,55.28591644287109,45.554424924850466,64.85152586787682,57.967815501805,74.43138651513456,64.26144905090332,54.091511586672084,0.3165175268978246,14.901100916270924,-0.0016607467739429005,0.05723896644409754,2.2397718924565555
1038,73.16124677886643,74.19466766232887,71.89795059750436,73.85885620117188,504917000,83.85911188128216,5.005402443410759,4.471872811353014,0.5335296320577445,65.15330219268799,55.828396530151366,45.78508943557739,65.70936685200016,58.59099356844684,75.40462793910069,65.15330219268799,54.901976446275285,0.31468322867488324,20.10988618328392,0.02456729757186671,0.05422350828425748,2.243839404768552
1039,73.82787028335872,73.93380643951798,72.35968650824275,72.61753845214844,420122000,77.55969407772362,4.938940211234495,4.56528629132931,0.37365391990518493,65.93041915893555,56.371134185791014,46.00374716758728,66.36728795677618,59.14105415212141,75.96863868244745,65.93041915893555,55.89219963542365,0.30450950112460856,15.280746323340166,-0.01680662026016788,0.04332217971869046,2.196002299519029
1040,74.05874240761452,74.36057621751523,72.46063364613941,72.57257080078125,495327000,77.33306413103699,4.826997279805184,4.617628489024486,0.20936879078069826,66.58615398406982,56.89178421020508,46.22567715644836,66.95826727525285,59.667780295206114,76.56065982898153,66.58615398406982,56.61164813915812,0.2995969957146953,9.753618827317185,-0.0006192395435824505,0.00665431802579497,2.174855176080228
1041,71.90693589131082,71.91593356383504,67.6962844049487,69.413330078125,704833000,63.33172107751786,4.432264984942904,4.580555788208169,-0.14829080326526523,67.07578125,57.37049758911133,46.433849239349364,67.19208278028829,60.04995871806568,76.58509976703955,67.07578125,57.56646273296046,0.2835395530198031,0.1730815473930748,-0.04353215943429467,-0.038700006561418365,2.3678145489196796
1042,67.9681399359681,68.84965273678795,66.21112295055113,67.43444061279297,673755000,56.438765423431676,3.9146315203953463,4.447370934645605,-0.5327394142502584,67.45552024841308,57.78778526306152,46.63332587242127,67.21516447862207,60.339546243349105,76.3663996020557,67.45552024841308,58.54464089477047,0.26420015206545666,-1.100787656372627,-0.028508781571274344,-0.0645519557771922,2.4274140188235505
1043,74.9832259524774,78.53124465919488,74.17867388920303,78.49427032470703,865100000,73.68031915132941,4.346732668832473,4.427243281482979,-0.08051061265050574,68.31384220123292,58.40807975769043,46.882516298294064,68.28936503539207,61.05149620732393,77.97396594569946,68.31384220123292,58.65371845676637,0.282815998432956,12.038703681702259,0.16400862246962733,0.06276043743365745,3.0466561636505767
1044,80.7450259181588,82.34812926609345,77.5268172404039,78.77312469482422,829388000,73.96017091466186,4.657982832673383,4.47339119172106,0.1845916409523234,69.17336368560791,59.05152153015137,47.13074794769287,69.28781833629037,61.746462030363155,79.33114550926084,69.17336368560791,59.015581861954985,0.2936905560880318,13.17616916196184,0.003552544268054847,0.08476721152882405,3.1734172966533607
1045,79.6556292519544,80.60110940022084,78.4612947940882,79.0479736328125,503973000,74.25078238924188,4.870682644608522,4.552849482298552,0.3178331623099693,70.07591152191162,59.67987159729004,47.383251447677615,70.21735693595915,62.4249526814396,80.37412574486736,70.07591152191162,59.777697298955886,0.29391595483522603,9.647464752348652,0.003489120674761592,0.08922658740871747,3.0995885330447375
1046,79.3368025112215,79.43575404356761,77.11904376268178,78.65718078613281,391705000,73.00324373217259,4.950647083345544,4.632409002507951,0.31823808083759264,70.88725967407227,60.29179069519043,47.6322322845459,71.02114968359473,63.06151064632953,81.20502991043733,70.88725967407227,60.569489437707205,0.29110365625091,8.931738743125964,-0.004943742751648106,0.13317111709816865,3.0436686578905294
1047,77.57677565555984,78.88904035012949,77.0820485792693,77.6197509765625,393110000,69.65731630675407,4.874121720528819,4.680751546112125,0.19337017441669424,71.63129501342773,60.877724227905276,47.87755970954895,71.64958790197261,63.63242203182887,81.63272656178347,71.63129501342773,61.62986346507199,0.27924754247374445,7.673828957827951,-0.013189257474038651,0.15104018467734237,2.9553345945312195
1048,79.04995966772168,79.94545684182245,78.30637065695909,79.06794738769531,507289000,71.61320505056734,4.874146044902048,4.71943044587011,0.1547155990319382,72.51005554199219,61.48182769775391,48.1313171005249,72.35609832918429,64.23773675166677,81.86112179106003,72.51005554199219,63.158989292924346,0.25792467483775217,7.05276449493783,0.018657576105469698,0.007308521508833099,2.910361113868986
1049,79.95544705800646,82.2541692109824,79.39075927311268,82.2331771850586,479135000,75.35276743380905,5.071116242478126,4.789767605191713,0.28134863728641335,73.472119140625,62.125508880615236,48.39783820152283,73.29677250593423,64.9434402980743,82.66608217519487,73.472119140625,64.27815610605512,0.25027080046439687,13.24148261958289,0.040031768901792164,0.04392427625080253,2.930065450255993
1050,84.08315120139147,87.64616854479111,83.67238457234258,85.18953704833984,615616000,78.23658744990271,5.403482098704302,4.912510503894231,0.4909715948100706,74.42543754577636,62.83777214050293,48.677842168807985,74.42941674806809,65.73740487651608,84.30227180806945,74.42543754577636,64.54860328348327,0.2654155511337964,17.385309777978502,0.035950938106504404,0.07769412842959977,3.1074173009328874
1051,85.22652719248794,86.05310907669562,83.37447499815761,85.92017364501953,520639000,78.89384842845914,5.660588955611459,5.062126194237678,0.5984627613737814,75.25677642822265,63.594491500854495,48.95667832374573,75.52377454777775,66.5288860046927,86.0245793238766,75.25677642822265,64.4889735325687,0.28616168288642835,23.780509519304157,0.008576600155311365,0.09233731474097251,3.0767899279046818
1052,87.97712182383515,89.67824984643924,86.9856232402923,88.65476989746094,582520000,81.18423698358089,6.015662245911685,5.252833404572479,0.7628288413392053,76.28026428222657,64.3883324432373,49.24169370651245,76.77434553346187,67.39656772597773,88.01290027493128,76.28026428222657,64.54762828952185,0.3076191752376621,31.468088252580934,0.03182717325199347,0.14216766714737972,3.1254532331557554
1053,90.11201372188049,92.71968420903526,89.55629754335479,92.62173461914062,608119000,83.91170647177462,6.5417520409428676,5.5106171318465575,1.03113490909631,77.40835304260254,65.26471084594726,49.54861219406128,78.28362068447889,68.38578995708217,90.75881005163248,77.40835304260254,64.0578960335726,0.34493582370063774,17.998083472835088,0.044746207409572136,0.17141949018844227,3.192557595899939
1054,95.08947977383554,97.35032718295815,86.46187834190792,87.48336029052734,1142269000,69.79821495119009,6.469481967634124,5.702390099004071,0.767091868630053,78.30241012573242,66.02934684753419,49.83027843475342,79.15978636124541,69.13471428388394,91.83575255794544,78.30241012573242,64.7690676935194,0.34566860484836015,11.05736966693595,-0.05547698226277242,0.06384507184556032,3.742264113410674
1055,86.38492752767289,88.75171621511622,84.1230810265849,85.73026275634766,678364000,65.73584750855636,6.199285588752446,5.801769196953746,0.3975163917986997,78.98428115844726,66.75616241455079,50.105617151260375,79.78554601792182,69.7855201063335,92.57156995712953,78.98428115844726,65.396992359765,0.34405045154301883,8.453460368984542,-0.020039211209511687,0.00634732534936755,3.805576333062149
1056,88.00409921373667,91.91310011628946,86.10606561656215,91.86612701416016,668075000,71.90025818913267,6.406416792944128,5.922698716151823,0.4837180767923055,79.96719894409179,67.60359649658203,50.412384567260744,80.9360775413731,70.6514262595816,94.2764295581617,79.96719894409179,65.65796833002189,0.3578774998502586,16.79305830187607,0.07157174211924588,0.06920322803008316,3.9753806921249812
1057,91.00856657140832,91.45733510152752,88.38989990202793,90.8416519165039,635713000,69.64723432504235,6.413966967435755,6.0209523664086095,0.39301460102714536,80.90488891601562,68.43054107666016,50.67685052871704,81.87946557709984,71.44319981475502,95.48127242415075,80.90488891601562,66.3285054078805,0.3603338117988476,17.034196546100482,-0.011151826369020013,0.024667392646468222,3.9397268649826414
1058,89.53131740403234,90.59977243652932,86.55583073162953,87.8991470336914,602318000,63.493159791175636,6.112058971414953,6.039173687409878,0.07288528400507488,81.60690345764161,69.22570053100586,50.92177797317505,82.4527685729657,72.08853107824272,96.1104986129547,81.60690345764161,67.10330830232851,0.3554502019021281,11.169127235204312,-0.03239158272371656,-0.05098789830344286,3.9644478878320513
1059,86.8856706502334,89.50033394584524,86.2130173215006,87.79220581054688,642086000,63.274333703758494,5.797337350220019,5.990806419971906,-0.19346906975188727,82.36563682556152,70.03069442749023,51.16035055160523,82.96128640511628,72.70436145990172,96.49155001847812,82.36563682556152,68.23972363264492,0.34300501367659514,6.760080074466991,-0.0012166355050469146,0.003530334442960026,3.916081369011522
1060,90.3419098330075,92.35787961611923,87.04059269589636,88.40989685058594,668976000,64.04513190497434,5.5339685578884,5.8994388475552055,-0.3654702896668054,83.15750312805176,70.83946685791015,51.41338712692261,83.4802016856372,73.320264808556,96.76481741069466,83.15750312805176,69.55018884540885,0.3272660618895545,3.780229255640557,0.007035830052749992,0.03125657157792716,4.016167479812332
1061,86.65577967788013,90.49782099494097,84.96664676852289,89.35240936279297,672171000,65.24381295748006,5.339746501532417,5.787500378350648,-0.447753876818231,84.15445709228516,71.64512176513672,51.661464309692384,84.03945955965203,73.94897635970256,96.44584624264547,84.15445709228516,71.86306794192484,0.2921149889157119,3.9946796801805475,0.010660712723145505,-0.02736283473646084,4.124382247427028
1062,89.75120872764549,90.36390274155224,88.17801382637771,90.32592010498048,479063000,66.48661661472853,5.204385388362127,5.670877380352945,-0.4664919919908179,85.29903106689453,72.40716209411622,51.91662223815918,84.63817008777855,74.59120944775268,95.17544994423557,85.29903106689453,75.42261218955349,0.23157165453838743,1.8850087924794299,0.010895181776630292,-0.005677261483503782,3.9859184379804207
1063,92.2529387505123,92.60076087628696,90.3589007516049,91.38837432861328,480372000,67.83826589228269,5.123778182055688,5.561457540693493,-0.4376793586378058,85.94373626708985,73.1727212524414,52.177871742248534,85.28104668214375,75.24992179602172,95.64095943561534,85.94373626708985,76.24651309856435,0.2256644542049965,-1.3316100109751834,0.011762451159069043,0.039695803800968266,3.8636986046465673
1064,91.09451627074266,94.72966241146648,90.78767363601877,94.24091339111328,586719000,71.19709626095812,5.2297867270343374,5.495123377961662,-0.26533665092732495,86.7171257019043,73.97114471435548,52.455966796875,86.13436732109324,75.9946665644567,96.47052038734991,86.7171257019043,76.96373101645868,0.22494737011864382,7.724386761258921,0.03121336913427153,0.07345421522364459,3.8692907597037918
1065,93.89308875236316,96.71664485506632,93.4623088211928,94.95354461669922,552136000,71.98426628228864,5.310091220702134,5.458116946509757,-0.1480257258076234,87.51240425109863,74.77438621520996,52.74349578857422,86.9742889682938,76.73815197827012,97.22854425745257,87.51240425109863,77.79626424474469,0.22205172145597776,10.758490133833925,0.007561803042256399,0.07401487841539,3.825365422144486
1066,95.8021249691622,96.32585986372575,92.4548335490284,92.51380157470705,513648000,65.3949492466686,5.117870610160978,5.390067679240001,-0.27219706907902363,88.20523529052734,75.53107154846191,53.01365478515625,87.50186159747602,77.3568049036206,97.24974278077309,88.20523529052734,79.16072780028159,0.20507869993102484,0.7050199911519698,-0.02569407020918213,0.03538116357979826,3.8286269144696914
1067,93.06451960589088,93.19245268869888,89.07755527294492,90.2039794921875,586067000,59.81262794502126,4.724687793494283,5.256991702090858,-0.5323039085965746,88.83444671630859,76.20813903808593,53.27096565246582,87.75920615887712,77.86061567179969,96.49003210948864,88.83444671630859,81.17886132312854,0.17235623513540954,-0.7019604012733232,-0.02496732426084891,-0.0013500068712419822,3.8490748074185674
1068,89.95410001839039,91.25344006885744,89.14751238127785,90.30992126464844,435212000,59.98136338187614,4.371247177743825,5.079842797221452,-0.7085956194776264,89.39654541015625,76.89390159606934,53.525248794555665,88.00213140704582,78.34882373426436,95.61769250270838,89.39654541015625,83.17539831760412,0.13918092839067026,2.7426594140134157,0.001174468943136997,-0.011800768663276062,3.724564298858641
1069,90.25295469319975,92.17796738530402,89.15851187965868,90.3169174194336,452441000,59.99330948274219,4.045078329571851,4.872889903691532,-0.8278115741196812,89.800732421875,77.55873596191407,53.771872463226316,88.22258721774942,78.8181607415259,95.08806167650118,89.800732421875,84.51340316724881,0.11775692941538236,2.875781039532115,7.74682857340725e-05,-0.04163792381122777,3.674199385057691
1070,88.40289389067334,90.04805823236576,87.57532082751612,89.40638732910156,433064000,57.5840388471149,3.670800297962515,4.632471982545729,-0.9616716845832141,90.01157493591309,78.15770622253417,54.00407567977905,88.33533008549725,79.23338531358769,94.86507979732806,90.01157493591309,85.15807007449811,0.10784179401083915,1.1271254848308545,-0.010081500967349388,-0.05841969681058223,3.6075848998333897
1071,88.43888153844358,90.32791718260744,88.35492473761427,88.91863250732422,370067000,56.280181117510026,3.2968208253295046,4.365341751102484,-1.0685209257729795,90.16149787902832,78.74366317749023,54.23555885314941,88.39088269709981,79.61319892902834,94.67343688682821,90.16149787902832,85.64955887122842,0.10008571538715261,-0.48546744129473696,-0.005455480713944305,-0.038860894333475726,3.490828295916231
1072,90.35989492370194,90.58778310646063,85.8362020197599,85.86119079589844,434965000,48.818244734974904,2.7223478732060897,4.036742975523206,-1.3143951023171159,90.02181892395019,79.26409378051758,54.45156000137329,88.14995965889015,79.85821821792521,94.87197718197592,90.02181892395019,85.17166066592446,0.10775517126849235,-4.942910411422274,-0.03438471358827899,-0.04814409209812287,3.580882066686553
1073,86.8217110656451,88.4358931925058,85.88219548423466,87.963134765625,399678000,53.39325872377426,2.4089147615980693,3.7111773327381785,-1.3022625711401092,89.78888893127441,79.79679985046387,54.672494926452636,88.13216681191253,80.17605808254089,94.56410969792717,89.78888893127441,85.01366816462166,0.10636551634596497,-3.7480036034691278,0.024480722317526515,-0.02598592121618959,3.5090120902523254
1074,88.65476426391245,88.78470285055779,86.68777315554529,87.08856964111328,283220000,51.33706518094685,2.066129609960086,3.38216778818256,-1.316038178222474,89.7691493988037,80.30691734313965,54.892869262695314,88.03277660516974,80.44713696719079,94.58541633127385,89.7691493988037,84.95288246633356,0.10730338796179628,-7.589425327741413,-0.009942405154636291,-0.03574466302174373,3.40814906202091
1075,87.39739525078261,87.59029759028141,82.97965182031417,85.31045532226562,501700000,47.34494686132209,1.632176230848927,3.0321694767158336,-1.3999932458669067,89.7481590270996,80.7931861114502,55.10445291519165,87.77350791155983,80.63785533405647,94.63775351882357,89.7481590270996,84.85856453537563,0.10896255800071727,-10.155586432670876,-0.020417309942913908,-0.045812521109470206,3.494041684017076
1076,83.8832095968993,87.35543726810234,83.66631737551937,86.99462127685547,431929000,51.21460071844474,1.4079333891097434,2.7073222591946156,-1.2993888700848721,89.50458374023438,81.2844741821289,55.32853446960449,87.69932823206418,80.88714027298977,94.43307792827729,89.50458374023438,84.57608955219148,0.11012830811764185,-5.965791269959554,0.019741612540078446,-0.021637885966254267,3.507975841771782
1077,87.37540942268083,90.69271680405735,86.8816657196623,90.5697784423828,431637000,58.2319238233533,1.501397450648355,2.4661372974853637,-0.9647398468370088,89.49099006652833,81.8410888671875,55.57837104797363,87.97270444257072,81.26685157375029,94.40613945376082,89.49099006652833,84.57584067929584,0.10984679873534815,0.4055241822529347,0.041096301277634195,0.05483953347068282,3.5296240733877307
1078,89.65326609988566,90.1290289713359,87.4853732060557,88.14103698730469,426805000,52.68745828333555,1.3637685799313743,2.245663553974566,-0.8818949740431918,89.50308456420899,82.37405487060546,55.80984846115112,87.98873611349777,81.53642747232105,94.40367536596933,89.50308456420899,84.60249376244865,0.10950663489691664,-2.4016013378950354,-0.02681624595806187,0.002022463412129527,3.4978227278834
1079,89.05256658600005,90.5667934448674,85.88518380835967,85.95714569091797,443077000,48.239733881389526,1.066184619630178,2.009767767105689,-0.9435831474755108,89.41133155822754,82.83335968017577,56.03419860839844,87.79525131134731,81.70978897108957,94.50165876053471,89.41133155822754,84.32100435592038,0.11386313375709385,-4.827192792983353,-0.02477723624582806,-0.012991646950430424,3.582378935642281
1080,86.38892089132743,88.0730591608871,86.02011339953525,87.37042236328125,370453000,51.11568194083767,0.933624560555586,1.7945391257956684,-0.8609145652400825,89.3593578338623,83.25830474853515,56.267089138031004,87.7547914115315,81.93177459431277,94.51038818983189,89.3593578338623,84.20832747789272,0.11528798954769622,-2.277203035087417,0.01644164264650083,0.02414671253639389,3.477631402379913
1081,88.2949386437983,88.72972195798647,83.90717836732355,83.99214172363281,495400000,44.719321088958644,0.5496348956043278,1.5455582797574003,-0.9959233841530726,89.09134445190429,83.55227966308594,56.47569364547729,87.39644382220781,82.0125733052665,94.74883339444914,89.09134445190429,83.43385550935945,0.12700423318000378,-5.540448210655525,-0.03866618185272974,-0.03451339300239531,3.573696558685842
1082,84.92665869890298,86.1460376066869,82.35996782222568,84.6278076171875,447260000,46.08640434386103,0.29323303684512325,1.295093231174945,-1.0018601943298218,88.80643882751465,83.88113555908203,56.68692188262939,87.13276418363445,82.11513151357713,94.75305913506101,88.80643882751465,82.8598185199683,0.13392317913110438,-1.4364850606868775,0.007568159121912554,-0.06560655140583527,3.5888660748126546
1083,83.10760934336838,84.28100677926233,75.56745676539116,76.16114807128906,875198000,34.019058580096,-0.5863963380589183,0.9187953173281724,-1.5051916553870908,88.04507751464844,84.00315933227539,56.856296405792236,86.08784836341108,81.88164196682074,96.02574204604777,88.04507751464844,80.06441298324911,0.1812858766595225,-13.416969194858686,-0.10004583344752627,-0.13591726765979772,3.979686416025775
1084,78.0641671154843,80.03216479233348,76.36104131725212,79.47744750976562,596341000,40.58179256113779,-1.0043339690248274,0.5341694600575725,-1.5385034290823998,87.30690422058106,84.20066390991211,57.043321685791014,85.45828637734961,81.78735983124994,95.58425811255245,87.30690422058106,79.02955032860967,0.18961510468997128,-8.73951904677345,0.043543191278739846,-0.07538289142885035,3.9719242949556777
1085,80.7278102893302,82.72679042021001,80.2230705514645,82.38096618652344,438559000,45.67639656871077,-1.0887128570313962,0.20959299663977876,-1.298305853671175,86.67827529907227,84.40642639160156,57.24286600112915,85.16520826393759,81.81063851184891,94.43021966178995,86.67827529907227,78.92633093635459,0.1788670652702904,-3.4339157195631618,0.0365326110454296,-0.05710692522478533,3.9203113389191566
1086,83.90719166390734,84.03912814064545,79.14262401880819,79.6363754272461,512208000,42.00967552825563,-1.3613564012862298,-0.10459688294542294,-1.256759518340807,86.03440399169922,84.55499847412109,57.43030118942261,84.63865275568125,81.72537329284488,93.87923399234789,86.03440399169922,78.18957399105055,0.18236495254632218,-8.45827677804605,-0.03331583600346666,-0.05185921214771383,3.990039394841878
1087,78.82777119604825,83.2805008438938,78.18310352042066,82.58985900878906,424641000,46.94539812702239,-1.3238464547954294,-0.3484467973154243,-0.9753996574800051,85.6536979675293,84.76503860473633,57.63137962341309,84.44352954169152,81.75927469347015,93.39046185747218,85.6536979675293,77.91693407758642,0.1806521860358167,-8.810797123314451,0.03708711710820145,-0.024081311637151992,4.069136389744112
1088,83.77525942235107,88.28595859317252,83.34447944649524,87.69026184082031,551011000,54.19569951451136,-0.8725020092084605,-0.45325783969403155,-0.419244169514429,85.5227149963379,85.0416667175293,57.850480518341065,84.75274214160855,81.99186242473878,93.02486966931201,85.5227149963379,78.02056032336378,0.1754423879853524,-0.5114248276308594,0.06175580020651772,0.15137788835246635,4.185348046504066
1089,87.55033742522801,87.94713054569272,85.22252257935692,87.7122573852539,388971000,54.22475168809259,-0.5071868929195915,-0.4640436503391436,-0.04314324258044794,85.39248199462891,85.34356109619141,58.059323902130124,85.03460073624144,82.21619163887664,92.64344234468872,85.39248199462891,78.1415216445691,0.16982666812555913,2.0418450150112166,0.0002508322357792636,0.10361190669185039,4.08100946934919
1090,87.195526189522,88.77372365378562,86.25601055156,86.35795593261719,363709000,52.03626551133491,-0.3232268818731967,-0.43588029664595423,0.11265341477275753,85.24006042480468,85.61926879882813,58.263933944702146,85.1606345644677,82.37861376804294,92.27196183455966,85.24006042480468,78.2081590150497,0.16499053085393428,-1.1588205748328475,-0.015440275886279942,0.048275589983846734,3.9693454431260777
1091,85.0336065353816,85.95613224492045,81.21354987762143,82.99864196777344,559863000,46.97211835850593,-0.4433946324440541,-0.43738316380557424,-0.006011468638479844,84.94406089782714,85.8909750366211,58.44679103851318,84.95473050763968,82.40292859940492,91.82850621922204,84.94406089782714,78.05961557643225,0.16209362370079472,-1.1828484611434007,-0.03889987817063356,0.04222023569617428,4.053278343973912
1092,84.40593290133356,86.19302312746696,83.15756927733226,85.77323913574219,377898000,51.19669735364477,-0.31115483806823363,-0.4121374986581061,0.10098266058987249,84.93966331481934,86.25775100708007,58.63835987091065,85.0326837103161,82.53509764004559,91.82187167321636,84.93966331481934,78.05745495642232,0.16204934396523069,1.3534930784642656,0.033429428508553904,0.03854444316964334,3.991928545096741
1093,87.7442309865165,89.23546686580507,86.99561241116382,88.74372100830078,398341000,55.30229194724213,0.03295927941685761,-0.32311814304311337,0.356077422459971,84.97869262695312,86.46274002075195,58.84686464309692,85.3861158339337,82.77857306625168,91.93747081021682,84.97869262695312,78.01991444368942,0.1637770120519965,16.52098642897828,0.034631802441990045,0.012013411128737994,3.9540927725943225
1094,89.34441239026923,92.17297098055204,89.00958414820802,92.09300994873048,376203000,59.44497680076491,0.5693684974304176,-0.14462081494840717,0.7139893123788248,85.22891464233399,86.72913772583007,59.079895153045655,86.02486765439053,83.1438451008587,92.80562471755489,85.22891464233399,77.65220456711309,0.17779670448736373,15.873134875669914,0.03774113708976001,0.04994458806635471,3.916604001141246
1095,91.05154141921548,91.73419176081896,88.96560776051032,90.50782012939452,437342000,56.76346989373005,0.85668971117002,0.05564129027527826,0.8010484208947417,85.48878288269043,86.95833465576172,59.31105031967163,86.45181550915282,83.43262843531109,93.4076494939131,85.48878288269043,77.56991627146776,0.18526095106744261,9.864965560698337,-0.017212922242616058,0.04805421981056801,3.860232443075454
1096,89.43737100980039,91.14749704338682,89.37439959760155,90.36589813232422,325721000,56.51765904528236,1.060714665630826,0.2566559653463878,0.8040587002844382,85.65734672546387,87.19250900268554,59.5399819946289,86.82458528278819,83.70452136460572,93.83649913312499,85.65734672546387,77.47819431780275,0.19097375112203085,13.47314295447859,-0.0015680633658771148,0.08876357479934827,3.7111513718404407
1097,90.48283300975696,91.02555536852674,88.18600837888344,88.70174407958984,378013000,53.58728946650744,1.0757223304104144,0.42046923835919314,0.6552530920512213,85.56394500732422,87.4141488647461,59.75526176452637,87.00336231105501,83.9004908828404,93.55712413450675,85.56394500732422,77.57076588014169,0.18683521725180666,7.400285148991919,-0.018415730791470963,0.03414240820744907,3.6488939159692158
1098,90.25895279926722,91.3543946079418,89.18149955504683,89.83216857910156,335325000,55.28334571700408,1.1653978417468096,0.5694549590367165,0.5959428827100931,85.64850158691407,87.62943328857422,59.97732786178589,87.27277243182135,84.1331056944585,93.78346189263763,85.64850158691407,77.5135412811905,0.18996153242607292,2.4425822130276504,0.012744106795661292,0.012265065724469393,3.5777336739965544
1099,90.43185974293648,90.95159885169748,88.48385608988069,90.3529052734375,289680000,56.07956241595177,1.2639157952850724,0.7083471262863877,0.5555686689986846,85.86828956604003,87.7918278503418,60.19975923538208,87.56611841673717,84.37701940343807,94.25825873911765,85.86828956604003,77.47832039296242,0.19541484325537928,3.0105802391850616,0.005796773055493976,-0.01889507874986085,3.498448608840857
1100,89.55330988776338,91.60426546540803,88.88864807554503,91.30941772460938,296507000,57.57391163571921,1.4030016148711013,0.8472780240033305,0.5557235908677708,86.06523933410645,87.91422546386718,60.4227262878418,87.92262311272499,84.64887816113107,94.7661772387299,86.06523933410645,77.364301429483,0.2021940093804023,5.733648670257644,0.010586405033431445,0.008856666684368797,3.4425320931995813
1101,92.4248446575498,94.81362528334245,91.55228873986128,94.5817413330078,417735000,62.29976073887917,1.7570234238791613,1.0292271039784968,0.7277963199006645,86.5947193145752,88.08745681762696,60.662159843444826,88.55682484799001,85.03840220708702,95.98788378349579,86.5947193145752,77.20155484565461,0.21694543370012578,13.955769745885513,0.03583774477970936,0.0466530327016752,3.4469374835948305
1102,94.8616117597436,95.77014487035822,94.05501639356171,94.3108901977539,323952000,61.68726723408587,1.992761520729843,1.2219339873287662,0.7708275334010768,87.07887344360351,88.20057922363281,60.90134834289551,89.10483107177706,85.40202918711317,96.99996351235052,87.07887344360351,77.1577833748565,0.22786445612832562,9.95374681898195,-0.002863672538024775,0.06323602964481867,3.3232368402520933
1103,94.3208744624738,94.69167982059238,91.75917807166952,92.43183135986328,359691000,57.4662025232568,2.0048506463426037,1.3785173191315339,0.6263333272110698,87.89240760803223,88.19678115844727,61.14232339859009,89.42168824207099,85.67770770369161,96.70558881773249,87.89240760803223,79.07922639833197,0.20054476716586953,4.155911324946051,-0.019924091840831548,0.02893910746986572,3.2953271908714337
1104,93.70220811729594,95.1514658859747,93.39236858928308,94.73168182373048,318764000,60.98505738764406,2.1749387373580475,1.5378016027768366,0.6371371345812109,88.65511932373047,88.34174758911132,61.3935686302185,89.92740191651475,86.0327655123206,97.05381386862135,88.65511932373047,80.2564247788396,0.18946891299581792,2.8652249247461747,0.02488158494786541,0.0484630409729645,3.2542062862457186
1105,93.55126534071832,95.35134936664905,93.1324803037148,95.3373565673828,328946000,61.87949567593776,2.331728945056284,1.6965870712327262,0.6351418738235577,89.30293884277344,88.53388946533204,61.647017822265624,90.4426356927879,86.39765143604852,97.66456840522319,89.30293884277344,80.9413092803237,0.18726437608444704,5.336043262431615,0.006393581661300107,0.044113071172151797,3.1802536274377564
1106,95.41032394954397,95.97103489974472,93.20145177000462,94.90158081054688,548648000,60.79948610809866,2.393235127806662,1.8359166825475135,0.5573184452591484,90.06619911193847,88.59459854125977,61.894605827331546,90.86729713257448,86.73113886249944,97.49365175124024,90.06619911193847,82.63874647263671,0.16493318720090713,5.01924151916355,-0.0045708814731811875,0.0033816196766029982,3.150920020459352
1107,101.97597776870576,106.26578917767765,101.46823355489356,103.74607849121094,835065000,71.62433198757884,3.119694372261705,2.092672220490352,1.027022151771353,91.12401008605957,88.85268707275391,62.19017858505249,92.0938477381589,87.39839139695871,99.89554838785611,91.12401008605957,82.35247178426303,0.19251870705673513,16.96058467364767,0.09319652639212017,0.10004346553905963,3.7375834737930247
1108,104.39573676851408,106.42070464479184,102.94747814509458,106.41471099853516,429494000,73.9607903334298,3.866187890612622,2.447375354514806,1.4188125360978159,92.06023254394532,89.22299835205078,62.509636821746824,93.45773947724236,88.14412942054994,102.9154992700053,92.06023254394532,81.20496581788534,0.23582966121399218,18.459470234019637,0.02572273136618164,0.1512777517545072,3.718700832786184
1109,110.1877929460902,114.88039879120554,109.82697694894156,113.84292602539062,652728000,79.11561613806111,4.999552525188136,2.9578107886494722,2.041741736538664,93.36676597595215,89.74401275634766,62.86706552505493,95.39918581516123,89.15192536583781,107.58382849685637,93.36676597595215,79.14970345504793,0.3045422506026612,25.998080173365345,0.06980439975970731,0.2017407886542213,4.05777132992077
1110,112.99235261607852,115.43310102209163,110.84444643564277,114.76644134521484,557442000,79.65486724350458,5.904212050437664,3.5470910410071106,2.3571210094305535,94.78719024658203,90.27114364624023,63.23677125930786,97.243686341833,90.15641618855848,111.39498913223143,94.78719024658203,78.17939136093263,0.35042285444785126,25.689599391984096,0.008112188891018501,0.2037929881567453,4.09569156252992
1111,114.59153447828542,115.75993705260656,109.60707814261482,110.4436492919922,484553000,70.48111388611679,6.200868300442323,4.077846492894153,2.12302180754817,96.15944061279296,90.69296844482422,63.57038354873657,98.50082567041959,90.9519939573206,113.17465931311165,96.15944061279296,79.14422191247428,0.35389595845995375,16.770581441440225,-0.03766599366987233,0.16377038557947876,4.242632087348621
1112,112.46261619518734,112.6595219559155,106.88546755499186,109.57709503173828,613263000,68.7712645184121,6.293499286944908,4.520977051704304,1.7725222352406034,97.34963340759278,91.07799194335938,63.89872875213623,99.55570846673565,91.682390077886,114.62051889911785,97.34963340759278,80.0787479160677,0.3548217879612074,16.1871071325631,-0.007846121219364233,0.05620469347206547,4.352019395461122
1113,113.56306583418552,114.9413604736328,111.94588702357191,114.9413604736328,438392000,73.11871203684007,6.722271242823751,4.961235889928194,1.7610353528955578,98.65951538085938,91.54905166625977,64.25616359710693,101.02100865786872,92.59450656399372,117.05793240826063,98.65951538085938,80.26109835345812,0.3729679181248172,24.352572898976273,0.04895425855504554,0.08012660463096144,4.424322684492078
1114,115.6569991085602,116.5405434101387,113.98684591549986,116.37762451171876,403324000,74.15611264480384,7.0961703766180335,5.388222787266162,1.7079475893518712,99.87374610900879,91.99178588867187,64.62148923873902,102.48354350109253,93.52717785606137,119.54013376882097,99.87374610900879,80.20735844919662,0.3938249725477801,22.849739676600915,0.012495624135364647,0.02226487472539862,4.2907065995025615
1115,118.31064561773049,122.38656157559062,117.40810617337776,122.37757110595705,528402000,77.97929809262163,7.786871473272257,5.867952524467381,1.9189189488048752,101.46723365783691,92.54026641845704,65.0170394897461,104.3782127967939,94.65856582664551,122.92300927468338,101.46723365783691,80.01145804099045,0.4229104281919942,28.36266444986094,0.05155584348290354,0.06631842611419914,4.413437346957511
1116,123.98474236351488,125.52295906565588,118.25966633915728,120.9363021850586,664696000,75.10508357202917,8.124306760741376,6.319223371722181,1.8050833890191953,102.99575386047363,93.10871643066406,65.38705675125122,105.95517369091435,95.68906529168132,125.4048102229026,102.99575386047363,80.58669749804466,0.43514524672125976,27.433390626532482,-0.011777230973562758,0.09500458342630269,4.616998445496161
1117,119.70892880786865,121.62995352369371,117.96182659837903,120.82636260986328,412386000,74.87836352766762,8.287324335970936,6.712843564571933,1.5744807713990037,104.6019847869873,93.72116409301758,65.76301456451417,107.37147739748092,96.67484165710022,127.28608217808763,104.6019847869873,81.91788739588698,0.43372212176077696,16.463546735503197,-0.0009090700906918547,0.1026607574773426,4.549221908340341
1118,120.30863110233604,123.03723491891093,116.95034361616344,121.7279052734375,313434100,75.5306815385715,8.39252014914564,7.048778881486674,1.3437412676589648,106.1967716217041,94.34952377319335,66.13624534606933,108.73875624281011,97.65731474009384,128.98766521091818,106.1967716217041,83.40587803249004,0.4292200834579072,14.390110287583394,0.007461473176058497,0.05904353986971911,4.65905543651228
1119,121.71790142895496,122.81743693170633,118.6891989331394,120.8582763671875,222551200,73.54683622741504,8.30992515954867,7.301008137099074,1.0089170224495954,107.7220401763916,94.96035095214843,66.50489316940308,109.89299625465557,98.56715637252888,130.14759207700766,107.7220401763916,85.29648827577553,0.4163595836821304,6.162306773661305,-0.007144039029477689,0.038500973655958726,4.62113990523047
1120,123.00736216195214,126.82572796109054,122.51757388076366,125.14644622802734,299595000,76.78484934969406,8.492590211759932,7.539324552031246,0.9532656597286859,109.4138916015625,95.67515213012695,66.90070264816285,111.34570577592908,99.60948146490138,131.73659491387036,109.4138916015625,87.09118828925462,0.40804148331726264,9.044460001673906,0.035480978131871455,0.022625674762517978,4.717305025849939
1121,129.3346430722871,129.74447132445016,127.10560139337456,129.55455017089844,260704500,79.55527661460242,8.890565821194258,7.809572805863849,1.0809930153304093,111.16253204345703,96.48787048339844,67.31447063446045,113.07988143259283,100.7837978847444,134.0361587518022,111.16253204345703,88.28890533511188,0.41153482720964135,17.303757166136926,0.035223564677491215,0.07126270466457685,4.7087850308908585
1122,129.90441625095465,132.78317395786428,128.26511837192902,131.82359313964844,309320400,80.82384081032787,9.282059360894152,8.10407011686991,1.1779892440242428,113.03816719055176,97.40711853027344,67.72984594345093,114.86499683326478,102.00104475748574,136.2267655207138,113.03816719055176,89.84956886038972,0.41027909256653705,20.30214261608834,0.01751418970431251,0.09101681365095926,4.695161499108315
1123,132.9331153831068,133.67278906643185,129.52457044327446,130.92396545410156,288504400,78.73781655758573,9.411241442884418,8.365504382072812,1.0457370608116054,114.96277389526367,98.26633514404297,68.13832483291625,116.39442241620162,103.13527694166676,137.3670321797453,114.96277389526367,92.55851561078204,0.3897654436364407,13.90500766182868,-0.0068244815978718565,0.07554603161869045,4.656094150826107
1124,131.08388532556722,136.27166699428068,130.63408092847425,135.52198791503906,294335100,81.38260928281534,9.771995675596756,8.6468026407776,1.125193034819155,117.00228919982911,99.23500350952149,68.56933917999268,118.2160953208528,104.40534403866175,139.09276537188916,117.00228919982911,94.91181302776906,0.3776075891016381,16.45020980935432,0.03511979220144723,0.1213298086702872,4.726200716181844
1125,139.74020619139688,140.69978702792184,129.46460449105635,130.72406005859375,517768400,71.40191104758546,9.560535422927359,8.829549197207553,0.7309862257198052,118.77162437438965,100.14327560424805,68.98059083938598,119.40733005778051,105.43745054924733,139.2472315100769,118.77162437438965,98.2960172387024,0.3447895445320243,6.820276687310733,-0.03540331668875174,0.04456869530600582,5.1911279890878195
1126,127.0656139833598,130.57411435219748,124.24682083583242,126.5158462524414,649445800,63.98938828275267,8.95021149771921,8.853681657309885,0.09652984040932466,120.35233764648437,100.93370010375976,69.37060651779174,120.08433160012918,106.26405430231377,137.88215990262975,120.35233764648437,102.82251539033899,0.2913083800272565,4.613622185044908,-0.03219157823178165,-0.023455015006795255,5.282993077207356
1127,123.18726572238242,124.40674492687346,117.98949375774168,118.05946350097656,476060900,52.25069413933788,7.695457530584932,8.622036831964895,-0.926579301379963,121.06800689697266,101.48349380493164,69.72575052261352,119.8914870192575,106.726619368928,136.91552481526762,121.06800689697266,105.22048897867772,0.2617953053737968,-2.2899796444429685,-0.06684050260859442,-0.10441324887943793,5.5146616070282395
1128,121.14814167969276,126.44587713171062,119.26894878077069,126.03604888916016,414192600,59.751073068151335,7.260999467293971,8.34982935903071,-1.08882989173674,122.0490737915039,102.24139404296875,70.12487483978272,120.47668338781966,107.48385189913319,136.5158055327886,122.0490737915039,107.58234205021922,0.23706417905306124,3.539158589844514,0.0675641337987074,-0.03733400946104848,5.7197867515786545
1129,126.07603561970312,128.0651821115694,122.54754706402704,126.3459243774414,362975900,60.01384602342939,6.862585075264576,8.052380502277485,-1.1897954270129087,122.67422370910644,103.04916961669922,70.5288913345337,121.03565872016459,108.22354101592958,136.74360501590516,122.67422370910644,108.60484240230772,0.22937795539119943,4.540564515070131,0.00245862585357437,-0.06770903879708645,5.705347344147492
1130,124.04690423190566,126.35592112032522,122.86740877139376,123.93695068359376,252571700,56.90359405640217,6.280062107923058,7.6979168234066,-1.417854715483542,123.13274917602538,103.78050018310547,70.92283170700074,121.31197224049117,108.83975315975955,136.7312343652047,123.13274917602538,109.53426398684607,0.2208751981934472,-0.9664641553063177,-0.01906649308806474,-0.05191935877724296,5.547001987346347
1131,124.52670811618472,127.65536639722576,122.69748913626472,123.48715209960938,315516700,56.31671028398312,5.716220441819999,7.3015775470892805,-1.5853571052692814,123.78492431640625,104.570400390625,71.31606214523316,121.51913222707385,109.4141609613223,136.07475502713862,123.78492431640625,111.49509360567386,0.19856748757737872,-4.683276707213614,-0.0036292532735673344,-0.02393924747409726,5.504921649747396
1132,123.4171870029918,124.78659610560356,118.77917237025213,124.24683380126952,284885500,57.12107781074914,5.269923426722755,6.895246723015976,-1.625323296293221,124.5184112548828,105.36278091430664,71.71001791000366,121.7789133293782,109.9958344060261,134.93753386769365,124.5184112548828,114.09928864207197,0.16735071557383474,-5.747650445510476,0.006151908832162212,0.05240893120136669,5.54081465586197
1133,121.07818104942778,123.35721213177682,120.97822535200488,122.61752319335938,218374000,54.79082039693707,4.730230919941789,6.462243562401139,-1.7320126424593498,124.90221939086913,106.29190841674804,72.09534744262696,121.85878093547164,110.49080259376467,134.40735358408014,124.90221939086913,115.39708519765813,0.15220120570420978,-6.344478057880247,-0.01311349801087236,-0.02712339624996607,5.378514212533589
1134,121.60795022813568,128.22511291503906,121.30807553564613,128.22511291503906,215749000,60.728800057677844,4.70081823949306,6.109958497819523,-1.4091402583264632,125.49459381103516,107.26686172485351,72.51711450576782,122.46509826685902,111.18626574361858,134.247794763838,125.49459381103516,116.74139285823235,0.139499251513305,-5.3842738822386,0.04573236822633331,0.014873360948184144,5.488408724452114
1135,127.32550112143424,128.7948810674807,125.62623147151253,125.7761688232422,214176700,57.19564755263229,4.428846174958352,5.773736033247289,-1.344889858288937,125.66452369689941,108.13476577758789,72.92630708694458,122.78043831984789,111.7584188055646,134.3002467728447,125.66452369689941,117.0288006209541,0.1374409072965495,-3.7849889554637315,-0.019098786783050103,0.014839949906012118,5.322711643846119
1136,127.43544631776729,130.7140492483546,126.98564191819273,128.1451416015625,237677300,59.641703539125814,4.354269352582548,5.489842697114341,-1.1355733445317924,126.02496566772462,109.10494110107422,73.34957307815552,123.29136244191595,112.40103538579982,134.4401612502328,126.02496566772462,117.60977008521644,0.13354807181135117,1.2878191921272097,0.0188348301628547,0.037720438302729864,5.295223699650853
1137,130.29424856790877,133.76276548705792,128.59496354527897,131.3238067626953,285366600,62.72008719628069,4.499787645881796,5.291831686867832,-0.7920440409860365,126.54983787536621,110.07962005615235,73.79513326644897,124.05635713913303,113.14310485156042,134.91189515774332,126.54983787536621,118.1877805929891,0.13215437368813635,11.235307080324848,0.0248051944959109,0.05695898032094138,5.3182522843540365
1138,133.9726664675838,135.04221608834806,132.36335454676214,134.852294921875,248978600,65.83535506569311,4.843992912351311,5.202263931964528,-0.35827101961321706,127.20605735778808,111.02286071777344,74.26444192886352,125.08454168987036,113.99444563863159,136.00022916391242,127.20605735778808,118.41188555166373,0.1382665572503247,6.995019369790077,0.02686861008800734,0.09977996137813228,5.203977787303944
1139,135.69193143030844,136.0917542249626,126.99565600235432,127.3455047607422,374782700,55.256182926786636,4.459634941177498,5.053738133807123,-0.5941031926296247,127.53041877746583,111.8155256652832,74.69325359344482,125.29987150614387,114.51801658459671,135.8287102189641,127.53041877746583,119.23212733596758,0.13013822931105337,0.7911457280685081,-0.05566675869685245,-0.006859874281254785,5.481986389825683
1140,128.20514625821357,131.86358478076724,127.16559770787345,129.1847381591797,252680500,57.076129462095814,4.254397201344858,4.89386994731467,-0.6394727459698117,127.73233337402344,112.67206130981445,75.12820337295533,125.669858806433,115.09318213654115,135.9851663622087,127.73233337402344,119.47950038583818,0.12922073480047483,4.234239624777699,0.01444286079742696,0.027100279550792195,5.425986438616262
1141,130.50412821022553,131.3337748661706,127.12557732818904,128.38504028320312,208326200,56.00938551242752,3.981321680585026,4.711360293968741,-0.7300386133837149,127.67385787963867,113.57978927612305,75.56070865631104,125.92844751850635,115.61443147562593,135.8907116113294,127.67385787963867,119.45700414794793,0.12871630681728083,3.9663139851528273,-0.006190343281813893,0.0018720856572660427,5.339001517142354
1142,128.38505064333015,128.9847847878456,124.52670149646414,126.30593872070312,214769500,53.22422965112102,3.5561481800685186,4.480317871188697,-0.924169691120178,127.39797515869141,114.39044326782226,75.98003526687621,125.9643990615727,116.03370626955054,135.40687147245237,127.39797515869141,119.38907884493045,0.1257303548786359,1.6572695306884904,-0.016194266543155922,-0.03820988871469111,5.276078786730862
1143,121.29808499297587,121.79787109317448,116.6700684505438,117.93952178955078,390086200,43.788111087909805,2.5151026546138837,4.087274827873734,-1.5721721732598501,126.74875297546387,114.97435928344727,76.35442680358886,125.20012503566585,116.10844413307996,135.5727208418135,126.74875297546387,117.92478510911424,0.1392355768274545,-3.8151165363466917,-0.06623929971854114,-0.12541702120918607,5.5874924641186094
1144,121.79786974825338,122.34763750285344,116.51013195140489,121.03819274902344,320979500,47.50055067279203,1.9179939843767215,3.6534186591743314,-1.7354246747976099,126.02456321716309,115.55326293945312,76.74226301193238,124.8037505321761,116.301767608215,134.2033635595864,126.02456321716309,117.84576287473978,0.12979692424451822,-5.604924029801885,0.02627338921215805,-0.049529129619211854,5.605350541785034
1145,120.29850995680886,121.547975177852,117.31978914047504,117.87954711914062,217223800,44.28953474456388,1.17634458868028,3.1580038450755215,-1.9816592563952415,125.38233757019043,116.10069747924804,77.1078950881958,124.14430258807748,116.36364131452581,133.99013422494426,125.38233757019043,116.7745409154366,0.13730477229195198,-6.278313116055383,-0.0260962722438558,-0.08751181603285796,5.506981648613029
1146,120.29851430002402,124.0169241522775,119.8087260510085,123.48715209960938,258068900,50.665627358074914,1.029204922816703,2.732244060623758,-1.703039137807055,125.23090286254883,116.76312255859375,77.50788614273071,124.081716827271,116.64299467864673,133.8601444615487,125.23090286254883,116.60166126354896,0.13781329371187517,-3.6349325801488903,0.047570635598058075,-0.038149991407017136,5.552009890364731
1147,122.72746539631608,124.63665183286044,122.04775604012886,122.53754425048828,173911000,49.62974265302768,0.8264435337023457,2.3510839552394756,-1.5246404215371299,125.45480690002441,117.43983856201172,77.90051082611085,123.9346527723393,116.87415348538562,133.54357727142258,125.45480690002441,117.36603652862624,0.12895114298560362,-6.69053291158699,-0.007689932377378805,-0.029835449610550735,5.340358883390935
1148,119.11901958919532,119.8986847003661,113.39147504105252,114.2011260986328,327776900,41.59054842349156,-0.006846678244130544,1.8794978285427544,-1.886344506786885,124.86306076049804,117.92721771240234,78.24822050094605,123.0076502319863,116.76932888198355,134.312349094154,124.86306076049804,115.41377242684209,0.151354424216475,-15.313917227145597,-0.06803154251903709,-0.03169756527916667,5.61219533525128
1149,112.99163342891376,116.580093681362,106.25451947131738,112.2319564819336,460067000,39.94459755568432,-0.8167161108363956,1.3402550406669245,-2.15697115150332,124.15736236572266,118.36479873657227,78.58071781158448,121.98139368436223,116.59139270943258,135.0553526058043,124.15736236572266,113.25937212564102,0.17555125257864457,-11.868144311182455,-0.0172429964919828,-0.0727558472832609,5.948865254879375
1150,116.14029297278634,116.15028320368104,111.53226465502333,113.01162719726562,293399100,40.94119474187765,-1.3797259384438831,0.7962588448447631,-2.175984783288646,123.61109619140625,118.79884292602539,78.91955688476563,121.12713020940065,116.45100974817113,135.5445923500036,123.61109619140625,111.6776000328089,0.1930813094662451,-12.519366600399634,0.006946958244085755,-0.04129571279193156,5.8538047758635425
1151,113.64135918454429,116.23024736996388,111.2523823769322,111.54225158691406,248152100,39.607218166178214,-1.9223222801194453,0.2525426198519214,-2.1748648999713667,123.01385116577148,119.13805313110352,79.24842575073242,120.21428462630669,116.25850942812184,136.05646799195225,123.01385116577148,109.97123433959074,0.21205119102571196,-13.118965152899234,-0.013001986138883925,-0.09672990517313174,5.791237648518409
1152,111.47229176091776,111.94209192931172,102.4961374039918,103.68563079833984,486833300,33.35012276433925,-2.952265547698886,-0.3884190136582401,-2.5638465340406458,121.985791015625,119.32554794311524,79.53297481536865,118.64012711888128,115.76545536420882,137.487216571483,121.985791015625,106.48436545976699,0.25415133068854634,-17.90914041847466,-0.07043627573227096,-0.15384601974405343,6.052288854004232
1153,112.85169271533528,118.28935980657482,110.8325527830194,116.9699249267578,473174200,48.2397060823638,-2.66584133344773,-0.8439034776161382,-1.821937855831592,121.70341110229492,119.81630981445312,79.88325077056885,118.48106024344095,115.81268946470094,137.35356145356667,121.70341110229492,106.05326075102317,0.25718507327814144,-0.8221136121978811,0.12812087871900824,0.02424493455286636,6.663106007877857
1154,117.47971689042026,120.10859659996096,106.76430191931924,109.16327667236328,523462300,42.26429688565417,-3.0338075068670776,-1.2818842834663262,-1.7519232234007514,120.75031929016113,120.10494171142578,80.20190872192383,117.5936522842907,115.55192817872691,137.00572286574996,120.75031929016113,104.4949157145723,0.2692399270022193,-9.81088349632184,-0.06674064516398337,-0.02734229987396053,7.140333770218133
1155,103.71561292679569,108.67349009112934,101.3266359945612,107.22410583496094,482027500,40.9087475618565,-3.4422184786907764,-1.7139511225112163,-1.72826735617956,119.82271614074708,120.34267669677735,80.50770280838013,116.60607643197358,115.22534691034393,136.92055847173572,119.82271614074708,102.72487380975842,0.28538565777302277,-9.039262149022557,-0.017763948614537006,-0.05121173374667343,7.1900699779027
1156,92.020610744235,103.36576087778292,90.65120176374948,100.40702056884766,552842400,36.47924592308056,-4.266784093471188,-2.2245177167032106,-2.042266376767977,118.43581008911133,120.45278549194336,80.79018955230713,115.06330920691397,114.6442360734225,137.0418164469803,118.43581008911133,99.82980373124235,0.3141956194476955,-18.690309994471665,-0.06357791667301116,-0.09982971349103353,7.8602724131390405
1157,103.79557030996848,107.66391734722713,100.50698458680512,104.20539855957033,409012100,40.354502705933804,-4.561182452304507,-2.69185066382347,-1.8693317884810372,117.07988967895508,120.46197189331055,81.10037256240845,114.02922247859553,114.2348698964087,135.6839274869876,117.07988967895508,98.47585187092257,0.3178007403158079,-14.960431762402408,0.03782980482045262,0.005012919892838363,7.817174153513357
1158,107.76386930019544,108.75345120343056,98.64777632103672,98.86768341064452,411440400,36.943624317153706,-5.165657788600427,-3.186612088778862,-1.9790456998215653,115.28065910339356,120.31103134155273,81.38434167861938,112.58526637688591,113.63223513226109,133.6198661177316,115.28065910339356,96.94145208905553,0.31816624153562234,-13.426700078898653,-0.05122301937048335,-0.15475979425863728,7.980638491290534
1159,101.95636396303468,105.45486664804078,97.4782771707294,104.9250946044922,391910000,42.8473596535097,-5.097169392301964,-3.5687235494834826,-1.5284458428184817,114.15963859558106,120.13267471313476,81.70216556549072,111.85572620808651,113.29077864097603,132.149502660383,114.15963859558106,96.16977453077911,0.3151703051291599,-6.510500312464575,0.0612678580592243,-0.038824247467317496,7.980349276006309
1160,105.59480355882924,106.55439192807604,103.38574997554278,104.70518493652344,290844200,42.69108913255695,-5.002965643446814,-3.855571968276149,-1.1473936751706648,112.93566093444824,119.93144958496094,82.01095500946045,111.17472227746146,112.95408869178182,129.9758880229963,112.93566093444824,95.89543384590019,0.3017687583807348,-7.350077568782379,-0.0020958729539172216,-0.023492113819206017,7.636655895758234
1161,106.27451625816649,111.02248421974711,106.214544366382,108.97335815429688,325559900,46.750395051846844,-4.531664379610305,-3.9907904505429803,-0.5408739290673248,111.96507682800294,119.90204376220703,82.33764755249024,110.96506855144578,112.79798161188046,127.5215709513754,111.96507682800294,96.40858270463048,0.27788118517115534,-2.3030675784910954,0.04076372359555047,0.08531612169066816,7.542416137720052
1162,112.3918952304853,116.18027460234956,111.53226256952767,116.0903091430664,312646700,52.75914336742554,-3.5430343717498403,-3.9012392347843523,0.35820486303451204,111.4542953491211,120.03230804443359,82.70933876037597,111.45318670302869,112.92709249545638,125.71025420496083,111.4542953491211,97.19833649328136,0.25581712775060234,11.963739092114563,0.06530909122477935,0.11405273381015779,7.518451874172382
1163,118.47929970941884,118.54926946313572,114.02120830914065,118.0294952392578,339246400,54.273221969267404,-2.573397333738484,-3.635670854575179,1.062273520836695,111.45879402160645,120.09407073974609,83.09798622131348,112.07950180171717,113.12718672070349,125.72299046828721,111.45879402160645,97.1945975749257,0.25595461662568536,0.905848501795195,0.01670411691127116,0.19381269154477065,7.304852537016861
1164,118.7091971963176,123.18727640390335,117.41974813678404,122.80744171142578,318086700,57.85716334478506,-1.4032370032291368,-3.1891840843059707,1.7859470810768339,111.54725646972656,120.22266708374023,83.50965396881104,113.10121036454656,113.50680456347692,126.0676346580642,111.54725646972656,97.02687828138893,0.2603448735160671,12.498859923391045,0.04048095319295064,0.1704296495927864,7.195043660595608
1165,121.88782549205813,124.94651370725,121.12814855340164,124.52669525146484,302589900,59.09939712736845,-0.3333049860665085,-2.6180082646580782,2.2847032785915697,111.87961387634277,120.2656495666504,83.92661510467529,114.1893517823483,113.93895713947644,127.24428511244372,111.87961387634277,96.51494264024183,0.27466435937262107,16.136846543757617,0.01399958761521125,0.18930782011376057,6.95385233868509
1166,124.22681311087396,129.94436645507812,123.36718053808076,129.94436645507812,318333600,62.8186999695513,0.9409380861988978,-1.9062189944866832,2.847157080685581,112.20247459411621,120.44581085205078,84.37256839752197,115.68982937022733,114.5666202498922,128.75470207099704,112.20247459411621,95.65024711723537,0.29504211091167537,29.41761016200768,0.043506102789229395,0.19244160826069168,6.926947594278824
1167,128.345066215563,129.82444407435935,125.83614544847738,127.19556427001952,300087400,59.84514297068121,1.7092760672432092,-1.1831199821407048,2.892396049383914,112.43537559509278,120.57319488525391,84.79705760955811,116.78561364639802,115.06187295656386,129.67936230312839,112.43537559509278,95.19138888705717,0.30673596484678295,22.062355720761023,-0.021153684919529514,0.09566048371244595,6.725609980873246
1168,127.26551201028192,129.2946496603409,126.60579842852306,128.44500732421875,257883600,60.754500868985815,2.391442010365111,-0.4682075836395416,2.8596495940046527,113.14756965637207,120.70753692626953,85.22189291000366,117.89603209190476,115.58670175529542,131.74768478277707,113.14756965637207,94.54745452996707,0.3287762199911734,29.916068520312688,0.009823008069265837,0.08824499387926421,6.437270070226432
1169,129.96437709388331,130.694060503307,123.04733191995244,123.6870574951172,376189100,55.59159759362687,2.5190980533913745,0.12925354376664164,2.3898445096247327,113.72032470703125,120.76411254882812,85.61544826507568,118.44755832078214,115.9043627647002,132.86975239056446,113.72032470703125,94.57089702349803,0.33678109401932116,17.881292327013767,-0.03704269965971985,0.007162560928175354,6.523659964021299
1170,125.80614369005178,129.5445487924897,125.1664181633936,129.31463623046875,323230300,59.92902163937584,3.0393294613928106,0.7112687272918754,2.3280607341009354,114.53547515869141,120.84747634887695,86.0334139251709,119.48251812170467,116.43025584178916,134.84751000302532,114.53547515869141,94.2234403143575,0.35468547742419787,23.50356508979433,0.04549852546677102,0.03844911301416376,6.4760764878321
1171,129.5145768150302,131.20384101513017,124.3167968178151,126.40589904785156,331964700,56.83887025126201,3.180245923619424,1.2050641665573851,1.9751817570620387,115.27865753173828,120.78450332641602,86.43581653594971,120.14188773371866,116.82145753614455,136.17743727005183,115.27865753173828,94.37987779342473,0.36257847177930125,15.99706679578665,-0.022493487724259964,-0.027230633414568328,6.505431324223741
1172,124.99650751528328,129.14472607274774,123.8270022374259,128.2451171875,303134600,58.30293895237052,3.4011266966336535,1.644276672572639,1.7568500240610145,116.50663185119629,120.71293380737305,86.8443222618103,120.91362387217403,117.26944418913888,137.4224983708075,116.50663185119629,95.59076533158508,0.35905023065683006,10.470131515848022,0.014550097372846515,0.008251489928158273,6.420595075016463
1173,128.06518755846798,128.27510443502842,122.58753608006307,125.55626678466795,448101100,55.347094592444634,3.320926965901691,1.9796067312384495,1.3413202346632416,116.93594894409179,120.60557983398438,87.23750494003296,121.35578034003059,117.59441762425767,138.22144799843002,116.93594894409179,95.65044988975356,0.3640539841946301,6.37702595453164,-0.020966493397957864,-0.022490095954131428,6.36823602358424
1174,121.30807159752445,124.3767576630414,116.66005977160984,117.53968048095705,453023300,47.598976292818314,2.580747335363796,2.099834852063519,0.48091248330027714,117.35476913452149,120.24593368530273,87.5836841583252,120.99234225821407,117.59227106961843,138.33954552336036,117.35476913452149,96.36999274568261,0.3576297161776942,-4.289447900760751,-0.06384855578303827,-0.04970105311465456,6.548805379975231
1175,119.47885915972935,121.69791057687668,117.169849908653,119.31893157958984,333751600,49.29557726483877,2.113358853945968,2.102539652440009,0.010819201505959164,117.95951042175292,120.01783111572266,87.93733554840088,120.83296981263081,117.65998324648007,138.43250509854488,117.95951042175292,97.48651574496098,0.34711901742543216,-4.182045995325439,0.015137450530342988,-0.07729755070465683,6.4044664719929765
1176,115.96037175405029,116.16028314135124,107.24410104783064,107.95379638671876,477155100,40.31627847263525,0.8164669644699671,1.8453251148460006,-1.0288581503760335,118.33684921264648,119.6465901184082,88.22898460388184,119.60638186730586,117.2793484676659,137.75279254400195,118.33684921264648,98.92090588129102,0.3281470389069732,-16.923065361176327,-0.09525005833035094,-0.1459750122432788,6.809492476261993
1177,105.36490525672455,113.22153543398689,104.07545625261184,106.16455841064452,372470300,39.10850937291997,-0.351652126110821,1.4059296666546364,-1.7575817927654573,118.4348072052002,119.40869201660156,88.51552499771118,118.32620820476669,116.84347434778272,137.58249180503685,118.4348072052002,99.28712260536356,0.32334556118559565,-16.534386226495236,-0.016574108886960537,-0.17217465476344596,6.976391526627211
1178,104.94507973247826,109.6030896936583,104.715182404582,107.16413116455078,306850700,40.186545583075095,-1.1830997166974413,0.8881237899842209,-2.071223506681662,118.84962959289551,119.03125366210938,88.80410512924195,117.26315324855565,116.46389226216579,136.5915763870286,118.84962959289551,101.10768279876244,0.29856124676039614,-16.568083573658207,0.009415314949457132,-0.14648520612404103,6.8272140810878605
1179,107.9937729521253,108.10372649561138,100.90680264312545,102.78600311279295,413638100,37.08924424499344,-2.1702885314944353,0.2764413256884897,-2.446729857182925,118.74267501831055,118.56005523681641,89.07170402526856,115.88437704514968,115.92750445238646,136.84130488721354,118.74267501831055,100.64404514940757,0.30483783300506084,-16.898335853085808,-0.0408544165307998,-0.12552082248134389,6.853621921902009
1180,104.83512996607128,106.50442134190934,103.64564422957986,106.42445373535156,273912000,41.148732717471994,-2.62874765545898,-0.3045964705410042,-2.324151184917976,118.82863845825196,118.20980529785156,89.3519437789917,114.98343196802605,115.55483579681646,136.67431955580201,118.82863845825196,100.9829573607019,0.3003599356028938,-17.70115368404359,0.03539830825570611,-0.10806732572556788,6.62967880098875
1181,107.76386463370493,109.35318822314704,104.90508784485718,108.05374145507812,268283700,42.924801665834956,-2.8280103686101796,-0.8092792501548394,-2.0187311184553405,118.78265762329102,117.90113708496094,89.64265348434448,114.3234614429834,115.26067523439535,136.73409901384838,118.78265762329102,100.83121623273365,0.30225694137083237,-14.518434448875,0.015309335989434958,0.0009258133729852513,6.473851770795973
1182,109.34320554644113,117.1398719849632,107.37404703465796,116.85999298095705,441422400,51.45278441550472,-2.2494068413096926,-1.0973047683858101,-1.1521020729238824,118.82114181518554,117.75340026855469,89.98353050231934,114.56503587517136,115.32339357739777,136.7526198263283,118.82114181518554,100.8896638040428,0.3018230213446927,-8.877627824143513,0.08149881167733564,0.10074392745027572,6.708992712189491
1183,116.80000446674823,120.74865704096976,115.34050510922768,119.0992202758789,366052700,53.36105256391104,-1.5918229050399333,-1.196208395716635,-0.39561450932329834,118.8746280670166,117.68303421020508,90.34030059814454,114.99686296095304,115.47146521263232,136.80272292434543,118.8746280670166,100.94653320968776,0.3016302999025447,-5.142751273310029,0.01916162441740643,0.11137205127900285,6.616075513586105
1184,119.03923719212747,119.91893319621944,117.5597404845181,119.0592269897461,238358300,53.32073959028587,-1.061671731015366,-1.1693010627763814,0.1076293317610153,118.68721733093261,117.49971649169922,90.69454225540161,115.38375477321904,115.6121617529113,136.5250844903636,118.68721733093261,100.84935017150161,0.3005861551154935,1.2927944865693544,-0.00033579805174355215,0.15832139964714464,6.312012456308621
1185,116.75001946408976,118.13954300655384,114.32085103611608,116.74002075195312,248772300,50.91841183107519,-0.8192202064495149,-1.099284891511008,0.2800646850614932,118.29788360595703,117.31899353027343,91.03929153442382,115.5129229616699,115.65639151757962,135.94785800328845,118.29788360595703,100.6479092086256,0.298398819308085,-2.161359302749452,-0.01947943302195898,0.09692854089957126,6.1996098489744345
1186,118.12954900355818,118.75933823796504,114.79069593440208,115.55043029785156,231925900,49.68195889668144,-0.7148255700775366,-1.0223930272243138,0.30756745714677725,117.5781867980957,117.06709930419922,91.37649883270264,115.5164950889253,115.6522361756295,134.4254812286724,117.5781867980957,100.730892367519,0.2865717679335663,7.036930766121154,-0.010190082599258576,0.06937926203962208,6.040255024302186
1187,115.850318172966,117.659695980885,113.18123422247302,113.33118438720705,310318900,47.3709202758553,-0.8019226020303734,-0.9782989421855257,0.17637634015515236,116.88496780395508,116.70724685668945,91.7094554901123,115.30837026019023,115.56121453686784,133.22564512600377,116.88496780395508,100.5442904819064,0.27960271759591926,6.750488189139372,-0.019205864529660555,-0.0301968920563348,5.928698362452885
1188,117.30982462581498,119.6190390017094,117.20986038538442,117.82965087890624,293506400,52.222423795951265,-0.502170270438711,-0.8830732078361628,0.38090293739745185,116.35419998168945,116.36679397583008,92.06492948532104,115.54849222387747,115.65017282479091,131.82489679531466,116.35419998168945,100.88350316806422,0.26592416631389026,9.952508921085288,0.03969310402977655,-0.010659762457150168,5.9543523804564185
1189,117.0199313836397,118.57940262799144,115.35050480567511,115.96029663085938,382462400,50.15341248092422,-0.41072111566906244,-0.7886027894027428,0.3778816737336803,115.96786193847656,116.13908981323242,92.41732769012451,115.58771169120908,115.66233454267595,131.06826933934133,115.96786193847656,100.86745453761179,0.2604240027961515,12.817205766440315,-0.01586488828663335,-0.02602847706338307,5.759677054874984
1190,116.51010886475667,116.94995306986276,114.82068489843978,116.22020721435548,206228500,50.44737337475945,-0.31365872717270804,-0.6936139769567359,0.37995524978402784,115.31314048767089,115.87979919433593,92.7657283782959,115.64794936008016,115.68421190234966,129.12230852151296,115.31314048767089,101.50397245382882,0.2395072751542748,9.204419788109295,0.002241375635002818,-0.0044527449476998715,5.5003621346284115
1191,116.48011145817397,121.75831050299728,115.34050229413268,120.82862854003906,354966800,55.462613719726185,0.1335851157456034,-0.528174158416268,0.6617592741618714,115.03427696228027,115.72867095947265,93.14248321533204,116.1413473772191,115.88595373127866,128.14367532833748,115.03427696228027,101.92487859622307,0.2279216023647591,11.822716097500356,0.03965249620648015,0.045678741555371216,5.565893997073853
1192,121.9782246233193,124.8972307941946,121.56836894761844,123.46772003173828,284692900,58.07923700225691,0.6929933154810186,-0.2839406636368107,0.9769339791178293,114.79540710449218,115.67190658569336,93.52697153091431,116.83909715383997,116.18327789992414,127.08147330950857,114.79540710449218,102.5093408994758,0.21405152897507523,5.654396241370646,0.021841607602330004,0.08944171632318576,5.458944586865401
1193,126.75659295249228,127.62629022604028,121.75830470715395,123.9975357055664,302582900,58.60503512630754,1.1656432315280512,0.005976115396161684,1.1596671161318894,114.71747055053712,115.79306686401367,93.90956148147583,117.52085320638534,116.48971938249835,126.74659106348948,114.71747055053712,102.68835003758475,0.20971732474964405,4.11280226549019,0.004291127054844246,0.05234577867839829,5.488161796295468
1194,123.9275641535197,123.9875411739155,119.21917738287792,121.3584442138672,271009200,54.910501755682695,1.312143494260937,0.26720959116911674,1.04493390309182,114.90840873718261,115.79947189331055,94.28334852218627,117.88633806424076,116.68064976804223,127.22836990643107,114.90840873718261,102.58844756793415,0.214430976890935,1.931154167764861,-0.02128341887346663,0.04655168829200185,5.437461548180684
1195,118.26950391549892,121.45841452339154,118.10956264419376,121.3984375,226553700,54.95684333270176,1.4151600477829334,0.4967996824918801,0.9183603652910532,115.01238403320312,115.86984970092773,94.65218835830689,118.22082372478926,116.86566105164842,127.51325408623623,115.01238403320312,102.51151398017001,0.21738302632565576,3.9904196676005275,0.00032954679331842485,0.04455533516726429,5.288275143253334
1196,121.72830933905864,122.39808576451377,115.7503608309228,116.95994567871094,302094500,48.944641209576375,1.1256761190972355,0.6225749698129512,0.5031011492842843,115.46269149780274,115.73930557250976,94.99668195724487,118.10074010135322,116.86935848800381,127.5562646749954,115.46269149780274,103.36911832061007,0.20948018828095322,1.219827028965709,-0.03656135871838595,-0.032017932406194216,5.385378699706022
1197,116.40013992758972,119.33912825058258,115.1005819238268,118.80931091308594,221845900,51.333622573264456,1.033571964389381,0.7047743687282372,0.32879759566114386,116.09492912292481,115.66474090576172,95.3491131401062,118.16822303580396,116.94543505369332,127.4793277040745,116.09492912292481,104.71053054177511,0.19612223664128434,4.83373270605056,0.0158119536020922,-0.0377297735590717,5.303462101638147
1198,120.87860561160096,124.31743049345978,120.2988023230489,122.80794525146484,277118000,56.115081314667215,1.2686113691540442,0.8175417688133987,0.45106960034064547,116.8771198272705,115.83687728881836,95.7188389968872,118.61010134205738,117.17533741439024,127.84153173746307,116.8771198272705,105.91270791707794,0.18762289704600132,4.22499289052024,0.03365590043110411,-0.009593662062174046,5.318080492976412
1199,124.89723283717322,124.99719707970252,121.78829684578012,124.87723541259766,243678100,58.39326836745119,1.6033735211351825,0.9747081192777555,0.628665401857427,117.98168144226074,116.08978286743164,96.09297958374023,119.2069712535374,117.47737263000622,127.38522114359913,117.98168144226074,108.57814174092235,0.15940677546523022,7.689648130276776,0.016849806882573315,0.028995025616259218,5.167424760186839
1200,124.94720840149982,130.59527568838965,124.90722118000956,127.67627716064452,346250200,61.31843608920882,2.0706648791283158,1.1938994712478677,0.8767654078804481,119.0442726135254,116.38307586669922,96.48347909927368,120.01357181611904,117.8773296704234,127.76168585945797,119.0442726135254,110.32685936759282,0.14645665943515765,9.857210050537565,0.022414347489346342,0.05171268914103222,5.206754439872922
1201,130.2153933149511,133.43429200303964,129.3756845929013,132.84449768066406,285722500,66.0628146486037,2.8254587209862763,1.5202113211955495,1.3052473997907268,120.28381042480468,116.80912078857422,96.9072805595398,121.23556475559951,118.46427743553089,129.436862653967,120.28381042480468,111.13075819564234,0.15219092572535947,9.944554768031066,0.04047909787905857,0.13581189619896028,5.246130182910222
1202,134.06407522234613,134.4739384804798,131.33501437000257,132.6045684814453,246191600,65.6601864632863,3.3654828065955797,1.8892656182755556,1.4762171883200241,121.0710391998291,117.38749954223633,97.32548978805542,122.31832701520388,119.01879865301773,131.52642820135193,121.0710391998291,110.61565019830628,0.1727149460452898,7.400192088554269,-0.0018060906052390635,0.11611259641469673,5.095615463450723
1203,131.86483875930813,134.95377710780917,130.9551466749852,134.7638397216797,242311300,67.57545539954134,3.9224750773726242,2.2959075100949695,1.6265675672776547,121.85427017211914,117.74337783813476,97.75529491424561,123.50361393963014,119.63625124394565,133.83685334111138,121.85427017211914,109.87168700312691,0.19667071415826196,8.682675792588327,0.016283535816011607,0.09735440525231187,5.017259389834527
1204,133.9641223517835,135.73352074472976,133.61425131031754,134.7538604736328,170209500,67.55670219138823,4.313368397056038,2.6993996874871833,1.613968709568855,122.63900184631348,118.25518951416015,98.18280641555786,124.57506599048754,120.2290986647177,135.78573212083407,122.63900184631348,109.49227157179288,0.21439721583832808,11.037893857768296,-7.404989400339179e-05,0.07909067676268244,4.810260107304361
1205,136.42329237635488,139.5522259694365,136.25335239175735,138.0227508544922,232347700,70.44962479844615,4.831234835770516,3.12576671714385,1.705468118626666,123.70313835144043,118.87116241455078,98.62597274780273,125.85579788229751,120.92688894666964,138.14887550894906,123.70313835144043,109.25740119393181,0.23355490167869963,13.694009327337668,0.024258231781782547,0.08103677459853853,4.809410492197172
1206,137.82280508502745,138.52257769243778,128.6959404665834,131.55496215820312,377831000,59.201400843242105,4.665964886503559,3.433806351015792,1.232158535487767,124.50336494445801,119.4941212463379,99.03627544403076,126.39857543238375,121.34367613143566,138.8265897671093,124.50336494445801,110.18014012180672,0.23008574634173154,12.478645056474898,-0.04686030858135559,-0.009707105261979043,5.167783830315543
1207,133.9341283963689,136.57322399642072,131.53495612489098,135.6735382080078,264879700,63.22766636478225,4.811853871689038,3.7094158551504415,1.102438016538597,125.62048263549805,120.12348403930665,99.4671710205078,127.28190522053842,121.9056315069875,139.76806165257577,125.62048263549805,111.47290361842033,0.22524318837603113,14.194365042028375,0.031306884835342386,0.02314377069891016,5.158532690402271
1208,139.2923118529861,140.8417844676902,136.8231559081479,136.8831329345703,306435900,64.34069792210533,4.9678103041192685,3.9610947449442073,1.0067155591750612,126.57315673828126,120.88379302978515,99.91088081359864,128.19630785997003,122.49298450414761,141.0560323753893,126.57315673828126,112.09028110117322,0.2288459261082454,11.461137676625675,0.008915480074736637,0.01572597825401445,5.1592265167794205
1209,138.62252759913224,138.85244459278235,137.23300404466042,137.9527587890625,176090200,65.33976462342302,5.118711448357502,4.192618085626866,0.9260933627306356,127.6727798461914,121.54434631347657,100.36293205261231,129.12549366274075,123.09925016237958,142.10501846107806,127.6727798461914,113.24054123130475,0.22608168526248604,10.470702152608498,0.007814153808149982,0.023738825026505372,4.931375455453178
1210,138.0827206747143,143.6608123779297,137.95276029474488,143.6608123779297,264554500,70.1465716844083,5.633949252802978,4.480884319062088,1.1530649337408896,129.04481010437013,122.32345886230469,100.841379737854,130.509809730854,123.90558593553841,144.06648764681802,129.04481010437013,114.02313256192224,0.23281335421856192,12.519581219597395,0.0413768716114995,0.04084878390361402,4.986852464982751
1211,142.86110303968678,144.3705808600113,141.731484819394,143.54086303710938,226311600,69.92710669454638,5.963852437043215,4.777477942658314,1.1863744943849008,130.18042182922363,123.01480895996093,101.31373573303223,131.75086242668783,124.67559680226668,145.9607362258676,130.18042182922363,114.40010743257965,0.24243759814122107,8.05179404732109,-0.0008349482286426069,0.09110945480332733,4.8191555775280746
1212,141.9813779606296,142.38123492807873,137.41295033058282,139.51222229003906,285930000,62.818393637058605,5.832986411401976,4.988579636407047,0.8444067749949289,130.98264694213867,123.48324722290039,101.75017732620239,132.4900395565308,125.25742525276756,146.94662166065618,130.98264694213867,115.01867222362117,0.24375709441220195,5.209212538978476,-0.028066159432445392,0.028293535590897312,4.912638229599395
1213,140.7718017861216,141.30161913611144,138.41260905173522,140.3619384765625,172354900,63.65758166975871,5.731766897230216,5.13721708857168,0.5945498086585355,131.80086708068848,123.92989608764648,102.18643493652344,133.23974421558145,125.8497591046811,147.9255815951547,131.80086708068848,115.67615256622226,0.24468298079700307,4.154006569154053,0.006090621829225151,0.025414420808552496,4.768093362083454
1214,140.8817548130095,144.08067171203157,140.75180968215267,141.49154663085938,205122100,64.79513667732472,5.67725576997708,5.245224824852761,0.4320309451243194,132.8075222015381,124.30357818603515,102.62229396820068,134.02563015989364,126.46316253708025,148.711170053733,132.8075222015381,116.90387434934316,0.23949920288492127,4.999994904446482,0.008047823837125767,0.025652171604686025,4.693139067325284
1215,142.95105547012693,143.09100694226274,140.00206821568727,140.47190856933594,173586700,62.88182114274689,5.488510901609061,5.293882040204021,0.19462886140503954,133.76119575500488,124.62248245239257,103.05069616317749,134.63956143698337,127.01252512658047,149.09100863559476,133.76119575500488,118.431382874415,0.22921166028850032,1.7744594276531462,-0.00720635321192431,-0.02219745075786339,4.578553328700297
1216,140.2419668294209,142.21129364579818,138.8524432880062,141.20164489746094,157593600,63.70778728799991,5.336299319785297,5.302365496120276,0.033933823665020846,134.9732807159424,124.84762802124024,103.48330671310424,135.26452176655266,127.56896119602676,148.52843541837342,134.9732807159424,121.41812601351135,0.20085686041755912,7.332815563169004,0.00519489153067787,-0.016296531107268586,4.49143168792113
1217,139.49222584841445,140.28196395700422,136.76316465511044,139.29229736328125,179418100,59.94889020280532,5.00392007979184,5.242676412854589,-0.23875633306274935,135.99743003845214,125.08956268310547,103.89801517486572,135.64811944243158,128.02869986925242,147.44394429695532,135.99743003845214,124.55091577994895,0.16833427301187645,2.667254943794079,-0.01352213379359879,-0.0015763846575435059,4.487649441808942
1218,137.55292462080052,137.5629157078968,132.06479759847417,132.71456909179688,270039600,49.18282487657537,4.161765199680929,5.026494170219857,-0.8647289705389287,136.49276123046874,125.17495391845704,104.28147905349732,135.36873369475208,128.2124594466071,146.36211835850702,136.49276123046874,126.62340410243047,0.14461363429191404,-3.045345144727216,-0.04722248391330164,-0.05448321295478953,4.683353036308809
1219,134.65389558133728,137.2630029133037,134.52395044654537,135.35365295410156,207127800,52.842078127935814,3.6650549299239685,4.75420632216068,-1.0891513922367118,137.01658210754394,125.40828582763672,104.67287132263183,135.36729743373775,128.49250625082257,145.35816963053094,137.01658210754394,128.67499458455694,0.12176026280439121,-1.8840549893859797,0.01988541183055248,-0.04337993203771462,4.673715949537238
1220,137.16303982117785,138.91244079735898,135.52360180221356,136.00343322753906,187528200,53.7256068952383,3.2859617782242196,4.4605574133733885,-1.1745956351491689,137.43293991088868,125.54206176757812,105.05559911727906,135.42788179505214,128.78705240677223,144.61943432419093,137.43293991088868,130.24644549758642,0.10458183340852592,-5.330179485722449,0.004800611282045342,-0.03181045511025615,4.594078227660107
1221,137.40294177771256,140.3219403030432,137.28298774012364,139.8621063232422,160537400,58.676863772805504,3.259318994319244,4.22030972956256,-0.9609907352433158,137.78382034301757,125.81118591308594,105.45680572509765,135.850188892975,129.2213682466338,144.72086893111182,137.78382034301757,130.8467717549233,0.10069467620834195,-2.5628637281608966,0.02837188006311142,-0.009486706583280324,4.574394573934681
1222,142.91106349142868,146.43985375430594,141.9114058474733,145.56015014648438,242043900,64.68578800906516,3.655846588335322,4.107417101317113,-0.45157051298179063,138.43159942626954,126.15748657226563,105.88540817260743,136.77494710759495,129.86210479172598,145.72361582944112,138.43159942626954,131.13958302309797,0.10535190568328866,4.335052339623669,0.040740440516984444,0.04499784196147072,4.717491206586757
1223,146.3399024123027,148.87902647248674,146.11997647950326,148.8290557861328,207323300,67.59685315768027,4.185621687797521,4.123058018613195,0.06256366918432654,139.13486022949218,126.62294235229493,106.32291429519654,137.9229574579319,130.60590679150664,147.50899467405753,139.13486022949218,130.76072578492682,0.12037435378528243,6.032345663980798,0.02245742146019203,0.12142213778496136,4.617590143687872
1224,148.71907691535895,149.71873459260812,146.2099263831815,147.5794677734375,175665800,65.37822421245625,4.453306021830144,4.189107619256585,0.26419840257355975,139.77614059448243,127.22373809814454,106.7528981590271,138.84262510702766,131.2715366339353,148.6589787226739,139.77614059448243,130.89330246629095,0.12710092137916884,4.302674815238995,-0.008396129412330366,0.09032497130669759,4.538391434097782
1225,148.6290778599626,148.79903306733925,143.52084240062385,145.2102508544922,182325600,61.27199777232217,4.423282927930359,4.235942680991339,0.1873402469390193,140.13551559448243,127.74156448364258,107.17396432876586,139.44906565440522,131.81815287787873,149.28315175890657,140.13551559448243,130.98787943005829,0.13055414433119356,3.3731600384837357,-0.0160538383468255,0.06769547950712207,4.591234236427612
1226,146.72974972362667,149.5987623190427,145.96000905647895,148.23922729492188,198634700,64.35441403040718,4.5909805284941,4.306950250491892,0.28403027800220837,140.96972885131837,128.54727310180664,107.60300937652588,140.286223905883,132.46211658050788,149.8750334264217,140.96972885131837,132.06442427621502,0.1263435015115312,4.984065449500642,0.020859246662034092,0.0598955728031072,4.576754038436389
1227,149.01896932454213,149.27887481548683,145.85004123347073,146.2199249267578,191903300,60.87583961205665,4.508964721464082,4.34735314468633,0.1616115767777524,141.49704818725587,129.34838043212892,108.02041378021241,140.85133828882346,133.00163847643927,150.33419543889747,141.49704818725587,132.65990093561427,0.12490928065081044,4.973446267031525,-0.013621916445548221,0.004532660756460194,4.494759720120654
1228,147.58945090415918,148.94898588208457,145.5001701321721,146.70974731445312,194463300,61.42059365093604,4.432397260029177,4.364361967754899,0.06803529227427774,141.98837890625,130.13929275512695,108.44649883270263,141.4092820055501,133.53921137204765,150.83746652542473,141.98837890625,133.13929128707528,0.12464523769255045,10.545321676760276,0.0033499017862350655,-0.014239883875398207,4.420049436534356
1229,144.8203910682193,145.1902747512061,140.03203789439084,141.93138122558594,250132900,53.58260352581125,3.940716657684476,4.279632905740814,-0.33891624805633835,142.18731002807618,130.92220031738282,108.84119621276855,141.4590057407916,133.86831607218642,150.84129530238638,142.18731002807618,133.53332475376598,0.12172654891074869,4.85966069472457,-0.03257020188730464,-0.03827149286459308,4.581310863929208
1230,139.45223367342163,141.50153478170088,137.10303223771243,140.1020050048828,221205300,50.904337072665975,3.3646552147920943,4.096637367551071,-0.7319821527589765,142.00936965942384,131.59575134277344,109.2110903930664,141.32976757546697,134.11277446170394,150.6811784443164,142.00936965942384,133.33756087453128,0.12213009332679754,3.013579642865838,-0.012889159570676711,-0.03517827301826015,4.598956444210944
1231,141.27163159656618,147.0796403153284,140.94174272954967,146.9596710205078,227834900,59.147700718402774,3.4220316557691035,3.9617162251946776,-0.5396845694255741,142.18031005859376,132.37386993408202,109.59942176818848,141.86594885594707,134.61657432675509,151.0974501517737,142.18031005859376,133.26316996541382,0.12543424739339937,5.074687407368293,0.04894766506293746,-0.008631698220258444,4.768862077513418
1232,147.35954130772643,147.50948385732136,142.68113546401185,145.84005737304688,309871700,57.45164416667605,3.338673286870801,3.8371076375299027,-0.4984343506591018,142.49670181274413,132.95347122192382,109.9876969909668,142.24443538138513,135.05671091680574,151.46163260366535,142.49670181274413,133.53177102182292,0.12582650232427262,0.1922966047237623,-0.007618509484174751,-0.002597919222713463,4.773111100070282
1233,149.29888738883682,152.83766902515802,140.65183891204953,146.6197967529297,400946600,58.347442202639826,3.297517896677647,3.7291896893594516,-0.4316717926818048,142.8095947265625,133.50388275146486,110.37049617767335,142.6611364643894,135.5101652633204,151.89072437329654,142.8095947265625,133.72846507982845,0.12717814463547325,-1.4844272319901215,0.005346537802630502,-0.0006131191905787148,5.302591029573011
1234,145.88003080645086,147.10962067545384,141.05169787065546,141.90139770507812,236406200,51.30794235244459,2.851298588330991,3.5536114691537595,-0.7023128808227685,142.83008728027343,133.9607261657715,110.73199207305908,142.58878039207403,135.76080182966385,151.901071245159,142.83008728027343,133.75910331538788,0.1270178312932862,-3.8474661509664005,-0.03218118666337111,-0.0002112536371372542,5.356543299231966
1235,141.9413916908634,142.00136870780395,135.7735059739188,135.9734344482422,344941900,44.10794516988366,1.996317177105766,3.242152610744161,-1.245835433638395,142.60516357421875,134.34539443969726,111.05139503479003,141.95874744504243,135.76914036372574,152.11152584599685,142.60516357421875,133.09880130244065,0.1333242364233259,-6.360994731360766,-0.04177522809998224,-0.0294683188616518,5.418780401707194
1236,137.6528702588759,139.25232877348597,135.6235662299349,136.87313842773438,190287700,45.36116703850144,1.3754811504118152,2.868818318677692,-1.4933371682658767,142.38873825073242,134.7718486022949,111.37472187042236,141.47440372910833,135.81243440545157,152.2050926392254,142.38873825073242,132.57238386223943,0.13788105027249217,-7.667396191005955,0.006616762922426966,-0.06863469768767982,5.290921983267469
1237,134.9637665583666,137.17301655731904,131.7548742168772,135.2936553955078,226370900,43.51644350040936,0.747397512677253,2.4445341574776043,-1.6971366448003513,142.18880615234374,135.21109802246093,111.69075088500976,140.88576103067018,135.79209013055183,152.40405813235998,142.18880615234374,131.9735541723275,0.14368574090243674,-7.472490179927951,-0.011539759008744377,-0.07231485071733235,5.3000091516370675
1238,136.7331843976686,139.30231211006736,136.0034385187834,138.2026824951172,141863200,47.732408920825556,0.4788509837922277,2.0513975227405292,-1.5725465389483015,142.46321182250978,135.61855865478515,112.0124700164795,140.6302297415699,135.88662316445635,151.9117980614241,142.46321182250978,133.01462558359546,0.13264598092433855,-5.798568244482187,0.021501578112479436,-0.05740776105423373,5.207769691845817
1239,138.78246325473978,140.401903648449,137.77281459318448,138.58253479003906,171682800,48.27531478540798,0.2932958979781404,1.6997771977880516,-1.4064812998099112,142.62465591430663,136.07100341796874,112.34229499816894,140.43521117475746,135.99234518898902,151.6841421315539,142.62465591430663,133.56516969705936,0.1270395523013986,-2.359482734987419,0.00274851607844373,-0.02338851462151803,5.023578217804297
1240,138.21267485883047,140.49189330582607,137.90278339727084,140.2119903564453,164414000,50.64367269850857,0.2745606377746981,1.414733885785381,-1.140173248010683,142.83508377075196,136.55083908081053,112.68049209594727,140.4139520492039,136.15782147006573,151.4544366487055,142.83508377075196,134.21573089279843,0.12068957640389605,0.07850376699367494,0.011758015314664139,0.031171941235451417,4.849687624286507
1241,141.95140715914127,145.740103497805,140.24198561488052,145.09033203125,231224300,56.99268519964123,0.6459085801892002,1.260968824666145,-0.6150602444769449,143.09649505615235,137.03607315063476,113.0588771057129,140.85932157130355,136.50811600187689,151.65625034218493,143.09649505615235,134.53673977011977,0.11963612781254578,-1.2720081477298295,0.034792614115262355,0.060035107676398525,4.898146589791734
1242,145.07032934736787,146.49993108099994,143.9106428157812,145.0203399658203,172621200,56.879632378131646,0.9239065061470058,1.1935563609623172,-0.26964985481531145,143.06950454711915,137.4671255493164,113.44680660247803,141.255609037448,136.84192870634527,151.60137498524222,143.06950454711915,134.5376341089961,0.11926888913371668,-0.562066020811959,-0.0004824033720910448,0.07189313158756927,4.733228138036521
1243,144.56045967909182,145.66014968908138,141.2713509133455,142.4010467529297,188505600,52.66908955083352,0.9222358327933762,1.139292255328529,-0.21705642253515278,142.74810409545898,137.83519577026368,113.76634048461914,141.36469834368435,137.0599333356231,150.86195036225297,142.74810409545898,134.634257828665,0.11368061689096853,-2.877339959152346,-0.018061557527088712,0.030378312359898185,4.708626040729334
1244,138.93199359328304,139.91172129670065,137.0925004855475,138.77203369140625,189308600,47.43035079070628,0.6209231711806069,1.0356184384989446,-0.4146952673183377,142.30773239135743,138.18346755981446,114.06633502960204,141.11777790061024,137.12707452604596,150.27969604304903,142.30773239135743,134.33576873966584,0.11203837652009056,-2.205308801944159,-0.025484454955024938,0.0013674082499233187,4.751477485490251
1245,138.97197539548316,141.7812196768295,133.7534018405272,135.03306579589844,210020900,42.71612218115262,0.07951070479185773,0.8443968917575273,-0.7648861869656696,141.79887313842772,138.45616012573242,114.34626049041748,140.5382815096853,137.0449565366284,150.2496533175575,141.79887313842772,133.34809295929796,0.11919389755488248,-0.6915826287389233,-0.026943237740698733,-0.03693638858831594,4.98550179626254
1246,137.32243273699547,140.13166176303284,135.173026862483,139.2718963623047,184905200,48.915173476995626,-0.007438626309834717,0.6740297881440549,-0.6814684144538896,141.3505065917969,138.9023991394043,114.64933406829834,140.41767340041096,137.13228751018434,149.32503136689292,141.3505065917969,133.37598181670086,0.11283333844887432,1.7525410479549992,0.03139105626775307,-0.04010215972000197,4.993579951324816
1247,137.0425210395857,138.4021497948264,135.76287224107875,137.3024444580078,159211400,46.40259796906646,-0.23258382536408817,0.4927070654424263,-0.7252908908065145,140.90463256835938,139.27226181030272,114.94774753570556,140.1209849297059,137.13896033166762,148.73616787333933,140.90463256835938,133.07309726337942,0.11116079240589212,1.4847622060529369,-0.014141057569672988,-0.05321940018642568,4.887540249174896
1248,138.9020072444441,139.56183041879834,132.50374826625531,134.21328735351562,231514900,42.69783302847073,-0.6527575956325791,0.2636141332274252,-0.9163717288600043,140.2798095703125,139.50036865234375,115.22347423553467,139.55834706530683,137.02422805801461,148.1529461010335,140.2798095703125,132.40667303959148,0.11224903362553765,-2.8866264167792193,-0.02249892284646804,-0.057497887734070385,5.0425789565583345
1249,134.14327863720246,134.36321966164874,130.3843129319086,131.96388244628906,237951100,40.182106725165184,-1.153954444189992,-0.019899582256058233,-1.134054861933934,139.78143463134765,139.64210159301757,115.47212776184082,138.83506472063848,136.8257831320646,148.39991242688288,139.78143463134765,131.16295683581242,0.12331362628041637,-4.775964268352906,-0.016759927065206792,-0.04905996593129702,4.966602368928464
1250,129.0546920799943,131.5540083659402,126.82530622422306,130.35433959960938,259410300,38.436982184332884,-1.6618761401545612,-0.34829489383575885,-1.3135812463188024,139.29405136108397,139.6956628417969,115.69795177459717,138.0273766138738,136.57200103275264,148.83771212507853,139.29405136108397,129.75039059708942,0.137028978204605,-7.030533360075647,-0.012196843688156767,-0.034648744503519846,4.978886215581146
1251,133.82339933223892,136.6626191312432,128.2449232385065,128.874755859375,277444500,36.85251745991538,-2.1589112015682304,-0.7104181553822532,-1.4484930461859773,138.38980560302736,139.6162680053711,115.91272468566895,137.15569844677867,136.27014828085547,148.27771832574862,138.38980560302736,128.5018928803061,0.14289943799884872,-11.176193440912686,-0.011350475517570069,-0.07465354299393157,5.224515478235114
1252,131.72394769790225,133.99333094415113,129.51456085077075,130.6442413330078,209719200,40.03609432271245,-2.382567622710013,-1.0448480488478054,-1.3377195738622079,137.6300148010254,139.57706146240236,116.12267204284667,136.53555967403858,136.0495244789791,147.44628663129734,137.6300148010254,127.81374297075345,0.14264725386338925,-9.913160206492956,0.013730272168768431,-0.04849296857956764,5.216948307273758
1253,129.7745000485284,135.24300545668208,128.1849385069714,134.6631622314453,306528600,46.61866956301543,-2.2100475662054464,-1.2778879523193336,-0.9321596138861128,137.03218307495118,139.57504791259765,116.33287918090821,136.35723610807733,135.995157332017,146.00585503688262,137.03218307495118,128.05851111301973,0.13097174343377718,-5.433867726344631,0.030762327198130324,0.0033519399368016067,5.348456781733538
1254,136.24273302531586,139.75176772445488,135.08304656610844,139.63180541992188,176053500,53.42580390855761,-1.6533375517298907,-1.3529778722014452,-0.30035967952844556,136.91870346069337,139.67260681152345,116.59362140655517,136.66909985206252,136.13777098252305,145.69851183180216,136.91870346069337,128.13889508958457,0.1282484883247424,0.6195569133385614,0.03689682542830064,0.05810622445693614,5.329895975396112
1255,139.9617148258363,141.86118913948326,138.61207790245493,140.18165588378906,105157000,54.12301022228628,-1.1544645683225383,-1.3132752114256638,0.15881064310312554,137.1291145324707,139.71578491210937,116.86587837219238,137.00362899794123,136.29635470414132,146.00935150896987,137.1291145324707,128.24887755597155,0.1295164343002655,3.812836550473263,0.003937859731983018,0.07538925297281884,5.181268494084128
1256,139.66180603983884,140.8115008078877,137.69234337416663,139.89173889160156,116205600,53.66683084106857,-0.773580656843734,-1.2053363005092779,0.43175564366554386,137.28004455566406,139.88252044677733,117.10600643157959,137.27868708305175,136.4373501624731,146.24000009059122,137.28004455566406,128.3200890207369,0.13053544036830633,0.4450593016155997,-0.0020681521441567874,0.08548596626827387,5.033974846915339
1257,138.5121216661011,138.9819943823141,134.67317523350815,136.9725341796875,170582600,49.17262778691348,-0.6992226330532674,-1.1041135670180757,0.40489093396480835,137.36398849487304,139.90850036621094,117.33666084289551,137.24952966368372,136.45833777099133,146.27927766546654,137.36398849487304,128.44869932427954,0.12980533352708012,-0.2402799743461314,-0.020867599009374516,0.04843912584366494,5.047159761999488
1258,134.79311660884966,140.2316308377207,133.98334063995796,137.452392578125,167734700,49.9151110832193,-0.5947172705722608,-1.0022343077289129,0.4075170371566521,137.32647399902345,139.91988555908202,117.58442707061768,137.26884994124956,136.49732031244756,146.2336415160787,137.32647399902345,128.4193064819682,0.12972251100131788,2.413401302121171,0.003503318393802912,0.020712645540625685,5.132954793125435
1259,137.99226367763055,138.0322612848829,133.79341493856927,134.25328063964844,155659200,45.17697827714784,-0.7612622577881325,-0.9540398977407568,0.1927776399526243,137.1100112915039,139.84589599609376,117.81673244476319,136.98165286490658,136.40931875665152,146.09464119509892,137.1100112915039,128.12538138790887,0.13105724110098968,1.73486726134417,-0.023274327048605215,-0.03851933851387457,5.069089904067449
1260,135.96280522543205,138.84202245285945,134.5931847895647,138.2721710205078,198247200,51.416170155646846,-0.5624756247087817,-0.8757270431343618,0.31325141842558013,137.01302032470704,139.73812316894532,118.06604381561279,137.10455935591622,136.48237178660668,145.90299297580611,137.01302032470704,128.12304767360797,0.12976828961263293,6.074083490598394,0.029935137239935017,-0.013621503122093315,5.034779326149133
1261,139.9717090810043,144.86037131104774,139.69178686675932,144.4304962158203,229322500,59.097797112684574,0.09094127575960442,-0.6823933793555685,0.773334655115173,136.98002853393555,139.75591583251952,118.34143424987793,137.80226762828804,136.7940629406935,145.75399324450822,136.98002853393555,128.20606382336288,0.12810575095476784,12.070432454141258,0.04453770523642908,0.03244478451823163,5.145737966462761
1262,148.54936300568127,152.11839407781596,147.77958455274808,149.38912963867188,265377400,64.02945110778435,0.9974017269436786,-0.34643435809571915,1.3438360850393978,137.19846801757814,139.9534539794922,118.63675029754639,138.90577829594363,137.28798712492795,146.92777580238445,137.19846801757814,127.46916023277183,0.14182822775484302,14.348040230785198,0.03433231590814412,0.09065025724570197,5.327320816143682
1263,152.98814312185272,153.08812187242287,139.97169998670535,140.10166931152344,351782200,51.50369527383003,0.9553451115809821,-0.0860784641603789,1.041423575741361,137.0834991455078,139.9482485961914,118.88031677246094,139.0196726783798,137.39832760283366,146.61654215686775,137.0834991455078,127.55045613414785,0.13908374196432008,4.038600453129843,-0.06216958589699306,0.019274140549373486,5.8836851782560995
1264,142.54101155921632,143.91063203422854,137.5223800692543,140.07168579101562,227349900,51.46868966701622,0.9091158003408566,0.11296038873986822,0.7961554116009883,137.1484817504883,139.91985137939454,119.10947063446045,139.11986440339274,137.5031651788408,146.744191218984,137.1484817504883,127.55277228199256,0.13993169076348982,0.31502877855863515,-0.0002140125856826547,0.043339016548761045,5.919725663021681
1265,137.41242079266553,139.88174676307978,134.18330808313058,135.8728485107422,207602500,46.683554195495816,0.5275859780045096,0.1958855065927965,0.3317004714117131,137.19047088623046,139.82787017822267,119.31406715393067,138.81062479456887,137.43923119185652,146.75608842792525,137.19047088623046,127.62485334453565,0.13945017434377627,-3.0737312566908805,-0.02997634573012864,-0.01735217211140605,5.917486523369064
1266,129.95446851982027,133.4535116815908,129.4745887600242,133.19357299804688,204808900,43.88011041547538,0.008922845782336708,0.15849297443070454,-0.14957012864836783,136.88655471801758,139.6677087402344,119.51746601104736,138.2756674806144,137.27273479209927,146.55403375590527,136.88655471801758,127.2190756801299,0.1412480437951326,-4.788106822194068,-0.01971899126324339,-0.07780159670006448,5.951827468179701
1267,136.01278831507346,136.3426998783518,130.01442953826418,131.7239532470703,195590500,42.376867796191924,-0.5147734669571662,0.02383968615313039,-0.5386131531102966,136.6076301574707,139.51634185791016,119.72506587982178,137.65169469646736,137.05513551582362,146.52956813553186,136.6076301574707,126.68569217940957,0.1452618417671678,-3.831849183524511,-0.011033713698769154,-0.11824940967477615,5.978716244744552
1268,133.61345527658474,136.4126928345012,131.25409986764885,136.2027587890625,185217300,48.20092079506236,-0.5619268486088913,-0.09331362079927395,-0.46861322780961734,136.70710372924805,139.58610565185546,119.95453006744384,137.51370080052405,137.02170897751927,146.5707481848732,136.70710372924805,126.84345927362291,0.14430331982104375,-0.9091393504498184,0.0340014510010298,-0.027829151084499237,5.920136010609395
1269,138.6020991142272,138.71206965350655,133.4535130811874,133.5334930419922,209235600,45.26461312379595,-0.8053995365796993,-0.23573080395535906,-0.5696687326243403,136.78558425903321,139.5497024536133,120.17061294555664,137.1346333949496,136.8849161957339,146.52116726693743,136.78558425903321,127.05000125112902,0.1423480852992193,-0.5361415335452728,-0.019597736277898847,-0.04667747598025129,5.872880336445806
1270,136.65262268416788,138.462125274087,135.4229633158422,137.67234802246094,201188800,50.3183784008126,-0.6568110795783753,-0.31994685907996234,-0.3368642204984129,137.15148468017577,139.5830807495117,120.41194274902344,137.18584431185542,136.91579587521338,146.432170670531,137.15148468017577,127.87079868982053,0.13533482356384133,-0.4337987851206244,0.03099488290302732,0.013243996364560529,5.805434043277876
1271,139.12194717769367,141.7912151745994,137.05250594430132,140.79148864746094,197749000,53.78175526846842,-0.28409026050806574,-0.31277553936558306,0.028685278857517316,137.74732131958007,139.6016683959961,120.67130702972412,137.5292390104845,137.06778382706622,146.3298690199954,137.74732131958007,129.16477361916472,0.12461291614525766,-2.5195562320312606,0.02265626082364136,0.05704416120382527,5.729239413779319
1272,144.62047062339892,147.74960487622204,143.63073568135124,147.02981567382812,237651400,59.81542138016763,0.5088092922687224,-0.14845857303872198,0.6572678653074444,138.56660003662108,139.63106170654297,120.97715015411377,138.43405583556483,137.45845174262553,147.40500746066078,138.56660003662108,129.72819261258138,0.12756908839076433,-1.5793076581610943,0.04430897837857106,0.11619650070818266,5.81701632913516
1273,145.01034368405638,147.1897403093082,143.6807055002306,147.17974853515625,155915500,59.95074563227161,1.136188950279319,0.10847093162488622,1.0277180186544328,139.19242935180665,139.59807556152344,121.27323322296142,139.26697894981163,137.83967906782283,148.59140251583506,139.19242935180665,129.79345618777825,0.13505006282019333,5.052101990229917,0.0010197446051400938,0.08059300592504037,5.652160506273906
1274,148.32942123311412,148.92926325643236,141.84120577881646,142.58099365234375,234657600,53.94961994536749,1.2479254557866,0.336361836457229,0.911563619329371,139.33988876342772,139.49810607910158,121.55069534301758,139.58259939767183,138.02561297309816,148.85364631571755,139.33988876342772,129.8261312111379,0.13655468849185545,1.791445463911933,-0.031245840060081465,0.06775454160782268,5.7547245756554775
1275,124.76587139934672,128.36487767970476,116.66808057296323,118.38761138916016,818830900,34.42584618093045,-0.6087094905888364,0.14734757104801594,-0.7560570616368523,138.25018653869628,138.96165328979492,121.71608112335205,137.5640291111469,137.25549526392413,151.4190760160242,138.25018653869628,125.08129706136836,0.19050808981935002,-12.8688235458607,-0.16968167806555257,-0.140077051857607,7.194595183064409
1276,121.77668294561497,128.96471894622445,116.21820602712089,128.95472717285156,579666400,43.964426855631835,-1.2134403462798389,-0.12481001241755503,-1.0886303338622838,137.70333595275878,138.57596328735352,121.92588165283203,136.744095593214,136.92997494662717,151.44981339069412,137.70333595275878,123.95685851482344,0.19965351373406492,-3.1824702422071596,0.08925862815962637,-0.08407299040816585,7.591160735638634
1277,126.46541333864904,126.8553060976507,120.01717989918284,123.66617584228516,467120600,40.768200381692864,-2.0952826858404023,-0.5189045471021245,-1.5763781387382778,137.03801803588868,138.12488830566406,122.09136363983154,135.4985794264589,136.40982596214317,152.08782231291306,137.03801803588868,121.9882137588643,0.21964421979720997,-6.1171694336195985,-0.04101091481103758,-0.1589040952304056,7.687331202640784
1278,123.0663417544434,124.96582380169085,118.06770880237578,124.6159210205078,392925500,41.589463613414,-2.686543790243718,-0.9524323957304432,-1.7341113945132747,136.3961944580078,137.68301177978515,122.27373805999756,134.46213576874925,135.94731988600063,152.38607301776875,136.3961944580078,120.40631589824687,0.23446223882270747,-8.507050717305411,0.007679910628382913,-0.1533079634883241,7.630958616688948
1279,123.74615511454752,127.81504199868698,119.15741376372098,120.03717041015624,388161100,38.79662419520829,-3.4844231225507656,-1.458830541094508,-2.025592581456258,135.6853889465332,137.24512756347656,122.44413818359375,133.08832954412134,135.32339245557537,153.18568483227142,135.6853889465332,118.185093060795,0.25795402175003823,-10.10706926358301,-0.03674290229414623,-0.15811240099193224,7.704292160851594
1280,114.71862375628316,118.53757894355684,112.97910166242248,116.62810516357422,371235700,36.81439736983231,-4.341781956734621,-2.035420824222531,-2.3063611325120905,134.60318565368652,136.7756495666504,122.59042659759521,131.52068912692638,134.59024393432043,153.9131163878293,134.60318565368652,115.29325491954376,0.2869164000891372,-15.285744131750697,-0.028400080032989328,-0.014862249562601071,7.658133345628891
1281,116.92801344303116,121.16685177317856,116.66808241089754,118.6175537109375,256550000,38.78017143833617,-4.805320396186048,-2.5894007386152342,-2.2159196575708133,133.3125385284424,136.208807220459,122.76355365753174,130.2918190873084,133.9638639255603,153.26255667617022,133.3125385284424,113.36252038071456,0.2992969508786523,-15.749485391156368,0.017058054270649547,-0.08016126037828819,7.435320007341423
1282,121.72670769553925,124.96581960402936,120.72698113870702,124.79586791992188,262230800,44.549712098915755,-4.620873078273917,-2.995695206546971,-1.6251778717269456,132.08287544250487,135.78792343139648,122.96439395904541,129.76839516660493,133.60433467043723,150.91822301510638,132.08287544250487,113.24752786990335,0.2852049898141483,-15.12206735212821,0.05208600258306184,0.00913501262525851,7.357673284895027
1283,127.38515593926265,128.7347928917548,125.17576116570513,128.64480590820312,251483600,47.847193962956474,-4.116665760864194,-3.219889317410416,-0.8967764434537782,131.51003227233886,135.42842361450195,123.22681224822998,129.66138666580477,133.40984334642806,150.02925402683113,131.51003227233886,112.9908105178466,0.28163968078331164,-12.59340555438288,0.030841870427561036,0.03233041857494512,7.113476976819163
1284,129.18464838201572,130.3343276557766,124.96580169637689,129.80447387695312,228186300,48.83445867556349,-3.5822088421857643,-3.292353222365486,-0.2898556198202784,130.99667167663574,135.18648513793946,123.47844738006592,129.67501401924747,133.26845630840944,149.1027154653936,130.99667167663574,112.89062788787788,0.27643517284855124,-8.96088563286612,0.009014495070850392,0.08136899123348962,6.9888376184320595
1285,130.05443339276326,134.9630947980064,129.92447930424598,133.5334930419922,216989100,51.98223260993431,-2.825180281996552,-3.198918634291699,0.3737383522951472,130.87970390319825,135.13768630981446,123.73421001434326,130.04248821188983,133.27884990580483,148.88819546314784,130.87970390319825,112.87121234324866,0.275191508276472,12.79346840020697,0.02872797102951896,0.14495123499355222,6.858107854333576
1286,132.54376130884148,134.4432358451655,130.9841901729766,132.76370239257812,178902400,51.28086771243946,-2.261278752092238,-3.0113906578518073,0.7501119057595691,130.85821037292482,135.05549758911133,123.99984664916992,130.30165146719347,133.25864804254104,148.85662731446106,130.85821037292482,112.85979343138857,0.27508273099935665,2.9537305868756505,-0.005764775801768263,0.11925847599347539,6.615317698466098
1287,129.9844674915493,132.20386194641324,129.0447219695379,131.10415649414062,160278600,49.72328808591752,-1.9260914285144395,-2.794330811984334,0.8682393834698945,130.82722053527831,134.97170761108399,124.24241813659668,130.37808051737892,133.17415817789788,148.8217020970047,130.82722053527831,112.83273897355193,0.2750877300320551,6.014563482048097,-0.01249999712670169,0.050548857741560926,6.408436464507107
1288,131.52401516963508,136.46266649297655,131.13412244698262,135.25299072265625,197430000,53.52383966968282,-1.310569382655757,-2.4975785261186187,1.1870091434628618,130.779732131958,134.91271377563476,124.48023178100586,130.8423576797863,133.25568102279036,148.72215538324235,130.779732131958,112.83730888067367,0.27439149719591505,8.535883388766937,0.03164532948046572,0.05136767681991383,6.3334417169591655
1289,136.44266486168982,139.21191146517995,135.46293718873886,138.81202697753906,195479600,56.55762167279799,-0.5294757778737562,-2.1039579764696463,1.5744821985958901,131.04365882873535,134.91730361938477,124.73573062896729,131.6013738033818,133.47357694258443,149.29301046627262,131.04365882873535,112.79430719119806,0.2785232311223525,15.640868993521611,0.026313919092412652,0.06939324070697706,6.163833075928061
1290,141.23137649622348,143.40078131766987,137.89227816645598,139.36187744140625,219176600,57.024359876865326,0.1323887731656157,-1.656688626542594,1.7890773997082097,131.1281352996826,134.900301361084,125.00075023651124,132.34046938795555,133.70449068763628,149.51456883601978,131.1281352996826,112.74170176334545,0.2804346068723768,19.492533335723213,0.003961115443953167,0.043647359674633845,6.117023795591335
1291,139.47184726600554,141.32134750878612,137.18248014952957,139.19192504882812,167536000,56.82115357401201,0.6358774610601188,-1.1981754090220516,1.8340528700821703,131.04815711975098,134.78233322143555,125.2817166519165,132.99298897470533,133.91968419199674,149.27901594724358,131.04815711975098,112.81729829225839,0.27823144145145595,17.34513206032633,-0.0012195041836285947,0.048418525096881826,5.9757269072817065
1292,139.991705837455,140.62153843760984,136.7525863640224,140.07168579101562,143903600,57.66221339041153,1.0932825325928945,-0.7398838206990623,1.8331663532919569,130.70025062561035,134.68336013793945,125.55320888519287,133.66715057625868,134.16093915666414,147.93632296769889,130.70025062561035,113.46417828352182,0.2637496448489774,12.240643961782315,0.00632048692392817,0.06840003808175044,5.82524299058926
1293,140.0017008694862,141.42132600995674,133.99334973043614,134.3932342529297,228217600,50.78599247216699,0.9862073800992448,-0.39466558053940093,1.3808729606386456,130.06092491149903,134.52320388793945,125.78145645141602,133.7363014026083,134.1700487682824,145.67694539211436,130.06092491149903,114.4449044308837,0.24013392940641282,4.468449623087356,-0.04053961017188068,-0.0063566540387232084,5.939723939798641
1294,136.52266681200447,138.55211066034528,130.04444248958205,130.244384765625,251381100,46.429518429176255,0.5601154083024653,-0.20370938277102768,0.763824791073493,129.4440944671631,134.35265090942383,125.97221332550049,133.4037379133718,134.01610116033507,143.9697436337676,129.4440944671631,114.91844530055859,0.22443123769218093,0.33890271693476776,-0.030870969884514432,-0.06172118078284661,6.123148527724683
1295,129.94445760453814,130.16439867421266,124.40597902043103,126.59537506103516,271428700,42.940596273915666,-0.07118950795350543,-0.17720540780752325,0.10601589985401783,129.85448265075684,134.18389709472658,126.15265110015869,132.75532240362546,133.72509229369587,143.54735257296386,129.85448265075684,116.16161272854981,0.21089560626157125,-5.195788579255697,-0.028016637424763013,-0.09160684840614808,6.102809757543917
1296,129.95446947322534,133.69343728770713,128.4548795357506,131.24411010742188,322553800,48.27339881028188,-0.19415108242574775,-0.18059454273116815,-0.013556539694579595,129.96895179748535,134.0233413696289,126.35704216003418,132.61139742303465,133.6277988746263,143.66809683919982,129.96895179748535,116.26980675577087,0.21080642495386387,-1.1445841429330308,0.036721207580809656,-0.05709968404142829,6.173899219624492
1297,134.963087446703,134.9730792207777,119.97718824289691,120.11714935302734,443175800,38.90161345313296,-1.1758967512952836,-0.37965498444399126,-0.7962417668512923,129.79150047302247,133.6796354675293,126.51411918640137,131.4214690354149,133.09796948162244,143.8984925094685,129.79150047302247,115.68450843657645,0.2173792888599543,-8.380365226333856,-0.08478064840614363,-0.14245945799324555,6.80404148807137
1298,117.98772650698132,125.05579305607802,116.36817434407594,124.8858413696289,389091100,43.92600372518459,-1.5512616956516752,-0.613976326685528,-0.9372853689661471,129.80499649047852,133.49308654785156,126.689387550354,130.79902830534004,132.77592524193642,143.89266022369864,129.80499649047852,115.71733275725838,0.21705888238675763,-7.665005629550742,0.03970034289263946,-0.07074309161581571,6.9385827183521345
1299,123.47622912906816,123.66617198823369,112.2492965435478,114.02880859375,411381400,36.55541892520097,-2.693760928244288,-1.0299332469972802,-1.6638276812470076,129.50457839965821,133.1343850708008,126.80776706695556,129.20186452328386,132.04074419690951,144.63060897567547,129.50457839965821,114.37854782364094,0.23359839108293926,-17.853797630805573,-0.08693565785207769,-0.12450115374305737,7.3455800117613474
1300,110.6197462594264,119.27737437091366,110.07989299750376,115.95828247070312,398163300,38.52947556342426,-3.404265135353427,-1.5047996246685096,-1.8994655106849172,129.47108726501466,132.84646392822265,126.93101139068604,127.94057099446665,131.4100594233328,144.71352894741113,129.47108726501466,114.22864558261817,0.23545707392101672,-16.793398166254615,0.016920933409269034,-0.0840243380550324,7.47785868045053
1301,117.54784364725772,118.24764914601728,114.4786835987416,117.2679214477539,284337900,39.89645670413232,-3.8176603064536465,-1.967371761025537,-1.8502885454281095,129.40360565185546,132.61432723999025,127.04444229125977,126.92412818049401,130.85546577723167,144.84826254152497,129.40360565185546,113.95894876218594,0.23870520163435743,-15.750916293012931,0.011294052905463259,-0.10649002571032418,7.212937742366613
1302,113.49895407905146,115.31845609620828,110.18986163701832,110.53976440429688,321181900,35.52560296757831,-4.634758392047786,-2.500849087229987,-2.133909304817799,128.69080047607423,132.21223770141603,127.12558666229248,125.36371258276095,130.05877160574403,146.10997707792586,128.69080047607423,111.27162387422258,0.2707136257978309,-21.083433971644943,-0.057374232956406646,-0.07973370164307092,7.203303604392969
1303,111.21957864470976,113.44897220636766,107.5305852358904,112.65918731689452,341755500,37.835951115448594,-5.05304642172716,-3.0112885541294214,-2.0417578675977386,127.89151954650879,131.772158203125,127.22672344207764,124.15375779553558,129.37643496696563,146.66049433113915,127.89151954650879,109.12254476187843,0.29351398515215654,-16.171979978643442,0.019173398134321173,-0.09790264387575165,7.111523844827561
1304,109.86995202425706,111.81941579292103,105.43116359430404,106.95075225830078,366487400,34.27362032940073,-5.778554125760067,-3.5647416684555506,-2.2138124573045164,126.74883346557617,131.11853713989257,127.28781879425048,122.51537631579893,128.49699642937094,147.58204629071588,126.74883346557617,105.91562064043646,0.32873222191504936,-17.884557978634668,-0.0506699470726405,-0.06207252730900825,7.119845264667769
1305,106.96074247458569,112.20930691241836,104.7413482919328,108.73026275634766,354865700,36.287450061733175,-6.1391641205198795,-4.079626158868416,-2.059537961651463,125.50867195129395,130.48950927734376,127.35478332519531,121.20250835775596,127.72183040297787,147.49953849308037,125.50867195129395,103.51780540950753,0.3504278421545309,-14.111978653307226,0.016638597302701674,-0.062332931812625225,7.14471050436904
1306,114.09930053195752,116.73882100614276,112.85951998498376,115.71900177001952,323857500,43.596665584936865,-5.794225088309204,-4.422545944756575,-1.3716791435526297,124.65643692016602,130.0060545349121,127.45887042999267,120.6802696351144,127.25113124090107,146.77731909462665,124.65643692016602,102.53555474570538,0.3549095854332425,-11.829184810423284,0.06427593235319251,-0.013208383491511544,7.206413914756616
1307,117.00876245655115,117.73863334670654,113.76935252443204,115.55902862548828,299033100,43.47372209185873,-5.470704045106089,-4.632177564826478,-0.8385264802796115,123.87918052673339,129.57778442382812,127.51793518066407,120.1925323961024,126.79261741284567,146.1312561190671,123.87918052673339,101.62710493439968,0.35925448485723016,-3.794729355541589,-0.0013824276228131538,0.04540686555865592,6.975190122436465
1308,118.5884764406672,121.85787967708788,118.12856083227834,121.64791870117188,277593500,49.33069187506843,-4.669165511828524,-4.639575154226887,-0.029590357601636974,123.19892692565918,129.26169494628905,127.59410121917725,120.33114061563282,126.59086452219181,144.84209865514703,123.19892692565918,101.55575519617133,0.35135325070725315,-2.5927059728681656,0.05269073432087157,0.0797869361421304,6.926880188805261
1309,122.71772499646224,122.86769930249316,118.00858060635532,119.50830841064452,255501500,47.46938728716537,-4.158650780877309,-4.543390279556972,0.3847394986796626,122.23374099731446,128.966795501709,127.62242813110352,120.25277564372917,126.31311722369976,142.6951901484786,122.23374099731446,101.77229184615034,0.3347921610550016,4.805364437697766,-0.017588548274165783,0.11741437892849516,6.779182939329017
1310,117.9785832327416,118.99839474842912,114.51921213127834,115.40904998779295,299686900,44.04083271681546,-4.038289190292545,-4.442370061704087,0.4040808714115416,121.03609962463379,128.50953308105468,127.6256411743164,119.7914684384019,125.88550674386029,140.10372118058706,121.03609962463379,101.96847806868054,0.3150732982157752,-0.4736466177385251,-0.034301032935434295,0.06142528365273714,6.651319606474528
1311,117.24871784817984,120.42814113812436,115.65901001721268,117.49867248535156,273426200,46.17500114318805,-3.731274876607017,-4.300151024684673,0.5688761480776554,119.95143699645996,127.97089660644531,127.6609162902832,119.57310691906378,125.55661128274231,137.139924379578,119.95143699645996,102.76294961334195,0.28659077062370325,0.19677251438319576,0.018106227352011173,0.01537924358238918,6.534731859607162
1312,116.5288475567653,120.17817892707568,116.44886024718888,118.50848388671876,248829700,47.22252322911447,-3.36766018997389,-4.113652857742516,0.7459926677686264,118.87327690124512,127.35328369140625,127.7055732345581,119.47171424931663,125.28021412995707,133.37313628609337,118.87327690124512,104.37341751639688,0.24395490328569155,7.208916651275341,0.008594236683764134,0.02552336495306906,6.334345203912851
1313,116.91877807414131,117.96858292451893,115.39904967929496,117.67863464355467,266498500,46.422954950505435,-3.1105977946023415,-3.9130418451144813,0.8024440505121397,118.03754692077636,126.90482299804688,127.71925960540771,119.3009447630536,124.98211297362757,130.6694019929542,118.03754692077636,105.40569184859854,0.21403113503631163,4.455426535734857,-0.007002445866722384,-0.03262928046773861,6.103994418449347
1314,119.85824123014484,122.19782052957932,119.31833831489072,121.38796997070312,228452500,50.46069068277132,-2.5778458314520805,-3.6460026423820016,1.068156810929921,117.59472618103027,126.53114868164063,127.74431133270264,119.49970906854402,124.84116618919916,129.04999093671873,117.59472618103027,106.13946142534182,0.19482616487500873,13.498939846196198,0.03152089024812299,0.015728291907537217,5.99079380899044
1315,120.52812446850508,121.26798803028822,118.89841541478116,120.66809844970705,167447200,49.67821881831281,-2.1884960576508377,-3.354501325435769,1.1660052677849313,117.29836235046386,126.22705368041993,127.73576396942138,119.6109842477024,124.67751647392497,128.0945909470986,117.29836235046386,106.50213375382913,0.18408148895340548,10.979312834100973,-0.005930336599004216,0.04556877006153637,5.7407052909141205
1316,118.70845626054094,118.8184292799946,112.68954449720724,113.7393569946289,293463300,42.79908072745345,-2.411229928637283,-3.165847046076072,0.754617117438789,116.42312469482422,125.83796936035156,127.69977924346924,119.0517816521716,124.24856904336434,125.20554553533442,116.42312469482422,107.64070385431403,0.15087072887849806,-1.710734404125751,-0.05741982797521217,-0.03199453586329948,5.900551623884526
1317,111.32979509417152,114.42923110356094,110.639925475043,111.40978240966795,236902100,40.755637173528044,-2.7440931285963472,-3.0814962625801274,0.3374031339837802,115.98775634765624,125.43168594360351,127.65269634246826,118.32397220050458,123.74508721459193,124.85738373371422,115.98775634765624,107.11812896159827,0.1529407528062284,-3.5905859240713176,-0.020481692938276064,-0.059900365309173975,5.749748338501199
1318,111.46977019973694,112.84952470784616,109.05021109179135,109.6501007080078,229872500,39.23190113113101,-3.1139851374876315,-3.0879940375616286,-0.025991099926002903,115.2259693145752,124.90063278198242,127.59230731964111,117.49788920121918,123.19234264570629,123.50528114721749,115.2259693145752,106.9466574819329,0.14370565735991642,-9.86274004624503,-0.015794678560537734,-0.06822422744676704,5.610431572612171
1319,105.11091847763528,110.93986229194256,103.63119133667838,108.3603286743164,299212700,38.10731197913475,-3.471187356400762,-3.1646327013294555,-0.3065546550713063,114.94254531860352,124.39716949462891,127.52981758117676,116.62764534151415,122.61069503898513,123.738365536076,114.94254531860352,106.14672510113104,0.15304724970361122,-9.328204778886459,-0.011762616042879759,-0.10732234256434903,5.731734385658743
1320,108.50029591126088,110.17999122900144,106.450672645286,110.1300048828125,222614000,40.622341812409786,-3.570318202376882,-3.245769801538941,-0.3245484008379407,114.65113143920898,123.84632263183593,127.45473537445068,116.00882244068542,122.1212562093313,123.67623696759347,114.65113143920898,105.6260259108245,0.15743596099040388,-4.574203760917215,0.016331403108004183,-0.08733123089104355,5.588704685519935
1321,107.2705266243207,111.95967777974948,106.77061737970816,110.39995574951172,220601200,41.016084942178814,-3.585762890600094,-3.313768419351172,-0.27199447124892195,114.30773315429687,123.23849197387695,127.35896240234375,115.47464466057365,121.66159736776976,123.43055186505312,114.30773315429687,105.18491444354062,0.15961857450959904,-6.041529308958647,0.002451201804507974,-0.029360120659684075,5.560158665128606
1322,103.49121334940357,105.61082365222038,101.58155638472346,101.78152465820312,338769400,33.40095984811224,-4.244510207567686,-3.499916776994475,-0.7445934305732109,113.86982116699218,122.33352615356445,127.20875205993653,114.17053799368121,120.88198667327696,124.40549465055035,113.86982116699218,103.33414768343401,0.1850476864823984,-14.114566889999871,-0.0780655303056742,-0.0864220137874473,5.7928901436757245
1323,98.8920562501484,100.1118284712542,92.09328707213024,94.29288482666016,532273800,28.457034621995277,-5.309636665171723,-3.8618607546299244,-1.4477759105417989,112.95150604248047,121.27578887939453,127.02559665679932,112.27742816825064,119.83927679693905,126.51562656359813,112.95150604248047,99.38738552136282,0.2401760011241685,-19.87255366084872,-0.0735756303188706,-0.1400565597494804,6.071129246704094
1324,87.444123819458,101.73153089146868,86.60427995314998,97.62227630615234,611041300,33.19170692320115,-5.818036288404329,-4.253095861384805,-1.5649404270195237,112.48508224487304,120.3766145324707,126.83609809875489,110.88169941947938,118.96802187573172,127.41526672269056,112.48508224487304,97.55489776705552,0.26546070251903153,-19.578294018992665,0.035309042518029354,-0.09909578994022739,6.7179950818194225
1325,103.79115551332612,105.83078615825814,94.44285411172834,96.28252410888672,476243400,32.266333744328264,-6.256927492845307,-4.653862187676906,-1.6030653051684007,111.8626953125,119.93451278686524,126.66389041900635,109.4913017708515,118.07839451232604,128.3261636809523,111.8626953125,95.39922694404768,0.2943513621312255,-20.208799719325924,-0.013723836894194541,-0.1257375843092049,7.051562007870163
1326,98.872049939819,115.07910675948128,97.51229618216108,114.30924987792967,612918300,51.756104989523095,-5.091454700015348,-4.741380690144594,-0.3500740098707533,111.79220771789551,119.6416032409668,126.60285743713379,109.95015397152562,117.9305849188203,128.20101092423937,111.79220771789551,95.38340451155165,0.29355897949078913,0.5010516134073792,0.18722739080517226,0.03541028709547511,7.890492053779048
1327,109.35015243101728,110.8398798648056,99.13200610877084,107.55047607421876,437812400,46.368886734051635,-4.659474157780608,-4.724999383671797,0.06552522589118936,111.39178009033203,119.31928924560548,126.5503125,109.72161321940116,117.52352182687514,127.80421814938573,111.39178009033203,94.97934203127834,0.2946795184661597,-3.464064153054379,-0.05912709435963037,0.05667975043003737,8.41097431916332
1328,108.4803070767672,111.52975654810145,107.46049556472003,110.9098663330078,313417300,49.19930037585987,-3.9999428956957956,-4.579988086076597,0.580045190380801,110.85487747192383,119.04516815185546,126.47468158721924,109.83478018260179,117.26416278789995,126.57823073032924,110.85487747192383,95.13152421351842,0.2836745412918373,1.1488960036203584,0.031235475484746145,0.1762273106490999,8.10085193803604
1329,114.08928762467488,114.26925525660798,109.05020155855787,110.68990325927734,264705000,49.016888612397835,-3.455179640448918,-4.355026396951061,0.8998467565021429,110.41395721435546,118.8582228088379,126.39640148162842,109.91622047561852,117.00634868873829,125.62826840120836,110.41395721435546,95.19964602750257,0.27558673868225075,2.1498408259378916,-0.001983259749588129,0.1338590683149381,7.895009206608473
1330,110.94986159507806,113.59938217981929,110.4799456735416,112.17963409423828,228966900,50.35926657799105,-2.870156628672291,-4.058052443295307,1.1878958146230163,110.25248641967774,118.76925338745117,126.33761489868164,110.13178367739182,116.81706576346377,125.31914849944985,110.25248641967774,95.18582433990562,0.2733119690819605,1.8610997190155014,0.013458597316427623,0.16510898662537543,7.5538968708705605
1331,104.53103311878802,106.77062454919468,100.4317709352981,104.47103881835938,397016900,43.91577647713208,-2.9940276057986495,-3.845247475795976,0.8512198699973266,109.60110473632812,118.48632308959961,126.2425343322754,109.59266511938873,116.33290784404792,124.48366831288021,109.60110473632812,94.71854115977604,0.271576889892774,-5.370397923532289,-0.06871653075105577,-0.08606662251809438,7.8534658914469615
1332,104.43103458781992,104.45103522860796,100.0318394876262,101.47157287597656,292517500,41.68100399715166,-3.2962311803663766,-3.7354442167100563,0.4392130363436797,108.74925918579102,118.0198371887207,126.12865802764892,108.81922776287328,115.75011039431963,123.44407841673656,108.74925918579102,94.05443995484548,0.27025139005021453,-0.3045265663561484,-0.028710980347365855,-0.056521397395277506,7.6095897085388335
1333,98.75207336541833,99.42195758129024,95.02275450080649,96.89241790771484,288501100,38.46303135813301,-3.8607251900415633,-3.760500411376358,-0.10022477866520552,107.70994834899902,117.38478942871093,126.0000325012207,107.68334111000105,115.01059304190376,122.66946812651292,107.70994834899902,92.75042857148512,0.2777741519110649,2.7568708771965595,-0.04512746613141183,-0.12638594643334478,7.526677470441065
1334,98.76206678289148,99.7918785816798,97.26233908492571,98.8720474243164,241004800,40.598175611445896,-4.101076544559135,-3.8286156380129133,-0.27246090654622135,106.58415222167969,116.7661408996582,125.8532671737671,106.84417028279299,114.37770890003759,120.61702818303634,106.58415222167969,92.55127626032304,0.2633201215912529,1.2802109984043668,0.02043121184659724,-0.10676543647598169,7.1961619849784855
1335,104.5010295750129,104.78098517141213,102.00148324580944,102.6913604736328,247526000,44.59252029490476,-3.9379755500669233,-3.8504876204237153,-0.08748792964320806,105.68531532287598,116.14929824829102,125.73784313201904,106.4486645866825,113.9194207264531,118.21724390199566,105.68531532287598,93.1533867437563,0.23715553179424723,6.656282045013977,0.03862884555151913,-0.08458107121863767,7.104217396558289
1336,103.46122117055543,106.52066332286202,103.09128558149489,106.41068267822266,220815000,48.2424358271528,-3.4686145887730646,-3.7741130140935852,0.30549842532052063,105.31888160705566,115.62223785400391,125.62917083740234,106.44504726206728,113.62496041083622,117.3040329765533,105.31888160705566,93.33373023755802,0.22759739159050696,-6.9098233153851165,0.03621845291985237,0.018566330743926773,6.870294928891927
1337,106.83061166162848,111.89969145813896,105.71081975581804,110.98986053466795,251064700,52.39991901756415,-2.696062729253498,-3.558502957125568,0.86244022787207,105.29788551330566,115.21995193481445,125.5275011062622,106.87788662136258,113.52162316079041,117.24168205745325,105.29788551330566,93.35408896915807,0.22685729131072332,3.197925835377734,0.04303306530127582,0.09380250437553683,6.821621841279713
1338,109.67009863041304,110.34997554606154,106.00075877336346,108.71027374267578,207708500,50.23655393086966,-2.241910073671974,-3.2951843804348493,1.0532743067628751,105.25089416503906,114.68909759521485,125.3967910003662,107.05239968053526,113.33294279145258,117.1330642701223,105.25089416503906,93.36872405995581,0.22578753747120411,-1.9832253550173091,-0.020538694084403675,0.12196884018537801,6.6907275498529115
1339,107.65046012276234,110.1799998026459,107.42050613077843,109.00021362304688,170444300,50.516385765708435,-1.8374145260081605,-3.003630409549512,1.1662158835413514,105.28288841247559,114.092861328125,125.30506454467773,107.23790577029827,113.16303184367197,117.20176564839005,105.28288841247559,93.36401117656112,0.2264162280430393,-1.5265074649786086,0.0026670881268995306,0.10243710393964767,6.409925129996807
1340,104.45104108413872,108.90023040771484,104.06111247501676,108.90023040771484,235044600,50.41111281779937,-1.5075387320415388,-2.7044120740479176,1.1968733420063788,105.22139968872071,113.48362838745118,125.20364200592041,107.39622240243318,112.99586315990895,117.05198023740495,105.22139968872071,93.39081914003647,0.22487023711303902,-2.9233503148784763,-0.0009172754071639089,0.06046146341274983,6.304866274142044
1341,113.05947899879722,114.9191420385801,111.27980327057725,111.5897445678711,236121500,53.23432267513926,-1.0173609692114525,-2.367001853080625,1.3496408838691725,105.28088912963867,112.93158477783203,125.11966552734376,107.79560546580822,112.94072125433884,117.226438713881,105.28088912963867,93.33533954539634,0.22692721695260493,6.814047060342529,0.024697047472598488,0.048670507126709284,6.284440942479416
1342,114.15928352450368,115.37906338859756,113.34943293159324,114.4792251586914,190194800,56.12441894849054,-0.3912248290459672,-1.9718464482736935,1.5806216192277263,105.91577415466308,112.41973556518555,125.06053195953369,108.43214067465424,113.00105474078404,118.38800754285286,105.91577415466308,93.4435407664733,0.23551229243676677,12.819011191058822,0.025893782641135843,0.03143858913971287,6.106217933782777
1343,112.88951601094917,114.64919116473992,112.6395613737392,113.79934692382812,133163200,55.2590829038377,0.04956077575609186,-1.5675650034677364,1.6171257792238283,106.89109725952149,112.00785781860351,125.03983108520508,108.94330317457556,113.03236031658969,118.60277594829775,106.89109725952149,95.17941857074523,0.21913291170248558,17.449176500287443,-0.005938878725994412,0.04681317603153601,5.813604495012631
1344,111.45977773347964,114.71918078517233,110.79989381468876,113.51940155029295,158525600,54.883847056087546,0.37200900298846307,-1.1796502021764965,1.5516592051649596,107.68595352172852,111.67335815429688,125.00223712921142,109.37912206750103,113.05145997281335,118.92165140748291,107.68595352172852,96.45025563597413,0.2086752732051964,14.814454143056622,-0.002459991037756626,0.04146035844365126,5.678296100403412
1345,113.02949042053456,117.65864757290292,112.25962586336117,117.03875732421876,206758800,58.68233682053975,0.9011462911561807,-0.7634909035099611,1.6646371946661418,108.72376518249511,111.48222579956055,124.99803318023682,110.10861113956939,113.20782457482925,119.37364978871949,108.72376518249511,98.07388057627074,0.19590720737730746,13.971376739399444,0.031002240373568357,0.07473378969019473,5.65834792962758
1346,118.22854670795566,118.658469001105,115.82898059800608,117.34870910644533,198428100,59.00965948327198,1.3301685674634172,-0.3447590093152854,1.6749275767787026,108.8757381439209,111.20431777954101,124.96734096527099,110.79814427927187,113.37021220352008,119.91956278412356,108.8757381439209,97.83191350371824,0.2028702597745702,10.279067996676972,0.0026482832637049203,0.051608367425480806,5.456286534875533
1347,117.32869985728382,118.20854502226882,115.18908887008638,116.62882995605467,132972200,57.863111463522415,1.5937122583571437,0.04293524421920044,1.5507770141379433,109.3296558380127,111.13455139160156,124.93779739379883,111.3534476770607,113.49800113499204,120.85409596368933,109.3296558380127,97.80521571233606,0.21082002019199103,5.080616728611324,-0.0061345297777213315,0.018777247962531884,5.282227221826027
1348,121.94787211512306,122.9776840209961,120.25817629208264,122.9776840209961,225023300,64.42762354788366,2.28849168793181,0.49204653296172235,1.7964451549700875,109.93304672241212,111.09638824462891,124.98168018341065,112.46051780505455,113.86975340503142,122.89879851657366,109.93304672241212,96.96729492825057,0.2358845166349458,13.124252002246074,0.054436403651941356,0.08065368866581912,5.358414853477126
1349,124.95732666651304,131.19619232916256,124.44741706637032,129.9064178466797,330430100,69.93285301847887,3.3594743759672667,1.0655321015628312,2.2939422744044355,110.89387245178223,111.4139404296875,125.07005249023437,114.12203209473313,114.49864220666468,126.5172690001961,110.89387245178223,95.27047590336836,0.28177204390093014,19.179966285141692,0.05634139137390681,0.14435432245585544,5.562707243097793
1350,133.17581874633882,135.4154176381041,131.65609038206884,135.3154296875,281180800,73.39449952551531,4.5917668923457455,1.7707790597194142,2.820987832626331,112.05066223144532,111.80108337402343,125.18157150268554,116.14045091309188,115.31498681375626,130.9633490922513,112.05066223144532,93.13797537063932,0.3375738524729294,24.256330019586276,0.04163775685974369,0.15615914574905743,5.558870996549693
1351,134.2656162138544,136.2752611112406,132.6359224746836,134.80552673339844,226632600,72.54656633044063,5.464234390123124,2.5094701258001564,2.954764264322968,113.56738662719727,112.15183547973633,125.29788787841797,117.91807718169251,116.07932171256576,134.5567779048841,113.56738662719727,92.57799534951045,0.36963765568697615,20.804584019284178,-0.0037682543319644823,0.14876020162367776,5.421761542264501
1352,136.19528579014883,136.32526708518697,133.43579205010155,135.37542724609375,226542500,72.92309097982303,6.130983218281969,3.233772744296519,2.89721047398545,115.26257934570313,112.64854873657227,125.45633686065673,119.58068194973072,116.83603173348843,137.50929186379392,115.26257934570313,93.01586682761234,0.38601795386457527,18.253270022081274,0.004227575282001572,0.16073724907557363,5.240883934608852
1353,132.36596428610483,135.84532822832756,132.36596428610483,135.54539489746094,193154600,73.04184241281467,6.597054697224522,3.90642913488212,2.690625562342402,117.19522819519042,113.1062728881836,125.54921421051026,121.1011308018955,117.56973224972265,139.43846641831462,117.19522819519042,94.95198997206623,0.3795928992275649,19.10911491274953,0.0012555280882564634,0.1021950525130979,5.115061078009844
1354,134.26561082544316,134.55556671475182,132.59591587093482,134.35560607910156,161514200,70.70422500473923,6.79211837530498,4.483566982966692,2.3085513923382885,118.96940612792969,113.65436996459961,125.67517585754395,122.36346178067703,118.22800181165908,140.7390809168161,118.96940612792969,97.19973133904328,0.365970975184614,18.354751913995475,-0.008777788572304046,0.03424917957227458,4.960376645761007
1355,133.0358430493297,137.3750515435132,130.5662902103225,131.7760772705078,270608700,65.78829671902888,6.661768607015176,4.919207307776389,1.7425612992387869,120.42364196777343,114.11528625488282,125.79793571472167,123.2599013511371,118.75929888847668,141.52498656920784,120.42364196777343,99.32229736633901,0.3504518590640423,12.59182879519472,-0.019199264428720997,-0.026156310667349914,5.092404123434555
1356,132.20599574301846,134.22563338103308,131.5261264871436,132.80589294433594,187344000,66.78129094169952,6.565875667298457,5.248540979680803,1.3173346876176533,121.7434024810791,114.45702407836914,125.95993007659912,124.16904340763223,119.31014571419665,142.47239413474514,121.7434024810791,101.01441082741306,0.34053577000836105,13.172010118892421,0.007814890951064912,-0.014833470388919023,4.921482892752763
1357,129.97641506418768,132.65592152877483,129.13657112060253,131.26617431640625,198821300,63.79963997852137,6.293094520080999,5.457451687760843,0.8356428323201559,122.75721817016601,114.7711669921875,126.0952339553833,124.84496063703928,119.77900958094997,143.26547772037887,122.75721817016601,102.24895861995317,0.33412714715943315,12.55036543354407,-0.011593752308679872,-0.030354496479020887,4.832042816394238
1358,134.1256417936587,135.63537744884945,133.2857979393918,135.47540283203125,192953600,68.00522892994077,6.343439833107723,5.634649316830219,0.7087905162775039,124.0954746246338,115.04771667480469,126.27827255249024,125.85738370322899,120.39455441432571,144.25265952471491,124.0954746246338,103.93828972455267,0.32486575293825876,10.162590807045454,0.032066360869777544,-0.0005163736140399999,4.798982838969165
1359,136.00531758419635,137.22509744866613,134.76553707682788,134.78553771972656,304021100,66.63879872081344,6.255562279276916,5.758831909319559,0.49673036995735664,125.38474082946777,115.35326126098633,126.4275747680664,126.70768408575258,120.95890670081202,144.7998221469013,125.38474082946777,105.96965951203426,0.3096881038154304,3.755872845947758,-0.005092179819240039,0.0031999531182336227,4.6318812341741005
1360,142.22419152756274,143.46397204605128,137.88498259688382,139.1647491455078,369241900,70.66787173312233,6.464762688112515,5.90001806507815,0.5647446230343647,126.89796676635743,115.82837524414063,126.59987258911133,127.8940712343007,121.67286130648637,145.64405651028278,126.89796676635743,108.15187702243207,0.29545138068981613,2.8447010565591104,0.03249021742145208,0.05606990303583448,4.920920740756287
1361,138.6948289010735,139.59465948344436,132.8958783257386,135.10548400878906,333170900,63.06483779504533,6.2311776107598575,5.966249974214492,0.2649276365453659,128.07375373840333,116.18051147460938,126.73053321838378,128.58087245091863,122.19963082422373,145.75114933713584,128.07375373840333,110.3963581396708,0.2760502457800907,0.22251111112368793,-0.029168774144625265,0.017315429409574312,5.047910770538392
1362,135.46541564458173,138.09492795630163,135.37542038395227,137.35507202148438,197663100,65.29336374149592,6.156613102612994,6.004322599894192,0.1522905027188015,129.21754608154296,116.55744323730468,126.83685703277588,129.41651050525823,122.79396185156729,146.17406706347313,129.21754608154296,112.2610250996128,0.2624492028540725,1.4623368625030488,0.016650604741913932,0.04638588529594334,4.900877426036547
1363,138.75480693174418,141.97422364617418,137.9249557656252,141.19436645507812,225578800,68.757942404647,6.334301284920059,6.070318336899366,0.26398294802069344,130.58729705810546,117.02775787353515,126.95268138885498,130.53821107190774,123.51554634582261,146.74784794778913,130.58729705810546,114.4267461684218,0.24750571079655542,4.167586484137356,0.02795160293020138,0.04221403667009227,4.880754154511779
1364,142.1641966028205,142.36415725393297,139.5146683935161,141.8942413330078,167120800,69.35842802621032,6.457160377731441,6.147686745065781,0.30947363266565997,132.00603904724122,117.43788330078125,127.04811538696289,131.61973776344107,124.23627948257497,146.8525496165681,132.00603904724122,117.15952847791434,0.22493683889740432,5.610956977461659,0.004956818713814259,0.05274084841404214,4.735663776362143
1365,142.14419665233672,143.97386636815438,138.80480646885346,139.964599609375,231397900,65.61387788920663,6.325900094969285,6.183329415046482,0.1425706799228026,133.15233116149903,117.8238133239746,127.12530490875244,132.41448651067287,124.85307635029262,146.68106970022694,133.15233116149903,119.62359262277114,0.2032069348049046,6.2139672909354555,-0.013599154592216278,0.005747507675459396,4.766620642286341
1366,142.4841247816278,143.24399658328852,141.4843063108272,141.69427490234375,153986200,67.3171830941136,6.288950607971174,6.204453653631421,0.08449695433975268,134.36960945129394,118.3829116821289,127.18405445098877,133.2982758813082,125.5135155091966,146.27514460401142,134.36960945129394,122.46407429857646,0.17720577147368988,6.692761714823359,0.012357948351197967,0.04876775315150095,4.660390380259711
1367,143.16402192873528,144.97369107987248,141.91424872977086,142.6041259765625,185114500,68.20925605746636,6.260913339372195,6.2157455907795764,0.045167748592618295,135.66837425231932,119.0067985534668,127.26109725952148,134.18454731895147,126.18373552752468,144.92088787296882,135.66837425231932,126.41586063166983,0.13639897539335802,8.637374951468498,0.006421226791596402,0.038215217522197475,4.561749365778927
1368,142.66410985007164,144.26381035974757,141.50431668274294,143.9338836669922,155881900,69.51874149219293,6.273674915183648,6.227331455660391,0.046343459523257025,136.71618423461913,119.69247421264649,127.33854164123535,135.1130555425744,126.87981976828812,144.63264750628304,136.71618423461913,128.79972096295523,0.11580872178349316,6.243554666117626,0.009324819189651112,0.01940245408293717,4.433016816580762
1369,144.59379466225064,144.97375695921582,141.85409623212945,142.81399536132812,167694000,67.01517005910361,6.122842610707352,6.206433686669783,-0.0835910759624312,137.36156311035157,120.38154754638671,127.4341763305664,135.8464783824557,127.50468939938773,145.05353370405368,137.36156311035157,129.66959251664946,0.11199596771511175,5.956468162256369,-0.007780574504993254,0.006481968680897898,4.3392056673311625
1370,141.9540901919345,144.98374938964844,141.83410852298076,144.98374938964844,162365000,69.32046914123751,6.1079789600497065,6.186742741345768,-0.0787637812960611,137.844979095459,121.07862243652343,127.5125218963623,136.716694668855,128.19014273233913,146.1524371840795,137.844979095459,129.5375210068385,0.1205333432256174,4.181375154175284,0.015192866937380423,0.035860137451050544,4.2542367529980565
1371,142.4640236398758,143.5639064320885,140.83421673860605,141.95408630371094,180820600,62.728070345931194,5.7850445264961365,6.106403098375842,-0.3213585718797054,138.2024070739746,121.70970504760743,127.5902628326416,137.21549387217462,128.7299052253341,146.57092779943244,138.2024070739746,129.83388634851676,0.12110528177672744,5.069077946885081,-0.020896570123836278,0.0018336054970904403,4.246757888572652
1372,143.33393622751285,146.16360555156524,143.18394388862183,144.6737823486328,183133700,65.86624269896845,5.683062594657372,6.021734997632148,-0.3386724029747761,138.66732482910157,122.56755020141601,127.67240615844726,137.92580706040874,129.35515530860073,147.38196318395774,138.66732482910157,129.9526864742454,0.1256913027722484,5.328314578731889,0.019158983835823484,0.014513299372631572,4.244097985664198
1373,144.4738049491523,145.20371882793046,143.7638778428329,144.1038360595703,139108000,64.63800866700682,5.492932173779764,5.915974432861671,-0.4230422590819076,139.09524688720703,123.56376922607421,127.76514400482178,138.5141907746146,129.93353494589365,147.9932407103598,139.09524688720703,130.19725306405425,0.1279410191545682,2.0606130949409045,-0.00393952711963419,0.0011807670872783227,4.043793914195153
1374,143.9938476821936,145.63366319028128,143.10394808189747,145.46368408203125,161494100,66.25486180806905,5.389849980595841,5.810749542408505,-0.4208995618126643,139.65065078735353,124.5205973815918,127.90476402282715,139.17604728008286,130.54256040221279,148.6816507082142,139.65065078735353,130.61965086649286,0.12933702592782323,2.515565618090453,0.00943658447717377,0.018553424781648786,3.935645428065772
1375,145.4336890163692,146.1836049259659,142.6339999024593,143.83387756347656,242956200,62.56270819892119,5.117651731115814,5.672129980149967,-0.5544782490341538,140.25354080200196,125.47162445068359,128.02733875274657,139.61965016421559,131.0637885261839,148.69173668318334,140.25354080200196,131.8153449208206,0.1203277412167968,2.7644689906592594,-0.011204215875871726,-0.007931039382086613,3.9080711134544037
1376,142.4840281213866,144.76377135076248,142.01407957999888,144.15383911132812,154308900,62.9986475060792,4.871594175014309,5.512022819122836,-0.6404286441085274,140.82093811035156,126.06851623535157,128.20833896636964,140.0514776829882,131.5771238432484,148.6863284099542,140.82093811035156,132.95554781074893,0.11170768218344176,1.7358246906443584,0.0022245214637306443,0.015496227441532229,3.8253297318336323
1377,145.54367367470394,147.94341367999496,145.4836828445603,147.88340759277344,187566100,67.71747955293586,4.920812730149635,5.393780801328196,-0.47296807117856154,141.65179977416992,126.87517486572266,128.41693321228027,140.7973757696344,132.21658595107291,148.78061685373373,141.65179977416992,134.5229826946061,0.10065268624795476,3.7020539062653812,0.02587214120995429,0.0221852583933011,3.822775791607433
1378,149.25328072295656,154.43269305532343,149.24327207878133,154.29270935058594,269146500,73.88193520758719,5.414579969352928,5.397940634933143,0.016639334419785712,142.59266510009766,127.74283172607421,128.65257610321044,142.08264563448694,133.0823162804656,151.05482001797765,142.59266510009766,134.13051018221768,0.11868990472882592,7.196933355567686,0.04334023581240287,0.0707050802367517,4.0175264823890435
1379,155.9625083392563,156.70243086817015,153.98273459501658,155.00262451171875,198145700,74.46359294000891,5.796361437772362,5.4776247955009865,0.3187366422713751,143.60351943969727,128.62908615112303,128.91365921020508,143.31311981327093,133.94193621110298,152.88424844142975,143.60351943969727,134.32279043796478,0.12925489623016787,8.534618137075887,0.004601093364170028,0.0655760954349831,3.9248243245865098
1380,156.02250005395288,158.69221415352254,155.24258871826237,157.73231506347656,263234500,76.61969053402575,6.247175664306468,5.631534969262083,0.6156406950443847,144.5318977355957,129.5401397705078,129.17019851684572,144.6863765037667,134.8748922445294,155.4254014223443,144.5318977355957,133.6383940488471,0.15074186193385491,8.793099728415733,0.0176106085968335,0.09662840031456676,3.908021847244887
1381,158.38224776867892,158.6422284044636,155.94253394670602,157.97230529785156,194580300,76.805114426415,6.548329328700078,5.814893841149682,0.7334354875503957,145.67523880004882,130.61016510009765,129.41979133605957,145.9517030555843,135.78067314858126,157.15552465679767,145.67523880004882,134.19495294329997,0.1576147868548406,11.284084460851396,0.0015215032777424753,0.09585916179347542,3.821712747995793
1382,156.27249233706732,157.18239409932116,151.4730420343122,153.2828369140625,213143600,65.82035859325732,6.335562450202474,5.919027562960241,0.416534887242233,146.47162704467775,131.64639038085937,129.6019055557251,146.64990628020126,136.46703251193347,157.74061551641634,146.47162704467775,135.20263857293915,0.15387264686151475,5.950666683120035,-0.02968538298499368,0.036511393733619446,4.0129663562489055
1383,152.962850389823,157.58234297497486,152.95285700312823,157.2323760986328,171224100,69.74503952633827,6.411727566385736,6.01756756364534,0.39416000274039575,147.27352752685547,132.85318954467775,129.79257133483887,147.65776054862332,137.28135971141188,159.19018695042044,147.27352752685547,135.3568681032905,0.16183029799964493,9.110472280304435,0.025766349736758842,0.019052531778201764,4.057003471648743
1384,158.35225101493015,160.96195919540767,157.7523273944205,159.3221435546875,143716100,71.60303638919933,6.565038066255767,6.127061664167425,0.4379764020883412,148.14492263793946,134.06219146728515,129.99388591766356,148.76865416824847,138.14570417585406,160.8813247870912,148.14492263793946,135.40852048878773,0.17194517263718867,9.527092318685575,0.013290948772177513,0.027867392933351054,4.033616302014894
1385,158.18227071828886,159.29214695363126,157.3223664705724,158.22227478027344,140139000,69.19453031229853,6.5225990620268135,6.206169143739303,0.3164299182875103,149.05780639648438,135.17280975341797,130.20129718780518,149.66899898844133,138.93302067014503,161.93451331045284,149.05780639648438,136.18109948251592,0.1727746734675168,10.003482809845691,-0.006903426917781452,0.0031062735407116904,3.888342072164909
1386,159.31214783171163,160.20204749093682,158.3722507239072,159.98207092285156,138133000,70.88217644814931,6.555400114964499,6.276015337984343,0.27938477698015607,149.97219619750976,136.24423751831054,130.42345539093017,150.651196315528,139.75847362123156,163.21941243303388,149.97219619750976,136.72497996198564,0.17666229569750191,10.98009731069285,0.011122303386308818,0.01272226559719214,3.7520156892005145
1387,161.20193770023792,164.40157611225678,161.14194686393122,162.86175537109375,183656400,73.44579863619296,6.736111948721714,6.368034660131817,0.3680772885898964,150.98507766723634,137.28167541503908,130.6711082458496,151.81410670177237,140.66448467024577,164.90468534437917,150.98507766723634,137.0654699900935,0.18438388603966496,10.128484339207406,0.01800004482771622,0.06249178740344963,3.7996935106437073
1388,164.30159583301895,164.48156834124046,161.5918927660757,164.0816192626953,167704100,74.47116091438903,6.898241565397456,6.474076041184945,0.4241655242125102,151.9924644470215,138.38910232543947,130.90236808776856,152.9824412313841,141.58280367387124,166.62312329670186,151.9924644470215,137.36180559734112,0.19251821335892658,6.344376188162516,0.007490180176567662,0.04356127747993788,3.7346922295380693
1389,163.70165728031435,167.87118822352508,163.4516852914618,164.90151977539062,193633300,75.16528596897828,7.012058923459335,6.581672617639824,0.4303863058195114,153.09684066772462,139.50712844848633,131.1470742034912,154.11759156890852,142.4972631288328,168.1187404800348,153.09684066772462,138.07494085541444,0.19624049388338619,6.386275906524075,0.0049969065174975125,0.03501946494203434,3.783607279718441
1390,165.35146259057728,165.4714595173457,162.00184716942397,164.05162048339844,136975800,72.9510238065609,6.953524329719727,6.656042960055805,0.297481369663922,154.05023422241212,140.61015625,131.38623126983643,155.06368956076471,143.34253204469812,169.30994021680482,154.05023422241212,138.7905282280194,0.19811337608693663,4.006347980994753,-0.005153980952691151,0.03684276257069574,3.7611790703043897
1391,171.17081299302788,172.38066881478494,169.18103056842588,170.6808624267578,230627400,78.31663788445226,7.357249867659306,6.796284341576506,0.5609655260827999,155.48657302856446,141.79197860717773,131.63549243927002,156.55103935752595,144.4146234322299,171.31877282426822,155.48657302856446,139.6543732328607,0.20364716370454988,8.044800704113728,0.040409487719935244,0.06687494068673194,4.087455446095969
1392,171.04083672550954,171.73076187811773,168.88107501049606,171.35079956054688,158831500,78.77485791719641,7.643158024949429,6.9656590782510905,0.6774989466983383,156.82042388916017,142.92941009521485,131.87490783691408,157.96054032924224,145.4709440647129,173.2671064157927,156.82042388916017,140.37374136252762,0.20975179276720957,11.787335758023657,0.003925086411351808,0.05212423364902419,3.9990434047763768
1393,172.00073538495317,174.1404950617398,170.81086624213197,172.98062133789062,160841100,79.88834700536184,7.9100728993671225,7.1545418424742975,0.7555310568928251,158.26426315307617,144.1130355834961,132.1198232650757,159.3910242348278,146.54975493817088,175.05839170928868,158.26426315307617,141.47013459686366,0.21222894191809955,10.015904885504524,0.009511608825425233,0.05423521607833459,3.951228077264339
1394,173.62054394819432,174.23047621121117,171.24080573231237,172.39068603515625,146456400,78.28740279622332,7.981990592788293,7.320031592537097,0.6619590002511959,159.61061325073243,145.29046127319336,132.37498447418213,160.6290872634305,147.56312478511148,176.40145359297296,159.61061325073243,142.8197729084919,0.21039754187102566,8.202590166622356,-0.0034104126703420334,0.045415992951226114,3.8825453916668002
1395,172.73065099594356,173.36058531454748,170.9808470061149,171.36080932617188,123126100,75.44498021006466,7.865218101244437,7.429068894278565,0.43614920696587234,160.9869598388672,146.37690231323242,132.624796333313,161.65115603131065,148.49636731613347,176.8673673729665,160.9869598388672,145.1065523047679,0.19728812259072537,8.303846322614305,-0.005974085565007559,0.044554200813353706,3.7752020285786405
1396,171.32080634495316,171.37080379639443,164.5615689540832,167.01129150390625,193114300,64.75217443152846,7.337127484141945,7.410680612251241,-0.07355312810929604,162.12983245849608,147.37015396118164,132.87505306243895,162.1616451239388,149.2224427744775,176.18509609411615,162.12983245849608,148.07456882287602,0.173382818232642,4.393755213010339,-0.02538222035346871,-0.021499603825978042,3.991918658130967
1397,169.511004310231,171.24080620570157,167.95118153678197,170.7608642578125,154082200,68.85076109513858,7.138878502573931,7.356320190315779,-0.21744168774184836,163.27370529174806,148.4527946472168,133.1348108291626,162.98061837478392,150.06708675421615,176.18197679979286,163.27370529174806,150.36543378370325,0.15811819159710339,4.8501926488020395,0.022451013462275737,-0.0034428511815955964,4.0088898041069925
1398,172.42067791171223,173.81052153075,171.28080627636527,173.7205352783203,128984600,71.65270686461847,7.138299598393644,7.312716071931352,-0.1744164735377085,164.24509658813477,149.46765167236327,133.38937377929688,164.00346760369214,150.9946729708477,177.22757180887953,164.24509658813477,151.26262136739,0.15808660946877395,5.874464220268973,0.01733225603753885,0.00427743833214933,3.940373194737744
1399,173.59054858813744,174.70042482917586,172.9406275198062,173.48056030273438,122316800,71.09429551041366,7.037354594520252,7.257643776449133,-0.22028918192888103,165.16899337768555,150.33913452148437,133.63239040374756,164.9060478607438,151.87647247405894,178.01828992396986,165.16899337768555,152.31969683140125,0.1555896937254115,5.20252362684656,-0.0013813851954892487,0.006322118048511349,3.7846177743543086
1400,174.00050427681666,176.98016607778243,173.9505068282037,176.73019409179688,140023500,74.04420763524433,7.137298901216781,7.233574801402663,-0.09627590018588261,166.11888732910157,151.1674298095703,133.8776599884033,166.03215702560598,152.85112822377417,179.42928413683026,166.11888732910157,152.80849052137287,0.1602514563122397,7.728404980724633,0.018731976559170027,0.031333796722474494,3.7642597744038615
1401,177.94006357342778,179.35990260986108,175.00039060425894,175.49032592773438,154077500,71.064300194895,7.0353592435043595,7.193931689823003,-0.15857244631864376,166.9947883605957,151.98112579345704,134.09088912963867,166.9329350162849,153.73893989843927,180.35103278912106,166.9947883605957,153.63854393207032,0.15996001503573784,2.817810639456072,-0.007015598949766888,0.05076922852027521,3.8067777909180243
1402,176.49022309733303,179.869849375745,176.0202745228646,179.2499237060547,174312200,74.42532944051524,7.175227890079952,7.190190929874394,-0.014963039794441357,168.29314270019532,152.85861572265625,134.32411590576172,168.1059815581677,154.73937063599283,181.1025343814022,168.29314270019532,155.48375101898844,0.15222713743038335,4.6099137942549575,0.021423390482894655,0.04971314408098526,3.8476881949960666
1403,182.87950237318685,183.2794667127293,175.9102820488597,177.85006713867188,221685400,71.11314126403161,7.091373138972386,7.170427371693993,-0.07905423272160661,169.32402725219725,153.70470916748047,134.5395470428467,169.0339897086919,155.6456724596273,181.7187226008554,169.32402725219725,156.92933190353912,0.14640208539567784,2.815023881356946,-0.007809523923024808,0.023771120977353455,4.099223657058461
1404,174.07048465468185,176.52020701181988,170.8708463561498,173.70053100585938,204529000,62.267017773405534,6.613844475641258,7.059110792483446,-0.4452663168421882,170.04294662475587,154.49160766601562,134.73428039550782,169.47842221318405,156.35370612810698,181.67842315348247,170.04294662475587,158.40747009602927,0.1368533862730962,0.7598119137573381,-0.023331653451539314,0.001267984739852901,4.30493773744872
1405,175.14037394842856,180.17980241597783,174.500446281802,179.97982788085938,148174600,68.62699307482293,6.66525345621497,6.980339325229751,-0.31508586901478175,171.13082427978514,155.45568267822264,134.94406578063965,170.47855608629598,157.2802207066463,182.1966757214904,171.13082427978514,160.06497283807988,0.12932622148320264,5.0297489773649895,0.03615013056458749,0.01838754156165634,4.460247285496558
1406,179.59986897635343,180.23979665506656,175.8802845759961,178.24002075195312,156407600,65.34079681164445,6.490785810128216,6.882428622209445,-0.391642812081229,172.04372177124023,156.364365234375,135.1774910736084,171.21774319731094,158.1021736495995,182.259823543614,172.04372177124023,161.82761999886645,0.11876169228607743,6.723335378664648,-0.009666678479423485,0.015668640477373375,4.45305191360898
1407,176.31023710297544,179.87982901005608,176.23024423927978,179.39988708496094,137192300,66.49273461852427,6.372650514999549,6.780473000767466,-0.4078224857679169,172.8706283569336,157.32703948974608,135.39612281799316,171.99699499613476,158.93737809804506,182.64787590660313,172.8706283569336,163.09338080726405,0.11311635345574178,5.059135103758526,0.006507328309964366,0.0008366161379915749,4.3956614034066455
1408,181.5496539748588,183.85939259097617,178.77996020998395,180.7497406005859,151878400,67.83268481081095,6.315152196529823,6.687408839919938,-0.37225664339011466,173.70403442382812,158.23252624511719,135.61545585632325,172.8305898156063,159.7927648628506,183.17942638068482,173.70403442382812,164.22864246697142,0.10909812185176161,4.046271968368046,0.007524271824015605,0.01630403355233545,4.444502187519901
1409,181.52965464990967,183.27945850723472,180.3797743894202,182.6795196533203,123396700,69.69830090876695,6.352078598556233,6.620342791647197,-0.26826419309096394,174.59293441772462,159.19040588378905,135.83908966064453,173.76858313348382,160.6902846585553,183.93303581617005,174.59293441772462,165.2528330192792,0.10699289097345308,5.302587987111167,0.010676524604252391,0.051692350020265954,4.334158039683802
1410,182.02960317073044,183.8193958765311,180.22980182096376,182.0395965576172,138323200,68.28403356510168,6.257573183978877,6.547788870113533,-0.29021568613465565,175.49233322143556,160.04790283203124,136.03098358154296,174.556298697687,161.52751257616558,184.02863902743337,175.49233322143556,166.95602741543775,0.09728408813422904,3.004241857541622,-0.003502982145549449,0.011444441863347699,4.280974897961198
1411,182.9395060522284,184.4593247511904,179.43989822709233,183.1394805908203,145485700,69.43212981597183,6.199959141770904,6.478222924445007,-0.27826378267410323,176.11526412963866,161.00858276367188,136.22897666931152,175.37374459227112,162.37504073360302,184.96862888458594,176.11526412963866,167.26189937469138,0.10054057266075819,4.358732951602018,0.006042004344120722,0.027487989611971075,4.333721442685261
1412,182.5995244354664,183.9493792108361,179.32990196930365,181.56964111328125,179871700,65.77249542039202,5.958935769846761,6.374365493525358,-0.41542972367859754,176.6262062072754,161.89287414550782,136.43926376342773,175.96382997522446,163.12777016025706,185.50020425704162,176.6262062072754,167.7522081575092,0.10048336812887607,1.294124627372551,-0.008571824450275045,0.01209451167208786,4.354132571174346
1413,179.7298534235828,182.99949119039164,179.43989264021437,181.9996032714844,129554000,66.2964724432737,5.736490670334405,6.246790528887168,-0.5102998585527629,177.07715530395507,162.70897888183595,136.64745208740234,176.5386655272492,163.86784204697187,186.07999054792248,177.07715530395507,168.07432005998766,0.10168262787499535,2.333165345153952,0.0023680289037686375,0.006914879472277535,4.297380141103126
1414,181.85962676701385,181.87961354108583,178.02004541114613,180.4297790527344,156602200,62.53248498720355,5.371609065855097,6.0717542362807535,-0.7001451704256567,177.47910995483397,163.47968963623046,136.8421432495117,176.9092477677716,164.51732977268804,186.32558895064156,177.47910995483397,168.6326309590264,0.0996903691714354,3.8740515114764,-0.008625426597267505,-0.012315231640937951,4.274678549619923
1415,180.57976314427117,182.9194971983916,180.56975450061333,181.98959350585935,132008000,64.67836364448203,5.148947889764685,5.88719296697754,-0.7382450772128548,178.01054916381835,164.32018951416015,137.04973167419433,177.39309021901806,165.20251658575359,186.59615641946178,178.01054916381835,169.42494190817493,0.09646178045035206,1.116661599615691,0.008644994530914163,-0.000274682281785954,4.1471813779083
1416,182.4095478886331,182.47954736718555,175.47033846497254,175.6203155517578,185229200,51.665979335760944,4.407730232503269,5.5913004200826855,-1.1835701875794165,178.44100036621094,164.99871032714844,137.22182502746583,177.22425453642185,165.61105772167534,185.50622566536518,178.44100036621094,171.3757750670567,0.07918836236800302,-1.4697626207309598,-0.034998033851295296,-0.041057040321426985,4.351611915358636
1417,175.1503706193276,175.9802794498554,168.7810892510499,175.38034057617188,215142700,51.24763669097446,3.7576303008983984,5.224566396245828,-1.46693609534743,178.6719741821289,165.65423461914062,137.40226524353028,177.0486436830647,165.99416685322421,184.97916392516163,178.6719741821289,172.36478443909618,0.07060077297409276,-2.2405513036278943,-0.0013664420020655932,-0.0340877500179001,4.555010364176269
1418,174.83041312567687,176.88017120538285,173.79052111986658,174.96038818359375,140040900,50.47736675064375,3.171970274154461,4.814047171827555,-1.6420768976730944,178.73396682739258,166.27476470947266,137.61349433898926,176.84976220692462,166.3457833759838,184.867244481602,178.73396682739258,172.60068917318316,0.06863024150448657,-3.202965823218112,-0.002394523760180123,-0.03867709028678723,4.450341772843411
1419,172.59066018618677,178.56998587344157,171.18081451068767,177.97006225585938,172789400,55.625042127645735,2.9170599766394787,4.43464973278994,-1.5175897561504614,178.95844192504882,166.97788604736328,137.82657638549804,176.9564574496803,166.80163744970443,184.6164090972734,178.95844192504882,173.30047475282424,0.06323219079650054,-2.577988712910074,0.01720203129126263,-0.013632543418213294,4.660258172122732
1420,178.33002804439553,181.88962682620624,176.5502286534902,179.78985595703125,163012800,58.43816990423032,2.829269811139852,4.113573748459923,-1.2843039373200709,179.11142501831054,167.67400817871095,138.0455084991455,177.22630492657086,167.31097935195254,184.68495257201582,179.11142501831054,173.53789746460527,0.06223531026159269,-1.2358523327499653,0.010225279904412465,-0.012087161174725525,4.7087681721651125
1421,180.0398187111229,182.36955942503775,178.78995879531527,181.7496337890625,168688200,61.28462503145162,2.8845815049857606,3.867775299765091,-0.9831937947793303,179.42439041137695,168.46991912841796,138.25494613647462,177.65709815157007,167.8772010945843,184.8504366166486,179.42439041137695,173.9983442061053,0.060482816108011206,-0.7589007008614816,0.01090038045583408,0.03490096358184869,4.628113347704924
1422,181.95959791056248,182.46955051009175,179.07993109949993,181.57965087890625,235518900,60.89506456500818,2.881484263684655,3.670517092549004,-0.7890328288643489,179.54087677001954,169.20803649902345,138.4350436401367,178.03067460179255,168.4145520665185,185.04638700478154,179.54087677001954,174.03536653525754,0.06132876628216769,0.0055129070937332035,-0.0009352586115993766,0.03534780627274392,4.539649495053988
1423,180.79974711518173,184.44933204343067,176.39023757757425,180.1498107910156,281787800,57.579495409083414,2.7321589050707473,3.4828454550533525,-0.7506865499826052,179.6558639526367,169.92895599365235,138.59164741516113,178.23249709600427,168.8747582910086,185.11115014337847,179.6558639526367,174.20057776189495,0.06073039945058465,-1.0163717102775855,-0.007874451134638472,0.02966055723411154,4.791038421539875
1424,178.09004428153852,178.130033086625,173.13059331145078,174.1604766845703,243257900,46.225822099122674,2.1062487505990077,3.2075261141624836,-1.1012773635634758,179.67886123657226,170.50289184570312,138.7245524597168,177.84468562824864,169.08204136526592,185.03653704483418,179.67886123657226,174.32118542831034,0.05963612827229342,-3.4746494736502203,-0.03324640797648837,-0.02140576635755853,4.9501940685416566
1425,169.980952871088,172.36069109354864,167.20126556823303,170.7608642578125,231164900,41.25344240305599,1.3206663134726853,2.830154154024524,-1.5094878405518388,179.21791305541993,171.04143157958984,138.8523055267334,177.1700359739214,169.1478775571305,185.83174817598683,179.21791305541993,172.60407793485302,0.07380774619913907,-6.16998424565706,-0.019519999551419476,-0.0502196948273691,5.093695286241344
1426,171.0408442884315,172.3906992342715,168.86109570238054,170.60089111328125,164424900,41.02978604429933,0.6773697792547182,2.399597279070563,-1.7222274998158449,178.83595657348633,171.5703726196289,138.96411384582518,176.5444031300509,169.20485848090112,186.43981156582439,178.83595657348633,171.23210158114827,0.0850372054706294,-2.858111501910647,-0.0009368255731577735,-0.061341211222028735,4.981974446644888
1427,170.55090333056648,171.8407521362954,169.39102958990665,171.64077758789062,141670100,43.18603875234593,0.2485971161837881,1.9693972464932081,-1.72080013030942,178.4480010986328,172.04552001953124,139.09121810913086,176.0773911736547,169.30038472039092,186.66427090586447,178.4480010986328,170.23173129140113,0.09208587102850567,-2.132258938485222,0.006095434014578904,-0.054735611853575894,4.801099310912307
1428,168.01117837826322,169.0110663720669,164.05163046676552,167.0012969970703,224441400,36.732656277557844,-0.4602699133097019,1.4834638145326262,-1.9437337278423281,177.76057891845704,172.29969177246093,139.19267585754395,175.21300125207523,169.2102244175156,187.28752483731333,177.76057891845704,168.23363299960076,0.1071885113878541,-4.549081805975195,-0.027030176954567886,-0.07298655344799854,5.000245583070365
1429,167.5312283491485,170.940849905597,167.33125381142952,168.2911376953125,163769100,39.44201702168701,-0.907511548371474,1.0052687419518063,-1.9127802903232802,177.04115982055663,172.5654620361328,139.32447463989257,174.55377615143115,169.17418180095862,187.1301295901722,177.04115982055663,166.95219005094106,0.11397315494138693,-5.4385127688677946,0.007723537011001813,-0.03370075174913556,4.924481820602958
1430,169.0710489481518,170.96083655380465,166.7213214317911,170.74085998535156,157548400,44.31908756675363,-1.052153084916796,0.5937843765780859,-1.6459374614948818,176.47622299194336,172.8256329345703,139.47766891479492,174.1906412784712,169.2356201611309,186.64738704384717,176.47622299194336,166.30505894003954,0.11526951199956448,-5.033095957228169,0.014556454508461547,-0.0001171478754683486,4.875555627846572
1431,176.62020974984335,179.26990675759993,175.45034266016896,177.3101348876953,226852000,54.825731812982816,-0.6294411559842388,0.349139270065621,-0.9785804260498598,176.18475570678712,173.2123895263672,139.62942123413086,174.4877359079211,169.55226779746675,185.8992833279148,176.18475570678712,166.47022808565944,0.11027659665737406,-2.4426453076211656,0.038475118978007705,0.03932713206028349,5.136519281018129
1432,179.66999584989978,180.26996857097555,176.4701769393558,177.16014099121094,151159300,54.57252663652082,-0.3030488027682168,0.21870165549885345,-0.5217504582670702,175.9642807006836,173.68993560791014,139.78602165222168,174.74225067775822,169.8506157658489,185.37536390671184,175.9642807006836,166.55319749465534,0.10696583611803087,-2.4339235516223354,-0.0008459409078864777,0.03215648099994217,5.041038734632529
1433,177.76010410307373,178.59005971058946,176.44017029123495,177.8101043701172,124911000,55.53092534333278,0.00797418000917105,0.17655616040091698,-0.16858198039174593,175.75480575561522,174.10149017333984,139.9419731903076,175.03442721988765,170.16275257385942,184.79855262277965,175.75480575561522,166.7110588884508,0.10291322423057543,-1.298755969059888,0.003668790142465017,0.06472289477629922,4.834528069255528
1434,175.66021109761542,178.84004186496986,174.50027206258352,177.74009704589844,147061600,55.39536260889602,0.24597765142118533,0.19044045860497066,0.055537192816214664,175.62032165527344,174.46984924316405,140.1211666870117,175.2921100604601,170.4599033374688,184.45967766915064,175.62032165527344,166.78096564139625,0.10066438702040459,2.0553574665573136,-0.0003937196059062842,0.0561465058706363,4.799188193050587
1435,176.99014687805604,177.49011904437822,174.37029760906842,174.87026977539062,140737800,50.00614467950329,0.20071235358187778,0.1924948376003521,0.008217515981525675,175.26435546875,174.8028091430664,140.31565086364745,175.2519347952154,170.63285888405397,183.60859646595551,175.26435546875,166.9201144715445,0.09521891630375805,2.4065265395786466,-0.016146200650305254,0.024185246521502446,4.69708899617769
1436,172.63039291663662,173.1903593144249,168.40063256525568,170.280517578125,211843800,42.8296123776018,-0.20317330979014514,0.11336120812225266,-0.3165345179123978,174.99736557006835,175.00877807617186,140.48268775939943,174.77846648882584,170.61904157793913,183.61615956362223,174.99736557006835,166.37857157651447,0.0985019856210686,-0.1877912436831984,-0.0262466124353834,-0.03964588552156212,4.823699582888922
1437,173.9703101424577,177.09014682532762,172.95037791227023,176.23019409179688,191763300,52.371732027048175,-0.04267451151474688,0.08215406419485276,-0.12482857570959964,175.03985824584962,175.27614685058595,140.68737045288086,174.91672626053736,170.839086774561,183.67415188546354,175.03985824584962,166.40556460623569,0.09865517175507263,2.673849750858992,0.03494044179741329,-0.0052491880747611575,4.965551701768471
1438,175.7602124903078,178.07008136373162,175.17023376194967,176.66015625,237182100,52.98247023887417,0.11785770501370507,0.08929479235862323,0.028562912655081846,175.1248466491699,175.52771759033203,140.8796578216553,175.08276721191476,171.06736400889193,183.78775289168306,175.1248466491699,166.46194040665677,0.09893406227921123,5.783703136808052,0.0024397757740604042,-0.006467282183938994,4.8180014089122905
1439,175.29024236301854,184.53972732383275,174.70027887607205,183.5997772216797,269637000,61.551955898360156,0.7958756991228029,0.23061097371145917,0.5652647254113436,175.40633239746094,175.9016827392578,141.1047440338135,175.89391102236857,171.55883119370714,184.75913127975664,175.40633239746094,166.05353351516524,0.10664151920242859,9.09652150197187,0.03928232103372031,0.03296768862609589,5.176676197401463
1440,181.9598706713119,182.409842567533,176.20019683221489,178.42005920410156,192559600,53.68663916996832,0.9048196908360069,0.36545271713636873,0.5393669736996382,175.33784255981445,176.18905151367187,141.29578437805176,176.134496563486,171.82789895882064,184.58065260842952,175.33784255981445,166.09503251119938,0.10542858191564657,4.497575577052163,-0.028212006005454482,0.02029955940063677,5.33545506826313
1441,179.75999113536878,179.76998508551358,175.39022416770254,176.96014404296875,143564100,51.68207268395743,0.8634028658960062,0.4650427468882963,0.39836011900770996,175.09836807250977,176.3146371459961,141.45513343811035,176.2131296567701,172.0291634719245,183.90202098147074,175.09836807250977,166.2947151635488,0.10055665287885836,-0.19738908040887776,-0.008182460916363432,0.03922719145940534,5.267191200373695
1442,174.47028665549124,180.24996380236055,173.12037093203185,177.68011474609375,191586700,52.6215938815109,0.8785479979912338,0.5477437971088838,0.3308042008823501,174.90339126586915,176.44122344970702,141.61843231201172,176.35284252241996,172.25076940424486,183.28694173896588,174.90339126586915,166.5198407927724,0.09586492763142562,0.2935049339956265,0.004068547225810182,0.008227424714414289,5.400219891084768
1443,178.16008106951017,179.7599981152731,174.920255917913,178.18008422851562,148573700,53.300675909318564,0.9202855046636955,0.6222521386198462,0.29803336604384933,174.80490493774414,176.54521270751954,141.79732749938964,176.5268655420481,172.48329155421627,182.9833815743296,174.80490493774414,166.62642830115868,0.0935726218837873,0.2080758344465695,0.0028138741532013345,0.008603682974018811,5.360185770104434
1444,180.4199550960203,183.9897638156017,180.30997586310093,181.8398895263672,193063500,58.04156936236266,1.2344485264759726,0.7446914161910715,0.4897571102849011,175.188875579834,176.73419677734375,142.01266677856447,177.03286782626898,172.85021696488886,183.91314577034055,175.188875579834,166.46460538932743,0.09959844952062481,2.3066221683282,0.020539923491998513,-0.009585456594468522,5.3922924713174085
1445,182.06986121505471,187.3395719841704,181.4698885277926,186.56961059570312,236981000,63.23596476251002,1.8438195430967141,0.9645170415722001,0.8793025015245141,175.97931289672852,177.0383728027344,142.27034950256348,177.94112904240558,173.38823240139138,185.75665889632873,175.97931289672852,166.2019668971283,0.11111926553933008,6.690297233108598,0.02601036044211913,0.045676206072092995,5.426391827393151
1446,185.22969505995903,188.1295275431824,183.88975804814035,187.2295837402344,173844900,63.90740793164481,2.3528822195787313,1.2421900771735064,1.110692142405225,176.81074752807618,177.44273864746094,142.51013793945313,178.82574377553215,173.9310304931107,187.41072843586068,176.81074752807618,166.21076662029168,0.11990199754233044,9.953614425874141,0.0035374096693669976,0.05803250078035682,5.341633089368073
1447,189.5894532800495,191.0393695238543,188.04953044946197,188.8794860839844,136805800,65.59891896757782,2.8565231676677456,1.5650566952723544,1.2914664723953913,177.67268295288085,177.80511108398437,142.768023147583,179.78324304300378,174.51724443785085,189.21274520440056,177.67268295288085,166.13262070136113,0.1299024932783861,7.177709845566314,0.008812188281308808,0.06303109019202657,5.232215424671774
1448,189.1794627061203,190.34939569471345,185.36967740169,187.6095428466797,137596900,63.145836018997414,3.1172546702582906,1.8754962902695418,1.2417583799887488,178.70309524536134,178.08289123535155,143.03500442504884,180.52860492906814,175.03066790486375,189.9235488932845,178.70309524536134,167.48264159743817,0.12557648912031832,6.197994402985075,-0.006723563599384419,0.052920946013645276,5.214179915268322
1449,185.48967202648717,187.21957143407985,183.3197946752433,185.5296630859375,157678100,59.238690358178715,3.1200908845904394,2.1244152091337214,0.995675675456718,179.56502151489258,178.32387329101562,143.30283332824706,181.00489618210332,175.44239320608233,190.08003678736614,179.56502151489258,169.05000624241902,0.11711652062037571,1.0511373670827795,-0.011086215174256564,0.020291331946917346,5.148149076423185
1450,186.21962980709273,189.0494741147918,183.9897582054133,185.0296936035156,140088000,58.30477194798491,3.0468727931236685,2.308906725931711,0.7379660671919575,180.2794631958008,178.48986328125,143.5762100982666,181.38821022223783,175.81836577068756,190.22547754256422,180.2794631958008,170.33344884903735,0.11033995964322468,3.7045354815475195,-0.0026948223486522593,-0.008253846847140256,5.141832421634279
1451,186.55962017208088,189.58945025835604,186.52960780500513,189.09947204589844,130168900,63.36747337948275,3.279440685034956,2.5030135177523603,0.7764271672825958,180.86893005371093,178.7620462036133,143.8773336791992,182.1226161102055,176.33919346775465,191.42015964000188,180.86893005371093,170.31770046741997,0.11667265995500344,6.859922085044226,0.021995272018898948,0.009987141285633383,5.100255581149005
1452,192.21928773885008,195.28912405123697,191.04935474353755,192.5592803955078,182997200,67.03227826031178,3.7002755606034157,2.7424659263225717,0.957809634280844,181.63888702392578,179.02823333740236,144.18690887451172,183.11658413737717,176.9752753080587,193.19479225888927,181.63888702392578,170.0829817889623,0.12724043209361138,8.374131044814161,0.018296234844958237,0.019482233819120065,5.178069611448257
1453,193.49922565779727,195.6091088464203,182.0398719523004,183.1498107910156,268774400,51.842059885763064,3.237208152093814,2.8414143714768203,0.39579378061699355,181.9058723449707,179.1342282104492,144.42934211730957,183.11974858058085,177.21741395444917,193.34171441964156,181.9058723449707,170.47003027029984,0.12573362175997982,2.789159396807954,-0.04886531350327861,-0.023771349729841407,5.777438703067661
1454,187.9595379156231,190.09941818271824,185.94965529464977,188.3095245361328,153482800,57.525986772386034,3.2491158868936907,2.9229546745601946,0.32616121233349604,182.43434371948243,179.4264080810547,144.67273071289063,183.61401295730008,177.65239868314265,194.02709884890274,182.43434371948243,170.84158859006212,0.12708961364473945,3.5578744722166764,0.028172094324491193,0.014983380037227212,5.86116503797016
1455,184.75971529942103,184.78971240822688,179.68999030007896,180.0199737548828,205641400,47.770845184165665,2.5601436408749123,2.8503924678231383,-0.29024882694822596,182.69182891845702,179.42721099853514,144.8719223022461,183.27172350945082,177.74524476438737,193.82060111123693,182.69182891845702,171.56305672567711,0.12183108854580618,-3.510559313442206,-0.044020878931481766,-0.027075221014891238,6.058191409261852
1456,184.7897166440438,184.85970481354863,177.2801249034248,179.8199920654297,214450500,47.56130506663634,1.975222189241407,2.6753584121067924,-0.7001362228653853,183.16880264282227,179.45881042480468,145.07156356811524,182.9429871814488,177.82660740364392,192.8528572858218,183.16880264282227,173.48474799982273,0.10573912700497771,-3.9574897977046795,-0.0011108861160341599,-0.049071950757305305,6.16686201646628
1457,182.21985578014733,183.26980040587233,179.76000120804414,181.7998809814453,179723300,49.90413834221416,1.6523805986210789,2.47076284940965,-0.818382250788571,183.4472869873047,179.50681030273438,145.29570030212403,182.8341199243056,177.9824220537538,192.62424900020625,183.4472869873047,174.27032497440314,0.1000501251734144,-3.7482128151233836,0.01101039374584789,-0.05587577701767055,5.977071815134988
1458,180.1699689260444,184.08976427610557,179.74000017155936,183.20980834960935,173135200,51.56372836381736,1.4930843208248348,2.2752271436926867,-0.782142822867852,183.77476959228517,179.55601165771483,145.52448738098144,182.86989977433453,178.18741759476774,192.4110826280428,183.77476959228517,175.13845655652753,0.0939880164716603,-2.3451549587037475,0.007755381139704642,0.0003275873359334103,5.860835550092934
1459,183.1198152646831,185.18969215276272,181.7198840079423,182.6298370361328,128544700,50.81794867721713,1.3049988209541254,2.0811814791449748,-0.7761826581908493,183.7262725830078,179.5550180053711,145.76637016296388,182.84703665641055,178.3616301218801,192.37685317957101,183.7262725830078,175.0756919864446,0.09416813910111692,-1.5629986071076332,-0.003165612794975514,-0.0301614457048357,5.690047878287753
1460,182.77981647710283,182.77981647710283,179.78999271004406,181.14991760253903,124240200,48.87539614571662,1.0247103540342266,1.8698872541228253,-0.8451769000885987,183.86276550292968,179.53722442626952,145.98075889587403,182.68540627032755,178.47097472896476,192.2564753085794,183.86276550292968,175.46905569727994,0.09130407434795153,-2.09683966147088,-0.008103382544775384,0.006276769316691411,5.497174727485683
1461,181.1299112106735,183.42978616900905,176.7501502622395,180.26995849609375,162249600,47.70763865138159,0.7232373489072188,1.640557273079704,-0.9173199241724852,184.02825622558595,179.479833984375,146.1599562072754,182.45536362516242,178.54152311198942,191.99049406542034,184.02825622558595,176.06601838575156,0.08653277494597458,-4.669242835147407,-0.004857629073704572,0.0025023159299235598,5.581636240291674
1462,180.40994799999945,183.01980322210497,179.7799782111653,182.1498565673828,111363700,50.432330358476115,0.6287619078546243,1.4381982000346882,-0.809436292180064,184.2517433166504,179.49143829345704,146.32375984191896,182.4262677148977,178.68302638474995,191.72458364045352,184.2517433166504,176.77890299284726,0.08111554538684057,-5.405828172365688,0.010428238221011243,0.0019250594887529893,5.414364009623675
1463,183.8297551720498,187.45955783835475,183.48977777431884,186.24961853027344,131296700,55.83675112441119,0.8746238481396915,1.325483329655689,-0.4508594815159974,184.65522003173828,179.57643859863282,146.5544995880127,182.7903963639811,178.97975548849598,191.62784227332864,184.65522003173828,177.68259779014792,0.0755204455134484,1.6924984666213492,0.022507632123081045,0.0165919620136461,5.40688809971998
1464,189.979423148828,191.98930570001696,188.41949722334647,191.47933959960935,153452700,61.58984291685806,1.4744692274195756,1.3552805092084663,0.11918871821110932,185.1371925354004,179.7974298095703,146.81153785705567,183.61791476737426,179.46993525755926,192.58143698001666,185.1371925354004,177.69294809078414,0.08041868133214597,1.6833004444596271,0.028079096808919735,0.048455951705885125,5.430659461864519
1465,193.03926234185508,203.1386912540773,191.8993263782752,201.0188140869141,297986200,69.41623849349615,2.688614207581452,1.6219472488830635,1.0666669586983883,185.85965270996093,180.1780142211914,147.13726768493652,185.2751432739971,180.31498932929867,196.02645146163783,185.85965270996093,175.69285395828402,0.10940296727598513,11.664728026581946,0.04981986311030817,0.10968206194810093,5.875566047050478
1466,207.96842303697136,212.1781954922272,204.76860414707735,207.02847290039065,308829600,73.13059669041428,4.08863090128952,2.1152839793643547,1.973346921925165,186.84959716796874,180.80617736816407,147.50644218444825,187.34688895270125,181.36257692032189,200.58612817775224,186.84959716796874,173.11306615818523,0.1470330278254229,15.130954307383593,0.029896001728863864,0.14843579389228467,6.252981429783523
1467,205.1385766163601,206.1485301715792,201.3987945248924,202.8787078857422,178864400,67.07301748721198,4.80788060714255,2.653803304919994,2.1540773022225563,187.54955825805663,181.35614471435548,147.8622159576416,188.82610980346706,182.20634676210307,202.95393719232237,187.54955825805663,172.1451793237909,0.16426995698993074,11.59452183934499,-0.02004441686938918,0.11380108504609843,6.208459783048861
1468,206.43850017947892,207.95841980607935,202.05875446792163,202.47872924804688,179802200,66.50123914993853,5.2846975439674395,3.179982152729483,2.1047153912379564,188.293017578125,181.90651153564454,148.1935958099365,190.12635927437944,183.00134215370872,205.0160338421714,188.293017578125,171.57000131407858,0.17762757726380193,10.51740683100748,-0.0019715160938454934,0.08713634339678134,6.186403036985207
1469,208.06841462190084,211.3282275916459,205.5485506791992,206.8684844970703,180267300,69.56747805463853,5.948227499590331,3.733631222101653,2.214596277488678,189.35995864868164,182.48447998046876,148.5602707672119,191.72084739082618,183.93730852011507,207.86909662474267,189.35995864868164,170.8508206726206,0.1954915717995156,13.272008481364384,0.02168008099085683,0.08036974082760184,6.376624130314767
1470,202.9886974067508,203.9586446199207,197.9189723693821,198.6789398193359,188919300,58.76128620166574,5.7470040717309985,4.136305792027522,1.6106982797034766,190.04242095947265,182.86226165771484,148.8653037261963,192.38352286020805,184.51541170831982,208.8664378616587,190.04242095947265,171.2184040572866,0.19810331616645066,9.676527844333496,-0.039588169738104195,-0.011640075971030672,6.560401844412871
1471,198.75894188581304,202.90870481768465,194.63916080574023,195.1991424560547,171350300,54.86173326847072,5.246266792186503,4.358297992059319,0.8879688001271848,190.34740447998047,183.1312518310547,149.13734199523927,192.65167710743154,184.93438154156433,209.29765717831145,190.34740447998047,171.39715178164948,0.19911227841642623,8.281570642445361,-0.017514676525078543,-0.057138664448476706,6.682483427807981
1472,196.40906647995496,197.60899664277025,186.3696319662745,188.0695343017578,223029800,47.854554543734324,4.225421073201346,4.331722608287724,-0.10630153508637807,190.12291717529297,183.26104949951173,149.3425405883789,192.21528255451022,185.05732870863076,209.0694144406813,190.12291717529297,171.17641990990464,0.19930787457799942,3.2498942606551706,-0.03652479239708739,-0.07299520850815278,7.007974945571393
1473,184.8897071775586,188.3095303364016,178.90005019006267,188.1395263671875,264942300,47.9248734061203,3.383043639635275,4.141986814557234,-0.7589431749219591,190.37240295410157,183.42084381103516,149.54733947753905,191.82711529857474,185.17819920504476,209.07488170164467,190.37240295410157,171.66992420655848,0.19648308743628382,1.0147176954388621,0.0003721605718307597,-0.0708183172331801,7.179511031340502
1474,195.09914200543773,199.9288750287355,193.7792081445882,199.03892517089844,198897100,57.52951371623527,3.553975826856629,4.024384617017113,-0.47040879016048454,190.90887298583985,183.9184127807617,149.82962913513182,192.51395433403414,185.72175708605863,209.95623865450568,190.90887298583985,171.86150731717402,0.1995440585946848,3.9479902046332906,0.05793253025650147,-0.03784800447108583,7.508785147783895
1475,195.149134832034,195.4091148592836,191.28934919242403,193.1492462158203,176483300,51.953320161993254,3.1775639677006495,3.855020487153821,-0.6774565194531714,191.56533660888672,184.36618041992188,150.20343730926513,192.57445832277568,186.0130311695787,209.9601345178573,191.56533660888672,173.17053869991614,0.19204724857427313,-3.914841457422602,-0.029590588624919145,-0.027832308791983174,7.525984492833217
1476,195.70910637927892,195.8790950852001,191.1193655455878,193.78921508789065,154935300,52.49216568876945,2.8974944841658328,3.6635152865562235,-0.7660208023903907,192.26379776000977,184.82994689941407,150.52760974884032,192.6901494432628,186.31797955853213,209.8653801207615,192.26379776000977,174.66221539925803,0.18309824902889552,-6.3948971013614715,0.003313338698486268,-0.007223020298265159,7.328394853317437
1477,191.03936321053533,191.42934088057365,183.8397672401686,186.84959411621097,207423100,46.413518019533996,2.091458948223476,3.3491040188896744,-1.2576450706661984,192.51628341674805,185.13412322998047,150.84352684020996,192.13390607878168,186.33882718824503,209.64884641603257,192.51628341674805,175.38372041746354,0.17798559888253132,-7.900835891836685,-0.03581015057278758,-0.00648664436840396,7.515612924346336
1478,182.8498180673128,190.9993581321044,180.56994624954729,190.1594085693359,186591900,49.42186465001951,1.7001461177689237,3.0193124386655246,-1.319166320896601,192.86376342773437,185.59728546142577,151.1712442779541,191.9458586969297,186.48865390907213,209.50199114785318,192.86376342773437,176.22553570761556,0.17253866070443152,-6.084254244612116,0.017713789900268173,0.010736086356496255,7.723741421361391
1479,185.9596450685713,188.98947511566345,184.30974305565783,186.5896148681641,173628900,46.39647203832988,1.0894172389116932,2.6333333987147585,-1.5439161598030653,193.06175231933594,185.96325500488283,151.50400650024415,191.43574023704724,186.49261316236985,209.2975202843417,193.06175231933594,176.8259843543302,0.1681924852536384,-9.802783482562523,-0.018772637799145286,-0.06254711379718891,7.589878856526868
1480,183.36979105504545,184.7897101334883,179.63998782140993,181.3498992919922,213598900,42.303075353623505,0.18052793186271288,2.1427723053443493,-1.9622443734816364,193.0717514038086,186.17543579101562,151.82761547088623,190.47518395656581,186.29093810862955,209.27838277770948,193.0717514038086,176.86512002990773,0.1678819532745087,-8.722132573840732,-0.028081496281955776,-0.06108927244087625,7.544146584400246
1481,184.7796984316032,187.8495347223247,182.8198161698128,186.50961303710935,247246400,47.23947759277204,-0.12202103196250391,1.6898136378829787,-1.8118346698454826,193.38373413085938,186.35942535400392,152.16707576751708,190.0975105356652,186.29951359602092,208.81424673608197,193.38373413085938,177.9532215256368,0.1595843898099623,-4.45162274260586,0.02845170449645229,-0.0375645365377002,7.469538644823979
1482,195.9390891568929,195.9890894251709,179.83999453744622,180.62994384765625,343504800,42.750840442102785,-0.8267037049789394,1.186510169310595,-2.0132138742895345,193.30773849487304,186.42882141113282,152.44624614715576,189.1958375177596,186.0771775274576,208.97201154562538,193.30773849487304,177.6434654441207,0.16206565937522252,-3.955765872299513,-0.0315247514254573,-0.03328693486316281,8.089506947888315
1483,181.22991004695135,184.5497171819005,172.92036011460985,178.8700408935547,346926200,41.480347345517394,-1.5097755083249353,0.647253033783489,-2.1570285421084243,192.93875961303712,186.45002014160156,152.69737232208251,188.21242831545436,185.79454471828493,209.56857859780212,192.93875961303712,176.30894062827213,0.17238442931962641,-4.926920808518341,-0.009743140680959717,-0.05936791537540409,8.342353384988481
1484,179.48001348627363,183.4897847612219,176.47017128450955,182.5398406982422,256618300,45.14143741042397,-1.7349927429562797,0.17080387843553527,-1.905796621391815,192.49178466796874,186.54601501464845,152.96104915618898,187.67218187571987,185.66690926651856,209.72411633330506,192.49178466796874,175.25945300263243,0.17904485321345595,-8.289375788424218,0.020516570501995846,-0.02170417776350142,8.247871962968757
1485,174.90026276869568,178.15008177330986,169.54056066153746,177.8101043701172,320600300,41.53481868793984,-2.268973898908655,-0.31715167703330277,-1.9518222218753523,191.33134918212892,186.60481170654296,153.18243221282958,186.7329363989958,185.35879927058124,209.22366914596597,191.33134918212892,173.43902921829186,0.1870296743353364,-7.941600677314338,-0.02591070699981468,-0.01951914467939997,8.587258253949898
1486,181.61988829154,182.8998157763143,178.2300777211247,180.2499542236328,183852000,44.01950976393994,-2.466846053874008,-0.7470905524014438,-1.719755501472564,189.992423248291,186.80420043945313,153.41986347198485,186.1155095251517,185.15845240599504,206.97016595169725,189.992423248291,173.01468054488475,0.17872020802870586,-6.986591518066307,0.013721660319353957,-0.03356212428702565,8.337433479110414
1487,179.0000253919654,179.28000857805475,176.49017066740046,176.99014282226562,121332800,41.482874648455905,-2.853803824923176,-1.1684332069057903,-1.6853706180173857,188.6979949951172,186.8193994140625,153.64929340362548,185.2464269820197,184.83812653996642,205.49508290333887,188.6979949951172,171.90090708689553,0.1780314402244318,-5.276677929422347,-0.01808494995412202,-0.020150596007827204,8.010458484619123
1488,174.75027181562072,180.28997214473748,173.67033006996684,179.9099884033203,188131000,44.56431866025543,-2.891531732243095,-1.5130529119732514,-1.3784788202698437,187.56955795288087,186.8843960571289,153.8725783920288,184.73819473642928,184.64486622088228,203.52301419987901,187.56955795288087,171.61610170588273,0.17010709436129068,-5.389909572777438,0.01649722145253496,0.005813983742445128,7.911114455344232
1489,181.74987648908228,185.6496685428864,179.98997995570696,181.4499053955078,182632200,46.174164135628956,-2.7652963242737485,-1.763501594433351,-1.0017947298403975,186.29862899780272,186.84139862060547,154.08576778411864,184.4250243230082,184.51957363949504,199.75418699152604,186.29862899780272,172.8430710040794,0.1444514977496911,-2.754552806321921,0.008559374639807826,-0.005970944745898765,7.7560120042172205
1490,181.06992440272873,182.43984327721984,179.1000328161426,179.5800018310547,165138000,44.484838391551484,-2.784046686997442,-1.9676106129461692,-0.8164360740512728,185.34368209838868,186.86459747314453,154.2868584060669,183.9635936094888,184.32586494112482,197.82478451737595,185.34368209838868,172.86257967940142,0.13468063521433374,-0.9759572339699959,-0.010305343286772684,0.009953863236328742,7.4405690368500785
1491,181.6199951171875,184.52000427246097,179.9600067138672,183.3800048828125,167364900,48.60035094788979,-2.463875967771827,-2.066863683911301,-0.3970122838605259,184.75272521972656,186.9929946899414,154.5077988052368,183.90801373075774,184.28877238981846,196.40288330159774,184.75272521972656,173.10256713785537,0.12611622446181123,-1.677987586449046,0.02116050235556166,0.017365056610756602,7.261957137175521
1492,183.88999938964844,184.66000366210935,180.91000366210935,182.41000366210935,143971100,47.629699771093044,-2.2623306188304184,-2.1059570708951245,-0.1563735479352939,184.46974868774413,187.08759246826173,154.7194903945923,183.76534610517217,184.21509518481025,196.0586789586515,184.46974868774413,172.88081841683675,0.12564586175616482,0.9854732701209293,-0.0052895691726206895,0.030622388080032037,7.011103055948699
1493,182.63999938964844,188.0,182.3999938964844,185.5500030517578,204378100,51.038638770365374,-1.8281588913535813,-2.050397434986816,0.2222385436332348,184.34027252197265,187.23499084472655,154.97527423858642,183.93531343341843,184.26744451292583,195.819653374999,184.34027252197265,172.8608916689463,0.12454555584600276,3.734533812835857,0.01721396484079296,0.03134909127887764,6.9103104164891915
1494,185.55999755859375,185.72000122070312,183.32000732421875,184.97000122070312,144719700,50.38621409479732,-1.5134300897809112,-1.9430039659456353,0.4295738761647241,183.6368263244629,187.2975930786133,155.24890232086182,184.03385512744555,184.29499575636808,192.94628776246844,183.6368263244629,174.32736488645736,0.10138991861639896,1.331304176208991,-0.0031258519079242486,0.01939982177186894,6.588144950774562
1495,184.97000122070312,185.47999572753903,182.0399932861328,183.77999877929688,162785400,49.00217045754951,-1.3445295985209782,-1.823309092460704,0.47877949393972585,183.16836395263672,187.24180084228516,155.53482543945313,184.00967833238377,184.27479979648294,191.39606822071244,183.16836395263672,174.940659684561,0.08983761268079256,3.357455095326399,-0.006433488855235314,0.023387887879595004,6.363277628676824
1496,180.27999877929688,181.32000732421875,176.6199951171875,180.92999267578125,182136600,45.760203224771246,-1.4242287934151818,-1.7434930326515996,0.3192642392364178,182.52540283203126,187.1158090209961,155.78325485229493,183.71637493651687,184.14363088978877,189.19496705614944,182.52540283203126,175.85583860791309,0.0730809423853822,0.37727524263597106,-0.015507705530775517,-0.013360301787519901,6.420186631064864
1497,181.11000061035156,182.82000732421875,174.6199951171875,175.02000427246094,204274900,39.86958896181034,-1.941892721378764,-1.7831729703970325,-0.15871975098173152,181.93392333984374,186.83861938476562,156.05776912689208,182.88814915898774,183.78584161067786,189.0480058833689,181.93392333984374,174.8198407963186,0.07820512428829869,-1.1131346177753585,-0.032664503634346365,-0.040513125603228506,6.547317029348177
1498,177.94000244140625,178.4199981689453,175.02999877929688,176.2899932861328,164775600,41.60905581220606,-2.224030376426242,-1.8713444516028745,-0.3526859248233676,181.2404525756836,186.6122283935547,156.3147898864746,182.259753361573,183.4918867744212,187.68449101995353,181.2404525756836,174.79641413141368,0.07111037687989635,-2.012114585362672,0.007256250615185866,-0.0499057376088643,6.322508234143619
1499,176.25999450683594,178.49000549316406,174.89999389648438,177.72000122070312,148588100,43.58792561165136,-2.3056586142164974,-1.9582072841255993,-0.3474513300908981,180.79697189331054,186.45603515625,156.63324584960938,181.82739601482348,183.26553832133422,186.92028301646727,180.79697189331054,174.67366077015382,0.06773687699559626,-2.055610977958123,0.00811167955658898,-0.03919554496488009,6.127329902896195
1500,176.10000610351562,176.1300048828125,170.30999755859375,170.94000244140625,222775500,37.158076279190595,-2.8841916534067025,-2.14340415798182,-0.7407874954248825,180.27647705078124,186.1742413330078,156.9081544494629,180.79050138878375,182.78218397310175,187.74521879220526,180.27647705078124,172.8077353093572,0.08285874966727014,-4.811225805519691,-0.038149891586355955,-0.06986612484044197,6.218949457125708
1501,174.52999877929688,176.14999389648438,171.82000732421875,174.13999938964844,176096000,41.541250641878236,-3.0493195867767895,-2.324587243740814,-0.7247323430359756,179.6579963684082,185.87505187988282,157.19251483917236,180.15712024600896,182.44327477375066,187.00734358802714,179.6579963684082,172.30864914878924,0.08181486344251904,-5.03872027872876,0.018720000599854014,-0.03752829028352522,6.146881028408024
1502,176.6699981689453,181.4499969482422,176.33999633789062,180.9900054931641,324925900,49.63892560494194,-2.5975040096577686,-2.379170596924205,-0.21833341273356366,179.6759994506836,185.64366638183594,157.5447660446167,180.23644265049992,182.3862838215708,187.03653756904413,179.6759994506836,172.31546133232308,0.08193123334072006,-0.7784650734263546,0.039336201490321354,0.03411039352627032,6.229960780564148
1503,183.9199981689453,184.16000366210935,182.3500061035156,183.69000244140625,129064400,52.43564826123614,-1.9985318891530994,-2.3030428553699838,0.30451096621688434,179.91699752807617,185.65447021484374,157.89992012023924,180.5653531067767,182.4374100419565,187.4693303637869,179.91699752807617,172.36466469236544,0.0839535223405691,-1.0024255347668893,0.014917933953784823,0.04197634260081129,6.01139202259137
1504,182.97000122070312,189.3300018310547,182.8999938964844,189.2100067138672,174873600,57.61767888913603,-1.0661342244114849,-2.0556611291782843,0.9895269047667994,180.25050582885743,185.67247985839845,158.31121639251708,181.38865345030914,182.70300206830595,188.76455086050814,180.25050582885743,171.73646079720672,0.09446902789537297,2.2922665649469063,0.030050651636426062,0.06465229245016202,6.041293159161293
1505,187.94000244140625,188.91000366210935,186.58999633789065,188.61000061035156,65528500,56.8921220102557,-0.37133729049938324,-1.7187963614425041,1.347459070943121,180.79050064086914,185.8442803955078,158.7106150817871,182.0764007988846,182.93464906995482,189.96152588112326,180.79050064086914,171.61947540061502,0.10145472475317589,2.6281433578934137,-0.003171111898024437,0.1033695911815733,5.796915817505238
1506,189.9199981689453,192.69000244140625,188.0,190.52999877929688,139740300,58.68501011370282,0.3304132927436285,-1.3089544306052776,1.6393677233489061,181.30450286865235,186.05848052978516,159.0846700668335,182.88150536844768,183.23250592130157,191.40222724142876,181.30450286865235,171.20677849587594,0.11138967000827109,5.3059230045503964,0.010179726222003582,0.09411967065059446,5.7178505763553105
1507,187.7100067138672,188.7599945068359,185.91000366210935,188.22000122070312,120006100,55.6842957202471,0.6921791775875761,-0.908727708966707,1.600906886554283,181.86599578857422,186.18688293457032,159.44797492980956,183.38993354485297,183.4280939722585,192.18806066346937,181.86599578857422,171.54393091367908,0.1135128623703237,7.541993272776523,-0.012124062212741427,0.039946933577015065,5.639432329271898
1508,188.2400054931641,188.9900054931641,186.92999267578125,187.5399932861328,97687300,54.79604849043795,0.9134802586524415,-0.5442861154428773,1.4577663740953188,182.24749603271485,186.2734866333008,159.77743530273438,183.78517732973677,183.58934492574377,192.81331403600512,182.24749603271485,171.68167802942457,0.11595021312549203,6.381530675845195,-0.003612835671873982,0.020959174661422608,5.383759506994108
1509,189.57000732421875,190.55999755859375,186.4900054931641,186.5,120100500,53.39327065848881,0.9934918377023223,-0.2367305248138374,1.2302223625161597,182.50000076293946,186.35088989257812,160.11239376068116,184.04373186976184,183.70348826198912,193.21778987063104,182.50000076293946,171.7822116552479,0.11745522260696943,4.940354894772568,-0.005545448029029565,-0.014322745191618691,5.28991897545379
1510,189.83999633789065,192.92999267578125,188.2599945068359,188.8500061035156,148240500,56.12643482058595,1.232322002335792,0.057079980616088453,1.1752420217197035,182.9635009765625,186.50489166259766,160.47959854125978,184.50147227297649,183.9053124910686,193.93486863868486,182.9635009765625,171.99213331444014,0.11992957724970278,10.477362470056374,0.012600568919654664,0.0012724961157275505,5.371352811191465
1511,191.7599945068359,193.6300048828125,186.1499938964844,188.1199951171875,183529700,55.04651378933292,1.3471616024716013,0.31509630498719104,1.0320652974844102,183.20050048828125,186.66189239501952,160.83270515441893,184.8460934962347,184.07059416268112,194.40002836078196,183.20050048828125,172.00097261578054,0.12226525410848545,8.028021004099124,-0.0038655597709006395,-0.012648945979898074,5.521971252272652
1512,190.52000427246097,192.1699981689453,186.82000732421875,187.2400054931641,176862600,53.70506943006373,1.3515847767018272,0.5223939993301183,0.8291907773717089,183.44200057983397,186.76369537353514,161.17636276245116,185.07408511498986,184.1948848030922,194.77049026206862,183.44200057983397,172.11351089759933,0.12351031548311628,3.4532293553834164,-0.004677810157688089,-0.005206650309123706,5.509686937447931
1513,188.57000732421875,191.3699951171875,186.55999755859375,189.11000061035156,153543200,56.15049870609465,1.4888209507410295,0.7156793896123006,0.7731415611287289,183.62000045776367,186.8209030151367,161.53351959228516,185.45845801931003,184.38763444259257,195.18479412817504,183.62000045776367,172.0552067873523,0.12596442262912982,2.95062229675466,0.009987155855193164,0.008371586757089045,5.459709124672632
1514,189.11000061035156,189.5500030517578,183.7100067138672,185.0399932861328,172457000,49.96433785782392,1.254702600255797,0.8234840317409999,0.4312185685147971,183.62350006103514,186.69211608886718,161.8517797088623,185.4186042351979,184.41321714233925,195.18996793869042,183.62350006103514,172.05703218337987,0.12598025714367342,-2.203907446629119,-0.021521904241355916,-0.0078284542298509,5.486872497045346
1515,185.0800018310547,186.33999633789065,183.6699981689453,184.86000061035156,131327500,49.7035428569101,1.0426195469613901,0.867311134785078,0.1753084121763121,183.6775001525879,186.36893981933594,162.17273921966552,185.36540388997443,184.43073806265346,195.2564639869389,183.6775001525879,172.09853631823688,0.12607928379613104,-1.9882296738586551,-0.0009727230993946678,-0.02112790767386563,5.2856671878953465
1516,183.22000122070312,187.1199951171875,183.02000427246097,184.94000244140625,137968500,49.82889235297935,0.8709578188295666,0.8680404715939758,0.0029173472355907837,183.87800064086915,185.92717041015624,162.5287424468994,185.32488946630127,184.45070921476142,195.39844440978868,183.87800064086915,172.3575568719496,0.12530529730329223,-2.9339192640030802,0.00043276983009055137,-0.01690406526855537,5.200976020526146
1517,185.0,188.11000061035156,183.3999938964844,185.80999755859375,160128900,51.25170017063515,0.7959408865494311,0.8536205545850669,-0.057679668035635845,184.4175003051758,185.58579620361328,162.90074352264404,185.3710902369958,184.50401464000976,195.2161153815252,184.4175003051758,173.61888522882637,0.1171105243101091,-1.2804184711928948,0.0047042019341549945,-0.0076372991487790864,5.165906784336218
1518,184.32000732421875,184.4600067138672,180.8000030517578,183.13999938964844,159586100,46.8596210279466,0.515105078419225,0.7859174593518986,-0.27081238093267357,184.76000061035157,185.1990216064453,163.26819301605224,185.1586053943913,184.45052384587794,194.921496040646,184.76000061035157,174.59850518005715,0.10999670271407332,-2.34616298069886,-0.014369507583160801,-0.03156893449016429,5.154770193086198
1519,186.5,189.6999969482422,186.3300018310547,187.0500030517578,206188600,53.18642748817472,0.6011160043154575,0.7489571683446105,-0.14784116402915293,185.22650070190429,184.80265197753906,163.66164138793945,185.33873850461666,184.55246420689284,194.89717823728404,185.22650070190429,175.55582316652453,0.10442002087966162,0.2949078025511059,0.021349807115541353,0.010862569382592113,5.255143576336737
1520,189.0800018310547,190.44000244140625,186.0800018310547,186.22999572753903,187967200,51.79371267130253,0.5962394673527172,0.7184136281462318,-0.12217416079351462,185.99100036621093,184.55367309570312,164.0421413421631,185.42362014489498,184.6182497567221,193.10189053483603,185.99100036621093,178.88011019758582,0.07646488437208215,-1.387349902726738,-0.004383893669287375,0.0074109873020888895,5.191204793052082
1521,181.8999938964844,182.3800048828125,177.61000061035156,178.07000732421875,223345300,40.44426316199921,-0.06531517887844984,0.5616678667412954,-0.6269830456197453,186.18750076293946,184.2110903930664,164.38049160003663,184.72327606673534,184.36145593583961,192.09254019477663,186.18750076293946,180.2824613311023,0.0634311047480644,-5.342328329696271,-0.043816724429606047,-0.03714715597759377,5.436118387633181
1522,179.0500030517578,185.3800048828125,178.39999389648438,183.32000732421875,200381000,48.29459701509817,-0.16407947232016795,0.4165183989290028,-0.5805978712491707,186.3040008544922,184.11609985351564,164.7881840133667,184.5896314245909,184.32061481381527,191.87687389400944,186.3040008544922,180.73112781497494,0.059825586288614306,-2.093568710714685,0.029482786455111043,-0.013400733367911477,5.56996689984465
1523,184.75,186.1699981689453,183.92999267578125,184.83999633789065,139636600,50.33574403266686,-0.11833636811616088,0.30954744551997004,-0.4278838136361309,186.36150054931642,184.0501092529297,165.24091957092284,184.61347570204802,184.3409827167202,191.84837154827034,186.36150054931642,180.8746295503625,0.05888416848738498,-2.257947363269786,0.00829145184891722,0.009282499475307349,5.375682895907644
1524,187.5,189.6000061035156,186.82000732421875,187.6699981689453,142748100,53.97850001423601,0.14460594071036326,0.2765591445580487,-0.13195320384768544,186.2845001220703,183.82273071289063,165.6911581802368,184.90457307984775,184.47153234229765,191.65121912218532,186.2845001220703,180.9177811219553,0.05761852431735605,1.4213170007770404,0.01531054905390361,0.0033145956004927424,5.331706243744594
1525,187.16000366210935,189.1199951171875,185.9900054931641,186.47000122070312,124799600,52.22914805139555,0.2532406888974492,0.2718954534259288,-0.018654764528479584,186.1775001525879,183.68914581298827,166.1420955657959,185.05366147421492,184.54990367086256,191.4387897739296,186.1775001525879,180.91621053124618,0.05651907042504765,0.8709296792360867,-0.0063941863907406304,0.001288758517264954,5.174440770907366
1526,187.2400054931641,190.0,185.6999969482422,188.52000427246097,143711600,54.91713374921082,0.4990004565472361,0.31731645405019027,0.18168400249704586,186.0770004272461,183.5837615966797,166.51314933776857,185.38378935976218,184.7055938905331,191.0719362578336,186.0770004272461,181.0820645966586,0.0536867621373816,1.9357639146722478,0.01099374182623336,0.05868476732982608,5.111980933825255
1527,191.27000427246097,192.3500061035156,189.83999633789065,191.52000427246097,148552700,58.5893437616308,0.9251769074803065,0.4388885447362135,0.48628836274409293,186.24200057983398,183.6771697998047,166.93299697875977,185.9681907800192,184.97282567021654,191.7052643883942,186.24200057983398,180.77873677127377,0.05866843989595511,3.073035245085028,0.015913430575061005,0.044730507422137133,5.020410997913068
1528,191.33999633789065,193.47999572753903,186.05999755859375,192.5099945068359,171764400,59.75435267257554,1.3275060896431796,0.6166120537176067,0.7108940359255729,186.49050064086913,183.7241815185547,167.3409976196289,186.5912197063827,185.26840091871142,192.58318764097436,186.49050064086913,180.3978136407639,0.06534045411608516,5.116301817415583,0.005169121826911427,0.04149533824337648,5.191810081558226
1529,191.2100067138672,194.4900054931641,189.47000122070312,191.1300048828125,179489500,57.333035595683306,1.5175083439553134,0.7967913117651482,0.7207170321901653,186.72200088500978,183.81498931884767,167.74319812774658,187.0234849612808,185.49826774083303,193.14161514941378,186.72200088500978,180.30238662060577,0.0687611982945431,2.1812359072379843,-0.007168405087531249,0.018436653421568305,5.179538238051279
1530,187.1999969482422,190.3000030517578,184.8800048828125,185.61000061035156,165794100,48.81259101117393,1.2087347454684618,0.879179998505811,0.32955474696265086,186.56000061035155,183.90019134521484,168.11034996032714,186.88886740404942,185.5026494219906,192.91988257686262,186.56000061035155,180.20011864384048,0.06818055259116654,-0.332919041728673,-0.028880888041861397,-0.004612005173602607,5.255999792476188
1531,186.2400054931641,186.27000427246097,176.22999572753906,180.33999633789065,204019600,42.34276281912858,0.5326441523212679,0.8098728292689024,-0.2772286769476344,186.1710006713867,183.77679901123048,168.4896947479248,186.26516539774858,185.30019243830043,193.03349211950592,186.1710006713867,179.3085092232675,0.07372245326469834,1.274773358962607,-0.028392889688762857,-0.04339066279007742,5.597714703365168
1532,179.4600067138672,179.5800018310547,171.91000366210938,174.19000244140625,207014100,36.2966549549109,-0.493724277383393,0.5491534079384434,-1.0428776853218364,185.51850051879882,183.64800018310547,168.85328689575195,185.11514987809693,184.86449871293203,194.11332876225802,185.51850051879882,176.9236722753396,0.09265737076813296,-4.980364672725123,-0.034102218151106034,-0.09048664079184454,5.8000202728234616
1533,174.92999267578125,176.82000732421875,171.02999877929688,171.8800048828125,206312900,34.31467995903786,-1.4765059090069599,0.14402154454936272,-1.6205274535563226,184.65700073242186,183.50819946289062,169.22822483062745,183.85465987854602,184.35530287645676,194.9295020377464,184.65700073242186,174.38449942709732,0.11126035042895512,-7.011464894960866,-0.013261367048724715,-0.10716321340547774,5.79930514940192
1534,176.69000244140625,187.0,174.60000610351562,185.41000366210935,231346200,51.14266917594188,-1.1503490977252966,-0.11485258390556916,-1.0354965138197274,184.6755012512207,183.56560272216797,169.6609146118164,184.00278785793301,184.3966636915804,194.9520269294008,184.6755012512207,174.39897557304062,0.11129278771200482,-1.204238572433651,0.07871770069195416,-0.029927280252047606,6.46506871852946
1535,184.2599945068359,193.66000366210935,183.9499969482422,190.0399932861328,196387400,55.35749297927705,-0.5123598414118646,-0.19435403540682825,-0.31800580600503636,184.93450088500975,183.8102005004883,170.0976577758789,184.57775980347586,184.617970734504,195.47430181903627,184.93450088500975,174.39469995098324,0.1139841498864514,1.9145128128166298,0.024971627919608608,0.023867208993124667,6.696850003910725
1536,191.3800048828125,192.47999572753903,188.1199951171875,188.5399932861328,136764800,53.73999685562314,-0.12632997003910873,-0.18074922233328436,0.05441925229417563,185.1145004272461,183.9760012817383,170.50830432891846,184.9551153732527,184.77177554045025,195.77084658461033,185.1145004272461,174.45815426988187,0.11513248430316667,0.010603126044362485,-0.007893075420927542,0.04546965240521783,6.529932190085068
1537,192.4499969482422,193.2599945068359,188.77000427246097,190.0500030517578,144192700,55.16036867874811,0.29801136313801635,-0.08499710523902422,0.38300846837704056,185.3265007019043,184.2371984863281,170.9036050415039,185.44034277120556,184.9787648546192,196.1963227307657,185.3265007019043,174.45667867304292,0.11730456235555199,-0.7675444799029424,0.008008962657240382,0.0910500050982348,6.400651406557785
1538,193.02999877929688,193.61000061035156,186.5099945068359,186.94000244140625,189932500,51.64333844917815,0.37898516393946124,0.007799348596672872,0.3711858153427884,185.5165008544922,184.37779876708984,171.29475368499754,185.58316750170087,185.0556761325324,196.35961621319618,185.5165008544922,174.6733854957882,0.1168965057960926,-2.893352150208426,-0.01636411765541823,0.08761925256437841,6.450605313483346
1539,187.47999572753903,187.5,181.58999633789065,182.80999755859375,161888000,47.327754085301024,0.10864817774540825,0.02796911442641995,0.0806790633189883,185.30450057983398,184.40500061035155,171.66380260467528,185.31905607854782,184.96761030610344,196.18512925820914,185.30450057983398,174.42387190145882,0.11743512590712823,-4.353061848829018,-0.02209267587929442,-0.01402300874905238,6.411990909813775
1540,181.75,187.1499938964844,179.17999267578125,184.97000122070312,162276900,49.69542527328264,0.06791552425457326,0.03595839639205061,0.031957127862522645,185.2415008544922,184.51280059814454,172.04415145874023,185.28581275875308,184.9677040674603,196.11455352086304,185.2415008544922,174.36844818812133,0.11739326896203105,-0.3448086781659891,0.01181556638562431,-0.02667855317062695,6.523277360591587
1541,188.75,190.3699951171875,186.7599945068359,187.97999572753903,164749100,52.87443612997291,0.27534203247228106,0.08383512360809671,0.19150690886418437,185.73700027465821,184.60480041503905,172.4261027145386,185.54240161292316,185.08583315216927,196.15117343084896,185.73700027465821,175.32282711846747,0.11213891837157706,4.23644202328464,0.016272879315410993,-0.0029701791584553217,6.443042827441071
1542,187.05999755859375,188.42999267578125,185.66000366210935,187.8999938964844,126554500,52.77896670206361,0.4283359651231251,0.1527352919111024,0.2756006732120227,185.96599960327148,184.71460021972655,172.79320655822755,185.76693421135755,185.19619239704437,196.35890954487203,185.96599960327148,175.57308966167093,0.11177215150911618,7.870710869121147,-0.0004255869394240719,-0.011312860409099179,6.180681840743274
1543,186.57000732421875,190.3300018310547,185.94000244140625,189.82000732421875,178422300,54.88436685422097,0.6964851491545971,0.2614852633598014,0.43499988579479576,186.2150001525879,184.8000003051758,173.1733098602295,186.15294117448718,185.37751847261984,196.7260262866946,186.2150001525879,175.70397401848118,0.11289129367122726,10.437515668932935,0.01021827296488409,0.0154060385428485,6.052775951379357
1544,191.3999938964844,193.9499969482422,189.5800018310547,191.5500030517578,171584800,56.75529682601679,1.0366417456877457,0.41651655982539026,0.6201251858623554,186.40900039672852,184.93160034179687,173.5634628677368,186.66694706756059,185.61957669140958,197.1607525029797,186.40900039672852,175.65724829047733,0.11535657702545013,3.311579347594417,0.009113874516842646,0.04780923149655836,5.932577320365653
1545,191.4900054931641,193.77000427246097,187.3999938964844,192.8500061035156,175123600,58.159441863988135,1.3950365676623449,0.6122205613927812,0.7828160062695636,186.72800064086914,185.11300048828124,173.9425191116333,187.25580983288964,185.9031229428647,197.84059239140586,186.72800064086914,175.61540889033242,0.11902437462402209,1.4786428734250172,0.006786755578419568,0.04260152906313808,5.9638225386235755
1546,194.4499969482422,197.6300048828125,193.7899932861328,195.55999755859375,250637100,61.00212360850577,1.876114033515762,0.8649992558173775,1.0111147776983844,187.0800003051758,185.4056005859375,174.33357555389404,188.04668485438526,186.28182390818742,198.82532528438432,187.0800003051758,175.33467532596725,0.12556473123849557,3.7233502293633856,0.014052327556699717,0.04032344932085907,5.879263698671671
1547,194.27000427246097,194.2899932861328,184.32000732421875,184.88999938964844,360807900,47.358985666701116,1.3804784159806047,0.968095087850023,0.41238332813058176,186.74850006103514,185.60300048828125,174.674881401062,187.74604814345795,186.22724255451922,198.34718890830834,186.74850006103514,175.14981121376195,0.12421721024246392,-2.715076863589479,-0.05456125128938172,-0.016019130413033378,6.262172736936194
1548,181.25,182.58999633789065,176.3800048828125,177.19000244140625,311636500,40.34630621129308,0.36218319365332263,0.8469127090106829,-0.4847295153573603,185.98250045776368,185.62100067138672,174.94594299316407,186.74071045754826,185.87284098145597,197.97485523512515,185.98250045776368,173.9901456804022,0.1289621845909628,-5.215577122427824,-0.04164636796831145,-0.06653674215300198,6.422731434786177
