Date,Open,High,Low,Close,Volume,RSI_14,MACD,MACD_Signal,MACD_Hist,SMA_20,SMA_50,SMA_200,EMA_20,EMA_50,BB_Upper,BB_Middle,BB_Lower,BB_Width,Momentum_10,Returns_1d,Returns_5d,ATR_14
2020-01-02 05:00:00+00:00,206.8818912828187,208.58018493652344,206.47662067647403,208.58018493652344,30969400,,,,,,,,,,,,,,,,,0.0
2020-01-03 05:00:00+00:00,205.82048454628455,207.9143901637566,205.8011817380708,206.66961669921875,27518900,,,,,,,,,,,,,,,-0.009159874116930755,,0.0
2020-01-06 05:00:00+00:00,205.0485393510555,208.0301828131006,204.79766173286257,208.0012359619141,21655300,,,,,,,,,,,,,,,0.006443227040157318,,0.0
2020-01-07 05:00:00+00:00,208.0784486683733,208.56091585733947,207.31615698824805,207.97230529785156,22139300,,,,,,,,,,,,,,,-0.00013908890458624867,,0.0
2020-01-08 05:00:00+00:00,207.94335612700655,210.49078226740903,207.61528197586097,209.53549194335935,26397300,,,,,,,,,,,,,,,0.0075163211912712136,,0.0
2020-01-09 05:00:00+00:00,211.26270920456716,211.71622948458895,210.07584418761127,211.3109588623047,23547000,,,,,,,,,,,,,,,0.008473346937450055,0.013092202054630908,0.0
2020-01-10 05:00:00+00:00,212.1408344334531,212.1601225204312,210.3942907957239,210.77061462402344,21898500,,,,,,,,,,,,,,,-0.002557104663148846,0.019843255096239742,0.0
2020-01-13 05:00:00+00:00,211.63908136109868,213.23121736432708,211.30134840345303,213.2022705078125,22756900,,,,,,,,,,,,,,,0.011536977714501129,0.0250048251965711,0.0
2020-01-14 05:00:00+00:00,213.096091976007,213.4531276870135,212.03467305684535,212.3627471923828,24418100,,,,,,,,,,,,,,,-0.003937684685205611,0.021110704563491733,0.0
2020-01-15 05:00:00+00:00,212.47854707316577,213.4434814510854,211.754846289726,212.44960021972656,25742100,,,,,,,,,,,,,,,0.0004089842898156171,0.013907468607537554,0.0
2020-01-16 05:00:00+00:00,213.5110173575912,214.52420132053507,213.05749705726132,214.485595703125,18805000,,,,,,,,,,,,,,2.831242463611171,0.009583428169752661,0.01502353147187696,0.0
2020-01-17 05:00:00+00:00,215.45054352083037,215.7207239647326,214.33121612538972,215.5470428466797,24325200,,,,,,,,,,,,,,4.295467466018916,0.004948803858250139,0.022661736936985033,0.0
2020-01-21 05:00:00+00:00,214.9488067130603,215.9909377534523,214.85232209604553,215.45057678222656,21146300,,,,,,,,,,,,,,3.581392574838583,-0.00044754065367413887,0.010545414310358714,0.0
2020-01-22 05:00:00+00:00,216.54090919161345,217.25495114843167,215.74965600043456,216.01983642578125,20736400,79.8924277686043,,,,,,,,,,,,,3.8695205673679776,0.00264218203569766,0.017220954624802554,2.0111934614936393
2020-01-23 05:00:00+00:00,215.89444465774335,216.81112946391033,214.89090455882229,216.71463012695312,26496100,81.45168862737049,,,,,,,,,,,,,3.426215824827619,0.0032163421316662166,0.0200754903883813,2.0046957074646685
2020-01-24 05:00:00+00:00,217.727809304762,217.9593988739389,213.89701834988233,214.89089965820312,37436500,66.80726462505704,,,,,,,,,,,,,1.6941576599589485,-0.008415354642562156,0.001889655823970271,2.1516731943640908
2020-01-27 05:00:00+00:00,210.03729523144543,211.59084039781587,209.56447201603453,210.4522247314453,42264400,45.408566115551245,,,,,,,,,,,,,-0.1510599061193017,-0.020655481147958343,-0.0236366876016868,2.3784413692072697
2020-01-28 05:00:00+00:00,211.93817883387928,214.1768335804762,211.37851514723005,213.68470764160156,26731900,56.36897318997693,,,,,,,,,,,,,0.22628142403923615,0.015359699401045424,-0.008196168081786581,2.4745961891946706
2020-01-29 05:00:00+00:00,214.87157741970216,215.11281101105195,213.0864576779516,214.03208923339844,28924500,57.35975298512414,,,,,,,,,,,,,0.7860804510610994,0.0016256736180648712,-0.009201688258225094,2.4425788423307893
2020-01-30 05:00:00+00:00,212.6522777460246,214.8909182131063,211.9864705604163,214.79443359375,39568100,59.53158854193331,,,,212.34635314941406,,,212.76112848741303,,218.2513153305179,212.34635314941406,206.4413909683102,0.055616327697880684,1.1037127730992609,0.003561822729862829,-0.008860484094120769,2.47556947164216
2020-01-31 05:00:00+00:00,215.69173601362104,215.72068286111428,210.63547561137676,211.3881378173828,52015800,47.81313516355752,,,,212.48675079345702,,,212.63036747121967,,218.15566277808034,212.48675079345702,206.8178388088337,0.05335779255369818,-1.4441332881064228,-0.015858398746075753,-0.016300186961810237,2.661972170077543
2020-02-03 05:00:00+00:00,212.42063417336837,215.07420347288857,212.2758999192497,214.58209228515625,25408600,56.466374402581025,,,,212.88237457275392,,,212.81624602492792,,217.94407110353512,212.88237457275392,207.8206780419727,0.04755392775883696,-0.4476751565595889,0.015109430930001722,0.019623777125573172,2.7351217047509873
2020-02-04 05:00:00+00:00,217.51550342739253,219.8699456406729,216.77249984152587,219.49362182617188,30691200,65.84509010154393,,,,213.4569938659668,,,213.45218657742734,,218.7745720424219,213.4569938659668,208.1394156895117,0.04982341482607121,1.876553362877254,0.02288881373422691,0.027184510528068362,2.917459679805678
2020-02-05 05:00:00+00:00,222.13758648144568,222.1761773845251,218.89540584467008,220.2173614501953,38534800,66.97416465072004,,,,214.069246673584,,,214.09648894626238,,219.53746172951455,214.069246673584,208.60103161765343,0.05108828232827459,1.9431201753808482,0.003297315056364658,0.02889880783274479,2.9434105269520585
2020-02-06 05:00:00+00:00,220.7673689303213,222.17617984994033,219.98577430163016,222.1182861328125,22467100,69.79819652347626,,,,214.69838638305663,,,214.86046963069572,,220.79465816622385,214.69838638305663,208.6021145998894,0.05678917187845549,2.4934431065839306,0.008632038228498562,0.03409703136401765,2.889624457049066
2020-02-07 05:00:00+00:00,221.124372969222,222.35948783634657,220.52610362277716,221.1629638671875,25884900,66.7108734207511,2.501965049716574,,,215.19098663330078,,,215.46070717702827,,221.69153499448348,215.19098663330078,208.6904382721181,0.06041654869364994,2.9187202524445985,-0.004300961808492376,0.04624112852656426,2.8141787253719484
2020-02-10 05:00:00+00:00,220.4296285105335,223.84548999123973,220.3717347992263,223.8358459472656,21478900,70.62575935477034,2.8549267457602525,,,215.8442481994629,,,216.2583394408604,,223.02679002477413,215.8442481994629,208.66170637415166,0.0665530064871018,6.35945817769278,0.01208557722930137,0.04312453832266727,2.861291330132055
2020-02-11 05:00:00+00:00,225.07092875721793,225.8139323016973,223.28579438669365,223.87440490722656,30198000,70.67932925144186,3.102004837805481,,,216.3778549194336,,,216.98367900908573,,224.24872759478328,216.3778549194336,208.5069822440839,0.07275118498868878,4.768566444499841,0.00017226445477391827,0.019958589432380158,2.8374946576228828
2020-02-12 05:00:00+00:00,225.196384793061,226.16131914939604,224.63672109953913,226.05517578125,24471300,73.61058270133526,3.4341986851954402,,,217.06247634887694,,,217.84763108262518,,225.756250009693,217.06247634887694,208.3687026880609,0.08010388351824431,5.617422411244412,0.009741045989277497,0.026509328295512224,2.798167485090496
2020-02-13 05:00:00+00:00,224.4823519554018,226.6920453880955,224.2121714847772,225.7657165527344,22773200,72.5734854181812,3.632237588024566,,,217.72828216552733,,,218.60173446073082,,226.93165457438855,217.72828216552733,208.52490975666612,0.08453998090945644,5.107805996376454,-0.0012804804292368965,0.01642111724984674,2.7754322292496245
2020-02-14 05:00:00+00:00,226.12273291006633,226.6245029410099,225.36044118166936,226.41221618652344,23438500,73.47244873401922,3.797575871990375,,,218.32461318969726,,,219.34558986318726,,228.13576805811877,218.32461318969726,208.51345832127575,0.08987676400825062,7.107342220933822,0.002863586392392037,0.02373477108259503,2.6674771956846897
2020-02-18 05:00:00+00:00,225.31221909003065,226.92365803359104,225.0709854507479,226.49908447265625,24394500,73.5976737788492,3.890766859495642,,,218.8722152709961,,,220.02687506408907,,229.2105277272668,218.8722152709961,208.5339028147254,0.09446893424522015,5.553581876563872,0.0003836731409458949,0.011898177050775338,2.6092768661960064
2020-02-19 05:00:00+00:00,227.84993494020264,229.14294333428623,227.5797545212517,228.6701202392578,22230500,76.57401246708416,4.0926285563355975,,,219.53319244384767,,,220.850041271248,,230.5781644906756,219.53319244384767,208.48822039701975,0.10062234256127817,4.180758573637858,0.009585185616340253,0.02142145429272535,2.6117470087270043
2020-02-20 05:00:00+00:00,228.16838436217873,228.64119277356423,223.74898324361197,226.5472869873047,42604000,68.44871878484949,4.034799842235742,3.573425791582327,0.46137405065341497,220.05956497192383,,,221.39263610134861,,231.3844890649556,220.05956497192383,208.73464087889207,0.10292598819302994,2.8743989553888833,-0.009283387133098064,0.0021769517302754338,2.776703436364064
2020-02-21 05:00:00+00:00,225.4183117318674,225.80427957833365,221.278749892158,222.1954345703125,66017200,55.45723306179488,3.5963555020016145,3.5780117336661847,0.018343768335429722,220.3336051940918,,,221.4690930983928,,231.58652408228753,220.3336051940918,209.08068630589608,0.10214437219672441,0.0347330419494909,-0.0192094660451001,-0.015814101613554565,2.954691554848537
2020-02-24 05:00:00+00:00,213.9066555585697,216.38654409000196,212.5364504464528,213.6268310546875,84522600,39.543053041597226,2.528325547557472,3.3680744964444425,-0.8397489488869705,220.27040176391603,,,220.7222109989923,,231.65827952806885,220.27040176391603,208.8825239997632,0.10339907380164721,-3.4075021788121758,-0.038563364419233914,-0.05646950216371294,3.433569595492192
2020-02-25 05:00:00+00:00,215.42160464835848,216.1356614043988,207.21001821068185,207.8179168701172,97743000,32.693567172063,1.1993479497502335,2.9343291871056008,-1.7349812373553672,220.1386863708496,,,219.4932306057661,,232.02766951282075,220.1386863708496,208.24970322887845,0.10801357396984515,-7.156105408122226,-0.027191875458206116,-0.08247789453998577,3.8258605667939602
2020-02-26 05:00:00+00:00,209.11095309502304,212.555761457423,207.36440935624285,208.88900756835935,79537700,34.931636978174325,0.2299015348066007,2.393443656645801,-2.1635421218392,219.8989013671875,,,218.48330460220353,,232.47261279629512,219.8989013671875,207.3251899380799,0.11435901999448389,-6.693662611890429,0.005153986308656711,-0.08650501714085546,3.9233956763929734
2020-02-27 05:00:00+00:00,203.50464161533935,208.83108316911995,198.29400219176284,198.42909240722656,121822600,25.88091416758104,-1.3666654018328188,1.641421844950077,-3.008087246782896,219.1187515258789,,,216.57337963125335,,234.64197047156492,219.1187515258789,203.5955325801929,0.14168772720350817,-12.220947066815564,-0.05007403349221118,-0.12411622736251893,4.399939226407511
2020-02-28 05:00:00+00:00,191.67454774978916,199.90543610737936,191.22102745328831,198.58348083496097,148173700,26.184919143200148,-2.5896465129209787,0.7952081733758659,-3.3848546862968445,218.30820388793944,,,214.86005593636835,,236.16714842272245,218.30820388793944,200.44925935315644,0.16361221627704148,-12.040019243322183,0.0007780533885501928,-0.10626660165638846,4.705972756956335
2020-03-02 05:00:00+00:00,201.55553104217148,208.97587999640865,198.71862114418784,208.8311309814453,112933900,42.92003027737723,-2.7008345909722493,0.09599962050624293,-2.796834211478492,218.18035354614258,,,214.28587260732806,,236.27073873683693,218.18035354614258,200.08996835544824,0.16582964411475706,-7.76507800736089,0.05160373915996064,-0.022448959475575014,5.11214607156286
2020-03-03 05:00:00+00:00,209.49686742439872,211.9092029551832,200.3396364489988,202.13441467285156,131953500,37.01427973734798,-3.2913800033393272,-0.5814763042628711,-2.709903699076456,217.55796966552734,,,213.12859089928267,,236.91300837933284,217.55796966552734,198.20293095172184,0.17792994431380152,-10.757072089951903,-0.03206761500127464,-0.027348470636522237,5.573390388321541
2020-03-04 05:00:00+00:00,205.83982033147532,210.67413654065027,203.95818640798947,210.5679931640625,73086200,46.91989633303986,-3.043785332780004,-1.073938109966298,-1.9698472228137063,217.11168823242187,,,212.88472444830933,,236.67807419364564,217.11168823242187,197.5453022711981,0.18024258500793025,-7.916262542852139,0.04172262553539152,0.008037692434120558,5.785271208284195
2020-03-05 05:00:00+00:00,205.23190494704355,208.77321251542497,202.73272832317943,204.17047119140625,78705500,41.578085761364804,-3.325457525086108,-1.52424199299026,-1.801215532095848,216.30934371948243,,,212.0547955666995,,236.60304745209896,216.30934371948243,196.0156399868659,0.18763594196776007,-9.877326757460748,-0.030382214678142838,0.028934158366238583,5.931699324898401
2020-03-06 05:00:00+00:00,197.4931260339803,201.8160281142365,195.7948467548123,200.7256622314453,89828400,39.0031346326434,-3.7830434899371994,-1.9760022923796479,-1.8070411975575515,215.23971252441407,,,210.97583048715148,,236.43120683145153,215.23971252441407,194.04821821737661,0.196910635667512,-9.662562320592235,-0.016872219277642153,0.010787309133052592,6.106265404305225
2020-03-09 04:00:00+00:00,186.69549335154025,194.10619679349955,185.373538007626,186.7823486328125,116424000,30.71223799144734,-5.2107265302107635,-2.6229471399458713,-2.5877793902648922,213.52068176269532,,,208.67168935816682,,237.8559749510695,213.52068176269532,189.18538857432114,0.22794319489313147,-12.566063115453382,-0.06946452906731759,-0.10558187491017257,6.766683891413375
2020-03-10 04:00:00+00:00,194.05798569019325,197.13612922481283,186.88851441045097,196.95278930664065,100599200,40.62635733060896,-5.458582915074601,-3.1900742949716174,-2.2685086201029834,212.17652893066406,,,207.55560363897385,,237.04815929292317,212.17652893066406,187.30489856840495,0.23444280559784977,-5.228195781727069,0.05445075912297148,-0.025634553000770333,7.022905084312443
2020-03-11 04:00:00+00:00,192.3596802798168,193.71058256261676,185.97180448155532,188.37449645996097,89168800,35.95348055536003,-6.274874578562589,-3.8070343516898117,-2.467840226872777,210.4015335083008,,,205.72883152668692,,236.7061880651255,210.4015335083008,184.09687895147607,0.25004242239315183,-9.820771014810326,-0.04355507163355743,-0.10539824391454233,7.305625065796221
2020-03-12 04:00:00+00:00,175.7048679455198,184.09014864254513,170.73546262012837,171.10214233398438,137820700,28.776394255055763,-8.220762398141773,-4.689779960980204,-3.530982437161568,207.6538818359375,,,202.4310516035724,,238.0120375532371,207.6538818359375,177.29572611863793,0.29239189220921813,-13.771644944663855,-0.09169157423413643,-0.1619643069071477,8.043725692513105
2020-03-13 04:00:00+00:00,180.51028068555135,187.66043321770908,171.88376501310108,185.5954742431641,134882000,39.66087307391863,-8.495471250947105,-5.450918218973585,-3.0445530319735203,205.64536972045897,211.3665612792969,,200.82766328353352,207.80697522528567,236.25889765547134,205.64536972045897,175.0318417854466,0.2977312640360094,-6.540325779963021,0.08470573022335004,-0.07537744710905703,8.65190892045679
2020-03-16 04:00:00+00:00,168.04329511918402,178.20405167669404,163.22828259558122,163.36337280273438,92054400,31.66655443741807,-10.387385467043146,-6.438211668587497,-3.9491737984556483,202.49292755126953,210.4622250366211,,197.2596356186955,206.06408885577386,236.6797319697659,202.49292755126953,168.30612313277317,0.3376592440231331,-21.772500088959802,-0.11978795027782618,-0.12538109731191194,9.631571972394369
2020-03-17 04:00:00+00:00,169.3170182119647,177.92423016794092,163.82653983790948,175.7531280517578,121257100,39.04091728220439,-10.762923132529153,-7.303153961375829,-3.459769171153324,199.95562973022462,209.84389526367187,,195.21139680279668,204.87542372620462,234.1715666141647,199.95562973022462,165.73969284628453,0.3422352942010527,-13.051358257717304,0.07584169594725743,-0.10763828900070349,9.983663786166668
2020-03-18 04:00:00+00:00,165.5923968572682,172.93554840246654,160.95106464019284,170.4074249267578,114156300,37.17673154483985,-11.360931260673112,-8.114709421235286,-3.246221839437826,197.0424949645996,209.09201904296876,,192.84911376698346,203.52373749877535,230.90249804460316,197.0424949645996,163.18249188459603,0.34368224058558344,-19.072494178169748,-0.030415977139398254,-0.09537953316850434,10.327835187980833
2020-03-19 04:00:00+00:00,169.52931500602483,177.0558057342062,165.61168397711026,171.43023681640625,120896500,37.788818651013315,-11.61839501362681,-8.81544653971359,-2.8029484739132187,194.2866424560547,208.36117767333985,,190.80922072407134,202.2651688445648,227.04655575587526,194.2866424560547,161.52672915623413,0.337232790537625,-16.035734346866743,0.006002155657759856,0.0019175357943879145,10.407569942917627
2020-03-20 04:00:00+00:00,175.36719439645333,176.45756032620207,164.135357849514,164.7143096923828,118983900,35.35316309832122,-12.223451741491232,-9.49704758006912,-2.7264041614221117,191.4125862121582,207.4647540283203,,188.32399110200578,200.79258613271455,223.9594072520253,191.4125862121582,158.8657651722911,0.34006981133197584,-17.94058225476913,-0.03917586097262338,-0.11250901799158708,10.544329409615516
2020-03-23 04:00:00+00:00,165.27802884131347,168.45943612542942,159.4857499315032,164.83322143554688,124639800,35.43251728863417,-12.548714602995943,-10.107380984654485,-2.4413336183414582,188.97290573120117,206.53519927978516,,186.0867749432954,199.38241496811975,221.80711636592406,188.97290573120117,156.13869509647827,0.34750178082594474,-11.751178501569484,0.0007219272168041968,0.008997418500825027,10.432140608494851
2020-03-24 04:00:00+00:00,173.97133362058105,177.76193611827463,172.0760249941793,177.59754943847656,94881800,43.456066084948844,-11.642307891941186,-10.414366366111826,-1.22794152582936,187.46188735961914,205.87173797607423,,185.2782772761698,198.52810651597687,219.45884876410923,187.46188735961914,155.46492595512905,0.34137031110871563,-9.827349963563826,0.07743783620658529,0.01049438725309959,10.610467328082917
2020-03-25 04:00:00+00:00,178.33244069107238,183.2544202977152,174.03899919930456,176.2824249267578,88754900,42.86503620406173,-10.904394527896471,-10.512371998468756,-0.39202252942771487,185.83155822753906,205.13334106445313,,184.42152943336868,197.65572684581142,216.59428611006572,185.83155822753906,155.0688303450124,0.33108184827099857,-6.419165948917785,-0.0074050825356367644,0.03447619728145712,10.510821168820613
2020-03-26 04:00:00+00:00,177.8006012256512,186.35847607115215,177.54918891881272,185.56553649902344,79887600,48.218613591142706,-9.461457555681875,-10.302189109911382,0.8407315542295066,185.1883804321289,204.59739685058594,,184.53048248724056,197.1816017341727,215.40369602039766,185.1883804321289,154.97306484386013,0.326319777923028,8.453076020992835,0.05266044857348984,0.0824551137834304,10.479766167075878
2020-03-27 04:00:00+00:00,180.75956493857885,184.2213934241935,178.56450666754816,179.18338012695312,58845000,45.09047832319084,-8.732246389973113,-9.988200565923728,1.255954175950615,184.2183753967285,203.93207244873048,,184.02123464340366,196.47578912212487,213.89206609735606,184.2183753967285,154.54468469610094,0.3221577721193445,-3.4548763337892323,-0.03439300471671314,0.0878434330422928,10.231285000247265
2020-03-30 04:00:00+00:00,180.88525768498332,186.13602426947764,180.18902327869563,185.70086669921875,49356900,48.747151928309826,-7.541500862470997,-9.498860625233183,1.9573597627621862,183.06186218261718,203.35637786865234,,184.18119960110033,196.053243144756,210.52929448228156,183.06186218261718,155.5944298829528,0.3000890734113004,13.673501907589467,0.03637327618023467,0.12659854052437813,9.997096367552784
2020-03-31 04:00:00+00:00,185.3914401756236,188.80491583463257,182.9546197169045,184.1150054931641,62659300,47.9110789237198,-6.6491449942560905,-8.928917499037764,2.2797725047816737,182.1608917236328,202.72773712158204,,184.1748954003445,195.58507696234065,208.21242174650777,182.1608917236328,156.10936170075783,0.2860276953672285,4.757740322518628,-0.008539869706818859,0.036697894060443215,9.700896349708161
2020-04-01 04:00:00+00:00,178.67088751079137,181.4654902272188,174.8899500841224,176.29208374023438,53715400,43.91025526093,-6.4982827872643725,-8.442790556683086,1.9445077694187134,180.4470962524414,201.9445672607422,,183.42415143271495,194.8284889928463,203.08400716900155,180.4470962524414,157.81018533588127,0.2508980347890067,3.453287798935889,-0.042489321997278284,5.4791698494982555e-05,9.666907711089127
2020-04-02 04:00:00+00:00,175.25742881998946,183.8249684318348,174.9963371562966,179.86996459960938,56465300,46.1260711851004,-6.020616399417435,-7.958355725229956,1.9377393258125215,179.23207092285156,201.22156982421876,,183.08565744860965,194.2418801931115,199.08229767541283,179.23207092285156,159.3818441702903,0.2215030675074393,4.923126713195688,0.020295187302040052,-0.03069304789493621,9.607030822835489
2020-04-03 04:00:00+00:00,179.42514044821738,180.89497055106096,175.30575032190822,177.3170928955078,47487600,44.76714030790188,-5.781413224087714,-7.5229672250015085,1.7415540009137942,178.0616424560547,200.43361907958985,,182.53627034831425,193.57816304418589,195.29215102792847,178.0616424560547,160.83113388418093,0.19353419786775503,7.651298315648293,-0.014192873778477999,-0.010415515267783393,9.320044351858149
2020-04-06 04:00:00+00:00,184.192364886487,191.1256857001796,182.94495350791703,189.9943084716797,64763500,52.28486815021568,-4.516830425669383,-6.921739865135084,2.404909439465701,178.22224044799805,199.93568725585936,,183.24655969339668,193.43761972761703,195.830614001202,178.22224044799805,160.61386689479409,0.19760018176117317,15.264572770587575,0.07149460533758312,0.02312020319977859,9.64065495563055
2020-04-07 04:00:00+00:00,195.6899600401944,195.9703956874563,189.53023221484747,189.91702270507812,69904500,52.23818743558345,-3.480751822242354,-6.233542256556539,2.7527904343141847,177.8704521179199,199.52498321533204,,183.8818418849854,193.29955709928217,194.20283386007128,177.8704521179199,161.53807037576854,0.18364356246560562,6.936736067334803,-0.00040677937788369256,0.0315130056693258,9.412048421128999
2020-04-08 04:00:00+00:00,191.60922530743963,194.52954171872196,189.69458761300703,193.94935607910156,45940400,54.519717655631084,-2.3076750196667035,-5.448368809178572,3.140693789511868,178.14919509887696,199.13027618408202,,184.8406527606155,193.32503941221626,195.35602931625394,178.14919509887696,160.94236088149998,0.19317330294786664,10.021946974965907,0.021232079760881817,0.10015919015901531,9.085113112885136
2020-04-09 04:00:00+00:00,195.67057303429524,196.51185021730672,192.46015684446024,194.2297515869141,68252600,54.68183037499206,-1.339931729052097,-4.626681393153277,3.2867496641011797,179.30557556152343,198.73422943115236,,185.73485264883442,193.36051832102794,197.5404583290514,179.30557556152343,161.07069279399545,0.20339448687440526,4.66908632462378,0.0014457150747031466,0.07983426815738581,8.725583131453803
2020-04-13 04:00:00+00:00,193.3981142322123,196.7052202149705,192.18937601826093,196.32809448242188,42853900,55.94731369709144,-0.3990692421306221,-3.781158962948746,3.382089720818124,179.84220657348632,198.36490264892578,,186.74373282346178,193.4768938567689,199.37166440443738,179.84220657348632,160.31274874253526,0.21718436626244372,9.56825032730243,0.01080340616390485,0.10721471504226132,8.424887493257787
2020-04-14 04:00:00+00:00,200.38948171090428,205.4855269096948,199.60622159267743,204.8666534423828,63959600,60.750318376600625,1.0237601360768736,-2.820175143143622,3.8439352792204957,181.91737060546876,198.23447296142578,,188.46972526335904,193.92355109542044,202.77662984117487,181.91737060546876,161.05811136976266,0.2293267450632231,10.320784756598389,0.04349127404547515,0.0782778446909107,8.477212131401727
2020-04-15 04:00:00+00:00,201.59826829060364,204.83769386174723,200.2831600138395,202.51690673828125,47036000,58.84880488317472,1.939401534219087,-1.8682598076710804,3.8076613418901673,183.25555953979492,197.99316925048828,,189.8075520704945,194.26054543435615,205.73253215382354,183.25555953979492,160.7785869257663,0.24530740208345636,9.994786245600386,-0.011469639712557766,0.06634415311348607,8.199089366911839
2020-04-16 04:00:00+00:00,204.7022362067501,207.29376385294572,202.76825506596936,206.2107391357422,64657400,60.91966132044532,2.929347646700961,-0.9087383167966722,3.838085963497633,185.04572525024415,197.72751159667968,,191.36976036242285,194.72918048146934,208.81058725821327,185.04572525024415,161.28086324227502,0.2568539421900293,16.971071395124483,0.018239624814310407,0.06321950897140316,7.954644206037026
2020-04-17 04:00:00+00:00,209.034367138567,209.36314041849667,205.0793789194255,208.18341064453125,62863200,62.018913150719165,3.828927682575028,0.03879488307766781,3.79013279949736,186.88338394165038,197.4868325805664,,192.97106038929033,195.25679735060902,211.8083694063606,186.88338394165038,161.95839847694015,0.26674373011666386,15.74106388909767,0.009566288919077737,0.07184099729115467,7.692438298396608
2020-04-20 04:00:00+00:00,206.3171197963169,208.75394029632267,205.55320369682732,205.71759033203125,38249100,59.7562818903944,4.293388737803127,0.8897136540227598,3.4036750837803673,188.9335479736328,197.15881866455078,,194.18501562193234,195.66702452635107,212.95633102724804,188.9335479736328,164.91076492001758,0.25429875542238584,16.01678494315251,-0.011844461116598426,0.0478255334488058,7.371602462760803
2020-04-21 04:00:00+00:00,203.6482633250916,204.18977579882747,196.90833643604736,198.12673950195312,72932800,53.308639453869084,4.002817262003532,1.5123343756189143,2.490482886384618,190.5982238769531,196.6980941772461,,194.56041789622003,195.763483937159,212.20255974815,190.5982238769531,168.99388800575622,0.22670028536199033,4.280355077839423,-0.03689937655708675,-0.03289902884231588,7.474291850848166
2020-04-22 04:00:00+00:00,202.1977593514896,205.34047909663883,201.453172388132,204.0060272216797,40089100,57.16383898536429,4.19854840519281,2.0495771815336936,2.148971223659116,191.91864776611328,196.3014978027344,,195.45999973674,196.08672092870884,213.41105531813838,191.91864776611328,170.42624021408818,0.2239741453182537,7.418505364040145,0.02967437779729165,0.0073530674914112915,7.455680975407991
2020-04-23 04:00:00+00:00,204.79899063741496,207.36152530564493,203.164788455244,203.5709228515625,43278500,56.7901273766039,4.269343129959168,2.493530371218789,1.7758127587403791,193.2830726623535,195.89542816162108,,196.23246860481834,196.38021904333056,214.08532665535685,193.2830726623535,172.48081866935016,0.21525168972600967,4.960865540866665,-0.002132801545340568,-0.012801546103968775,7.2228992521932005
2020-04-24 04:00:00+00:00,204.00606718922927,207.22614859111405,202.5845894148357,206.7813262939453,34231900,58.92393323439916,4.532256158955278,2.901275528766087,1.6309806301891907,194.3438621520996,195.509951171875,,197.23712171806852,196.7881056021782,215.6220474872567,194.3438621520996,173.0656768169425,0.21897460613913425,6.462230736785261,0.01577044205239342,-0.006734851476614345,7.038517818199282
2020-04-27 04:00:00+00:00,209.0536973166955,209.4791755356954,207.41948086422113,208.44448852539065,36451700,60.02526260541898,4.819266417697662,3.284873706552402,1.53439271114526,195.8069175720215,195.16352661132814,,198.30448998543253,197.24521865799048,216.73528435701252,195.8069175720215,174.87855078703046,0.21376534643923575,6.171502899221391,0.008043096836902519,0.013255542168067125,6.728470062738625
2020-04-28 04:00:00+00:00,210.14644823936703,210.14644823936703,204.23813384707935,204.5185546875,46862800,56.19507809954773,4.676031682718815,3.563105301785685,1.1129263809331298,196.74780197143554,194.72565338134766,,198.89630567134373,197.53044752189282,217.4651269404679,196.74780197143554,176.03047700240316,0.21059777808384544,-0.16991479532354084,-0.018834433405575224,0.03226124450245571,6.669887514849272
2020-04-29 04:00:00+00:00,209.05373910378628,212.70896307203583,208.0383958336929,211.77098083496097,48716400,61.12944450797608,5.0890637433423365,3.8682969900970154,1.220766753245321,198.1306007385254,194.43109130859375,,200.12246521073584,198.08889980867983,218.98199626525792,198.1306007385254,177.27920521179288,0.21048132342010387,4.569531623667864,0.035460969096630546,0.03806237354371711,6.778496148398312
2020-04-30 04:00:00+00:00,212.6896085712704,212.7766341959323,210.17544152091165,211.68394470214844,43359500,61.04058005094467,5.347726278896033,4.164182847856819,1.1835434310392143,199.9001937866211,194.09136779785158,,201.2235584956323,198.62203882410998,218.9687364359976,199.9001937866211,180.83165113724456,0.19078063195607312,2.654180664569272,-0.00041099178210990406,0.039853539675220206,6.480117328871336
2020-05-01 04:00:00+00:00,207.4194885157066,209.51785639581223,204.6925678779444,205.71759033203125,48795000,55.12471644346418,5.013490865216255,4.334044451328706,0.6794464138875487,201.19257507324218,193.6747738647461,,201.65156152767028,198.90029574598924,218.02868880140178,201.19257507324218,184.35646134508258,0.16736317154875702,-1.184446111659846,-0.02818520024516835,-0.005144255436305367,6.516635864252243
2020-05-04 04:00:00+00:00,204.47987321712668,208.3381569178671,204.15108514385523,208.11575317382812,32841000,56.93152965009672,4.885798151106599,4.444395191284285,0.44140295982231326,202.7325080871582,193.39318023681642,,202.26719882730436,199.26168623335548,215.75354874744158,202.7325080871582,189.71146742687483,0.12845537978236235,1.1657548768319737,0.011657548768319703,-0.0015770882400782948,6.350238429235075
2020-05-05 04:00:00+00:00,210.2624348414125,212.8733064658955,209.69191393836095,210.4751739501953,37783100,58.693645009787176,4.918291292855031,4.5391744115984345,0.37911688125659637,203.75655136108398,193.33014709472656,,203.04891074377016,199.70143084970215,215.79358880448487,203.75655136108398,191.7195139176831,0.11815116974638665,6.232593580898483,0.011337059979291908,0.02912507998013636,6.236475205151668
2020-05-06 04:00:00+00:00,212.1577712449449,213.74363553405263,210.91035963090445,211.77098083496097,36455200,59.66959384967442,4.991069189102433,4.629553367099234,0.36151582200319865,204.84924926757813,193.40920837402345,,203.87958408578834,200.17474653539858,215.55691104915658,204.84924926757813,194.14158748599968,0.1045418698859071,3.8062373543717034,0.006156578281637515,0.0,6.0244742322020715
2020-05-07 04:00:00+00:00,214.4978790283203,215.3778293304014,213.14408322762208,214.4978790283203,38624800,61.71935272735997,5.208740967238299,4.745390887127047,0.463350080111252,205.87667541503907,193.52138580322264,,204.8908502707914,200.73643800570923,216.13773188221953,205.87667541503907,195.61561894785862,0.09968158312732199,5.3676409300975685,0.012876637689488213,0.013293092823507546,5.85178667957624
2020-05-08 04:00:00+00:00,216.17077505483903,217.5729086260745,215.13608791803244,217.43753051757812,31852300,63.85221807702242,5.5544247758355425,4.907197664868746,0.6472271109667966,207.03706436157228,193.90155456542968,,206.0857721990568,201.39138281009625,217.01222235543239,207.03706436157228,197.06190636771217,0.0963610841819063,5.153368737216013,0.013704804460419329,0.056971016268617225,5.653446888017522
2020-05-11 04:00:00+00:00,216.1127612111596,220.4061876114149,215.8806781266428,219.3811798095703,35714100,65.23157276163823,5.917010326937174,5.109160197282431,0.8078501296547422,208.1897186279297,194.31750854492188,,207.35200149529618,202.09686504536975,218.27576639876906,208.1897186279297,198.10367085709032,0.09689285174418097,5.246812406290829,0.008938885975045885,0.054130581005719325,5.572879930642849
2020-05-12 04:00:00+00:00,219.98068256659653,220.57054738435096,214.75892481390872,214.78793334960935,41054100,59.457436732247864,5.767244185530586,5.240776994932062,0.5264671905985239,208.685782623291,194.43664459228515,,208.06018548142123,202.59455399847718,219.0415914638827,208.685782623291,198.3299737826993,0.0992478616455197,5.021245469781819,-0.02093728579611087,0.02049058479664012,5.589932976342806
2020-05-13 04:00:00+00:00,215.3101475737896,217.19577644197017,209.5565559995538,212.0997314453125,65521200,56.31559258103021,5.369739003339021,5.266569396613455,0.10316960672556608,209.16492385864257,194.63595092773437,,208.44490414464897,202.96730605521583,219.21701194143242,209.16492385864257,199.11283577585272,0.09611638411785749,0.15523874378602354,-0.012515609524122007,0.0015523874378602365,5.736310652490917
2020-05-14 04:00:00+00:00,210.77495333943116,214.5462109755828,208.86031598223929,214.50753784179688,51549300,58.43423933227415,5.189185436346207,5.2510926045600055,-0.06190716821379816,209.57976379394532,194.71474182128907,,209.02229783009162,203.41986416449353,219.79344919617273,209.57976379394532,199.3660783917179,0.09746824041913994,1.3338721288576687,0.011352236893827472,4.5029878711799753e-05,5.732709533980388
2020-05-15 04:00:00+00:00,211.5582456765453,215.95805675993353,211.123102768322,215.90003967285156,55747200,59.65295591324939,5.099672839768232,5.220808651601651,-0.12113581183341893,209.96559524536133,194.94933319091797,,209.67732086273543,203.90928281188013,220.51657258746508,209.96559524536133,199.41461790325758,0.10050196395056153,4.94972224999607,0.006491621903197187,-0.007070954315323563,5.668584138096897
2020-05-18 04:00:00+00:00,218.8106503336085,221.1314220682709,218.0273902420376,219.9226837158203,42398100,63.025586638071275,5.292320639725801,5.235111049226481,0.05720959049931995,210.67584991455078,195.33327362060547,,210.65306970588637,204.537259317917,221.87963896585566,210.67584991455078,199.4720608632459,0.10636044953276884,5.673251717821899,0.01863197454277521,0.0024683243417691347,5.637355442191356
2020-05-19 04:00:00+00:00,220.18375905007423,222.26279771562065,219.22644778898936,219.3714904785156,36237300,62.25764761695624,5.338974348514682,5.255883709084122,0.08309063943056039,211.73808746337892,195.98505645751953,,211.4833954937558,205.11899387323461,221.96737351860278,211.73808746337892,201.50880140815505,0.09662206906438663,4.226777135447536,-0.0025063046157483004,0.021339919135241248,5.451569333937066
2020-05-20 04:00:00+00:00,221.9243414911594,224.10973492341736,221.9049975478352,223.751953125,37417000,65.82182635592572,5.664122002715374,5.337531367810373,0.32659063490500095,212.72538375854492,196.5210397338867,,212.6518295538743,205.84969815761758,223.57199243649794,212.72538375854492,201.8787750805919,0.10197756832127298,5.65751371731906,0.019968240343944732,0.054937465504014016,5.4006175561488305
2020-05-21 04:00:00+00:00,223.800312760875,224.4772032478077,220.80263591932265,221.3151397705078,43642900,62.29740799128023,5.659929247640008,5.4020109437763,0.2579183038637076,213.6125946044922,197.17985260009766,,213.47690671736322,206.45618606400544,224.21902181828554,213.6125946044922,203.00616739069883,0.09930526084785736,3.1782415626065057,-0.010890690876476317,0.03173595668107332,5.277328254172845
2020-05-22 04:00:00+00:00,220.90902107183743,222.28214608657132,219.990382863648,222.07908630371097,28762400,62.96688119277701,5.653085311153973,5.452225817251835,0.2008594939021373,214.37748260498046,198.1993914794922,,214.296161916063,207.0688488185037,225.10870502466702,214.37748260498046,203.6462601852939,0.1001152013661835,2.1346617463343605,0.0034518494035036262,0.028619942081633543,5.064073609083594
2020-05-26 04:00:00+00:00,225.6569603137021,225.8600348619228,221.23780553697372,221.47955322265625,33055300,62.03590202981171,5.535474627257088,5.468875579252886,0.06659904800420158,215.02923583984375,198.91707305908204,,214.98029442145284,207.63397448141166,225.82311388094487,215.02923583984375,204.23535779874263,0.1003945161125953,0.9564965485678357,-0.002699637732815674,0.007079167462541891,5.032513303073985
2020-05-27 04:00:00+00:00,221.14108680362995,222.8043118470916,216.54788136787255,222.68826293945312,55665600,63.21669055443988,5.476668460560916,5.470434155514493,0.006234305046422861,215.9377212524414,200.1035708618164,,215.71438666126238,208.22433873466818,226.07890835020353,215.9377212524414,205.79653415467928,0.09392696226433361,3.678199918700483,0.0054574325223679665,0.015119432583070136,5.11993595851292
2020-05-28 04:00:00+00:00,221.5472368333935,225.76331681786388,221.48921975300513,222.398193359375,42784300,62.712588322534664,5.345043623165253,5.445356049044645,-0.10031242587939193,216.4690818786621,201.03647216796875,,216.35093968013024,208.78017617093118,226.79330069264444,216.4690818786621,206.14486306467978,0.09538746803360476,4.855480883396517,-0.0013025813585738621,-0.006050270161747862,5.059518894680479
2020-05-29 04:00:00+00:00,222.7753538576492,225.8890655347068,221.2088186674758,225.656982421875,50691800,65.9934518244173,5.440966953574161,5.4444782299505485,-0.0035112763763871513,217.16773376464843,202.1414633178711,,217.2372294650583,209.4420117101839,227.9816614510444,217.16773376464843,206.35380607825246,0.09959055610089267,5.197693606599987,0.014652947549956385,0.019618371593870476,5.032428035576943
2020-06-01 04:00:00+00:00,224.78667073682183,226.71097283896603,224.341848510459,226.33384704589844,25776000,66.64983013940508,5.508110137394141,5.457204611439267,0.05090552595487363,218.19854660034179,203.23953552246093,,218.1035739965669,210.10443662530997,228.36088398940342,218.19854660034179,208.03620921128015,0.09314761759321191,4.832702851216233,0.0029995288280422194,0.019158763722436856,4.842192056500521
2020-06-02 04:00:00+00:00,226.75933125151207,227.91005260674,224.3515189681753,227.85203552246097,33383400,68.13545105880871,5.619053762307715,5.489574441612957,0.12947932069475776,219.18536071777345,204.5022900390625,,219.03199890379491,210.8004208957865,229.06884784617182,219.18536071777345,209.30187358937508,0.09018382519738175,3.605517935970081,0.00670773945822889,0.028772327770583805,4.750502169505106
2020-06-03 04:00:00+00:00,228.46118528628816,229.63125036070545,227.58123508713024,228.8769989013672,37228700,69.13508809689529,5.723704065474038,5.536400366385173,0.18730369908886502,220.10545196533204,205.7831655883789,,219.96961795118276,211.50930630777006,230.0003569993887,220.10545196533204,210.21054693127536,0.08991058554619706,4.3330646120501815,0.00449837271172937,0.02779102894882568,4.557610248367256
2020-06-04 04:00:00+00:00,228.52894159931833,229.9407399295683,225.9664070806749,227.2718505859375,38716100,65.66105522310565,5.612421627516227,5.5516046186113845,0.06081700890484232,220.88049545288087,206.77665161132813,,220.66506867830225,212.12744529907076,230.46616955728888,220.88049545288087,211.29482134847285,0.08679511592686434,1.5731247981424743,-0.007013148211198916,0.021914104395115874,4.515947576976266
2020-06-05 04:00:00+00:00,228.4225560551362,232.36788008418995,227.85203505408757,231.77801513671875,47365600,70.18979103370108,5.820741429434776,5.605431980776063,0.21530944865871238,221.74450225830077,207.88656341552735,,221.72344453148477,212.89805588093932,231.9671606974732,221.74450225830077,211.52184381912835,0.092202136558628,4.7275913329112464,0.01982720050531439,0.02712538583627877,4.557381999924564
2020-06-08 04:00:00+00:00,231.63295356434315,233.70231314163112,230.05676870388527,233.5766143798828,32937300,71.7890534879989,6.061099716097061,5.696565527840264,0.3645341882567976,222.55145645141602,208.84678497314454,,222.85231785037982,213.708979743643,233.78479164722046,222.55145645141602,211.31812125561157,0.10095045321131593,5.17722234341691,0.007760007963236282,0.03200037214281792,4.4922507454832274
2020-06-09 04:00:00+00:00,232.71600479278536,236.11980171670768,232.5322741836601,235.26885986328125,35046300,73.24349971515232,6.3153361933132715,5.8203196609348655,0.4950165323784059,223.34584045410156,209.9684945678711,,224.03484566113232,214.55446523853078,235.75551309109187,223.34584045410156,210.93616781711125,0.11112517351350042,6.225995330035017,0.007244926842916888,0.03255105588068874,4.427627658880682
2020-06-10 04:00:00+00:00,236.961075646614,239.63964403581505,236.43889240209464,238.0924530029297,58084400,75.51208570795563,6.667798570439658,5.989815442835824,0.6779831276038335,224.51106643676758,211.01632629394533,,225.37366540797018,215.4775235822327,237.8307484947513,224.51106643676758,211.19138437878385,0.11865501571375903,6.917378518357216,0.012001559157847286,0.040263784241306944,4.423567409855905
2020-06-11 04:00:00+00:00,234.16648545279313,235.54927515401135,226.23716418976267,226.2951812744141,72919400,54.65964505687219,5.926865097589399,5.977225373786539,-0.05036027619714023,225.22083892822266,211.8599298095703,,225.461428823822,215.90174545251432,237.27186328567987,225.22083892822266,213.16981457076545,0.10701518043184131,1.752257001810225,-0.04954912085504215,-0.004297361547439427,4.954404652949556
2020-06-12 04:00:00+00:00,231.19778159784772,232.4645369371947,224.090409461442,228.09375,72034800,56.626165146379456,5.422294610102881,5.866239221049808,-0.44394461094692694,225.9001495361328,212.89596313476562,,225.7121260786961,216.3798632779059,236.94899997532036,225.9001495361328,214.85129909694524,0.09782065626672189,1.079854721078102,0.007947887866887049,-0.01589566264317832,5.198670568864068
2020-06-15 04:00:00+00:00,224.76733960210495,231.5459396682621,223.8293573636854,230.8690490722656,45307400,59.542140256873886,5.186574699915525,5.7303063168229516,-0.5437316169074267,226.64860000610352,213.91594482421874,,226.2032616018932,216.94806664239061,236.88451406729195,226.64860000610352,216.4126859449151,0.09032408813390223,2.0037665976876458,0.01216736132518137,-0.011591765360609685,5.378521407129255
2020-06-16 04:00:00+00:00,235.7330040325239,236.32286898067343,231.2074944015598,234.83370971679688,48890100,63.33438119936542,5.259056819418902,5.636056417342142,-0.37699959792324034,227.39415130615234,215.06627716064452,,227.02520904140783,217.6494644100144,237.733501571544,227.39415130615234,217.05480104076068,0.09093769743858772,3.06412632142041,0.017172768114491976,-0.0018495866675141137,5.383899871506296
2020-06-17 04:00:00+00:00,236.33249856373095,237.39619413399072,234.717626019868,235.5782470703125,34749300,64.01650239970107,5.315305826496342,5.571906299172983,-0.25660047267664066,228.2044891357422,215.9779559326172,,227.8397840917797,218.35255392610452,238.44161967425376,228.2044891357422,217.96735859723063,0.08971892338561528,2.927881875903644,0.0031704875522917675,-0.010559788438931572,5.190661888836041
2020-06-18 04:00:00+00:00,235.2591655753986,236.45823937901204,234.485584804146,236.21649169921875,30578600,64.6240715805708,5.349716377065278,5.527468314751442,-0.17775193768616404,228.8277160644531,216.9039453125,,228.63756576867866,219.05310050544233,239.41632390844677,228.8277160644531,218.23910822045946,0.09254655009545434,3.935657271334201,0.002709268096029893,0.04384234064963888,4.96080422355247
2020-06-19 04:00:00+00:00,238.58559262159207,238.84668422160405,234.44687392965855,236.17779541015625,49422100,64.55290518225128,5.312623897875653,5.4844994313762845,-0.17187553350063123,229.57084884643555,217.74851409912108,,229.35568287739082,219.7246571683723,240.03156600686066,229.57084884643555,219.11013168601045,0.09113280029227477,1.8982733417758384,-0.00016381705097789911,0.035441766423482735,4.920733228437686
2020-06-22 04:00:00+00:00,236.04604341260253,239.13611021087408,235.75545356636692,239.01019287109375,24068700,67.38415904608567,5.448966352398742,5.477392815580776,-0.028426463182034567,230.4174041748047,218.6441229248047,,230.27516001964824,220.48095268612607,241.05483439729298,230.4174041748047,219.7799739523164,0.09233182936492308,2.326251069969663,0.011992649249768172,0.03526303691007038,4.810727758156934
2020-06-23 04:00:00+00:00,240.6085339751024,243.2820644461396,240.05639839968683,241.04443359375,32767400,69.28185232721876,5.655966494332176,5.513107551331056,0.14285894300112023,231.39564819335936,219.53844970703125,,231.30080512194365,221.28736370211132,242.16304301404912,231.39564819335936,220.6282533726696,0.09306479966029685,2.454882356222168,0.008511104477261222,0.02644732685287421,4.772238030791856
2020-06-24 04:00:00+00:00,240.28884994138588,241.5190679090298,234.5736892463909,236.07513427734375,46032400,60.08496717268593,5.357279292608467,5.4819418995865385,-0.12466260697807119,232.06499176025392,220.16261932373047,,231.75550313674367,221.86727627368907,242.2316290800611,232.06499176025392,221.89835444044672,0.08761887988956417,-0.8472837757529066,-0.02061569828565868,0.0021092236367772355,4.927462361638072
2020-06-25 04:00:00+00:00,236.1623287248205,238.6227500615306,233.5856566518225,238.3224639892578,36940800,62.50882239257153,5.24148765240659,5.433851050150549,-0.19236339774395894,232.86120529174804,220.87873046875,,232.38092797984027,222.51257775273098,242.34627165505105,232.86120529174804,223.37613892844502,0.08146540641168058,5.314864703309341,0.009519552827083722,0.008915432935650669,4.935293150785932
2020-06-26 04:00:00+00:00,238.08028917154735,238.2546578806715,232.1713819199963,232.69447326660156,52824600,53.712227178031604,4.642079128476325,5.275496665815705,-0.6334175373393798,233.21307983398438,221.4084051513672,,232.4107894357223,222.91186777288277,242.10670764406547,233.21307983398438,224.3194520239033,0.07627040315587895,2.017031710251404,-0.023615024066341972,-0.01474872833623242,5.022135216391331
2020-06-29 04:00:00+00:00,232.45232150431107,235.2421028000898,229.91440449709287,235.23240661621097,34377800,56.6732447172174,4.322012100539979,5.08479975276056,-0.762787652220581,233.6580078125,221.9493850708008,,232.67951488148313,223.39502615889566,242.00399723138446,233.6580078125,225.31201839361552,0.07143764938355335,1.8899707697845503,0.010906719502107087,-0.015805962957070485,5.043961151148875
2020-06-30 04:00:00+00:00,235.164557885602,240.3857005356956,234.9805077997424,239.84324645996097,38909200,61.4927425742549,4.3898099197432146,4.945801786157091,-0.5559918664138763,234.257568359375,222.63189819335938,,233.36177503181435,224.04005440599627,242.57184647363866,234.257568359375,225.94329024511134,0.07098407255306866,2.1332272735483575,0.019601210182203843,-0.004983260205931539,5.0697634072063265
2020-07-01 04:00:00+00:00,239.8820087346067,243.64046200339655,239.33955460937236,242.64273071289065,34689200,64.1035778066611,4.616222226535115,4.879885874232696,-0.2636636476975811,234.94585494995118,223.52221801757813,,234.24567557286923,224.7695711239137,243.6351789074711,234.94585494995118,226.25653099243127,0.07396873598277307,2.998784365888262,0.01167214125996674,0.027819941543827387,5.01484512055046
2020-07-02 04:00:00+00:00,245.0934436677293,246.3042839151856,243.82448545331744,244.28944396972656,31956500,65.58183246721447,4.872366006173394,4.878381900620836,-0.006015894447441994,235.79673461914064,224.32788635253905,,235.2022249439985,225.53505633355343,244.64494509082826,235.79673461914064,226.948524147453,0.07504947416663144,3.4176073873738395,0.006786575686804408,0.02503742148594812,4.918181412103637
2020-07-06 04:00:00+00:00,247.44735885729844,250.81833463299475,247.4279812709001,250.29527282714844,34589000,70.37379838325818,5.4966203747877955,5.002029595454228,0.4945907793335671,236.72259750366212,225.2623733520508,,236.63965807572706,226.5060452156552,247.38437226238204,236.72259750366212,226.0608227449422,0.09007821704520617,5.97747870094019,0.024584888973615104,0.07563909582150408,5.033232072901105
2020-07-07 04:00:00+00:00,250.0433693480285,252.7072180006454,248.2706825992844,248.5709686279297,36578200,67.46938554357558,5.785517674764094,5.158727211316202,0.6267904634478922,237.47231521606446,226.09816619873047,,237.775973366413,227.37133632986206,249.19931279042987,237.47231521606446,225.74531764169905,0.09876517659496932,4.0001539858981605,-0.006889080164168893,0.05670376035169755,4.990610882076811
2020-07-08 04:00:00+00:00,249.8980816221977,251.87415175893267,248.46443602752885,251.8450927734375,30426300,70.0011209898669,6.207113580372749,5.3684044851275114,0.8387090952452372,238.30112686157227,226.96617828369142,,239.11588950041534,228.3310914845121,251.53438273375497,238.30112686157227,225.06787098938958,0.11106330923789393,4.480775190971905,0.013171788176151278,0.05004037633171432,4.877689799885883
2020-07-09 04:00:00+00:00,253.76303305760555,254.63483204161517,249.5589996605366,253.96644592285156,40312900,71.54626125167715,6.635912178391237,5.621906023780257,1.0140061546109802,239.09482650756837,227.95513610839845,,240.53022820731402,229.33639950170186,253.98344497164757,239.09482650756837,224.20620804348917,0.12454153593831871,7.578651474783828,0.008423245916975075,0.04666826480517905,4.891842841399645
2020-07-10 04:00:00+00:00,253.8211673036568,255.9522579004297,251.13795603722204,255.7003936767578,32885300,72.7803683335082,7.034563183664432,5.904437455757092,1.1301257279073393,240.56508712768556,228.8337243652344,,241.97500587107058,230.37028162621385,255.90806868890178,240.56508712768556,225.22210556646934,0.12755784095197964,7.291771575625912,0.0068274678869704175,0.04671077686207892,4.886304200100217
2020-07-13 04:00:00+00:00,258.5483501596133,261.33813136183994,249.6171895759876,250.44056701660156,64108100,63.74802664707646,6.84714331822596,6.092978628250866,0.7541646899750942,241.68242797851562,229.60885681152342,,242.78124978969257,231.15735164152318,256.4747047315001,241.68242797851562,226.89015122553116,0.12241085855277342,7.626349479159324,-0.020570272045828064,0.0005804911447666594,5.3744925990825125
2020-07-14 04:00:00+00:00,247.91231852710465,252.62008173062853,244.84162881397876,252.21322631835935,72230500,65.31053461647278,6.763682988256534,6.227119500252,0.5365634880045338,242.7496368408203,230.53876953125,,243.6795332686132,231.98307221708538,257.3458494514471,242.7496368408203,228.15342423019348,0.12025733838850672,7.218741646363854,0.00707816358537583,0.014652787936315859,5.546204050337317
2020-07-15 04:00:00+00:00,253.62751239977212,254.46058613731464,249.4234772187234,252.7266540527344,54523900,65.77071400560402,6.6621720306151815,6.314130006324636,0.3480420242905451,243.6442840576172,231.4309875488281,,244.54116381948188,232.7965460145618,258.38279287117524,243.6442840576172,228.90577524405919,0.12098382583087935,5.371594899139332,0.0020356891740760386,0.003500410786601904,5.5098401123554535
2020-07-16 04:00:00+00:00,249.9368196552838,251.6416923865172,247.61201201548653,251.0023651123047,47594100,62.759613722628316,6.369168350256587,6.325137675111026,0.04403067514556014,244.4154899597168,232.2415313720703,,245.15651632356025,233.51049970466937,258.99838023218854,244.4154899597168,229.83259968724508,0.11932869127791532,3.4452441146096615,-0.006822742725307918,-0.011671151280540748,5.481611678419198
2020-07-17 04:00:00+00:00,251.45765701604168,252.1551023050005,249.11348643477368,251.29299926757812,35137900,63.06653991459768,6.0902084381426675,6.278151827717355,-0.1879433895746878,245.16931533813477,233.03197174072267,,245.74094327060956,234.207852628705,259.536047404098,245.16931533813477,230.80258327217152,0.11719845157742353,2.866908689971669,0.0011578940905334623,-0.017236556994711827,5.307326263548314
2020-07-20 04:00:00+00:00,251.93227759467155,259.0520248785669,250.68271161783892,258.4223937988281,40610100,69.67014119992685,6.370972646949241,6.296715991563733,0.07425665538550774,246.28154525756835,233.9104620361328,,246.94870046377324,235.15744247851376,261.12789498719735,246.28154525756835,231.43519552793938,0.1205640456259298,3.2470133694023864,0.0283708442019055,0.03187114163376514,5.526039620489718
2020-07-21 04:00:00+00:00,259.99167550452205,260.0013716885587,254.8867824169186,255.72952270507812,43243800,64.94662880376472,6.303525000821082,6.298077793415203,0.00544720740587934,247.11751174926758,234.6763018798828,,247.78496924865942,235.96419072269276,262.11408078546884,247.11751174926758,232.12094271306628,0.12137196534592193,2.8798834057985383,-0.01042042469371407,0.013941760462158559,5.496650309857604
2020-07-22 04:00:00+00:00,256.2234843029889,257.5602566230333,254.3248655717379,256.63031005859375,29865500,65.78234723956861,6.250704041305141,6.288603042993191,-0.03789900168805005,247.89680557250978,235.4212844848633,,248.62738265912935,236.77462677508103,263.1673686951964,247.89680557250978,232.62624244982317,0.12320096733332025,1.900063738570075,0.003522422221678534,0.015446158698578794,5.335131791388876
2020-07-23 04:00:00+00:00,256.2234933295278,256.9306051168329,248.51284132576825,249.9271240234375,51363500,55.230003345836366,5.603359913053055,6.151554417005165,-0.5481945039521099,248.58940505981445,236.12406829833984,,248.75116755096823,237.29041098089894,262.87735026005026,248.58940505981445,234.30145985957864,0.11495216537324196,-1.5904943209076934,-0.026120009104247166,-0.004283788674206757,5.555319791365718
2020-07-24 04:00:00+00:00,246.0815383240811,248.8810010636322,243.44676290518152,247.55392456054688,54054500,52.04675252942804,4.84301045469843,5.889845624543818,-1.0468351698453882,249.0509780883789,236.83315216064454,,248.63714440902334,237.6929017095126,262.5574805070573,249.0509780883789,235.54447566970055,0.10846375727852321,-3.18594312627819,-0.009495565846098675,-0.014879342910185334,5.6213941718578795
2020-07-27 04:00:00+00:00,249.2006350853051,252.35848655129203,248.41601291957087,251.9710235595703,36445700,57.012919481558576,4.544465238477159,5.620769547330486,-1.0763043088533273,250.01480560302736,237.582421875,,248.95465670907544,238.2528280565737,261.28015232594674,250.01480560302736,238.74945888010797,0.09011743681137403,0.611105685153355,0.017842977067984656,-0.024964439592181642,5.563049016064113
2020-07-28 04:00:00+00:00,251.18640542044076,251.7094967264927,248.4741348733786,248.7647247314453,31302400,52.74300016727302,4.003000387758476,5.297215715416084,-1.294215327657608,250.69142150878906,238.23971557617188,,248.93656794930115,238.66505929872554,259.7294233304245,250.69142150878906,241.65341968715367,0.07210459589913441,-1.367296091982551,-0.012724871228564028,-0.02723501729467903,5.415466135358941
2020-07-29 04:00:00+00:00,250.30491222640435,252.49412104752457,249.83027226702356,251.63198852539065,27556900,55.9221782106929,3.7618851476781288,4.990149601868493,-1.2282644541903647,251.28085861206054,238.87390167236327,,249.1932746708335,239.1735663272222,258.8264590134582,251.28085861206054,243.7352582106629,0.06005710457275148,-0.433142096328049,0.011526006338079986,-0.01947673886245893,5.295032576838964
2020-07-30 04:00:00+00:00,249.66560363707472,253.51123407380072,248.5128811682289,252.9494171142578,41774500,57.34218818263465,3.6352007285199477,4.7191598271987845,-1.0839590986788368,251.79619293212892,239.54546020507811,,249.5510025225882,239.71379576985106,258.23879910869897,251.79619293212892,245.3535867555589,0.05117318178282884,0.775710619731398,0.005235537010169322,0.012092697431819621,5.2738411717484555
2020-07-31 04:00:00+00:00,257.5797064284189,257.6184616054099,252.67822597367353,257.4634704589844,53686300,61.87441906985466,3.85461518854774,4.546250899468576,-0.6916357109208358,252.45489425659179,240.21969055175782,,250.30457089748307,240.40986144393472,258.3646299125544,252.45489425659179,246.54515860062918,0.04681815080959397,2.4554886962194677,0.01784567600994924,0.04002984770299545,5.250012204604735
2020-08-03 04:00:00+00:00,259.6041759846218,261.686815513983,259.4782438559781,260.9409484863281,32081600,64.9627632272683,4.259999520510917,4.489000623677044,-0.22900110316612743,252.98717803955077,241.01220672607423,,251.31755923927784,241.21500211226387,259.8618781606654,252.98717803955077,246.11247791843613,0.0543482098530692,0.9745884056242424,0.013506685127580909,0.035599033571561245,5.176678836775727
2020-08-04 04:00:00+00:00,260.43720619843725,262.0064800706221,259.69133921022785,261.90960693359375,24911300,65.79395837635337,4.606333223449042,4.512467143631444,0.09386607981759809,253.65410995483398,241.80881713867188,,252.32632568635555,242.0265552425121,261.2372277435244,253.65410995483398,246.0709921661436,0.05979101060133146,2.4166487166375585,0.0037121749303228313,0.052840619651114196,4.972283267034193
2020-08-05 04:00:00+00:00,262.3939665252811,263.01390144695273,261.502774971057,262.5586242675781,21612100,66.36963037048378,4.876956929334369,4.585365100772029,0.29159182856234,254.189786529541,242.63039855957032,,253.30083031313865,242.83173441996567,262.6490680725001,254.189786529541,245.7305049865819,0.06655878395787537,2.3100600266705924,0.002478020342907561,0.043423079101427176,4.725057781952872
2020-08-06 04:00:00+00:00,262.3649473850985,266.36556946138217,261.7256200002687,266.0362243652344,28048200,69.34650351491638,5.310821584991061,4.730456397615836,0.5803651873752251,254.79327545166015,243.49735778808594,,254.5137249847668,243.74171441781934,264.70086296730875,254.79327545166015,244.88568793601155,0.07776961537219444,6.4455190306940064,0.01324504234952184,0.051736854744619754,4.71897861617863
2020-08-07 04:00:00+00:00,265.4937052687015,266.2686608873376,260.8150308149184,262.9654846191406,44969400,63.96253616709764,5.345262556714687,4.853417629435606,0.4918449272790806,255.1565299987793,244.30870361328124,,255.3186544737548,244.49558775904762,265.68387072456443,255.1565299987793,244.62918927299415,0.08251672591593483,6.225536551663264,-0.011542562496594466,0.02137007689031667,4.771453720195816
2020-08-10 04:00:00+00:00,263.2560194184154,263.4594618541036,258.3158151053577,261.8417663574219,35088400,62.06358490627053,5.221690208193365,4.927072145187158,0.2946180630062072,255.72658996582032,245.0323992919922,,255.93990322458023,245.1758300570231,266.40439146973546,255.72658996582032,245.0487884619052,0.0835095130728666,3.9174118747499347,-0.004273253820159195,0.003452190529386945,4.798038936520825
2020-08-11 04:00:00+00:00,260.6793808998034,261.9677315758799,256.33974804109954,256.8822021484375,43104300,54.38876641560812,4.669733072786812,4.875604330707089,-0.20587125792027727,255.9600387573242,245.64336639404297,,256.0296459792333,245.63490347237268,266.52392983416973,255.9600387573242,245.3961476804787,0.08254328392926327,3.263114344590228,-0.01894107375602727,-0.019195190447637622,4.857320693539363
2020-08-12 04:00:00+00:00,259.0423835043686,264.29257130296895,258.99393214795424,263.34326171875,38773400,61.13200207982196,4.6994838518204745,4.840380234929767,-0.14089638310929242,256.490869140625,246.35319091796876,,256.7261808115682,246.32934889379925,267.41241262266846,256.490869140625,245.5693256585816,0.08516126533966814,4.654127347635546,0.025151838143224303,0.002988427644914138,5.039681297895941
2020-08-13 04:00:00+00:00,264.118232118973,266.2202347679171,263.0042647207203,263.9438781738281,31895700,61.69887564776782,4.717149918969085,4.815734171737631,-0.09858425276854632,257.1379447937012,247.05452850341797,,257.4135805603549,247.02011474791803,268.21449741006035,257.1379447937012,246.06139217734204,0.08615261061719803,4.346505789576139,0.0022807359913372682,-0.007864892070238216,4.909416208560287
2020-08-14 04:00:00+00:00,264.5637978303073,264.83502491643424,262.2389900118573,263.6338806152344,30799500,61.20272844113382,4.652505010562663,4.783088339502638,-0.13058332893997449,257.754988861084,247.7817691040039,,258.00599008939105,247.67163497800888,268.83532293264653,257.754988861084,246.6746547895214,0.08597570988264568,2.3966157782499815,-0.001174482851197589,0.0025417632168032167,4.744174686847189
2020-08-17 04:00:00+00:00,265.3483861002516,267.19855367130015,263.6726020034328,266.6948547363281,24803000,64.25896193194777,4.793017561949057,4.785074183991922,0.007943377957134956,258.16861190795896,248.4801058959961,,258.833501008147,248.41764359598218,269.91529746351426,258.16861190795896,246.42192635240366,0.09100010623865595,2.2050606788154115,0.011610700847517919,0.018534431868602708,4.6599245703628025
2020-08-18 04:00:00+00:00,267.7604712724752,269.7365419310849,266.2977663060148,269.26190185546875,23529500,66.63286575753582,5.053263148044209,4.838711976802379,0.21455117124182976,258.8452308654785,249.19381164550782,,259.82668204122524,249.23506548851108,271.4775605726376,258.8452308654785,246.21290115831943,0.09760527296501827,2.807187948527275,0.009625409240379135,0.048192126988531925,4.572699645699038
2020-08-19 04:00:00+00:00,269.2231275511923,270.27897697672944,266.93707475348714,267.4504699707031,31999400,63.431229857388466,5.055070529270836,4.881983687296071,0.1730868419747651,259.386238861084,249.83744384765626,,260.5527570821279,249.94939507604803,272.51002826813414,259.386238861084,246.26244945403386,0.10119109991859415,1.8631441708574896,-0.00672739764624386,0.015596405334796781,4.4847855440949855
2020-08-20 04:00:00+00:00,266.656140618478,271.644797632191,266.24928519801796,271.16046142578125,27723400,66.9353790059313,5.294832661642431,4.964553482165343,0.3302791794770883,260.44790573120116,250.49880401611327,,261.56301463866635,250.781201599567,273.7729496308074,260.44790573120116,247.12286183159495,0.10232406255827996,1.9261426043665166,0.01387169540395461,0.027341354919398597,4.549837464814847
2020-08-21 04:00:00+00:00,271.3541620789439,273.4949194738728,270.705138664474,273.0396423339844,34748900,68.57781687245746,5.572246682113359,5.086092122154946,0.48615455995841295,261.72219161987306,251.43369323730468,,262.65602680012523,251.6540816283677,274.7422143875604,261.72219161987306,248.7021688521857,0.09949498502288039,3.8309809857496697,0.00693014349629828,0.03567736323116,4.424119132285129
2020-08-24 04:00:00+00:00,276.31378179636124,277.04028604297747,272.4584552854992,274.7445373535156,36418500,70.03224844551517,5.862095483959308,5.241292794515819,0.6208026894434893,262.8608673095703,252.366708984375,,263.8073135194957,252.55958969602057,276.24869407641785,262.8608673095703,249.47304054272283,0.10186245601237184,4.927697813679228,0.006244129991372471,0.030183119299942884,4.435384248370353
2020-08-25 04:00:00+00:00,273.9695870552712,277.0984093800645,273.52400605261994,276.9046630859375,34866600,71.81249304321341,6.194698216379891,5.431973878888634,0.7627243374912567,264.2678642272949,253.28742126464843,,265.05468014487116,253.51429845640948,277.34535393588465,264.2678642272949,251.19037451870523,0.09897147159248884,7.794413458792357,0.00786230639280161,0.02838411664555185,4.373885611161366
2020-08-26 04:00:00+00:00,278.15425652465717,283.0654323833306,276.87560194106163,282.8135681152344,42216700,76.01063345539717,6.856055194643261,5.71679014203956,1.139265052603701,265.8269432067871,254.24701843261718,,266.7460028087153,254.6632894234222,279.90363968039645,265.8269432067871,251.7502467331778,0.10590872620958554,7.393508483721378,0.021339131538796297,0.05744277864314151,4.5035959562404795
2020-08-27 04:00:00+00:00,283.79202389559356,284.64446054675506,279.6654689986266,281.9321594238281,49482700,74.23455795877621,7.225768883772844,6.018585890386217,1.2071829933866267,267.2760803222656,255.1740966796875,,268.192303438726,255.73265687441852,281.7143230241692,267.2760803222656,252.83783762036205,0.10803991651250487,6.815191689406519,-0.0031165714476864004,0.039724441909445574,4.53755278423248
2020-08-28 04:00:00+00:00,283.17203735417667,283.9954149450914,281.8159016781916,283.36578369140625,28021000,75.24764395622447,7.5474488509173625,6.324358482492446,1.2230903684249164,268.5711959838867,256.11708251953127,,269.6373967961241,256.81630890645727,283.8771360872179,268.5711959838867,253.26525588055551,0.11398050373391108,7.484585452417623,0.005084997293348659,0.037819201890071596,4.369121390137288
2020-08-31 04:00:00+00:00,283.8887953623074,287.4535022977186,283.4528810068302,285.64208984375,36321000,76.80700123393274,7.895052178058961,6.63849722160575,1.2565549564532112,269.80625305175784,257.10636840820314,,271.16165327685036,257.9467316883119,286.3836257827823,269.80625305175784,253.22888032073337,0.12288353248687958,7.104462186251903,0.008033101677592525,0.039664309963012734,4.349021191292651
2020-09-01 04:00:00+00:00,288.29632733053046,290.6405279714574,286.52366952358227,290.5242919921875,36216200,79.75315976764429,8.466882281785331,7.004174233641667,1.4627080481436643,271.2369873046875,258.136650390625,,273.00571410688246,259.2242830727776,289.6760032268461,271.2369873046875,252.79797138252886,0.13596240030085274,7.8965460728758154,0.017092026427576235,0.04918526381776078,4.395408115322276
2020-09-02 04:00:00+00:00,293.7789064261687,293.9920154946557,287.58910638132454,293.27520751953125,50836800,81.20211316996838,9.037854886239018,7.410910364161137,1.6269445220778804,272.77281646728517,259.18126586914065,,274.9361420509442,260.55961344323856,293.08626167871336,272.77281646728517,252.45937125585695,0.14894039277454527,9.65589537070434,0.009468796941144442,0.036991292440517576,4.53880104375148
2020-09-03 04:00:00+00:00,288.7611745695715,289.2648734467162,275.5000504370613,278.40606689453125,110083300,57.322954277040864,8.196060325497683,7.567940356428447,0.6281199690692363,273.39130859375,260.0278845214844,,275.2666110836668,261.2594743628971,293.5996309823361,273.39130859375,253.18298620516387,0.1478344172134235,2.6720729971663584,-0.050700298708371894,-0.01250688299094005,5.4842550465170845
2020-09-04 04:00:00+00:00,276.6140264882772,279.87844701839646,263.2850877772221,274.696044921875,123959000,53.12510544316744,7.147176106864549,7.483787506515668,-0.33661139965111886,273.9778366088867,260.7553561401367,,275.21227144921045,261.7863986985433,293.61456595921766,273.9778366088867,254.34110725855575,0.14334538584128684,0.6066527826257916,-0.01332593795113568,-0.03059557387836509,6.277762488992606
2020-09-08 04:00:00+00:00,263.69194776409694,269.5039809706571,261.2121492942203,261.4930725097656,99568600,41.48264883006409,5.190722853045088,7.025174575821552,-1.834451722776464,273.9604019165039,261.331328125,,273.9056810740252,261.77489571074807,293.6407715877422,273.9604019165039,254.28003224526555,0.14367309679474344,-4.823195020143113,-0.04806393341361859,-0.08454292344379011,6.792486284611327
2020-09-09 04:00:00+00:00,267.0048054272503,271.2766235915933,264.4474967635202,269.17462158203125,64837900,48.54764395103332,4.211508715754178,6.462441403808078,-2.2509326880539,274.5750228881836,262.0101724243164,,273.4551039795496,262.0650810390337,292.7973627999417,274.5750228881836,256.35268297642546,0.13273122748079597,-2.791589501512738,0.029375726854021122,-0.07348669628882654,7.00613377012678
2020-09-10 04:00:00+00:00,272.13878428391274,273.3593207786206,262.0839615989203,263.8081970214844,69667500,44.50507320104505,2.9682329028957497,5.763599703625612,-2.7953668007298624,274.5982696533203,262.4894714355469,,272.53635093592436,262.1334385285416,292.7643348922932,274.5982696533203,256.4322044143474,0.13231012170548295,-6.720105835235644,-0.0199365918265495,-0.10047562747384453,7.311078442239173
2020-09-11 04:00:00+00:00,265.56148651398627,266.5979728970853,258.538612831365,261.9774169921875,71809000,43.183937197903596,1.814285264810394,4.973736815862569,-3.1594515510521752,274.4999465942383,262.8761651611328,,271.530738179378,262.12732003691985,292.91519107781716,274.4999465942383,256.0847021106594,0.13417302780608562,-7.0778525133213686,-0.0069398147971413415,-0.0590096691699159,7.36452712963068
2020-09-14 04:00:00+00:00,265.7648395737541,268.53525690580994,264.4087046664474,266.539794921875,38525200,47.37630272115269,1.2534699955754718,4.22968345180515,-2.9762134562296785,274.64524230957034,263.3211721801758,,271.055410250092,262.3003582677024,292.75864372862463,274.64524230957034,256.53184089051604,0.13190398833588762,-5.937904199419945,0.017415157314202956,-0.029691909114744175,7.306906614201521
2020-09-15 04:00:00+00:00,270.28856797332867,271.6640953272488,266.5107527921758,270.317626953125,41849900,50.625153991612756,1.101165772934678,3.603979916031056,-2.502814143096378,274.82638092041014,263.7216192626953,,270.9851451741904,262.6147609612484,292.6888551220477,274.82638092041014,256.9639067187726,0.12999097205890534,-5.3649176488687935,0.014173613483710046,0.033746800091730256,7.153080608549481
2020-09-16 04:00:00+00:00,271.11203300592075,271.5769768333315,265.6584027251451,266.0071105957031,42321000,47.055468834120106,0.6254313503541198,3.008270202895669,-2.3828388525415494,274.66364135742185,264.0703421020508,,270.5110466429059,262.74779428024664,292.78338937724646,274.66364135742185,256.54389333759724,0.13194136603064435,-8.43894368638326,-0.015946116448297132,-0.011767494898707653,7.064901572809262
2020-09-17 04:00:00+00:00,259.1683207022763,265.80373337148643,258.32558034037,261.8515625,81570800,43.84569650578611,-0.08591918608675542,2.3894323250991842,-2.4753515111859397,274.3836959838867,264.27047149658205,,269.68633386739106,262.71264793592326,293.1036237426203,274.3836959838867,255.66376822515306,0.13645072963688742,-10.714729446551846,-0.01562194366307379,-0.007416882961089444,7.1089464787038255
2020-09-18 04:00:00+00:00,263.2754323568754,263.56602219981505,254.4023912269112,258.5095520019531,86251100,41.39986131097911,-0.9088650969762284,1.7297728406841018,-2.63863793766033,273.7511505126953,264.36133361816405,,268.62187845163504,262.547820644395,293.67990063477333,273.7511505126953,253.82240039061728,0.14559756249246394,-7.146580932848541,-0.012762996203419141,-0.013237266898993072,7.255709656860971
2020-09-21 04:00:00+00:00,254.247430248574,259.26514587473577,251.9613481542995,259.1295471191406,57168600,42.045739660526124,-1.4938075523194243,1.0850567620833966,-2.578864314402821,273.05564575195314,264.4299166870117,,267.71784689615936,262.4137707022282,293.98116085484537,273.05564575195314,252.1301306490609,0.15326923598496997,-5.666808128657829,0.002398345099382748,-0.027801656427725474,7.259144518544922
2020-09-22 04:00:00+00:00,261.5318636865093,264.52505799097776,258.1899614917511,263.9438781738281,41128900,46.93654081610757,-1.5510231519742206,0.5578407792718733,-2.108863931246094,272.51561279296874,264.6999829101562,,267.3584213035564,262.4737749168007,293.7934188510519,272.51561279296874,251.23780673488557,0.15615843686906858,0.9372354076305304,0.018578857981309316,-0.023578739023194073,7.1931410885936184
2020-09-23 04:00:00+00:00,263.624173566771,263.80822367779336,255.00299558283015,255.88449096679688,48837300,40.738549608897344,-2.2210887904188326,0.002054865333732117,-2.2231436557525646,271.46460418701173,264.773408203125,,266.2656660333888,262.2153716246437,293.8206468697132,271.46460418701173,249.10856150431027,0.16470687034616416,-4.937363907906227,-0.030534472944750424,-0.0380539437695383,7.317979767336786
2020-09-24 04:00:00+00:00,253.20129907391356,260.282292127732,253.03661175477384,257.07598876953125,70631700,41.95880883739304,-2.625709180544277,-0.5234979438418698,-2.102211236702407,270.17772521972654,264.86039489746094,,265.3904586749262,262.01382719895304,292.73465472714435,270.17772521972654,247.62079571230873,0.16697845456410595,-2.5519329300464677,0.004656389288122176,-0.018237713324581573,7.312815524881168
2020-09-25 04:00:00+00:00,257.5795905700177,263.8662627686986,256.0200131841611,263.0525817871094,55242400,47.768552932064495,-2.4360315910004715,-0.9060046732735901,-1.5300269177268815,269.23374633789064,265.10139923095704,,265.1678037332294,262.0545626729984,291.3192817260258,269.23374633789064,247.1482109497555,0.16406216299807833,0.4104036169476156,0.023248351766279374,0.017573933922263363,7.350917957713766
2020-09-28 04:00:00+00:00,267.9152981654229,268.5158996582031,263.15914449246867,268.5158996582031,58438300,52.45371624900763,-1.8238425201196264,-1.0895722426427974,-0.734270277476829,268.49125213623046,265.4458572387695,,265.4866700117983,262.3079484371241,289.6034724752059,268.49125213623046,247.37903179725504,0.15726561048821983,0.7413920074889145,0.020768919407585518,0.03622262549143773,7.21608938009805
2020-09-29 04:00:00+00:00,267.9542003633098,269.0100499124166,266.74335965632383,267.3052062988281,27050000,51.354375063094984,-1.4200022052757504,-1.155658235169388,-0.26434397010636235,267.57440795898435,265.6235134887695,,265.65986394389637,262.5039193336615,287.16559293569765,267.57440795898435,247.9832229822711,0.14643541679603642,-1.1144003771604765,-0.004508833037135229,0.012735010746437236,6.862560871240531
2020-09-30 04:00:00+00:00,267.4988363056399,272.2840795923681,267.22760925771536,269.1358947753906,49380800,52.9598012942819,-0.9413829097005078,-1.112803170075612,0.17142026037510427,266.5049880981445,265.89164093017575,,265.99091449927676,262.7639968019646,283.0696524842656,266.5049880981445,249.94032371202343,0.12431035159477684,1.17620321226783,0.006848682455200317,0.05178666264034426,6.7335544043414
2020-10-01 04:00:00+00:00,272.9622253346809,274.01807478631196,271.07330218155147,273.4078063964844,50020200,56.56231570679456,-0.21488899712892362,-0.9332203354862744,0.7183313383573507,265.51161804199216,266.2271908569336,,266.69728515615367,263.1814010997889,277.2010072676586,265.51161804199216,253.8222288163257,0.08805180964862876,4.413280480800787,0.01587269369869415,0.06352914445695124,6.6013133762399665
2020-10-02 04:00:00+00:00,267.3729744422697,273.3981186115623,264.8738123840696,265.716552734375,75497400,49.24930448321158,-0.2567970330074445,-0.7979356749905084,0.5411386419830639,264.87714233398435,266.54297943115233,,266.60388206836524,263.28081881094914,274.9660778663583,264.87714233398435,254.78820680161041,0.076178226958163,2.787905002584749,-0.02813106825105005,0.010127142372704734,6.739361993109596
2020-10-05 04:00:00+00:00,267.68293450365394,271.702919156997,267.576394726391,271.3832702636719,28184600,53.971214311759276,0.1653413404562798,-0.6052802719011509,0.7706216123574307,264.71150360107424,267.01956634521486,,267.05906189648965,263.59856200517356,274.24358867929465,264.71150360107424,255.17941852285384,0.07201866899283271,4.728801975985133,0.021326174342483073,0.0106785877823945,6.685576595217624
2020-10-06 04:00:00+00:00,270.6954061391968,272.3808859838834,265.6582998417447,266.539794921875,49704200,49.713646964177514,0.10781820020093846,-0.462660577480733,0.5704787776816715,264.9638397216797,267.3109417724609,,267.0096078989073,263.7139044724952,274.40856427881874,264.9638397216797,255.5191151645406,0.07129066794216063,0.9835108758753844,-0.017847361545503593,-0.0028634360982009444,6.688220134283415
2020-10-07 04:00:00+00:00,269.1843835919814,271.94507624343674,268.59347806439814,271.1507873535156,27539700,53.47631130648858,0.4293499714685254,-0.28425846769088137,0.7136084391594067,265.0626480102539,267.7586630249023,,267.4040059422033,264.0055469384176,274.7204581695698,265.0626480102539,255.404837850938,0.07287190580652673,5.966088968127294,0.017299452162451656,0.007486524901505698,6.596581647660438
2020-10-08 04:00:00+00:00,273.5530924715005,273.62090663739855,271.52857060945803,272.5941162109375,25443300,54.620918851739134,0.7915067954585879,-0.0691054150609875,0.8606122105195755,265.50194396972654,268.17790557861326,,267.8983021582732,264.34235357655564,275.67697451062844,265.50194396972654,255.32691342882467,0.07664750313136749,6.036397065195481,0.005322974981961215,-0.0029761044363411093,6.3018343359620435
2020-10-09 04:00:00+00:00,274.24078463381176,276.83684871283396,273.85332164876587,276.75933837890625,30201100,57.844194279378776,1.3984963114659195,0.22441493024439393,1.1740813812215256,266.2410400390625,268.65410400390624,,268.74221036976206,264.82929415704,277.38588289139295,266.2410400390625,255.09619718673207,0.08371994678728183,5.210652751885882,0.015279941569779298,0.041558516136442014,6.154755633528787
2020-10-12 04:00:00+00:00,281.44765310350897,288.1411805354327,280.40150029360404,285.302978515625,79370700,63.561502891676504,2.539664560708843,0.6874648563372837,1.8521997043715595,267.17919921875,269.21089416503906,,270.31942638365376,265.6321837397296,281.0838962819105,267.17919921875,253.27450215558954,0.10408517656927442,6.251800686212746,0.030870286750800835,0.05129169619936014,6.528118956600047
2020-10-13 04:00:00+00:00,287.10483828810493,287.7441360834774,283.9275643101791,285.29339599609375,64240000,63.55109222098379,3.404035785073802,1.2307790420845874,2.1732567429892145,267.92798767089846,269.69794311523435,,271.74551872769564,266.40321167135176,283.8889633015693,267.92798767089846,251.96701204022767,0.1191437726936986,6.729457292034977,-3.358716961565644e-05,0.07035947889025573,6.334437014935635
2020-10-14 04:00:00+00:00,286.0973093447648,287.0659814403547,281.1667719255957,282.9103698730469,36949100,60.88056505698668,3.852358326711226,1.755094899009915,2.0972634277013107,268.7731506347656,270.11795837402343,,272.80883788439576,267.05055120867314,285.9793106620217,268.7731506347656,251.56699060750955,0.12803481290166094,5.118037157084468,-0.008352896199109727,0.043369162355407775,6.303349336351588
2020-10-15 04:00:00+00:00,278.20266684333313,281.60268615345586,277.56333964583695,281.0118103027344,42514200,58.76195831379848,4.0082546163827715,2.2057268424844865,1.802527773898285,269.73116302490234,270.48702209472657,230.85026374816894,273.590073352809,267.598051565303,287.4160739253601,269.73116302490234,252.0462521244446,0.13112990506643843,2.7811948775240882,-0.006710816472243364,0.03087995518319664,6.235040828555755
2020-10-16 04:00:00+00:00,282.65855968918424,284.0825091243024,279.1229117768664,279.4716491699219,40570700,57.028202334620765,3.9618556120391872,2.5569525963954267,1.4049030156437605,270.7792678833008,270.7557305908203,231.20472106933593,274.15022343062924,268.06368284391556,288.16180169337935,270.7792678833008,253.39673407322226,0.12838895640688405,5.176605030435282,-0.0054807701183565705,0.009800250307370861,6.143937722761491
2020-10-19 04:00:00+00:00,281.38956833207254,282.3485738792417,273.9308103830915,274.9091491699219,36756800,52.122116366431456,3.516393650094301,2.7488408071352017,0.7675528429590992,271.56824798583983,270.9946038818359,231.54591873168945,274.2225020724666,268.33213250375894,288.1794041274649,271.56824798583983,254.95709184421474,0.12233503927521917,1.2992248574587186,-0.016325448443702206,-0.036430847654588705,6.306353849432113
2020-10-20 04:00:00+00:00,275.64541701865875,278.60955221106565,274.08586863718256,275.5001220703125,32195400,52.68985587244268,3.1744552656946325,2.833963698847088,0.34049156684754456,272.14606018066405,271.26777099609376,231.88341316223145,274.3441801674996,268.61323013381985,288.4574293564465,272.14606018066405,255.83469100488162,0.11987216838600666,3.3617220839626762,0.0021497025550987203,-0.03432702636381857,6.179020258321468
2020-10-21 04:00:00+00:00,275.7519300884763,278.3189055239264,274.8026206837592,275.2869567871094,29306100,52.44826590410644,2.8533740557163583,2.8378457702209423,0.015528285495415961,273.1161834716797,271.6358660888672,232.21998641967772,274.43396841698626,268.8749449045371,287.6551492955813,273.1161834716797,258.57721764777807,0.10646725975071485,1.5254130271807682,-0.0007737393421144434,-0.026946389732403375,5.988824871310449
2020-10-22 04:00:00+00:00,276.1200840945255,277.0209719856233,272.02261834196514,275.27734375,32196200,52.43658933782617,2.568530767950108,2.7839827697667756,-0.21545200181666768,274.0262512207031,271.8745477294922,232.54869567871094,274.51428987727326,269.12601936906503,286.57795180391014,274.0262512207031,261.47455063749607,0.09160947556880446,0.984330687822395,-3.4920060222098925e-05,-0.02040649660438343,5.918076926478142
2020-10-23 04:00:00+00:00,275.8488526932374,275.98448103056853,272.95253142506914,275.8197937011719,24658500,53.071488181908215,2.359364304774317,2.6990590767682843,-0.33969477199396714,274.66461181640625,272.11206604003905,232.87123985290526,274.6386235747874,269.3885203232653,286.1743574820665,274.66461181640625,263.154866150746,0.08380945466213688,-0.339480750039972,0.001970557924536376,-0.013066997957025817,5.71192497497966
2020-10-26 04:00:00+00:00,273.533761884699,276.36226920194173,268.0898268340714,271.68359375,38421100,47.82887030245776,1.8386468311981048,2.5269766276542485,-0.6883297964561437,274.82299652099607,272.2730603027344,233.17580474853514,274.3571921629029,269.4785232027451,286.07421262998423,274.82299652099607,263.5717804120079,0.08187972805346065,-4.7736567057532895,-0.014996022931019648,-0.01173316868376817,5.89481907447185
2020-10-27 04:00:00+00:00,272.6812985528389,274.62833966471993,271.4220361745456,273.8049621582031,30559100,50.52812911569582,1.5789500302620354,2.337371308175806,-0.7584212779137705,275.14798431396486,272.4152624511719,233.4788182067871,274.30459882912197,269.64818747550817,285.8751106997543,275.14798431396486,264.4208579281754,0.07797350514877108,-4.02688390236973,0.0078082315495104915,-0.006153027807649147,5.702782247022027
2020-10-28 04:00:00+00:00,269.3005640518184,269.9108322592108,262.87826272492396,263.130126953125,53413500,39.46344444898888,0.5059363376105921,1.9710843140627632,-1.465147976452171,274.8476959228516,272.292626953125,233.73265510559082,273.24036341236035,269.39257725894413,286.52533622432014,274.8476959228516,263.170055621383,0.08497535525818208,-6.9916995014350505,-0.03898700418332912,-0.04416057330092016,6.075919188897537
2020-10-29 04:00:00+00:00,264.4475404416685,270.73421426940075,263.98256709104777,267.7313537597656,43246300,45.049142355235,0.0265398696799366,1.582175425186198,-1.5556355555062613,274.5638732910156,272.2982446289063,234.009063873291,272.7156958263989,269.32743123936854,286.6369371379398,274.5638732910156,262.49080944409144,0.08794357176137087,-4.725942489271785,0.017486506999102813,-0.02741231765548946,6.185074055138837
2020-10-30 04:00:00+00:00,265.74555480941143,266.61735396571,258.70331784183105,260.9409484863281,65838300,39.28779419423315,-0.8910428534422863,1.0875317694605011,-1.9785746229027874,274.3250930786133,272.0938543701172,234.24134063720703,271.59429131782076,268.99854956277875,287.2476549969409,274.3250930786133,261.40253116028566,0.09421348789718201,-6.630619148179455,-0.02536275702520263,-0.053944080717295284,6.388142759624246
2020-11-02 05:00:00+00:00,263.33353748705593,264.9512034697704,258.6064125288325,261.5221252441406,39987400,39.99512303908669,-1.5534306831462459,0.5593392789391517,-2.1127699620853977,273.83203582763673,271.86350402832034,234.47121604919434,270.6350374060417,268.7053564522439,287.87028776658036,273.83203582763673,259.7937838886931,0.10253184508900919,-4.86961745951449,0.002227234786965404,-0.03740184810426883,6.385046201146651
2020-11-03 05:00:00+00:00,263.44010658842643,268.1478692697594,262.3551983580953,266.04583740234375,43604100,45.333822495834525,-1.6938266660702084,0.1087060899372797,-1.802532756007488,273.80733795166014,271.68953002929686,234.72419235229492,270.1979707390229,268.60106158754195,287.8984592434175,273.80733795166014,259.7162166599028,0.10292727285669097,-3.431680754593586,0.01729762693684167,-0.028338145133309123,6.402238902894659
2020-11-04 05:00:00+00:00,274.7058143616717,279.7235305179656,273.0396965784712,277.92181396484375,75728200,56.32088925524395,-0.8371493010839117,-0.08046498826695858,-0.7566843128169531,274.14588928222656,271.709873046875,235.03370223999025,270.93357485576774,268.9665812886126,288.29069615972816,274.14588928222656,260.00108240472497,0.10319182180360806,0.9571311363552968,0.04463883621881237,0.05621434224578081,6.921914203803746
2020-11-05 05:00:00+00:00,284.3344068372994,286.13615286346186,282.85233925585175,285.16748046875,52054200,61.41610746408566,0.42157871796149493,0.01994375297873212,0.4016349649827628,274.77455749511716,271.7569512939453,235.37596649169922,272.28918491414703,269.6019106682258,289.6845595486997,274.77455749511716,259.8645554415346,0.10852534666603923,3.5927899419619416,0.02607088087307452,0.06512545678392878,7.014230253433342
2020-11-06 05:00:00+00:00,284.5087549740563,286.1070584804433,280.7503014293423,285.38055419921875,40959800,61.55812103858398,1.4199546576160742,0.29994593390620056,1.1200087237098737,275.2056182861328,271.82591918945315,235.7284147644043,273.53598198891575,270.22068100277454,290.8028766927177,275.2056182861328,259.6083598795479,0.11334985458304375,3.4663068845614378,0.000747188038827229,0.09365952662723287,6.895839310409603
2020-11-09 05:00:00+00:00,288.32527042886716,289.76861208873936,279.0938256730405,279.5491027832031,86537100,55.53374319404681,1.720789202134938,0.5841145875519481,1.13667461458299,274.91792449951174,271.74958557128906,236.07389915466308,274.10866015980025,270.58650146475213,289.9620341021693,274.91792449951174,259.8738148968542,0.10944437057020104,2.8950990100789347,-0.020433948039587868,0.06893098441377998,7.16576410364455
2020-11-10 05:00:00+00:00,276.23628364657446,277.67959586606815,271.82880709067126,274.5411071777344,69024900,50.92453933071156,1.537377424303088,0.7747671549021761,0.7626102694009119,274.38031005859375,271.52756591796873,236.37818115234376,274.1498455900797,270.7415840417318,288.65151999650584,274.38031005859375,260.10910012068166,0.10402502960117278,0.26885744280482,-0.017914547231985156,0.03193160193122346,7.2053735028507875
2020-11-11 05:00:00+00:00,277.0693367959135,281.15713508451313,274.5023611131332,280.6824951171875,36102900,55.772394862841765,1.8660700559375982,0.9930277351092606,0.8730423208283377,274.26891632080077,271.33072998046873,236.7114331817627,274.7720026878995,271.1314236917497,288.30490299960627,274.26891632080077,260.23292964199527,0.10235200450048958,6.670603768298013,0.022369648037724454,0.009933301430930408,7.1660449648885844
2020-11-12 05:00:00+00:00,281.65119452478615,282.9201529950376,278.25114496474237,279.3651123046875,34414600,54.52806502422393,1.997236650597813,1.1938695182069712,0.8033671323908418,274.18658142089845,271.0525280761719,237.0342865753174,275.20944169902214,271.4543134412767,288.082002420478,274.18658142089845,260.2911604213189,0.1013574109102658,4.345310469449464,-0.0046934982958234395,-0.020347229475551454,6.987685183846202
2020-11-13 05:00:00+00:00,281.07962512867675,282.43576029563553,278.85166133296696,281.8157958984375,24806900,56.473556527131116,2.27273809662114,1.409643233889805,0.8630948627313348,274.30378875732424,271.12072265625,237.38642486572266,275.83861828944265,271.8606460866556,288.41344392686017,274.30378875732424,260.1941335877883,0.1028761231002806,7.999835799325725,0.00877233228420149,-0.012491244579659666,6.744571882333515
2020-11-16 05:00:00+00:00,281.51554881549146,284.31502604867916,280.9052805155767,284.0147399902344,30168400,58.2016096459805,2.638101002148858,1.6553347875416156,0.9827662146072422,274.75906829833986,271.3070965576172,237.73358810424804,276.6172965466609,272.3372772201293,289.4913618633319,274.75906829833986,260.0267747333478,0.10723790596782336,8.600654619602857,0.00780277090142012,0.01597442868737975,6.506370000245583
2020-11-17 05:00:00+00:00,284.2084349491943,284.53777996995274,282.474503327923,283.11383056640625,21843500,57.19965301111945,2.8224227433008195,1.8887523786934566,0.933670364607363,275.1397537231445,271.73951171875,238.05168914794922,277.23601407235094,272.7598871552774,290.3157665884218,275.1397537231445,259.9637408578672,0.11031494111569169,6.415433269211578,-0.003172051647245877,0.031225645867021257,6.189006188944451
2020-11-18 05:00:00+00:00,282.56176059311866,284.1794270021254,280.9343684385514,281.02154541015625,28069600,54.83850108238661,2.767764063724087,2.064554715699583,0.7032093480245041,275.4264831542969,271.9764501953125,238.35571006774902,277.59654086642763,273.08387375350793,290.817950672431,275.4264831542969,260.03501563616277,0.1117646156743151,1.1153249905401836,-0.007390261196579817,0.0012079495475028068,5.978724215703704
2020-11-19 05:00:00+00:00,280.46937229917785,283.5303801648228,279.8009860799515,283.22039794921875,22718400,56.854214706722324,2.868805881260471,2.225404948811761,0.64340093244871,275.8236358642578,272.3646942138672,238.66122062683107,278.13214630288394,273.4813845062809,291.5846930723063,275.8236358642578,260.0625786562093,0.11428358674675038,-0.6827856094708599,0.007824498067766417,0.013800168577694505,5.818057777787106
2020-11-20 05:00:00+00:00,283.14291540781056,283.8888120349206,281.19590409077864,281.2830810546875,25907300,54.54428389665393,2.760732956048514,2.332470550259112,0.4282624057894022,276.09680023193357,272.7508074951172,238.96182121276854,278.4322353268652,273.7873333905321,292.036485129488,276.09680023193357,260.1571153343791,0.11546446669548081,-1.4357926930336262,-0.00684031555833986,-0.0018902944813710132,5.594832789669595
2020-11-23 05:00:00+00:00,282.2807902017898,283.5788074982923,279.0454283621734,281.2927551269531,26875600,54.55421330283965,2.6453708129315032,2.3950506027935905,0.2503202101379127,276.57725830078124,273.0458666992188,239.24910575866699,278.70466578401647,274.0816636547055,292.53515621916074,276.57725830078124,260.61936038240174,0.11539558976338601,0.6237374137101929,3.4392656072190775e-05,-0.009583956323445886,5.519014671558828
2020-11-24 05:00:00+00:00,282.35827997860764,285.7389664159662,280.55656368560454,285.24493408203125,24516800,58.53884450743171,2.840114226416631,2.4840633275181987,0.35605089889843233,277.14925689697264,273.3444128417969,239.555958404541,279.3275484790655,274.519438965581,293.484322611765,277.14925689697264,260.8141911821803,0.1178791954752722,3.8988066356734534,0.014050055975648679,0.007527373393809267,5.494970961473318
2020-11-25 05:00:00+00:00,286.31045047517296,287.63752666501273,285.36114107295595,286.9981994628906,23326800,60.205748496779236,3.1001866266070124,2.607287987335962,0.4928986392710506,278.34266052246096,273.7642346191406,239.8606735229492,280.05808666800124,275.00880212233824,293.8742623751394,278.34266052246096,262.81105866978254,0.11160058485842556,2.2501240567447076,0.006146525919914048,0.021267600831143874,5.273372505866758
2020-11-27 05:00:00+00:00,288.9646482388764,290.766394193567,288.5674890254149,289.6427307128906,17163100,62.64524819636,3.4795770498147363,2.7817457998317168,0.6978312499830195,279.4382293701172,274.32005798339844,240.18005859375,280.97090991037163,275.58268167490894,294.9123342789521,279.4382293701172,263.9641244612823,0.11075152418275133,3.6789197918865106,0.009214452407538376,0.022676095401939822,5.165859807638874
2020-11-30 05:00:00+00:00,289.9623240000837,290.57259219740644,285.54518126706904,290.2335510253906,27836200,63.18819704345964,3.7842979242673778,2.9822562247188493,0.8020416995485284,280.9028594970703,274.9545379638672,240.49916526794433,281.8530662070401,276.1572255710063,294.53169917636507,280.9028594970703,267.2740198177756,0.09703596256510792,2.9869706558204308,0.002039824410734692,0.031820150494451305,5.15597060211734
2020-12-01 05:00:00+00:00,292.50996537111916,295.5806694616717,291.405664798251,293.9532775878906,27521300,66.49053028846556,4.27664377192383,3.2411337341598454,1.0355100377639843,282.5244171142578,275.6510125732422,240.83643623352052,283.00546729093065,276.85510996382527,294.10749032532703,282.5244171142578,270.94134390318857,0.08199697094771696,3.499303450939898,0.012816321715247048,0.04500834888272731,5.16962401884332
2020-12-02 05:00:00+00:00,292.7812339647129,294.6701569761963,290.94076231032705,294.33111572265625,23620000,66.81617179129263,4.643789073323433,3.521664801992563,1.1221242713308697,283.9386810302734,276.2587573242188,241.1647412109375,284.0841004749045,277.54044352299513,293.9255686264139,283.9386810302734,273.9517934341329,0.07034538274181595,3.9621113294989345,0.0012853679940774132,0.03185396322590606,5.066750493630889
2020-12-03 05:00:00+00:00,294.6410188475157,296.29743993540336,294.02105448624326,294.74755859375,22828700,67.1945727432075,4.911738366720101,3.7996795149380707,1.1120588517820305,284.77996826171875,277.0360186767578,241.50574256896974,285.09966791479457,278.21523234929924,295.4116518543869,284.77996826171875,274.1482846690506,0.07466595110297505,4.8843276993443245,0.0014148788519054989,0.02700142072445777,4.867438704740119
2020-12-04 05:00:00+00:00,294.7960993408053,296.09414655085345,294.11804630375514,295.9488220214844,19332100,68.31690348990944,5.161523204878904,4.072048252926238,1.089474951952666,285.3190353393555,277.8134753417969,241.8745095062256,286.13292068686025,278.9106672384045,297.01471610094984,285.3190353393555,273.6233545777611,0.08198317891888034,4.494176325021556,0.004075567015603632,0.021771964699658586,4.660914529194275
2020-12-07 05:00:00+00:00,296.13280909167764,297.9926729683618,295.94875898444985,297.62457275390625,20851000,69.86569238372233,5.432080920497128,4.344054786440417,1.0880261340567117,285.93123626708984,278.5049151611328,242.29449821472167,287.22736374086463,279.6445458860713,298.79880332040693,285.93123626708984,273.06366921377276,0.09000462643610876,5.809624822774752,0.005662299045408048,0.025465773003855885,4.473985918816964
2020-12-08 05:00:00+00:00,297.1498603720827,298.93221347380245,295.396566250659,298.6319274902344,18341500,70.79007701342402,5.662511065027616,4.607746042157856,1.0547650228697592,286.88537750244143,279.10723571777345,242.74856826782226,288.31351266937605,280.38914908623457,300.5253161324911,286.88537750244143,273.24543887239173,0.09508981425819531,6.16410200662855,0.0033846490799032125,0.01591630459349047,4.406961726268854
2020-12-09 05:00:00+00:00,298.4188699166778,298.6997635874775,290.80509058915123,291.8706359863281,48839300,57.942514309545324,5.239155177211103,4.734027869168506,0.5051273080425966,287.7518539428711,279.5985443115234,243.1634764099121,288.6522863186096,280.83940347447356,300.3033143600731,287.7518539428711,275.2003935256691,0.08723808549079873,2.322811420164063,-0.022640886259984172,-0.008359563786815571,4.656083959987241
2020-12-10 05:00:00+00:00,289.8365123101805,294.1664798942522,288.7516037581919,293.0428161621094,27519500,59.320894892947884,4.941267869699686,4.775475869274742,0.16579200042494424,288.3698699951172,280.0766827392578,243.63654502868653,289.0704320179905,281.31796867791024,300.6830772394171,288.3698699951172,276.0566627508173,0.08539870857179642,2.106151435978026,0.004016094910747281,-0.005783737242045395,4.710283401135316
2020-12-11 05:00:00+00:00,291.38627991776616,292.51963939028485,289.1195905342581,292.3937072753906,26760400,58.18369963600756,4.599788867213704,4.740338468862535,-0.14054960164883123,289.0212997436523,280.45640075683593,244.10559616088867,289.3869344234572,281.7523113680075,300.7233829278947,289.0212997436523,277.31921655940994,0.08097730647963701,0.9497827049652128,-0.002215065003878691,-0.012012599752249331,4.654064988757883
2020-12-14 05:00:00+00:00,293.5851595978105,296.4621172361134,293.51737501005834,294.5151062011719,28804800,60.82675561028007,4.449057496186299,4.682082274327288,-0.23302477814098932,289.65626525878906,281.03237182617187,244.5340160369873,289.87533173562053,282.2528131261708,301.10085134895115,289.65626525878906,278.211679168627,0.07902184390824135,1.4752102782929755,0.007255282425702836,-0.010447613662953437,4.612232486755374
2020-12-15 05:00:00+00:00,296.77213852291385,297.663330078125,294.58292958627936,297.663330078125,25709000,64.42081084758374,4.531401973500863,4.651946214162003,-0.12054424066114056,290.3386947631836,281.55797302246094,245.01166061401366,290.6170458634781,282.85714712428666,301.9822752517756,290.3386947631836,278.69511427459156,0.0802068804372712,1.2621231920522087,0.010689515786000747,-0.0032434489515226206,4.507660443198071
2020-12-16 05:00:00+00:00,298.0604243501908,300.084945541769,297.01424190191807,299.3003234863281,25461900,66.15940875786082,4.674863337595411,4.656529638848685,0.018333698746726412,291.1480194091797,282.21318359375,245.455322265625,291.4440246847019,283.50197756985693,302.91982328138965,291.1480194091797,279.37621553696977,0.08086473606173387,1.6883052787236685,0.005499479589150091,0.025455412720408077,4.405020671530418
2020-12-17 05:00:00+00:00,300.8987370257257,301.48961304866043,299.6975926108826,301.25714111328125,23730500,68.16219383111405,4.89008645819456,4.70324100271786,0.18684545547669984,292.15979919433596,282.8153106689453,245.94075561523437,292.3786072017095,284.1982584931285,303.7533468078261,292.15979919433596,280.5662515808458,0.07936442758696229,2.208528053833143,0.0065379736451989245,0.0280311425434423,4.246754163730553
2020-12-18 05:00:00+00:00,301.8964393469859,302.2064216052526,297.9732984470397,300.3465576171875,41173400,66.19882983508927,4.930341940933488,4.748661190360986,0.181680750572502,293.0161071777344,283.3703594970703,246.43886009216308,293.1374596222312,284.83152512544456,304.3694906640402,293.0161071777344,281.6627236914286,0.07749323814079064,1.4859784085857493,-0.0030226121536197637,0.027199115931405782,4.2457805204792916
2020-12-21 05:00:00+00:00,297.3973329206937,300.31833044507476,294.6219232768166,299.78460693359375,37095500,64.95535967673877,4.860866929106805,4.7711023381101505,0.0897645909966549,293.94118347167966,283.83086486816404,247.003871383667,293.77052127093236,285.41792049047,304.290385826298,293.94118347167966,283.5919811170613,0.07041682442988093,0.7257580110744233,-0.0018710075722259134,0.017892123770461232,4.351412936185837
2020-12-22 05:00:00+00:00,300.6871274483182,301.5216813289548,297.7758433928853,300.59979248046875,26176300,65.95441336397012,4.816069491339704,4.780095768756062,0.035973722583642065,294.90653533935546,284.1368011474609,247.52210639953614,294.420928052793,286.01328801948955,303.8647293164463,294.90653533935546,285.9483413622646,0.060752766748844354,0.6589600136772806,0.0027192375059323926,0.00986504586094994,4.3081575790346704
2020-12-23 05:00:00+00:00,300.6483431256061,301.00739680309744,298.9306959595868,299.0859680175781,21201300,62.39699745273127,4.6053268750654865,4.745141990017947,-0.13981511495246046,295.5985870361328,284.41265258789065,248.0756637573242,294.86521757324874,286.52594213706163,303.5457702389029,295.5985870361328,287.65140383336274,0.05377010277656465,2.4720993281379573,-0.005036013000537909,-0.000716188563557596,4.148767812211526
2020-12-24 05:00:00+00:00,299.34790726724003,300.85205872533595,299.27028606283625,300.4056701660156,16785000,64.20936101293019,4.493008166178242,4.694715225250007,-0.20170705907176423,296.2689605712891,284.76255859375,248.7221813964844,295.3928797249408,287.0702451970206,303.42356709529616,296.2689605712891,289.114354047282,0.04829804992201008,2.512552295372826,0.004412450898933384,-0.0028263925765180664,3.978576590464833
2020-12-28 05:00:00+00:00,303.0161337249307,303.90894048825203,301.18201064581774,303.43341064453125,22497700,68.01789040301873,4.595335960450996,4.674839372290204,-0.07950341183920884,296.95849456787107,285.21099060058594,249.31137107849122,296.15864457442564,287.7119379596681,304.08387529641635,296.95849456787107,289.8331138393258,0.04798906822930937,3.7756296029800995,0.010078839313659937,0.01027763744600052,3.9446261427342306
2020-12-29 05:00:00+00:00,304.76296337606954,305.3840516373131,302.8027090798663,303.7052001953125,25871900,68.34353885284486,4.6448200259924874,4.668835503030661,-0.02401547703817375,297.6320770263672,285.69566162109373,250.0130802154541,296.87736415736725,288.3391247140071,304.6331363353511,297.6320770263672,290.6310177173833,0.04704505897973934,3.120415150407676,0.0008957139894514299,0.013078033931833044,3.8472487437851295
2020-12-30 05:00:00+00:00,304.869624772915,305.18985294102686,303.09372517715127,303.7148132324219,18138100,68.35581178725582,4.631424023026739,4.661353207029877,-0.029929184003138154,298.1201538085937,286.27177490234374,250.65288864135744,297.52854978356294,288.9420928911998,305.3834298294605,298.1201538085937,290.85687778772694,0.04872717210209228,2.0329958522968203,3.1652527198167135e-05,0.010362684306096215,3.7221686737915904
2020-12-31 05:00:00+00:00,303.61789034040464,304.94737234171106,302.54072916800163,304.462158203125,21611400,69.35065008936931,4.627766080781726,4.654635781780247,-0.02686970099852104,298.6267059326172,286.851015625,251.32316230773927,298.1888934425688,289.5507229034322,306.17002352917916,298.6267059326172,291.08338833605524,0.050520046912777145,1.7246338582833722,0.0024606800134283624,0.017975400922957796,3.6282025666428646
2021-01-04 05:00:00+00:00,305.7915254696362,305.96622500147066,296.1551834005593,300.1630554199219,45305900,58.045670852995435,4.229213726450666,4.569551370714331,-0.34033764426366453,298.8974807739258,287.3485375976563,251.96682640075684,298.3769088689834,289.96689280603965,306.2507712916436,298.8974807739258,291.54419025620797,0.04920276008133746,-0.3631733638964488,-0.014120318953841693,-0.0008076237241450013,4.069833926233473
2021-01-05 05:00:00+00:00,299.17328947709655,302.9094436130417,299.17328947709655,302.6376953125,29323400,61.89608703413935,4.066168611480123,4.46887481886749,-0.40270620738736707,299.23192443847654,287.89574462890624,252.65644332885742,298.7826980540802,290.4637870219793,306.6266789611209,299.23192443847654,291.8371699158322,0.04942490368646975,0.7628313483894541,0.008244318705765252,-0.0026223721716769344,4.0459996554985915
2021-01-06 05:00:00+00:00,297.9213951595594,302.65708852461785,296.9315692637921,298.4454345703125,52809600,53.01877401476241,3.5576632501010295,4.286632505114198,-0.7289692550131681,299.27296752929686,288.34825744628904,253.32450439453126,298.7505777222928,290.7767928081884,306.6406438036672,299.27296752929686,291.9052912549265,0.0492371652220751,-0.4467115163047362,-0.013852407704395886,-0.017318655135366345,4.16596534159339
2021-01-07 05:00:00+00:00,301.10444220290645,306.500020294038,301.07533054330065,305.66546630859375,30394800,62.89024601793381,3.6946753905347123,4.168241082198301,-0.4735656916635884,299.62464447021483,289.02789489746095,253.96484397888185,299.40913854003577,291.36066235722393,307.4909376673409,299.62464447021483,291.75835127308875,0.05250765143858557,1.6851887309450284,0.024192133307973984,0.00642264713864682,4.443723940317112
2021-01-08 05:00:00+00:00,307.9555860530111,309.94498101591915,305.76240952345216,309.5956115722656,33955800,66.95986345549082,4.073432383241084,4.1492793424068575,-0.07584695916577378,300.5108932495117,289.7437078857422,254.63140991210938,300.37927882881957,292.07575840487266,308.671526101462,300.5108932495117,292.3502603975614,0.05431172736340446,3.513920637717721,0.012857668584988602,0.01686072712430753,4.431994709389133
2021-01-11 05:00:00+00:00,306.63593604760837,307.8101459644931,304.47187033960773,305.1220703125,32746400,59.02516788175975,3.9668947427505827,4.112802422475602,-0.1459076797250196,301.11485595703124,290.5835467529297,255.22919258117676,300.83097325583674,292.5873784796816,308.7460420011926,301.11485595703124,293.48366991286986,0.050686214201602485,1.5700103609488838,-0.014449627490024763,0.016521070141828575,4.481405175336901
2021-01-12 05:00:00+00:00,305.16078959774694,306.24766425141934,301.9972143626177,304.63677978515625,29266800,58.21920135795038,3.79950566904256,4.050143071788994,-0.25063740274643376,301.72700958251954,291.3216552734375,255.85645957946778,301.1934310205338,293.0599040210728,308.3606492185396,301.72700958251954,295.0933699464995,0.043971135664643404,0.396584258163559,-0.0015904799244667034,0.0066055369295354716,4.464908369155812
2021-01-13 05:00:00+00:00,304.89888498304555,307.4899120873604,304.2972241457926,306.6941833496094,22898400,60.67105438311806,3.789184534737217,3.9979513643786384,-0.20876682964142157,302.3359634399414,292.2367199707031,256.4614261627197,301.7173121947315,293.5945816417997,308.4231736867471,302.3359634399414,296.2487531931357,0.04026785419469224,0.9841725305904091,0.006753628258229671,0.027639051644978263,4.374035481470953
2021-01-14 05:00:00+00:00,307.14049162666987,308.14003137848067,304.57854724429166,305.0540771484375,23500100,57.76107361425123,3.607081903096912,3.919777472122293,-0.3126955690253812,302.705500793457,293.10735900878905,257.0661215209961,302.0350993331797,294.0439736224522,308.5036750824823,302.705500793457,296.90732650443175,0.0383090117214718,0.4409610126558875,-0.005347692555689121,-0.002000190494332754,4.315996099522243
2021-01-15 05:00:00+00:00,304.8405860696371,305.8013004189801,301.3955485198215,302.6376953125,35118700,53.67628749276902,3.230542750049324,3.7819305277076993,-0.5513877776583755,302.87236938476565,293.83919616699217,257.6978495788574,302.0924894264483,294.3809823161796,308.4571090919414,302.87236938476565,297.2876296775899,0.036878502443258215,-0.5992412657758903,-0.007921158958192565,-0.022474208288774555,4.322407228067696
2021-01-19 05:00:00+00:00,304.95703335116684,307.5577735764941,303.8604448492262,307.05316162109375,24537000,59.33537641077763,3.250949070711272,3.675734236308414,-0.4247851655971422,303.16217041015625,294.4218231201172,258.33376556396485,302.5649343973669,294.87793052421546,308.9783024006207,303.16217041015625,297.3460384196918,0.03836977405588329,2.2954544460952264,0.014589941626519387,0.00632891388884449,4.365098016348155
2021-01-20 05:00:00+00:00,310.6728966508946,315.1368426570693,307.150237563624,314.1955261230469,30728100,66.47075542957022,3.799650346933106,3.7005174584333527,0.09913288849975332,303.85461883544923,295.0023840332031,259.01815773010253,303.6726097998126,295.6354832927971,311.24859642678604,303.85461883544923,296.4606412441124,0.04866786372821914,3.81903212638875,0.023261002961978416,0.031377518974011975,4.630711089178682
2021-01-21 05:00:00+00:00,315.53471354639925,317.45617198440453,314.1567221294916,316.70892333984375,25130600,68.56134171378586,4.386742573837921,3.8377624815142664,0.5489800923236547,304.7008346557617,295.62895141601564,259.65173080444333,304.9141634702918,296.4618927064068,313.73079640790075,304.7008346557617,295.67087290362264,0.05927100109417641,6.1195403427183095,0.0079994685087037,0.03265383086453344,4.535621001016844
2021-01-22 05:00:00+00:00,315.670592527244,316.8059769189991,315.1077275955915,315.7967529296875,21609400,66.93029426185211,4.7239580171971625,4.015001588650846,0.7089564285463164,305.46068267822267,296.3539044189453,260.28112945556643,305.9506005616628,297.22012251908444,315.48519784154934,305.46068267822267,295.436167514896,0.06563538767368407,3.3145015508115674,-0.0028801538034892715,0.03521564399882671,4.332951595473326
2021-01-25 05:00:00+00:00,319.18349522307534,320.5518023348643,311.90528480831307,318.4071350097656,39080600,69.1892239256812,5.142559479012505,4.240513166723178,0.9020463122893263,306.426741027832,297.2312249755859,260.90341835021974,307.1369371757678,298.05098575401314,317.4790058416167,306.426741027832,295.3744762140473,0.0721364250176902,2.8461396441477724,0.008266019380697376,0.05210666067550607,4.641063447693177
2021-01-26 05:00:00+00:00,319.1253371802444,320.0084304450032,317.54353438815554,318.8730163574219,25498100,69.58849352062366,5.449083244874487,4.482227182353441,0.9668560625210461,307.35010833740233,297.99503540039063,261.5266346740723,308.254659002592,298.8675359737547,319.28633151778405,307.35010833740233,295.4138851570206,0.07767183323897442,4.506703179759638,0.0014631623994292298,0.038494489598885684,4.485622919775642
2021-01-27 05:00:00+00:00,316.611897036331,316.6215811795314,307.97506282722816,309.9838562011719,55264000,54.95518931361977,4.9180325846396045,4.569388262810674,0.3486443218289308,307.67763061523436,298.6074102783203,262.094913482666,308.4193444500758,299.30347010032006,319.52514351206173,307.67763061523436,295.830117718407,0.07701250736452304,1.755230087380331,-0.027876802677734958,-0.013404614552740668,4.943646534805504
2021-01-28 05:00:00+00:00,311.18719030764925,316.76715185485585,310.5661021114875,311.8179626464844,42836300,56.96597340086714,4.592231782832187,4.573956966814976,0.01827481601721015,308.083268737793,299.20745361328125,262.6296700286865,308.7430223735433,299.79423451389516,319.91449106991803,308.083268737793,296.25204640566795,0.07680535447833416,1.670647692406432,0.005916780531055155,-0.015443078274467004,5.075050043296824
2021-01-29 05:00:00+00:00,310.12944314408304,311.23574555021344,303.511145071088,305.2579040527344,55259000,48.60807708183683,3.7613321011986045,4.411431993691703,-0.6500998924930981,308.1604232788086,299.63231689453124,263.1433750152588,308.41110634299,300.0084960644379,319.89643056406584,308.1604232788086,296.42441599355135,0.07616816695918849,0.06681664647861567,-0.021038103571946243,-0.033372252181768314,5.305890581303936
2021-02-01 05:00:00+00:00,308.7028948181904,313.9723423549202,306.6747034712472,312.8854675292969,35646000,56.58420344161236,3.6759447407704897,4.26433454310746,-0.5883898023369705,308.5815887451172,300.2277496337891,263.67674865722654,308.83723597978116,300.5134753375696,320.36098267347273,308.5815887451172,296.80219481676164,0.07634540982342995,3.3861519485254967,0.024987275924048813,-0.01734153187333376,5.549358275652644
2021-02-02 05:00:00+00:00,315.8549138308988,319.14464932739196,315.6899280414354,317.9898376464844,33930800,60.951769897919085,3.974340923677687,4.206335819221506,-0.2319948955438189,309.4729278564453,300.9671154785156,264.2257807922363,309.708912328991,301.1988228790957,321.2672005547671,309.4729278564453,297.67865515812355,0.0762216765131247,3.5618184055328435,0.016313861290823795,-0.00276968782440834,5.6000599558271045
2021-02-03 05:00:00+00:00,320.0666384394321,320.4354058966252,316.6701397138808,316.7283630371094,24824500,59.36240265384267,4.062205019239741,4.177509659225153,-0.1153046399854123,310.1774612426758,301.63727478027346,264.78083465576174,310.3774314440499,301.80782445391975,321.93771576625346,310.1774612426758,298.41720671909815,0.07582920097715741,0.8061339845655782,-0.003967028062001776,0.021757606730204992,5.469003257749766
2021-02-04 05:00:00+00:00,318.1257625951368,320.56151710841505,316.8059649139539,320.47418212890625,22350900,62.490180372850375,4.383563255060039,4.21872037839213,0.1648428766679091,311.27889862060545,302.4210968017578,265.3925718688965,311.33902674736953,302.5398384803898,322.55397429675537,311.27889862060545,300.0038229444555,0.07244355930398141,1.1888704458832686,0.01182659821140808,0.027760490155712025,5.352156887289474
2021-02-05 05:00:00+00:00,321.42522112926486,322.5703192674995,319.785195145218,321.5610656738281,22732000,63.37113238054409,4.672087474684417,4.309393797650588,0.36269367703382915,312.0736785888672,303.2264630126953,265.9803470611572,312.3125542641751,303.28576895856384,323.8822813050601,312.0736785888672,300.26507587267434,0.07567829987834239,1.825323626878474,0.003391485509696146,0.053407827953497744,5.168797404074619
2021-02-08 05:00:00+00:00,323.2496370050291,323.87069564867556,321.6096109896816,323.7154235839844,20462800,65.11979423903509,5.016753662668236,4.450865770654118,0.5658878920141186,312.7796691894531,303.99587280273437,266.58106956481936,313.39854181844265,304.08693188505094,325.5596257337818,312.7796691894531,299.9997126451244,0.08171858853516316,1.6671387009138297,0.006699685192427696,0.03461316417220117,4.96457115912982
2021-02-09 05:00:00+00:00,322.78385708616037,324.9090974368379,322.77414332630104,323.6475524902344,17597500,65.01449040514514,5.2242060741209,4.605533831347475,0.6186722427734255,313.70594329833983,304.72885986328123,267.16540069580077,314.374638072899,304.8540150460385,326.81280286696165,313.70594329833983,300.599083729718,0.08356143610678719,1.4973158241338194,-0.00020966283595191815,0.017792124696889733,4.762455655658894
2021-02-10 05:00:00+00:00,325.0837227656463,325.5398251895536,319.7560815961624,322.90997314453125,28068700,63.80693346337424,5.268366664358268,4.7381003979496334,0.5302662664086348,314.6196029663086,305.3942047119141,267.7377281188965,315.18752712734016,305.5620918342147,327.61743199704404,314.6196029663086,301.6217739355732,0.08262567817255378,4.16993229962616,-0.002278958515298468,0.019517071499837835,4.835404794068345
2021-02-11 05:00:00+00:00,324.44318401278093,325.0933838110526,322.29854639987093,324.685791015625,22046100,65.46984937065227,5.384587735721425,4.8673978655039924,0.5171898702174325,315.51918334960936,306.08324951171875,268.3385643005371,316.0921236881292,306.312040821721,328.68769705453605,315.51918334960936,302.3506696446827,0.08347203212893321,4.126711707025422,0.0054994209494387825,0.013141803994134893,4.689649981005011
2021-02-12 05:00:00+00:00,323.84155615786074,326.66550551057117,322.79350683015826,326.50054931640625,20346800,67.1318282736724,5.559048351401941,5.005727962683583,0.5533203887183582,316.5915069580078,306.73419494628905,268.9122121429443,317.0834023193937,307.10374703719884,329.6691455694435,316.5915069580078,303.5138683465721,0.08261522071197128,6.958917355339677,0.005589275388690806,0.015360950593404255,4.631246316677003
2021-02-16 05:00:00+00:00,327.2962531900004,328.1890600141787,324.4529061508469,325.617431640625,27080800,65.4801659049173,5.561934906913791,5.116969351529625,0.44496555538416604,317.74049377441406,307.35992126464845,269.48187957763673,317.89616701665386,307.829773884392,329.7027527676732,317.74049377441406,305.77823478115494,0.07529577896201019,4.069209162018997,-0.002704796906560336,0.005875555868122495,4.567311141438061
2021-02-17 05:00:00+00:00,322.6382065694726,325.73387433759797,320.4062339586188,324.0550231933594,31360300,62.54813948467734,5.376176008380071,5.168810682899714,0.2073653254803567,318.59058685302733,307.9460705566406,270.07356674194335,318.48272474776866,308.4660581710182,329.7859363293971,318.59058685302733,307.3952373766576,0.07028047869810046,1.9073520058895048,-0.004798294856001473,0.0012589951630710416,4.621620372690996
2021-02-18 05:00:00+00:00,320.464464761937,323.99680745469755,318.6497394365605,322.6382141113281,32236200,59.92762472650347,5.056349639641667,5.146318474248105,-0.08996883460643801,319.0127212524414,308.4798583984375,270.64617904663083,318.8784856395362,309.0218289922068,330.1498845184515,319.0127212524414,307.8755579864313,0.06982269059544499,1.8659052247639485,-0.004372125042437225,-0.0008415938057183547,4.677596328698704
2021-02-19 05:00:00+00:00,323.98715273983385,324.1133131474082,320.2122023472819,321.23114013671875,39157700,57.357508442655956,4.635905989354853,5.044235977269455,-0.40832998791460184,319.2388320922852,308.9519897460938,271.19995887756346,319.1025479726012,309.50062550767785,330.3633402014553,319.2388320922852,308.11432398311507,0.06969395318395506,0.23619937268707167,-0.004361151013946074,-0.010639981713089552,4.622133076657816
2021-02-22 05:00:00+00:00,316.84481290142816,318.10635773768337,312.7010950756149,312.9048767089844,47256900,45.04625437839174,3.589464383192876,4.7532816584541395,-1.1638172752612634,319.09423828125,309.23744873046877,271.7056283569336,318.51229356654244,309.63412555478794,330.46636506375836,319.09423828125,307.72211149874164,0.07127754386141535,-2.6919269429291104,-0.02591985143218256,-0.04164058111352986,4.901269646975392
2021-02-23 05:00:00+00:00,307.6257075368486,313.6423735997038,301.8031389399366,311.9732360839844,97241900,43.91055370314316,2.6543782386705743,4.333500974497427,-1.6791227358268523,318.7725433349609,309.6395007324219,272.1930051422119,317.8895261872512,309.7258553794623,330.5606148176559,318.7725433349609,306.9844718522659,0.07395913938741128,-3.627317898541099,-0.002977392474028062,-0.041902534172984174,5.396838576460518
2021-02-24 05:00:00+00:00,309.3142692413958,314.8554354832777,306.6164800801491,314.5448913574219,58206300,47.82119803608645,2.0966578539353122,3.886132350385004,-1.7894744964496918,318.55613708496094,310.0695422363281,272.67854194641114,317.5709895367913,309.91483718251953,330.4869330309135,318.55613708496094,306.62534113900836,0.07490545343203081,-2.812522777562843,0.008243191966458285,-0.029347274861599493,5.599846921222524
2021-02-25 05:00:00+00:00,311.8859018058299,314.4478165943364,302.0360328819496,303.5790100097656,110182600,36.223474627926,0.7610327401110908,3.2611124283302217,-2.500079688219131,318.23589477539065,310.29324829101563,273.0995310974121,316.2384200580269,309.6663733718233,331.3545737687877,318.23589477539065,305.1172157819936,0.0824462558044004,-5.986486867072786,-0.03486269098294004,-0.05907299032775459,6.093347746526077
2021-02-26 05:00:00+00:00,306.5096737454074,309.67324872222144,301.6866456522158,304.8502502441406,104739800,38.09772529434257,-0.1926604527652671,2.5703578521111243,-2.7630183048763914,317.88750915527345,310.499951171875,273.54984268188474,315.15383245670444,309.4775057981887,332.0017350891221,317.88750915527345,303.7732832214248,0.08880012914854431,-6.109149621065438,0.004187510310196041,-0.05099409068998195,6.228580269631759
2021-03-01 05:00:00+00:00,309.8285566533543,314.3604687329603,308.53790036171097,314.02081298828125,49164500,49.60359425131057,-0.20610555075387538,2.0150651715381245,-2.221170722292,318.3256546020508,310.8271008300781,274.0594480895996,315.04592584066415,309.6556747076041,331.34611430291966,318.3256546020508,305.30519490118195,0.08180590858846204,-3.822271158273334,0.03008218867065504,0.003566375478176953,6.462982999573755
2021-03-02 05:00:00+00:00,314.66126235235896,314.7388835576029,308.7319618013117,308.9842529296875,48370000,44.690544366303875,-0.6160675490002632,1.488838627430447,-2.10490617643071,318.13059387207034,311.0207794189453,274.5318316650391,314.4686236586664,309.6293444418034,331.580999294659,318.13059387207034,304.68018844948165,0.08455901872799754,-5.108196642646295,-0.016038937071288006,-0.009580896078829726,6.430407196482144
2021-03-03 05:00:00+00:00,307.8877050905585,308.82902150912605,299.959324292056,300.0175476074219,86301100,37.55828201377759,-1.645534866223045,0.8619639286997487,-2.5074987949227934,317.2319793701172,310.9959875488281,274.95241920471193,313.092330701405,309.252411232612,332.8299247628146,317.2319793701172,301.6340339774198,0.09833778690072822,-7.417714235398429,-0.02901994272279662,-0.04618527958698393,6.61573015656424
2021-03-04 05:00:00+00:00,299.6487739285468,302.81237886774767,291.2351496528969,295.107177734375,139131600,34.32741720576867,-2.8250554622819664,0.12456005050340574,-2.949615512785372,316.15092010498046,310.89119995117187,275.3283416748047,311.37945899025925,308.6976961934655,334.494087430626,316.15092010498046,297.8077527793349,0.11604057530216608,-8.533098428152528,-0.016366942241232474,-0.027906515259793818,6.970122946441849
2021-03-05 05:00:00+00:00,297.7272874668651,300.45418767610886,288.65380969684287,299.55169677734375,121523700,39.408108691501056,-3.362438393518289,-0.5728396383009333,-2.789598755217356,315.1047958374023,310.88654174804685,275.7292427062988,310.25300544617204,308.339029549696,334.68700734975226,315.1047958374023,295.5225843250524,0.12429015217181644,-6.748861069368319,0.015060694480868442,-0.017380840142179665,7.315141163072146
2021-03-08 05:00:00+00:00,299.00825338693573,300.890885967631,290.6528830037879,291.0701599121094,88409800,34.0020764335232,-4.421736355747555,-1.3426189817902578,-3.0791173739572972,313.5802505493164,310.69594909667967,276.0658337402344,308.42606777626133,307.66181897567304,335.5202167102939,313.5802505493164,291.64028438833896,0.13993206601846878,-6.978068551223722,-0.02831410055920558,-0.07308640741920613,7.523917005984356
2021-03-09 05:00:00+00:00,298.37755517278356,304.45244508662654,297.8438315171769,302.5503845214844,80391100,45.0001170679164,-4.2854791053987356,-1.9311910065119535,-2.354288098886782,312.5219985961914,310.76523742675784,276.47200996398925,307.866478894854,307.4613705657049,334.4461808794492,312.5219985961914,290.5978163129336,0.14030488977888522,-3.020403827193475,0.039441434370467654,-0.020822641759893235,7.942371875165271
2021-03-10 05:00:00+00:00,306.8105970013308,307.1114273875891,300.9977412999346,301.6867370605469,76798100,44.40067744922524,-4.198782434853797,-2.384709292180322,-1.8140731426734749,311.42395782470703,310.7908587646484,276.87004821777344,307.27793205349144,307.23491434981634,333.2086309520564,311.42395782470703,289.63928469735765,0.13990364312055556,-4.08785984136811,-0.0028545574724799794,0.005563639415215649,7.811751461771645
2021-03-11 05:00:00+00:00,306.4320580789124,310.4011052935316,305.5392808474941,308.63494873046875,53484800,50.153579736417775,-3.5287350248905796,-2.613514438722374,-0.9152205861682057,310.71020660400393,310.8948895263672,277.3058251953125,307.4071717370131,307.2898176588615,331.86922890668455,310.71020660400393,289.5511843013233,0.1361977936543779,1.6654441031810745,0.023031213561527597,0.04584019643287052,7.8762240882868655
2021-03-12 05:00:00+00:00,304.57853477670074,308.8193302488684,302.1816059141172,306.1312255859375,69315600,48.21751331047675,-3.163282803259335,-2.7234681116297663,-0.4398146916295689,309.78247833251953,310.9434100341797,277.7230400085449,307.2856530559583,307.2443826756096,330.0159043233393,309.78247833251953,289.54905234169973,0.1306298929476657,0.42019822544708435,-0.008112247672630746,0.021964585343291487,7.787759820177177
2021-03-15 04:00:00+00:00,306.4515309101118,309.56659715349844,304.81150487573177,309.401611328125,42955700,50.88457804477257,-2.580025558407783,-2.69477960098537,0.11475404257758681,308.92753143310546,311.05714599609377,278.15805709838867,307.48717289140274,307.32897987766904,327.65179438183753,308.92753143310546,290.2032684843734,0.12122106995042356,-1.470985829314642,0.010682953808217155,0.06297949409019088,7.571140710004998
2021-03-16 04:00:00+00:00,311.5947202329633,314.6127666863482,309.6635780067387,311.09979248046875,54925900,52.25959013544574,-1.958188188511997,-2.5474613184906953,0.5892731299786984,308.20164947509767,311.1898986816406,278.5852711486816,307.8312318998852,307.47685488170043,325.34001562621023,308.20164947509767,291.0632833239851,0.11121527857038496,0.6846755233389394,0.005488598281871315,0.028257799019182128,7.40257032773487
2021-03-17 04:00:00+00:00,308.0624110794946,314.27314497406195,306.34473439501846,312.38079833984375,78258700,53.321188427621934,-1.3464896314239923,-2.3072669810773547,0.9607773496533625,307.61793823242186,311.43425354003904,279.0155059051514,308.264523941786,307.66916638986294,323.28918210350184,307.61793823242186,291.9466943613419,0.10188771149775742,4.1208425410500995,0.004117668639896044,0.03544756850597186,7.440130345685486
2021-03-18 04:00:00+00:00,307.4995323947075,308.4796742050071,302.35627556020404,302.8123779296875,82718100,45.230598043846804,-1.615186810225964,-2.1688509469070767,0.5536641366811126,306.6266464233398,311.4377471923828,279.3903076171875,307.74527194063376,307.47870409730706,320.80953016159276,306.6266464233398,292.4437626850869,0.09250914037439224,2.610983661755569,-0.030630629222435868,-0.018865558889982093,7.624729805253645
2021-03-19 04:00:00+00:00,302.6474505114344,305.4228906780731,300.502812392977,303.8799133300781,78446200,46.211213779303804,-1.7221383364900475,-2.079508424823671,0.3573700883336235,305.7590850830078,311.54643676757814,279.7653221893311,307.37714254915227,307.33757504761184,318.2888177867865,305.7590850830078,293.22935237922906,0.08195820379549572,1.4448980257159187,0.003525402124210819,-0.007354075859299702,7.4315404109566785
2021-03-22 04:00:00+00:00,306.27496598996237,311.6482099668909,306.27496598996237,309.5785827636719,56194800,51.23095127678265,-1.3317120465642347,-1.929949149171784,0.5982371026075493,305.5927703857422,311.6246990966797,280.17685585021974,307.58680352196365,307.4254577031436,317.82342058220274,305.5927703857422,293.36212018928165,0.08004541587173085,6.3587496764186495,0.018753030995516173,0.0005719796829344315,7.455594427089254
2021-03-23 04:00:00+00:00,310.66685717260526,311.98829200966463,307.4118112528378,308.2279968261719,53455400,50.03907285208629,-1.118385346661455,-1.7676363886697182,0.6492510420082631,305.40550842285154,311.5973468017578,280.559105758667,307.64786955093587,307.4569298256153,317.3510243694474,305.40550842285154,293.4599924762557,0.07822724618350091,1.8765840650532466,-0.004362659475481312,-0.009231107585766618,7.249943450641937
2021-03-24 04:00:00+00:00,309.5980833816486,309.63695783991335,302.88395145067733,303.0296936035156,64803700,45.638077144565,-1.3531833705203553,-1.6847457850398457,0.3315624145194904,304.8297485351562,311.5554992675781,280.9063711547852,307.20804327022915,307.2833127188663,316.0454780505944,304.8297485351562,293.61401901971806,0.0735868436025997,0.4451493479805266,-0.016865123467638465,-0.02993495370402033,7.214447946255801
2021-03-25 04:00:00+00:00,301.18353938738005,304.02078162295214,298.6766855487933,302.5049743652344,78729000,45.205875280883646,-1.5635789880445259,-1.660512425640782,0.09693343759625606,304.7760467529297,311.5128631591797,281.24255172729494,306.76013194594395,307.0959269010768,316.0254511217957,304.7760467529297,293.5266423840637,0.07382079063441277,-1.986156911409177,-0.0017315769687170635,-0.0010151618191925893,7.080851383963163
2021-03-26 04:00:00+00:00,302.29117115161415,307.36320469832293,300.8920170910733,307.0425720214844,63519600,49.64676844837553,-1.3486266931498676,-1.5981352791425991,0.2495085859927315,304.8856628417969,311.5198309326172,281.5873023223877,306.78703100075734,307.09383455285746,316.17846417864354,304.8856628417969,293.59286150495024,0.07407892671362779,0.2976979672042768,0.015000076166587162,0.010407593765406009,7.037303971340768
2021-03-29 04:00:00+00:00,306.50824768496193,308.0045734049454,303.6127082645928,306.9552001953125,54608000,49.56347167813831,-1.1718176426204536,-1.51287175183817,0.3410541092177164,304.5323822021484,311.5578533935547,281.9906024169922,306.8030471145245,307.08839791138513,315.0772642083085,304.5323822021484,293.98750019598833,0.06925294400488685,-0.7906911416237082,-0.000284559322170308,-0.008474044118103707,6.848344054841613
2021-03-30 04:00:00+00:00,304.99238280868605,305.9834588710033,302.70899076791363,305.4101867675781,44635700,48.02890627551839,-1.1431869204281497,-1.438934785556166,0.2957478651280163,304.35367889404296,311.61330322265627,282.3771846008301,306.6703937481486,307.0225857096672,314.71017804243286,304.35367889404296,293.99717974565306,0.06805568564850757,-1.828868372918579,-0.005033351533876296,-0.009141966620841657,6.66247729573856
2021-03-31 04:00:00+00:00,307.1980192817444,311.64817991889015,306.8579345762437,310.0838317871094,55032500,52.79058859510299,-0.7349012884296258,-1.298128086130858,0.5632267977012322,304.8569931030273,311.6739166259766,282.7732585144043,306.9954830851925,307.1426345754493,315.29970814114654,304.8569931030273,294.4142780649081,0.0685089420572358,-0.7353097773428029,0.015302845884076488,0.02327870282185418,6.632156999708093
2021-04-01 04:00:00+00:00,313.91226995308546,315.5057671194395,313.6596304202074,315.3697509765625,55685600,57.530057848719686,0.015024327690014161,-1.0354976033666836,1.0505219310566978,305.87012176513673,311.69740112304686,283.17593872070313,307.7930324081801,307.4652665911792,316.2641784467393,305.87012176513673,295.47606508353414,0.06796385748055313,4.1469153714022875,0.017046742356700006,0.04252748781511162,6.545712594895382
2021-04-05 04:00:00+00:00,317.8570885839044,322.4335693371832,317.61417515205807,321.66595458984375,42172500,62.375315929687204,1.1046629268182642,-0.6074654973296941,1.7121284241479584,306.97583465576173,311.7965417480469,283.60637725830077,309.11426309214806,308.02215631661704,319.0200522880673,306.97583465576173,294.93161702345617,0.0784701352522538,5.852983523937697,0.01996451338083194,0.04762656354811989,6.582720149590047
2021-04-06 04:00:00+00:00,321.3550596024746,323.39550878206416,320.6651640811654,321.4425048828125,33537200,62.1045187390347,1.927954582818586,-0.10038148130003809,2.028336064118624,308.49445190429685,311.9094567871094,284.0325073242187,310.28838135792563,308.54844449568355,319.7681911537929,308.49445190429685,297.2207126548008,0.07308876499985448,3.8322812945356057,-0.0006946638394360605,0.04719680487016298,6.307550474683525
2021-04-07 04:00:00+00:00,320.9664372483099,323.05551696928626,320.0336577561343,322.2198791503906,32046400,62.71104095141091,2.613025427721766,0.4422999005043228,2.170725527217443,309.47792663574216,311.9857116699219,284.46271774291995,311.42471448101753,309.08457918802503,321.8811274195457,309.47792663574216,297.07472585193864,0.08015564094431966,4.539458604764449,0.0024183928875913807,0.05503972398800472,6.072858241716986
2021-04-08 04:00:00+00:00,325.0764463280192,325.76631212436155,324.279683209699,325.5816955566406,29940800,65.29773808558473,3.3881628636547703,1.0314724931344124,2.356690370520358,310.67267456054685,312.11988525390626,284.8955752563477,312.77299839298166,309.7315249279707,324.3787114407052,310.67267456054685,296.9666376803885,0.0882345825846824,7.442175611553125,0.010433299196543233,0.049979593196498584,5.892399294020839
2021-04-09 04:00:00+00:00,324.2214337918522,327.7582678671468,323.4829970654608,327.55419921875,36664900,66.75494391937899,4.114203450452521,1.6480186845980342,2.466184765854487,311.61863708496094,312.47129211425784,285.3281240844727,314.1807318049596,310.4304533315307,327.1248544256044,311.61863708496094,296.1124197443175,0.09952047467825725,8.280599321078281,0.006058398518801855,0.038635437306392184,5.776890115996923
2021-04-12 04:00:00+00:00,326.5145927856879,327.5445435724907,325.2417285179877,327.1267395019531,25833000,66.10709572217388,4.602053807994594,2.238825709277346,2.3632280987172476,312.66841278076174,312.7774676513672,285.7833821105957,315.41368491895895,311.08520965193946,329.34512022835344,312.66841278076174,295.99170533317005,0.10667343911893745,6.541167027178049,-0.0013050045391461707,0.016976570986731998,5.529431586337305
2021-04-13 04:00:00+00:00,328.65213334600145,331.4116262566293,328.4383683489273,330.94525146484375,30374000,69.0012254238394,5.236438332362184,2.838348233894314,2.3980900984678697,313.74559478759767,313.29121459960936,286.2464960479736,316.89288173285274,311.86403482107295,332.1343265301557,313.74559478759767,295.35686304503963,0.11722065296251892,7.815489444149056,0.011672882408525487,0.029562818972853844,5.440535526932938
2021-04-14 04:00:00+00:00,331.1882266680558,331.3145464152345,326.1550667510086,326.97125244140625,42564300,62.974363069891396,5.3567745665940265,3.3420335004342565,2.01474106615977,314.5391677856445,313.57293029785154,286.71787994384766,317.8527265622388,312.4564747277527,333.7540050941495,314.5391677856445,295.32433047713954,0.12217770806591374,7.0597074387163214,-0.012008025514333887,0.014745748473196985,5.420460108168149
2021-04-15 04:00:00+00:00,329.8472210793707,332.31522931882523,326.68934714455133,331.9265441894531,36342800,66.86120867651734,5.785303156601742,3.8306874316677537,1.9546157249339884,315.516455078125,313.85166442871093,287.20135063171386,319.193090145783,313.22000686350566,336.1300930610908,315.516455078125,294.90281709515915,0.13066600902232936,7.0441313487573405,0.015155129727910444,0.019487731403219133,5.4351331128899885
2021-04-16 04:00:00+00:00,332.4513237225054,332.52907262770344,330.4399933489032,332.3153076171875,40860100,67.15254679507709,6.086128015867473,4.281775548507698,1.8043524673597755,316.9916015625,314.1634033203125,287.6637109375,320.4428251430596,313.96884218717946,337.9768205601294,316.9916015625,296.00638256487065,0.13240236583045117,5.373234620045837,0.0011712333181539414,0.014535330060775342,5.196129267597862
2021-04-19 04:00:00+00:00,330.741254593355,331.8974953468456,327.35016263300474,329.2740478515625,34533100,62.52186073351506,6.009851807312259,4.627390800268611,1.3824610070436485,318.26130828857424,314.33940063476564,288.09686752319334,321.28389397244086,314.5690463308808,338.99097831502206,318.26130828857424,297.5316382621264,0.13026823862391587,2.3652155763328544,-0.009151729384456742,0.006564148051237284,5.179630390211068
2021-04-20 04:00:00+00:00,328.6132918560866,329.89585219892405,324.9015676206734,326.8740234375,38081800,59.0606510713048,5.690147966355823,4.839942233486053,0.8502057328697701,319.12608032226564,314.4456597900391,288.5097904205322,321.81628725482744,315.05159445270897,339.7776111290495,319.12608032226564,298.4745495154818,0.12942552853047393,1.6897325251580078,-0.007288835636218849,-0.01230181732272484,5.166391403642466
2021-04-21 04:00:00+00:00,325.5915267971476,329.8571019789424,324.50327908997724,329.6724853515625,36598100,61.7216095920128,5.598061885060417,4.991566163800926,0.606495721259491,320.1983047485352,314.56480102539064,288.9066764831543,322.56449659737365,315.6249627232522,340.70144477179065,320.1983047485352,299.6951647252797,0.12806526280242128,2.3128946050201638,0.008561285735198876,0.008261377384056967,5.179779366879802
2021-04-22 04:00:00+00:00,329.2837691370076,330.2651193071861,324.54209386845037,325.6983642578125,45936100,56.14097598257046,5.145095188418054,5.022271968724352,0.1228232196937018,321.33173828125,314.6058172607422,289.2923134613037,322.8629601840821,316.01999807754873,340.36691502621966,321.33173828125,302.29656153628036,0.1184767919084846,0.035833925175802285,-0.012054755159539576,-0.018763729628341386,5.218582657726656
2021-04-23 04:00:00+00:00,326.32992548717107,331.1104454433761,326.32992548717107,329.7987365722656,36381900,60.144994021961324,5.058668414840781,5.029551257947638,0.029117156893143203,322.69642639160156,314.74359252929685,289.68208168029787,323.52351031629007,316.56034076361607,339.96886290936686,322.69642639160156,305.42398987383626,0.1070506835846065,0.6852415138835266,0.012589477763564672,-0.007572841175949807,5.2324039811435785
2021-04-26 04:00:00+00:00,330.0416423916849,332.22786332972856,329.29345002638655,331.9460754394531,30812000,62.0965361819219,5.10460417520585,5.044561841399281,0.060042333806569204,323.9416015625,314.88879821777346,290.07197982788085,324.3256593756389,317.16370290776655,340.0734888857138,323.9416015625,307.8097142392862,0.09959750304007413,1.4732320399235435,0.006511058500422662,0.008114904910742293,5.068261789872039
2021-04-27 04:00:00+00:00,332.2375993362722,332.4513643729262,329.55585482941194,330.508056640625,33187200,59.978471986928184,4.967707853360764,5.029191043791577,-0.061483190430813295,325.11924438476564,314.9689483642578,290.4460181427002,324.9144591151614,317.6870108972904,339.45823034328805,325.11924438476564,310.7802584262432,0.08820754972937128,-0.13210487906492688,-0.00433208555613851,0.01111753440945984,4.913065200846483
2021-04-28 04:00:00+00:00,330.17772335525063,331.18825175670855,328.7396648475038,329.39068603515625,33615700,58.314054224841286,4.714705867964824,4.966294008626227,-0.25158814066140334,326.31826934814455,315.04441345214843,290.840768737793,325.3407664408752,318.14597854975574,337.53502142664297,326.31826934814455,315.10151726964614,0.06874731286669956,0.7399530006643524,-0.003380766619809572,-0.0008547856704078649,4.73703103715779
2021-04-29 04:00:00+00:00,332.6650380777103,333.08284200884316,327.3500917029631,330.57598876953125,37708900,59.59496580052825,4.557310161716259,4.884497239244234,-0.3271870775279746,327.34287719726564,315.1748327636719,291.23258255004885,325.83935904360436,318.6334299309234,335.8593603072237,327.34287719726564,318.82639408730756,0.052034021224942134,-0.4068838252209865,0.003598470705539203,0.01497589502125285,4.808153842066525
2021-04-30 04:00:00+00:00,328.1276044511969,330.61503659788957,327.49600555835957,328.40936279296875,38263400,56.195797464059424,4.209223018670798,4.749442395129547,-0.5402193764587491,327.99485778808594,315.2902557373047,291.61099609375,326.0841213054486,319.01679984708204,334.50534915239695,327.99485778808594,321.48436642377493,0.03969874045109188,-1.1753731274751342,-0.006554093612869738,-0.004212792910419316,4.687502213313915
2021-05-03 04:00:00+00:00,329.6141140387122,330.3622767552804,326.21332589564315,326.6602783203125,29729700,53.54082699545376,3.749008711985425,4.549355658500723,-0.8003469465152975,328.24457397460935,315.3988385009766,291.98928565979,326.1389934021023,319.3165441009342,334.11673562447373,328.24457397460935,322.37241232474497,0.035779184884979144,-0.7937976127496976,-0.005325927549023279,-0.0159236620349944,4.649034259479867
2021-05-04 04:00:00+00:00,324.1048387023454,324.42550106130835,316.9631773518331,320.78179931640625,65147000,45.72233297086278,2.876779705444733,4.214840467889525,-1.3380607624447922,328.21153869628904,315.556376953125,292.33672966003417,325.62878444155984,319.37400508977623,334.24170365734864,328.21153869628904,322.18137373522944,0.036745600017674074,-1.8637835019822597,-0.01799569581625715,-0.029428200398740945,5.0096104529798335
2021-05-05 04:00:00+00:00,322.83200429340394,323.6967904869496,318.925966338487,319.7032775878906,46219300,44.440115116785485,2.0745896655047886,3.786790307412578,-1.7122006419077893,328.08570861816406,315.71097778320313,292.6431340789795,325.0644504554961,319.3869177367611,334.68856112433843,328.08570861816406,321.4828561119897,0.04025077796886892,-3.0239732481892503,-0.0033621662164561306,-0.029410086131675506,4.992554288371461
2021-05-06 04:00:00+00:00,319.4408977324828,322.2684137156212,317.19637993239184,322.1129455566406,46814300,47.95207727703583,1.6146753734236086,3.352367320614784,-1.7376919471911756,327.9122711181641,315.8623388671875,292.9750511932373,324.7833547508432,319.49382078852113,334.9378032964429,327.9122711181641,320.8867389398853,0.04285007178488382,-1.1008402542463405,0.007537201329090415,-0.025600901155561018,4.998231395147025
2021-05-07 04:00:00+00:00,324.89187963014064,327.1072491303273,322.287854536548,324.7267150878906,53324500,51.53096162134048,1.4444486356999278,2.970783583631813,-1.5263349479318853,327.7708969116211,316.28529296875,293.3155332183838,324.77796049722866,319.6990323296729,334.93204668454865,327.7708969116211,320.60974713869354,0.043696068445384054,-1.5379141645873518,0.008114450435182441,-0.01121358926480942,4.997950836471287
2021-05-10 04:00:00+00:00,323.34681399519525,323.5217044888241,316.3217493093518,316.52581787109375,60700500,41.815556682401535,0.6404165288989816,2.5047101726852468,-1.8642936437862652,327.2408508300781,316.51880432128905,293.64852668762205,323.99204215188246,319.5745925469835,335.92218963511954,327.2408508300781,318.55951202503667,0.05305779387274161,-4.645410417323046,-0.025254766040968435,-0.03102446523749436,5.24130904661897
2021-05-11 04:00:00+00:00,310.63772069079556,316.8854472863445,309.9769735943418,316.08868408203125,71963600,41.36785028035918,-0.03169242147026807,1.9974296538541438,-2.0291220753244117,326.4980224609375,316.5601617431641,293.9912004852295,323.2393413833252,319.4378902542403,336.25958562093365,326.4980224609375,316.7364593009413,0.059795542321632617,-4.362790034577743,-0.0013810367571359672,-0.014630241629594143,5.360392235574951
2021-05-12 04:00:00+00:00,311.1526066845544,313.4748430981907,307.04250176138873,307.90728759765625,91164900,34.025185948822795,-1.2105593537442587,1.3558318523344635,-2.5663912060787224,325.54482421875,316.53862243652344,294.27088180541995,321.77914578469006,318.9857097579037,338.2228391658715,325.54482421875,312.86680927162854,0.07788798349073112,-6.522163299786519,-0.025883231182840305,-0.03689668144547409,5.62366295593692
2021-05-13 04:00:00+00:00,310.8515397545792,313.2612225343855,307.9171258949411,310.2879638671875,69877800,37.501491650119654,-1.9304660016459252,0.6985722815383858,-2.629038283184311,324.46289520263673,316.74403076171876,294.57849800109864,320.68474750683265,318.644621683758,338.40774618844233,324.46289520263673,310.51804421683113,0.08595652194434514,-6.137174383977421,0.007731795788614493,-0.03671066888981589,5.60439666885066
2021-05-14 04:00:00+00:00,313.45548574247056,318.0513887100256,312.9502068469976,317.1380615234375,44370000,46.273680619841144,-1.926049277404843,0.17364796974974003,-2.099697247154583,323.7040328979492,317.1846484375,294.9060283660889,320.34696788936645,318.5855408931572,337.50816063447667,323.7040328979492,309.89990516142177,0.08528857433715897,-3.432088894687435,0.022076581930139172,-0.02336935401942275,5.7586129669926205
2021-05-17 04:00:00+00:00,315.4278762814008,317.118543860257,312.33802530883224,315.214111328125,39395000,44.38917621177453,-2.054117109863057,-0.2719050461728194,-1.7822120636902377,323.0010360717773,317.4978967285156,295.2173518371582,319.85812440734344,318.4533279690383,337.02914587857566,323.0010360717773,308.972926264979,0.08686108241263359,-3.5039971958156966,-0.0060666013598948965,-0.004144074413237719,5.690143198964952
2021-05-18 04:00:00+00:00,316.16642863467996,317.3906921986347,312.8142113288673,313.0862731933594,36528500,42.33565658299152,-2.300788486672161,-0.6776817342726877,-1.6231067523994733,322.3116485595703,317.93821899414064,295.4954658508301,319.2131861964878,318.24285523273716,336.85631571092455,322.3116485595703,307.76698140821605,0.0902521966944429,-2.398990883973538,-0.0067504532896708325,-0.009498634528443572,5.610595889736556
2021-05-19 04:00:00+00:00,307.68390077198774,313.7470110918508,307.3340899790996,313.44580078125,66319100,42.81701317705074,-2.4391494616433533,-1.029975279746821,-1.4091741818965324,321.5003143310547,318.15612731933595,295.7579901123047,318.66391139503656,318.0547354503259,336.122166379692,321.5003143310547,306.87846228241744,0.0909601104375959,-1.9572764013720074,0.0011483339215851984,0.017987600185777275,5.667904834237604
2021-05-20 04:00:00+00:00,314.93242996409725,320.3639712349336,314.7089685641255,319.5089111328125,46466100,50.34487424518049,-2.0360884372181545,-1.2311979112410876,-0.8048905259770669,321.1908416748047,318.51257080078125,296.0459866333008,318.74438756053905,318.1117619476783,335.7057952308604,321.1908416748047,306.67588811874896,0.0903821135146291,-0.8084227783295438,0.019343409088430796,0.02971738623278286,5.757209521340891
2021-05-21 04:00:00+00:00,321.06348664997546,321.48129057449916,317.38094091636304,317.7404479980469,50330400,48.34571244141295,-1.83817058054467,-1.352592445101804,-0.4855781354428659,320.5879272460937,318.69468078613284,296.32189575195315,318.6487742688731,318.0972006163202,334.616174673796,320.5879272460937,306.55967981839143,0.08751575611850011,-2.1514297300586573,-0.005534941509129032,0.0018994455339598204,5.638862388254835
2021-05-24 04:00:00+00:00,320.0336784365017,324.2118084959171,317.63369183139815,323.0846862792969,32475800,54.25711726546546,-1.2358379173470553,-1.3292415395508543,0.09340362220379905,320.1448577880859,319.03375,296.6071380615234,319.07124207938966,318.2927882893781,333.2388158898927,320.1448577880859,307.05089968627914,0.0818002087697069,2.0721432622201603,0.01681950886304162,0.024968980348024195,5.705951979416559
2021-05-25 04:00:00+00:00,324.6004108657114,325.3194252305108,322.3558928300333,323.5315856933594,31280300,54.72373748120249,-0.7141911434368353,-1.2062314603280506,0.4920403168912153,319.79603424072263,319.3163494873047,296.9099685668945,319.49603670929156,318.49823132482834,332.11593011660193,319.79603424072263,307.47613836484334,0.07704845937273658,2.354687777875827,0.00138322685364356,0.033362409643392654,5.510064866635195
2021-05-26 04:00:00+00:00,324.2020129306778,325.1250662561818,323.5121470301397,324.65869140625,25444900,55.94435919489501,-0.20744303130010167,-1.0064737745224608,0.7990307432223591,319.55943450927737,319.5875274658203,297.2240531921387,319.9877181090019,318.739817994688,331.30139069176386,319.55943450927737,307.8174783267909,0.07348840255971602,5.440405110022235,0.0034837578855713147,0.03577298083768343,5.231697320878545
2021-05-27 04:00:00+00:00,324.2117371206447,325.0570711838776,323.240083318764,323.4441223144531,27931700,54.24717148636427,0.09505716355033655,-0.7861675869079013,0.8812247504582379,319.2028411865234,319.8087939453125,297.55686279296873,320.316899461902,318.9243005170317,329.97828392058375,319.2028411865234,308.4273984524631,0.06751470440555257,4.239983492526592,-0.003741064459220289,0.012316436395117814,4.987789502609622
2021-05-28 04:00:00+00:00,324.64894153321643,326.05785131144694,324.1436922653949,324.4643249511719,29927400,55.46920446959982,0.4123591543132079,-0.5464622386636795,0.9588213929768874,319.0055892944336,320.2418328857422,297.8624681091309,320.711892365642,319.1415563771941,329.23002899264804,319.0055892944336,308.78114959621917,0.06410194705884953,2.3101179948383272,0.003154185116793995,0.021161539223254033,4.818213752208493
2021-06-01 04:00:00+00:00,325.79545476304094,326.27158521200613,322.0351599075775,323.3857727050781,31145400,53.83221217119806,0.5702199746890528,-0.323125795993133,0.8933457706821859,318.84186401367185,320.6319500732422,298.1596775817871,320.9665476360645,319.30799623318956,328.66786481754804,318.84186401367185,309.01586320979567,0.061635574953575405,2.5924161017165757,-0.0033241011820207556,0.0009319117821664502,4.77665743450993
2021-06-02 04:00:00+00:00,323.80353850433943,324.86263729253375,322.2974873955568,324.0173034667969,22047900,54.67567137989077,0.7377803935857514,-0.11094455807735613,0.8487249516631076,319.0036392211914,320.9207244873047,298.4615946960449,321.25709581041997,319.492674948233,329.0560007267053,319.0036392211914,308.9512777156775,0.06302349108026169,3.491379600244112,0.0019528711991132486,0.0015012993936791563,4.618692610400432
2021-06-03 04:00:00+00:00,321.18011911026565,322.45298308679327,318.974475883176,320.6457214355469,37057800,49.47851722214919,0.5916940595323013,0.029583165444575343,0.562110894087726,319.0507614135742,321.1690789794922,298.73134902954104,321.1988696794797,319.53789245753944,329.1246126068561,319.0507614135742,308.9769102202923,0.06314889297645966,2.297022527132725,-0.010405561663454521,-0.012360580748111416,4.648987965630462
2021-06-04 04:00:00+00:00,322.4433040394962,326.5339580391528,322.3752811601444,326.0870056152344,38736500,56.64155913528617,0.9045585579038402,0.20457824393642832,0.6999803139674119,319.2494644165039,321.6302252197266,299.01547454833985,321.66440643526585,319.7947204245079,329.7065624115867,319.2494644165039,308.7923664214211,0.0655105123774936,2.0588140903799435,0.0169697701105338,0.00817106609286844,4.737505725485854
2021-06-07 04:00:00+00:00,325.5525129426862,327.116890591314,324.8626472187951,327.05859375,32611900,57.79230266386422,1.21687756244512,0.40703810763816667,0.8098394548069534,319.3660583496094,322.12129760742187,299.31351516723635,322.1781385604786,320.07957820197817,330.1128237747887,319.3660583496094,308.61929292443006,0.06730061097109359,2.9326281279777144,0.0029795364980351735,0.007995544037756819,4.560129843131075
2021-06-08 04:00:00+00:00,328.80760798571464,329.67239401675255,325.5331397428313,327.214111328125,27282800,57.98452159701749,1.4601103493014875,0.6176525559708308,0.8424577933306567,319.9004730224609,322.5247283935547,299.59378341674807,322.65775501454016,320.35936381476824,331.0832975694684,319.9004730224609,308.7176484754534,0.06991439832114489,1.2781246602503353,0.0004755037204247081,0.011838302566694159,4.530067302473232
2021-06-09 04:00:00+00:00,328.58418630693745,329.3614975041773,327.10725351865176,327.2918701171875,21485300,58.0873006998,1.6402408936947381,0.8221702235156123,0.8180706701791258,320.46063232421875,322.9314617919922,299.86504455566404,323.0990993100304,320.63122680701997,331.9419673638769,320.46063232421875,308.9792972845606,0.0716551980590377,1.1622619212802587,0.0002376388620493053,0.0101061474660602,4.367508494119825
2021-06-10 04:00:00+00:00,327.6318721622562,330.8091686857066,327.1849198193199,330.7023010253906,33702100,62.428399366864895,2.0347337756408024,1.0646829339406503,0.9700508417001521,321.60038299560546,323.43730407714844,300.14483337402345,323.8232137591123,321.0261708940149,332.3747038889755,321.60038299560546,310.8260621022354,0.06700440337172893,1.861527129602753,0.010420151612632544,0.031363523407765825,4.314418520710317
2021-06-11 04:00:00+00:00,330.71213944717647,331.5769257357881,330.0611478760552,331.56719970703125,21222800,63.461969201544186,2.3896163127306522,1.3296696096986507,1.0599467030320016,322.66434478759766,323.8669714355469,300.4181460571289,324.5607362303427,321.4395445729567,332.95177661961816,322.66434478759766,312.37691295557715,0.06376553218975885,2.5114314443101398,0.0026153391704832885,0.016805926017988027,4.1145156163547885
2021-06-14 04:00:00+00:00,331.99470959282837,334.7542032115764,330.8092906053181,334.7445068359375,27827700,67.04819762331103,2.893886489534509,1.6425129856658225,1.2513735038686866,323.54466705322267,324.25446655273436,300.67780075073244,325.5306191451612,321.961307798956,334.7611498447547,323.54466705322267,312.32818426169064,0.06933498792416773,3.168355068407805,0.009582694342847198,0.02350011047810141,4.102401115633611
2021-06-15 04:00:00+00:00,334.39457636584274,334.70551263059326,331.8391226851063,332.55816650390625,35963800,62.50217889287732,3.081582282600209,1.9303268450527,1.151255437547509,324.41186981201173,324.4723107910156,300.9309307861328,326.1999093698036,322.37687088542464,335.59982433663487,324.41186981201173,313.2239152873886,0.06897376801352101,2.8363628127800102,-0.006531370305959405,0.016331982609461226,4.01689990386201
2021-06-16 04:00:00+00:00,333.02463114817357,334.0934563139604,327.8846036301317,331.34368896484375,55399500,60.0658918954239,3.0966382451896948,2.163589125080099,0.9330491201095956,325.3247406005859,324.67033447265624,301.1708203125,326.68979314075983,322.72851081010776,335.6103222437571,325.3247406005859,315.03915895741477,0.06323270479941255,2.2611093357233725,-0.0036519251709556944,0.012379833468535217,4.173467959573916
2021-06-17 04:00:00+00:00,330.3330973709085,336.5614009161053,330.28452654871006,335.5508728027344,59722700,65.13579584278412,3.408760707275974,2.4126234415192744,0.9961372657566994,326.4299942016602,324.9369543457031,301.4203642272949,327.5337054895193,323.2313485353088,336.1046911666548,326.4299942016602,316.75529723666557,0.059275784314218545,4.64847973035673,0.012697341093274916,0.0146614394950082,4.3237112744182955
2021-06-18 04:00:00+00:00,333.8893783462485,335.0359226391547,332.1695322543703,332.917724609375,55414900,60.00144058188171,3.4044031142006475,2.6109793760555493,0.7934237381450981,327.1004348754883,325.0836749267578,301.63233139038084,328.0464692152199,323.6112064205663,336.6209206601238,327.1004348754883,317.57994909085284,0.058211391790166635,2.094753509497559,-0.007847239887548652,0.004073155919937399,4.256399079700135
2021-06-21 04:00:00+00:00,333.1093563944914,335.3078507278584,330.8914171304185,334.98681640625,32992600,62.50268160259576,3.52724818474195,2.79423313779283,0.7330150469491201,327.96275329589844,325.2323272705078,301.84088943481447,328.7074546619846,324.05730877294604,337.0502397032229,327.96275329589844,318.87526688857395,0.05541779556366556,2.424098558410071,0.006215024445762829,0.00072386421693027,4.267830116681546
2021-06-22 04:00:00+00:00,334.7825730099567,338.5569680150308,334.4810132768944,338.1094970703125,28941600,65.96212428307294,3.832400493156854,3.001866608865635,0.8305338842912189,328.71399383544923,325.451982421875,302.13940658569334,329.6028872723016,324.60837498068594,338.51996824349675,328.71399383544923,318.9080194274017,0.05966265259127536,3.329742014476198,0.009321801668384255,0.01669281083897567,4.254124732499752
2021-06-23 04:00:00+00:00,338.0511206875687,339.42274540269887,337.43826393326384,338.27484130859375,27188500,66.14025376412489,4.040995711143637,3.2096924293212354,0.8313032818224015,329.45115661621094,325.59857421875,302.45730056762693,330.42878765671037,325.1443148366823,339.7901115092662,329.45115661621094,319.1122017231557,0.06276472056887905,3.355711581675944,0.0004890257141960674,0.020918317066498826,4.092007356566557
2021-06-24 04:00:00+00:00,340.21062348972123,341.89351519306285,339.66586864290497,340.36627197265625,32581600,68.39340408702682,4.325211553581028,3.4327962541731942,0.8924152994078334,330.2365356445313,325.866474609375,302.8516665649414,331.3752147344195,325.7412543322107,341.3568374164841,330.2365356445313,319.11623387257845,0.06734749533542096,2.9222569414549207,0.006182637337059926,0.014350727595194623,4.058197822845311
2021-06-25 04:00:00+00:00,340.93048562980766,341.17368082800033,339.3448481876853,339.9479675292969,28682800,67.42696657122539,4.4652286078314205,3.63928272490484,0.8259458829265807,331.0617279052734,326.0269030761719,303.2055332946777,332.1916673815507,326.29838033993957,342.48855373363483,331.0617279052734,319.634902076912,0.06903139121916847,2.5276227050416233,-0.0012289832389531519,0.021117058060428295,3.8989574526645785
2021-06-28 04:00:00+00:00,341.2320954092753,344.2185400064888,341.1737309280916,344.08233642578125,39130300,71.6855837606098,4.853849988427157,3.8821961776093037,0.9716538108178536,332.0426284790039,326.2622436523437,303.6069039916992,333.3241120524298,326.9957903825216,344.3684464587827,332.0426284790039,319.71681049922506,0.07424238289065485,2.789539305097645,0.012161769715914206,0.027151874563627,3.925501382987961
2021-06-29 04:00:00+00:00,343.90723232121877,345.35666637054663,343.07065499224,345.3274841308594,29426000,72.83738694732143,5.202338921339731,4.146224726355389,1.0561141949843416,333.139714050293,326.5833123779297,304.0236543273926,334.4672903456136,327.71468033343683,346.078827212629,333.139714050293,320.20060088795697,0.07767979989550354,3.839724569447052,0.0036187492738288807,0.021348075469899808,3.8083949540821513
2021-06-30 04:00:00+00:00,345.1717907003328,345.5609267614072,344.1990099214737,344.7826843261719,32724000,71.46751460678081,5.3726258339731885,4.39150494787895,0.9811208860942386,334.17798309326173,326.9414855957031,304.41486877441406,335.4497088199525,328.384013823348,347.35283472064697,334.17798309326173,321.0031314658765,0.07884930961300599,4.055908052244215,-0.0015776323337213238,0.0192383299698049,3.6336465173572465
2021-07-01 04:00:00+00:00,344.43252436754494,345.4247501521042,343.0803447297176,344.9189147949219,29290000,71.6112929069485,5.45568238885437,4.604340436074034,0.8513419527803361,335.39164276123046,327.2464141845703,304.78787521362307,336.3515379604258,329.03244131242934,347.806711745911,335.39164276123046,322.9765737765499,0.07403326381342774,2.7918395544436088,0.0003951198100804465,0.013375716682736849,3.541557867716487
2021-07-02 04:00:00+00:00,346.81582294188183,349.19914793342,346.5823650343377,348.8781433105469,32727200,75.47868725897953,5.774418062570646,4.838355961373357,0.9360621011972894,336.5311996459961,327.710009765625,305.2022303771973,337.54454799377066,329.8107041358849,349.4927374887648,336.5311996459961,323.56966180322735,0.07703022992461464,4.794103023471892,0.011478722522303642,0.02626924304373257,3.5943203870580342
2021-07-06 04:00:00+00:00,349.48127669565827,350.6680705847408,346.7866545948441,350.3859558105469,38842400,76.77624513304684,6.078615749242147,5.086407918947115,0.9922078302950315,337.69756774902345,328.12175415039064,305.64490234375,338.767539214416,330.61757675057754,351.2254872574383,337.69756774902345,324.1696482406086,0.08011854866819063,4.596938939119864,0.0043218886849494265,0.018320090040789827,3.6148272158322254
2021-07-07 04:00:00+00:00,352.58447663983867,352.88603636745694,349.1700059141301,351.12530517578125,35265200,77.40754188568195,6.3066547323311966,5.330457281623932,0.9761974507072644,338.89312744140625,328.5053387451172,306.1079811096191,339.94446930597456,331.4218013947032,352.7266884106061,338.89312744140625,325.0595664722064,0.08163966660310401,3.8495837053527104,0.0021100998854934883,0.016789341455152762,3.6220560185104107
2021-07-08 04:00:00+00:00,346.05705282530545,349.8606295414184,344.77300465517175,349.00457763671875,50890000,71.41118832985623,6.244272197648627,5.513220264828871,0.7310519328197556,339.9787628173828,328.8752691650391,306.557356262207,340.80733676604547,332.111322031645,353.4020054628911,339.9787628173828,326.5555201718745,0.07896518320303736,3.171899005736793,-0.006039802622601731,0.012245085099902742,3.81707348294606
2021-07-09 04:00:00+00:00,348.4209302151484,351.66027738441346,347.8372557675837,351.1836242675781,35184500,73.66828151781303,6.2980642769527435,5.670189067253646,0.6278752096990976,341.00282897949216,329.3111279296875,306.9935549926758,341.7955546233343,332.85925545266196,354.56335376471503,341.00282897949216,327.4423041942693,0.07953320989039885,3.1781504766109436,0.006243604727521834,0.018162846987910264,3.817498349652038
2021-07-12 04:00:00+00:00,352.58448009365276,353.01250610225594,351.00854996002107,352.5552978515625,25717700,75.00598058254366,6.3778575107202755,5.811722755946972,0.5661347547733033,342.05223388671874,329.75071411132814,307.4769090270996,342.8202920736417,333.6316492722267,355.77697495050455,342.05223388671874,328.3274928229329,0.08024938710577864,3.708605882804438,0.003905858614122737,0.010539939550591182,3.6879596205508114
2021-07-13 04:00:00+00:00,352.17589901746976,355.522267982775,351.6992458343561,352.5552978515625,39723000,75.00598058254366,6.367691440188025,5.922916492795183,0.4447749473928422,342.9427734375,330.2336328125,307.9543055725098,343.7474354810627,334.37375313808303,356.96342142902046,342.9427734375,328.9221254459796,0.08176669157354699,2.4624807869522454,0.0,0.006191292787398606,3.6976069439699635
2021-07-14 04:00:00+00:00,354.89966586143754,355.54170485979586,352.3607217963523,353.1875915527344,35336400,75.66684903084548,6.337599669463486,6.0058531281288445,0.3317465413346419,343.97424468994143,330.7641790771484,308.40498062133787,344.64649796407906,335.11155072297134,357.8214857773738,343.97424468994143,330.12700360250903,0.08051324365819484,2.2761314355437947,0.0017934596502306999,0.005873363003332077,3.6607052382180756
2021-07-15 04:00:00+00:00,353.09997122571923,353.3042468731419,348.7029831874876,350.7069091796875,53391600,68.06310228147053,6.043910945610492,6.013464691625174,0.03044625398531764,344.9424057006836,331.36268127441406,308.8159356689453,345.2236799846132,335.72313340754846,357.7937211743591,344.9424057006836,332.09109022700807,0.07451281872735,1.7182489500868263,-0.00702369628032784,0.004877676833054956,3.7278879844635213
2021-07-16 04:00:00+00:00,351.56297977405853,352.5454978947028,347.5162080307777,347.8664245605469,47262000,60.55887839951652,5.5183450989496805,5.914440773090075,-0.3960956741403949,345.55818328857424,331.9259442138672,309.2187417602539,345.475369944226,336.1993409037445,357.71175809094643,345.55818328857424,333.40460848620205,0.07034169867841208,0.8545515015833499,-0.008099311832163725,-0.009445769898723366,3.82084526156792
2021-07-19 04:00:00+00:00,344.4130557565104,345.5123028914568,342.457786391463,345.0162048339844,64404600,54.111884170535845,4.816321906438873,5.694816999759835,-0.8784950933209625,346.16310729980466,332.3840093994141,309.5981433105469,345.4316399337268,336.5451002735578,356.85647707945526,346.16310729980466,335.46973752015407,0.06178226133375496,-1.1069591347615242,-0.008193431516603344,-0.0213841433202695,3.9342590406762024
2021-07-20 04:00:00+00:00,345.9500870663066,350.4735124557831,344.1698813388037,349.0240783691406,42183700,60.48259922945835,4.53113328369858,5.462080256547584,-0.9309469728490045,346.8649703979492,332.86995666503907,309.97622467041015,345.77377692757574,337.0344719635807,356.30069217609866,346.8649703979492,337.42924861979975,0.05440573470030195,-0.3886792318076284,0.011616479107364741,-0.010016072667013654,4.10349990326929
2021-07-21 04:00:00+00:00,348.59610057614583,351.7187194824219,348.3723502439064,351.7187194824219,30259900,64.09211834420859,4.47101518336666,5.2638672419114,-0.7928520585447396,347.54543151855466,333.5738146972656,310.4062355041504,346.33996193279916,337.61032480745683,356.29533720517986,347.54543151855466,338.79552583192947,0.05035258641377399,0.16900357162909363,0.0077205020521000645,-0.004158900554390499,4.0494191415011604
2021-07-22 04:00:00+00:00,351.9229550946191,354.05334775915543,351.9229550946191,354.04364013671875,30252200,66.90120445357189,4.558426123524953,5.122779018234111,-0.5643528947091578,348.33387145996096,334.3329138183594,310.8195373535156,347.07364557126766,338.2547685458593,356.41662308554316,348.33387145996096,340.25111983437876,0.046408071610752166,1.4438385118390036,0.006610170359195422,0.009514300601707326,3.9269340797320456
2021-07-23 04:00:00+00:00,355.36656660065574,358.46000254973995,354.01441666905237,358.17791748046875,31960800,71.21377435485938,4.904762504363816,5.079175715460052,-0.17441321109623598,349.2244537353516,335.3383264160156,311.2777279663086,348.1311952769059,339.03606850407925,357.52161269349205,349.2244537353516,340.9272947772111,0.0475176286734388,1.991634213434009,0.01167731001227268,0.029642104531784508,3.963980636943156
2021-07-26 04:00:00+00:00,357.4872106443237,358.84912752891137,356.62145115994775,358.4599914550781,28438100,71.48674680744881,5.142715569897405,5.091883686347523,0.05083188354988177,350.1500549316406,336.30176696777346,311.7142739868164,349.1148901510175,339.7977909727459,358.2286865364758,350.1500549316406,342.0714233268055,0.04614382600289658,1.6748276481727122,0.0007875247491346826,0.038965667214276634,3.8399589035160457
2021-07-27 04:00:00+00:00,358.19731473782406,358.19731473782406,350.35670457892274,354.5104675292969,57933100,62.54372563826275,4.955477851436626,5.064602519365344,-0.10912466792871811,350.6714614868164,337.0492150878906,312.1238557434082,349.6287546632346,340.3747586808459,358.4570910345545,350.6714614868164,342.8858319390783,0.044404124103670756,0.5545710671911577,-0.01101803275101676,0.01571922827156258,4.144482330133141
2021-07-28 04:00:00+00:00,355.6486244127511,357.4482746175824,353.3528465587035,355.8723449707031,42066200,64.20652756143807,4.860948747097382,5.023871764911752,-0.16292301781437057,351.1987045288086,337.8623797607422,312.5194207763672,350.22338231156493,340.9825071628011,358.8930079774448,351.1987045288086,343.5044010801724,0.043817379445971506,0.760149416961578,0.003841571874866334,0.011809509298776,4.140978453614981
2021-07-29 04:00:00+00:00,355.3082599435065,357.6721106466066,355.3082599435065,356.5047912597656,25672500,64.98394357108172,4.781943611519239,4.97548613423325,-0.1935425227140115,351.7848098754883,338.73075012207033,312.8754298400879,350.8216117352031,341.5912241862115,359.216234764514,351.7848098754883,344.3533849864626,0.04224983387802344,1.6531987047644772,0.0017771717808376941,0.00695154733494574,4.01404075714963
2021-07-30 04:00:00+00:00,352.57470051486854,355.2304029743744,352.5455182762769,354.646728515625,36484600,60.80550558245653,4.517328387684472,4.883854584923495,-0.3665261972390228,352.2712005615234,339.5547686767578,313.22219650268556,351.18590857143374,342.10320474814927,359.0895423608518,352.2712005615234,345.45285876219504,0.03871075346755501,1.9491113474499746,-0.005211887160267548,-0.00985875675888448,4.010128773316709
2021-08-02 04:00:00+00:00,356.31022933741633,356.8939038843749,353.96582352652837,354.67596435546875,27334100,60.84816352631453,4.260861445833484,4.759255957105493,-0.49839451127200896,352.5610916137695,340.25810974121094,313.58102447509765,351.5182948365799,342.5962541445148,359.26986556159585,352.5610916137695,345.8523176659432,0.03805736995604602,2.799798788040254,8.243651355854809e-05,-0.010556344333572776,3.9328396007831237
2021-08-03 04:00:00+00:00,355.3374214919236,356.94250410967845,352.14670118797335,356.8257751464844,35558500,63.95480791701866,4.182863859953443,4.643977537675084,-0.4611136777216407,352.8830825805664,341.03981628417966,313.9600942993164,352.0237691518089,343.15427457596456,359.75943314802504,352.8830825805664,346.00673201310775,0.03897240138106485,2.2352889845875876,0.006061337691496416,0.0065309993053905835,3.9944798379918365
2021-08-04 04:00:00+00:00,356.78684686281116,358.29467509894044,355.67789205269503,357.3413391113281,29602200,64.67864978890205,4.115214285761965,4.53822488729246,-0.4230106015304953,353.1938842773437,341.72494934082033,314.3494427490234,352.5302043860488,343.7106300479396,360.2829646355829,353.1938842773437,346.10480391910454,0.040142712961997506,1.5986125609635786,0.0014448618927040968,0.004127868212816299,3.8960729242956633
2021-08-05 04:00:00+00:00,358.15844650154094,359.84136806061525,357.44833548012485,359.60791015625,21443900,67.74527799505339,4.196124539927553,4.469804817819479,-0.27368027789192606,353.7240509033203,342.4464758300781,314.7729365539551,353.2042716022584,344.33405279728515,361.0622142491171,353.7240509033203,346.38588755752346,0.041490892841790354,1.5716339424661128,0.006342873876721278,0.008704283848525618,3.796355497509339
2021-08-06 04:00:00+00:00,358.34340159731715,359.31618278565287,356.92314937468626,358.0321044921875,33332100,63.610335095399755,4.085991386486114,4.393042131552806,-0.30705074506669217,354.0664749145508,343.1139440917969,315.18559646606445,353.6640652108231,344.87123129512446,361.536463945488,354.0664749145508,346.5964858836136,0.04219540431067348,-0.040709653265880386,-0.004382010571952644,0.009545769647254287,3.7169558749417964
2021-08-09 04:00:00+00:00,358.4892370994956,359.2188228366064,357.39001952592776,358.69354248046875,25960200,64.58739134665026,4.005905007368028,4.315614706715851,-0.309709699347823,354.3733871459961,343.81893249511717,315.6026293945313,354.1430630460274,345.41328271415756,362.07073573364977,354.3733871459961,346.67603855834244,0.043442023960351635,0.0651540007136036,0.001847426473722047,0.011327460918590493,3.5820878346372873
2021-08-10 04:00:00+00:00,359.20906212633037,359.50088450327837,355.66812562247975,356.85491943359375,35130800,59.78229250693736,3.7508371452613005,4.202659194424942,-0.4518220491636411,354.58836822509767,344.4667443847656,316.01051727294924,354.4013350829385,345.86197435021387,362.3107265815027,354.58836822509767,346.86600986869263,0.04355674945040937,0.6613209253414015,-0.005125888339556961,8.167651873636217e-05,3.5999929093630967
2021-08-11 04:00:00+00:00,358.1195857036136,358.6156837906482,354.90939082350536,356.2420959472656,34249800,58.22736863656854,3.45936686526818,4.054000728593589,-0.5946338633254094,354.74109344482423,345.1238708496094,316.4126287841797,354.57664564144585,346.2690379422551,362.46741512026745,354.74109344482423,347.014771769381,0.04356034199711319,0.10389989044890224,-0.001717290285085049,-0.003076171278688866,3.6075857706330763
2021-08-12 04:00:00+00:00,355.73617958847785,357.8860166414573,354.38400015424133,357.5260925292969,25969200,60.54302192871599,3.2940110528400055,3.9020027934428727,-0.6079917406028672,355.08205261230466,345.7940466308594,316.8418412780762,354.8575453450507,346.7104910633156,362.66673121195254,355.08205261230466,347.4973740126568,0.04272070944643988,0.2864761693446873,0.0036042808995300213,-0.00578913190771746,3.600045107531852
2021-08-13 04:00:00+00:00,357.8763573210079,359.1117782999788,357.38022959301173,358.7810363769531,19336200,62.718336619061056,3.2270296713735434,3.767008169029007,-0.5399784976554636,355.627783203125,346.5567529296875,317.26672164916994,355.23121115761285,347.1838457814975,362.60341941001633,355.627783203125,348.6521469962336,0.0392299844745654,1.1657538414726913,0.0035100762542341624,0.002091800917763731,3.466581078920083
2021-08-16 04:00:00+00:00,357.662274713453,358.9755048416667,353.80033434476707,358.9366149902344,34856900,62.990744026055516,3.1501869436900733,3.6436439239612204,-0.49345698027114704,356.3238037109375,347.2137451171875,317.74575408935544,355.58410676071964,347.644738691644,361.4609504641371,356.3238037109375,351.1866569577379,0.028834148601349335,1.2012797773055326,0.0004336310939181409,0.0006776606796004003,3.588623180204336
2021-08-17 04:00:00+00:00,356.18372836418797,357.1565092853994,353.3432246989245,355.7751770019531,44793900,54.30713988357844,2.801888477708303,3.475292834710637,-0.673404357002334,356.66135864257814,347.78807678222654,318.1859732055664,355.6023039265514,347.96357940969534,360.5776711526364,356.66135864257814,352.74504613251986,0.021960957727315447,-0.2944288831433093,-0.008807789053137616,-0.003025718220038609,3.7318208309975907
2021-08-18 04:00:00+00:00,355.24014330023795,356.64095025543173,352.02024070255584,352.3509826660156,38541900,46.78429974833407,2.223919607446021,3.225018189257714,-1.0010985818116929,356.69297180175784,348.2908142089844,318.64302337646484,355.2926542826908,348.135634439355,360.45640613059487,356.69297180175784,352.9295374729208,0.021101813752185006,-1.3965236873301625,-0.009624601594727666,-0.010922665584771285,3.7953128825603266
2021-08-19 04:00:00+00:00,350.41512328504285,355.72649847904336,350.16219076111844,354.0533142089844,48499400,50.45851304557872,1.8815497084466415,2.9563244930954995,-1.074774784648858,356.6934555053711,348.8260430908203,319.1056793212891,355.17462189471877,348.3677003126738,360.455529906381,356.6934555053711,352.9313811043612,0.021094159945714216,-1.544625629856737,0.004831351767740966,-0.009713356291689235,3.9216696565149403
2021-08-20 04:00:00+00:00,355.1233652624728,358.1195468253012,354.8120682739087,357.720703125,39486000,57.29863501895353,1.8844242628335905,2.741944447043118,-0.8575201842095272,356.6705947875977,349.3664111328125,319.56405364990235,355.41710582141224,348.73448473668657,360.40173876932363,356.6705947875977,352.93945080587173,0.0209220722776314,-0.08697582235793466,0.010358295682697305,-0.0029553770808530277,3.9319955822150745
2021-08-23 04:00:00+00:00,358.7615725928064,363.76168050891255,358.7518649712199,363.0710144042969,34034700,64.91032252493738,2.292006944387367,2.6519569465119677,-0.3599500021246005,356.9011459350586,349.9964874267578,319.98979965209963,356.14604949597265,349.2967015863968,361.5121660231992,356.9011459350586,352.290125846918,0.025839200241624456,1.2203932899256147,0.0149566721538823,0.011518466607746358,4.082637139479179
2021-08-24 04:00:00+00:00,363.6643894950472,364.7830815354516,363.1974439996376,364.1799621582031,21732900,66.2530576239669,2.6736814365785904,2.6563018445252924,0.017379592053297976,357.3846206665039,350.58519653320315,320.3848620605469,356.9111840352327,349.88035886372256,362.8416967575586,357.3846206665039,351.9275445754492,0.030538953136134122,2.0526668754450155,0.00305435496062878,0.023623866136686322,3.913310710313145
2021-08-25 04:00:00+00:00,364.4329104745258,365.1722334525729,363.6838501877411,364.5982666015625,20441900,66.76960779273026,2.9756138696849916,2.7201642495572322,0.2554496201277594,357.8209167480469,351.22599853515624,320.7809506225586,357.6432871367879,350.4575317161869,364.06336853878906,357.8209167480469,351.57846495730473,0.0348914862075415,2.3456438049740855,0.001148620151642632,0.034758761967625285,3.74010160706448
2021-08-26 04:00:00+00:00,363.7422217851957,364.4231505554869,361.8452872879175,362.2830505371094,29133300,61.18719019896656,2.993570889117507,2.774845577469287,0.21872531164821973,358.1098297119141,351.84478576660155,321.19462036132813,358.0851693653899,350.92127755230155,364.6113689056048,358.1098297119141,351.6082905182233,0.036310308482294336,1.3305205150649806,-0.00635004682285889,0.023244342018126973,3.669592871820234
2021-08-27 04:00:00+00:00,362.9154047521604,366.3104008483986,362.4290142656199,365.8045654296875,27104700,65.86238164892549,3.254443577948507,2.870765177565131,0.383678400383376,358.6677215576172,352.4498596191406,321.6509376525879,358.8203499429421,351.50493590043436,365.7718201081174,358.6677215576172,351.563623007117,0.03961381592772634,1.9576087754412714,0.00972034128385868,0.02259825118889669,3.695146974639449
2021-08-30 04:00:00+00:00,366.5924815961925,370.3960584101176,366.5730069789112,369.90966796875,27295700,70.3465212870604,3.749215903334459,3.0464553227189968,0.7027605806154624,359.4294067382813,353.1896984863281,322.0970735168457,359.8764754692095,352.22669009919184,367.8101588326595,359.4294067382813,351.04865464390303,0.046633647315789534,3.0571004796527013,0.011222119478581316,0.018835581175967953,3.759171689338779
2021-08-31 04:00:00+00:00,370.1529092840911,370.22098139230286,368.06140637622474,369.608154296875,29628200,69.62314011706754,4.070079558762643,3.2511801699277263,0.8188993888349168,360.06852569580076,353.88212524414064,322.5482887268066,360.8033020242252,352.9083161461598,369.4476895380172,360.06852569580076,350.68936185358433,0.05209654925596187,3.8881232275645625,-0.0008151008151008332,0.014905246588811094,3.6449147841058753
2021-09-01 04:00:00+00:00,370.6684478607396,372.292975362787,370.01667158597905,370.220947265625,28138300,70.29178056395686,4.323969559140778,3.465738047770337,0.8582315113704411,360.71250610351564,354.52435424804685,322.9903144836426,361.70022061864427,353.5872428567271,370.98074328085244,360.71250610351564,350.44426892617884,0.05693308107476633,5.071637508826774,0.001657953055488548,0.015421578156341154,3.576336661377741
2021-09-02 04:00:00+00:00,371.5731411382523,371.9038830992487,368.82989173085343,370.0458679199219,25453400,69.8189247350646,4.459643776199812,3.6645191934562322,0.7951245827435796,361.2344039916992,355.15977478027344,323.420470123291,362.4950441711469,354.2326791337151,372.25826389760914,361.2344039916992,350.21054408578925,0.06103438534145414,4.5169902579976124,-0.0004729050233278631,0.021427492595371467,3.540454854736134
2021-09-03 04:00:00+00:00,368.8980405668848,371.5829258345582,368.87859563267074,371.18408203125,24605400,71.17644248999957,4.605916795298469,3.8527987138246798,0.7531180814737897,361.89200286865236,355.7761309814453,323.8608213806152,363.3225715863948,354.89744003165765,373.6199189791334,361.89200286865236,350.1640867581713,0.06481445302751078,3.7636566149612616,0.0030758730471067697,0.014705985408475009,3.480731665246942
2021-09-07 04:00:00+00:00,371.291000895279,372.361065805682,370.1333892676953,371.7092895507813,23970200,71.80660113517061,4.709925979394768,4.024224166938698,0.6857018124560703,362.542790222168,356.411357421875,324.3142601013184,364.1213066306221,355.55672824809386,374.9153289012494,362.542790222168,350.1702515430866,0.06825422550259212,2.3792246705944144,0.0014149516236181547,0.004865029865030124,3.391227727585498
2021-09-08 04:00:00+00:00,371.534158274516,371.534158274516,368.1489001406612,370.41546630859375,32949200,67.87010752789043,4.634529315370969,4.146285196625152,0.48824411874581664,363.22081756591797,356.9380200195312,324.75023544311523,364.7207504094765,356.13942385830956,375.7574143920399,363.22081756591797,350.68422073979605,0.0690301668837952,1.7122040744465412,-0.0034807395955887,0.0021842375562697303,3.403310704909397
2021-09-09 04:00:00+00:00,370.63923459363065,371.74818930579295,368.8979485906355,369.1411437988281,29399000,64.1404717747725,4.420987349155951,4.201225627131312,0.2197617220246384,363.8657699584961,357.41429321289064,325.18952575683596,365.14174025608145,356.649295228526,376.22586490475976,363.8657699584961,351.5056750122325,0.0679376625488761,1.245995281220066,-0.0034402518946224925,-0.0029166460589874488,3.3638057056414
2021-09-10 04:00:00+00:00,370.8532868841385,371.57313527689786,366.00882713601777,366.3395690917969,40249400,56.75618409767053,3.979813326641363,4.156943167033322,-0.17712984039195945,364.3064437866211,357.8454309082031,325.61475982666013,365.25581919281626,357.0293059682621,376.35554366331735,364.3064437866211,352.2573439099249,0.06614815676306589,1.1197097266000808,-0.007589440391824853,-0.010015782229804704,3.5209844510155923
2021-09-13 04:00:00+00:00,368.6741788098618,369.1022047285925,364.03402517028945,366.0865783691406,48741800,56.12777658656902,3.5686285695688866,4.039280247540435,-0.4706516779715484,364.67172088623045,358.2687841796875,326.0189680480957,365.33493911437097,357.38449312123777,376.46895991993745,364.67172088623045,352.87448185252345,0.06470059704677501,0.0770938818442198,-0.0006905907633276698,-0.013733087998316185,3.631498387250409
2021-09-14 04:00:00+00:00,367.5749522725162,368.30453789918135,364.0924099434775,365.0457458496094,41826600,53.503144543011224,3.122777763243846,3.8559797506811173,-0.7332019874372713,364.97717742919923,358.5921362304687,326.4092057800293,365.3073968986794,357.6849344047033,376.47723503891757,364.97717742919923,353.4771198194809,0.06301795466073601,-1.314894564894565,-0.002843132146958194,-0.017926761284941195,3.672971927854227
2021-09-15 04:00:00+00:00,365.5029974158369,368.11004323972287,363.2072189342207,367.75982666015625,34097900,58.90020023050045,2.9543851133947214,3.675660823223838,-0.7212757098291167,365.5764099121094,358.93961364746093,326.79979125976564,365.54096163786767,358.08002821864267,376.32016492273976,365.5764099121094,354.83265490147903,0.0587770694132772,-0.500077613340247,0.007434906012204312,-0.007169354117155247,3.760818526257652
2021-09-16 04:00:00+00:00,366.4270882738112,368.5866629766989,364.5010011650978,368.0127258300781,35193100,59.3734092441516,2.8089596364594627,3.5023205858709634,-0.6933609494115007,366.3594970703125,359.27736206054686,327.1886871337891,365.7763677514115,358.4695457720323,375.2578177894799,366.3594970703125,357.4611763511451,0.04857698948887676,-0.5964604250127767,0.000687674812712924,-0.003056874010676447,3.7840216180678974
2021-09-17 04:00:00+00:00,367.536109825172,367.5847369984565,362.6138405372607,363.6546936035156,60912300,48.92060457564183,2.3153620665256085,3.2649288820018927,-0.9495668154762842,366.8395660400391,359.5703643798828,327.53719421386717,365.57430354685,358.67288490267873,373.8704274235324,366.8395660400391,359.80870465654573,0.03833207774935572,-1.7271303020709055,-0.011842069365217367,-0.007328925714842671,3.8993690234071474
2021-09-20 04:00:00+00:00,357.8543837928454,359.59760052316324,351.4950827977084,356.1404113769531,76203200,36.86818265301273,1.3028245099966398,2.8725080076008425,-1.5696834976042027,366.7605514526367,359.6695001220703,327.8462406921387,364.67583762590743,358.57357221539536,374.2218977455037,366.7605514526367,359.2992051597697,0.040687834410296775,-4.052886797292764,-0.020663234542918185,-0.027168892769836472,4.489386293578582
2021-09-21 04:00:00+00:00,357.9711944533956,359.16905211173173,355.4489023902439,356.5785827636719,41927500,37.83002610129258,0.5296326944487078,2.403932944970416,-1.8743002505217081,366.4359298706055,359.7499658203125,328.1553958129883,363.9046704961707,358.49533733493564,374.99526000598377,366.4359298706055,357.8765997352272,0.04671665324085831,-4.070575369637712,0.0012303332413883261,-0.023194800055075238,4.434440824143527
2021-09-22 04:00:00+00:00,357.49402829718525,361.36999924263114,356.39356246705603,359.9092102050781,46972900,44.72385601839061,0.18351100871052495,1.9598485577184377,-1.7763375490079127,366.2223922729492,359.8970440673828,328.47519775390623,363.5241504684476,358.55078332984317,375.1991107712947,366.2223922729492,357.2456737746037,0.049023318550412844,-2.836343797470607,0.00934051455247853,-0.021347128984626207,4.473154820674354
2021-09-23 04:00:00+00:00,361.0681637418522,364.2624217662408,360.4254128947708,363.2301330566406,44652000,50.605223525602725,0.1751586788840882,1.6029105819515679,-1.4277519030674797,366.15398559570315,360.09789489746095,328.80322555541994,363.4961488101803,358.734287240698,375.19975384990886,366.15398559570315,357.10821734149744,0.04940963971477177,-1.601287432053047,0.009227112720094688,-0.012995726608774238,4.4645874449949465
2021-09-24 04:00:00+00:00,360.9609867483435,363.9897049876901,360.5909154149349,363.5709228515625,36056800,51.17928341903207,0.19380423113477718,1.3210893117882099,-1.1272850806534327,366.21837921142577,360.35517517089846,329.12792053222654,363.50327014745477,358.9239592254378,375.1708622267839,366.21837921142577,357.2658961960676,0.04889150039184512,-0.7557595394617641,0.000938220053644967,-0.0002303579561232505,4.388459025549252
2021-09-27 04:00:00+00:00,360.52281129124447,361.54535191377386,358.1173770540281,360.66888427734375,43338100,46.24994448755113,-0.02529767807806138,1.0518119138149558,-1.0771095918930171,365.9615951538086,360.61122436523436,329.47191177368165,363.23332863601564,358.99238765884587,375.23566278170415,365.9615951538086,356.6875275259131,0.05068328344124618,-1.4798942140768636,-0.007982042544704804,0.012715414358292376,4.464536652119619
2021-09-28 04:00:00+00:00,356.11117076204636,360.6201147040076,349.9563723787848,350.4627685546875,97701600,33.88809135499622,-1.010833503022809,0.6392828304474029,-1.650116333470212,364.98925018310547,360.72015563964845,329.7590115356445,362.0170848187463,358.6578927920161,376.26541002580365,364.98925018310547,353.7130903404073,0.0617889970021924,-3.9948355680687024,-0.028297743907423012,-0.017151378418702512,4.9108205982938555
2021-09-29 04:00:00+00:00,351.7287613395752,353.8712338755902,349.264898605271,349.8881530761719,58076600,33.34766158446013,-1.8172957572853647,0.14796711290084935,-1.965262870186214,364.0032501220703,360.73743713378906,330.0464837646484,360.86194846231064,358.31398143061045,376.83308909381105,364.0032501220703,351.17341115032957,0.07049299129850181,-4.85960463552737,-0.0016395906500578095,-0.02784329171014044,4.889071646295664
2021-09-30 04:00:00+00:00,351.53404863767764,353.1993399840683,347.76521730224164,348.60272216796875,61384600,32.1138724670497,-2.530970977578079,-0.3878205051949363,-2.1431504723831427,362.9223388671875,360.6751171875,330.3169218444824,359.6944031009447,357.93314773403625,377.051549467086,362.9223388671875,348.793128267289,0.0778635486809707,-5.274275126852956,-0.0036738337577360003,-0.04027036734419531,4.928003863119305
2021-10-01 04:00:00+00:00,349.22590299623664,351.8066238430933,345.11621612545656,350.76458740234375,56375500,36.37723856373538,-2.8888187699076866,-0.8880201581374865,-2.0007986117702004,361.9582748413086,360.6095361328125,330.58242813110354,358.84394446298273,357.65202772102873,376.6324073640664,361.9582748413086,347.2841423185508,0.08108190110692354,-3.5446005311911803,0.006201515642018762,-0.03522376142947847,5.053889852727693
2021-10-04 04:00:00+00:00,349.1480780221825,349.4791866675768,341.1624483936474,343.4023132324219,76766000,29.567196538059378,-3.7235667601322575,-1.4551294785364408,-2.2684372815958165,360.5691864013672,360.31402404785155,330.802938079834,357.37331291721506,357.0932153881422,376.6767478898247,360.5691864013672,344.46162491290966,0.08934519141370781,-3.576706753182453,-0.02098921736782111,-0.04787374735560601,5.378764792439738
2021-10-05 04:00:00+00:00,344.46379528915065,350.28748511975874,344.2398266509391,348.0378723144531,47232900,37.500781358594644,-3.965349597665977,-1.957173502362348,-2.0081760953036287,359.38561553955077,360.10558166503904,331.03684173583986,356.4842233359996,356.7381038950564,375.5236626357063,359.38561553955077,343.24756844339527,0.0898090875002174,-2.3951832392803136,0.01349891629557498,-0.006919126531570452,5.486365299218105
2021-10-06 04:00:00+00:00,344.8240754097406,350.54065425887137,343.91839342621887,350.2679748535156,56806500,40.947007701292236,-3.931691508883546,-2.3520771036665877,-1.579614405216958,358.37824096679685,360.02073181152343,331.2864488220215,355.89219967100115,356.48437334440774,374.1475815584913,358.37824096679685,342.6089003751024,0.08800389526525669,-2.678796507060454,0.006407643295346821,0.0010855519799810587,5.567500694463419
2021-10-07 04:00:00+00:00,353.3161508089224,356.1306185203988,352.7805400687299,353.4817199707031,39411200,45.602044005303064,-3.6041484783081614,-2.6024913785949026,-1.0016570997132588,357.59526977539065,359.9729193115234,331.554934387207,355.66263017573465,356.36662223171345,372.6898746145131,357.59526977539065,342.5006649362682,0.08442284400799552,-2.6838117762706024,0.009175104057205008,0.013995868340877404,5.588582335350544
2021-10-08 04:00:00+00:00,354.56276943415554,354.79651593402605,351.18347563024247,351.7191162109375,41822300,43.57328968056078,-3.4470600964049822,-2.771405122156919,-0.6756549742480633,356.86424713134767,359.87720581054685,331.8105310058594,355.28705741718255,356.1843670936438,371.6061194975184,356.86424713134767,342.1223747651769,0.08261893694688249,-3.2598334728390297,-0.004986407104479729,0.002721280433873652,5.447472190238618
2021-10-11 04:00:00+00:00,350.18038033681086,353.7057766351292,348.93384138552597,349.0215148925781,34847200,40.5965424861321,-3.499895684738533,-2.9171032346732417,-0.5827924500652912,356.01099395751953,359.76470153808594,332.0602087402344,354.69033908150595,355.9034709288961,370.4920867356136,356.01099395751953,341.52990117942545,0.08135194150673905,-3.2293801579537265,-0.007669760311638907,0.01636331918461198,5.399219551621806
2021-10-12 04:00:00+00:00,350.4725032589448,350.9107221290782,347.16138745423643,347.80413818359375,43905100,39.29200169214064,-3.5985189095371766,-3.053386369646029,-0.5451325398911475,355.14891357421874,359.62726501464846,332.2972010803223,354.0345104245619,355.5858500369235,369.42737517507607,355.14891357421874,340.8704519733614,0.08040830792446406,-0.7586056521946603,-0.0034879703887568114,-0.000671576714640354,5.281370631851801
2021-10-13 04:00:00+00:00,350.1121739119291,351.26132077765135,348.08652988167273,350.58935546875,40120800,43.74591214148401,-3.412596479899321,-3.125228391696688,-0.28736808820263304,354.29039001464844,359.5025366210937,332.53298080444335,353.7064004287703,355.38990907346573,367.4538661182094,354.29039001464844,341.12691391108746,0.07430896504427753,0.20040758351297216,0.00800800502174015,0.0009175278309949686,5.151071486295073
2021-10-14 04:00:00+00:00,354.18290221670367,357.2603012668511,353.52068500485416,357.0460510253906,43433900,52.45438406844349,-2.7129767372897504,-3.0427780608153006,0.32980132352555014,353.74205627441404,359.496630859375,332.79968505859375,354.02446239035316,355.4548558166785,365.4010724010536,353.74205627441404,342.08304014777445,0.0659181791921012,2.4220490318929837,0.018416690227254007,0.010083494713624575,5.259633937138362
2021-10-15 04:00:00+00:00,358.2634571010501,359.41260424079195,357.2311683524908,359.2957458496094,40419900,55.06458879992319,-1.9544616625179287,-2.8251147811558264,0.8706531186378976,353.52410888671875,359.4903875732422,333.0775897216797,354.5264893864728,355.60547895522484,364.58120030362835,353.52410888671875,342.46701746980915,0.06255353532594674,2.4321607008406407,0.006300853399044515,0.021541705552699852,5.052985314157145
2021-10-18 04:00:00+00:00,358.0004920273736,363.12300272947454,357.39670386640887,362.90875244140625,34513500,58.961212304602476,-1.0496933525958525,-2.4700304954438317,1.4203371428479792,353.8625259399414,359.5879205322266,333.3698226928711,355.3248001536093,355.8918818370359,365.6118435958683,353.8625259399414,342.1132082840145,0.06640611420900243,5.680345896733086,0.010055801198684877,0.03978905871491145,5.101079139079182
2021-10-19 04:00:00+00:00,363.9799290049962,365.70364934087826,362.9573885840173,365.6549682617187,29091000,61.681172401303456,-0.10979562721780667,-1.9979835217986268,1.8881878945808201,354.31634521484375,359.7271490478516,333.6972822570801,356.308625687715,356.2747479713372,367.1053875515994,354.31634521484375,341.5273028780881,0.07218996532040237,5.0618330212490426,0.007567235019375396,0.05132437518239685,4.936351836250099
2021-10-20 04:00:00+00:00,366.1126920790637,366.7262282342256,363.697510154571,365.17779541015625,31390300,60.925569954032326,0.5897776409989319,-1.4804312892391152,2.070208930238047,354.5797744750977,359.8936065673828,334.00998275756837,357.15330851842367,356.623887086585,368.0192765603667,354.5797744750977,341.1402723898287,0.07580523793363099,4.256689628241352,-0.001304981178926301,0.04161118902740513,4.800092282207563
2021-10-21 04:00:00+00:00,364.37923997088194,367.60271223649335,364.0773459317339,367.4079284667969,25469300,63.194854751236555,1.3090575947925345,-0.9225335124327853,2.2315911072253196,354.78866424560545,360.11692321777343,334.3547952270508,358.1299389896973,357.04679067012273,368.8738423702922,354.78866424560545,340.7034861209187,0.07940038419568095,3.9397252274454155,0.006106978805038743,0.029021123218274658,4.709040426675557
2021-10-22 04:00:00+00:00,366.1516918456804,367.11580320435655,362.65553993752417,364.3208312988281,36275800,58.15959442761365,1.6114138233137396,-0.4157440452834803,2.02715786859722,354.82615966796874,360.25281799316406,334.64807205200196,358.71954778104305,357.3320471653661,369.008312102599,354.82615966796874,340.64400723333847,0.07993859555282691,3.5828917187239155,-0.008402369488462846,0.013985930830703763,4.7121367197182105
2021-10-25 04:00:00+00:00,365.7426779141766,368.9661505386288,363.79495887971206,368.05072021484375,32597800,62.08989264730107,2.127479912198396,0.09290074621289497,2.0345791659855013,355.19525146484375,360.4382116699219,334.94034759521486,359.60823086997647,357.75238728495344,370.3193662098594,355.19525146484375,340.0711367198281,0.08515944220899933,5.45215825108158,0.010237923817637107,0.0141687620892188,4.744926358232393
2021-10-26 04:00:00+00:00,370.2905941844222,372.7057466311138,368.03123309830306,369.2095947265625,47191300,63.24512609039317,2.6000062401830633,0.5943218450069286,2.0056843951761345,356.1325927734375,360.64367126464845,335.26078521728516,360.5226464753656,358.2016895375656,372.25789886100347,356.1325927734375,340.0072866858716,0.0905578788056866,6.154457119101197,0.0031486815486796438,0.009721258490598572,4.7398968707022755
2021-10-27 04:00:00+00:00,369.6575553115604,373.1342406653701,369.39462396036834,370.0665893554687,45760500,64.11597392158616,3.008953718372311,1.0772482196800053,1.9317054986923057,357.14151458740236,360.92949951171875,335.5879342651367,361.4315934163278,358.666979726503,374.0821890200798,357.14151458740236,340.2008401547249,0.09486813344703779,5.555569096123002,0.0023211602329589187,0.013387434851622082,4.681664661281228
2021-10-28 04:00:00+00:00,371.96558899795286,374.4294519539126,371.1962317932567,374.1762390136719,38007000,68.02805444897037,3.6228993937518794,1.5863784544943802,2.036520939257499,358.4201904296875,361.3660046386719,335.925344543457,362.64536918750343,359.2751859730586,376.41742840263083,358.4201904296875,340.4229524567442,0.1004253580210844,4.797753101899752,0.011105162628598286,0.01842178685451712,4.658893085364275
2021-10-29 04:00:00+00:00,371.09886752905,376.1824148809479,370.7482924040099,376.016845703125,37310100,69.62525741266325,4.209453383663742,2.1109934403282526,2.09845994333549,359.68280334472655,361.8052752685547,336.2801583862305,363.9188431413722,359.9317216487475,378.85910676801035,359.68280334472655,340.50649992144275,0.10662896999779486,4.653854115076159,0.004919090250906866,0.03210361143116569,4.714266613333827
2021-11-01 04:00:00+00:00,376.455084729412,377.4289441227973,374.3710410818793,377.3023376464844,30765300,70.72521954896781,4.723579617581663,2.633510675778935,2.0900689418027283,361.3778045654297,362.19690795898435,336.6534815979004,365.19346166566856,360.6129222761097,380.49107803105835,361.3778045654297,342.26453109980105,0.10578000764940768,3.9661719669883286,0.0034187083851404676,0.025136800238402257,4.595954929589839
2021-11-02 04:00:00+00:00,376.68885147442035,379.3572467759779,376.6401703862213,378.8800354003906,25135300,72.06240980636306,5.198411335434855,3.146490807710119,2.0519205277247363,362.91991271972654,362.5130883789063,337.0126159667969,366.4969448784992,361.3292796535325,382.4514177995107,362.91991271972654,343.3884076399424,0.10763534540397522,3.6168159293834754,0.004181521280115952,0.026192278889691556,4.461749319601749
2021-11-03 04:00:00+00:00,379.3669846057808,383.32085209281854,378.32497745020856,382.902099609375,33748900,75.17548878436901,5.832037759706736,3.6836001981094424,2.148437561597294,364.5516189575195,362.88753112792966,337.3561488342285,368.05934056715404,362.17527259297736,385.01312139307646,364.5516189575195,344.09011652196256,0.11225572111883168,4.85360950802372,0.01061566678944681,0.03468432607294125,4.499901128388051
2021-11-04 04:00:00+00:00,384.16804775184016,388.76466508058655,383.62268889248287,387.8102722167969,40265300,78.34641741989782,6.65354188689696,4.277588535866946,2.375953351030014,366.2680465698242,363.35177124023437,337.71165557861326,369.9403816766438,363.18056669587224,388.4169301646823,366.2680465698242,344.1191629749661,0.12094357562603102,5.553049395297354,0.01281834863906206,0.03643746390488145,4.597234295732586
2021-11-05 04:00:00+00:00,389.5827187862258,390.5078673750393,386.7779989872118,388.1803588867187,43383800,78.5687086863417,7.250869220764571,4.872244672846471,2.3786245479180996,368.09110870361326,363.8697174072266,338.0735736083984,371.6775223633176,364.16095070335643,391.133991197369,368.09110870361326,345.0482262098575,0.12520205975586268,6.549042914408643,0.000954298264990161,0.032348319822876004,4.535279588025083
2021-11-08 05:00:00+00:00,388.15115779710675,389.17369830448143,387.01172919418167,387.6544799804687,29256300,77.35353103280848,7.594279279327338,5.416651594142645,2.177627685184693,370.0227569580078,364.3067156982422,338.419810333252,373.19913737447484,365.08226557696867,392.8232962328991,370.0227569580078,347.22221768311647,0.12323857841791526,5.326374515496549,-0.001354728270534289,0.02743725999302926,4.365757411044703
2021-11-09 05:00:00+00:00,388.7257311225047,389.1250170525933,383.6227172527673,384.9861145019531,50490700,71.32545200239318,7.563927186988337,5.846106712711784,1.7178204742765537,371.8818557739258,364.6082446289063,338.7503758239746,374.3217066247109,365.8628086720661,393.1441841352675,371.8818557739258,350.6195274125841,0.1143499099577877,4.273052488539674,-0.006883360353916235,0.016116127879659103,4.4469390102433675
2021-11-10 05:00:00+00:00,382.2105570739352,385.0249949702203,377.39968979948407,379.3279418945313,54937400,60.55014729648437,7.002584260637946,6.0774022222970165,0.925182038340929,373.3187850952148,364.8026403808594,339.0970962524414,374.79849093612233,366.39085311216274,392.4039172588104,373.3187850952148,354.23365293161925,0.10224576381136523,2.502617854584703,-0.014697082295400898,-0.009334390483859867,4.673965164564286
2021-11-11 05:00:00+00:00,382.30801316111234,382.48330073015137,380.03890398916815,380.3797607421875,32243000,61.708230864836324,6.5668899186022145,6.1752997615580565,0.391590157044158,374.4854705810547,365.0058166503906,339.4399052429199,375.33004044146185,366.9394377251049,392.25647928079997,374.4854705810547,356.71446188130943,0.09490893557056633,1.6579143947964468,0.00277284832328184,-0.0191601718854304,4.565493283925412
2021-11-12 05:00:00+00:00,381.5288632455621,384.91790445067977,379.931749380963,384.3822937011719,34730600,65.82013945522155,6.469987978765516,6.234237404999549,0.23575057376596753,375.7397979736328,365.2925451660156,339.8355271911621,376.19215979952946,367.6234712927938,392.5611913602134,375.7397979736328,358.9184045870522,0.08953745904638527,2.224753516668669,0.010522465630596889,-0.009784279648871186,4.595540554339079
2021-11-15 05:00:00+00:00,385.5607128988306,385.882073452676,381.85031063254206,384.294677734375,33716900,65.65393914425022,6.313346290900995,6.250059182179839,0.0632871087211564,376.80909423828126,365.5547570800781,340.1925732421875,376.96382817427667,368.2772440944244,392.9365783915481,376.80909423828126,360.6816100850144,0.08560029149969699,1.8532458959854468,-0.00022793965339362732,-0.008667002239373,4.555270716181571
2021-11-16 05:00:00+00:00,383.5641921550003,387.5278064581528,383.3694381357708,387.0311584472656,27872900,68.34263464077142,6.336969113221755,6.267441168388222,0.06952794483353308,377.8779037475586,365.8611944580078,340.5377798461914,377.92262153360895,369.0126917161045,393.73796503759473,377.8779037475586,362.0178424575225,0.08394278222010804,2.151373069383586,0.00712078743589073,0.005311994038948997,4.526920545195886
2021-11-17 05:00:00+00:00,387.3526066729907,389.2711110299696,386.2716369198881,387.2357482910156,28703300,68.54091837416468,6.299581407553148,6.2738692162212075,0.025712191331940915,378.9808013916016,366.1976000976563,340.89031677246095,378.8095859866953,369.7273213857089,394.2100926362496,378.9808013916016,363.75151014695354,0.08036972421149947,1.1317902633758552,0.0005286133668689352,0.020846886092780847,4.417817228401998
2021-11-18 05:00:00+00:00,389.2808006923199,391.7543819923216,387.0604026086429,391.24798583984375,45721500,72.21620441227743,6.518563477861164,6.322808068549199,0.1957554093119649,380.1728042602539,366.6397369384766,341.24418579101564,379.99419549651896,370.5712690113612,395.32398618674125,380.1728042602539,365.0216223337665,0.07970681625146107,0.8864421262996087,0.010361227150476937,0.028572038313632753,4.437543096636049
2021-11-19 05:00:00+00:00,392.88408448146737,394.7051967758908,392.0562980604122,393.429443359375,45191700,73.99507945185354,6.789864406550976,6.416219336149555,0.3736450704014205,381.62823486328125,367.1815344238281,341.60352767944335,381.27374291202904,371.467668005401,395.98009493421006,381.62823486328125,367.27637479235244,0.07521382727916019,1.352228249700838,0.005575638977025177,0.02353685330062727,4.367519370879691
2021-11-22 05:00:00+00:00,394.96808523529046,398.0259876872421,388.7548587470166,388.8619689941406,61715400,64.66027066798682,6.560687812639117,6.445113031447468,0.11557478119164877,382.6687973022461,367.6370422363281,341.92926040649417,381.9964311103254,372.1497974559398,395.9066373008059,382.6687973022461,369.4309573036863,0.06918693184228492,0.3114858916973613,-0.01160938623767982,0.011884867328093796,4.717777197261533
2021-11-23 05:00:00+00:00,387.70316712665146,389.7677741026922,382.6488639787672,387.0896606445313,70098700,61.422274515684606,6.164987105045441,6.389087846167063,-0.22410074112162182,383.5628005981445,368.0779205322266,342.2464709472656,382.48150058977353,372.7356744437277,395.3832159884232,383.5628005981445,371.7423852078658,0.06163483722532752,0.5463953278677302,-0.004557679821952543,0.00015115629837247901,4.88928669202321
2021-11-24 05:00:00+00:00,384.6062532923201,388.61854892696687,382.2787449768081,388.3361511230469,46954400,62.832024447331875,5.884144057723461,6.288099088478343,-0.40395503075488204,384.4762786865234,368.48944702148435,342.5736018371582,383.0390863548472,373.3474578429167,394.6993840167192,384.4762786865234,374.25317335632764,0.05317938139185447,2.3747813523898587,0.0032201595786363058,0.002841687103754431,4.9928950676043184
2021-11-26 05:00:00+00:00,385.75537770202624,387.1480190326592,379.58111355217954,380.9737548828125,51533300,50.98160167322742,5.009740898261953,6.0324274504350655,-1.0226865521731128,384.81615447998047,368.74866760253906,342.85504165649417,382.8423881194153,373.6465283150695,394.0511526672577,384.81615447998047,375.5811562927032,0.047996936094104097,0.15615818766645562,-0.018958822707962453,-0.02626015041323937,5.261619532123105
2021-11-29 05:00:00+00:00,385.5411981091676,390.25467386735625,384.8108035857325,389.2418518066406,54447100,60.0859632899104,4.927139420832418,5.8113698445145365,-0.8842304236821183,385.47740478515624,369.2604107666016,343.1687481689453,383.451860851532,374.2581096284644,393.9607989189914,385.47740478515624,376.9940106513211,0.04401500076801289,1.264251289693039,0.02170253677020706,-0.010643818411194106,5.548712350153151
2021-11-30 05:00:00+00:00,388.35563316100234,390.7026377775423,381.50940307069664,383.5252990722656,81332700,52.785973445012665,4.350252125849579,5.5191463007815456,-1.1688941749319666,385.78855285644534,369.8081085205078,343.4582875061035,383.4588549677923,374.621528822339,393.4681701867179,385.78855285644534,378.1089355261728,0.0398125723192735,-0.20020539098935183,-0.014686377397091332,-0.013723815511399118,5.809035375631187
2021-12-01 05:00:00+00:00,387.86876396554305,390.0112667727784,376.5330547377322,377.00048828125,77766500,45.92732187078096,3.328201650715414,5.08095737076832,-1.7527557200529058,385.69457550048827,370.2165466308594,343.72301483154297,382.84377242621684,374.7148213501394,393.74700919926096,385.69457550048827,377.6421418017156,0.04175549364843216,-2.5916957710220996,-0.017012725905693582,-0.026064174244494476,6.356833708446547
2021-12-02 05:00:00+00:00,375.714921438076,381.49964829455416,374.29309512340205,379.7174987792969,84416600,48.90453962339533,2.7062632082098617,4.606018538256628,-1.8997553300467667,385.53534545898435,370.61271240234373,344.0084112548828,382.54603207889113,374.9110047787338,393.9213919979902,385.53534545898435,377.1492989199785,0.04350338633165877,-1.9415174205633077,0.007206915063780794,-0.02219379349263606,6.417527955782658
2021-12-03 05:00:00+00:00,381.0809709653135,382.0840450941537,368.99537061074653,373.11480712890625,105349100,42.745196223094325,1.661438448287356,4.017102520262774,-2.3556640719754176,384.80057220458986,370.8104058837891,344.26782958984376,381.6478201788926,374.84056565521115,394.69931483908545,384.80057220458986,374.90182957009426,0.05144868978642085,-4.634702124283974,-0.017388431324910636,-0.02062858045516458,6.894038422041549
2021-12-06 05:00:00+00:00,373.60178778768574,377.4680118439272,369.3849587979642,376.1046142578125,67588800,46.05816828338166,1.0624129122119257,3.4261645986526044,-2.3637516864406787,384.19678497314453,371.0610797119141,344.5838282775879,381.1198958054564,374.8901361886465,394.65461529207965,384.19678497314453,373.7389546542094,0.05443996789127805,-4.403541573714215,0.008013102326098087,-0.03375083508582777,6.978968038035936
2021-12-07 05:00:00+00:00,382.7559073184568,388.0439560165367,382.7169446261442,387.430419921875,56005300,56.35974570856516,1.4844667142750723,3.037825021777098,-1.5533583075020259,384.18558197021486,371.5963104248047,344.9611141967773,381.72089810225816,375.38191202132214,394.62904217237656,384.18558197021486,373.74212176805315,0.0543667471777812,-0.36813810205420106,0.030113445128590932,0.010182172751199703,7.333280446656526
2021-12-08 05:00:00+00:00,387.7616102364316,389.3684723018924,385.8625725191767,389.1639404296875,39204000,57.691577672601646,1.9365051841583067,2.81756105425334,-0.8810558700950333,384.39447326660155,372.3703338623047,345.3342094421387,382.4297592762991,375.922383723611,395.0584293253369,384.39447326660155,373.7305172078662,0.05548444007590715,0.5358654585871326,0.004474404741274807,0.032263757014986405,7.059896113517895
2021-12-09 05:00:00+00:00,387.9369089055424,389.73855479046233,383.2428993320278,383.4376831054687,49973700,52.041686492240956,1.8118024873011223,2.6164093408628966,-0.8046068535617743,384.59996032714844,373.0413244628906,345.7335028076172,382.5257520219343,376.217101346429,395.0211023254173,384.59996032714844,374.1788183288796,0.05419211166534928,-1.2613989203457057,-0.014714254660635473,0.009797242260710437,7.019593209583371
2021-12-10 05:00:00+00:00,386.2520647369728,387.8686747159307,383.077273958552,387.6057434082031,52545800,55.46083200726101,2.0259484613513337,2.498317164960584,-0.4723687036092503,384.96125946044924,373.82138488769533,346.1472802734375,383.0095607253885,376.66371476061624,395.2725630527153,384.96125946044924,374.64995586818316,0.053570603996454684,1.7407993176408239,0.010870241727357621,0.03883774109852056,6.860436605854466
2021-12-13 05:00:00+00:00,387.5960470455848,387.9174075757061,381.6360321828709,382.006103515625,50166400,50.27502050262094,1.7239439941895398,2.3434425308063753,-0.6194985366168355,384.8424499511719,374.44621520996094,346.4872067260742,382.9139933720777,376.87322020198917,395.2321596697089,384.8424499511719,374.4527402326349,0.05399461374313168,-1.858933785622325,-0.014446741277207908,0.01569108443260725,6.819075090638803
2021-12-14 05:00:00+00:00,377.1757183759927,379.892794312924,373.60167116660904,378.0522155761719,75199200,46.93767721620691,1.1522748581469955,2.1052089962744995,-0.952934138127504,384.5303268432617,375.13921325683594,346.83254653930663,382.4509669153248,376.91945531470225,395.33392950120333,384.5303268432617,373.7267241853201,0.0561911605081035,-1.4270462755215754,-0.010350326612756366,-0.024206164161281518,6.9323148948085995
2021-12-15 05:00:00+00:00,377.7989931184736,387.03119032125574,373.8451265926006,386.67083740234375,73858000,54.09152426093062,1.3787799843251491,1.9599231938846295,-0.5811432095594804,384.51231079101564,375.91187255859376,347.26581298828125,382.85285934265994,377.3018624553941,395.30036239575503,384.51231079101564,373.72425918627624,0.05611290615141191,2.5650760202409804,0.02279743768472997,-0.006406305333919282,7.3790112400833525
2021-12-16 05:00:00+00:00,387.6348952434456,388.06339563692336,375.1402660005867,376.7276611328125,82591400,46.33090811541103,0.7473408225440039,1.7174067196165046,-0.9700658970725007,383.98690643310545,376.44106628417967,347.6739154052734,382.26950713219827,377.27934475646936,395.2080734921143,383.98690643310545,372.7657393740966,0.058445571299518745,-0.7873847415765682,-0.025714833671785398,-0.017499641449717718,7.77501969695859
2021-12-17 05:00:00+00:00,373.3094911519789,379.016322391071,371.7902729452207,374.84820556640625,80492500,45.016205651210164,0.09417874664836745,1.3927611250228773,-1.2985823783745098,383.1669174194336,376.86839599609374,348.05039794921873,381.5627165068847,377.1840059647022,394.54160766189835,383.1669174194336,371.7922271769689,0.059371985029769335,0.4645750863757958,-0.004988897180405516,-0.03291369660733179,7.735807536165142
2021-12-20 05:00:00+00:00,370.11995574802063,372.00189791934713,368.07223292718174,371.2120666503906,65336800,42.503320655780875,-0.708693548241456,0.9724701903700107,-1.6811637386114668,382.05604858398436,377.2582550048828,348.4511074829102,380.5769403300758,376.94981226610173,393.54374911464555,382.05604858398436,370.5683480533232,0.06013620552920489,-1.3008475360177654,-0.009700296978936596,-0.028256189537015808,7.667247900669382
2021-12-21 05:00:00+00:00,374.4884217455541,379.8319987033657,370.7342977336719,379.51995849609375,48899500,49.44694452789396,-0.6669104577060239,0.6445940607548039,-1.3115045184608278,381.58894805908204,377.86822387695315,348.83595535278323,380.47627539350606,377.05060231433674,392.68474780230014,381.58894805908204,370.49314831586395,0.058155771018295395,-2.0417760245507797,0.022380446628981865,0.003882381479195729,7.769423119885412
2021-12-22 05:00:00+00:00,379.2273784163325,384.3466700723412,378.56431540085174,384.1419067382813,37042200,52.85786503638215,-0.2578718750583562,0.4641008735921719,-0.7219727486505281,381.44156036376955,378.59497924804685,349.24823120117185,380.8253831406275,377.3286926839032,392.3173054520233,381.44156036376955,370.56581527551583,0.05702443686462401,-1.2904673762582464,0.012178406270128006,-0.006540267378455034,7.627489659285702
2021-12-23 05:00:00+00:00,384.49292911590464,388.5103494206365,384.32717824113536,387.0379638671875,29595500,54.91074690930867,0.2965631600918073,0.430593330892099,-0.13403017080029173,381.37665100097655,379.32395141601563,349.64024627685546,381.41705749553796,377.70944841658104,392.1014749347385,381.37665100097655,370.6518270672146,0.05624268767169234,0.9389480795314816,0.007539029400609687,0.02736805336611625,7.394700589504951
2021-12-27 05:00:00+00:00,388.33486126067066,393.4346618652344,388.30560935408874,393.4346618652344,32820700,59.14284955601723,1.2378478494686078,0.5920442346074009,0.645803614861207,381.9996963500977,380.0517236328125,350.07676345825195,382.56159124503284,378.32612345378317,393.9376931052512,381.9996963500977,370.0616995949442,0.0625026504953684,1.5038266476078974,0.016527314101522972,0.04958395431223539,7.323414690115088
2021-12-28 05:00:00+00:00,394.33172175330714,394.5072331846005,390.7335886228549,391.6111755371094,33113700,57.48639482200394,1.8157517839222805,0.8367857444703768,0.9789660394519037,382.11816253662107,380.6980322265625,350.48781127929686,383.4234564157068,378.8471058884234,394.3838045042387,382.11816253662107,369.85252056900345,0.06419816261124266,2.514376585370842,-0.004634788199595952,0.054952709567845925,7.069859680945842
2021-12-29 05:00:00+00:00,391.74770588060943,393.01532812222314,389.1734191798837,391.55267333984375,32248500,57.43082017723717,2.243166351773084,1.1180618659309183,1.1251044858421657,382.51953125,381.2709106445312,350.89007568359375,384.1976675513389,379.34536343553793,395.4504081605077,382.51953125,369.5886543394923,0.06760897603451572,3.571056379896214,-0.00014938847744927486,0.031705091061433155,6.839291771045384
2021-12-30 05:00:00+00:00,391.3382116258626,393.52246334988945,389.79756143706345,390.3826293945313,23850100,56.25937702010238,2.4591353269386786,1.3862765581324703,1.0728587688062083,383.1886383056641,381.7654638671875,351.2800848388672,384.7867115364048,379.77819739471414,396.29170878913743,383.1886383056641,370.08556782219074,0.06838966072381934,0.9599358506380752,-0.00298821595401777,0.016245878272536096,6.616835352601142
2021-12-31 05:00:00+00:00,389.7097586762911,391.0748972404404,387.44751205125,387.94482421875,34752900,53.797210275481206,2.4058486658016704,1.5901909796663105,0.8156576861353599,383.6000045776367,382.2208044433594,351.7057470703125,385.0874841728186,380.09845727016653,396.7578184622329,383.6000045776367,370.4421906930405,0.06860173997695129,2.9775257415947944,-0.0062446558638181715,0.002343078551006572,6.4033031980718045
2022-01-03 05:00:00+00:00,389.1148868831875,391.9329491746741,386.9989297839432,391.6794128417969,40575900,56.9085144202751,2.634598679959595,1.7990725197249675,0.8355261602346273,384.5282348632812,382.7062341308594,352.1447445678711,385.7152869031975,380.55261239062264,397.20692228907365,384.5282348632812,371.8495474374888,0.06594411684905437,4.490139481915938,0.009626597366178657,-0.004461348207389859,6.298354354690311
2022-01-04 05:00:00+00:00,392.2254861401049,392.2644985987434,383.4983306997785,386.5991516113281,58027200,51.7985290837477,2.378531855801384,1.914964386940251,0.4635674688611331,385.052961730957,383.15180053710935,352.52984741210935,385.79946449444805,380.78973157574836,397.14899513504434,385.052961730957,372.9569283268697,0.0628278943743798,4.145092884447943,-0.01297045763424054,-0.012798470112368676,6.474626750709924
2022-01-05 05:00:00+00:00,384.9122539075164,386.0336464702579,374.4689062551625,374.7224426269531,75739800,42.24771513035403,1.2033741474560316,1.7726463390434073,-0.5692721915873757,384.4175628662109,383.28523498535156,352.8623196411133,384.7445100308771,380.5517986757956,397.2593914254636,384.4175628662109,371.5757343069582,0.06681187229586615,-1.2641010734063949,-0.030720990811473392,-0.042983311975201444,6.878599508242474
2022-01-06 05:00:00+00:00,372.8989955790771,377.706247429034,370.666000818644,374.4591369628906,70814300,42.062546552990206,0.24794843526643717,1.4677067582880134,-1.2197583230215763,383.6823226928711,383.3902258300781,353.21946685791016,383.76495069106886,380.3128707654856,397.0269349987657,383.6823226928711,370.3377103869765,0.06956073562230104,-2.5206231357589486,-0.0007026685197092375,-0.040789449203560646,6.89014572982444
2022-01-07 05:00:00+00:00,374.4689036474791,376.15584299963297,368.6280446441318,370.4027099609375,72652300,39.2112468855802,-0.8270197147275553,1.0087614636848998,-1.8357811784124551,383.0305740356445,383.3969482421875,353.5589555358887,382.4923563358183,379.92423700844455,397.57833075282696,383.0305740356445,368.4828173184621,0.07596133417709175,-4.298093587521664,-0.010832762781149974,-0.0452180649481253,6.935692345944205
2022-01-10 05:00:00+00:00,365.4882998546803,371.16340934858334,360.11547006419636,370.6465759277344,91770500,39.4768669739311,-1.640352806804799,0.4789386095869601,-2.119291416391759,382.18261566162107,383.32635498046875,353.8769755554199,381.3641867731436,379.5604071621422,397.52039055747355,382.18261566162107,366.8448407657686,0.08026411598706687,-5.7920890420442275,0.0006583806226001521,-0.053699112653025405,7.22942427011869
2022-01-11 05:00:00+00:00,369.9151368337182,376.3800758313328,367.8284314531936,376.2143249511719,68295700,45.34842676730637,-1.814735189818407,0.020203849705886668,-1.8349390395242937,381.8930267333984,383.3303045654297,354.22327117919923,380.8737237424796,379.4291882519081,397.4503323889352,381.8930267333984,366.33572107786165,0.08147467781022043,-3.931667824550753,0.015021719840528247,-0.026862000645559547,7.323868563548727
2022-01-12 05:00:00+00:00,378.7885880822106,380.4852879183951,375.4244998316744,377.7062377929687,54576400,46.83673277497651,-1.8116658308416618,-0.34617008640362307,-1.4654957444380388,381.87572784423827,383.33838256835935,354.58475143432617,380.5720584139548,379.36162156724384,397.45083736265826,381.87572784423827,366.3006183258183,0.08157161287178147,-3.536289365302634,0.003965592862500422,0.007962680711349979,7.162219958061011
2022-01-13 05:00:00+00:00,379.0908590373564,379.77344317810594,367.3213860700656,368.2574768066406,77994000,39.499999209165516,-2.5423626131072297,-0.7854085917443444,-1.7569540213628851,380.95505981445314,383.12593139648436,354.8756196594238,379.3992411180201,378.9261649099653,397.43796778471915,380.95505981445314,364.4721518441871,0.08653465833105947,-5.6675556036409604,-0.025016163464865016,-0.01656164730429477,7.540065468773819
2022-01-14 05:00:00+00:00,365.73193834934995,370.8804816887943,365.5271452663106,370.5489501953125,80121200,41.87783877296998,-2.9030774558075336,-1.2089423645569823,-1.6941350912505513,380.6461242675781,382.8788684082031,355.1515156555176,378.5563562682384,378.59764668586126,397.65752438709126,380.6461242675781,363.63472414806495,0.08938170670853783,-4.4841103521537145,0.006222476210238748,0.0003948141588663301,7.383870536895955
2022-01-18 05:00:00+00:00,364.7275931435429,366.8533108837422,360.5638836185451,361.324462890625,75450900,35.78115551268351,-3.888461833159681,-1.7448462582775222,-2.1436155748821593,379.9699371337891,382.3491522216797,355.3498081970215,376.9152235656085,377.92026692918535,398.824670366763,379.9699371337891,361.1152039008152,0.09924328948337334,-7.74994777768229,-0.024894112639707533,-0.025150948754284252,7.56967025402963
2022-01-19 05:00:00+00:00,362.884653494914,365.36142397943667,357.09253804936543,357.3558349609375,81791500,33.52016690064299,-4.932759378659512,-2.38242888235392,-2.5503304963055915,379.2771255493164,381.73266174316404,355.5293748474121,375.052424650878,377.11381861670503,400.2657052548688,379.2771255493164,358.288545843764,0.11067674948840711,-7.564247497312341,-0.01098355726578315,-0.05012698544289074,7.619614230889744
2022-01-20 05:00:00+00:00,360.5834459873392,364.5618542293534,352.1780605741962,352.71435546875,88610700,31.049051191167038,-6.064987906520059,-3.1189406871871483,-2.946047219332911,377.93684539794924,381.0338592529297,355.6818472290039,372.92498949067533,376.1569769246284,401.90431150979185,377.93684539794924,353.96937928610663,0.1268331807479952,-5.87317028676417,-0.012988397104792937,-0.06616751280109234,7.9599127611945635
2022-01-21 05:00:00+00:00,350.5203533238867,353.1628747001155,342.6512632495949,342.9340515136719,143388900,26.59928254551218,-7.663140055459564,-4.027780560841632,-3.6353594946179326,375.87645263671874,380.19281799316406,355.76860900878904,370.0687096833417,374.8541171045909,404.06859901108646,375.87645263671874,347.684306262351,0.1500075153769485,-8.41883194649966,-0.027728681306663283,-0.06876554282770264,8.142176953289281
2022-01-24 05:00:00+00:00,337.2980294800405,345.16712126556564,325.8308036738565,344.5040283203125,198685800,28.373825125684647,-8.702684016002536,-4.962761251873813,-3.739922764128723,373.749755859375,379.4963397216797,355.85335815429687,367.63397812495793,373.66391754442316,404.54968597895254,373.749755859375,342.94982573979746,0.1648157872304599,-6.992033520315298,0.004578072080363427,-0.07028739890174296,8.941758427462128
2022-01-25 05:00:00+00:00,338.03904116012035,342.290476850048,333.17325593202776,336.5178527832031,124398400,25.055496243760118,-10.05503948074437,-5.981216897647925,-4.073822583096445,370.90391540527344,378.6191015625,355.90031372070314,364.6705376162194,372.20720912241455,404.3102663022635,370.90391540527344,337.49756450828335,0.18013479777094382,-9.207888420149708,-0.023181660824250216,-0.0686546654189063,9.1124022818066
2022-01-26 05:00:00+00:00,344.12375303045445,347.99491481512257,332.29574373279866,335.99139404296875,146559500,24.84918454619445,-11.041986602133534,-6.993370838545046,-4.048615763588487,368.12292633056643,377.65128356933593,355.92554443359376,361.93919060924316,370.78698108008336,403.3800870849356,368.12292633056643,332.86576557619725,0.19155101860028687,-10.691493715297412,-0.0015644303441265661,-0.059784782639142,9.582885767557839
2022-01-27 05:00:00+00:00,340.70107218408737,342.52451051417944,331.5838507758371,332.60772705078125,95255700,23.509296725985763,-11.959323319383486,-7.986561334712735,-3.9727619846707514,365.1756790161133,376.61754455566404,355.95372680664065,359.14571788938963,369.28975543187545,401.92887730581367,365.1756790161133,328.4224807264129,0.20129050427851003,-11.940102182508088,-0.010070695417141451,-0.05700541558975525,9.679869622613873
2022-01-28 05:00:00+00:00,334.4896757779031,343.2558447119424,329.5361642262604,343.04132080078125,108167900,35.12543443031248,-11.70943636487118,-8.731136340744424,-2.9783000241267565,362.8086135864258,375.73774780273436,356.0093006896973,357.61196578571264,368.26040505418547,398.8543273784047,362.8086135864258,326.76289979444687,0.1987037376850611,-6.847425400435118,0.03136906602415479,0.00031279858805466354,9.968427541404456
2022-01-31 05:00:00+00:00,344.4064573705001,354.5962678146219,342.7682614012825,354.0111999511719,94326400,44.64397936084777,-10.505125042474333,-9.085934081090405,-1.4191909613839275,361.1119323730469,375.0732568359375,356.1177801513672,357.26903570623256,367.70161269720455,395.4177868961069,361.1119323730469,326.8060778499869,0.19000122370711547,-4.463040641573468,0.03197830256944845,0.027596692198965656,10.101254603685527
2022-02-01 05:00:00+00:00,355.3568797695104,357.0730710579502,350.1986048645177,356.41973876953125,74433000,46.500014756687605,-9.249725610157782,-9.11869238690388,-0.1310332232539011,359.3489486694336,374.37669189453123,356.25350860595705,357.1881502836896,367.2591862686684,390.68564237061423,359.3489486694336,328.01225496825293,0.1744081557339264,-1.357429298269915,0.006803566719616683,0.05914065426760473,9.870769717238884
2022-02-02 05:00:00+00:00,360.5541961013505,360.8857276435615,355.2203800024864,359.3157958984375,78777100,48.72616932012937,-7.929716077573573,-8.88089712503782,0.9511810474642459,357.9847808837891,373.6944189453125,356.41571746826173,357.3907831993799,366.94768076395343,386.7255196508842,357.9847808837891,329.24404211669395,0.16056961246307902,0.5484619938315106,0.008125411737588628,0.06941964070807671,9.570382426084326
2022-02-03 05:00:00+00:00,349.6037665908934,352.9191116851506,343.68488272899515,344.74774169921875,95384800,39.76302859803515,-7.967277421753579,-8.698173184380972,0.7308957626273926,356.48604583740234,372.81213439941405,356.49109375,356.18668400888834,366.07709491827757,384.7005671884794,356.48604583740234,328.2715244863253,0.15829243068855514,-2.25865878323659,-0.04054387356612754,0.03649949673774122,10.003277479181326
2022-02-04 05:00:00+00:00,345.26453196869426,352.4022946173832,343.2070784765598,349.0967102050781,86318300,43.12642365032376,-7.558984378444222,-8.470335423193623,0.9113510447494004,355.2179244995117,372.052275390625,356.6080854797363,355.51144840852544,365.41119747854424,382.3461522974407,355.2179244995117,328.0896967015827,0.1527413225903599,1.7970390120797208,0.01261492964224753,0.017652069990173214,9.945558812155758
2022-02-07 05:00:00+00:00,349.6915224478901,352.0610162014481,345.03053010727854,346.2884216308594,58198100,41.514463374993376,-7.376977414496309,-8.25166382145416,0.874686406957851,354.0122100830078,371.21132080078127,356.69053390502927,354.6330649058906,364.6612847002037,380.4689184352199,354.0122100830078,327.5555017307957,0.14946777313702603,0.5179600712499606,-0.00804444296415463,-0.021815067775758812,9.737339332299602
2022-02-08 05:00:00+00:00,345.1475106886193,351.2711574230751,344.0163874373138,350.1790466308594,64720900,44.60371884544342,-6.839947999272226,-7.969320657017774,1.1293726577455478,352.98883361816405,370.5954266357422,356.78169876098633,354.2088726892209,364.0933537955235,378.35350239734896,352.98883361816405,327.62416483897914,0.14371371762214122,4.05957476985843,0.011235215378201158,-0.0175093898003984,9.56001295040401
2022-02-09 05:00:00+00:00,354.7035516634693,357.677604538037,353.10436812222264,357.599609375,55766400,50.0256573487353,-5.749296608902853,-7.52531584739479,1.776019238491937,352.05809783935547,369.9625817871094,356.9171565246582,354.53179999262846,363.8386971515814,375.21556978691433,352.05809783935547,328.9006258917966,0.13155483194211678,6.431181189500304,0.021190767453207915,-0.004776262393770714,9.412766161602123
2022-02-10 05:00:00+00:00,350.56914570172694,357.3656172419755,347.6633567635275,349.50628662109375,112468500,44.86764951799618,-5.474899795005911,-7.115232636917014,1.6403328419111034,350.6481002807617,369.2822015380859,357.0177345275879,354.0531796715299,363.27664183666036,370.59936755940123,350.6481002807617,330.69683300212216,0.11379652285390784,5.080627476743045,-0.022632359045501982,0.013802976339803541,9.450158050878581
2022-02-11 05:00:00+00:00,349.5062300581321,351.10541357716863,337.1906719787039,338.4193115234375,101569100,38.94386633527024,-6.08195557772018,-6.908577225077647,0.8266216473574675,349.15619201660155,368.51057800292966,357.05695114135744,352.56423984790206,362.3018445694752,368.05170819153693,349.15619201660155,330.26067584166617,0.10823532050685754,-1.3473622555307116,-0.031721818811447755,-0.030585790039007077,9.769056875706164
2022-02-14 05:00:00+00:00,337.8634589252005,342.2416920189608,335.32821470648094,338.83856201171875,80254400,39.27038764741331,-6.454814564226297,-6.817824692907378,0.36301012868108096,347.5706726074219,367.6929992675781,357.10909713745116,351.2570324349322,361.38171584172005,364.2063487768677,347.5706726074219,330.9349964379761,0.09572543071397535,-4.285920315952111,0.0012388491850359173,-0.02151345281501249,9.565086906904286
2022-02-15 05:00:00+00:00,344.12368568511306,347.497534540643,343.0608267315955,347.2635192871094,55128800,45.56981221317911,-6.001305046623315,-6.654520763650566,0.6532157170272503,346.8676254272461,367.1759735107422,357.21211334228514,350.8766978494253,360.8280610748726,362.2609401926246,346.8676254272461,331.47431066186755,0.08875613425391418,-2.5689428744973313,0.02486422213980255,-0.008325818954048936,9.500364451334283
2022-02-16 05:00:00+00:00,345.0110810984815,348.199658401724,341.9784941473925,347.1758117675781,58947100,45.51687919551977,-5.584596992548029,-6.440536009430058,0.8559390168820293,346.35862426757814,366.5973974609375,357.34408340454104,350.52423250829696,360.29267874909635,360.98518567699335,346.35862426757814,331.7320628581629,0.08445905708480651,-3.378639144016592,-0.00025256761698233543,-0.029149354009754713,9.266135865834084
2022-02-17 05:00:00+00:00,343.95784514263914,344.6599205387647,336.430048301098,336.849365234375,61801400,39.67368042089412,-6.018236309040276,-6.356076069352103,0.3378397603118266,345.56537475585935,365.5857763671875,357.42981384277346,349.2218641964949,359.3733331210681,360.4457462957042,345.56537475585935,330.6850032160145,0.08612188967345354,-2.2910596675452126,-0.02974414168034356,-0.036213715950810244,9.371823551594515
2022-02-18 05:00:00+00:00,337.7855380650639,338.1755734338996,330.6965477797096,333.0075378417969,80001500,37.7329272155231,-6.595868883944547,-6.404034632270592,-0.1918342516739555,345.0690490722656,364.4626483154297,357.4842868041992,347.6776426389046,358.33938036501826,360.89924747968007,345.0690490722656,329.23885066485116,0.09175090289885279,-4.60880091188187,-0.011405179255436715,-0.01599132643252199,9.236623701779909
2022-02-22 05:00:00+00:00,330.0626376374052,335.4744776780711,326.0257262916301,329.662841796875,85967100,36.07823728792608,-7.240076780869629,-6.571243061990399,-0.6688337188792293,344.3269897460938,363.3871514892578,357.50896743774416,345.9619473206161,357.21481022509107,361.5257969220668,344.3269897460938,327.12818257012077,0.09989810667270305,-4.801078752701442,-0.010043904911578472,-0.027079917233642448,9.251775679255697
2022-02-23 05:00:00+00:00,332.8221962457909,333.6607706255645,320.9064352088548,321.2184753417969,86215400,32.23482842757869,-8.335914744610648,-6.924177398514449,-1.4117373460961984,343.56202087402346,362.05940612792966,357.53243072509764,343.6054261797762,355.80318924927565,363.2613209212087,343.56202087402346,323.8627208268382,0.11467682019723918,-8.270218211996914,-0.025615160049737185,-0.07500080630058659,9.501958517645269
2022-02-24 05:00:00+00:00,310.9019001294283,332.5492030316279,310.33635336792406,332.01287841796875,130614100,40.90170254415599,-8.238389089105056,-7.187019736632571,-1.0513693524724843,343.36309509277345,361.0595416259766,357.61205169677737,342.50137401198504,354.87023588334205,363.440888712947,343.36309509277345,323.2853014725999,0.11694788349195616,-7.155133922475709,0.0336045523679358,-0.04367508575096357,10.409879313792308
2022-02-25 05:00:00+00:00,332.812485851923,337.36623109514375,328.99009779954196,337.16143798828125,78842100,44.54479391893661,-7.657384019050312,-7.28109259311612,-0.37629142593419207,343.5907806396484,360.2417260742188,357.7583224487305,341.9928086763942,354.17577322079063,363.2749609793491,343.5907806396484,323.90660029994774,0.11457921136914948,-3.5320819983406424,0.015507108021969529,0.0009264460204314595,10.264611741064414
2022-02-28 05:00:00+00:00,333.98266054095194,339.8625325970894,332.8222851647606,338.16583251953125,77515500,45.25380385980885,-7.034794340371491,-7.231832942567195,0.19703860219570402,343.3470062255859,359.2716259765625,357.8977117919922,341.62833475669294,353.5479324089765,363.1726180190297,343.3470062255859,323.52139443214213,0.11548440169254283,-0.07490086861922332,0.0029789721423745252,0.015490023772930073,10.034300004726154
2022-03-01 05:00:00+00:00,337.1419560500035,339.41393357869146,330.4624926900795,332.9880065917969,67407000,42.254562605110685,-6.879887750566411,-7.161443904167038,0.28155615360062747,342.2958465576172,358.3968328857422,357.97696151733396,340.80544636003617,352.7416608083028,361.97710427945196,342.2958465576172,322.61458883578246,0.1149955976373315,-1.7266498196623599,-0.015311499358632963,0.010086562309532976,9.95695292500371
2022-03-02 05:00:00+00:00,334.53843636013005,339.9112652148175,331.76914648216655,338.57537841796875,70609000,46.384041019349034,-6.234402638510915,-6.976035651035814,0.7416330125248995,341.40362854003905,357.67137634277344,358.09376785278323,340.5930589369821,352.18612032240736,360.03261680946974,341.40362854003905,322.77464027060836,0.10913175322180811,-2.5018870070131016,0.01677949870735529,0.054034572755203625,9.827321911264226
2022-03-03 05:00:00+00:00,341.21785544182995,341.3251322678193,331.87637988452127,333.73883056640625,71089400,43.48515495989227,-6.043454842141784,-6.7895194892570085,0.7460646471152241,340.1247802734375,356.9219116210937,358.19703063964846,339.94027528264155,351.46269719472104,357.0976430280494,340.1247802734375,323.15191751882566,0.09980374109153013,-3.87036790747607,-0.014284995778966025,0.005198449399498095,9.80028123069521
2022-03-04 05:00:00+00:00,331.37911455878697,332.81251765485047,326.58162280389973,328.90234375,76936300,40.74298357085701,-6.210797199661215,-6.6737750313378505,0.46297783167663553,339.33251037597654,355.90955932617186,358.27431335449216,338.8890437081043,350.57797745179084,356.8391252846578,339.33251037597654,321.82589546729525,0.10318265638199038,-2.35922115478697,-0.014491831256788434,-0.024495963380510632,9.611490268681733
2022-03-07 05:00:00+00:00,328.89258994129545,330.0529652120573,316.56727033709245,316.77203369140625,89933800,34.813372048559685,-7.238787630315983,-6.786777551133477,-0.45201007918250546,337.71627655029295,354.5621618652344,358.26062896728513,336.7826618017521,349.2522541670699,357.17802930872153,337.71627655029295,318.25452379186436,0.11525504756375182,-4.875416411175559,-0.03688119069110085,-0.06326422355779948,9.888219169130526
2022-03-08 05:00:00+00:00,315.9821453748635,324.9140932774325,311.97448594648023,315.2995910644531,116153900,34.163413245482076,-8.07915974274755,-7.045253989456293,-1.0339057532912568,336.16683502197264,353.1273944091797,358.2484246826172,334.7366550648665,347.9207771826536,357.4966725180536,336.16683502197264,314.8369975258917,0.12690030826322746,-4.356951682553271,-0.004648272165299616,-0.053120278139709765,10.10617546640351
2022-03-09 05:00:00+00:00,323.4904557294229,328.00518787582973,320.8966778940116,326.6497802734375,64723400,42.997876638642936,-7.740072546440217,-7.184217700853078,-0.555854845587139,334.99037170410156,351.79169677734376,358.2662501525879,333.96647651330187,347.0866204411157,355.68510908438526,334.99037170410156,314.29563432381786,0.12355422202142244,1.6908445025963625,0.03599810951440219,-0.03522287474137942,10.291848419615874
2022-03-10 05:00:00+00:00,322.58365182906795,324.23157863844796,318.57596215253807,323.0224304199219,69362700,41.099758809851885,-7.675561226577429,-7.282486405997949,-0.3930748205794803,333.26151275634766,350.419921875,358.2637043762207,332.92418640917043,346.1429267147944,351.774403948662,333.26151275634766,314.74862156403333,0.11110128522911299,-2.7078612254097147,-0.01110470624066906,-0.03211013872223678,10.13341768399327
2022-03-11 05:00:00+00:00,325.996523599772,326.3085637796485,315.83593470623896,316.323486328125,66228400,37.782576635968546,-8.07193608897552,-7.4403763425934635,-0.6315597463820559,331.60237274169924,348.91533813476565,358.2220283508301,331.34316735383277,344.97353689570934,349.9413195549413,331.60237274169924,313.2634259284572,0.11060805543467639,-6.18040775495818,-0.020738324837344613,-0.038244961341583616,10.157647068951578
2022-03-14 04:00:00+00:00,315.0851306926503,318.4589797420882,309.54655115024326,310.2486267089844,79802600,35.022083890266686,-8.775102505327425,-7.707321575140257,-1.0677809301871681,330.19383850097654,347.3126580810547,358.1560508728027,329.33416348289484,343.6117757119162,350.4492935302991,330.19383850097654,309.938383471654,0.12268826772346113,-8.255477971428258,-0.019204579747325923,-0.020593380376428216,10.068702892015391
2022-03-15 04:00:00+00:00,312.8911728168052,320.76026412162855,311.2822582146002,319.98016357421875,76471000,42.29544282108233,-8.44971026102229,-7.855799312316663,-0.5939109487056262,329.25091857910155,345.95336486816404,358.13363006591794,328.44330634873523,342.68504582416335,349.5645752837692,329.25091857910155,308.9372618744339,0.12339316647821208,-3.906399858276028,0.031366897473369404,0.014844841675702769,10.100341072060305
2022-03-16 04:00:00+00:00,323.90011167384927,331.9642061338767,320.22395278586424,331.8471984863281,105243000,49.69084408119154,-7.1518222673839205,-7.715003903330115,0.5631816359461945,328.4801025390625,344.7567205810547,358.1759371948242,328.7674865523155,342.2600322030718,347.10066633994865,328.4801025390625,309.85953873817635,0.1133740744535466,-1.987202957013235,0.03708678306665347,0.015911286419785453,10.23489117831728
2022-03-17 04:00:00+00:00,329.9456491888773,335.92303627927254,328.6487750885402,335.8645324707031,67810000,51.93652080407944,-5.732985119570287,-7.31860014657815,1.5856150270078624,327.91453857421874,343.74202819824217,358.23517333984375,329.4433956874,342.0092282919985,344.8392541771815,327.91453857421874,310.989822971256,0.10322638134040577,0.6369357442432549,0.012105975288323911,0.039756069057145016,10.023417607775498
2022-03-18 04:00:00+00:00,334.20686068615504,343.03156248605825,333.0464854994741,342.739013671875,85446300,55.58969697757663,-4.007635747035124,-6.656407266669545,2.648771519634421,328.2090209960937,343.1023596191406,358.3456398010254,330.70964501925476,342.0378473265035,345.9314899422873,328.2090209960937,310.4865520499001,0.10799501422847564,4.2069234789011745,0.02046801771714768,0.08350795462702054,10.020678991976116
2022-03-21 04:00:00+00:00,341.9033148826508,344.1292975022892,337.3927437110103,341.7861328125,73799100,54.96605784342618,-2.6862085209018005,-5.862367517515996,3.1761589966141957,328.64795074462893,342.4488995361328,358.4241354370117,331.76454861861146,342.0279761690916,347.2376712514989,328.64795074462893,310.05823023775895,0.11312847358244962,7.896561710198838,-0.0027801937374052343,0.10165236326121785,9.786098620497741
2022-03-22 04:00:00+00:00,342.28412163854296,349.3721335375454,341.9033766741158,348.5032043457031,63345900,58.500403198146415,-1.0844554605030226,-4.906785106113402,3.8223296456103792,329.5899688720703,342.01090942382814,358.5313584899902,333.3587063069059,342.28190668582147,350.1001696086999,329.5899688720703,309.0797681354407,0.12445888936984362,10.530813937675727,0.01965284980385107,0.08914002809698696,9.628948770822573
2022-03-23 04:00:00+00:00,345.62306563264156,349.1865865649411,343.4361138007334,343.49468994140625,70615500,55.03223759358041,-0.21670187038517952,-3.9687684589677574,3.752066588582578,330.70377960205076,341.4678717041016,358.61276138305664,334.32403808162024,342.3294668134915,351.6884861691127,330.70377960205076,309.7190730349888,0.12690938453932213,5.1568715747697516,-0.014371501730378933,0.03509895972666466,9.351914770350081
2022-03-24 04:00:00+00:00,345.4180431013783,351.17828888337755,343.2604089859963,351.12945556640625,53555300,59.020461198096086,1.0746727229594057,-2.960080222582325,4.034752945541731,331.6596084594727,340.96617431640624,358.73194931030275,335.92455403255224,342.674564411645,354.45878331877793,331.6596084594727,308.8604336001674,0.13748538729334725,8.701261119837987,0.022226735517519414,0.04544964299567611,9.249483707995163
2022-03-25 04:00:00+00:00,351.07085241234205,352.1252825250059,346.53102277977075,350.8365478515625,57584200,58.80497864968187,2.0508206040485675,-1.9579000572561467,4.008720661304714,332.3433639526367,340.4287805175781,358.8326205444336,337.344743920077,342.99464219360254,356.53900949525894,332.3433639526367,308.1477184100145,0.14560631062319287,10.910685742644102,-0.0008341872497460434,0.02362594818995345,8.988396282083732
2022-03-28 04:00:00+00:00,350.8267846241636,356.36246837743397,349.5868832307335,356.26483154296875,56833900,61.60283296283239,3.22526313465454,-0.9212674188740094,4.1465305535285495,333.2483139038086,340.18892761230467,358.95610870361327,339.1466570270191,343.5150417759306,359.5127503123874,333.2483139038086,306.98387749522976,0.15762682247904788,14.832041425004578,0.015472400822114318,0.042361867087251204,8.830338343842069
2022-03-29 04:00:00+00:00,360.16024102965406,363.0208181122891,357.38752814675536,362.39599609375,68073000,64.53286015325935,4.5977510286713255,0.1825362706350576,4.415214758036268,334.7187133789063,340.02586853027344,359.0943661499023,341.3608797952792,344.2554713570216,363.89192446073,334.7187133789063,305.5455022970825,0.17431478979664497,13.255769371995143,0.017209569982609363,0.03986417219356664,8.682170359947659
2022-03-30 04:00:00+00:00,360.5313071002708,362.19104395337257,356.90920984872275,358.3931884765625,68757700,61.2468948618564,5.301353745077847,1.2062997655236154,4.095053979554232,335.70960388183596,339.96724304199216,359.2235412597656,342.9830044315919,344.8098916362193,366.6332222027031,335.70960388183596,304.7859855609688,0.18422838050085533,7.999461834036864,-0.01104539691479367,0.04337330087314495,8.453928637453343
2022-03-31 04:00:00+00:00,358.5396530113968,358.89113969104164,353.1113781818224,353.9510192871094,67011400,57.73351491456882,5.437834071934844,2.0526066268058614,3.385227445128983,336.72021331787107,339.89914672851563,359.33657791137693,344.02757727497453,345.1683672303718,368.6256658617741,336.72021331787107,304.81476077396803,0.18950720082719602,5.385054111953277,-0.012394680848527462,0.00803567936546834,8.262916699722338
2022-04-01 04:00:00+00:00,354.2145918515675,354.9956269704437,350.0945675411485,353.27734375,54527800,57.19764477900925,5.429052985207932,2.7278958984862753,2.7011570867216563,337.93896331787107,339.9104064941406,359.42521026611325,344.90850741545313,345.48636630957293,370.41388275571586,337.93896331787107,305.4640438800263,0.1921939933709173,3.0747389873199515,-0.0019033015880735027,0.006957074208443714,8.022784037548972
2022-04-04 04:00:00+00:00,354.116910666194,360.5605538710006,353.853318050364,360.55078125,45950200,61.36695415314156,5.940520903183085,3.3704208994256373,2.5701000037574477,340.1279006958008,340.2627410888672,359.5633755493164,346.3982477806481,346.07712767978575,372.50236108038996,340.1279006958008,307.75344031121165,0.19036639051580662,5.490172548280089,0.020588462941872443,0.012030235172158177,7.969957329224087
2022-04-05 04:00:00+00:00,359.0960974404359,359.8088135112853,351.40278018421105,352.5450744628906,62738700,55.014805027321444,5.634913506577334,3.823319420855977,1.811594085721357,341.9901748657227,340.42356201171873,359.6511668395996,346.98365984562355,346.33077265167225,372.6786364416948,341.9901748657227,311.3017132897506,0.17946984347150596,1.1597799006686047,-0.022204103287071675,-0.027182755154698257,8.05410331040729
2022-04-06 04:00:00+00:00,347.22423176684265,348.3274655192986,342.2548233640563,344.890869140625,90077100,49.71611612259677,4.720670095989476,4.002789555882677,0.7178805401067994,342.90222930908203,340.59102233886716,359.68507369995115,346.7843464451475,346.27430584731746,372.78653229367916,342.90222930908203,313.0179263244849,0.17430217963185238,0.4064631099412081,-0.021711281412531314,-0.03767459809527185,8.213828152437795
2022-04-07 04:00:00+00:00,343.8949573579129,347.90760149612674,340.4290734874535,345.7109069824219,63777400,50.26874897354845,4.0160018375128175,4.005432012208705,0.010569825304112435,344.03665313720705,340.78541259765626,359.7222540283203,346.6821141153641,346.25221177418433,372.50523842815164,344.03665313720705,315.56806784626247,0.16549739704386024,-1.5431768819405154,0.002377673389382995,-0.023280374559406125,8.161306713597472
2022-04-08 04:00:00+00:00,343.97311628580826,344.72486331984715,340.24360959805165,340.8782043457031,61956100,46.991086476532516,3.0326301786545287,3.81087164549787,-0.7782414668433413,345.26438903808594,340.95082214355466,359.72481369018556,346.1293608039678,346.0414663848321,370.8147754057062,345.26438903808594,319.7140026704657,0.14800475912852867,-2.8384567020858698,-0.013979028544113814,-0.03509746555689475,7.968877475795526
2022-04-11 04:00:00+00:00,336.6409865518988,337.55871907554007,332.4721593012214,332.8138732910156,66107400,42.06248157813386,1.5843139495038372,3.3655601062990637,-1.7812461567952265,346.3926513671875,340.7462731933594,359.68914321899416,344.86121913606763,345.5227372438981,367.2136188321634,346.3926513671875,325.57168390221165,0.12021598831728657,-6.582451080110255,-0.02365751447842357,-0.07692926877823647,8.000103730701683
2022-04-12 04:00:00+00:00,337.56858807236847,339.45285717276306,330.03148187620593,331.4080810546875,72790200,41.25026337300096,0.3193954269065671,2.7563271704205645,-2.4369317435139974,346.96404724121095,340.29421081542966,359.62577194213867,343.5799678902219,344.9692213149095,365.3376772692019,346.96404724121095,328.59041721322,0.10591085833868841,-8.5508436553052,-0.004223959243125908,-0.05995543531676273,8.101623128262787
2022-04-13 04:00:00+00:00,331.7496912550013,339.1989315583572,331.02723233621174,338.14453125,61367800,46.57409555702715,-0.13789679518208686,2.1774823773000342,-2.315379172482121,347.2789138793945,339.92870666503904,359.58985717773436,343.0623072578198,344.70158641040325,364.8016609703723,347.2789138793945,329.7561667884167,0.10091454672691841,-5.649844326739118,0.02032675296834685,-0.01956079007668443,8.106628563540118
2022-04-14 04:00:00+00:00,338.23238196478735,338.7498243741417,330.197350790889,330.4121398925781,73519400,41.88252068222706,-1.1114316439042113,1.5196995730591851,-2.6311312169633965,347.0062942504883,339.3506335449219,359.5180044555664,341.85752941351103,344.1412159587238,365.3798995614218,347.0062942504883,328.6326889395548,0.10589782154020767,-6.650321121250268,-0.022867119361173693,-0.04425306457172795,8.138474636376733
2022-04-18 04:00:00+00:00,329.35776546465155,332.960347165177,327.8347261857636,330.666015625,58560600,42.08878729051843,-1.841254539388956,0.847508750569557,-2.688763289958513,346.4026443481445,339.0689990234375,359.4467399597168,340.7916709574624,343.6127767299503,366.0467478835049,346.4026443481445,326.75854081278413,0.1134177458276993,-6.400446709937084,0.0007683607887543076,-0.02995846783546885,7.923270803736494
2022-04-19 04:00:00+00:00,330.021699135056,338.63275085837597,328.996586699006,338.0567321777344,56515700,47.887289905290714,-1.802497316096094,0.3175075372364268,-2.120004853332521,346.21617431640624,338.84819946289065,359.39263290405273,340.5312005974883,343.3948926298634,366.1013480309229,346.21617431640624,326.33100060188957,0.11487143114430956,-6.238801922514383,0.022351001323087205,0.015753126018681174,8.045620329138885
2022-04-20 04:00:00+00:00,338.8670126799724,339.32587900079994,331.9059262743585,333.1263122558594,65500000,44.67372268976359,-2.14490054157352,-0.17497407852556257,-1.9699264630479574,345.44732971191405,338.58495727539065,359.3063346862793,339.82597313638075,342.99220320343187,366.0938413309484,345.44732971191405,324.8008180928797,0.11953493249609151,-5.508164377736979,-0.01458459321343386,0.0051846388166025825,8.000929786089069
2022-04-21 04:00:00+00:00,337.0120391029308,339.62853955212694,325.3061060540823,326.23358154296875,75801000,40.57440673839659,-2.9385693301802007,-0.7276931288564902,-2.2108762013237104,344.5842742919922,338.1060479736328,359.18187606811523,338.5314596512939,342.335002354002,366.8636379886678,344.5842742919922,322.3049105953166,0.12931155226077798,-5.409620626995773,-0.020691042584461528,-0.035224433951365985,8.452465765514466
2022-04-22 04:00:00+00:00,326.38973999892653,327.61012580245654,317.261248229607,317.6908264160156,82562100,36.14724143860752,-4.208374980040048,-1.423829499093202,-2.7845454809468464,342.91234283447267,337.3078723144531,359.0253073120117,336.54663743841024,341.3685640819241,367.8376764467386,342.91234283447267,317.9870092222067,0.14537437414026044,-8.105061194332224,-0.026186007849188675,-0.03850135010383815,8.587923751752685
2022-04-25 04:00:00+00:00,316.0604677749035,322.08427656175553,314.79124842111077,321.7718505859375,101755900,39.541070062120276,-4.829726481559931,-2.105008895586548,-2.7247175859733828,341.45910797119143,336.75318359375,358.8782484436035,335.1395148810319,340.600065513454,367.72029924049264,341.45910797119143,315.1979167018902,0.15381748886614463,-5.605038255948108,0.012845898686976165,-0.02689772948771718,8.49543120810212
2022-04-26 04:00:00+00:00,319.7118121896965,319.89731322684804,309.3531613568277,309.6265563964844,105819600,33.785773971267474,-6.230356094940021,-2.930078335457243,-3.300277759482778,339.1271942138672,336.1773284912109,358.6636047363281,332.709709311075,339.3854180971023,367.8799203046385,339.1271942138672,310.3744681230959,0.1695689793171744,-6.96705238433857,-0.037745048758419664,-0.0840988303889264,8.775663923888384
2022-04-27 04:00:00+00:00,309.72419387180275,315.23058979976224,307.5372716962285,309.2555847167969,111204200,33.624784983305176,-7.28630745200843,-3.8013241587674806,-3.484983293240949,336.47017364501954,335.5856689453125,358.4471061706543,330.475983159239,338.203856003757,365.94313425371706,336.47017364501954,306.997213036322,0.17518914255854298,-6.684356116903232,-0.0011981261685204414,-0.07165668595018837,8.698353508148767
2022-04-28 04:00:00+00:00,314.2250086291229,322.074540108062,309.99757463310556,320.23907470703125,99450000,42.37917788062842,-7.154409086365206,-4.471941144287026,-2.68246794207818,334.56246795654295,335.04518005371096,358.2823635864258,329.50103949712394,337.4993547764344,363.03463053251505,334.56246795654295,306.09030538057084,0.17020535955438024,-5.29520808063305,0.035515898606302,-0.018374892025479483,8.99268221408565
2022-04-29 04:00:00+00:00,316.03120589019034,319.4775751485844,305.19417103694815,305.8287658691406,91977900,35.722215633124506,-8.119078489680248,-5.201368613365671,-2.9177098763145777,332.1563552856445,334.2182391357422,358.057972869873,327.2465372468398,336.257370897717,361.7781120127912,332.1563552856445,302.5345985584978,0.17836031890266185,-7.440215129937393,-0.04499859628645819,-0.03733837920564209,9.424983746656896
2022-05-02 04:00:00+00:00,305.418646303666,311.16911901360544,302.3139916989888,310.934814453125,115511800,39.35717316760649,-8.375028380282401,-5.836100566749018,-2.538927813533384,330.03922882080076,333.6999481201172,357.8733148193359,325.69303983791457,335.26432946851736,359.3713119730192,330.03922882080076,300.7071456685823,0.17774907096358958,-5.9671088770887355,0.01669577604799022,-0.033679254767247535,9.384279715796879
2022-05-03 04:00:00+00:00,310.9543282083994,313.56108560786106,308.49404095301827,311.2667541503906,78185500,39.59631788432176,-8.453637482479053,-6.359607949895024,-2.0940295325840284,327.5750274658203,333.26513244628904,357.70456756591796,324.3191078676742,334.3232480834928,354.4147767846828,327.5750274658203,300.73527814695785,0.1638693250001358,-7.924698867780227,0.0010675539754190222,0.0052973419754278606,9.075905782871587
2022-05-04 04:00:00+00:00,311.7451560851586,322.4650372818678,306.4535791498154,321.7913818359375,116083400,46.76458569847728,-7.579316622019917,-6.603549684320003,-0.9757669376999134,326.03734283447267,333.10770324707033,357.56840408325195,324.07837205512783,333.83180234829456,350.38695698633705,326.03734283447267,301.6877286826083,0.1493670261214621,-3.402592350980677,0.03381224478751066,0.040535394471923114,9.571302379241644
2022-05-05 04:00:00+00:00,317.4663470202801,317.54443861501284,302.28472723588106,305.58465576171875,154607400,39.074702798211916,-8.100777667500779,-6.9029952809561586,-1.1977823865446204,324.07203216552733,332.79502685546873,357.3377337646484,322.31706574146983,332.72407110960535,348.36246888672747,324.07203216552733,299.7815954443272,0.14990763972370952,-6.329491183460615,-0.05036407743971716,-0.045760870870361514,10.280970395014128
2022-05-06 04:00:00+00:00,303.5832292876578,307.625132173351,297.8815597513677,301.9234924316406,139572800,37.57165944292307,-8.70907182727126,-7.264210590219179,-1.4448612370520806,321.8826614379883,332.1932391357422,357.077133026123,320.37482066434325,331.51620527909694,345.8683930544445,321.8826614379883,297.8969298215321,0.1490340082892418,-4.963106477530988,-0.011980848059769511,-0.012769477149742747,10.242584825511925
2022-05-09 04:00:00+00:00,296.2901578194416,302.0210847889585,288.7139932125377,290.110107421875,113387300,33.14178283300535,-10.028785180266198,-7.817125508228583,-2.211659672037615,319.34425659179686,331.25221252441406,356.7367939758301,317.4924670222034,329.8924367356765,345.4071465350396,319.34425659179686,293.2813666485541,0.16322754773421672,-9.839811377660089,-0.03912708121724029,-0.06697451061527704,10.461478164862559
2022-05-10 04:00:00+00:00,297.29573975019605,298.516125493751,289.54384712356915,293.63458251953125,124124600,35.5820800315654,-10.66730577461999,-8.387161561506865,-2.2801442131131253,317.38529205322266,330.36158752441406,356.41266693115233,315.2202875457584,328.4705600997492,344.95040437506276,317.38529205322266,289.82017973138255,0.17370125845162152,-5.164923210422239,0.012148749759107735,-0.05664649820693757,10.355106750956795
2022-05-11 04:00:00+00:00,291.3695461539237,296.8856838831957,284.05700414402463,284.9259033203125,140326100,32.43211501167676,-11.740715911163988,-9.05787243143829,-2.6828434797256993,315.0611831665039,329.40034545898436,356.0647441101074,312.33510809571595,326.76292650055564,345.22115912725803,315.0611831665039,284.90120720574976,0.19145472417536857,-7.867176083097889,-0.02965822051508349,-0.11456328726174692,10.531790535829245
2022-05-12 04:00:00+00:00,280.6399040324493,288.7432530627899,278.1893600427758,284.2522277832031,120910900,32.19468167155502,-12.50164992524941,-9.746627930200514,-2.755021995048896,312.36656799316404,328.3138824462891,355.7066435241699,309.6605480659528,325.09584027634577,343.41250977042307,312.36656799316404,281.320626215905,0.1987789024716528,-11.237494036838095,-0.0023643885278904486,-0.06980857047727451,10.533369284699594
2022-05-13 04:00:00+00:00,288.7140102983399,295.82153645098987,287.11284972704317,294.7866516113281,83684900,39.636598748957155,-12.11500145512116,-10.220302635184645,-1.8946988199365151,310.5852935791016,327.5348388671875,355.3980528259277,308.2439864988457,323.9072446424235,341.3723185351972,310.5852935791016,279.7982686230059,0.19825165964115193,-3.6105544965437457,0.03706012758555932,-0.023637911587579996,10.607364954920104
2022-05-16 04:00:00+00:00,293.0390166963272,295.09904330995386,290.09057548694534,291.3695373535156,59190400,38.173036588342576,-11.946599358577032,-10.565561979863123,-1.3810373787139092,308.62046966552737,326.7841827392578,355.0816668701172,306.63689610405237,322.6312561212899,339.0441570076156,308.62046966552737,278.19678232343915,0.19715923169360994,-6.2924047710839215,-0.011591821539863711,0.004341213557958357,10.207443731212134
2022-05-17 04:00:00+00:00,297.23716039679977,299.2971572082001,293.42953308251396,298.9164123535156,62715300,43.1644886416638,-11.076486897084294,-10.667746963307358,-0.4087399337769355,306.66345367431643,326.4270703125,354.8028691101074,305.90161193733456,321.70126224804386,334.15556419088387,306.66345367431643,279.171343157749,0.17929825146862582,-3.9677677208365942,0.025901386495471135,0.0179877648901694,10.044599168603014
2022-05-18 04:00:00+00:00,294.3961274991841,295.08929831900707,282.9830766545785,284.2425231933594,79477100,36.922747445524685,-11.439113740347977,-10.822020318715483,-0.6170934216324948,304.2192642211914,325.8059289550781,354.4399528503418,303.8388415807655,320.23229208903666,330.5328147263799,304.2192642211914,277.9057137160029,0.1729906919113215,-11.668696168414504,-0.049090275922360815,-0.0023984485755402796,10.465223206484023
2022-05-19 04:00:00+00:00,282.4362828676987,287.41546197493653,280.7667739482293,282.7193908691406,79920700,36.33541184187593,-11.714366253208993,-11.000489505614185,-0.7138767475948082,302.0435546875,324.9273211669922,354.06684310913084,301.82746532251554,318.7611979235505,327.9084144337112,302.0435546875,276.17869494128877,0.17126576180691216,-7.48246499340184,-0.005358566012948818,-0.00539252383707467,10.192613550785682
2022-05-20 04:00:00+00:00,286.185406437798,286.8395166559795,273.5714834943717,281.8408203125,91764200,35.97988225402287,-11.866608280587627,-11.173713260608874,-0.6928950199787529,300.25105438232424,324.10368896484374,353.6780076599121,299.92397532156167,317.31333997801914,326.4960808264166,300.25105438232424,274.0060279382319,0.17482054474768483,-6.651576516089619,-0.0031075709166594745,-0.0439159345515312,10.412286380130116
2022-05-23 04:00:00+00:00,282.88548741451507,286.90787508274974,280.4837760018996,286.5271301269531,63648400,39.38672767310897,-11.476817538713249,-11.23433411622975,-0.24248342248349886,298.488818359375,323.5077618408203,353.32048278808594,298.64808530302753,316.10603763091854,323.41711142959383,298.488818359375,273.56052528915615,0.16702999601281976,-1.2350404909235198,0.01662750558722137,-0.016619469799573627,10.127415858752972
2022-05-24 04:00:00+00:00,281.30380445222414,282.01649066870726,275.56310506062295,280.43487548828125,73491100,36.65579884155462,-11.526627811398384,-11.292792855263476,-0.233834956134908,297.0292343139648,322.91148681640624,352.929189453125,296.9134938920993,314.7071685272857,322.58852581381154,297.0292343139648,271.4699428141181,0.17209950097255497,-4.4952835316569075,-0.021262400652854563,-0.06182844468030435,10.187173659294201
2022-05-25 04:00:00+00:00,278.9411490391971,286.4392224642568,278.7361325556307,284.35968017578125,67144500,39.56308292372409,-11.12120553929816,-11.258475392070414,0.13726985277225445,295.78443908691406,322.1990771484375,352.56671325683595,295.7178925857833,313.5170709448738,321.26553233117033,295.78443908691406,270.3033458426578,0.17229502216490059,-0.1987264541176884,0.01399542293256606,0.00041217260917081333,10.009739105675049
2022-05-26 04:00:00+00:00,283.55912528633024,293.79085205707304,283.2759873968097,292.2384948730469,59462200,45.01846288720251,-10.048320187422974,-11.016444351140926,0.9681241637179525,294.38441009521483,321.4069030761719,352.24669525146487,295.3865213750465,312.68261698127276,317.28320245689,294.38441009521483,271.48561773353964,0.1555706863299512,2.8095706239934244,0.027707214652918477,0.03366979525048652,10.045819502431357
2022-05-27 04:00:00+00:00,295.37245560043664,301.92347892682784,295.2553033183494,301.77703857421875,66985600,50.80775204195011,-8.332320255376885,-10.479619531988119,2.1472992766112338,294.18182373046875,320.7251531982422,351.96794998168946,295.995142060682,312.25494723981967,316.74121339490927,294.18182373046875,271.62243406602823,0.15337038419552101,2.3713376859775006,0.03263958673656453,0.07073573742658645,10.020045541813472
2022-05-31 04:00:00+00:00,301.74773263385623,303.9541700031813,297.12000920342035,300.9764404296875,60968300,50.32874526647744,-6.956786026638099,-9.775052830918115,2.8182668042800163,293.68390502929685,319.88990173339846,351.6789270019531,296.4695514291587,311.81265285510864,315.15563512929896,293.68390502929685,272.21217492929475,0.14622340368199724,3.297154247293848,-0.002652945858020783,0.05042911746727863,9.792482345952576
2022-06-01 04:00:00+00:00,303.114589743024,305.24293574413247,296.5342780648201,298.75048828125,65341700,48.9470133125238,-5.977377488594016,-9.015517762453296,3.0381402738592804,293.05809173583987,319.02918884277346,351.3779963684082,296.68678351031025,311.3004111071142,313.12725616540763,293.05809173583987,272.9889273062721,0.13696372832221906,-0.0555085185718721,-0.00739576873611647,0.06531146584774228,9.715066298335417
2022-06-02 04:00:00+00:00,297.627724719994,307.1076742229117,296.2120651321494,306.93194580078125,59291300,53.9511173867108,-4.489264473028868,-8.110267104568411,3.621002631539543,292.315119934082,318.197763671875,351.13378021240237,297.6625132522599,311.12909874215995,308.8662439392962,292.315119934082,275.7639959288678,0.11324165516273353,7.982416688577986,0.02738558710514649,0.0793792763131771,9.799390783508768
2022-06-03 04:00:00+00:00,301.70868029341625,303.1145672232682,297.6960657856228,298.94573974609375,60914700,48.911362072690295,-3.9092805196348763,-7.270069787581705,3.3607892679468288,291.9831741333008,317.30678466796877,350.86675399780273,297.78472529929167,310.6513199580005,307.7018210655101,291.9831741333008,276.2645272010915,0.10766816943385364,5.739383077711725,-0.026019468367333376,0.02295127093355931,9.759140014340886
2022-06-06 04:00:00+00:00,303.3879273436883,304.9500272165213,298.3794589650576,299.9415588378906,51785000,49.544275162050184,-3.3308883719648748,-6.482233504458339,3.1513451324934643,291.88407745361326,316.28302673339846,350.59619522094727,297.99013801725346,310.23132932583934,307.3741314437884,291.88407745361326,276.39402346343815,0.10613839662176722,6.4223267961400525,0.00333110313812357,-0.006082237883306418,9.531384888421085
2022-06-07 04:00:00+00:00,296.61234962090106,303.30984292834245,295.5188886224399,302.5287780761719,44900300,51.23459562936773,-2.633385429603038,-5.712463889487279,3.079078459884241,292.5050109863281,315.31687133789063,350.32023559570314,298.4223894514362,309.92926849251904,308.6429190026858,292.5050109863281,276.3671029699704,0.1103427798514672,5.584688592011798,0.00862574445603781,0.00515767162462355,9.407068418241192
2022-06-08 04:00:00+00:00,301.72822324388414,304.3349808540067,299.5022403678184,300.3516540527344,38342100,49.72497508908168,-2.230572386264953,-5.016085588842814,2.785513202577861,292.84086456298826,314.19860778808595,350.0066387939453,298.6061289372741,309.5536757693902,309.33448938463357,292.84086456298826,276.34723974134295,0.11264565036890632,7.102104732792196,-0.0071964195845505285,0.005359541939817802,9.080330708808843
2022-06-09 04:00:00+00:00,298.66263418961836,301.72822838598177,292.1408984338965,292.3068542480469,55900500,44.506488536697155,-2.531308904977834,-4.519130252069818,1.9878213470919839,293.209912109375,312.79682495117186,349.6472732543945,298.00619801449056,308.87732982737674,309.30409076191586,293.209912109375,277.11573345683416,0.10977922633486753,2.7947612218979003,-0.02678460296834262,-0.047649297353449804,9.116544940471444
2022-06-10 04:00:00+00:00,286.6930828988606,287.8841808671005,281.54794607415045,281.9970397949219,85963500,38.87570803787435,-3.560517200458264,-4.327407641747508,0.7668904412892434,293.09715270996094,311.2689019775391,349.2342671203613,296.48151627929354,307.8232008064962,309.4699779756826,293.09715270996094,276.7243274442393,0.11172285444835857,-3.50448529464746,-0.035270518988159805,-0.05669490378276365,9.2338566000018
2022-06-13 04:00:00+00:00,273.12236921493223,275.65100526877563,268.026036415278,268.88519287109375,94442000,33.13427342420866,-5.37226058029438,-4.536378229456882,-0.8358823508374984,291.80207977294924,309.56758544921877,348.76727783203125,293.8532950023221,306.29622010314705,311.24516260652695,291.80207977294924,272.35899693937154,0.13326212649825073,-10.899386467083913,-0.046496399158528434,-0.10354139015321284,9.572224227119092
2022-06-14 04:00:00+00:00,271.08192308243196,272.0582319476163,266.86426163413597,269.3733825683594,64697500,33.527905875885025,-6.691551393998964,-4.967412862365299,-1.724138531633665,290.70227203369143,307.88950622558593,348.2851219177246,291.52187477051615,304.84826569001814,312.4684622122722,290.70227203369143,268.9360818551107,0.14974902002869883,-10.50017663050642,0.0018156064752128387,-0.10959418710065494,9.259491804716324
2022-06-15 04:00:00+00:00,272.80022932040725,280.0346516092351,270.0567740676047,276.1001281738281,86051400,38.86809156067849,-7.1123203149096526,-5.39639435287417,-1.7159259620354828,289.561457824707,306.2004931640625,347.81607421875,290.053136999403,303.7208877482068,311.8709021807311,289.561457824707,267.25201346868295,0.15409125595388895,-7.58169810457292,0.024971827362199273,-0.08074377334592031,9.359618750156281
2022-06-16 04:00:00+00:00,269.0609281423744,269.5197944522944,262.90042223776317,264.96044921875,81910300,33.99716035989107,-8.249565849761439,-5.967028652251624,-2.2825371975098143,288.59735412597655,304.4488006591797,347.2928356933594,287.6633572107694,302.2008705509732,313.282917426628,288.59735412597655,263.9117908253251,0.17107269313270188,-13.674528557960361,-0.04034651859366312,-0.09355375911264519,9.633910692006902
2022-06-17 04:00:00+00:00,265.73176697500634,270.62308442451274,264.10134768822763,268.18231201171875,82703400,36.47669903397578,-8.789543344012372,-6.531531590603774,-2.2580117534085984,287.8705001831055,302.91462951660156,346.78264251708987,285.8080195727646,300.86680943178675,314.0183197355852,287.8705001831055,261.7226806306258,0.18166376572693535,-10.290639284742301,0.012159787630450447,-0.048988910639805594,9.411612552312489
2022-06-21 04:00:00+00:00,272.6692052020595,277.2666889435167,272.56161912710195,274.9483642578125,51633700,41.45109161573262,-8.572694838748305,-6.93976424023268,-1.6329305985156246,287.52587738037107,301.4993786621094,346.3071549987793,284.7737666856263,299.8503998171211,314.15965892468677,287.52587738037107,260.8920958360554,0.18526180521192936,-8.332688099946228,0.025229300901090435,0.022549294447855583,9.388238579418596
2022-06-22 04:00:00+00:00,272.444240376661,278.9589600025479,271.84756149434503,274.54736328125,67472900,41.244946754597954,-8.337093440005106,-7.219230080187166,-1.1178633598179397,286.92688903808596,300.1727618408203,345.8239714050293,283.7998235042571,298.85812387453797,314.1557714544197,286.92688903808596,259.6980066217522,0.18979665870715565,-9.249174565428154,-0.0014584592188607859,0.01920746832355502,9.225607145760327
2022-06-23 04:00:00+00:00,277.03187006399634,279.4871248933807,274.1951384635695,278.6361083984375,57457800,44.287369085135296,-7.731328136028935,-7.32164969135552,-0.40967844467341497,286.8369506835937,299.0892065429687,345.3586054992676,283.3080411132267,298.0651036597889,314.16272318409,286.8369506835937,259.51117818309746,0.19053174589517227,-7.230040308179611,0.014892676689081563,0.009185001982370489,8.94463423747825
2022-06-24 04:00:00+00:00,281.4630678512849,288.60383944644434,281.228312899196,288.1831970214844,58422300,50.70588926670398,-6.407028271120453,-7.138725407308507,0.7316971361880542,287.0281265258789,298.2247088623047,344.947444152832,283.7723416759179,297.6775779092672,314.3353920781979,287.0281265258789,259.7208609735599,0.1902758860801534,-1.4107288852909454,0.03426364471540411,0.08764609160049308,9.017712581087434
2022-06-27 04:00:00+00:00,289.54292026653025,290.1102547457504,284.9356747248623,286.07037353515625,54151500,49.35084712911157,-5.465001153407854,-6.803980556528376,1.338979403120522,286.7197204589844,297.1832257080078,344.5320903015137,283.99120185298824,297.222393424008,313.92376731293774,286.7197204589844,259.51567360503105,0.1897605564793714,1.4444597514912376,-0.007331529069582121,0.06670112353515645,8.743203112501769
2022-06-28 04:00:00+00:00,286.60830010507976,289.2004852448757,277.16881769314875,277.35467529296875,61609800,44.113734919036744,-5.359935879324212,-6.515171621087544,1.1552357417633319,285.49860229492185,296.1220764160156,344.08716583251953,283.35915170441496,296.4432672227908,312.0747550521834,285.49860229492185,258.9224495376603,0.18617361026383022,3.1498508086071344,-0.030466972635026845,0.008751865251687363,8.978093429589283
2022-06-29 04:00:00+00:00,277.217710118933,279.11539200324603,274.71355812038837,277.6089782714844,57302700,44.2994685507884,-5.196251613544348,-6.251387619578905,1.055136006034557,284.3302291870117,295.0609356689453,343.64477783203125,282.81151613937396,295.7046676560729,310.12495832459297,284.3302291870117,258.5355000494304,0.1814420451271495,3.057316066124328,0.0009168872969131936,0.011151500249878543,8.651217747679881
2022-06-30 04:00:00+00:00,274.6255503328265,277.74596413882557,269.7639677134483,274.1658020019531,79313600,42.25196407723902,-5.2834617446077345,-6.057802444584671,0.7743406999769364,283.1009948730469,293.7831170654297,343.190378112793,281.98811479295296,294.86000625787216,308.3675404386311,283.1009948730469,257.83444930746265,0.17849845831106814,-0.7005886540759517,-0.012402971586041533,-0.01604352868039638,8.603416224658265
2022-07-01 04:00:00+00:00,272.8648413222458,276.3667320740986,270.9867121364815,275.9754638671875,56675100,43.72417843429533,-5.147217889443709,-5.875685533556479,0.7284676441127695,281.5531707763672,292.6401000976563,342.7314562988281,281.4154813714515,294.1194359680414,304.47449449642676,281.5531707763672,258.63184705630766,0.16282056889542584,4.1572297604853325,0.006600611206869278,-0.042361016466156975,8.37317363272675
2022-07-05 04:00:00+00:00,272.23877552616864,280.817450713564,270.7128086945748,280.7000732421875,61829300,47.48813359641046,-4.604924458595065,-5.621533318564197,1.016608859969132,280.64088745117186,291.72942993164065,342.29489303588866,281.3473472639026,293.5931864493805,302.12816977410114,280.64088745117186,259.1536051282426,0.1531300910432576,4.667631185878419,0.017119671831673067,-0.018772654527641208,8.496849946031213
2022-07-06 04:00:00+00:00,281.08155764451436,284.60303076653474,279.35994192889393,282.4999084472656,63194700,48.89054478362654,-3.983996318823131,-5.294025918615984,1.3100295997928528,279.7688049316406,291.02561157226563,341.8891191101074,281.45711499565147,293.1581559394936,299.3863786490742,279.7688049316406,260.15123121420703,0.14024132334716144,2.746531775098041,0.006411951319746256,0.01855109580850578,8.264438438289043
2022-07-07 04:00:00+00:00,283.3118676841151,289.2494607611048,283.3118676841151,288.545166015625,56620100,53.39287152925765,-2.9698697215962397,-4.829194679212035,1.8593249576157955,279.06962432861326,290.3610778808594,341.55114288330077,282.1321674737442,292.97725437385174,296.2363191696034,279.06962432861326,261.9029294876231,0.12302804278530739,5.098501973240756,0.021399148769946752,0.039394214885390744,8.156232286542622
2022-07-08 04:00:00+00:00,285.7084186791416,290.27655827441725,284.7693689215917,288.9071044921875,59895500,53.65610006244815,-2.112608837073367,-4.285877510784302,2.1732686737109352,278.4973968505859,289.9466888427734,341.21278549194335,282.7773995707388,292.8176406530022,293.4022913478746,278.4973968505859,263.5925023532972,0.10703794481271352,3.686168369486026,0.001254356403055823,0.05376783822998221,7.9670149341342595
2022-07-11 04:00:00+00:00,286.49096989467597,286.715933451254,281.85438024397337,282.7347412109375,55273900,48.61366420365783,-1.909272635600189,-3.8105565357474798,1.9012839001472908,278.01879119873047,289.41627197265626,340.82691314697263,282.77333686980535,292.42223283174474,291.6822615199386,278.01879119873047,264.35532087752233,0.09829170368157855,-1.8906223079136313,-0.0213645257775823,0.024492312646325898,7.901708456568536
2022-07-12 04:00:00+00:00,283.98677090225823,285.904005781982,278.40131119956305,279.9957580566406,55797100,46.52425606400613,-1.946699935807544,-3.437785215759493,1.4910852799519487,277.9187271118164,288.6114056396484,340.41074127197265,282.50880555426585,291.93492009546617,291.4932163156653,277.9187271118164,264.3442379079675,0.0976867542890508,-2.1234689225059133,-0.009687465864880784,-0.002509137875924883,7.87320746555785
2022-07-13 04:00:00+00:00,274.47884602246756,281.7663097877222,273.91148173868027,279.4186706542969,73939400,46.07492496479608,-1.9998741668030675,-3.150203005968208,1.1503288391651405,278.4454010009766,288.08320373535156,339.9899800109863,282.214506992364,291.4440867840478,291.37931895161256,278.4454010009766,265.5114830503406,0.09290092710556656,0.7441718294987939,-0.0020610576615486265,-0.010907039970046273,7.871894650092428
2022-07-14 04:00:00+00:00,276.81666751477024,281.2869818073733,273.69625380521563,280.4164123535156,63741800,47.0274989824681,-1.9391523698755009,-2.907992878749667,0.9688405088741661,278.9975524902344,287.4728356933594,339.5887176513672,282.0432598839023,291.01162896324263,291.26064434944533,278.9975524902344,266.73446063102347,0.08790823969425444,1.0112908089326107,0.0035707767733716977,-0.028171512191159653,7.851811318097089
2022-07-15 04:00:00+00:00,283.40968932244186,285.61060664821235,281.7956594020621,285.50299072265625,63818100,51.710782417145786,-1.4637127745179441,-2.6191368579033227,1.1554240833853786,279.46769561767576,286.9575604248047,339.263918762207,282.3727580590217,290.7956039342,291.9690721615463,279.46769561767576,266.9663190738052,0.0894656286927201,4.135157863569856,0.01813937467657234,-0.01178272779243228,7.6619815307113495
2022-07-18 04:00:00+00:00,288.2907133619511,289.69930229163515,281.9129572677661,283.0867614746094,59519600,49.47325912071348,-1.2672845099136225,-2.348766388305383,1.0814818783917604,280.37401123046874,286.18346801757815,338.9299118041992,282.44075838431576,290.4932963867651,291.0288820157578,280.37401123046874,269.7191404451797,0.07600469628785038,2.576786177935068,-0.00846306107663175,0.0012450548601286027,7.6708646373654705
2022-07-19 04:00:00+00:00,286.71593944316743,292.0861981723975,285.1117307356843,291.792724609375,55172600,56.737087577629666,-0.40445294700975865,-1.959903700046258,1.5554507530364994,281.5545318603516,285.9076293945312,338.64586181640624,283.3314218343214,290.5442543562792,291.7673499189837,281.5545318603516,271.34171380171944,0.07254593269127417,3.951780717070487,0.030753692222892814,0.0421326617039246,7.7657626416813725
2022-07-20 04:00:00+00:00,292.213369886789,297.6031517796827,291.43080356302335,296.4195556640625,67769400,60.0261476022339,0.6452557741237115,-1.4388718052122642,2.0841275793359757,282.6280914306641,285.7975506591797,338.37413665771487,284.5779107704872,290.7746583291335,294.25379693842143,282.6280914306641,271.00238592290674,0.08226857740083794,4.9273103461537096,0.01585656757166065,0.06084376885036247,7.651947325608373
2022-07-21 04:00:00+00:00,296.87925759821957,300.7333103156491,294.2185922174334,300.67462158203125,55049400,62.825205952318385,1.799759252523529,-0.7911455936651056,2.590904846188635,283.9344543457031,286.0088409423828,338.1604981994629,286.1109308477771,291.16289218218833,297.3660033593442,283.9344543457031,270.502905332062,0.09461020885677758,4.203659251650547,0.014354875839538428,0.0722433079379694,7.570716666508894
2022-07-22 04:00:00+00:00,299.74539853776133,301.819147180153,293.57304994858725,295.4022521972656,57127700,57.45661625228022,2.2631868216871567,-0.18027911059465318,2.4434659322818097,284.7727615356445,286.0441943359375,337.89732009887695,286.9958185953475,291.3291415945443,298.85406320432895,284.7727615356445,270.6914598669601,0.09889500381111344,2.248178602770831,-0.017535132686039456,0.03467305701265211,7.618958135441525
2022-07-25 04:00:00+00:00,295.43152035932314,295.9010600607953,291.71442807450484,293.7196960449219,40582400,55.817370426122686,2.4662587931048847,0.3490284701452544,2.1172303229596303,285.0495864868164,286.2200701904297,337.614578704834,287.6361878762593,291.42288882789245,299.59812049723047,285.0495864868164,270.5010524764023,0.10207721533451125,3.885251167555997,-0.005695813555341989,0.037560691693688364,7.373791981930736
2022-07-26 04:00:00+00:00,292.0177110014292,292.272048779563,287.1365749945954,287.9484558105469,50074100,50.49575839884523,2.1368714153412043,0.7065970591844444,1.43027435615676,285.14349060058595,286.29399475097654,337.2869123840332,287.6659276795248,291.2866365527024,299.7413280210207,285.14349060058595,270.5456531801512,0.10238941376278965,2.840292227676353,-0.01964880228356336,-0.013174656098689508,7.317315486816147
2022-07-27 04:00:00+00:00,292.51660523027056,301.80936763757944,291.94924091362884,300.1170959472656,69304400,59.3055660560018,2.8251703021837784,1.1303117077843112,1.6948585943994672,286.28161163330077,286.4006036376953,337.02890228271485,288.8517532288335,291.63292907797944,301.79367861515095,286.28161163330077,270.7695446514506,0.10836928640544087,7.407674385001034,0.04225978605255998,0.012474009263388819,7.784715225403034
2022-07-28 04:00:00+00:00,299.90190755932855,303.62879215852263,296.1456785873792,303.0516662597656,55139900,61.103294100386464,3.5663369159244667,1.6175167494123424,1.9488201665121243,287.55374603271486,286.6342462158203,336.79905303955076,290.2041258984461,292.08072269295144,304.1475687049608,287.55374603271486,270.9599233604689,0.1154137124011459,8.072014657157144,0.009778084461458558,0.007905704396424573,7.763172250098775
2022-07-29 04:00:00+00:00,304.59720722918473,309.4881348906429,303.16903485870444,308.5783996582031,57501000,64.30177852500067,4.547260010714297,2.2034654016727333,2.3437946090415633,289.27437591552734,286.8274859619141,336.6029243469238,291.95405673270864,292.727690417079,307.052803434395,289.27437591552734,271.4959483966597,0.12291740298531827,8.082370302720514,0.01823693453544717,0.04460408599775545,7.6684077058686695
2022-08-01 04:00:00+00:00,306.80777034962796,311.85520937202494,305.7122077435589,308.3924255371094,46358800,64.1107356433783,5.249133331608107,2.812598987659808,2.4365343439482987,290.8952239990234,287.31048400878905,336.3919396972656,293.5196156664611,293.3419937551194,309.423355122731,290.8952239990234,272.36709287531585,0.12738697369448573,8.939190208218097,-0.0006026802955091393,0.04995487088459827,7.5594501289113385
2022-08-02 04:00:00+00:00,306.093746470799,311.6009044410166,305.0372896668333,307.47296142578125,48676500,63.11237070664959,5.665867333893516,3.3832526569065497,2.282614676986966,292.23386840820314,287.80555541992186,336.1440742492676,294.8485057387773,293.8961493500473,311.47704442900533,292.23386840820314,272.99069238740094,0.13169709675076136,5.373758662899322,-0.002981474365742809,0.06780555763105167,7.48831903214505
2022-08-03 04:00:00+00:00,309.1554390037389,316.66792447631303,309.09675027637735,315.84625244140625,53735700,67.99957401036323,6.595754882983044,4.025753102121849,2.5700017808611957,293.9011856079102,288.4856640625,335.92682678222656,296.8482911390277,294.7569377065712,315.1553376124455,293.9011856079102,272.64703360337484,0.14463468026216292,6.553783785898515,0.027232609257078266,0.052410064959792946,7.610222176315531
2022-08-04 04:00:00+00:00,315.9245358005284,317.63636022868366,313.77251600725083,317.3233337402344,38973700,68.7852304798783,7.36696380843847,4.6939952433851735,2.6729685650532966,295.3400939941406,289.1015881347656,335.6988996887207,298.7982951962855,295.6418944137737,318.73751187535044,295.3400939941406,271.94267611293077,0.15844389811614285,5.537119185717827,0.0046765832661008755,0.047093182679403434,7.342623750966767
2022-08-05 04:00:00+00:00,312.2270485483683,316.7658139840289,311.4445120479677,314.731201171875,53894000,65.73514474297453,7.680453515995282,5.291286897907195,2.389166618088087,296.631298828125,289.7875146484375,335.4442808532715,300.3157148130083,296.39049467879727,321.2828030528974,296.631298828125,271.9797946033526,0.16620973121960433,6.543263915842376,-0.00816874239220411,0.01993918407927131,7.238066461059618
2022-08-08 04:00:00+00:00,315.65065454189204,319.3481942233988,312.2465585446914,313.7138366699219,43878500,64.52578856903966,7.757381292233049,5.784505776772367,1.9728755154606823,298.18025360107424,290.3745977783203,335.1869610595703,301.59172641842866,297.06984142354725,323.0366285196164,298.18025360107424,273.3238786825321,0.1667204626621365,6.807218206416117,-0.003232486954471203,0.01725532371148386,7.228321405177317
2022-08-09 04:00:00+00:00,311.81616067728,312.07049844322415,308.53926334826303,310.16302490234375,39764200,60.35241726375539,7.445993496803567,6.116803320778607,1.3291901760249596,299.68861694335936,290.73308837890625,334.9007365417481,302.4080405597539,297.5832995991863,323.5909373364162,299.68861694335936,275.78629655030255,0.15951436952691672,7.7147727808662925,-0.011318632946732743,0.008748943204919257,7.0816251134974255
2022-08-10 04:00:00+00:00,317.50921188482425,319.11345035298365,315.0344038884377,318.8199768066406,51459600,66.10781465083558,7.807757130963125,6.454994082815511,1.3527630481476143,301.65868225097654,291.0739471435547,334.6732322692871,303.9710821070764,298.4161104700669,325.0429490224324,301.65868225097654,278.27441547952066,0.1550379163428185,6.2318612008232055,0.027910973292263108,0.009415100993753311,7.215110851864745
2022-08-11 04:00:00+00:00,321.14804997763775,323.1533181299497,316.306020251236,317.01031494140625,45897700,64.01580853578608,7.857852397753618,6.735565745803132,1.1222866519504855,303.4883773803711,291.3946246337891,334.41803024291994,305.21291380558404,299.14529495913905,325.63155950366945,303.4883773803711,281.34519525707276,0.1459244160480362,4.606029346057363,-0.005676124449164988,-0.0009864348616870355,7.188838496639669
2022-08-12 04:00:00+00:00,319.0645264567088,323.37832792129433,318.0080992938017,323.1827087402344,40928400,67.76299813714658,8.299937341182556,7.048440064879017,1.2514972763035388,305.37236328125,291.8832690429688,334.1878958129883,306.9243228469793,300.08793863682905,327.4857396390937,305.37236328125,283.25898692340627,0.14482893029502578,4.732771022925685,0.019470640253358873,0.026853097299825768,7.130208102585984
2022-08-15 04:00:00+00:00,322.2338843720022,326.29334827484615,322.2143015565841,325.7944641113281,38266600,69.22341841080241,8.760059165880136,7.390763885079242,1.3692952808008947,307.50774841308595,292.26051940917966,333.9665351867676,308.7214791578697,301.0960376750447,328.83483837361575,307.50774841308595,286.18065845255614,0.13870928502185498,5.64282295322611,0.008081358626129465,0.03850843038879748,6.912268003705705
2022-08-16 04:00:00+00:00,324.8162311302888,327.12476412329613,321.97949953153403,325.03143310546875,41186900,68.2506170623632,8.959855168627314,7.7045821417888565,1.2552730268384575,309.1696838378906,292.7822332763672,333.72081115722654,310.2748081052601,302.0346806331006,330.5196290174227,309.1696838378906,287.8197386583585,0.1381115050771063,5.7105742235893535,-0.0023420625268778528,0.047937397463177156,6.786053474281162
2022-08-17 04:00:00+00:00,321.89149147226397,324.19999479301384,319.2405874236265,321.3241271972656,47842200,63.57580745964949,8.718544384158008,7.9073745902626875,0.8111697938953206,310.41491241455077,293.2098846435547,333.4473475646973,311.3271242092606,302.7911295179698,331.54902529685427,310.41491241455077,289.2807995322473,0.13616686594025135,1.7343485045388007,-0.011405991946016325,0.00785443376449324,6.714967203392669
2022-08-18 04:00:00+00:00,321.27522114148155,323.2804893080499,319.66122117182294,322.0968933105469,41937200,64.1273701622743,8.491771757110087,8.024254023632167,0.46751773347791925,311.48602600097655,293.6012469482422,333.17132034301756,312.3528165046212,303.5482182941493,332.70820007651173,311.48602600097655,290.2638519254414,0.1362640523428723,1.504320376962952,0.002404942697648238,0.016045466438783906,6.493845841452258
2022-08-19 04:00:00+00:00,319.0548386895048,319.7102063828074,315.0540329597149,315.8170166015625,51770600,56.62343762064685,7.7163697419586015,7.962677167297454,-0.24630742533885286,312.5067642211914,293.9105541992187,332.85600524902344,312.6827403233775,304.02934763953806,332.4623896535896,312.5067642211914,292.55113878879325,0.1277132383494498,0.3449977077723969,-0.019496855882213282,-0.022791108371432722,6.533061163550809
2022-08-22 04:00:00+00:00,311.55214452106736,311.7868995357727,306.6905604124885,307.50244140625,51098900,48.5268627281139,6.357654247362461,7.641672583310457,-1.2840183359479953,313.19590148925784,294.2144659423828,332.4790069580078,312.18937852174633,304.1655473950954,331.3823032481681,313.19590148925784,295.00949973034756,0.11613435343459656,-1.9799557869700457,-0.02632719188086763,-0.056145897859171456,6.718303665373896
2022-08-23 04:00:00+00:00,307.2676608758052,310.08484022576204,306.49488588076076,307.24810791015625,39497100,48.29935580181135,5.200392948519152,7.153416656352196,-1.9530237078330437,314.16088409423827,294.7194873046875,332.0761961364746,311.7187813206425,304.28643212117623,328.5347837132306,314.16088409423827,299.78698447524596,0.09150661553830233,-0.9398015747058421,-0.000827094233563308,-0.0547126320227066,6.4948501424901375
2022-08-24 04:00:00+00:00,306.76870019143814,309.9575940568266,306.16223003707927,308.13818359375,38057100,49.1970113683631,4.305446196851392,6.583822564452035,-2.278376367600643,314.5619384765625,295.5045471191406,331.6759852600098,311.37777201331943,304.43748119853205,327.74429786124205,314.5619384765625,301.37957909188293,0.08381407775220558,-3.3504152782022714,0.002896928119908937,-0.04103626988277975,6.302029705151368
2022-08-25 04:00:00+00:00,309.91847458385456,313.60625273552847,308.87183886814546,313.586669921875,38098300,54.41463580058454,3.989849261499444,6.065027903861517,-2.075178642362073,315.088688659668,296.3888128662109,331.30564620971677,311.58814324270566,304.79627291317297,327.18652699447154,315.088688659668,302.9908503248644,0.07679005162810279,-1.079979060039119,0.017681957700212525,-0.026421314720557754,6.242461093481874
2022-08-26 04:00:00+00:00,313.2932668013605,314.49644577468706,300.6453348026327,300.7333679199219,69047700,43.154714995119,2.6717837050251774,5.38637906409425,-2.7145953590690723,314.6964370727539,296.8814776611328,330.88438247680665,310.55435511672624,304.6369433055945,328.05609729586484,314.6964370727539,301.33677684964294,0.08490506182643792,-6.946331042220666,-0.04098803691226838,-0.04776072183808355,6.785936084808481
2022-08-29 04:00:00+00:00,297.9748502855104,300.5181384539001,296.6640853502917,297.7694396972656,48321900,41.045490931911914,1.3722248643274497,4.58354822414089,-3.2113233598134405,314.16528778076173,297.53765747070315,330.4765899658203,309.33674412439666,304.3676294386012,329.22213269385975,314.16528778076173,299.1084428676637,0.09585301431267826,-8.602056664930313,-0.009855667973117876,-0.031651786777607493,6.5918894051528865
2022-08-30 04:00:00+00:00,299.42247477379266,300.03873618303777,291.92957308299856,294.4532775878906,51184500,38.76272432395279,0.07387694492092578,3.6816139682968974,-3.6077370233759716,313.51430358886716,298.0630767822266,330.04695755004883,307.9192711209199,303.9788313268087,330.65398502771416,313.51430358886716,296.3746221500202,0.10933907156799731,-9.407753344168373,-0.011136677130959005,-0.041643316892311044,6.700266097644766
2022-08-31 04:00:00+00:00,297.3586141124348,298.25855794816766,292.63399106743503,292.7415771484375,50044000,37.60030163467298,-1.0807350149684112,2.729144171643836,-3.809879186612247,312.35906982421875,298.41894104003904,329.58875396728513,306.47377645687396,303.53815469236275,331.68894450784853,312.35906982421875,293.02919514058897,0.12376701399775421,-8.895239301865706,-0.005813147856512546,-0.049966564564459914,6.623430439293899
2022-09-01 04:00:00+00:00,290.2471230877456,293.2403675080189,286.5593755116165,292.86865234375,57990700,37.74955013884068,-1.962892403689068,1.7907368565772552,-3.7536292602663233,311.1363357543945,298.7853668212891,329.13162384033205,305.1780503508622,303.1197428355544,332.0817465245325,311.1363357543945,290.1909249842565,0.13463815288145528,-9.074362893223165,0.0004340865979828301,-0.0660679153973176,6.627541979087362
2022-09-02 04:00:00+00:00,295.7445911632377,297.1238362569738,287.1169881608131,288.73101806640625,64666800,34.82850462711802,-2.961739902404304,0.8402415047809435,-3.8019814071852474,309.8363265991211,298.9872650146484,328.6401231384277,303.61166632377115,302.55547911911725,332.85295488783026,309.8363265991211,286.8196983104119,0.1485728193420588,-8.576484834991707,-0.014127952050283832,-0.03991026980654688,6.8689209874497426
2022-09-06 04:00:00+00:00,289.21027525272297,290.12977184154136,284.5247592120652,286.6571960449219,57005400,33.432152513865304,-3.8759938030841568,-0.10300555679207651,-3.7729882462920803,308.4834945678711,298.95674499511716,328.1372303771973,301.99695486864266,301.9320170377763,333.52130520581204,308.4834945678711,283.44568392993017,0.16232836491310063,-6.778887759719895,-0.0071825397748135345,-0.037318281095740646,6.778641819023059
2022-09-07 04:00:00+00:00,287.13655005354025,293.44582795878586,286.87242089092786,292.4480895996094,49260400,40.59435533114634,-4.086167102068146,-0.8996378658472903,-3.1865292362208555,307.5977478027344,299.08429931640626,327.6432308959961,301.0875391287347,301.56009831471096,333.5711274496716,307.5977478027344,281.62436815579713,0.1688788674980432,-4.8169599517516355,0.020201458866499156,-0.006809868121378737,6.779355397225982
2022-09-08 04:00:00+00:00,290.3743402363653,295.28482016854514,289.00488665486586,293.9642639160156,55649800,42.343472178233334,-4.08331840677738,-1.5363739740333084,-2.5469444327440716,306.35496215820314,299.4164910888672,327.1459049987793,300.4091319656186,301.26222245593857,332.43992099400697,306.35496215820314,280.2700033223993,0.17029238666180596,-4.599858255937959,0.005184422023347901,0.004176676164309168,6.743682405544075
2022-09-09 04:00:00+00:00,296.2239112951973,300.88987538447077,293.964305106146,300.3909912109375,56125200,49.17466825875772,-3.5218795774615046,-1.9334750947189479,-1.5884044827425567,305.5239959716797,299.87213134765625,326.7035501098633,300.4074042746966,301.22805652476205,331.2547079625684,305.5239959716797,279.79328398079105,0.16843660288649637,-4.20798457862542,0.021862274037357077,0.025685025717119947,6.756677338609152
2022-09-12 04:00:00+00:00,301.7701780967967,304.29388314509475,301.45715162282016,303.9613037109375,45905700,52.538908709053715,-2.7570592174280932,-2.098191919260777,-0.658867298167316,304.5629257202148,300.4680413818359,326.2879083251953,300.7458708876719,301.3352426889258,328.9862197146159,304.5629257202148,280.13963172581373,0.16038258062202507,1.0733547172840319,0.01188555117983836,0.0527490456222075,6.552835524005445
2022-09-13 04:00:00+00:00,295.21633806147366,296.40972542851875,286.40290801772255,287.2930603027344,79562200,39.42013591624353,-3.456081951191038,-2.3697699256468296,-1.0863120255442085,302.63785552978516,300.6943933105469,325.78269287109373,299.4646508319636,300.78456886985947,326.11481688345134,302.63785552978516,279.160894176119,0.15514887463479013,-3.5182856256781454,-0.05483672824371866,0.002218204414839997,7.338946964663267
2022-09-14 04:00:00+00:00,288.4375060148532,290.4525654242087,286.6669929401463,289.57220458984375,54907200,41.5685858117007,-3.7825517060086895,-2.6523262817192017,-1.1302254242894878,300.8648941040039,300.8718359375,325.32568511962893,298.52251309461883,300.34486830985884,322.6006234246765,300.8648941040039,279.1291647833313,0.14448830519361902,-1.6576731758708088,0.007933168607371588,-0.009833830727713044,7.085134501763202
2022-09-15 04:00:00+00:00,287.65499831581434,290.0613261297462,283.1455479330982,284.7497863769531,65299400,38.46052255041439,-4.379921180970939,-2.9978452615695494,-1.3820759194013896,299.03617706298826,300.9168334960938,324.8032247924805,297.2108248357935,299.73329646935275,319.70713254876944,299.03617706298826,278.3652215772071,0.13825053335554846,-2.729981456454359,-0.01665359498064123,-0.031345570431972725,7.0730376228264
2022-09-16 04:00:00+00:00,281.44350335294047,283.39987414509164,279.3893080508119,283.00860595703125,79920400,37.373953748764194,-4.936929650055106,-3.385662139266661,-1.551267510788445,297.0817626953125,300.80610229492186,324.30064132690427,295.8582325616257,299.07742625318326,315.97691389751384,297.0817626953125,278.1866114931111,0.12720505648527647,-3.366712793537792,-0.006114773401855622,-0.05786586736118249,6.950711958777458
2022-09-19 04:00:00+00:00,280.3617623634722,285.36925788340324,280.3029681624726,285.21246337890625,52613800,39.696214740981695,-5.141264700156,-3.736782651444529,-1.4044820487114715,295.55153503417966,300.7322094726562,323.8417012023926,294.84434978231906,298.5337022188979,313.03393926359337,295.55153503417966,278.06913080476596,0.1183035928227672,-1.218627188399535,0.00778724524797525,-0.06168166836743505,6.816110370359828
2022-09-20 04:00:00+00:00,282.7038801471384,285.232151029439,280.6362137942929,282.9390869140625,51271100,38.12568475093951,-5.424118321217975,-4.074249785399219,-1.3498685358187563,294.3233673095703,300.7362963867188,323.3578091430664,293.7105152234375,297.92214867753177,311.7259766166616,294.3233673095703,276.920758002479,0.11825502994322025,-1.2970576640527496,-0.007970817396656171,-0.01515516380410964,6.657526574987419
2022-09-21 04:00:00+00:00,283.7817367355488,288.0543044733363,277.7355041722187,277.8726806640625,82931000,34.81945909010376,-5.988071732919309,-4.457014174903237,-1.5310575580160721,292.85459594726564,300.6938348388672,322.8815985107422,292.2021500273065,297.1358950299447,310.60105722098456,292.85459594726564,275.1081346735467,0.12119639930059031,-4.983930295288324,-0.01790634975625982,-0.04040278638743211,6.919046126853858
2022-09-22 04:00:00+00:00,276.3440423983697,277.3533829172927,273.2278295231123,274.4527587890625,62757100,32.754610833685604,-6.634489720914189,-4.892509284105428,-1.7419804368087615,291.1703247070312,300.5945166015625,322.37333923339844,290.51173181414043,296.2463602754003,309.1869204228353,291.1703247070312,273.1537289912271,0.12375296647370901,-6.63737315108733,-0.012307513883074273,-0.03616166922864472,6.75660362786074
2022-09-23 04:00:00+00:00,271.983285465821,272.27728643642564,266.56419952539187,269.9842224121094,74815200,30.231911327397995,-7.4218002803717695,-5.3983674833586965,-2.023432797013073,288.99020233154295,300.38587280273435,321.7861082458496,288.5567309187089,295.2164725160556,306.1616223785361,288.99020233154295,271.8187822845498,0.11883738554771694,-10.122397038690217,-0.016281623098522102,-0.046021157204312546,6.837457601847161
2022-09-26 04:00:00+00:00,269.51380107029183,273.8843397574687,268.0732832419527,268.8670349121094,71176700,29.617738738363343,-8.043180487577956,-5.9273300842025485,-2.1158504033754078,287.39688568115236,300.05315368652344,321.1846237182617,286.68152177522325,294.1831612374695,305.78468110168933,287.39688568115236,269.0090902606154,0.1279609928754552,-11.545637017073144,-0.00413797328606369,-0.05730965706460689,6.764143238537791
2022-09-27 04:00:00+00:00,272.23808250397224,274.58994076012567,266.6523929782951,268.9748840332031,69780100,29.76607488414733,-8.429753307067244,-6.427814728775488,-2.0019385782917567,285.95715789794923,299.77091613769534,320.61230972290036,284.99517532360227,293.19460134710613,305.3524101429854,285.95715789794923,266.5619056529131,0.13565145483756566,-6.376129047540695,0.00040112437409445256,-0.049354096081821064,6.847957848772991
2022-09-28 04:00:00+00:00,268.9552175757997,275.6090406552918,267.4755235954847,274.3253173828125,79652100,36.8740916971629,-8.209742988953963,-6.784200380811183,-1.4255426081427798,284.9507598876953,299.42156799316405,320.04590759277346,283.9789983768604,292.45462942693774,304.5657438189954,284.9507598876953,265.33577595639525,0.13767279609312646,-5.265314476100103,0.01989194407069217,-0.012766146253645694,6.939783506703998
2022-09-29 04:00:00+00:00,270.32717038385465,270.70936266225266,263.44797852218176,266.4172058105469,81216000,31.758153771543505,-8.57465841512618,-7.142291987674183,-1.4323664274519974,283.6345413208008,298.82152099609374,319.46796310424804,282.3064467038781,291.43355399100085,304.4762549737101,283.6345413208008,262.79282766789146,0.14696174560302663,-6.438136723353847,-0.028827494478863902,-0.029278455840524242,7.221037460555908
2022-09-30 04:00:00+00:00,265.59406465830415,269.67063288539833,261.74289418441106,261.8996887207031,78482400,29.2606846984294,-9.123215643195977,-7.538476718778542,-1.5847389244174348,282.0860931396484,298.0460223388672,318.8872004699707,280.36294594357577,290.2753631960872,304.4962083366699,282.0860931396484,259.67597794262696,0.1588884793829748,-7.458754536790679,-0.016956551571433498,-0.02994446719581212,7.271516120586719
2022-10-03 04:00:00+00:00,263.6733756405104,269.6412273086269,262.16425444341803,268.0439147949219,61267400,36.567207873049966,-8.958890985270841,-7.822559572077002,-1.1363314131938393,281.0517379760742,297.4988555908203,318.29406585693357,279.18970488179923,289.40354169015916,304.0417194854772,281.0517379760742,258.0617564666712,0.16359963951804565,-6.019564636337742,0.02346022671592829,-0.003061439337316174,7.3050891539679395
2022-10-04 04:00:00+00:00,273.39436874587614,277.1769653939,273.39436874587614,276.4714050292969,66696900,44.96398538400053,-8.055772548139771,-7.869202167289556,-0.18657038085021505,280.54244842529295,297.1538897705078,317.792784576416,278.93081918156093,288.8963990760077,303.4643463476923,280.54244842529295,257.6205505028936,0.16341126308023465,-2.2858919760103924,0.031440707172266213,0.027870710022012135,7.435657828611523
2022-10-05 04:00:00+00:00,272.69856983701754,278.11765408644186,269.8959468725678,276.3243713378906,55766300,44.85243062894204,-7.2681266306348675,-7.748987059958619,0.4808604293237515,279.736262512207,296.92140808105466,317.30016540527345,278.68258605359233,288.4033783803953,302.052696769673,279.736262512207,257.41982825474105,0.1595533883026133,-0.5572009894861605,-0.0005318224189972964,0.007287165377771299,7.491804213273134
2022-10-06 04:00:00+00:00,275.3248703546536,278.4802890818558,273.8255582519906,274.1489562988281,53489400,43.14681192500084,-6.7417348564393365,-7.547536619254763,0.8058017628154266,278.74549713134763,296.40204528808596,316.8148498535156,278.25081179123384,287.8443814360201,300.18968438951197,278.74549713134763,257.3013098731833,0.15386212497674623,-0.11069391015590772,-0.00787268610629499,0.029021213043497696,7.2891561144582795
2022-10-07 04:00:00+00:00,269.5040378040313,269.631435237861,262.3700506590773,263.7027893066406,71354700,36.05631290031008,-7.085803228096609,-7.455189941023132,0.3693867129265236,276.9110870361328,295.6150677490234,316.2357640075684,276.8652858403202,286.8976523329072,296.8596221834437,276.9110870361328,256.9625518888219,0.14407899200300286,-2.326592661359538,-0.03810398235038681,0.006884699232538427,7.609852509122031
2022-10-10 04:00:00+00:00,263.8987321560278,264.29073342037134,258.35227911263866,261.06671142578125,60393000,34.51489430484756,-7.484907985810139,-7.461133549980534,-0.023774435829604812,274.766357421875,294.664833984375,315.62038803100586,275.3606597056022,285.88467425811797,291.60116057831266,274.766357421875,257.93155426543734,0.12253904236601702,-2.9011825450739965,-0.009996397413127411,-0.026030075610852133,7.490466923308506
2022-10-11 04:00:00+00:00,259.3910346837709,262.26226172093607,255.79462918161028,257.4801330566406,66522500,32.480351762930965,-7.998407617616124,-7.5685883635076525,-0.4298192541084713,273.2757110595703,293.64658813476564,314.9725988769531,273.6577524057011,284.77077068158945,290.6797779565393,273.2757110595703,255.87164416260137,0.12737368300672072,-4.273540638516848,-0.013738168108653137,-0.06869163185481619,7.417407324452597
2022-10-12 04:00:00+00:00,258.1170858027284,260.03776649485417,256.69618581479585,257.3919372558594,50580200,32.42972783983397,-8.316607762055071,-7.718192243217136,-0.5984155188379345,271.6666976928711,292.6449676513672,314.2923852539063,272.10862715333525,283.69709093940395,288.6928411866381,271.6666976928711,254.64055419910412,0.12534582735654737,-6.172736912693741,-0.000342534391815974,-0.06851525252863266,7.126276849853006
2022-10-13 04:00:00+00:00,250.04234566116216,264.7513047312672,249.16038768549487,263.4283752441406,112894100,39.39245367847177,-7.98959449994851,-7.772472694563412,-0.21712180538509784,270.60062713623046,291.5966101074219,313.6514712524414,271.2819364953167,282.90223934351127,286.8697416171768,270.60062713623046,254.33151265528411,0.12024446988998201,-1.1218609388658067,0.023452319651647624,-0.039104949365562525,7.730894006704388
2022-10-14 04:00:00+00:00,265.76060320313445,266.3583541901535,254.92243399113153,255.5103759765625,77244300,34.38706171595129,-8.27397328745019,-7.8727728131407675,-0.4012004743094222,269.22571563720703,290.36035095214845,312.971259765625,269.7798831125782,281.8280486232388,285.7143210300968,269.22571563720703,252.73711024431728,0.12248908209874614,-2.4396030309735726,-0.030057503335545688,-0.031066843667519106,7.995538734727071
2022-10-17 04:00:00+00:00,261.48802600007826,264.81982672187945,261.3900257041888,263.94769287109375,64576500,42.73682343468869,-7.7294245705450635,-7.844103164621627,0.11467859407656356,268.16247711181643,289.3446807861328,312.33908508300783,269.224436422913,281.12685820158606,283.055713407112,268.16247711181643,253.26924081652083,0.11107621361273093,-1.5281906052454537,0.03302142569468569,0.011035422438879339,8.089389592626349
2022-10-18 04:00:00+00:00,270.98373618624925,271.6500904938322,263.34996903713596,266.0350341796875,69781000,44.61464084704342,-7.048187670055825,-7.684920065708467,0.6367323956526425,267.31727447509763,288.39110473632815,311.7295361328125,268.92068382832014,280.5350219654332,280.590803794588,267.31727447509763,254.04374515560727,0.09930917742262767,-3.774846389088037,0.007908162734398871,0.03322548043411544,8.104441868631339
2022-10-19 04:00:00+00:00,264.5160840058095,268.1908713282143,262.6934038485347,265.0648498535156,53115400,43.8941474361629,-6.5115274501642375,-7.450241542599621,0.9387140924353838,266.6768829345703,287.48914123535155,311.0964633178711,268.5534615450054,279.9283485492796,279.05741356403155,266.6768829345703,254.29635230510905,0.0928504225279912,-4.074747887730398,-0.0036468291823421595,0.029810229020612367,7.918229412277646
2022-10-20 04:00:00+00:00,264.1730989565768,269.3276102316729,262.5464194120329,263.7125244140625,60605500,42.85526023466233,-6.1247395357307255,-7.185141141225842,1.0604016054951169,266.13987121582034,286.3869921875,310.48203018188474,268.09241991348705,279.29243387731026,278.04737504951504,266.13987121582034,254.2323673821256,0.08948305099342735,-3.806847206592935,-0.005101866355348372,0.0010786581728658984,7.837012369946387
2022-10-21 04:00:00+00:00,262.6051858763906,270.43492236653367,261.46844819142547,269.8959655761719,77897700,48.82005236448516,-5.258637008234416,-6.7998403146275574,1.5412033063931414,266.1354583740234,285.4447052001953,309.95789779663085,268.2641861670761,278.9239449243245,278.0373242530129,266.1354583740234,254.2335924950339,0.08944216566785158,2.3485440885229547,0.023447658300826735,0.056301391067300255,7.917688213172231
2022-10-24 04:00:00+00:00,270.160641623062,273.7962238460083,266.5152503947844,272.86529541015625,63963600,51.441248153962,-4.2832695482743475,-6.2965261613569155,2.013256613082568,266.33537139892576,284.43835693359375,309.4499285888672,268.7023870473694,278.6863508257297,278.5444004250707,266.33537139892576,254.1263423727808,0.09168161902053834,4.519375112950478,0.011001757020137282,0.03378549151940358,7.872208587318776
2022-10-25 04:00:00+00:00,273.80595824255005,278.89186630999666,272.32623430491844,278.5096740722656,59014500,56.049208258883475,-3.0200167499234,-5.6412242790702125,2.6212075291468127,266.8121109008789,283.4926611328125,308.99046340942385,269.6364143830738,278.67942232559386,280.0936993328955,266.8121109008789,253.53052246886233,0.09955761293722312,8.1674421890247,0.020685586467216632,0.04689096656402181,7.778881688587307
2022-10-26 04:00:00+00:00,272.8750512177065,278.2843583301632,271.8657106363679,272.3556823730469,63492400,50.430227200109485,-2.486789345455975,-5.010337292347366,2.523547946891391,266.7136291503906,282.43914611816405,308.4990089416504,269.8953922868808,278.4314325235332,279.7986732566263,266.7136291503906,253.62858504415496,0.09812055085387071,5.813602895537809,-0.02209615059052472,0.027505844413397096,7.697816099109479
2022-10-27 04:00:00+00:00,271.23851616381444,272.6986221206552,266.8777564879459,267.3971252441406,57760300,46.39436423084144,-2.4362335220912996,-4.495516538296153,2.059283016204853,266.7626251220703,281.36060607910156,307.9549229431152,269.65746209233413,277.998714591008,279.8502007900052,266.7626251220703,253.67504945413535,0.09812150905282228,1.5065765016095305,-0.018206182025291784,0.013972035792630066,7.563748208652327
2022-10-28 04:00:00+00:00,266.76999988808325,276.05006498977406,266.60339635332474,275.5796813964844,62651300,53.068947262273234,-1.7161213916660358,-3.9396375089701294,2.2235161173040936,267.4466247558594,280.4302618408203,307.4442901611328,270.2214829784437,277.90385054416396,280.87166408721026,267.4466247558594,254.02158542450852,0.10039415785191547,7.8545950798345645,0.030600763358517247,0.021058913600946028,7.698242524923541
2022-10-31 04:00:00+00:00,273.3258515578879,274.1490005013356,270.45459440223453,272.37530517578125,47742000,50.42126065849129,-1.3879937926520256,-3.4293087657065087,2.041314973054483,267.66319427490237,279.56142761230467,306.9648793029785,270.42660890199966,277.68704484344306,281.2584544298312,267.66319427490237,254.06793411997353,0.10158483083009076,3.1929100091825244,-0.011627766620765145,-0.0017957220746539493,7.514445701303991
2022-11-01 04:00:00+00:00,275.8540770270768,276.4126519624979,269.2296498349258,269.59222412109375,45895900,48.17324641692917,-1.3371083357624798,-3.010868679717703,1.673760343955223,267.31923522949216,278.80322326660155,306.4600956726074,270.3471436847705,277.36960089354704,280.34172282868957,267.31923522949216,254.29674763029476,0.09743023234386906,1.337113343877718,-0.010217817114115402,-0.032018456740781076,7.490771160323141
2022-11-02 04:00:00+00:00,269.56281062737315,272.63003817817383,260.28274566333494,260.3513488769531,79803100,41.549244819676574,-2.0191669478658127,-2.812528333347325,0.7933613854815125,266.5205841064453,277.8652880859375,305.9552301025391,269.39516322688314,276.7022184615238,279.1904539394032,266.5205841064453,253.8507142734874,0.095076107351601,-1.7782444481670618,-0.034277232120722645,-0.04407594286816219,7.837665542788552
2022-11-03 04:00:00+00:00,257.7348721363837,259.1949779433197,254.88323381874503,255.2653961181641,70038900,38.418159064501346,-2.936249933002671,-2.8372726532783945,-0.09897727972427628,265.57640609741213,276.8078323364258,305.4447779083252,268.0494711212909,275.8615587617842,278.6399872297944,265.57640609741213,252.51282496502986,0.09837907910833461,-3.2031578002094943,-0.019534958358109922,-0.04536970662979245,7.668411936747091
2022-11-04 04:00:00+00:00,260.2042955239362,261.262620935391,253.8836504361232,259.371337890625,78313200,42.20475598304644,-3.29376119098481,-2.928570360819678,-0.3651908301651323,265.35983352661134,275.7235256958008,304.97806282043456,267.22298224217985,275.2148834335034,278.68154601424163,265.35983352661134,252.03812103898107,0.10040489029998072,-3.899512785631671,0.016084991678857463,-0.058815451936530705,7.647737548355714
2022-11-07 05:00:00+00:00,260.41993038858107,262.7620092159519,258.28366118491385,262.2230224609375,47333800,44.745928097490996,-3.3088420548377826,-3.004624699623299,-0.30421735521448356,265.41764907836915,274.9533187866211,304.5745076751709,266.7467955963472,274.7053986894812,278.6742093527693,265.41764907836915,252.16108880396902,0.0998920781676121,-3.900192926045016,0.01099460176866196,-0.037273139384981446,7.421352582833022
2022-11-08 05:00:00+00:00,263.7419702874569,267.3775517798265,260.19455020333703,264.1339416503906,63213800,46.445211467659384,-3.1305119466769042,-3.0298021490340203,-0.1007097976428839,265.75033950805664,274.2806088256836,304.1726572418213,266.49795236339895,274.2908317467718,278.5183623563238,265.75033950805664,252.9823166597895,0.09609035963530776,-5.161663583055607,0.007287381449269104,-0.020246438815132217,7.4043275109513385
2022-11-09 05:00:00+00:00,262.3896472598714,263.1735899964773,257.7545043372061,258.0386962890625,64862100,42.00747368411717,-3.4413496748428543,-3.1121116541957874,-0.32923802064706686,265.7826774597168,273.55231719970703,303.7802614593506,265.6923089277479,273.65349310137145,278.4688721242687,265.7826774597168,253.0964827951649,0.09546291568587795,-5.256723839664314,-0.02307634271931558,-0.008882813927665212,7.331121068253711
2022-11-10 05:00:00+00:00,270.4741113675473,277.3728894321898,268.3574306299329,277.07891845703125,99256700,56.11380606716502,-2.126787725678014,-2.915046868492233,0.7882591428142192,266.4652046203613,273.2390640258789,303.4856990814209,266.77674793053677,273.78782350747576,280.01100198029053,266.4652046203613,252.91940726043208,0.10167029034224721,3.620754413141462,0.07378824355335967,0.08545428667804833,8.18848335931611
2022-11-11 05:00:00+00:00,276.8928205948977,282.8508935557488,275.55030284476703,282.18450927734375,66961800,58.99416383435821,-0.6653397772683434,-2.465105450247455,1.7997656729791118,267.7989112854004,273.02538116455077,303.2335829925537,268.2441537730898,274.1171053023726,282.0042337350879,267.7989112854004,253.5935888357129,0.10608947124918303,2.3967035041878937,0.018426486030564737,0.0879556375513586,8.12506245586366
2022-11-14 05:00:00+00:00,280.1265863075021,283.40940244818376,278.7350835242502,279.71502685546875,55290700,57.0439912895601,0.29025577005137393,-1.9140332061876895,2.2042889762390634,268.58727798461916,272.84506134033205,302.91695152282716,269.33661787617353,274.3366316377881,283.57852486707543,268.58727798461916,253.5960311021629,0.11163035714085275,2.69470893293748,-0.008751303989716464,0.06670659284745661,7.878580775011511
2022-11-15 05:00:00+00:00,286.3492328999672,287.3781913426912,280.23439607313935,283.5858154296875,73985400,59.314295344669894,1.3444148370338667,-1.2623435975433783,2.606758434577245,269.46481704711914,272.7836337280273,302.5648246002197,270.69368430984156,274.6993447276665,285.7542497958727,269.46481704711914,253.17538429836563,0.12090211202529735,5.190650937435123,0.01383832902269777,0.07364397645283893,7.863193897312293
2022-11-16 05:00:00+00:00,281.62592831354385,283.67400628713096,278.89187804590483,279.71502685546875,48859800,56.12008781995367,1.8462211162188282,-0.6406306547909371,2.486851771009765,270.1973258972168,272.5289724731445,302.18130104064943,271.5528597903775,274.8960381444431,286.940705495624,270.1973258972168,253.45394629880957,0.1239344582172246,7.437517824294913,-0.013649443532123606,0.08400418572152368,7.643117779020424
2022-11-17 05:00:00+00:00,275.2464861566308,280.5773802418302,275.0896916358312,279.09765625,55462100,55.60574275165419,2.169085689887993,-0.0786873858551511,2.247773075743144,270.96658248901366,272.23164031982424,301.7802103424072,272.2714118341511,275.0608074819159,287.86055726059476,270.96658248901366,254.07260771743256,0.12469415686907492,9.336267466822566,-0.002207141362440157,0.007285786317524634,7.48915855237604
2022-11-18 05:00:00+00:00,282.1159471347535,282.2139175598534,276.65765469019476,279.1075134277344,53588600,55.6127377226876,2.3981096670276543,0.41667202472141,1.9814376423062443,271.4271598815918,271.8059707641602,301.4520092010498,272.92246912877806,275.2195018327323,288.67777044005015,271.4271598815918,254.17654932313346,0.12711042303934364,7.6092353525322745,3.5318024045105645e-05,-0.010904198311556423,7.351094575039085
2022-11-21 05:00:00+00:00,277.7159306483502,278.87225658755443,275.4032787699417,276.2362365722656,40083500,52.99341966046706,2.3211677954953984,0.7975711788762078,1.5235966166191908,271.59570693969727,271.25146942138673,301.0877068328857,273.23806602815785,275.25937378330224,288.96469450835144,271.59570693969727,254.2267193710431,0.12790325564689897,5.344006021979107,-0.010287350634909265,-0.012436908815058545,7.090604580950054
2022-11-22 05:00:00+00:00,276.9712332967761,280.3716083864238,274.8349338303634,280.21484375,41873400,56.080261533240105,2.551815416929003,1.1484200264867668,1.403395390442236,271.680965423584,271.109905090332,300.75733894348144,273.90252104928567,275.453705938859,289.2009531145803,271.680965423584,254.1609777325877,0.12897471608789726,6.088161937512052,0.014402915515733028,-0.011886954481767131,6.979609579172222
2022-11-23 05:00:00+00:00,280.23431695350496,283.65430864959086,280.0579343807215,283.02716064453125,46390000,58.171235561227896,2.9277860929216217,1.5042932397737379,1.4234928531478839,272.2145393371582,270.9790042114258,300.42157951354983,274.771534344071,275.7507041626109,290.42078400248295,272.2145393371582,254.00829467183348,0.13376394008679254,9.683998840032869,0.010036288074161792,0.011841100659829351,6.737949914150588
2022-11-25 05:00:00+00:00,281.42997925536906,282.13553977935584,280.675433518044,281.1654052734375,15498800,56.26162755179691,3.04046883119986,1.8115283580589623,1.2289404731408975,272.90295333862304,270.90731658935545,300.039408493042,275.38047443258205,275.9630453826433,291.3678875101045,272.90295333862304,254.4380191671416,0.1353223477106883,1.4748458089711984,-0.006578009569307874,0.007408693613626394,6.424648286460352
2022-11-28 05:00:00+00:00,279.1858118886165,281.20449248954884,276.1088057893821,277.03973388671875,38714200,52.174214219010096,2.764990423432323,2.0022207711336346,0.7627696522986884,272.97595596313477,270.7879391479492,299.67707572937013,275.5384991424998,276.0052684612345,291.4941117154194,272.97595596313477,254.45780021085014,0.13567609415963,-1.8231955410310923,-0.014673467323287781,-0.0074085413023143865,6.329722458867953
2022-11-29 05:00:00+00:00,277.26517950794414,277.66695987831514,273.57080376892094,274.9427185058594,35618900,50.178733094488884,2.350366621455521,2.071849941198012,0.2785166802575092,273.10432662963865,270.5825442504883,299.3596927642822,275.4817581294864,275.9635998355335,291.6396348563723,273.10432662963865,254.56901840290496,0.13573793176751622,-1.706132274429171,-0.00756936686098908,-0.004682651640701252,6.170182005334113
2022-11-30 05:00:00+00:00,275.20722740911276,287.5839140324113,274.3546816635539,287.4761047363281,74718100,60.020636045766295,2.998548394742329,2.257189631906875,0.7413587628354539,273.9985206604004,270.6732846069336,299.1028804779053,276.62407685394754,276.41507061595684,293.47162897892264,273.9985206604004,254.52541234187814,0.14214024419976803,1.3718208369294078,0.045585445210478026,0.025913191782254152,6.674399888442921
2022-12-01 05:00:00+00:00,287.7995213571941,289.81820196065985,285.0458833523066,287.82891845703125,51547300,60.258631605507,3.500356309997585,2.505822967525017,0.9945333424725677,275.3723991394043,270.87240936279295,298.80570747375486,277.6912046256698,276.8626724920774,294.67676912109107,275.3723991394043,256.06802915771755,0.14020555467444748,2.900770721107887,0.0012272801630826002,0.01696571382606904,6.5385369398650885
2022-12-02 05:00:00+00:00,282.7528813238132,287.5644070798879,282.57646878094204,286.68243408203125,53583200,59.028914737909176,3.762163116137799,2.7570909972475737,1.0050721188902254,276.94325103759763,271.1170028686523,298.50324058532715,278.5475121929423,277.2477611818795,294.4793127855237,276.94325103759763,259.4071892896716,0.12664010899146533,2.7176071393581434,-0.003983214685813974,0.019622004361554923,6.446673563881098
2022-12-05 05:00:00+00:00,284.5560073855162,285.8299220139231,280.410835482402,281.8709716796875,41482100,54.04432308242158,3.540588392372456,2.9137904762725504,0.6267979160999055,278.06823272705077,271.35473785400393,298.2283486175537,278.8640321440609,277.4290635543426,293.7383694921528,278.06823272705077,262.39809596194874,0.11270713386727417,0.9901052888239895,-0.016783248048490518,0.017438790187923825,6.434168209291682
2022-12-06 05:00:00+00:00,281.71405290857746,281.85122939160306,274.638862536521,276.0303649902344,53937600,48.671471850921506,2.860724033655572,2.903177187749155,-0.04245315409358286,278.75859985351565,271.4980044555664,297.9434627532959,278.5941590817917,277.37421263025993,292.6964333460952,278.75859985351565,264.8207663609361,0.09999930764398819,-0.07452736273337995,-0.02072085200774154,0.003955902124943345,6.4911639902827405
2022-12-07 05:00:00+00:00,274.84470921012746,276.90259620106474,273.18860257643723,274.90350341796875,45614300,47.6864474378397,2.205573837629345,2.763656517725193,-0.5580826800958483,279.29707794189454,271.6165768432617,297.66966606140136,278.24266806618954,277.2773220729152,291.6784993487462,279.29707794189454,266.9156565350429,0.08866130285421386,-1.895452882135638,-0.004082382647668137,-0.04373442213533163,6.292794678450224
2022-12-08 05:00:00+00:00,276.25576830797405,279.1269944697631,274.1782936802565,278.1568603515625,42594900,50.783369122878554,1.926671828748681,2.5962595799298906,-0.6695877511812096,280.30298614501953,271.6932077026367,297.4543579864502,278.23449590289175,277.31181377011706,287.9924888553875,280.30298614501953,272.6134834346516,0.05486564960381586,-1.7207890161063437,0.01183454155055741,-0.033603496678922706,6.1967879720971055
2022-12-09 05:00:00+00:00,277.1377547831242,279.9110109941769,275.9422227932472,276.3832092285156,47860500,49.077599067610265,1.5447146458355974,2.385950593111032,-0.8412359472754347,280.26820068359376,271.8925277709961,297.1762096405029,278.0581828862845,277.27539790574053,288.0217559676641,280.26820068359376,272.51464539952343,0.05532953981335639,-1.7008479547016528,-0.006376442129829796,-0.03592555255955654,6.037645131299432
2022-12-12 05:00:00+00:00,276.55966844795495,279.9110885300564,275.52093068276344,279.8522644042969,35732500,52.44230754839399,1.5045906032071912,2.209678595130264,-0.7050879919230728,280.1515884399414,272.25157928466797,296.889663772583,278.2290477927619,277.3764514939192,287.8563518207369,280.1515884399414,272.4468250591459,0.05500424554935006,1.0152083522893383,0.012551613339553569,-0.007161813305431974,5.9199674681561145
2022-12-13 05:00:00+00:00,290.7001725834761,290.9255703073844,280.17559116121214,282.8606262207031,80667700,55.206433073415354,1.6959913346138933,2.1069411430269898,-0.4109498084130965,280.3088684082031,272.5479135131836,296.61313774108885,278.6701505001849,277.59151716947935,288.099509635759,280.3088684082031,272.5182271806473,0.05558612020944438,2.8798390289703235,0.010749821241611057,0.024744600945299622,6.288063070651217
2022-12-14 05:00:00+00:00,282.2726715576062,285.5652967825722,277.5101612050546,280.7635803222656,64984400,52.89839975822936,1.659335923337892,2.01742009908917,-0.35808417575127827,280.16775665283205,272.63375701904295,296.3520156097412,278.8695247689545,277.71591180292194,287.8168165202349,280.16775665283205,272.5186967854292,0.05460342730931122,-2.334985170408928,-0.007413707331614505,0.021316850572788537,6.414282535427388
2022-12-15 05:00:00+00:00,276.6673503076937,277.33373441141117,270.1409549170071,271.33648681640625,60554100,43.99407249111312,0.8596886300093729,1.7858738052732108,-0.9261851752638379,279.7488296508789,272.5339993286133,296.0158211517334,278.1520925829975,277.465738274039,288.314072791276,279.7488296508789,271.18358651048186,0.06123523841787874,-5.729942539837978,-0.03357662519846338,-0.024519882509947744,6.714878454701041
2022-12-16 05:00:00+00:00,270.66032135090643,272.198809432798,267.1422989779341,268.7494201660156,68300400,41.90918656861805,0.0170116317292468,1.432101370564418,-1.4150897388351713,279.2314178466797,272.426008605957,295.69087409973145,277.25659997185636,277.1239218776459,289.0500290823462,279.2314178466797,269.41280661101314,0.07032597772402344,-6.255358467789581,-0.009534532862663259,-0.027620306905794423,6.5964235975698156
2022-12-19 05:00:00+00:00,269.01953024700964,269.10793267507745,263.7348097149866,264.9725036621094,44167900,39.003142596310376,-0.9446917391064176,0.956742748630251,-1.9014344877366685,278.52466735839846,272.4514028930664,295.371224899292,276.08668603759475,276.64739567311506,290.14651737765075,278.52466735839846,266.90281733914617,0.08345293168807624,-5.995107590142771,-0.014053673126338762,-0.05317005661491092,6.5090449806070305
2022-12-20 05:00:00+00:00,263.80364197163163,266.51477034022,262.2221704080176,264.76629638671875,51064200,38.84477117993811,-1.703846906440674,0.424624817616066,-2.12847172405674,277.95117034912107,272.5253945922852,295.11119621276856,275.00855368989227,276.18147021090346,291.01114637734105,277.95117034912107,264.8911943209011,0.0939731681058653,-4.080735321968702,-0.0007782214099225637,-0.06396906517440215,6.350727477149561
2022-12-21 05:00:00+00:00,265.807524803152,269.91348741137045,264.962740308283,268.6070556640625,46394700,43.450552889653586,-1.9728241817271055,-0.05486498225256828,-1.9179591994745373,277.3707809448242,272.7479330444336,294.8777335357666,274.3988872112418,275.8844343463215,290.9962430952078,277.3707809448242,263.74531879444066,0.09824727827473645,-2.2904210661633533,0.014506224280653512,-0.04329808248010525,6.264760587685428
2022-12-22 05:00:00+00:00,265.59134332773766,265.719045712684,257.81160012388136,262.03546142578125,60278400,38.15555420447209,-2.6853087761679717,-0.580953741035649,-2.104355035132323,276.3211959838867,272.840803527832,294.5546619415283,273.22141808881696,275.3413373690454,291.2169062099688,276.3211959838867,261.4254857578046,0.10781445971267953,-5.795794108908696,-0.024465456508708128,-0.034278564964682845,6.588381655720836
2022-12-23 05:00:00+00:00,260.7683665635483,263.2928575000429,258.8627227414645,262.6248779296875,39373600,38.87504515543432,-3.16590241222832,-1.0979434752741832,-2.0679589369541365,275.39416961669923,272.82473358154294,294.25267417907713,272.2122237879475,274.842652685149,291.24564350772033,275.39416961669923,259.54269572567813,0.11511844214482532,-4.977991006484276,0.0022493768618152554,-0.02278904353559086,6.434221163067804
2022-12-27 05:00:00+00:00,262.01584202876984,262.1239094413992,258.3715570673446,258.91180419921875,38009000,36.03124018367017,-3.802556841632338,-1.6388661485458142,-2.163690693086524,274.4877731323242,272.8927621459961,293.9656157684326,270.9455171604495,274.21791352883804,291.85944846223674,274.4877731323242,257.1160978024117,0.12657522141460234,-7.482683854516134,-0.014138316825654473,-0.022872937301521623,6.278442570158881
2022-12-28 05:00:00+00:00,258.50913565410923,260.76838946738087,255.13005744457703,255.49349975585935,47139000,33.594763076839754,-4.530711443152654,-2.2172352074671826,-2.3134762356854717,273.5153121948242,272.7236782836914,293.691840133667,269.47389645525044,273.4836227926428,292.7534896508473,273.5153121948242,254.27713473880115,0.1406734950350405,-9.675127581556886,-0.013202582454406753,-0.03502257182052926,6.232720388204949
2022-12-29 05:00:00+00:00,258.30284360486513,262.66421146878105,257.60542643974037,261.7212219238281,45893600,41.37304430224944,-4.552772551250541,-2.6843426762238543,-1.868429875026687,272.2275680541992,272.63740203857424,293.40054542541503,268.7355464998769,273.0223521703363,290.9975893469222,272.2275680541992,253.45754676147618,0.13789948921694803,-6.782346334442782,0.0243752665876813,-0.025635342017397478,6.29971976854186
2022-12-30 05:00:00+00:00,258.9511626339772,261.69175883247533,257.6447307412725,261.5640563964844,37858300,41.24175444063189,-4.530710868309029,-3.0536163146408892,-1.47709455366814,270.91432495117186,272.5673861694336,293.04912971496583,268.0525474424109,272.5730072380284,288.7882427879287,270.91432495117186,253.04040711441502,0.13195254876225793,-3.6015909745799024,-0.0006005073879316036,-0.0017990123425732918,6.140917726685701
2023-01-03 05:00:00+00:00,263.89202824546896,265.36546227249795,257.48751246640285,259.7958984375,42335300,39.71483906315399,-4.602843679048135,-3.3634617875223385,-1.2393818915257966,269.5699981689453,272.48905364990236,292.6687865447998,267.2661999181337,272.0719441478116,286.51831104548063,269.5699981689453,252.62168529240998,0.12574331707279574,-3.3315501566420984,-0.006759942414657161,-0.01077194024606043,6.264991446643515
2023-01-04 05:00:00+00:00,261.91768437745793,262.71333646732893,257.8804589796899,261.0335998535156,47754900,41.3517036345196,-4.508169914343341,-3.592403412886539,-0.9157665014568019,268.5281295776367,272.3118063354492,292.260259475708,266.67261895959865,271.6390679009765,284.874828880317,268.5281295776367,252.18143027495643,0.12175036804070943,-1.4865330380153732,0.004764129932225858,0.008195051828012723,6.162697592428911
2023-01-05 05:00:00+00:00,259.3637501022572,259.5307225443291,256.6329862583549,256.9472961425781,45396700,37.711118621987886,-4.708593102249495,-3.8156413507591305,-0.8929517514903642,267.57397613525393,271.99344635009766,291.8360652923584,265.74639773893006,271.06291998888247,284.2814408231924,267.57397613525393,250.86651144731545,0.12488108843210627,-2.9531705322191617,-0.01565432079713347,0.005690150192110499,6.036834449766898
2023-01-06 05:00:00+00:00,258.6859086561472,265.1591919339073,255.72920809325257,264.03936767578125,54659700,46.51261099972423,-4.246211339672584,-3.9017553485418213,-0.34445599113076275,267.03076934814453,271.704040222168,291.4137461090088,265.5838234472016,270.7874865648393,283.45372216422504,267.03076934814453,250.60781653206402,0.12300419802684905,-1.7005093097755029,0.02760126936407925,0.008857309066927055,6.279202263401745
2023-01-09 05:00:00+00:00,266.03337744781555,270.4144089720357,265.139520633471,265.74853515625,45568700,48.40474439538305,-3.6992127085601396,-3.8612468205454853,0.16203411198534567,266.4103530883789,271.571897277832,291.025015335083,265.5995102766348,270.58988062724757,282.02267381782156,266.4103530883789,250.79803235893624,0.11720506015217383,1.4170119228387104,0.006473153967583523,0.015997912012125637,6.286047908605509
2023-01-10 05:00:00+00:00,264.71714306111187,268.10605325468526,264.2063633991189,267.99798583984375,35247800,50.86817205580768,-3.0490528979311193,-3.698808036022612,0.6497551380914928,265.9910919189453,271.5839144897461,290.6093579864502,265.82793652075,270.4882376944082,280.9461573644235,265.9910919189453,251.03602647346707,0.11244786686341691,2.045924952926505,0.008464583566833772,0.03157127364855983,6.115593761959855
2023-01-11 05:00:00+00:00,269.06874434252666,272.74249736124165,268.28289478164135,272.6344299316406,44077000,55.57619953893833,-2.135062601392633,-3.3860589490966166,1.2509963477039836,265.6302001953125,271.5250094604492,290.21834739685056,266.47617398845387,270.5724020958683,279.5418276554712,265.6302001953125,251.71857273515386,0.10474432086358955,5.300115912004943,0.017300294542391237,0.044441903588791076,6.01765931620543
2023-01-12 05:00:00+00:00,273.19426632838184,275.13920972773764,268.89183485461996,274.1077880859375,60600000,56.98674272068657,-1.2771092957687529,-2.964269018431044,1.6871597226622912,265.1925582885742,271.55965911865235,289.8075621795654,267.2029943786904,270.7110446837142,277.3483651281661,265.1925582885742,253.03675144898233,0.0916753239083302,7.285621101071188,0.005404152933531803,0.06678603823033469,6.034067570270591
2023-01-13 05:00:00+00:00,271.60300092594355,276.2394077827865,271.26902614954236,275.99383544921875,44802900,58.790575094820525,-0.4399157846532944,-2.459398371675494,2.0194825870221997,264.9540710449219,271.68769134521483,289.3755513763428,268.0402173377883,270.9182129490281,276.016543982082,264.9540710449219,253.89159810776175,0.08350483458157189,5.453365004365048,0.006880677767134191,0.04527532344387608,5.95809000334013
2023-01-17 05:00:00+00:00,275.7973594990596,277.84053805638007,274.6284328189318,276.5537414550781,36269700,59.33577225995314,0.26568320924815225,-1.914382055490765,2.180065264738917,265.21493377685545,272.01173919677734,288.96635414123534,268.85102915848256,271.1392140669124,277.0837810054024,265.21493377685545,253.34608654830853,0.08950361172748325,5.730789338987795,0.002028690260230004,0.04065951404953205,5.761948234347854
2023-01-18 05:00:00+00:00,278.0959421055457,279.6479761696121,272.75231526276207,272.9585876464844,47754500,54.3624868517546,0.528682308522491,-1.4257691826881138,1.9544514912106048,265.4253921508789,272.36560302734375,288.56139198303225,269.2422252049589,271.21056205042504,277.6804596688199,265.4253921508789,253.17032463293793,0.09234284194614416,5.066550044919578,-0.012999837896525923,0.018509847344916563,5.842927710955152
2023-01-19 05:00:00+00:00,271.3279733334232,272.4674326097556,269.03925227139626,270.27691650390625,44150400,50.9332247149359,0.5147883799588158,-1.037657670158728,1.5524460501175437,265.69061279296875,272.5837145996094,288.14638984680175,269.3407672334301,271.1739484995812,278.12330148151403,265.69061279296875,253.25792410442347,0.0935877151085731,3.54104477568317,-0.009824461526197648,-0.008647159598754617,5.705528258393221
2023-01-20 05:00:00+00:00,271.88791451500214,278.00755881149314,270.8270250857129,277.673583984375,60613600,58.67633524063123,1.0880838374468453,-0.6125093686376133,1.7005932060844586,266.3359771728516,272.8927258300781,287.73200386047364,270.13436882875817,271.42883616565155,279.80643428632914,266.3359771728516,252.865520059374,0.10115386780611514,8.066357635573643,0.027366996694154766,0.013008736173959257,5.850179261907054
2023-01-23 05:00:00+00:00,278.5183243060803,285.0701773331729,277.72267234899215,283.8423156738281,52799900,63.80620700620557,2.0169396857775723,-0.08661955775457619,2.1035592435321484,267.09774017333984,273.2868933105469,287.38849006652833,271.4398875759077,271.91563928361927,282.5701317599659,267.09774017333984,251.62534858671384,0.11585565326449274,7.499998266305226,0.02221576716422624,0.028437157706203475,5.960637410970688
2023-01-24 05:00:00+00:00,282.2215625090194,284.42188115202566,281.7009503309119,283.2627868652344,44875100,63.014774474657315,2.6754604632910173,0.4657964464545425,2.209664016836475,268.1591064453125,273.7913751220703,287.0803496551514,272.56587798441495,272.36062546329043,284.9527159930959,268.1591064453125,251.36549689752906,0.12525108522621264,6.590535559748867,-0.002041728017959432,0.024259463548953697,5.72922979740948
2023-01-25 05:00:00+00:00,278.7442072585787,283.2529112796493,276.20008172043674,282.63409423828125,50872000,62.11466948598256,3.1107538490698516,0.9947879269776043,2.115965922092247,269.15956726074216,273.9024786376953,286.76496559143067,273.5247557228784,272.76350659172147,286.87400068490933,269.15956726074216,251.44513383657497,0.13162774486858,5.46127552137055,-0.00221946777376103,0.03544679313892063,5.824478036508634
2023-01-26 05:00:00+00:00,286.0622963157405,288.321549755741,283.4101031669652,288.1447448730469,51596300,66.61597667572036,3.8559415512530677,1.5670186518326972,2.2889228994203705,270.62121429443357,274.02168334960936,286.5012982940674,274.9171356419421,273.3666924066754,289.498172936545,270.62121429443357,251.74425565232212,0.1395083433597595,5.689052166043464,0.01949747304767757,0.06610933926679752,5.814690713719428
2023-01-27 05:00:00+00:00,286.8284690901629,292.97760956127144,286.71059917317257,291.0130310058594,56441900,68.70051120945007,4.624644866393055,2.178543894744769,2.446100971648286,272.3971908569336,274.24764343261717,286.2922940826416,276.45007805755324,274.05870568507476,291.9194572443219,272.3971908569336,252.8749244695453,0.14333676735779288,6.167370521636471,0.009954323942559684,0.04804002897962012,5.846999261889388
2023-01-30 05:00:00+00:00,287.74198235359313,289.1663137546794,284.7558446218129,285.12908935546875,49405800,60.37251945133305,4.704828530173643,2.683800821830544,2.021027708343099,273.5675842285156,274.2785089111328,286.0608991241455,277.27665056211663,274.49283837803137,293.19574225891813,273.5675842285156,253.9394261981131,0.14349768877592445,3.3099485325029416,-0.020218825356559944,0.0045334103147582905,5.876298342043464
2023-01-31 05:00:00+00:00,285.16840460225166,289.5003040173243,285.0603671681348,289.4020690917969,46705100,63.804047022806756,5.0548986898208454,3.158020395428604,1.8968782943922413,274.95948486328126,274.47224975585937,285.8171868133545,278.4314523268481,275.07751409229667,294.9305710694054,274.95948486328126,254.98839865715712,0.1452656649837296,4.645870118812246,0.014986123464242551,0.021673451336491123,5.773701092553895
2023-02-01 05:00:00+00:00,289.19577221840314,298.0560101714726,287.12312638069733,295.5904846191406,67562200,68.11095735236442,5.76522727645704,3.6794617716342914,2.0857655048227484,276.7492141723633,274.8021063232422,285.64307853698733,280.065645878495,275.88194430903565,297.36892609518424,276.7492141723633,256.1295022495423,0.1490136980839173,8.291329892858105,0.021383452947535186,0.0458415691701235,6.142214142426852
2023-02-02 05:00:00+00:00,302.1227241909579,308.1244973652682,301.29760478441443,306.19921875,83070600,73.85440997742863,7.1023327120217346,4.364035959711781,2.738296752309954,279.0074951171875,275.3439404296875,285.5207445526123,282.5545575805431,277.0708570322107,302.00396518800306,279.0074951171875,256.0110250463719,0.16484481939208623,13.290924993061543,0.03588997171045061,0.06265765452327687,6.598771185548332
2023-02-03 05:00:00+00:00,299.53929510558413,306.85736222421656,299.14638538944257,300.75732421875,76170800,67.17118879169342,7.634872931557879,5.018203354081001,2.6166695774768787,281.19799652099607,275.8343621826172,285.3342475128174,284.28815440322944,277.9997380983495,303.7129912477806,281.19799652099607,258.6830017942115,0.1601362385603159,8.313264770506203,-0.017772398484442564,0.033484044268431434,6.678214446207307
2023-02-06 05:00:00+00:00,298.13465635865975,300.4921448518524,296.8674946774453,298.2132263183594,40802300,64.24426026804414,7.762150217698263,5.566992726804454,2.195157490893809,282.906689453125,276.1943298339844,285.1596820831299,285.6143517284799,278.7924239108989,305.13879150497246,282.906689453125,260.67458740127756,0.15716915068232135,5.062990911138599,-0.008458972385790409,0.045888467544532796,6.479044095857122
2023-02-07 05:00:00+00:00,298.08559430198045,305.52153378543665,296.96579974351937,304.39190673828125,67584000,67.9023088801429,8.266297524181539,6.106853686279871,2.1594438379016676,284.83885803222654,276.6216247558594,285.0504737091064,287.4026903008419,279.79632519824725,307.4834097070665,284.83885803222654,262.19430635738655,0.158999034269952,7.459193672022758,0.020719001957766325,0.05179588968912885,6.627379092004276
2023-02-08 05:00:00+00:00,303.07552942331165,304.01851869676693,298.29178563789054,298.9793701171875,56720900,61.92557961164916,8.135312606220111,6.51254547026792,1.6227671359521914,286.38792724609374,276.9779040527344,284.9569164276123,288.50523123573197,280.5486014695782,308.4434272404727,286.38792724609374,264.33242725171476,0.15402534741226462,5.783193256623168,-0.01778147349281367,0.011464799018863436,6.589717806889021
2023-02-09 05:00:00+00:00,303.37020004952325,303.5175374375631,294.8832367504567,296.3370056152344,49137800,59.18665909084099,7.729192067989459,6.755874789812228,0.9733172781772303,287.57305603027345,277.36384948730466,284.8297422027588,289.2511145099703,281.16775457332943,309.0856582314256,287.57305603027345,266.0604538291213,0.1496148665533358,2.843106073580107,-0.00883794925689163,-0.03220848562261602,6.735759441190259
2023-02-10 05:00:00+00:00,294.1760765028084,296.22905800418135,291.98556007950657,294.3921813964844,50050100,57.18199788510197,7.1677818275040295,6.838256197350589,0.32952563015344083,288.58727569580077,277.7528387451172,284.7535703277588,289.74073992773356,281.6863595467865,309.3650256542231,288.58727569580077,267.80952573737846,0.14399629996385624,1.1611680682975887,-0.0065628800382601105,-0.021163716756690043,6.565451305085799
2023-02-13 05:00:00+00:00,295.7968062795393,299.6964963236013,294.61804703077416,299.10711669921875,39636700,60.660748671807085,7.022366571187945,6.875078272118061,0.14728829906988405,289.7429397583008,277.985458984375,284.7028279876709,290.63277581073214,282.3695264939407,310.1583045390706,289.7429397583008,269.32757497753096,0.14092053319953216,4.902350502134728,0.016015830584795054,0.0029974873747051767,6.475370135230881
2023-02-14 05:00:00+00:00,297.5256683406615,302.2701132331672,295.5807244219493,301.3172912597656,64079100,62.21064249588353,7.004720491198327,6.901006715934114,0.10371377526421277,290.98111724853516,278.2552264404297,284.6082190704346,291.6503487106401,283.11257609260053,311.04743024574907,290.98111724853516,270.91480425132124,0.13792175373410714,4.117186240361433,0.007389240968042277,-0.010100845030545424,6.490657183515667
2023-02-15 05:00:00+00:00,299.50004375484735,303.79264380406374,298.8124591342652,303.62567138671875,43100600,63.81418207980481,7.09521362394122,6.939848097535536,0.15536552640568413,292.51447143554685,278.5940911865234,284.5972035980225,292.79085563217143,283.9170112021738,311.4951682686504,292.51447143554685,273.5337746024433,0.1297761217758129,2.71835095704492,0.007660961365018704,0.015540541368155525,6.382766289678728
2023-02-16 05:00:00+00:00,298.9892952530569,302.9675559028306,297.7810683260045,297.92840576171875,59498600,57.34633599195188,6.6307729387802965,6.878033065784488,-0.24726012700419187,293.8970458984375,278.91523986816406,284.5321715545654,293.2801461206997,284.4664776554893,310.00856881833914,293.8970458984375,277.7855229785359,0.10964059111685877,-2.701121518874303,-0.01876411042247994,0.005370237656213028,6.344326059038408
2023-02-17 05:00:00+00:00,295.7378914921876,296.582646029,292.82049063068604,295.8262939453125,58230700,55.12622468300296,6.023640713612906,6.707154595350172,-0.6835138817372659,294.8046813964844,279.3111584472656,284.45496925354,293.52263638971044,284.9119606472471,309.101192100818,294.8046813964844,280.50817069215077,0.0969897128947296,-1.6395378853187998,-0.007055761638544489,0.004871435586452089,6.2560109927522864
2023-02-21 05:00:00+00:00,291.9953457183186,293.43931228140923,288.68503536043335,288.8225402832031,46526700,48.40268108929364,4.920617843770913,6.34984724503432,-1.4292294012634077,295.05369262695314,279.5895391845703,284.2901250457764,293.0750081890907,285.06531671140226,308.7381619977368,295.05369262695314,281.36922325616945,0.09275918053386607,-3.148983749342883,-0.023675223620940544,-0.03438425848742932,6.319242963618492
2023-02-22 05:00:00+00:00,289.40210806549914,291.1112820869066,287.37859423090794,289.0386657714844,51389200,48.610971936437274,4.017591499298646,5.883396095887186,-1.8658045965885393,295.3424865722656,279.80717529296874,284.2073950958252,292.6905946255091,285.22113432160154,308.2406303172615,295.3424865722656,282.44434282726974,0.08734363886951231,-5.043905776377203,0.0007482985506233053,-0.040749820353641275,6.134489027359933
2023-02-23 05:00:00+00:00,292.69276766034636,292.84993755834523,287.36874603259605,291.5631408691406,69294400,51.094399154776184,3.465690336926343,5.399854944095018,-1.9341646071686744,295.78893890380857,280.11077392578125,284.1555933380127,292.58321807728356,285.4698404607207,307.4560240999948,295.78893890380857,284.12185370762234,0.0788879072992003,-2.480515376408754,0.008734039409288297,-0.03972829590622606,6.0878249201020225
2023-02-24 05:00:00+00:00,286.59274989963956,287.7813116176916,284.9130135302651,286.68115234375,74332000,46.422241528000335,2.6043477166670073,4.840753498609416,-2.236405781942409,295.71575927734375,280.24735168457033,284.13844856262205,292.0211165788518,285.5173428875062,307.59023066233095,295.71575927734375,283.84128789235655,0.08031003429783706,-3.258402794290764,-0.01674418964906732,-0.03775153090626826,6.127989378585843
2023-02-27 05:00:00+00:00,289.84418387917367,291.2390182489861,288.14481217080714,288.73419189453125,48995000,48.55278926244334,2.063602690980076,4.285323337083549,-2.2217206461034724,295.60181732177733,280.36482299804686,284.1139466094971,291.70807613272603,285.6434938289581,307.69629811183165,295.60181732177733,283.507336531723,0.08182954286027866,-1.9219224760364824,0.007161403998821481,-0.023973873167921766,6.015837701918004
2023-02-28 05:00:00+00:00,288.1054655277622,290.8755287965995,287.77149073307226,288.3608703613281,48243100,48.17762408929612,1.5866445834088267,3.7455875863486043,-2.1589430029397776,295.76340637207034,280.51676879882814,284.13112144470216,291.38929463068814,285.7500576145413,307.3704162308515,295.76340637207034,284.15639651328917,0.07848847834934354,-3.592775209256228,-0.0012929592119089728,-0.0015984553055392592,5.807852013461521
2023-03-01 05:00:00+00:00,288.0662386534949,288.7243558548313,285.0604350742839,286.042724609375,58287000,45.81052736823945,1.009954728792252,3.198461014837334,-2.188506286045082,295.5954391479492,280.8108935546875,284.14007392883303,290.8800974858012,285.7615347515936,307.65424648101356,295.5954391479492,283.53663181488486,0.08158994176516213,-5.069263229644004,-0.00803904409446532,-0.010365191640062332,5.65471406825337
2023-03-02 05:00:00+00:00,283.54768865782523,289.2154882409043,283.262816311257,288.4100036621094,53565900,48.58847777452145,0.7354655109627402,2.7058619140624156,-1.9703964030996755,295.23641510009764,281.20410522460935,284.10819068908694,290.6448504549734,285.8653962774962,307.6953610002525,295.23641510009764,282.7774691999428,0.0843997912380201,-5.011324521775908,0.00827596316587731,-0.010814594731116678,5.67599677263865
2023-03-03 05:00:00+00:00,290.15855752899955,294.608328496963,289.64774771962266,294.37255859375,60511500,54.864639176094585,0.987673890276028,2.3622243093051383,-1.3745504190291102,294.6450820922852,281.7921063232422,284.1232057952881,290.999870277714,286.1990104859767,306.0441728840071,294.6450820922852,283.2459913005633,0.07737506230055873,-1.1935240477917683,0.02067388390114977,0.026829131204193946,5.71330591993972
2023-03-06 05:00:00+00:00,295.610170842958,298.6159739722746,294.5100115246582,294.7064514160156,56736300,55.19449517663867,1.2006528298016406,2.1299100134044386,-0.9292571836027981,294.34253845214846,282.39090942382813,284.1021559906006,291.3528780051713,286.53263562048807,305.39251549906766,294.34253845214846,283.29256140522926,0.0750824335825017,-0.3785473273392977,0.00113425253991295,0.020684282253851993,5.60831373841007
2023-03-07 05:00:00+00:00,294.75559463008375,295.67894908673577,290.4826296406142,291.0916442871094,65955800,50.860845727748575,1.0654733353314327,1.9170226777898376,-0.8515493424584049,293.98645935058596,282.8406011962891,284.13640159606933,291.32799860345114,286.7114202740811,304.9733625127192,293.98645935058596,282.99955618845274,0.074744280307353,0.7856395147280729,-0.012265788928398802,0.009469987805070357,5.5788855746751755
2023-03-08 05:00:00+00:00,291.5139883921772,293.1445922476932,289.65747718019156,292.54541015625,50876300,52.47690307761009,1.063391255602994,1.746296393352469,-0.6829051377494748,293.3941345214844,283.45080017089845,284.18553169250487,291.44394256086053,286.9402041910289,303.29712920844094,293.3941345214844,283.4911398345278,0.06750642580573739,1.213244039653185,0.004994186187311955,0.02273326670257103,5.4294733955913514
2023-03-09 05:00:00+00:00,293.0463705042288,295.64946128035666,286.6614896876432,287.476806640625,71456700,46.709115351259825,0.6453085337077482,1.526098821423525,-0.8807902877157767,292.8190063476562,283.94783874511717,284.2137116241455,291.06612009226666,286.9612474243464,302.69373148927826,292.8190063476562,282.9442812060342,0.06744593026791462,-1.4015263439453938,-0.01732586921434809,-0.003235661071512852,5.6836518382429295
2023-03-10 05:00:00+00:00,287.64374137344026,289.1368401849636,282.290283068431,283.4395446777344,98593600,42.68475249622734,-0.011663881155413947,1.2185462809077372,-1.2302101620631511,292.17413330078125,284.4383935546875,284.19827369689943,290.3397795765969,286.82314143428323,302.7081898845674,292.17413330078125,281.6400767169951,0.07210807106556391,-1.130736234145145,-0.014043783253574249,-0.037140058055152414,5.766716500977907
2023-03-13 04:00:00+00:00,281.6518296683692,289.25473947061863,280.13909571042,285.54168701171875,97123600,45.32615728268046,-0.3585606709308422,0.9031248905400214,-1.2616855614708635,291.73160858154296,285.0393572998047,284.2238077545166,289.88281837994185,286.77288831967286,302.59424900118074,291.73160858154296,280.8689681619052,0.07447009580109677,-1.10568992950397,0.007416545691866894,-0.031097942920019883,6.005925590922244
2023-03-14 04:00:00+00:00,289.0975903942777,292.65347321952765,288.2528359008066,292.1033935546875,73602500,52.66001197291241,-0.10281876580665994,0.7019361592706852,-0.8047549250773451,291.3814224243164,285.6470007324219,284.26252632141114,290.0943017299176,286.9819277406538,301.7087868665139,291.3814224243164,281.0540579821189,0.07088553797474816,1.2978609714521385,0.022979854926399756,0.0034757070064856954,6.084915634985577
2023-03-15 04:00:00+00:00,289.49044992954816,293.9696864101212,288.0464835656077,293.6357116699219,83631500,54.204870824793026,0.22095675042965013,0.6057402775024783,-0.38478352707282815,290.9973434448242,286.28843383789064,284.2695124053955,290.43157886706086,287.24286044376237,300.34274101633144,290.9973434448242,281.65194587331695,0.0642301229342956,2.654494034384546,0.005245807303322136,0.0037269479397730176,6.07336472138043
2023-03-16 04:00:00+00:00,292.72225313446495,301.7396629996078,291.92660108619316,301.376220703125,98198100,61.10908280102548,1.089585505110449,0.7025093230240724,0.3870761820863766,290.8848709106445,287.12004028320314,284.26750831604005,291.4739257085908,287.7971098656982,299.65613882313704,290.8848709106445,282.113602998152,0.06030748787335135,4.495758425982467,0.02636092520621025,0.04834968853635435,6.340485949382873
2023-03-17 04:00:00+00:00,301.28783359145183,303.6747898578038,297.9971578043189,299.951904296875,89923700,59.33637372510403,1.6440974884203001,0.890826956103318,0.7532705323169822,290.98604583740234,287.8984063720703,284.26238563537595,292.28135224080836,288.2737684708424,300.1191798874012,290.98604583740234,281.8529117874035,0.06277369090820428,1.89533485382542,-0.004726041102138034,0.05825707784675882,6.293139242533018
2023-03-20 04:00:00+00:00,299.33411136370137,301.3410626238647,297.12053833750207,301.01641845703125,56359500,60.26415124672197,2.144726553779037,1.1416068756384619,1.0031196781405753,291.2455520629883,288.77978881835935,284.27371528625486,293.11326330902006,288.7734802350067,301.17434042206173,291.2455520629883,281.31676370391483,0.06818156218177115,2.1411024464165203,0.003548949497925724,0.05419429858827374,6.145095317092275
2023-03-21 04:00:00+00:00,302.9544443537265,305.76812645469766,301.43936859439714,305.3155822753906,49757000,63.85128701998036,2.855469213814956,1.4843793432737609,1.3710898705411954,292.07020416259763,289.6053131103516,284.2656334686279,294.27538892486484,289.4221901189433,303.65811108129105,292.07020416259763,280.4822972439042,0.07935014769423276,4.8864123266457975,0.014282157233802328,0.04523120584091922,6.045567651418999
2023-03-22 04:00:00+00:00,305.24674630503034,310.1461313695426,300.9967095272802,301.1639404296875,75791900,58.371233937941064,3.0485928120340873,1.7972220370258263,1.251370775008261,292.6764678955078,290.3136212158203,284.2767244720459,294.9314414491337,289.8826509154431,304.82185906897996,292.6764678955078,280.53107672203566,0.08299533789514182,2.9460487070483516,-0.013597870815379443,0.02563798768532677,6.267271522193529
2023-03-23 04:00:00+00:00,304.90242937887336,309.06392675002587,302.0395384791688,304.73516845703125,74576000,61.43719156683188,3.4500429631102634,2.127786222242714,1.3222567408675494,293.33506927490237,291.0483648681641,284.3006925201416,295.86512973560014,290.4651025837407,306.5490791160469,293.33506927490237,280.1210594337578,0.09009498846359142,6.003392766909695,0.01185808640386532,0.011145364242970635,6.383894007775304
2023-03-24 04:00:00+00:00,304.31216135449586,305.9551074840104,301.98053611385967,305.85675048828125,57195200,62.37443790502787,3.814723637094687,2.465173705213109,1.3495499318815782,294.2938491821289,291.7128112792969,284.31733238220215,296.8167126644269,291.0686966192129,308.201997815805,294.2938491821289,280.3857005484528,0.09451878571249915,7.908990199668445,0.0036805139260063235,0.01968597667432026,6.211799533659262
2023-03-27 04:00:00+00:00,306.55524768224615,307.63744484819614,302.9053204449769,303.76123046875,50287400,59.46638635909033,3.889805489660091,2.7501000621025056,1.1397054275575855,295.04520111083986,292.3058801269531,284.33438026428223,297.4780953124577,291.56644304468495,309.2902979300076,295.04520111083986,280.8001042916721,0.09656213194137873,6.380694758689827,-0.006851311982442376,0.00911847940317756,6.1061084529135465
2023-03-28 04:00:00+00:00,303.1807541549301,303.2102672552795,299.8357759900044,302.1477355957031,48585900,57.25301504771006,3.7755901935105953,2.955198088384124,0.8203921051264715,295.7345443725586,292.82895812988284,284.3835846710205,297.92282295848105,291.9813956937445,309.953375216391,295.7345443725586,281.5157135287262,0.09615941806189461,3.4386255903374594,-0.005311720888663163,-0.010375646916147674,5.9503474547586945
2023-03-29 04:00:00+00:00,305.8468974591166,308.276909676715,305.0303182395478,307.6571044921875,53274300,62.39933935081898,4.082572421107216,3.1806729549287422,0.9018994661784734,296.81526336669924,293.451025390625,284.51188499450683,298.84989739026264,292.59612937211483,311.20785001000854,296.81526336669924,282.42267672338994,0.09698009785654477,4.775097941093479,0.01823402345088665,0.021560230794018143,5.963120785205349
2023-03-30 04:00:00+00:00,310.1363349534214,311.1988668412132,307.74568324114927,310.5692138671875,58354800,64.81085918514117,4.508865541918169,3.4463114723266277,1.0625540695915414,297.9232238769531,294.20323791503904,284.7203050994873,299.9660227690174,293.3009562150589,312.9545510655183,297.9232238769531,282.89189668838793,0.10090738810461679,3.050337927330435,0.009465438413348792,0.019144641032722953,5.790166611192517
2023-03-31 04:00:00+00:00,310.7954756301641,315.9703267522427,310.49049687814465,315.73419189453125,62138100,68.65113693981345,5.203493834855351,3.7977479448323725,1.4057458900229785,298.9913055419922,295.11238342285156,284.9521091461182,301.4677531619235,294.1806909475872,315.79315885735303,298.9913055419922,282.1894522266313,0.11239024683278694,5.261606068030112,0.016630682619921622,0.03229433841326457,5.767999701400057
2023-04-03 04:00:00+00:00,313.6091341359782,315.23244481650516,312.28101452245835,314.966796875,47126800,67.47293760432987,5.627202509132928,4.163638857692484,1.4635636514404444,300.0043228149414,295.8582476806641,285.146442489624,302.7533763726927,294.9958323565054,318.04784598919304,300.0043228149414,281.9607996406898,0.12028842121306245,4.634424424247843,-0.0024305097111166907,0.03688938969913336,5.6026552493052595
2023-04-04 04:00:00+00:00,315.40952513215416,316.42284833764353,312.6843519308902,313.904296875,45875400,65.78940457559031,5.810282495998479,4.492967585353683,1.3173149106447957,301.14495544433595,296.4594873046875,285.3911617279053,303.8153688014839,295.7373407689954,319.66843366590024,301.14495544433595,282.62147722277166,0.12302034542954976,2.8130613366017028,-0.00337337144912353,0.0389099764594234,5.469501046265835
2023-04-05 04:00:00+00:00,312.9499966490808,313.8944459319647,308.98524317445697,310.8052978515625,62795700,61.00799487909581,5.640293589297016,4.72243278614235,0.9178608031546664,302.0579498291016,297.01033752441407,285.6042766571045,304.4810763300628,296.32824104674313,320.5959922740557,302.0579498291016,283.5199073841475,0.1227449398729122,3.2013651462121038,-0.009872432630865013,0.010232799156617345,5.430183378714206
2023-04-06 04:00:00+00:00,309.1524733096397,313.39269239889046,307.75547979393593,312.9007873535156,46916500,62.96786583385592,5.6099961031277985,4.89994544953944,0.7100506535883584,303.3291488647461,297.61567138671876,285.794038772583,305.28295357039167,296.97814482347934,321.166937615531,303.3291488647461,285.4913601139612,0.11761341643258126,2.679578775836553,0.006742129289423859,0.007507419867202936,5.4449711805885155
2023-04-10 04:00:00+00:00,309.96906798292446,312.7729328863309,308.17852632267164,312.7237243652344,45134700,62.68117354611294,5.508202494065301,5.021596858444613,0.4866056356206885,304.7933578491211,298.1072509765625,285.9849205780029,305.99159840799575,297.59561853099916,320.5459263552922,304.7933578491211,289.04078934295,0.10336556293309337,2.2451601496420883,-0.0005658758157141008,-0.009534816331525198,5.393349027035335
2023-04-11 04:00:00+00:00,312.68435607256504,312.74341230116863,310.20516538779697,310.71673583984375,40113600,59.38093126577943,5.205576479309229,5.0583927826175366,0.14718369669169284,306.05211029052737,298.5013250732422,286.14532371520994,306.4416114967432,298.1101721509539,319.2694284400043,306.05211029052737,292.83479214105046,0.08637299142900894,2.2897936515335884,-0.00641776868532884,-0.013493679579320683,5.189413161773643
2023-04-12 04:00:00+00:00,312.6745349314112,313.2648269994035,307.5095318776062,307.971923828125,62813300,55.107544831431035,4.690194153658865,4.984753056825802,-0.2945589031669371,306.84553680419924,298.9581817626953,286.24426734924316,306.58735552830336,298.49690751084296,318.4215116496537,306.84553680419924,295.26956195874476,0.07545147937309715,1.927596187652747,-0.008833808080210837,-0.018898667861298346,5.229833301775334
2023-04-13 04:00:00+00:00,309.7329232552138,314.4748951839237,308.5523691390901,314.002685546875,54613800,61.6396346102281,4.714041481170284,4.930610741694699,-0.21656926052441516,307.8638854980469,299.4501940917969,286.38392890930174,307.293577434834,299.1049772377462,318.1205963247629,307.8638854980469,297.6071746713309,0.06663146481194583,2.0625498199241603,0.01958218023184366,0.010287429839241469,5.320771734205574
2023-04-14 04:00:00+00:00,312.4482393474442,315.1733824574707,310.5002845828092,313.4123840332031,56278300,60.70849528881156,4.631914434897226,4.870871480335205,-0.2389570454379788,308.46569366455077,299.80663208007815,286.5642174530029,307.87632092039297,299.66605201403866,318.5399496175463,308.46569366455077,298.3914377115552,0.06531848539339392,0.9154707031687579,-0.0018799250479141216,0.0016350124396122823,5.274509315666715
2023-04-17 04:00:00+00:00,312.99911675849125,314.03213517774776,310.9232922603544,313.6779479980469,43007000,60.99396911910987,4.535969123076541,4.803891008883472,-0.2679218858069312,309.15199584960936,299.9562066650391,286.74456230163577,308.4288568325505,300.21553813105857,318.6674142543662,309.15199584960936,299.63657744485255,0.06155818841542076,-0.6512579091121207,0.0008473307960148446,0.0030513311222208905,5.11981885864719
2023-04-18 04:00:00+00:00,315.7931825919775,316.21624373703116,312.49744289892294,313.6976623535156,46746900,61.01661271189929,4.410678994045611,4.7252486059159,-0.3145696118702892,309.7860580444336,300.2150134277344,286.94222160339353,308.9306478345472,300.7442488848804,318.72082949314944,309.7860580444336,300.8512865957178,0.05768349618519164,-0.40294232092916543,6.284903224651472e-05,0.00959371082994509,5.019746142894407
2023-04-19 04:00:00+00:00,311.2873283359622,314.6126109678501,311.1594282311205,313.5500793457031,38960100,60.73238112340279,4.250480060488769,4.630294896830474,-0.3798148363417049,310.1977828979492,300.52175048828127,287.13009468078616,309.3705936927525,301.2464383147166,319.0288990205999,310.1977828979492,301.3666667752985,0.05693861535790556,-0.11284252328598363,-0.0004704625680193031,0.018112545612083863,4.90784875673978
2023-04-20 04:00:00+00:00,310.5789795342484,314.1010061038637,309.8706351373399,311.159423828125,62462100,56.16803271635966,3.885821993644697,4.481400316193319,-0.5955783225486222,310.6975570678711,300.65710083007815,287.2823914337158,309.5409584675499,301.6351828446542,318.49835214244547,310.6975570678711,302.89676199329676,0.050214717799472675,0.11393820472507744,-0.007624477476028013,-0.009054896182808414,4.859457486010068
2023-04-21 04:00:00+00:00,310.7954512881262,312.26131872486235,309.01475741476844,311.4841003417969,59002300,56.644595667236665,3.5817384780495445,4.301467948564564,-0.7197294705150199,311.0350036621094,300.9071954345703,287.42731239318846,309.7260195984306,302.02141490336567,318.3432618304194,311.0350036621094,303.72674549379934,0.04699315564012407,-0.4527591712698938,0.0010434410427859753,-0.006152544665248394,4.744250616301771
2023-04-24 04:00:00+00:00,311.25787003960903,312.5958374752224,308.6605967490596,310.8348388671875,44043100,55.34864126810727,3.250885936767702,4.091351546205193,-0.8404656094374907,311.2839080810547,301.19715209960935,287.5387607574463,309.8316214335503,302.36703937253515,318.198239272006,311.2839080810547,304.36957689010336,0.044424597683674065,-0.6040109370918144,-0.002084412892654597,-0.009063783887278798,4.686464195577559
2023-04-25 04:00:00+00:00,309.2016843984731,309.87066806010336,304.87292596789285,304.9712829589844,57121600,45.2744433551267,2.486875799932193,3.7704563969505926,-1.2835805970183998,311.3444107055664,301.4087341308594,287.6190816497803,309.36873205502025,302.46916657200376,318.01112241693477,311.3444107055664,304.67769899419807,0.04282531808591198,-1.8490966910198292,-0.018863895467999603,-0.027817801793808772,4.777567674414494
2023-04-26 04:00:00+00:00,308.3654816042881,309.8411969526917,306.299474111822,306.8208923339844,55400500,48.46114850272867,2.0074990810447844,3.4178649337694313,-1.410365852724647,311.5780685424805,301.56300964355466,287.7395124053955,309.12608065301686,302.6398224842383,317.18193668688076,311.5780685424805,305.9742003980802,0.03597087670909835,-0.37374559337525853,0.00606486406541018,-0.021461283077206628,4.784163840078267
2023-04-27 04:00:00+00:00,310.58889329416763,315.6653275241942,309.94939264300683,315.1636047363281,65430400,59.82487696007601,2.2745570675045883,3.189203360516463,-0.9146462930118746,311.9533935546875,301.8399359130859,287.91535163879394,309.70108294666557,303.13095120000656,317.46123204754605,311.9533935546875,306.445555061829,0.03531193188890868,0.36971632501525864,0.02719082243350779,0.012868583117106258,5.074183222230521
2023-04-28 04:00:00+00:00,314.9274219134559,317.42630785671025,313.7960463562758,317.3377685546875,59712600,62.16607008995224,2.631307223973238,3.077624133207818,-0.44631690923458,312.2918212890625,302.11417785644534,288.1049471282959,310.42838633790575,303.688081292347,318.2326343381751,312.2918212890625,306.3510082399499,0.038046549055242,1.252466310032126,0.006898524403470718,0.018792831500764606,4.971045956387946
2023-05-01 04:00:00+00:00,316.8753983835549,318.39047437701817,315.8915882622026,316.9737854003906,41013400,61.51971960872982,2.851790231986513,3.032457352963557,-0.18066712097704407,312.35380096435546,302.4950854492188,288.28773399353025,311.05175767719004,304.209089296584,318.46052416708727,312.35380096435546,306.24707776162364,0.03910132153908823,1.050707396990582,-0.0011469897073853597,0.019749866377835934,4.794463110561346
2023-05-02 04:00:00+00:00,316.9049505254157,317.2296247186195,312.4679567240077,314.2093200683594,56519400,56.698051185324985,2.7715071464561447,2.980267311662075,-0.2087601652059301,312.31592712402346,302.8627459716797,288.4312656402588,311.3524779049205,304.60125520920263,318.3664949706733,312.31592712402346,306.26535927737365,0.03874645716833441,0.16310536425583785,-0.008721432053250933,0.030291498333032907,4.792120602279236
2023-05-03 04:00:00+00:00,314.57330181834897,317.2492666813561,312.0449024761228,312.15313720703125,59882100,53.34883483261622,2.512997182855429,2.886813285900746,-0.37381610304531687,312.228369140625,303.32935791015626,288.5765975189209,311.4287311717882,304.8974074444116,318.2349840012046,312.228369140625,306.22175428004533,0.03847577897621672,-0.4455244092385265,-0.006543990677554623,0.017379014944140625,4.8215665739188145
2023-05-04 04:00:00+00:00,311.92681435241155,313.07788532974376,310.01822043945054,311.0512390136719,50224500,51.59007847906315,2.193922031471743,2.7482350350149454,-0.5543130035432022,312.2406661987305,303.769609375,288.67289009094236,311.39277953768186,305.1387341726179,318.2365746287509,312.2406661987305,306.2447577687101,0.03840568560793553,-0.034768291161537505,-0.0035299923723930426,-0.013048352223591131,4.695716453659843
2023-05-05 04:00:00+00:00,313.3140214873927,318.5183856176378,311.0906009279849,317.6624755859375,51806100,60.09118541316323,2.446324508016005,2.6878529296151576,-0.24152842159915267,312.47875061035154,304.2915960693359,288.7791046905518,311.98989344703955,305.6298612868657,318.92205974242063,312.47875061035154,306.03544147828245,0.04123998268351781,1.9835282883977023,0.021254493610858294,0.0010232221419117504,4.893675750110278
2023-05-08 04:00:00+00:00,317.2000653906943,318.7938329476194,316.11786827688667,318.4494934082031,36465800,60.96985939927474,2.6789794426058506,2.6860782322132963,-0.007098789607445699,312.7650390625,304.926962890625,288.8679790496826,312.6050934433408,306.13259195829073,319.7153152975554,312.7650390625,305.81476282744467,0.04444407377428446,2.449742946693691,0.002477528454734701,0.004655615308844618,4.735267815869027
2023-05-09 04:00:00+00:00,316.78683542862564,317.65259307455085,316.11785180168346,316.43267822265625,31768800,57.47746892492343,2.669843727638522,2.682831331298342,-0.012987603659819769,313.05083618164065,305.4809326171875,288.97313117980957,312.96962532708517,306.53651690983446,320.1099314461752,313.05083618164065,305.9917409171061,0.04509871527983195,3.7581883620213903,-0.00633323408356512,0.00707604139117568,4.56358022948693
2023-05-10 04:00:00+00:00,318.8725320578006,320.7319476003551,316.39334135789676,319.87603759765625,60446600,61.529192730680705,2.9069444853975597,2.7276539621181857,0.179290523279374,313.6460418701172,306.1112359619141,289.10391288757324,313.6273788766634,307.0596353681804,320.8966522887161,313.6460418701172,306.3954314515183,0.0462343498764855,4.254972718566026,0.010881807133007682,0.02474074250774838,4.547510658984889
2023-05-11 04:00:00+00:00,320.4270096710937,321.45999842173046,318.8725726666331,320.9189147949219,44278500,62.68875990675799,3.142772097835177,2.810677589261584,0.33209450857359313,313.99185333251955,306.808759765625,289.26876518249514,314.32181086887846,307.6031365221703,321.9068079341467,313.99185333251955,306.0768987308924,0.05041503158519937,1.8261341005439864,0.003260254206904234,0.03172363438428949,4.407504594421493
2023-05-12 04:00:00+00:00,321.4500985921904,321.8731597479526,317.711632266649,319.7677917480469,48432800,60.52036001304653,3.199894775090115,2.8885210264272905,0.31137374866282475,314.3096237182617,307.43591552734375,289.367018661499,314.84047571451356,308.08018182514587,322.6070769574083,314.3096237182617,306.0121704791151,0.05279795852884348,0.7657529087782073,-0.0035869591781793053,0.006627525515017441,4.389934800627358
2023-05-15 04:00:00+00:00,320.23999202108706,321.73537236272665,318.71506855787476,321.499267578125,33375600,62.615077923519,3.3463064001240923,2.980078101166651,0.36622829895744147,314.7006896972656,307.97844970703125,289.4592566680908,315.47464636819086,308.60642048212543,323.56039583118,314.7006896972656,305.8409835633512,0.05630560353990477,1.4277149676645777,0.005414791216503678,0.009576947783090262,4.292104015214825
2023-05-16 04:00:00+00:00,320.7811450818047,323.57516239186424,320.7417842679999,321.86334228515625,40019200,63.0589121615095,3.4519248134595273,3.0744474436252265,0.3774773698343008,315.10897369384764,308.5215875244141,289.5256813812256,316.083093598378,309.1262997685188,324.4837864994648,315.10897369384764,305.73416088823046,0.059502036363620205,2.435962820941042,0.0011324277961000107,0.017162146757417895,4.187909308689791
2023-05-17 04:00:00+00:00,322.9257777316302,326.33959955792614,321.74522377154244,325.7591552734375,47486100,67.50459567662105,3.8061132125628774,3.220780597412757,0.5853326151501204,315.71942749023435,309.2149377441406,289.61251502990723,317.004623281717,309.7785686118489,326.1403556162789,315.71942749023435,305.2984993641898,0.06601385419252907,4.358763838846907,0.012103935044674108,0.018391867424533803,4.21694262852507
2023-05-18 04:00:00+00:00,326.1527531040823,332.02610131442736,326.1330877081576,331.8096618652344,64213500,72.94941887459562,4.522898231005854,3.4812041241313767,1.0416941068744774,316.75193939208987,310.00022277832034,289.7341985321045,318.4146269563377,310.64253305315816,329.07881334565553,316.75193939208987,304.4250654385242,0.07783298171574511,6.673634516739568,0.0185735580837878,0.03393613329794554,4.363371443701126
2023-05-19 04:00:00+00:00,332.0260653791482,332.7344098613422,329.9994189485517,331.06195068359375,61554900,71.35819060195396,4.973292459102311,3.779621791125564,1.1936706679767468,317.7308319091797,310.8719256591797,289.81027702331545,319.61913397798116,311.44329452886154,331.2779407596938,317.7308319091797,304.1837230586656,0.08527412192963654,4.218148546799724,-0.0022534340243061113,0.03531987656982616,4.247058548636083
2023-05-22 04:00:00+00:00,330.8061042248821,333.1869375756649,330.7962565176089,332.1736145019531,43015900,72.32474555635665,5.358169467091386,4.095331326318728,1.2628381407726579,318.79777069091796,311.84660705566404,289.884528427124,320.81479878978803,312.2562482532965,333.32975522673263,318.79777069091796,304.2657861551033,0.09116741628600519,4.309669626686388,0.0033578724950540373,0.03320177680104419,4.1144601564517895
2023-05-23 04:00:00+00:00,330.4519587736382,331.6029996725392,327.60873343256856,327.962890625,48216700,63.57349418472443,5.262751321148244,4.328815325284632,0.933935995863612,319.9473510742188,312.69503112792967,289.95068687438965,321.4955694407606,312.8721950129712,333.52888141506924,319.9473510742188,306.3658207333683,0.08489853280704256,3.6438121584366123,-0.012676274373166319,0.018950739455255494,4.146633078804131
2023-05-24 04:00:00+00:00,326.0051435076235,327.52021944717154,324.22444965322325,326.2806091308594,62891200,60.42759265130719,4.99382004691779,4.461816269611264,0.5320037773065263,320.9203369140625,313.37857543945313,290.0135207366943,321.95128750648433,313.398015174457,333.339371028352,320.9203369140625,308.501302799773,0.07739636717142752,2.0022042230180648,-0.005129487336005267,0.0016007343123916051,4.1174764997307465
2023-05-25 04:00:00+00:00,333.64934358601045,335.48906351409215,331.21933164301237,334.2199401855469,66862800,68.3800324518851,5.359546226206078,4.641362260930227,0.718183965275851,321.87315368652344,314.1902600097656,290.1338053131104,323.11973061877603,314.21456125332327,335.2652732158176,321.87315368652344,308.48103415722926,0.08321364721418763,4.14466856811005,0.024332831411085554,0.0072640389877840494,4.481117777123749
2023-05-26 04:00:00+00:00,335.2430767468049,343.5956133301905,335.1446897504578,342.7593688964844,63007000,74.35058999300377,6.266214369527233,4.966332682649629,1.2998816868776046,323.1442337036133,315.01792297363284,290.25350227355955,324.99017235951015,315.3339654746237,339.14483185955964,323.1442337036133,307.1436355476669,0.09903068962463402,7.1900853499820725,0.025550326848232663,0.03533301905802588,4.830728874803738
2023-05-30 04:00:00+00:00,346.99962492208846,348.1998743514908,342.8873062302095,344.3138427734375,72652200,75.26614526609062,7.02916066721923,5.37889827956355,1.6502623876556806,324.5112365722656,315.90516174316406,290.3900199127197,326.83052192274135,316.4704312510478,342.692543927837,324.5112365722656,306.3299292166942,0.11205348417278972,7.096307051389631,0.004535175455474105,0.03654784047097448,4.874284344818215
2023-05-31 04:00:00+00:00,342.72987065463116,344.9237776719262,340.8999985419479,342.35601806640625,65105400,71.79039479570183,7.390626471776329,5.781243918006106,1.6093825537702235,325.91857147216797,316.73195373535157,290.4858864593506,328.3091406030904,317.4855523026305,345.0261333171513,325.91857147216797,306.81100962718466,0.11725359348916398,6.366887150228628,-0.005686163214528417,0.04388645134203206,4.813533972329647
2023-06-01 04:00:00+00:00,342.1003287370982,347.6391548961203,341.0476446264342,346.31103515625,50488600,74.36570493559685,7.905102451496305,6.206015624704146,1.6990868267921586,327.62646636962893,317.55186279296873,290.5884693145752,330.02360675101033,318.6159633949293,347.5940495648116,327.62646636962893,307.65888317444626,0.12189236978587192,6.308918582982434,0.011552351590549792,0.06139018214642711,4.940532279283681
2023-06-02 04:00:00+00:00,348.07198908240025,350.0691223139542,346.310990682491,348.9082336425781,53372100,75.9203261502957,8.42527920999828,6.649868341762973,1.7754108682353067,329.5193161010742,318.5067486572266,290.70785331726074,331.82214264544535,319.80389556150374,350.01341158013554,329.5193161010742,309.02522062201285,0.12438782479613512,5.153126548885244,0.007499612263745181,0.0439479866128778,4.856075090153645
2023-06-05 04:00:00+00:00,348.6918438424343,351.7121483782044,348.12124713372924,349.15423583984375,47266200,76.06837123631993,8.756434632424202,7.071181599895219,1.6852530325289834,331.09390411376955,319.3951300048828,290.84700386047365,333.472818187769,320.95488929790923,352.5200498496527,331.09390411376955,309.6677583778864,0.12942639818896068,5.464924349926688,0.0007050627458611292,0.01865701574824241,4.765705529748039
2023-06-06 04:00:00+00:00,348.5442225836268,350.05929846403603,347.2160730142063,349.09515380859375,41390400,75.94760137326378,8.911385361092073,7.43922235213459,1.4721630089574829,332.6261871337891,320.25989807128906,290.98199516296387,334.9606596754666,322.05842908264196,354.59254618071407,332.6261871337891,310.6598280868641,0.13207835039211555,5.0941852597209,-0.0001692147056668869,0.013886490873102675,4.628385524039588
2023-06-07 04:00:00+00:00,349.38047711755803,351.33824956141177,342.5429850794896,343.1726379394531,69225900,64.83535529778385,8.458779847141557,7.643133851135984,0.8156459960055731,333.9631851196289,321.0481262207031,291.11877326965333,335.7427528434653,322.8864372731052,355.0622432519282,333.9631851196289,312.86412698732966,0.12635559290609455,4.6376427788728956,-0.016965333962750684,0.0023852943425941575,4.926019735316915
2023-06-08 04:00:00+00:00,343.46780236109106,347.8949481340111,343.2415452366287,347.43255615234375,47153900,68.41506261513906,8.347600571460589,7.784027195200905,0.5635733762596837,335.3410110473633,321.9538226318359,291.3184238433838,336.8560674443109,323.8490301703302,356.17780262053566,335.3410110473633,314.5042194741909,0.12427225353733669,6.482747190471589,0.012413338774527327,0.0032384789459214414,4.911469053834133
2023-06-09 04:00:00+00:00,348.8886423269011,351.86958625664664,347.3145398835537,348.7607421875,53196900,69.45898238225341,8.271317112447093,7.881485178650143,0.38983193379695,336.7331024169922,322.77589538574216,291.5259870147705,337.9898459912813,324.8259600533565,357.24745530101046,336.7331024169922,316.21874953297396,0.12184339904078914,4.350668602801076,0.0038228600389822454,-0.000422722770220485,4.886010290924046
2023-06-12 04:00:00+00:00,350.423345337724,354.7521040622906,349.44938288116003,354.6537170410156,44606500,73.62432761347398,8.587385705666293,8.022665284053373,0.56472042161292,338.47739868164064,323.65758544921874,291.75856468200686,339.57688132935124,325.99567601365686,358.8571368766313,338.47739868164064,318.09766048665,0.12042008284375329,3.4701744792053875,0.016896898477029465,0.015750864909152895,4.964963975485942
2023-06-13 04:00:00+00:00,357.40838883524145,358.21509032014467,354.2011582191671,357.3788757324219,57097800,75.30186986036647,8.954547425529483,8.209041712348595,0.7455057131808882,340.2713790893555,324.49047912597655,291.97752571105957,341.2723093677389,327.22638972811825,360.67388006031297,340.2713790893555,319.868878118398,0.11991899539455397,3.794512835657705,0.007683998673813752,0.023729123230309845,4.897033127306772
2023-06-14 04:00:00+00:00,357.38864910619634,360.2613875262993,354.5848146154658,359.97607421875,69525600,76.81532308140311,9.347347541989507,8.436702878276778,0.9106446637127288,342.17701568603513,325.3906646728516,292.2737392425537,343.05362030593045,328.510691080692,362.46543801866216,342.17701568603513,321.8885933534081,0.11858436658552592,5.146705541167386,0.007267353116507946,0.04896496521456806,4.952714540415824
2023-06-15 04:00:00+00:00,358.7070124731328,365.7510969088772,358.0872372843925,364.26556396484375,71138800,79.09389731864766,9.890755960078252,8.727513494637073,1.1632424654411793,344.10233612060546,326.39789001464845,292.6062198638916,345.0738054163032,329.9128429585019,365.08957535189785,344.10233612060546,323.11509688931307,0.12198254430877511,5.184509584135243,0.011916041240805031,0.04844971351826621,5.146367760706458
2023-06-16 04:00:00+00:00,366.685694780993,366.81359489534935,361.53053956140593,361.9732360839844,80932000,74.85974696917496,10.020924365975759,8.986195668904811,1.034728697070948,345.61051483154296,327.4212487792969,292.94381965637206,346.6832750037014,331.1701132771483,367.1747825790343,345.61051483154296,324.04624708405163,0.12478941943072627,3.7445383002311288,-0.006293012866515735,0.03788412025279242,5.156131158794813
2023-06-20 04:00:00+00:00,360.51916403560494,362.8539874538742,358.48973768510257,361.4550476074219,49204700,73.89670750171034,9.96737261900762,9.182431058925372,0.7849415600822471,347.1301696777344,328.392333984375,293.287387008667,348.09011048977,332.35775776068846,368.6628875763897,347.1301696777344,325.59745177907905,0.1240613451642402,3.5230309430415963,-0.0014315657206276367,0.01917738413445047,5.099568202364586
2023-06-21 04:00:00+00:00,360.3122757529814,360.7457483981202,355.6032138941422,356.5292663574219,53378300,65.29739659660696,9.418888015325876,9.229722450205474,0.18916556512040295,348.3479522705078,329.26844482421876,293.60569007873534,348.89383962002256,333.3056600585996,369.1001776322278,348.3479522705078,327.59572690878775,0.11914653280697343,2.129537596761997,-0.013627645491756768,-0.0023773351831688494,5.153301453144237
2023-06-22 04:00:00+00:00,355.27810832341714,360.89349995663713,354.87418928310535,360.73590087890625,47603000,68.65235978680812,9.217397840191381,9.227257528202655,-0.009859688011273349,349.9866027832031,330.268828125,293.9657144927979,350.0216549780115,334.381355777043,369.15679479943583,349.9866027832031,330.8164107669704,0.10954814763642569,5.11790888833971,0.011798847720027483,0.0021107698943749753,5.215159254600489
2023-06-23 04:00:00+00:00,356.8346095368209,359.4649985968141,355.4652534828781,357.15972900390625,48922900,63.070011865950036,8.669214928445626,9.11564900825125,-0.44643407980562344,351.53055877685546,331.2525842285156,294.3182271575928,350.70147155190625,335.27462531535133,367.52608885386564,351.53055877685546,335.53502869984527,0.0910050615950224,2.7997298121069827,-0.009913545799813406,-0.01950729265647333,5.219122693273894
2023-06-26 04:00:00+00:00,356.6277531134022,359.4256025963642,352.2831959387062,352.3718566894531,52685500,56.45169880645777,7.758993887851489,8.844317984171298,-1.085324096319809,352.43815460205076,332.0199676513672,294.617845993042,350.86055585072023,335.9451049770808,366.3223944065806,352.43815460205076,338.5539147975209,0.07878965216014698,1.0354131257157737,-0.013405409192705386,-0.02652510859201629,5.356500119301326
2023-06-27 04:00:00+00:00,353.91861543396186,359.1596721529209,353.18960689065034,358.4306335449219,49428100,61.90016839325683,7.44075739280396,8.56360586589783,-1.122848473093871,353.22171783447266,332.9203326416016,294.94017784118654,351.5815156311204,336.8268904111138,366.59192395936753,353.22171783447266,339.8515117095778,0.07570432648855667,1.0649589507811223,0.01719427003163987,-0.008367331103879994,5.458736929598929
2023-06-28 04:00:00+00:00,356.60809021252004,361.0806932425227,356.52926060666476,359.1300964355469,46498000,62.483730871139805,7.162429458981194,8.283370584514504,-1.1209411255333102,353.9625305175781,333.8293756103516,295.23387336730957,352.30042808868484,337.70152594148374,366.91162075645224,353.9625305175781,341.01344027870397,0.07316644628989097,0.4900179674962604,0.0019514595717091687,0.0072948571787587735,5.393929480046004
2023-06-29 04:00:00+00:00,358.8345306108151,359.47490841599677,356.7657194591643,358.4109191894531,46151000,61.4416931935873,6.805372870582914,7.987771041728187,-1.1823981711452722,354.7652755737305,334.7236407470703,295.50612144470216,352.8823796220913,338.5136590100316,366.6865483922333,354.7652755737305,342.8440027552277,0.0672065370502995,-0.43479418255607805,-0.0020025535404349926,-0.006445107580888121,5.202162299816465
2023-06-30 04:00:00+00:00,362.09540934626006,364.9917810585607,361.7801811143737,363.9376831054687,58712500,66.11802052027033,6.888955025444943,7.768007838471538,-0.8790528130265951,355.64660797119143,335.7313928222656,295.88934455871583,353.9352656681273,339.5106795627938,367.54373090962775,355.64660797119143,343.7494850327551,0.06690418337632525,-0.09001148936678008,0.015420188448818317,0.01897737497020091,5.300640840480118
2023-07-03 04:00:00+00:00,364.57806346449144,365.4252863895469,363.4943817635113,364.7947998046875,19432900,66.79068818328321,6.944306991437543,7.603267669064739,-0.6589606776271966,356.44093627929686,336.80410034179687,296.26545753479,354.96950701446633,340.5022136899269,368.55185901103073,356.44093627929686,344.330013547563,0.06795472404574818,0.779495122685941,0.002355119403698591,0.03525520804058635,5.059945396591225
2023-07-05 04:00:00+00:00,363.228312324183,366.48918779800874,363.18889752686977,364.7848510742187,34460900,66.77411704576677,6.907742883828121,7.464162712017416,-0.5564198281892949,357.22246704101565,337.8701153564453,296.66563285827635,355.9043016868237,341.454473979507,369.36891797328803,357.22246704101565,345.07601610874326,0.06800496638906955,0.9212220133147329,-2.7272127985700223e-05,0.01772788633173694,4.934255744773206
2023-07-06 04:00:00+00:00,361.0708607875819,362.4500782382164,359.11037270609035,362.0067443847656,49374700,62.13794814032993,6.578759725900511,7.2870821147940354,-0.7083223888935244,357.86804656982423,338.8935534667969,297.060623550415,356.4854867056753,342.26044536794853,369.58284048191854,357.86804656982423,346.1532526577299,0.06546990727102323,1.5363333516224047,-0.007615740295333295,0.00801004420896545,4.987128789298573
2023-07-07 04:00:00+00:00,361.7801379298685,364.98190633957466,360.57824212425305,360.8048095703125,47133700,60.19080479811884,6.150156927785474,7.0596970773923235,-0.9095401496068494,358.74965515136716,340.0102239990234,297.43858528137207,356.8968507880217,342.9876753366687,368.375732756505,358.74965515136716,349.12357754622934,0.05366459572526303,0.019102254928982418,-0.003320200060072942,0.006679178151918874,4.945452748300219
2023-07-10 04:00:00+00:00,360.5290073491374,361.6028277308447,358.0168623354268,360.9230651855469,48498800,60.3225425931771,5.7537032526680605,6.798498312447471,-1.0447950597794105,359.42418060302737,341.0922674560547,297.8285051727295,357.2802997782622,343.69102395819334,367.5587259501864,359.42418060302737,351.28963525586835,0.04526431879742319,1.0536843535345681,0.000327755096655169,-0.008283335471606534,4.848346508808623
2023-07-11 04:00:00+00:00,361.3466822765827,363.159372253432,359.20887280974875,362.7062072753906,38214100,62.34596863567402,5.51976708414287,6.5427520667865515,-1.0229849826436812,360.1214538574219,342.0431195068359,298.2526728057861,357.7970528732268,344.43671742161285,366.7274075423252,360.1214538574219,353.5155001725186,0.036687365410441174,2.9327968138628076,0.004940504672171775,-0.005725390083452742,4.784214575585383
2023-07-12 04:00:00+00:00,366.8143135072111,368.6368647386652,364.8045795508427,367.2872009277344,61975400,67.00175238677535,5.63901582370022,6.362004818169286,-0.7229889944690662,360.7531280517578,343.0421081542969,298.7168450164795,358.70087649746563,345.3328148140098,367.5599578551519,360.7531280517578,353.94629824836375,0.03773677495274541,2.4709292549077038,0.012630039300280282,0.006859796524298467,4.866103353277471
2023-07-13 04:00:00+00:00,370.4691931012744,374.3507236761096,369.8879526430207,373.523193359375,46960000,72.06530993615536,6.165640120479111,6.322731878631251,-0.1570917581521405,361.56034393310546,344.17309631347655,299.2345398712158,360.1125257224094,346.4383198550045,370.16640806865735,361.56034393310546,352.95427979755357,0.04760513302943506,4.007766841788838,0.01697851821650498,0.0318128022564379,5.023061881498741
2023-07-14 04:00:00+00:00,373.9567607376404,377.1782220801356,372.5676819758248,373.4444885253906,55148500,71.91531838659868,6.501695350623606,6.358524573029722,0.14317077759388397,362.2337646484375,345.3577996826172,299.75742713928224,361.3822364655504,347.49738529305887,372.23351237017465,362.2337646484375,352.23401692670035,0.05521157162939965,4.19450650943781,-0.00021070936258738016,0.03503190262383393,4.9935960402710275
2023-07-17 04:00:00+00:00,374.1636191010514,377.8087217935126,373.68090049833813,376.9319152832031,40868900,74.4526368839062,6.969092376566664,6.480638133737111,0.48845424282955285,362.8670822143555,346.65337524414065,300.29721229553223,362.8631582577078,348.65168058679,374.73182303180334,362.8670822143555,351.00234139690764,0.06539441795075271,3.5704552677411865,0.009338541242322806,0.044355297961980567,4.948641556546093
2023-07-18 04:00:00+00:00,376.2915097139544,381.38479749666817,374.36060553509486,380.0154113769531,55262000,76.47628235418843,7.501843667885964,6.684879240566882,0.8169644273190819,363.7691909790039,348.03265869140625,300.82566276550295,364.4967061738264,349.8816308138552,377.7752653828117,363.7691909790039,349.7631165751961,0.07700528110208334,4.172376245608434,0.008180512099733583,0.04772238179100197,5.0968951569051795
2023-07-19 04:00:00+00:00,381.0794076640012,382.2221962997353,378.59678646528545,379.9267578125,54093000,76.28917590609805,7.826678228104072,6.9132390380743205,0.9134391900297514,364.6927764892578,349.2779443359375,301.3932105255127,365.9662349013191,351.05987108831187,380.31008806048976,364.6927764892578,349.0754649180259,0.08564639926007392,4.150914352306958,-0.00023328939247990732,0.03441327890773005,4.9917890624440835
2023-07-20 04:00:00+00:00,376.9318601692175,378.3997682616013,370.1441268783706,371.168701171875,71941700,60.53301166146318,7.293336932406248,6.989258616940707,0.3040783154655413,365.4247482299805,350.33232849121094,301.93955558776855,366.4617078794673,351.8484526602163,380.81358284344435,365.4247482299805,350.0359136165166,0.08422437006800038,2.5308801366892264,-0.02305196057011405,-0.006303469849687993,5.333992053278747
2023-07-21 04:00:00+00:00,373.5528160865386,374.28185464657395,369.62203883827016,370.0555114746094,60499600,58.868761577892705,6.703560534771043,6.932119000506774,-0.22855846573573135,365.89072875976564,351.40478515625,302.449613571167,366.80397488852844,352.5624549666631,381.247792772565,365.89072875976564,350.5336647469663,0.0839434443439118,2.5639075918399383,-0.0029991475405953816,-0.00907491516118819,5.285836607209107
2023-07-24 04:00:00+00:00,371.0308030549652,371.976547851103,368.7846403737097,370.6466064453125,40380100,59.505404824934196,6.2122440324659465,6.788144006898609,-0.5758999744326623,366.56507263183596,352.4201965332031,302.92048957824704,367.16993979869835,353.27163737759054,381.50823359686075,366.56507263183596,351.6219116668112,0.08153074081901486,2.6940758842239276,0.001597314328187549,-0.016674918156421525,5.136270240793694
2023-07-25 04:00:00+00:00,371.3559539702874,374.82370522590776,371.3362315352572,373.1587829589844,38894400,62.184405675544646,5.956916192349297,6.621898443988747,-0.6649822516394499,367.6044189453125,353.4649938964844,303.40466163635256,367.7403058139637,354.051525439606,381.29321085722154,367.6044189453125,353.91562703340344,0.0744756657234063,2.881829831949212,0.006777821434182041,-0.018043027237038434,5.067757993636663
2023-07-26 04:00:00+00:00,372.11443283409994,373.6118643916258,369.61211938489737,371.9173889160156,47075700,60.06957999934931,5.589959343333305,6.415510623857659,-0.8255512805243539,368.2787567138672,354.50798583984374,303.89350379943846,368.13812325225433,354.7521475367201,381.41088421029013,368.2787567138672,355.1466292174443,0.07131623672025092,1.2606450691953905,-0.003326718007613416,-0.02108134984384835,4.991471351714645
2023-07-27 04:00:00+00:00,377.38508348516143,379.0007295454255,369.7402356055219,371.0307922363281,63940200,58.53836971722536,5.168028637111206,6.166014226508369,-0.997985589397163,368.87379150390626,355.4986163330078,304.43014381408693,368.41361553645186,355.39052576023414,381.3562451850796,368.87379150390626,356.3913378227329,0.06767872355627179,-0.667268102050327,-0.0023838537968647877,-0.0003715532454957593,5.296401536585284
2023-07-28 04:00:00+00:00,375.089643808076,378.8135457676486,374.5773716566736,377.78900146484375,56902900,65.71300571565341,5.317677638931457,5.996346908992987,-0.6786692700615298,369.84269561767576,356.61712951660155,305.0137552642822,369.30650943439394,356.26889735649337,381.9281581033127,369.84269561767576,357.75723313203883,0.06535460956152153,1.1633624468815102,0.018214685600032254,0.020898188921488314,5.473998107637796
2023-07-31 04:00:00+00:00,378.0944061373745,379.168226478944,376.6659127110136,377.9860229492187,44019900,65.89827205483721,5.390040506473724,5.875085628489135,-0.4850451220154106,370.5451126098633,357.6616668701172,305.61628471374513,370.13312976913915,357.12054934052185,382.8078107803295,370.5451126098633,358.2824144393971,0.06618734266441263,0.27965465997316186,0.0005215119646442279,0.019801655745063762,5.261734940515838
2023-08-01 04:00:00+00:00,376.63633501755186,377.8677844219054,375.04038139985886,377.1092224121094,41060600,64.23482286576194,5.315365895388766,5.763141681869062,-0.44777578648029603,371.16083374023435,358.5676580810547,306.2148711395264,370.79751954466013,357.90441887274096,383.4434069399402,371.16083374023435,358.8782605405285,0.06618464063642063,-0.7647555540743531,-0.0023196639131471963,0.010586483913897826,5.09629969829041
2023-08-02 04:00:00+00:00,373.6316458629854,373.6316458629854,367.5926126020604,368.83392333984375,72687100,51.119242885219876,4.53614835791484,5.517743017078217,-0.9815946591633775,371.3632873535156,359.3230975341797,306.7418988800049,370.6105103822967,358.33302689105875,383.3486920590245,371.3632873535156,359.37788264800673,0.06454813986014446,-2.9197297227827117,-0.021944037908524727,-0.008290727102486128,5.412036134844593
2023-08-03 04:00:00+00:00,366.4202162984569,370.3707154005553,366.2527259598132,368.2427673339844,47666400,50.32868147123872,3.8267985448063655,5.1795541226238475,-1.352755577817482,371.6750885009766,360.0444805908203,307.305560836792,370.3850110443622,358.7216441633304,382.9755130906038,371.6750885009766,360.3746639113494,0.06080808178564545,-0.7883029546006168,-0.0016027701587379983,-0.007514268251266665,5.319604228122988
2023-08-04 04:00:00+00:00,370.1736710101142,372.4888017785362,366.0162968423568,366.5187377929687,61702800,47.997392417407845,3.0899004823206724,4.7616233945632125,-1.67172291224254,371.9607849121094,360.8155975341797,307.81841606140136,370.0167945442295,359.02741254096327,382.40387372084905,371.9607849121094,361.5176961033697,0.0561515580800125,-0.9557413879737204,-0.004681774345487777,-0.029832164589693178,5.4019542786984465
2023-08-07 04:00:00+00:00,368.3314526884019,369.7205312440297,365.9966293948918,369.62200927734375,37230400,52.28210414091759,2.7249005747697765,4.3542788306045255,-1.629378255834749,372.3957321166992,361.6824255371094,308.33635093688963,369.9791959473833,359.4428869227821,381.6168551787579,372.3957321166992,363.17460905464054,0.04952324780762527,-0.27643505974468574,0.008466883584347551,-0.02212783850210942,5.282093390872695
2023-08-08 04:00:00+00:00,367.1098561202907,367.12954848730607,363.34653955726554,366.4793395996094,44726500,47.971451812000105,2.157181692000165,3.9148594028836534,-1.7576777108834882,372.58438873291016,362.32761352539063,308.8434233856201,369.64587629521435,359.71882624344204,381.13483357534136,372.58438873291016,364.03394389047895,0.04589803062608001,-1.789973508437873,-0.008502387841781034,-0.028187809209512138,5.3530488429588035
2023-08-09 04:00:00+00:00,366.76507711480446,366.9227062590879,361.6915111709659,362.4500732421875,51150900,43.06845959802738,1.3663814710957354,3.40516381652607,-2.0387823454303344,372.3425323486328,362.7214276123047,309.33711112976073,368.9605617187356,359.825933968883,381.71296239881906,372.3425323486328,362.97210229844654,0.050332310902438136,-2.5455426274693447,-0.010994525262526311,-0.017308196707747414,5.344345003327602
2023-08-10 04:00:00+00:00,365.4646799160487,368.8043555265516,361.5930096715528,363.1199951171875,72035300,44.09160702236832,0.7846784108874658,2.881066735398349,-2.096388324510883,371.82237243652344,363.09755065917966,309.80323127746584,368.40431728049293,359.955112837444,381.9936526165887,371.82237243652344,361.6510922564582,0.05471042591339319,-2.132113367588597,0.0018483149113681652,-0.013911399411548175,5.477702207018401
2023-08-11 04:00:00+00:00,360.5585196926428,362.53869992980555,359.27782435463325,360.8048095703125,48707200,41.32740521870829,0.1352987797953915,2.3319131442777574,-2.196614364482366,371.19038848876954,363.46652648925783,310.2429288482666,367.6805546414281,359.98843427794867,382.39790435275734,371.19038848876954,359.98287262478175,0.06038688614550094,-4.495681935862753,-0.006375813995392443,-0.015589730165129434,5.360878532413819
2023-08-14 04:00:00+00:00,360.0068530246826,364.972065655942,359.2877057828268,364.8538513183594,42130800,47.523650093080164,-0.05201582055843801,1.8551273513105184,-1.9071431718689564,370.5864852905273,363.8373828125,310.67464973449705,367.41134480113584,360.1792349462001,381.79304275597156,370.5864852905273,359.3799278250831,0.06048011954164314,-3.4742479439837872,0.011222249927513195,-0.012900092092207105,5.383984342463919
2023-08-15 04:00:00+00:00,363.878549931913,364.67655689923794,360.312276848084,360.9822082519531,45539900,42.86244745068358,-0.5070285204856191,1.382696176951291,-1.8897246974369102,369.6348251342773,364.0788623046875,311.1177823638916,366.79904608216606,360.2107240954453,380.7087494645408,369.6348251342773,358.56090080401384,0.059918187233795696,-4.27648362906714,-0.010611490196462237,-0.014999839700819306,5.323812208736165
2023-08-16 04:00:00+00:00,360.440296868707,361.9771432639788,357.0612070422234,357.15972900390625,53190500,38.81465334377042,-1.1626689687572593,0.8736231478095811,-2.03629211656684,368.49647369384763,364.23897216796877,311.5665953826904,365.88101588423655,360.09107722911045,379.78315846425147,368.49647369384763,357.2097889234438,0.06125803407161494,-3.1651628543887735,-0.01058910705476912,-0.014596063372144141,5.294678209666112
2023-08-17 04:00:00+00:00,358.5586158857058,358.9034276973733,352.8447032468834,353.2584533691406,62604300,35.164644918631694,-1.974310464976952,0.3040364252522744,-2.2783468902292263,367.60096130371096,364.3222381591797,311.9549892425537,364.67886707327506,359.82313119538617,380.60837365541556,367.60096130371096,354.59354895200636,0.07076919660695834,-4.069140060326958,-0.010923055758962574,-0.02715780425383718,5.349252941153524
2023-08-18 04:00:00+00:00,349.98781279310265,354.0762191631118,349.4459569685998,352.8152160644531,61191400,34.764653737296626,-2.623070619198529,-0.2813849836378863,-2.341685635560643,366.73894653320315,364.5150897216797,312.3571887969971,363.5489955486253,359.5483109941731,381.18675561889955,366.73894653320315,352.29113744750674,0.0787906996094747,-3.7388325112742593,-0.001254711105877826,-0.022143810985708057,5.297896459250558
2023-08-21 04:00:00+00:00,354.28309086464947,359.17933528370077,353.82006464963996,358.49957275390625,50696500,43.62164612158626,-2.6480129913621795,-0.754710585182745,-1.8933024061794343,366.1315948486328,364.73643005371093,312.80172554016116,363.06809813960444,359.50718400435875,380.8892090853235,366.1315948486328,351.3739806119421,0.08061371618470586,-3.0091380502971736,0.01611142725889314,-0.01741595584503941,5.374055227821779
2023-08-22 04:00:00+00:00,361.11024382191454,361.12010503873574,357.2976809330937,357.9873046875,44530200,43.0543356023085,-2.6782426387665623,-1.1394169958995086,-1.5388256428670537,365.3730209350586,364.92096130371095,313.28990531921386,362.58421304892784,359.4475808938937,380.167447531843,365.3730209350586,350.57859433827423,0.0809825890205174,-2.317193357035406,-0.0014289223902587134,-0.008296540649346262,5.263224433380367
2023-08-23 04:00:00+00:00,359.16952132450405,364.72583663568736,358.95278498120206,363.6322937011719,51770600,50.66806500149593,-2.2210930379070533,-1.3557522043010177,-0.8653408336060355,364.9587661743164,365.10053283691406,313.8317398071289,362.6840302539035,359.61168727849287,379.4580387804498,364.9587661743164,350.459493568183,0.07945704528827816,0.32617470550058925,0.0157686849219405,0.01812232503176414,5.368603541580867
2023-08-24 04:00:00+00:00,367.1098801079145,367.20837201410944,355.6524693888543,355.8593444824219,66842500,42.28455397625173,-2.4576801197788996,-1.5761377873965943,-0.8815423323823053,364.20019378662107,365.07014221191406,314.3141798400879,362.03406018042904,359.4645365806077,378.9349544824486,364.20019378662107,349.46543309079357,0.08091572133792087,-1.999518267349183,-0.021375849596949492,0.007362572893799824,5.81055347612903
2023-08-25 04:00:00+00:00,356.69675461100496,360.31227361851654,353.25852705676294,358.6177978515625,69960500,45.71712076038823,-2.3949850562452752,-1.7399072411663306,-0.6550778150789447,363.241633605957,365.0429766845703,314.796153717041,361.70870186339414,359.431331140253,376.7597441372215,363.241633605957,349.72352307469254,0.07443040268852481,-0.6061481612050967,0.007751527146638848,0.016446517958707663,5.8993529822450705
2023-08-28 04:00:00+00:00,361.543675598097,362.2529916413,358.84434818645246,361.3171081542969,40910000,48.91867554382012,-2.1032421184295913,-1.8125742166189829,-0.2906679018106084,362.40818786621094,364.9840075683594,315.28206954956056,361.67140722443247,359.50528318001943,374.12237334164,362.40818786621094,350.69400239078186,0.0646463621277429,-0.9693588682928429,0.007526983654758901,0.007859243398107951,5.737627325637388
2023-08-29 04:00:00+00:00,361.1201000665317,369.56292504226593,360.7950106274471,369.208251953125,58492400,56.91819317764505,-1.2212070678876898,-1.6943007868727245,0.4730937189850346,362.01313934326174,365.1287078857422,315.83791732788086,362.38920196049844,359.8857917593569,372.14339003039186,362.01313934326174,351.8828886561316,0.05596620446157114,2.2787947752345676,0.021839939545454046,0.03134453964902528,5.954076403436064
2023-08-30 04:00:00+00:00,369.31664561246504,371.8485130682303,368.3117635519822,371.2672424316406,41731500,58.73409389661644,-0.35198712324660164,-1.4258380541475,1.0738509309008983,362.1348052978516,365.32495178222655,316.3088589477539,363.23472962441673,360.33212315827,372.6412716160072,362.1348052978516,351.62833897969597,0.058025167227514475,3.9499171608958417,0.005576772641520122,0.02099634400662742,5.781410197208353
2023-08-31 04:00:00+00:00,371.346057106072,374.08479955517583,371.2770887194619,372.3804626464844,35730700,59.72258154668175,0.4218407949439893,-1.0563022843292023,1.4781430792731916,362.34169006347656,365.6419757080078,316.7598387145996,364.1057518169946,360.8046070597686,373.4658928719344,362.34169006347656,351.21748725501874,0.06140172722884324,5.41303657278996,0.0029984337092403557,0.04642597818554295,5.5697064062317
2023-09-01 04:00:00+00:00,374.75471582239464,375.17832724616864,370.4988190213584,371.9864196777344,39801200,59.182178250279655,0.9918752997805882,-0.6466667675072442,1.6385420672878324,362.61507415771484,365.8669860839844,317.22119567871096,364.8562916132555,361.2431095153751,374.3863760819418,362.61507415771484,350.84377223348787,0.0649245040436857,5.433780273745056,-0.001058173046860622,0.037278188384016975,5.506120821844455
2023-09-05 04:00:00+00:00,371.17856405822965,373.6808778090351,370.25251164804223,372.4592895507813,32344200,59.65398356103582,1.4649019210804113,-0.2243530297897131,1.6892549508701244,362.7569381713867,366.17297729492185,317.6655630493164,365.5803866549246,361.68295971284203,374.92432633749246,362.7569381713867,350.58955000528096,0.06708286946868647,3.89392843334231,0.0012712019795146912,0.030837680101563958,5.357709774640772
2023-09-06 04:00:00+00:00,371.6809940968879,372.0258059525802,367.1689765830045,369.1786804199219,42998700,54.91182164292729,1.5571117715335845,0.13193993047494645,1.425171841058638,362.8919052124023,366.50911376953127,318.11288131713866,365.9230812992101,361.97690954449223,375.2793573555513,362.8919052124023,350.5044530692533,0.06827075481828988,3.1261934671653315,-0.008807966999067607,-8.009445359546952e-05,5.352895717007631
2023-09-07 04:00:00+00:00,364.7159010058869,367.3167365948703,363.6716343097692,366.5384521484375,52060700,51.372353087230366,1.4009945925790248,0.38575086289576216,1.0152437296832626,363.09632415771483,366.67127014160155,318.55008529663087,365.98168804675555,362.15579356817636,375.58240600877434,363.09632415771483,350.6102423066553,0.06877558939779321,0.7992025179297929,-0.007151627142935935,-0.012736890688851421,5.363906459375133
2023-09-08 04:00:00+00:00,366.4891716675034,369.28702085997014,366.0852526906948,367.0506896972656,35800100,52.01854311948326,1.3035770677481082,0.5693161038662313,0.7342609638818769,363.29285888671876,366.8296820068359,318.9898011779785,366.08349772775654,362.34775027912104,375.8974225718986,363.29285888671876,350.68829520153895,0.06939064931694758,3.1448788372048946,0.0013975001690154087,-0.014312708328843016,5.20946801008229
2023-09-11 04:00:00+00:00,370.0850536990267,371.8878825130161,368.11473452694946,371.3756103515625,39936600,57.19107035631118,1.5574051324798006,0.7669339095889453,0.7904712228908554,363.82139892578124,367.08897583007814,319.465498046875,366.5875084538333,362.7017840074521,376.84390650959557,363.82139892578124,350.7988913419669,0.07158736469193168,3.5574956336329566,0.011782897500789202,-0.0016420204982242614,5.182876924772875
2023-09-12 04:00:00+00:00,369.7007750655261,371.3558657865973,366.9718942190479,367.2575988769531,41391000,51.49838645633049,1.4100227278707962,0.8955516732453155,0.5144710546254807,363.94158630371095,367.15537414550784,319.9007118225098,366.6513265893685,362.8804434140992,377.04411377666617,363.94158630371095,350.83905883075573,0.07200346410547925,1.6441210749753434,-0.011088535056761217,-0.01396579658437802,5.127222582468713
2023-09-13 04:00:00+00:00,367.4940740958543,370.2623700891692,366.3611466005124,368.6565551757813,46300700,53.2025539455258,1.3900812013415589,0.9944575788645642,0.3956236224769947,364.32530364990237,367.2326092529297,320.328858795166,366.84230074045547,363.10695760083183,377.5079389241846,364.32530364990237,351.14266837562013,0.07236738783837018,-0.1494269898966768,0.003809196332781317,-0.001414288722053736,5.039651218625004
2023-09-14 04:00:00+00:00,370.41016993691466,372.6563327530281,368.3413587082817,371.6711730957031,48039400,56.73071663649911,1.599098458198796,1.1153857547314106,0.4837127034673854,365.0508758544922,367.3703356933594,320.78138763427734,367.30219334571717,363.442809188866,378.173349716533,365.0508758544922,351.92840199245137,0.07189394536487222,0.10879781944050007,0.008177307245993193,0.0140032264478136,4.987888563347961
2023-09-15 04:00:00+00:00,370.3313265058135,370.7352455252118,364.3710932465167,365.3070068359375,69811200,48.42968581878192,1.2369522944652545,1.1396990626781793,0.09725323178707512,365.653303527832,367.4363409423828,321.22272399902346,367.11217558288104,363.51591497894725,377.60941154235127,365.653303527832,353.69719551331275,0.06539587034585186,-1.899523879495791,-0.017123109674494152,-0.004750523320815048,5.153045083764995
2023-09-18 04:00:00+00:00,364.365814553234,366.8026822800856,364.0796962883086,365.6878356933594,36903500,48.91142345260647,0.9695027326509944,1.1056597966727424,-0.136157064021748,366.2969345092773,367.53400146484375,321.67644958496095,366.97652416483135,363.60108834029677,376.70502828500634,366.2969345092773,355.8888407335483,0.056828724431847,-1.6932295511840718,0.0010424898791852044,-0.015315423252536098,4.9794694343372825
2023-09-19 04:00:00+00:00,364.3658371750615,365.70757927226896,361.879621947097,364.908447265625,37621700,47.92473664913259,0.6867405776479814,1.0218759528677903,-0.33513537521980896,366.6173782348633,367.6137091064453,322.0636112976074,366.779564460145,363.6523573177606,376.42265684465474,366.6173782348633,356.8120996250718,0.053490528228642656,-2.027293316878547,-0.002131294376408799,-0.0063964683603869865,4.897218569396903
2023-09-20 04:00:00+00:00,365.9739503427575,366.3291067165045,359.57098915058174,359.6499328613281,45514200,41.79813405800173,0.03789454272845205,0.8250796708399227,-0.7871851281114707,366.7005096435547,367.5525836181641,322.4227163696289,366.10055192692437,363.49539949593975,376.2361936993134,366.7005096435547,357.16482558779603,0.052008021832463155,-2.5810665848188434,-0.014410503356939497,-0.024430929514215993,5.030139926291606
2023-09-21 04:00:00+00:00,355.96010412579864,356.7493907409862,352.891837088586,353.0595397949219,69734800,35.647474667794256,-0.9966218208987812,0.460739372492182,-1.4573611933909631,366.1718719482422,367.2680303955078,322.75460189819336,364.8585507714956,363.0861500958998,377.35864364646096,366.1718719482422,354.98510025002344,0.06110120713914364,-3.6773528874010344,-0.018324466277454654,-0.05007553624824401,5.153565343895216
2023-09-22 04:00:00+00:00,354.80581530410115,356.9466893835174,352.7931720730554,353.10888671875,51589700,35.7237438002915,-1.7918463190375178,0.010222234186242062,-1.80206855322376,366.0343490600586,366.8597442626953,323.11079147338864,363.7395351474246,362.6948848654234,377.77857670275597,366.0343490600586,354.29012141736126,0.06417008498167133,-3.798331775378077,0.00013976941072546545,-0.0333914211578914,5.08213334150713
2023-09-25 04:00:00+00:00,352.14199901740113,354.8748604610111,351.1554133948887,354.7860412597656,39168000,38.396069070627235,-2.2606754488482466,-0.4439573024206557,-1.8167181464275908,365.84276123046874,366.4865753173828,323.5045698547363,362.886821443838,362.38473413578976,378.17499130641545,365.84276123046874,353.510531154522,0.06741819919830432,-4.46705939469002,0.004749680917409016,-0.029811750267611403,4.984798607551079
2023-09-26 04:00:00+00:00,352.20120300770435,352.74384318235934,348.47191043969156,349.45849609375,53657700,33.61513893647151,-3.027218393437977,-0.96060952062412,-2.0666088728138567,365.2498306274414,365.9371069335937,323.87734481811526,361.6079333152582,361.8778228400235,379.4015143967651,365.2498306274414,351.0981468581177,0.07749043302779009,-4.846489994388538,-0.015016219767549743,-0.04233925327749022,5.079750908445578
2023-09-27 04:00:00+00:00,350.6128097723963,352.1913528189911,346.64671622794873,350.2773742675781,56066000,34.95577595975013,-3.5279643972021972,-1.4740804959397356,-2.053883901262462,364.30328674316405,365.34234619140625,324.2379473876953,360.5288324535744,361.4229032881629,379.74308733186206,364.30328674316405,348.86348615446605,0.08476344381478587,-4.98544801392171,0.002343277336168903,-0.026060226173777234,5.1129570286310635
2023-09-28 04:00:00+00:00,349.3598417980911,355.3385787373545,348.50151707108864,353.2075500488281,56453300,39.652153448137646,-3.6463358261804046,-1.9085315619878693,-1.7378042641925353,363.4003021240234,364.80796203613284,324.6220690917969,359.8315674626462,361.10073257289486,379.2132606113188,363.4003021240234,347.58734363672806,0.08702776742270633,-4.967730720972736,0.008365301319781082,0.0004192217946927812,5.236107359890693
2023-09-29 04:00:00+00:00,356.6901740269418,358.08126336623945,352.23078774851723,353.4640197753906,64829600,40.060094519421654,-3.6770641661249215,-2.26223808281528,-1.4148260833096415,362.45447998046876,364.4538684082031,324.99012786865234,359.22513434957426,360.8012536396594,378.26867053175795,362.45447998046876,346.6402894291796,0.08726166415237219,-3.2419271568655295,0.0007261162071054983,0.0010057324241841137,5.27999080687866
2023-10-02 04:00:00+00:00,353.7304262658217,357.8148751876751,353.1187479820633,356.4139404296875,51625100,44.69124060890952,-3.4239139054409975,-2.4945732473404236,-0.9293406581005739,361.6758560180664,364.1810369873047,325.35789443969725,358.95740159529936,360.62920214122914,377.0638269833242,361.6758560180664,346.2878850528086,0.08509260825245216,-2.5360141515476395,0.008345745222304135,0.004588396894481983,5.238286263931026
2023-10-03 04:00:00+00:00,353.967202787342,356.1672996536703,348.5409816435932,350.15899658203125,60478500,37.988894556376195,-3.6855277243142837,-2.7327641427351956,-0.952763581579088,360.5608413696289,363.7712847900391,325.7048715209961,358.1194582607024,360.21860584479003,375.8934126564572,360.5608413696289,345.22827008280063,0.08504845522650697,-4.041959235012528,-0.01754966104893474,0.0020045312851495467,5.426477158371258
2023-10-04 04:00:00+00:00,350.997572535324,355.77264355913144,350.5338760666792,354.9241943359375,54786700,44.782821108864596,-3.4683657647232167,-2.8798844671328,-0.5884812975904166,359.8481170654297,363.40659301757813,326.12281005859376,357.81514741072476,360.01098186405073,374.83333533236237,359.8481170654297,344.862898798497,0.08328635085900973,-1.3139828743448563,0.013608668634592425,0.013266115398049338,5.43984643113761
2023-10-05 04:00:00+00:00,354.9142596697923,355.3187633395251,350.37599043673185,353.87835693359375,45897400,43.65243256185505,-3.342127717199503,-2.9723331171461407,-0.3697946000533623,359.2151123046875,363.0458123779297,326.54845474243166,357.4402149843313,359.7704867687387,374.08553519379416,359.2151123046875,344.3446894155809,0.08279397152140687,0.23192041182274614,-0.002946650070729917,0.0018991861433110824,5.404341179113013
2023-10-06 04:00:00+00:00,350.87918205349234,361.0015605047941,350.08992557305686,359.80780029296875,75049100,51.17690484727434,-2.7321323097912114,-2.924292955675155,0.19216064588394355,358.8529678344727,362.8213525390625,327.02263122558594,357.6656992994396,359.7719500441987,373.2888912073265,358.8529678344727,344.41704446161884,0.0804559229924645,1.8971240391223603,0.016755597631780805,0.017947457626972252,5.797719304300458
2023-10-09 04:00:00+00:00,357.43992772912645,362.1854017496872,355.9403285530249,361.6427917480469,45304800,53.257179118390965,-2.0766991843819937,-2.754774201416523,0.6780750170345291,358.3663269042969,362.49842834472656,327.50701370239256,358.0444700088308,359.84531638552613,371.6945643878804,358.3663269042969,345.0380894207134,0.07438331384936657,1.9326438165195192,0.005099921273479913,0.014670726156377434,5.829673153754871
2023-10-10 04:00:00+00:00,361.978267216126,366.29951715958055,361.4751290106338,363.6455993652344,46968800,55.486521120059734,-1.3797489863582655,-2.4797691584048716,1.100020172046606,358.18572692871095,362.21161987304686,327.9822064208984,358.57791089991684,359.99434709061273,371.11919703920665,358.18572692871095,345.25225681821524,0.07221655771375741,4.059739119256775,0.005538082502644759,0.03851565407385915,5.7578670819828615
2023-10-11 04:00:00+00:00,364.9774975009921,366.42777960975275,363.25097261476304,366.2403259277344,38215100,58.26375347375978,-0.61099501441538,-2.1060143296069733,1.4950193151915934,358.0649154663086,361.9942419433594,328.5032307434082,359.30766471208995,360.2392874371665,370.64521481220567,358.0649154663086,345.48461612041154,0.070268260320974,4.557231734859955,0.007135316822283189,0.03188323527216652,5.573505647197636
2023-10-12 04:00:00+00:00,366.7434930775793,368.7265097527362,362.5702249554648,364.9676208496094,49587900,56.40484523069416,-0.10325831881868908,-1.7054631274493166,1.6022048086306275,357.72973785400393,361.9169158935547,329.0149444580078,359.84670815375847,360.4247122768702,369.14542769261874,357.72973785400393,346.3140480153891,0.06382298495560781,3.3295071974411403,-0.0034750544602129008,0.03133637222718466,5.615132729345761
2023-10-13 04:00:00+00:00,365.5990823590476,366.1811643286207,358.97907041170765,360.3800354003906,52469900,50.188886437389684,-0.07024341287495872,-1.3784191845344451,1.3081757716594864,357.48338928222654,361.7596612548828,329.5222856140137,359.8975012248663,360.42296024249845,368.43770525302756,357.48338928222654,346.5290733114255,0.061285734102474836,1.9566392158938257,-0.012569842328860048,0.0015903910558803247,5.728487099886281
2023-10-16 04:00:00+00:00,361.7020378785472,365.5102742669237,361.5540560479042,364.4546203613281,44201100,54.938727338172875,0.28146157770135005,-1.0464430320872862,1.3279046097886362,357.421728515625,361.71837890625,330.067091217041,360.331512571196,360.58106456088393,368.2031409720989,357.421728515625,346.6403160591511,0.060328802623439745,2.255994791322387,0.011306355959509684,0.007775154592989164,5.685755083218196
2023-10-17 04:00:00+00:00,360.9029403187527,364.9578235144806,358.7817869219424,363.2608947753906,50999100,53.334138006533635,0.4585804087310521,-0.7454383439236185,1.2040187526546706,357.33935089111327,361.5911566162109,330.57478958129883,360.6105013525479,360.68615594184496,367.9138812002119,357.33935089111327,346.76482058201464,0.05918480728600671,3.741699719627227,-0.0032753750926631797,-0.0010579107529838927,5.7207751910267675
2023-10-18 04:00:00+00:00,360.7648011295695,362.974743432088,357.163739288283,358.4956359863281,54280500,47.384527541916945,0.21198813182081722,-0.5539530487747314,0.7659411805955486,357.2816360473633,361.4314825439453,331.05944747924804,360.4090856033841,360.6002531984914,367.81762240277186,357.2816360473633,346.7456496919547,0.05897860562870831,1.0062547742265882,-0.013118006528087589,-0.02114646966247624,5.7476594978896856
2023-10-19 04:00:00+00:00,359.9163062538782,361.110066452406,354.34210338885663,355.1412353515625,72274200,43.68984695011855,-0.2512142797206707,-0.49340529496391927,0.2421910152432486,357.38572082519534,361.2853057861328,331.5361741638184,359.9073855794011,360.38617406723927,367.7931565128271,357.38572082519534,346.97828513756355,0.058242034201037816,0.3568679443726853,-0.009356879967413523,-0.026923992531644347,5.820538324008234
2023-10-20 04:00:00+00:00,354.6380842451997,355.2103208068794,349.6163666883233,349.8432922363281,72559700,38.57405699319119,-1.0338872520329119,-0.6015016863777178,-0.43238556565519404,357.2224411010742,361.01977172851565,331.98022262573244,358.9489004991084,359.972727720929,367.9894026189666,357.2224411010742,346.4554795831818,0.06028155165563049,-2.7693974528976737,-0.014917848415968438,-0.02923786594436606,5.804353737904509
2023-10-23 04:00:00+00:00,348.5212811005158,354.44079542083324,346.4099732076633,350.8989562988281,60665200,40.07965698008305,-1.5510978635078914,-0.7914209218037526,-0.7596769417041388,357.02808685302733,360.82165466308595,332.44998092651366,358.18223914670074,359.6168935475133,368.09996335181205,357.02808685302733,345.9562103542426,0.06202243972666789,-2.9708418622937405,0.0030175340957712127,-0.03719438115247553,5.963387200423467
2023-10-24 04:00:00+00:00,352.71426648618893,355.08206616632873,351.01733786225094,354.3125305175781,47082100,44.79191186620372,-1.6663356087403258,-0.9664038591910673,-0.6999317495492585,357.2707885742187,360.6108282470703,332.90134674072266,357.8136954677367,359.40887931104527,367.87106881070673,357.2707885742187,346.6705083377307,0.05934031314897676,-2.5665287477554224,0.009728083134687315,-0.024633436702140465,5.83622453378612
2023-10-25 04:00:00+00:00,351.9151428091988,352.0927210150706,345.05835992536896,345.64044189453125,71190500,36.86103737795116,-2.4294225573137282,-1.2590075988155995,-1.1704149584981287,357.03894195556643,360.3039929199219,333.3008062744141,356.6543379845743,358.86894058882905,368.41533653903764,357.03894195556643,345.6625473720952,0.06372635164758586,-5.6246902852712735,-0.02447581690204048,-0.03585871849298361,6.080363537959195
2023-10-26 04:00:00+00:00,344.4367983762788,345.3740668443835,337.7576239562373,339.050048828125,78621400,32.19561943013021,-3.525326336481328,-1.7122713463487453,-1.8130549901325825,356.33106689453126,359.9417993164063,333.6560665893555,354.9777390172934,358.0917291472328,370.08614405579004,356.33106689453126,342.5759897332725,0.07720391758785423,-7.101334622822367,-0.019067193151018014,-0.04530925987095935,6.209110280840249
2023-10-27 04:00:00+00:00,341.7828886855002,344.16056391799447,339.46440618840353,340.67791748046875,63476700,34.40409429605887,-4.213907281380273,-2.212598533355051,-2.0013087480252216,355.69176177978517,359.6901885986328,333.9962840270996,353.6158512518815,357.4088345720656,371.0191075732464,355.69176177978517,340.36441598632393,0.08618330498725835,-5.467039232079647,0.004801263583268156,-0.02619851504732562,6.1306391957709065
2023-10-30 04:00:00+00:00,343.1640993367296,345.837768328279,341.8026363276884,344.5157470703125,55298500,39.41430310549392,-4.399220393078451,-2.6499229052997313,-1.74929748777872,355.0968521118164,359.52419921875,334.3483238220215,352.74917466316066,356.90322329748705,371.1713104721144,355.0968521118164,339.02239375151845,0.09053562860217236,-5.470879549077413,0.011265272543131033,-0.018191017995162206,6.061297170916576
2023-10-31 04:00:00+00:00,344.54534513807914,346.5382374726327,341.9703407279223,346.163330078125,47671900,41.480749524836895,-4.362844039591096,-2.9925071321580043,-1.3703369074330913,354.8970687866211,359.27747436523435,334.699171295166,352.12195136934776,356.4820510143748,371.3078468854052,354.8970687866211,338.486290687837,0.09248190273811994,-4.706690134603477,0.004782315530779568,-0.02300003453885424,5.95462571190185
2023-11-01 04:00:00+00:00,347.00193131124155,352.73399194682804,346.90326671741013,352.171630859375,58992700,48.39345243107374,-3.8053303779318526,-3.155071781312774,-0.6502585966190786,354.75944061279296,359.1611608886719,335.0772607421875,352.1266827493503,356.313014929865,371.2131127552229,354.75944061279296,338.30576847036303,0.09275960134568206,-1.7640396401350622,0.017356837825352578,0.01889590503080263,5.998628294530507
2023-11-02 04:00:00+00:00,356.6901905197439,358.8014681911074,355.4668038189394,358.564697265625,58162400,54.5461060356518,-2.8151781333648955,-3.0870930517231985,0.27191491835830295,354.9937576293945,359.05980895996095,335.5052912902832,352.7398269889955,356.401316197934,371.5238647997166,354.9937576293945,338.4636504590724,0.09312900193348832,0.9639719563045209,0.018153269162111574,0.05755683712463511,6.043714654330643
2023-11-03 04:00:00+00:00,359.8571499323478,364.0698602180295,359.6302243723939,362.7774353027344,53280500,58.0917649250647,-1.6712771509476738,-2.803929871568094,1.13265272062042,355.1422393798828,359.1981707763672,335.96779388427734,353.6957896855421,356.6513600843968,371.89450436144784,355.1422393798828,338.3899743983178,0.09434115756445252,3.697124785136342,0.011748892373496966,0.06486924067666533,6.00524667562163
2023-11-06 05:00:00+00:00,363.5469203429015,364.8196242050175,361.9881283329341,364.25726318359375,38848700,59.292995660280155,-0.6379635913106654,-2.3707366155166083,1.732773024205943,355.27296295166013,359.3109600830078,336.4007122802734,354.70164430440417,356.94963079416925,372.2651765500673,355.27296295166013,338.280749353253,0.09565722906259645,3.8068813386237585,0.004079161868555836,0.05730221704278793,5.778550189654614
2023-11-07 05:00:00+00:00,365.30304404912414,368.5686400191632,364.09940839705934,367.7004699707031,50777400,62.0207779925566,0.45355456625196666,-1.8058783791628934,2.25943294541486,355.47570648193357,359.4386273193359,336.8200030517578,355.9396277011945,357.3712323305039,372.9525277391449,355.47570648193357,337.99888522472224,0.09832920190341927,3.7785678744039783,0.00945267846415998,0.06221669952076514,5.685027434829559
2023-11-08 05:00:00+00:00,368.0753927235694,368.7758902732475,365.6484002460484,367.9372863769531,35663400,62.208350756422455,1.3224552341714002,-1.1802116564960348,2.502666890667435,355.56055450439453,359.4132080078125,337.2433755493164,357.0822618607906,357.78558739114897,373.2606469573243,355.56055450439453,337.86046205146476,0.0995616202567881,6.450878363714607,0.000644047058925068,0.044766966263314556,5.502346191427383
2023-11-09 05:00:00+00:00,368.62786125694754,369.7722740677285,364.6124506038928,365.1057434082031,53859400,58.48878398436407,1.7622690792316575,-0.5917155093504963,2.3539845885821538,355.56746063232424,359.28997802734375,337.65573379516604,357.8464029605442,358.0726523329942,373.2823309073523,355.56746063232424,337.8525903572962,0.09964280895402944,7.684911024238361,-0.007695721726471261,0.018242303808655436,5.477880282313692
2023-11-10 05:00:00+00:00,366.83221321150666,373.46206871152293,366.2994486324503,373.3140869140625,58309800,65.01856152134167,2.741566370509986,0.07494086662160017,2.666625503888386,356.2141632080078,359.3086505126953,338.0815805053711,359.3195157180221,358.67035564989885,375.46254250790173,356.2141632080078,336.96578390811385,0.10807194821534391,9.57977249448955,0.02248209910158039,0.029044396332245315,5.683483498099844
2023-11-13 05:00:00+00:00,371.73567523506745,373.20567845518474,370.2064491668843,372.1500244140625,40733500,63.49322463200815,3.3847194748390734,0.7368965882650949,2.6478228865739784,356.5989334106445,359.3119226074219,338.4872654724121,360.5414689271688,359.1989701112386,376.77607941531585,356.5989334106445,336.4217874059732,0.1131643654213411,8.021194264339417,-0.003118185305094001,0.021668095679098665,5.499494515891157
2023-11-14 05:00:00+00:00,378.5627772988833,381.0785888109654,378.0398881004686,380.1610412597656,67792600,68.90049327752384,4.48909753031154,1.487336776674384,3.0017607536371558,357.4439407348633,359.46595764160156,338.9624252319336,362.4099996255114,360.0210121170632,379.9477028824587,357.4439407348633,334.9401785872679,0.12591491746275113,9.82129192423927,0.021526310144184935,0.03388783073912127,5.744428078820568
2023-11-15 05:00:00+00:00,382.0553135858859,382.5486064375139,379.0856809844594,380.4471740722656,54141400,69.07667278492715,5.3260185955072075,2.255073140440949,3.0709454550662585,358.54151763916013,359.69132751464844,339.41765075683594,364.1278257632975,360.8220380760908,383.1831317658113,358.54151763916013,333.89990351250896,0.13745473209856132,8.028909978890741,0.0007526621127504907,0.03400005424428798,5.5814636055515665
2023-11-16 05:00:00+00:00,379.6776098911323,381.0095065120626,378.4147814902083,380.7727355957031,45343500,69.2898466539211,5.947001333977369,2.993458779148233,2.9535425548291356,359.8230926513672,359.97601318359375,339.84356201171875,365.71305527114566,361.60441837097756,386.2271157379789,359.8230926513672,333.41906956475543,0.14676113693566978,6.1935930947564515,0.000855733845918083,0.042910834656423535,5.3681251352874755
2023-11-17 05:00:00+00:00,380.04268923058214,381.8777543862122,379.13504719902096,380.861572265625,46571900,69.35193280316244,6.3728408624708095,3.6693351958127485,2.703505666658061,361.374006652832,360.2522308349609,340.21687377929686,367.1557711753818,362.35960087665,388.8722855049653,361.374006652832,333.8757278006987,0.15218736459122578,4.984912291416245,0.00023330627856776864,0.020217520892266583,5.180595281852029
2023-11-20 05:00:00+00:00,380.87144523398,386.1595609058071,380.87144523398,385.49853515625,44429600,72.47942526788975,7.003751027209603,4.3362183620921195,2.6675326651174833,363.10398559570314,360.53468933105466,340.64057983398436,368.9027010783216,363.2670100640853,392.06322022608043,363.10398559570314,334.14475096532584,0.15950931842770713,5.8313928422479195,0.012174929760020659,0.035868627882543525,5.188980521732748
2023-11-21 05:00:00+00:00,383.7917369097463,384.0087869817143,381.51272620818594,383.2589721679687,43337000,68.82632089592303,7.239584438954523,4.9168915774646,2.322692861489923,364.55130767822266,360.854716796875,341.0658085632324,370.26996499162135,364.0510085779631,394.4853195343465,364.55130767822266,334.6172958220988,0.16422386218702364,4.231297881807223,-0.005809523990470078,0.008148996272572484,5.103039695042127
2023-11-22 05:00:00+00:00,385.3307745303344,387.7972387192401,383.8212996510523,384.8276062011719,44121000,69.96807744145336,7.466985018452249,5.42691026566213,2.040074752790119,366.5106658935547,361.17813781738283,341.4679870605469,371.65640701157855,364.8657771122066,396.366824634411,366.5106658935547,336.6545071526984,0.16292109081227882,4.5905431304710325,0.004092882742783299,0.011513903709728046,5.062698756201362
2023-11-24 05:00:00+00:00,384.4231100031308,385.0150674417227,383.28854247561634,384.2850036621094,15718800,69.0263072044029,7.516769486242367,5.844882109778178,1.6718873764641895,368.7724136352539,361.43041442871095,341.8945152282715,372.8591305021053,365.6273154082812,396.75984871012633,368.7724136352539,340.78497856038143,0.15178703200155486,5.253069994153188,-0.0014099886035172648,0.00922405345254429,4.824400628337433
2023-11-27 05:00:00+00:00,383.79169712481854,385.9029747803666,383.0714787542644,383.9495544433594,34139700,68.41323056816128,7.443353738585131,6.164576435539569,1.2787773030455618,370.9359954833984,361.8032653808594,342.3325779724121,373.9153613536533,366.3458345861274,396.48557775394244,370.9359954833984,345.3864132128544,0.1377573628962494,2.8489328161209135,-0.0008729177968259672,0.008107885916042834,4.682050299606347
2023-11-28 05:00:00+00:00,383.199750263669,385.5379535243204,382.8445637601163,384.9558715820313,35491100,69.29430347564958,7.381285745202604,6.407918297472176,0.9733674477304275,372.9580017089844,362.1886260986328,342.7853964233398,374.9668385182607,367.0756399585158,396.11253900551543,372.9580017089844,349.80346441245337,0.12416699569619798,3.4410442907080756,0.0026209618608123986,-0.0014076929604900368,4.540003118506189
2023-11-29 05:00:00+00:00,387.4223347224668,388.85289600778486,384.2356521236676,384.5809631347656,38811700,68.52739087482732,7.218632532426398,6.570061144463021,0.6485713879633765,374.8788833618164,362.58207641601564,343.21276565551756,375.8824694341183,367.76212322032956,394.998555650888,374.8788833618164,354.7592110727448,0.10733958716822684,1.1626446151224237,-0.0009738998023979262,0.0034493412099887433,4.545520316049838
2023-11-30 05:00:00+00:00,384.847306736307,385.31100318364287,380.6444724541138,383.6140747070313,52834400,66.48377242917053,6.931803359720618,6.642409587514541,0.2893937722060773,376.45100555419924,363.06135925292966,343.6242495727539,376.61881279344334,368.3837683766708,393.9738988824739,376.45100555419924,358.92811222592456,0.09309521329331039,0.8324153392618265,-0.0025141349167496774,-0.003153441890824671,4.554163917012641
2023-12-01 05:00:00+00:00,382.5486034338027,385.3011859545719,380.89114669131624,384.709228515625,40490100,67.66017697762075,6.715447435810802,6.657017157173794,0.058430278637008115,377.7582321166992,363.69435302734377,344.02966735839846,377.38932857650826,369.02398249976704,393.5655743951665,377.7582321166992,361.95088983823194,0.08369025971925864,1.0338169075481194,0.0028548321889130257,0.0011039328869795195,4.543869298887143
2023-12-04 05:00:00+00:00,380.9108308206259,381.4139991114222,377.5268494374432,381.13775634765625,51186900,60.23499230918435,6.184504730621143,6.562514671863264,-0.3780099412421212,378.67624816894534,364.2549304199219,344.44571411132813,377.74632169756995,369.49903245458626,392.95561924015027,378.67624816894534,364.3968770977404,0.0754173051003412,0.07251560728175287,-0.009283562501864129,-0.007323352933120586,4.7323342831224755
2023-12-05 05:00:00+00:00,379.2336950637311,383.2885478750258,379.0560867539073,382.09478759765625,42933000,61.455662250783575,5.774389665522449,6.404889670595101,-0.6305000050726521,379.56812438964846,364.80110534667966,344.87705657958986,378.16046130710197,369.9929836366674,392.27538696584946,379.56812438964846,366.86086181344746,0.06695642631548411,-0.8829469500355288,0.002510985159725365,-0.007432238850175299,4.696629057265048
2023-12-06 05:00:00+00:00,385.0347435581385,385.1334081378021,379.53948475848085,379.884765625,41994100,57.09688429773185,5.210971384044967,6.1661060132850745,-0.9551346292401073,380.1773391723633,365.40963073730467,345.33236770629884,378.3246807659494,370.3808966558177,391.6595758720439,380.1773391723633,368.6951024726827,0.06040463497733521,-0.8803985785073543,-0.005783962630192652,-0.01221120637768014,4.760721508840492
2023-12-07 05:00:00+00:00,382.8642992780169,386.02135528366534,381.7691735535212,385.192626953125,49593500,63.74732674105995,5.133581652549253,5.95960114113791,-0.8260194885886571,381.04010620117185,366.1079357910156,345.81313751220705,378.9787708790137,370.96174882433957,391.23476831726896,381.04010620117185,370.84544408507475,0.05350965397177791,0.09485305785528997,0.013972293201577335,0.004114948721053224,4.858997805256552
2023-12-08 05:00:00+00:00,383.45625203502465,387.353247228677,383.2687983557027,386.9093017578125,46687500,65.60435419011225,5.151389036480111,5.797958720206351,-0.6465696837262396,382.13028411865236,366.7819708251953,346.28986831665037,379.73405953413743,371.5871430570248,389.56573244859004,382.13028411865236,374.69483578871467,0.03891577631480765,0.6829041130136304,0.004456665794115633,0.005718795077197303,4.803672881522104
2023-12-11 05:00:00+00:00,386.48509304624,390.48078340875367,386.2779184685151,390.2143859863281,41198000,68.90671193577602,5.370288845122559,5.712424745189593,-0.3421359000670341,382.9752990722656,367.51697814941406,346.80753448486325,380.7321858629175,372.3176231718994,390.04319584225357,382.9752990722656,375.90740230227766,0.03691045760449566,1.6316808993440162,0.008542271311389849,0.02381456438651175,4.760758028573279
2023-12-12 05:00:00+00:00,390.2538462989642,393.44052902417013,389.1192787388133,393.3221435546875,39221200,71.6618388000175,5.728503955977999,5.715640587347274,0.012863368630724459,384.0339050292969,368.25514221191406,347.3304742431641,381.9312294526099,373.14132985357736,390.6253162837812,384.0339050292969,377.44249377481253,0.0343272360495436,2.173306758063931,0.0079642311507917,0.02938369305590638,4.729364618343532
2023-12-13 05:00:00+00:00,394.2593382497381,398.93574442547737,393.48980267514554,398.3240661621094,55408100,75.43470537303644,6.3428884934969005,5.8410901685772,0.5017983249197009,384.9420562744141,369.21844360351565,347.88029022216796,383.49245199637176,374.12888814018646,393.77323251966004,384.9420562744141,376.11088002916813,0.045883145794547664,3.573526602908804,0.012717114175714972,0.04853919452856292,4.792524350661127
2023-12-14 05:00:00+00:00,399.5474578161859,400.8497279607916,394.96968605777766,397.9787902832031,55447800,74.69542742459514,6.724416895873901,6.017755514036541,0.7066613818373604,385.8186370849609,370.07953552246096,348.4399705505371,384.8721032617843,375.06417842030476,396.0590761246639,385.8186370849609,375.578198045258,0.05308421136456354,3.744574697146409,-0.0008668215361251619,0.03319420579572552,4.870204175829185
2023-12-15 05:00:00+00:00,398.7581754565287,401.08653321564685,398.1563726700178,399.9026184082031,62896600,76.10084020964692,7.100171398922896,6.234238691013812,0.8659327079090842,386.77513122558594,371.0000207519531,348.99743362426756,386.30358089477653,376.03823489041844,398.42787979304876,386.77513122558594,375.1223826581231,0.060255934917730666,3.949317761676997,0.004833996614822089,0.03358233206428274,4.744314087015939
2023-12-18 05:00:00+00:00,400.2960579410329,403.32103752310854,399.9698476665642,402.42144775390625,46610000,77.83648441162012,7.51458457391567,6.490307867594184,1.0242767063214862,387.853125,371.8522937011719,349.53767807006835,387.83861583374124,377.0728706889866,401.0100879904512,387.853125,374.69616200954874,0.0678450791930643,5.5842516391464505,0.0062986067851449334,0.03128296189471036,4.649607303293759
2023-12-19 05:00:00+00:00,402.87626569847384,404.5963441037319,402.6884375774002,404.4777221679687,35711900,79.16664562743608,7.917664256027081,6.775779145280763,1.1418851107463173,388.8020843505859,372.7089923095703,350.08653442382814,389.42329262747717,378.14757074698593,403.7576922375573,388.8020843505859,373.8464764636145,0.07693172690651423,5.857953391890169,0.005109753532122729,0.02836244741387195,4.472842235188893
2023-12-20 05:00:00+00:00,403.6769346590409,405.77266899871773,398.28929124357586,398.46722412109375,54042400,66.58698185244242,7.663767704015754,6.953376857027762,0.710390846987992,389.5624969482422,373.4054248046875,350.62341232299804,390.28461943639303,378.94441989891175,404.85612519065165,389.5624969482422,374.26886870583274,0.07851694330032691,4.891604027742788,-0.014859898870719368,0.00035940072706064363,4.687880486614106
2023-12-21 05:00:00+00:00,402.40174062473073,403.469398364288,399.84138332892735,403.1036071777344,45568900,70.48325017175499,7.747363438963816,7.1121741734149735,0.6351892655488429,390.47629699707034,374.1426904296875,351.17620330810547,391.5054754117589,379.8918390078852,406.68565965795835,390.47629699707034,374.2669343361823,0.08302354219984644,4.649876184361391,0.011635544345879767,0.012877110588944696,4.710330040655545
2023-12-22 05:00:00+00:00,404.3195040486344,405.2784048126473,401.82835317280114,403.70660400390625,34314000,70.95758635740063,7.7726719417776735,7.2442737270875135,0.52839821469016,391.44737701416017,374.91747009277344,351.7573522949219,392.6674876586301,380.8257513606704,408.3681699725576,391.44737701416017,374.5265840557627,0.08645245288122266,4.341405639456063,0.001495885463277391,0.009512279791627165,4.6203101548834455
2023-12-26 05:00:00+00:00,404.5666574703447,406.8502200630018,404.46779580870526,406.1780090332031,22722500,72.88113351803017,7.901072201968589,7.3756334220637285,0.5254387799048601,392.55879974365234,375.8334295654297,352.37104461669924,393.954203980018,381.819957543907,410.2654941749086,392.55879974365234,374.8521053123961,0.09021168009897648,4.090987831349282,0.006121784991342194,0.009334893307163306,4.514832005184311
2023-12-27 05:00:00+00:00,406.46087246395894,407.2916928416781,405.60035082369023,407.0048522949219,31980500,73.51320115466291,7.977588994198641,7.496024536490712,0.481564457707929,393.6612487792969,376.68443420410154,352.9783604431152,395.19712286715173,382.80760047531936,412.0689166303249,393.6612487792969,375.2535809282689,0.09352034475381205,3.478753730104171,0.002035667227989091,0.006247884589064556,4.313154148955996
2023-12-28 05:00:00+00:00,408.1620971301231,408.4093661852089,406.4509844026133,406.8070373535156,27029200,73.07438985484723,7.930845243563624,7.582988677905295,0.34785656565832923,394.7725524902344,377.55535705566405,353.5518786621094,396.3028290087102,383.7487548626996,413.53353023480724,394.7725524902344,376.0115747456615,0.09504702201927763,2.1296657450654415,-0.0004860260026160468,0.02092973456177516,4.144956122787397
2023-12-29 05:00:00+00:00,406.7872927071273,407.14337586500994,403.1276983841628,405.0465087890625,42662100,69.11995365009216,7.663401619052024,7.599071266134641,0.06433035291738332,395.84417419433595,378.48637451171874,354.1089326477051,397.1355604163628,384.5839608990276,414.3803362551283,395.84417419433595,377.30801213354357,0.09365383284227508,1.7759033090255794,-0.00432767480107088,0.004819856673898393,4.13572193407738
2024-01-02 05:00:00+00:00,401.4067282499002,401.6539973287687,395.8678948464025,398.1922302246094,58026900,56.33735418144537,6.819753747195648,7.443207762346843,-0.6234540151511947,396.51832427978513,379.3473944091797,354.5930126953125,397.2361956361958,385.11761851963865,414.35302811707413,396.51832427978513,378.68362044249614,0.08995651774572087,-0.42770117145066067,-0.01692220131694222,-0.013659359853433362,4.495928506118994
2024-01-03 05:00:00+00:00,395.56125728435336,396.61957611570585,393.543563467669,393.9787292480469,47002800,50.192386287955145,5.744938342372166,7.103553878351907,-1.3586155359797418,397.1603729248047,380.23010314941405,355.06314682006837,396.9259607420864,385.4651130580076,413.60437759871576,397.1603729248047,380.7163682508936,0.08280788212989448,-2.0979792585564105,-0.010581575070376936,-0.030034318731812504,4.506838381177664
2024-01-04 05:00:00+00:00,392.10942771193663,395.2250121545766,391.733573872239,391.951171875,39432800,47.5070658581331,4.675634649662015,6.617970032613929,-1.9423353829519137,397.6531921386719,381.0511474609375,355.5178205871582,396.4521713261734,385.7194683057328,412.8013467943032,397.6531921386719,382.5050374830406,0.07618776841277682,-3.096969154648956,-0.0051463625381925615,-0.036986488822039254,4.434309802689087
2024-01-05 05:00:00+00:00,392.11927431902103,395.1952868342146,391.0213840335171,392.4159851074219,44922800,48.19137190681425,3.821656633747125,6.058707352840568,-2.2370507190934434,398.27975311279295,381.8132165527344,355.95332260131835,396.06777263867326,385.9820768077598,411.32730254542764,398.27975311279295,385.23220368015825,0.06551952154564898,-1.5186290483537763,0.001185895758898603,-0.03537562265322347,4.415709302546829
2024-01-08 05:00:00+00:00,393.6424359840438,400.81323859444024,393.49408058756745,400.52642822265625,42473800,58.38540398407498,3.756020811282724,5.598170044529,-1.8421492332462757,399.0464431762695,382.9109362792969,356.4501350402832,396.4924065038145,386.55244352991264,410.6499869095158,399.0464431762695,387.44289944302324,0.05815635714422688,-0.6393341337533128,0.020667973331958356,-0.011159411248647944,4.700105315723367
2024-01-09 05:00:00+00:00,397.519638814638,402.2474220769775,397.3218114911748,401.3176879882813,39132900,59.22827700394459,3.724913515028163,5.223518738628832,-1.498605223600669,399.766862487793,384.1562890625,356.93304763793947,396.95195712138275,387.1314727243585,409.97156147740526,399.766862487793,389.5621634981807,0.05105325101789232,-0.5917455874964651,0.0019755494515962813,0.007849117904457747,4.7162128350147485
2024-01-10 05:00:00+00:00,401.634210585262,405.04650562647345,400.7440479738248,404.03765869140625,33962800,62.07211542067463,3.875070264764247,4.953829043855915,-1.0787587790916682,400.45802612304686,385.42348388671877,357.42395217895506,397.62678584233737,387.7944604093408,409.81874358305816,400.45802612304686,391.09730866303556,0.04675005543345048,-0.5269488485827679,0.006777599853023064,0.025531656144376136,4.686658893417168
2024-01-11 05:00:00+00:00,405.3135834357692,406.708184634018,399.82419188723105,404.8783874511719,54536200,62.932737970214056,4.015620778701077,4.766187390824948,-0.7505666121238708,401.0358383178711,386.63073669433595,357.9295379638672,398.31741456698825,388.4644183325499,409.9807429280147,401.0358383178711,392.09093370772746,0.04460900376217084,-0.5224667056817129,0.0020808178190334647,0.032981699006871645,4.8436113115150095
2024-01-12 05:00:00+00:00,405.916910564091,406.75763146231475,403.6914888721999,405.0860900878906,39595000,63.15517209824988,4.09654551387473,4.632259015434904,-0.5357135015601742,401.37393951416016,387.80919189453124,358.4442297363281,398.9620503308837,389.11624859746524,410.39415209724257,401.37393951416016,392.35372693107774,0.04494667787351045,-0.4230377322921028,0.0005130000591690997,0.03228743339036089,4.7166492599864265
2024-01-16 05:00:00+00:00,403.84973493749936,406.6290368796475,402.38589117147103,405.0465087890625,43903000,63.07749052092018,4.110106322279478,4.527828476803819,-0.41772215452434125,401.7273254394531,388.866689453125,358.9311767578125,399.54152256499594,389.74096468341025,410.7415838088875,401.7273254394531,392.7130670700187,0.044877496742715337,0.0,-9.77108318370723e-05,0.01128534910034329,4.682827577714288
2024-01-17 05:00:00+00:00,401.7331012147119,403.13757254275214,398.5186035024624,402.76171875,54386000,58.59700124118584,3.891629615522845,4.400588704547625,-0.5089590890247795,401.87028045654296,389.7506298828125,359.39213928222654,399.8482079159487,390.2515824899432,410.8548890822693,401.87028045654296,392.8856718308166,0.044713973949601055,1.1475584349832997,-0.005640809115706635,0.003598223564371894,4.814618842634704
2024-01-18 05:00:00+00:00,406.03555720002583,409.06212800530994,404.6904280351043,408.47857666015625,59562500,65.24851106863235,4.132154996332531,4.346901962904606,-0.2147469665720747,402.17313690185546,390.66465270996093,359.85586120605467,400.6701477963494,390.9663665750496,411.60867942555865,402.17313690185546,392.73759437815227,0.04692278851039123,3.680363008374584,0.014194144190016189,0.010991346655985446,4.920746729254363
2024-01-19 05:00:00+00:00,410.6841858486458,416.7373268454927,410.1006345626578,416.5790710449219,70325100,72.09046126944015,4.919704006334769,4.461462371590638,0.45824163474413027,402.7782043457031,391.7110888671875,360.3639225769043,402.1852833438325,391.9707863581819,414.0923106439184,402.7782043457031,391.4640980474878,0.05618033039595371,6.283410010514304,0.01983089162471563,0.028899254582120948,5.15917554754594
2024-01-22 05:00:00+00:00,418.7848099252558,420.0903979170171,416.5198166919413,417.1231689453125,44880600,72.4823546868623,5.52406840216446,4.673983577705403,0.8500848244590564,403.71100158691405,392.69954284667966,360.88001693725585,403.607939115402,392.9571543027753,416.43763705462084,403.71100158691405,390.98436611920727,0.06304824697707376,6.296171607567709,0.001306109543683709,0.029714865930869694,5.045704524512361
2024-01-23 05:00:00+00:00,417.8154862180531,419.071632413058,415.97581882346543,418.8540344238281,33003800,73.74532434450254,6.072695663255502,4.953725994815423,1.1189696684400783,404.49852294921874,393.7178778076172,361.4202606201172,405.059948192395,393.9727182290911,418.8259439959342,404.49852294921874,390.17110190250327,0.07084041218372585,4.575879370183132,0.004149530899691056,0.03408874125602268,4.90642660058952
2024-01-24 05:00:00+00:00,422.7708038876478,425.1544815495011,420.6838370616203,421.1783752441406,46948000,75.37950337678019,6.6187448288274595,5.28672976161783,1.3320150672096291,405.37211151123046,394.8393304443359,361.96164855957034,406.5950364830374,395.0396067394852,421.42640792496513,405.37211151123046,389.3178150974958,0.07920770056866581,4.948869150377259,0.005549285978610374,0.0457259357997033,5.0059994952383375
2024-01-25 05:00:00+00:00,423.6807108328353,424.3533056591445,419.3485819787149,421.6926879882813,44367200,75.73934194727951,7.01216163239701,5.631816135773667,1.3803454966233435,406.14784545898436,395.8069024658203,362.50649337768556,408.0329080549654,396.084825611987,423.7113226162769,406.14784545898436,388.5843683016918,0.08648809714819093,4.369649441603047,0.0012211280881706532,0.03234958228695284,5.005908365609143
2024-01-26 05:00:00+00:00,419.8035428138584,421.5541969803059,418.52762594856927,419.180419921875,37137000,70.3319605418416,7.040074648330517,5.913467838285037,1.1266068100454802,406.75662384033205,396.74751037597656,363.0488117980957,409.09457585181394,396.99053519276697,425.2178262027771,406.75662384033205,388.29542147788703,0.09077271901878982,3.5324267518300028,-0.005957580337452084,0.006244550093282619,4.874419342330778
2024-01-29 05:00:00+00:00,419.6354014909252,423.6708497995993,418.98260749439805,423.4730224609375,38694700,73.77695115685256,7.324144881612995,6.195603246950629,1.1285416346623656,407.5899230957031,397.61375,363.62631729125974,410.4639517193495,398.02906410524423,427.4374803845807,407.5899230957031,387.74236580682555,0.09738983308582588,4.539018451375979,0.010240465286671885,0.015222970068242692,4.861120982535811
2024-01-30 05:00:00+00:00,422.4344997629078,423.00815074399645,419.7442109813531,420.6541442871094,36739000,68.17827298924882,7.238373217108801,6.404157240982264,0.8342159761265373,408.3703048706055,398.4178894042969,364.1595745849609,411.43444624961234,398.9163221515919,428.96958959793125,408.3703048706055,387.7710201432797,0.10088532139403608,3.85329466107679,-0.006656570842333065,0.004297702099867573,4.7802417323249955
2024-01-31 05:00:00+00:00,416.2527513453786,418.2506745304422,412.2371041320946,412.4151306152344,64010600,55.03295167746996,6.431441355514551,6.409614063888721,0.021827291625829304,409.0814498901367,399.0507373046875,364.6545883178711,411.52784476062396,399.4456871893818,429.202610509823,409.0814498901367,388.9602892704504,0.09837239319988746,2.3968047150048006,-0.01958619398802741,-0.02080649231771825,5.040013048231408
2024-02-01 05:00:00+00:00,414.2152424490925,417.7660224895652,413.2459368782287,417.271484375,51008600,59.93633314263508,6.113338443585633,6.350358939828104,-0.23702049624247135,410.2460876464844,399.778935546875,365.17255599975584,412.0748580572312,400.14473805940605,429.4093984012373,410.2460876464844,391.0827768917315,0.0934234905916579,2.1525994794481536,0.01177540152933032,-0.010484420857219567,5.062218678667081
2024-02-02 05:00:00+00:00,419.1704994430535,425.54015285865825,418.1715529635228,424.3236083984375,59602400,65.77299470633461,6.357007441025701,6.351688640067624,0.005318800958076686,411.8647094726563,400.55543701171877,365.72568572998046,413.24140570877466,401.09292905309354,430.0153916115125,411.8647094726563,393.71402733380006,0.08813905013661404,1.8590797982456713,0.016900565429244008,0.012269629572681628,5.291250807595022
2024-02-05 05:00:00+00:00,424.3829673380894,424.9170467974545,420.35741962826177,423.7697448730469,39889200,64.97240451874522,6.431288825131048,6.367608677080309,0.0636801480507394,413.4323974609375,401.3656524658203,366.2767840576172,414.2441046768006,401.98221594799367,429.93427848345544,413.4323974609375,396.9305164384196,0.0798286787579441,1.5934324493506575,-0.0013052856697771675,0.0007006878747199963,5.2389919762805714
2024-02-06 05:00:00+00:00,424.9170516631162,425.52040389751744,420.5750224334973,422.9191284179687,35846100,63.690218366448875,6.348340006288481,6.363754942921944,-0.01541493663346305,414.5520324707031,402.12748291015623,366.8355825805664,415.0702974140547,402.8032713389731,430.42605374810165,414.5520324707031,398.6780111933046,0.07658397515404951,0.9705275967396315,-0.0020072609367924876,0.0053844331777541665,5.218019796833398
2024-02-07 05:00:00+00:00,425.70832987076966,428.1018775909272,424.4027419229312,427.27105712890625,37712700,67.25105561573258,6.5581682646912896,6.402637607275814,0.15553065741547556,415.8497009277344,402.98720397949216,367.41451736450193,416.2322745297549,403.76279235034303,431.4244856997024,415.8497009277344,400.27491615576633,0.07490583610964097,1.446579939255888,0.010290214886276239,0.03602177856935085,5.21550046655662
2024-02-08 05:00:00+00:00,427.3896916377228,428.82386416564947,426.70725684621095,428.0622863769531,29889900,67.86803550638626,6.710944666250668,6.464299019070785,0.24664564717988302,417.0509323120117,403.86945861816406,368.00065460205076,417.3589423247261,404.7157136847199,432.50171461101456,417.0509323120117,401.60015001300883,0.07409542145535139,1.5104834800571234,0.001851820372209767,0.025860386836919602,4.994150956048183
2024-02-09 05:00:00+00:00,429.1997745310615,433.06706650864214,428.4085255601484,432.2757873535156,36943900,71.00117384923112,7.090283011286431,6.589495817513915,0.5007871937725161,418.4208023071289,404.81585693359375,368.6371771240234,418.7795942322299,405.7965008874178,434.1670898367732,418.4208023071289,402.6745147774846,0.07526531875480806,3.124040820914603,0.009843195980250519,0.018740835526669608,4.994910182879671
2024-02-12 05:00:00+00:00,432.1670007724912,434.3429807053495,429.9020075947723,430.58447265625,33203300,68.12944677441038,7.171764781418233,6.705949610294779,0.46581517112345416,419.6957214355469,405.7359271240234,369.2559950256348,419.90386836785086,406.76857821168574,435.0408171051298,419.6957214355469,404.35062576596397,0.07312486111173988,1.6793159937286164,-0.003912582538152853,0.01608120415780201,4.95534324914378
2024-02-13 05:00:00+00:00,422.6124754072149,426.5588797664575,420.6837647532125,423.86859130859375,64491700,58.08344449661593,6.618134439327605,6.688386576101344,-0.07025213677373898,420.63682556152344,406.5410174560547,369.7995199584961,420.281461028874,407.4391669605841,434.51097186203623,420.63682556152344,406.76267926101065,0.06596734026789826,0.7641543688894258,-0.015597128494268198,0.0022450223383765344,5.308583581564762
2024-02-14 05:00:00+00:00,426.5490288846273,428.9129054022339,424.1950226041561,428.4876098632813,45092700,62.21067667340981,6.47742685442455,6.646194631765986,-0.16876777734143555,421.9231201171875,407.4165850830078,370.3552691650391,421.06299901310325,408.2645960940232,433.51176951900266,421.9231201171875,410.3344707153724,0.054932516609170076,3.8971604228172376,0.010897289040519453,0.00284726220996534,5.289707189570146
2024-02-15 05:00:00+00:00,429.17999841382215,430.2284168698464,426.6182642524018,429.7635498046875,38796100,63.286074958313044,6.395153421642021,6.595986389741193,-0.20083296809917162,422.98736877441405,408.38910095214845,370.91921798706056,421.89162289801607,409.1076923179708,433.27860834619986,422.98736877441405,412.69612920262824,0.04865979616178228,2.9937500877632313,0.0029777755809865525,0.003974336169938253,5.1697390058468935
2024-02-16 05:00:00+00:00,430.1394247061307,430.23830819292345,425.1544714926631,425.8666076660156,53716500,57.869458887241045,5.946947759007912,6.466178663594537,-0.5192309045866246,423.4517456054688,409.2645373535156,371.47750442504883,422.27019287592077,409.7649046845608,433.3760478942965,423.4517456054688,413.52744331664104,0.04687335637092512,0.3636373836002208,-0.00906764228944712,-0.014826598840380067,5.163603126876426
2024-02-20 05:00:00+00:00,423.86858295223385,425.38186829343545,418.8737603394613,422.6520385742187,53999500,53.78036459468836,5.271585129860512,6.227259956847732,-0.9556748269872202,423.7281890869141,410.1198828125,372.0299989318848,422.3065591329015,410.27028248415525,433.23102138495926,423.7281890869141,414.2253567888689,0.04485343454974142,-0.26375320851728684,-0.007548300415978981,-0.01842248057180651,5.29426342685342
2024-02-21 05:00:00+00:00,419.91233591921423,421.0497978246627,417.02424999316816,420.9607543945313,49779000,51.710073728765416,4.54746256414478,5.891300478307142,-1.3438379141623615,423.8335250854492,410.83524536132813,372.57954650878906,422.1783872530567,410.68951667671905,433.16303210424746,423.8335250854492,414.50401806665093,0.04402439385566464,-0.4630611130698103,-0.004001599484513951,-0.006860232094775376,5.318086652153214
2024-02-22 05:00:00+00:00,429.7436973263299,434.323124842958,428.9722191177197,433.28460693359375,53887800,62.913246462266194,4.911406482279688,5.695321679101651,-0.7839151968219635,424.4388366699219,411.76275146484375,373.1576571655273,423.2361224607269,411.5755986475769,434.5397632729979,424.4388366699219,414.3379100668459,0.04759661807730052,1.4074320514701355,0.029275537946020336,0.011195182684145877,5.892678351887035
2024-02-23 05:00:00+00:00,434.8474027847481,435.7771369504059,431.02958263641136,432.0087585449219,39853900,61.32699001912825,5.038800205000939,5.5640173842815095,-0.5252171792805704,424.9546401977539,412.5986389160156,373.72545349121094,424.07161161160263,412.3768990357081,435.48635335591683,424.9546401977539,414.422927039591,0.049566293255496406,0.9219387676898668,-0.0029445966190703166,0.0052242884284969815,5.810883777751859
2024-02-26 05:00:00+00:00,432.81976764250527,433.8088438801782,431.5932925825271,431.7812194824219,33043200,61.03144304332599,5.063036612916449,5.463821230008498,-0.40078461709204927,425.5846801757813,413.3678204345703,374.3021961975098,424.8058599802521,413.1378527787165,436.1668015858424,425.5846801757813,415.00255876572015,0.049729804210482086,-0.11441026436423835,-0.000526700114290235,0.013888414141746352,5.554074314887517
2024-02-27 05:00:00+00:00,432.8890057637283,433.20548721652256,430.2778300347507,432.81976318359375,33713200,61.933170050461726,5.107173619634125,5.392491707933623,-0.28531808829949856,426.05201721191406,414.057734375,374.86691482543944,425.5690888567608,413.90969240243714,437.0376962296611,426.05201721191406,415.06633819416703,0.05156966085802083,0.5191293855894002,0.002405254453671679,0.02405696336796348,5.366473091093541
2024-02-28 05:00:00+00:00,430.67342304327576,431.8998980010677,429.55576215835174,430.5151672363281,32938800,58.68780665475371,4.899710075034136,5.293935381353726,-0.39422530631958974,426.545068359375,414.7084619140625,375.41489608764647,426.0401439405291,414.5608874939623,437.40183035135675,426.545068359375,415.6883063673933,0.05090557972567921,1.5680746495546294,-0.005324608863315872,0.022696683104198145,5.2162965149612885
2024-02-29 05:00:00+00:00,433.4428594736849,435.2825266556424,430.2679032454021,434.2044372558594,42495200,62.11065352428964,4.975631002332534,5.230274505549488,-0.25464350321695406,427.63453369140626,415.3944982910156,375.98707931518555,426.8176956848463,415.3312227787426,436.84993929070487,427.63453369140626,418.41912809210766,0.043099445312565494,1.3341873279374756,0.008569430998713434,0.0021229240724136567,5.201891293195502
2024-03-01 05:00:00+00:00,435.0946316599595,441.701653694709,435.0352895003345,440.74224853515625,43853000,67.28373743364781,5.499945665631799,5.284208737565951,0.21573692806584788,428.8080718994141,416.1609143066406,376.5832942199707,428.143843575352,416.3277335927196,438.4152989767312,428.8080718994141,419.20084482209694,0.044808984284095806,2.5545904801508144,0.0150569886402252,0.02021600214692465,5.365843089313656
2024-03-04 05:00:00+00:00,440.7422442825303,441.16757000135414,438.9223476417633,439.1696166992187,34325700,64.98532956105332,5.722603951496467,5.371887780352054,0.35071617114441267,429.5503723144531,416.8547521972656,377.16982559204104,429.19391720619643,417.2234937145431,439.920763437252,429.5503723144531,419.17998119165424,0.048284866181921106,3.123750205753607,-0.003568144059627465,0.01711143718954089,5.14294160861917
2024-03-05 05:00:00+00:00,436.1232177085053,436.1331181284461,428.91284449189897,431.28662109375,57917100,54.86762370563662,5.202993512333194,5.338108926748283,-0.13511541441508879,429.9262161254883,417.5111401367187,377.6974629211426,429.3932223383444,417.7749889058846,439.9711033324264,429.9262161254883,419.88132891855014,0.04672842376286357,2.0429530042394566,-0.017949774542048158,-0.0035422183094570014,5.508215222812067
2024-03-06 05:00:00+00:00,435.5100505533122,437.1617909455897,432.11752634641863,433.9967651367187,46234500,57.32743207554525,4.95279176983712,5.261045495366051,-0.3082537255289308,430.48009796142577,418.1290032958984,378.2083984375,429.8316549858086,418.4111369933683,440.1323845749583,430.48009796142577,420.82781134789326,0.04484428738630062,3.0967282831239475,0.0062838583680053794,0.00808705050449321,5.534426267742612
2024-03-07 05:00:00+00:00,437.58714545912426,441.8401614320141,436.04415867740255,440.58404541015625,44526700,62.6551609738245,5.225803739610626,5.253997144214966,-0.028193404604340166,431.14574737548827,418.8665521240234,378.7560089111328,430.8556921690798,419.28066281363454,441.6220369140798,431.14574737548827,420.66945783689675,0.04859743881211303,1.6846752364967421,0.015178178278269838,0.014692636939906745,5.699352698282097
2024-03-08 05:00:00+00:00,440.9400483443204,443.73915083023303,433.5516480898913,434.2242126464844,72096000,55.45623133302768,4.872811600996499,5.177760035571273,-0.30494843457477394,431.45384368896487,419.42747619628904,379.26626190185544,431.17650364311834,419.8666843757071,441.9117016188634,431.45384368896487,420.99598575906634,0.04847729639158155,0.5128262003355029,-0.014435004694169695,-0.014788770330811496,6.019934844143501
2024-03-11 04:00:00+00:00,432.73074486330546,433.86817647471133,430.68334985224834,432.612060546875,45860000,53.76970271457229,4.412115466204682,5.024631121697955,-0.6125156554932731,431.4706573486328,419.93962036132814,379.78950775146484,431.313223348238,420.36650304908625,441.9348265304545,431.4706573486328,421.00648816681115,0.04850466192126943,0.1924217698604534,-0.003712718113491942,-0.014931716364237624,5.842858269150111
2024-03-12 04:00:00+00:00,434.92653598478176,439.1696516154351,431.6922371382258,438.8135986328125,55300900,58.9423782469711,4.495600273821992,4.918824952122763,-0.4232246783007705,431.8821136474609,420.5797515869141,380.3521726989746,432.0275448039118,421.0899185621736,442.81135626537304,431.8821136474609,420.9528710295488,0.05061215675550523,1.3848340485035293,0.014335102165431879,0.017452378930684187,5.959612284011484
2024-03-13 04:00:00+00:00,437.8146034192605,437.8344042624904,434.3231654051672,435.4408264160156,37928700,55.317265375095566,4.240723632594552,4.783204688217121,-0.5424810556225692,432.46072540283205,421.1876379394531,380.85827713012696,432.3526192431598,421.65269926232423,442.8433434352017,432.46072540283205,422.0781073704624,0.048016466802613574,1.1441313929326897,-0.007686115989352316,0.0033273549374084332,5.854670922842472
2024-03-14 04:00:00+00:00,436.6771926733909,437.2014019124932,431.6230271967828,434.3429870605469,52195200,54.14984422557748,3.9051296929334285,4.607589689160383,-0.7024599962269544,432.7534942626953,421.91065307617185,381.3161952209473,432.54217808291094,422.1503576073526,443.00080391725163,432.7534942626953,422.506184608139,0.04735864546635351,0.03190888733499011,-0.0025212136503247606,-0.014165420683355245,5.834935479475897
2024-03-15 04:00:00+00:00,431.3065313096125,434.0759330167029,428.012890160029,429.1800231933594,73069800,48.92098422557159,3.185836700170512,4.323239091362409,-1.1374023911918973,432.7243179321289,422.61467895507815,381.7405261230469,432.22197285533457,422.42603076758814,443.0087690914073,432.7243179321289,422.43986677285045,0.047533502200315485,-2.6233530777285132,-0.011886836028200398,-0.011616555010560026,5.870304152407469
2024-03-18 04:00:00+00:00,434.5112345408061,436.799019433192,433.0355416540417,433.2732543945313,47323800,52.81142276919635,2.9125077936814137,4.0410928318262105,-1.1285850381447968,433.0946502685547,423.44112060546877,382.1951123046875,432.32209490668663,422.8514120862918,442.88627831087405,433.0946502685547,423.3030222262353,0.04521703528892697,-1.3426161739066127,0.009537329279018625,0.0015283759006174957,5.995210730080692
2024-03-19 04:00:00+00:00,431.2627288951289,434.7587832386347,429.16308940736616,434.3527221679687,43004100,53.81056378817844,2.7512816318495084,3.7831305918308704,-1.031848959981362,433.6796844482422,424.2798553466797,382.6353207397461,432.5154879791897,423.3024438542007,442.2244981346025,433.6796844482422,425.13487076188187,0.03940610544038576,0.7109195890294511,0.0024914248975416164,-0.010165766235919582,5.966673808736966
2024-03-20 04:00:00+00:00,435.5511538893384,439.83950409423727,433.8476918891389,439.5027770996094,43653500,58.34236997142762,3.0044417943987014,3.627392832344437,-0.6229510379457355,434.6067855834961,425.05938232421875,383.0882934570312,433.18094408589633,423.93775104029515,441.2402778867783,434.6067855834961,427.9732932802139,0.030526409266142387,1.2686758071010427,0.011856849672624126,0.009328364354409535,5.968469408477067
2024-03-21 04:00:00+00:00,444.563615836014,445.01918405535713,441.38449136499906,441.5825500488281,39345700,60.0471380633094,3.3344558117820498,3.5688054282319595,-0.2343496164499097,435.0216827392578,425.8646795654297,383.55043502807615,433.981097034747,424.6297039425906,442.2809725280028,435.0216827392578,427.76239295051283,0.03337438144707851,0.22663204650144095,0.004732104226834899,0.016667848230440097,5.936179233282116
2024-03-22 04:00:00+00:00,441.06758254728834,443.1869888891585,440.2158364708192,442.0876770019531,28253900,60.470258521665095,3.59530933377863,3.5741062093412936,0.021203124437336296,435.5256286621094,426.6256799316406,384.015397644043,434.753152269719,425.31433033707543,443.26200732452446,435.5256286621094,427.78924999969433,0.03552662875973767,1.8109225894021357,0.001143901526609481,0.030075150545342266,5.724391603643341
2024-03-25 04:00:00+00:00,439.2847984476303,441.96876077163023,438.28453118886614,440.4831848144531,27789200,58.35616300058766,3.630715886382461,3.5854281447495273,0.04528774163293381,435.9607269287109,427.33777587890626,384.501950378418,435.29886965493176,425.909187375404,443.7841319023537,435.9607269287109,428.13732195506816,0.035890411637569654,1.819441708959305,-0.0036293528885060766,0.016640608084607544,5.587159761460745
2024-03-26 04:00:00+00:00,442.0084544660937,442.9295347384622,438.8293296605456,439.05712890625,34142000,56.46661401193895,3.5033209376384207,3.569006703327306,-0.0656857656888854,436.27259521484376,428.01719665527344,384.9600732421875,435.65679910743825,426.42479292563326,444.0675312929468,436.27259521484376,428.4776591367407,0.03573424580686484,0.05549743084449842,-0.003237480924053515,0.010830844376432891,5.480948712636163
2024-03-27 04:00:00+00:00,442.1470854064944,442.2461298625254,437.6804433893789,440.5525512695313,41359200,58.00232222366136,3.482879147087772,3.5517811920793996,-0.06890204499162778,436.7744644165039,428.7273175048828,385.41903228759764,436.1230612181138,426.97882266460965,444.31021567698673,436.7744644165039,429.2387131560211,0.03450637285103184,1.1739195186608418,0.0034059858383499453,0.00238854957151724,5.415572838386899
2024-03-28 04:00:00+00:00,440.5030634346059,441.3548095248046,439.3839245031317,439.740478515625,36839600,56.82991359335335,3.362391836263953,3.5139033209163104,-0.15151148465235753,437.0512664794922,429.46689270019533,385.8444660949707,436.4675771512101,427.47927975680636,444.5957684204767,437.0512664794922,429.5067645385077,0.03452456276700214,1.242679544938922,-0.0018433050757875602,-0.004171522477506073,5.169523708621611
2024-04-01 04:00:00+00:00,440.6912140376368,443.2265949148535,438.75995295363714,440.6714172363281,38729000,57.88096244474568,3.303938008224293,3.471910258377907,-0.16797225015361406,437.04772491455077,430.1107495117187,386.26092880249024,436.86794287360226,427.9966184814935,444.5853563701333,437.04772491455077,429.51009345896824,0.03449340209724805,2.677523049061281,0.0021170184829142347,-0.003203572140326183,5.119317869521234
2024-04-02 04:00:00+00:00,435.8482222344713,437.1852468167658,433.8179469153706,436.8683166503906,44259700,52.28099817823544,2.9171078909876655,3.3609497848998586,-0.4438418939121931,436.9326599121094,430.51653442382815,386.64539001464846,436.8679784713916,428.34452821360713,444.4072087718681,436.9326599121094,429.45811105235066,0.03421373381089095,0.8297447902440143,-0.008630241121125204,-0.00820659741094365,5.243185901766682
2024-04-03 04:00:00+00:00,434.7389953416227,439.7305396599772,434.7291120530437,437.8488159179687,39949800,53.5293091445577,2.659008932834297,3.2205616144867464,-0.5615526816524494,437.2607696533203,430.93104736328127,387.01330627441405,436.9613915615418,428.71724537848405,444.2772199058015,437.2607696533203,430.2443194008392,0.03209274986202902,0.8048973959573861,0.002244381728333744,-0.0027520632481048413,5.2259174521357386
2024-04-04 04:00:00+00:00,442.0381514217208,442.6522149927811,430.9260398725093,431.1538391113281,57267700,44.89352749240374,1.8924203293885853,2.954933357467114,-1.0625130280785289,437.1186233520508,431.17704345703123,387.3592092895508,436.4082913281881,428.8127980738897,444.4995397513706,437.1186233520508,429.737706952731,0.03377077070164219,-1.8996325901233242,-0.015290613022680644,-0.02133391835121401,5.690221571288316
2024-04-05 04:00:00+00:00,432.5799469665105,438.9085155947938,431.7678247864334,436.2344665527344,54744600,51.31269497033827,1.675542896608647,2.6990552652954207,-1.0235123686867738,436.90114440917966,431.4781652832031,387.73310638427733,436.39173658766873,429.1038438965895,444.11524554323455,436.90114440917966,429.6870432751248,0.0330239516484238,-1.2111174899239983,0.011783792652474423,-0.007972911601691557,5.837682636443843
2024-04-08 04:00:00+00:00,437.16539830693125,438.244913223344,434.97665816353,436.3631896972656,28144900,51.46694940534836,1.4967986870529444,2.4586039496469256,-0.9618052625939812,437.0080932617187,431.7715753173828,388.13227600097656,436.3890178362018,429.38852412406703,444.1230204761127,437.0080932617187,429.89316604732477,0.03256199289715633,-1.294876017243568,0.00029507788678051483,-0.009776507780063337,5.654152095255998
2024-04-09 04:00:00+00:00,438.7005306265955,438.9778369644632,433.2336212982923,437.9775695800781,39443600,53.45852082567339,1.4684818333284966,2.26057952638324,-0.7920976930547434,437.27636871337893,432.1475183105469,388.51848434448243,436.5403084784757,429.72534943606746,444.1069805845548,437.27636871337893,430.4457568422031,0.03124162364993065,-0.5688333450073588,0.0036996243517526395,0.0025391013433808673,5.660585207464207
2024-04-10 04:00:00+00:00,432.7979025804434,435.0163535535285,432.0848247356478,434.15472412109375,61502200,48.39424129967082,1.1246050955533065,2.0333846402172533,-0.9087795446639468,437.04342498779295,432.36115234375,388.90345932006835,436.31310996824885,429.8990504041077,443.9656013250842,437.04342498779295,430.1212486505017,0.031677293108732185,-1.1165756031268177,-0.008728404659283373,-0.008436911697774274,5.67716803867607
2024-04-11 04:00:00+00:00,436.02646313263415,442.03807095435207,433.7485618314873,441.0873107910156,45474600,56.45118489702415,1.395396843380695,1.9057870808499418,-0.5103902374692468,437.325749206543,432.76981567382813,389.3470365905762,436.7677957608933,430.3378057133982,444.421849221906,437.325749206543,430.22964919118,0.03245223967826144,0.12138382128155031,0.01596800929428155,0.023039274566502455,5.863763830403835
2024-04-12 04:00:00+00:00,436.85846821982966,437.9874904694582,432.67904576765784,434.0556640625,53665000,48.22674184876989,1.030724578083209,1.7307745802965953,-0.7000500022133862,437.31138305664064,433.20262634277344,389.72516174316405,436.50949750390345,430.4836040800297,444.4326980510025,437.31138305664064,430.1900680622788,0.032568623961199285,-1.2927657859277573,-0.015941620981808735,-0.004994567502774272,6.045513915614832
2024-04-15 04:00:00+00:00,437.8092033901657,437.89833433442107,426.07314547720983,426.91497802734375,63453600,41.59875883806087,0.16363916425552816,1.417347497088382,-1.2537083328328538,437.19813079833983,433.3954962158203,390.06408615112304,435.5957337442311,430.34365796031653,444.88286031955806,437.19813079833983,429.5134012771216,0.03515444820034172,-3.121699904036871,-0.016451083642875952,-0.021652173906962058,6.458347840014574
2024-04-16 04:00:00+00:00,426.7565009348942,429.5890151660871,425.5680581541315,426.95458984375,47619000,41.64666910802332,-0.5144061764859771,1.0309967623735101,-1.5454029388594872,436.88219757080077,433.44811584472654,390.40680450439453,434.77276765847097,430.21075332829435,445.63210659306293,436.88219757080077,428.1322885485386,0.040056148183260115,-2.269271180536127,9.27861950155151e-05,-0.025167909276488043,6.28424849515322
2024-04-17 04:00:00+00:00,428.9353146694585,428.95511146869296,420.8141538134235,421.7451171875,56880500,37.311527764602886,-1.455346570710958,0.5337280957566165,-1.9890746664675745,436.25181732177737,433.4076232910156,390.6958416748047,433.53203904218805,429.87876759728283,447.1842453324171,436.25181732177737,425.3193893111376,0.050119805014249515,-3.6779130478420052,-0.012201467744278105,-0.028583374184666166,6.416870578018665
2024-04-18 04:00:00+00:00,422.3889319346268,424.1221042195833,418.7641222717654,419.3385620117187,46549400,35.47445859232212,-2.3679413486337353,-0.04660579312145383,-2.3213355555122814,435.2436065673828,433.3360119628906,390.9685604858398,432.18027932500047,429.4654262017705,448.3030828068013,435.2436065673828,422.18413032796434,0.06000996243190836,-2.7403854559111585,-0.005706183848268265,-0.049307128650548204,6.341235675861468
2024-04-19 04:00:00+00:00,418.15996493819904,418.68486728846034,409.09795670581633,410.6627502441406,75231000,29.78161003428076,-3.7480397190793724,-0.7868925783130375,-2.961147140766335,433.69761657714844,433.0038458251953,391.1979499816895,430.13099084110905,428.72806636029486,450.24442406599314,433.69761657714844,417.15080908830373,0.0763057340247166,-5.861920198710962,-0.02068927724165659,-0.053893810760158645,6.619762078007247
2024-04-22 04:00:00+00:00,413.2972347714564,417.13001685161265,409.9596447993126,414.792724609375,47807700,35.11927678196156,-4.457144023266437,-1.5209428673037175,-2.9362011559627197,432.3328689575195,432.73845458984374,391.4618798828125,428.6702035809439,428.1815823700627,450.3258414492455,432.3328689575195,414.3398964657935,0.08323666222793696,-4.943236642590201,0.010056851669110634,-0.028395006129750544,6.659091361885302
2024-04-23 04:00:00+00:00,416.7239047204478,422.1809307549363,414.84218098500753,420.9825744628906,44384700,42.20971193379194,-4.468139213180791,-2.1103821364791324,-2.3577570767016587,431.3578384399414,432.51259033203127,391.76276870727537,427.9380484268436,427.8992683344873,449.59035412913175,431.3578384399414,413.1253227507511,0.08453545555184748,-3.880334587335574,0.014922754152317363,-0.013987472023769376,6.71117098929073
2024-04-24 04:00:00+00:00,424.0825040686884,425.5977906054682,420.1209674785059,422.40875244140625,48440300,43.73541706286,-4.312065529349752,-2.5507188150532567,-1.7613467142964954,430.5254196166992,432.34907592773436,392.0701971435547,427.4114488091829,427.68395398573904,448.79600683420074,430.5254196166992,412.25483239919765,0.08487576521622354,-2.705480564208103,0.003387736369694583,0.0015735457907180006,6.6230032848387
2024-04-25 04:00:00+00:00,415.2086075113914,421.2301595778061,414.1192092145392,420.3685302734375,57392200,42.026097625644475,-4.30339799525342,-2.9012546510932893,-1.4021433441601303,429.5162185668945,432.27907470703127,392.35850875854493,426.74069466292144,427.39707462447234,447.6893915596942,429.5162185668945,411.34304557409484,0.08462159148930626,-4.697206201743254,-0.004829971339790684,0.0024561734956538572,6.742041852126441
2024-04-26 04:00:00+00:00,423.50802682708354,428.39061298823793,422.8147761196788,426.85552978515625,41874900,48.86879138524874,-3.7300841770607462,-3.067020556286781,-0.6630636207739653,428.8719711303711,432.2464331054687,392.656350402832,426.75163134122954,427.37583757195017,446.4535737947234,428.8719711303711,411.2903684660188,0.08198998231576088,-1.6588043593199135,0.015431696343917833,0.039430845703412265,6.833473342317441
2024-04-29 04:00:00+00:00,428.9650959337398,429.5890427902212,425.845391875459,428.5887451171875,30022200,50.54825100199122,-3.100136410655864,-3.0736437271605976,-0.026492683495266345,428.26783752441406,432.2229370117187,392.9316781616211,426.9265945579874,427.4234025737242,444.99576328659987,428.26783752441406,411.53991176222826,0.0781189914184588,0.3920609901244893,0.004060426095226166,0.033260034926612336,6.61277174034921
2024-04-30 04:00:00+00:00,427.0041197471969,428.4005650240207,420.4279847151419,420.5072021484375,43665900,43.39151823895151,-3.2159398913425434,-3.102102959996987,-0.11383693134555628,427.4497817993164,432.11574890136717,393.1669917297363,426.31522385231597,427.15217902763453,444.0147594230934,427.4497817993164,410.8848041755394,0.07750607593737922,-1.510087453954298,-0.01885617170497622,-0.0011291971290251501,6.723342359041808
2024-05-01 04:00:00+00:00,419.08100564564097,426.003810722956,416.6149590273703,417.4666748046875,52251700,41.037402342388994,-3.512569416266956,-3.184196251250981,-0.32837316501597513,426.43067474365233,432.01204162597656,393.3696655273437,425.47250489539897,426.772355332617,442.81812939181754,426.43067474365233,410.04322009548713,0.07685870467933142,-1.014461628232766,-0.0072306189482973515,-0.011699751977568895,6.913735883080661
2024-05-02 04:00:00+00:00,421.21033183967234,423.6962055209441,416.58525516971946,422.7949523925781,36559000,46.51371276977076,-3.2798943998231493,-3.203335880965415,-0.07655851885773446,426.01273040771486,432.0487255859375,393.58356323242185,425.2174998951303,426.6163787467331,442.3232178022688,426.01273040771486,409.7022430131609,0.07657276992142473,0.8242481598348308,0.012763360309858252,0.005772130748137316,6.92782263080523
2024-05-03 04:00:00+00:00,430.262442093191,432.2828339850437,428.45993589775503,431.2924499511719,48515300,53.871827986832464,-2.3823583919542557,-3.039140383163183,0.6567819912089274,425.76562957763673,432.0088824462891,393.84039169311524,425.79606656713423,426.79975408808366,441.59174955363943,425.76562957763673,409.93950960163403,0.07434193310391143,5.02351374571149,0.0200983893268043,0.010394430565884516,7.11068398520954
2024-05-06 04:00:00+00:00,433.094895741374,436.1056714572863,432.322397457752,436.01654052734375,30227200,57.382004840995485,-1.275160751314445,-2.6863444567934356,1.4111837054789906,425.7482971191406,432.0890380859375,394.1646308898926,426.7694450395351,427.16119669354487,441.52864726735646,425.7482971191406,409.96794697092474,0.07412995074787071,5.116728105092964,0.010953334742369591,0.01733082236708139,6.946579522417031
2024-05-07 04:00:00+00:00,436.4623188406528,437.7200958646048,435.3530631742809,436.0859680175781,30996100,57.43327102187457,-0.3876280906085299,-2.2266011835564545,1.8389730929479247,425.6537170410156,432.1751330566406,394.4947831726074,427.6567329422059,427.5111877258599,441.1600427235135,425.6537170410156,410.1473913585177,0.07285887594400463,3.5876529032008317,0.00015923132216588698,0.0370475601596032,6.619469034410377
2024-05-08 04:00:00+00:00,433.4614278631959,437.2347889142975,433.34255638141855,435.8284301757813,24896700,57.158599396539465,0.29160534097616164,-1.7229598786499314,2.014565219626093,425.73740234375,432.23530639648436,394.8206922912598,428.43498982159406,427.83735409644504,441.4431228446365,425.73740234375,410.03168184286346,0.07378125771625468,3.176941210808965,-0.0005905666787848762,0.043983763206211446,6.424666427158132
2024-05-09 04:00:00+00:00,436.0958073735543,437.3536144949182,434.2437939852255,436.7791748046875,24580100,57.95795783026908,0.8962880245410361,-1.199110298011738,2.095398322552774,425.5219955444336,432.36058654785154,395.1387942504883,429.2296741056982,428.1880137320624,440.4800791798173,425.5219955444336,410.56391190904986,0.07030463192035762,3.90387085364724,0.0021814653727907363,0.033075660749905644,6.187891718767742
2024-05-10 04:00:00+00:00,438.2846299132042,440.0375990568491,436.2642376935929,437.8092346191406,27116600,58.85371799733777,1.4419981689480323,-0.6708886046197841,2.1128867735678165,425.7096740722656,432.4326824951172,395.4682534790039,430.04677510697843,428.56531651194786,441.17686264241155,425.7096740722656,410.2424855021197,0.0726654314532694,2.5661386744825734,0.0023583079823201736,0.01510989739956381,6.015425264802631
2024-05-13 04:00:00+00:00,439.72061959803295,439.8196640512159,437.40312446934496,438.8193664550781,22994200,59.75918985322829,1.9336961417183716,-0.14997165535215293,2.0836677970705244,426.30489349365234,432.39422485351565,395.8071963500977,430.88225999727365,428.9674361175608,442.7942546994615,426.30489349365234,409.8155322878432,0.07735947420483766,2.387048529492603,0.002307241958512396,0.00642825596557528,5.758362001736082
2024-05-14 04:00:00+00:00,438.39353947668786,442.17681419663,438.2053640696036,441.6419982910156,34478300,62.25852278964366,2.5220603848841847,0.3844347526951146,2.13762563218907,427.0392639160156,432.44367248535156,396.1264613342285,431.90699697763006,429.4644777714218,444.8354086937554,427.0392639160156,409.2431191382758,0.08334664412141606,5.026024770704788,0.006432331960960713,0.012740676565895726,5.630725439256819
2024-05-15 04:00:00+00:00,444.1179040447023,448.7925178829045,442.60261768529153,448.544921875,41464700,67.5642493436468,3.50494866318229,1.0085375347925498,2.4964111283897403,428.37925415039064,432.78883850097657,396.47925582885745,433.49156125357007,430.21273048136607,448.2893907790168,428.37925415039064,408.4691175217645,0.09295565289740354,7.444485738856284,0.015630133933584256,0.029177747064572657,5.739282164444824
2024-05-16 04:00:00+00:00,448.35675006791064,450.31772134684235,447.4654104771679,447.6337890625,34780400,66.24056837726695,4.162392432781303,1.6393085143903006,2.523083918391002,429.7940155029297,433.0615789794922,396.8318786621094,434.8384400925158,430.8959092492537,450.91765017831403,429.7940155029297,408.6703808275454,0.09829655096833396,5.874913247984629,-0.0020313078313122235,0.02485149220465077,5.533069929104083
2024-05-17 04:00:00+00:00,447.7625648640613,448.3667149138811,445.217300561421,447.41595458984375,35803700,65.9081118660277,4.612671924730648,2.2339811964583705,2.378690728272278,431.63167572021484,433.1982171630859,397.2247888183594,436.03629861607084,431.54375416457094,452.1647087878962,431.63167572021484,411.0986426525335,0.09514145611959642,3.73841569461679,-0.0004866354550948637,0.0219427074877947,5.362808816486655
2024-05-20 04:00:00+00:00,447.6338263078033,451.19918496742906,447.4456509067077,450.53564453125,24474200,68.3574658669679,5.16175309551852,2.819535576270401,2.3422175192481194,433.41882171630857,433.5244458007812,397.6362532043457,437.41718870323075,432.2885341789505,454.0001685180162,433.41882171630857,412.83747491460093,0.09497209521361775,3.3299433976394566,0.0069726837172494616,0.02669954649180517,5.249981785136559
2024-05-21 04:00:00+00:00,448.68358337149255,451.6051980861737,448.48549447851144,451.4170227050781,23167700,69.03435291618297,5.6034308688853685,3.3763146347933946,2.227116234091974,434.94054412841797,433.9005450439453,398.06074462890626,438.7505062272162,433.0386709838967,456.1109073371801,434.94054412841797,413.77018091965584,0.09734830884154819,3.515603759780233,0.0019562895511744394,0.022133366962127976,5.0978190581741085
2024-05-22 04:00:00+00:00,451.674582383685,452.4272839916617,448.7232268055725,451.3279418945313,25120000,68.87398896945217,5.8785117848540835,3.8767540648055325,2.001757720048551,436.3865036010742,434.1508319091797,398.4692742919922,439.94835724315095,433.75589729411763,457.8835099911811,436.3865036010742,414.8894972109673,0.09852278295828566,3.556333328805244,-0.00019733595780901947,0.006204551392305913,4.998264638739471
2024-05-23 04:00:00+00:00,456.12139940247897,456.1511097174414,447.50507559800815,449.2976684570313,40899200,65.15889142918203,5.865080299104761,4.274419311665379,1.5906609874393824,437.8329605102539,434.42796875,398.8833659362793,440.83876783494907,434.36537851619266,458.7082299709918,437.8329605102539,416.957691049516,0.09535723138070606,2.866092152388365,-0.004498443923009909,0.0037170549569460754,5.258819601646168
2024-05-24 04:00:00+00:00,450.9119615250611,454.8140770907989,449.20849975410897,453.54638671875,29669500,68.93523221833983,6.126647625459839,4.644864974424271,1.4817826510355676,439.1675033569336,434.8120367431641,399.3388475036621,442.0490172524539,435.11757491629294,460.4732399599483,439.1675033569336,417.8617667539189,0.09702783762531005,3.594522649413608,0.009456355018065299,0.013701863033753758,5.283588011292151
2024-05-28 04:00:00+00:00,454.7645735643504,455.319186254348,452.2985267740355,455.259765625,26216800,70.33176486575108,6.3984397440377165,4.99557992834696,1.4028598156907561,440.50105438232424,435.33363159179686,399.7995463562012,443.30718376412494,435.90746474800693,462.3237749883719,440.50105438232424,418.6783337762766,0.09908135469345347,3.7465072024356236,0.003777736867546677,0.010485565684076104,5.121950259079317
2024-05-29 04:00:00+00:00,451.10014308429754,453.83358254085584,450.961474808148,452.0509033203125,29739200,64.48489623990793,6.282487975096103,5.252961537696789,1.0295264373993138,442.07823944091797,435.7091845703125,400.25577682495117,444.13991895995235,436.5405407704503,462.4008883942753,442.07823944091797,421.75559048756065,0.09194141280990764,2.3568648519785995,-0.007048420587490778,0.0014042018429785141,5.063117441777365
2024-05-30 04:00:00+00:00,451.11997622393034,451.25864451125,445.88083565530343,447.20794677734375,30536800,56.80893704510282,5.733714551841217,5.349112140525675,0.38460241131554174,443.56530303955077,435.9662890625,400.6675473022461,444.4321120854182,436.9588704177795,460.5441600269542,443.56530303955077,426.5864460521473,0.07655629000309574,-0.2980693866887288,-0.010713299116088981,-0.009128606351942459,5.142185314865344
2024-05-31 04:00:00+00:00,447.43572531572056,448.1290062720027,438.79957479670367,446.3760070800781,55941300,55.58489206314651,5.172056827835831,5.313701077987707,-0.14164425015187554,444.7443557739258,436.1037536621094,401.0945162963867,444.6172449420525,437.3281698947324,458.81629385785754,444.7443557739258,430.67241768999406,0.06328101931476718,-0.28098459346782234,-0.0018602972135461915,-0.006502729887263192,5.441274326324893
2024-06-03 04:00:00+00:00,450.198860450723,451.1991277345812,443.59298589680577,448.772705078125,32997500,58.367904423279,4.864260367814495,5.223812935953065,-0.35955256813856984,445.6183685302734,436.2475567626953,401.5525811767578,445.0130030502499,437.7769751960419,458.347021790358,445.6183685302734,432.88971527018884,0.05712804569553932,0.3032414187207547,0.005369235711669695,-0.010525233538207446,5.595907719999934
2024-06-04 04:00:00+00:00,448.5152478071342,451.1991802869512,446.7919891245828,450.0008239746094,23767400,59.75933439169778,4.665645727143385,5.112179494191129,-0.44653376704774406,446.31758270263674,436.40581970214845,402.03629302978516,445.4880336144746,438.2563418148093,458.37847715225706,446.31758270263674,434.2566882530164,0.054046243827485525,-0.1187077122825803,0.002736616738467923,-0.011551518599872135,5.510999394454825
2024-06-05 04:00:00+00:00,453.5761039301648,459.1519408150762,450.0404255724261,459.0727233886719,33817400,68.21115584871973,5.180550497800425,5.125853694912989,0.05469680288743639,447.46692047119143,436.7776104736328,402.56758056640626,446.78181359296957,439.07267050398036,459.7869367321951,447.46692047119143,435.14690421018776,0.05506559567813618,1.69592644905538,0.020159739562108925,0.015533250828134948,5.771007783455684
2024-06-06 04:00:00+00:00,459.7560780803062,460.0730082253945,457.745599697593,458.9142456054687,21966800,67.94269388317136,5.5122862015319924,5.20314019623679,0.30914600529520264,448.62121124267577,437.1747528076172,403.06965393066406,447.93728330844567,439.85077148835245,460.6864758981058,448.62121124267577,436.5559465872457,0.05378820418236308,1.6808850077157849,-0.00034521280644461694,0.026176410576964182,5.525036408051817
2024-06-07 04:00:00+00:00,458.54783305481715,461.2614757860569,457.3989838850635,458.5082092285156,25829700,67.21279856969898,5.676984649296571,5.297909086848747,0.3790755624478246,449.70766296386716,437.5338659667969,403.57225845336916,448.94403815797614,440.5824357134569,461.2121352364371,449.70766296386716,438.2031906912972,0.05116422609633988,2.0499863271302887,-0.0008847761446528768,0.027179333019709206,5.406283228976216
2024-06-10 04:00:00+00:00,457.3792242132735,460.71681402717616,457.0920043414882,460.3602600097656,20660800,68.85626607983129,5.889068855601636,5.416141040599324,0.4729278150023113,450.83521423339846,437.9462615966797,404.05589828491213,450.0312973819561,441.3580366662533,461.86464940289795,450.83521423339846,439.80577906389897,0.04892889828162149,1.5023542223126554,0.0040392968849265465,0.025820543006561447,5.279035118741342
2024-06-11 04:00:00+00:00,459.0826602839929,463.63843324942377,457.5871706013784,463.5195617675781,22053300,71.48226589722378,6.240143871357304,5.580941606750921,0.6592022646063835,452.0702239990234,438.40322448730467,404.5941993713379,451.31589399011057,442.22711608199154,462.9720522209623,452.0702239990234,441.1683957770845,0.048230684717524994,1.8143040009781504,0.006862672633266564,0.030041584532146448,5.334194227977345
2024-06-12 04:00:00+00:00,467.4513734442813,471.9180153282366,466.7581227209805,469.5906066894531,34532600,75.71913615832986,6.928389773522213,5.85043124010518,1.077958533417033,453.4676544189453,439.05767028808594,405.14906341552734,453.0563428186194,443.30019414502925,465.7429057445587,453.4676544189453,441.1924030933319,0.054139479215303224,3.8800283862528664,0.013097710264317053,0.022911148419237026,5.553069894597426
2024-06-13 04:00:00+00:00,473.1262788447949,473.78984946991005,469.8580235054099,472.1358947753906,25859000,77.24549196112348,7.591700686364106,6.198685129356965,1.393015557007141,454.64720306396487,439.74341186523435,405.7031573486328,454.8734430049785,444.4310059344552,469.13755970362257,454.64720306396487,440.15684642430716,0.06374330048443755,5.57412903274235,0.005420227853111026,0.02881071855260875,5.456367957873105
2024-06-14 04:00:00+00:00,471.93784485553545,474.6515179822657,471.4723630955001,474.5821838378906,23372600,78.63556786321354,8.220019182193312,6.602951939924235,1.6170672422690764,455.9946228027344,440.61197875976563,406.23002700805665,456.75046594144635,445.6134050679233,472.49769440274116,455.9946228027344,439.49155120272763,0.07238274652701804,6.318927610451164,0.0051813240415956585,0.035057114105810694,5.2937098813654275
2024-06-17 04:00:00+00:00,474.8495341233791,482.1783701407441,473.542250131268,480.3956909179687,37054500,81.52418385759375,9.08237162625727,7.098835877190843,1.9835357490664274,457.64360961914065,441.4952032470703,406.7756692504883,459.0023921296866,446.977416277729,476.77051364262877,457.64360961914065,438.5167055956525,0.08358864243469227,7.0465483934319435,0.012249737301693209,0.04352119991368952,5.532453461944761
2024-06-18 04:00:00+00:00,480.3462528169641,481.2276790426443,478.7814288479496,480.5443115234375,24438600,81.5927033242339,9.666356847242128,7.6123400712011,2.0540167760410277,459.14404296875,442.37882568359373,407.31648849487306,461.05400350052,448.29376511089407,480.3953265201268,459.14404296875,437.8927594173732,0.09256913544590267,6.787429249363218,0.00030937122933982764,0.03672930154433507,5.3120103714269
2024-06-20 04:00:00+00:00,481.74262310012705,482.1585674757915,475.00799342285035,476.8402099609375,33918700,74.20619721574889,9.718253327674802,8.03352272249584,1.6847306051789612,460.41520233154296,443.15607849121096,407.84075744628905,462.55745173484553,449.413233536386,482.68273845233097,460.41520233154296,438.14766621075495,0.09672806635413074,3.870298901906847,-0.007708137363559908,0.015438135193105884,5.443336348677916
2024-06-21 04:00:00+00:00,476.5628890848277,477.8999135568852,474.0671322346763,475.5625915527344,37456800,71.79203224498178,9.546245360092485,8.33606725001517,1.2101781100773152,461.62693481445314,443.98423583984373,408.3562739562988,463.7960364794064,450.43869855663496,484.4160331301761,461.62693481445314,438.83783649873016,0.09873383287256779,3.6277683917396555,-0.002679342852205724,0.007257861169343904,5.32829670393013
2024-06-24 04:00:00+00:00,474.3345941263354,476.07052108362217,470.0096706376766,470.1485290527344,37751000,62.51111684614276,8.870801136373075,8.44301402728675,0.42778710908632434,462.66947784423826,444.5654602050781,408.8611231994629,464.4010357721043,451.21163308589377,485.0103992678907,462.66947784423826,440.3285564205858,0.09657400149993778,2.5387374947560293,-0.011384542426524424,-0.009342227618621912,5.3806219712169465
2024-06-25 04:00:00+00:00,472.2416142126937,475.8225692896328,471.29924168078026,475.5249938964844,29014700,67.06452634200676,8.669406975565892,8.488292616942578,0.18111435862331327,463.768408203125,445.3948468017578,409.40605590820314,465.4604603553786,452.1650982157209,486.3669231671709,463.768408203125,441.16989323907904,0.09745603436682584,3.2941014253482828,0.011435673008660885,-0.010138927375008544,5.401580418765623
2024-06-26 04:00:00+00:00,474.70161721166807,477.0525837362834,474.28501169137144,476.5069885253906,22737100,67.83302206206842,8.491158620822716,8.488865817718606,0.002292803104110064,464.83076934814454,446.3866870117188,409.9533374023438,466.5125106572845,453.11968214943346,487.7251642908228,464.83076934814454,441.93637440546627,0.09850636598254557,2.80191556712007,0.0020650746890498173,-0.008401562355920156,5.213436963490361
2024-06-27 04:00:00+00:00,476.25899140241336,479.2150378931876,475.44557836994903,477.7369995117187,26222100,68.81457508949921,8.35286054555064,8.461664763285013,-0.10880421773437199,466.11507415771484,447.40233520507815,410.48514434814456,467.58150959580206,454.0850671440329,488.8791846100247,466.11507415771484,443.350963705405,0.09767592474216955,1.734786153346737,0.002581307338501926,0.0018806919635712127,5.110295717758092
2024-06-28 04:00:00+00:00,478.53059103888904,483.282079612265,474.61234377682473,475.2571105957031,34881600,64.53863878421637,7.951492162273041,8.359630243082618,-0.4081380808095769,467.5175323486328,448.4725750732422,411.02514190673827,468.3125192148403,454.91534335782393,488.86130525004523,467.5175323486328,446.1737594472204,0.09130683418091,0.6610842036904135,-0.005190908216341161,-0.0006423569945521734,5.364541440449678
2024-07-01 04:00:00+00:00,476.1796388241986,478.60991833266274,472.4300379129382,478.0445251464844,24898300,67.0192852626383,7.76877231432843,8.241458657331782,-0.47268634300335144,469.1009582519531,449.6466943359375,411.5720817565918,469.2393769226159,455.82237009463415,488.5508525611485,469.1009582519531,449.65106394275773,0.08292412951648194,0.729555686350086,0.005865066484302295,0.016794684245123648,5.422779938969311
2024-07-02 04:00:00+00:00,476.54663965537014,483.1233273257318,476.4176802465926,483.0638122558594,26723600,70.95885161234001,7.93748169216434,8.180663264298294,-0.2431815721339543,470.81551361083984,451.0947155761719,412.1290449523926,470.55598981149626,456.890661944094,488.78449441919855,470.81551361083984,452.84653280248114,0.07633130297915909,0.5554007640643647,0.010499622619539295,0.01585367426767914,5.514413306124301
2024-07-03 04:00:00+00:00,482.3099405032558,487.22014593921017,482.3099405032558,487.0911865234375,18064900,73.67595189407263,8.300477793669756,8.204626170172586,0.09585162349717002,472.67003173828124,452.54068481445313,412.73796585083005,472.13077045072873,458.07499624132316,489.26691596912985,472.67003173828124,456.0731475074326,0.07022609057660063,1.3623873684499312,0.008337147526681132,0.022212051980183833,5.471255601112163
2024-07-05 04:00:00+00:00,487.9343323047587,492.6064469388344,487.6367266822081,492.16998291015625,28495900,76.64365382678771,8.895430259673844,8.342786988072838,0.5526432716010063,474.3248947143555,453.9644329833984,413.37037658691406,474.0392668754361,459.41205454206175,491.7482853305389,474.3248947143555,456.90150409817204,0.07346606012183286,3.214865824858721,0.010426787688293304,0.03021114842097039,5.4743988021325
2024-07-08 04:00:00+00:00,492.5370009036956,493.8959787860616,491.515285174663,493.3404846191406,22109400,77.2793993998593,9.353562040198085,8.544941998497888,0.8086200417001965,476.04620666503905,455.3830676269531,414.01253677368163,475.87747808912223,460.74258121175114,493.8378842681152,476.04620666503905,458.2545290619629,0.07474769194241235,3.738286690793022,0.0023782468448467764,0.038049665371173935,5.253419859937223
2024-07-09 04:00:00+00:00,494.85818889737385,495.9791065216587,492.249333953524,493.76702880859375,25614500,77.51953710293503,9.639930213383423,8.763939641474996,0.8759905719084262,477.809147644043,456.8510375976563,414.683122253418,477.58124482431,462.03765758809794,495.2848789598422,477.809147644043,460.33341632824374,0.07314942127821404,5.023625151703962,0.0008646040670723387,0.032889203484323115,5.144587910522757
2024-07-10 04:00:00+00:00,495.69144940318296,499.47080791979505,494.38208751798817,498.9153137207031,28046900,80.23487200750836,10.165125382362021,9.044176789652402,1.1209485927096186,479.73690032958984,458.2922332763672,415.4124011230469,479.61306090968077,463.4838401815335,497.59012347589794,479.73690032958984,461.88367718328175,0.07442922624481267,4.918841306858945,0.010426546552797733,0.03281450827545718,5.184530139142653
2024-07-11 04:00:00+00:00,499.0244593137064,499.2327620763541,486.783697768007,487.9740295410156,49966600,62.858077819384356,9.58795219976497,9.152931871674916,0.4350203280900544,480.9596237182617,459.47993896484377,416.0867268371582,480.40934363647455,464.44423976425827,497.50432112538346,480.9596237182617,464.41492631113994,0.06879869573755894,2.4064790846218576,-0.02193014300982654,0.0018124799667991187,5.70342543694297
2024-07-12 04:00:00+00:00,488.5493686532913,495.60217729832374,488.0831470637036,490.8407897949219,37109400,64.9971138887102,9.255174003457626,9.173380298031459,0.0817937054261666,482.02213287353516,460.88661071777346,416.76700057983396,481.4028146991838,465.4793985889902,498.2359506978389,482.02213287353516,465.8083150492314,0.06727416323249069,2.7428878853001106,0.00587482136416706,-0.0027006789552157517,5.840905602683337
2024-07-15 04:00:00+00:00,492.61635700216624,496.98099738699784,490.1166331862592,492.1600646972656,31151400,65.96843811994691,8.994219579717651,9.137548154368698,-0.1433285746510471,483.0233413696289,462.380478515625,417.4805084228516,482.4273146990011,466.5256992206873,499.1443278845726,483.0233413696289,466.9023548546852,0.06675034158486874,3.556591521666193,0.0026877857948499617,-0.002392708400540622,5.914009788258716
2024-07-16 04:00:00+00:00,493.6182465755792,494.43165958456547,489.1841921034824,492.3485412597656,25950600,66.11311487309501,8.702305046676713,9.050499532830301,-0.34819448615358795,483.91165924072266,463.77155029296875,418.1908642578125,483.37219341907394,467.538359692808,500.03217455995673,483.91165924072266,467.7911439214886,0.06662586036686045,2.992193270887927,0.00038295785460751297,-0.00287278709607397,5.866399623460454
2024-07-17 04:00:00+00:00,484.3533794143371,484.8691868130836,477.8263073639859,477.8957214355469,56268800,48.9338030851714,7.221494015761948,8.684698429416631,-1.4632044136546831,483.7866607666016,464.70361572265625,418.8143051147461,482.850624658738,467.94453074154285,500.05240423468064,483.7866607666016,467.52091729852253,0.06724345579228903,-1.06985675374399,-0.029354854565504573,-0.04213058149769122,6.484673500054688
2024-07-18 04:00:00+00:00,481.6254692775221,481.80401449029495,472.4399265508185,475.634033203125,49347400,46.88085258901397,5.798598630940262,8.107478469721357,-2.3088798387810954,483.54114685058596,465.4959655761719,419.42515518188475,482.1633302343939,468.24607985768336,500.1400565663579,483.54114685058596,466.94223713481404,0.06865562454771189,-2.3521577965897387,-0.004732597784361858,-0.025288223534144838,6.690345960013387
2024-07-19 04:00:00+00:00,475.2968346852116,477.81641735630217,470.1287401868725,471.4182739257813,42042900,43.23938255658297,4.281413773061729,7.342265530389432,-3.060851757327703,483.2700500488281,466.2026116943359,420.00017684936523,481.1399915383356,468.3704796250598,500.4642970052678,483.2700500488281,466.07580309238847,0.0711579248691385,-4.216370299885414,-0.008863451694053448,-0.0395698896117731,6.76158390354312
2024-07-22 04:00:00+00:00,477.2906394842837,479.4630304930446,473.86837138221824,478.4413146972656,40300000,50.181696393152016,3.6041877063743186,6.5946499655864095,-2.990462259212091,483.4139862060547,467.05486938476565,420.6415884399414,480.8829746963289,468.7654143337737,500.3946108016015,483.4139862060547,466.43336161050786,0.07025293053192241,-3.020058232880923,0.014897684625161611,-0.02787456964522017,6.853239093808845
2024-07-23 04:00:00+00:00,477.5386298673129,480.53433291634104,476.27885377433194,476.7549743652344,23282500,48.6432428982962,2.898001243521321,5.855320221173392,-2.957318977652071,483.7443084716797,467.85438537597656,421.25074234008787,480.4898318076533,469.07873041343885,499.9177180534637,483.7443084716797,467.57089888989566,0.06686759636669042,-3.4453605548364816,-0.0035246544983229544,-0.03167180480444243,6.667684811537435
2024-07-24 04:00:00+00:00,470.00964098720937,470.3766606771933,458.79059618135454,459.6535949707031,58818600,36.441836605335425,0.947482994787606,4.873752775896236,-3.92626978110863,482.95073852539065,468.2912725830078,421.7796185302734,478.5054282993723,468.7091172588218,501.96707974660217,482.95073852539065,463.93439730417913,0.07875064558043637,-7.869415443916205,-0.03587037433075668,-0.03817177188790555,7.474591480990463
2024-07-25 04:00:00+00:00,459.9909324921608,464.17699798754455,451.9659929822661,454.5847473144531,59256800,33.740367775669924,-0.9958508649158944,3.69983204773381,-4.695682912649705,481.85462646484376,468.6065802001953,422.25350326538086,476.22726820557045,468.15522039825834,504.42533525982253,481.85462646484376,459.283917669865,0.09368264848080912,-6.842430171533552,-0.011027538371745083,-0.0442552139234379,7.812906732725321
2024-07-26 04:00:00+00:00,458.92945331899654,462.1830749909477,456.07260887100784,459.2468872070313,39992100,38.27285550246309,-2.1351485599774946,2.532835926191549,-4.667984486169043,480.93012084960935,468.95867797851565,422.7415237426758,474.61008906285247,467.8058739986024,505.52380006810273,480.93012084960935,456.336441631116,0.1022754789200821,-6.436690520584243,0.010255821208521976,-0.02581865700154473,7.797579657280269
2024-07-29 04:00:00+00:00,461.9648449969865,464.1471651465655,457.90773959031816,460.1694030761719,28218500,39.159709489978965,-2.929837527402185,1.4403012354728024,-4.370138762874987,480.1757354736328,469.19116760253905,423.2241427612305,473.23478563554954,467.50640455066394,506.29732692104807,480.1757354736328,454.05414402621756,0.10880013094226679,-6.500052303262688,0.002008758022838064,-0.03819049705741928,7.686282935777917
2024-07-30 04:00:00+00:00,462.1037777697679,462.80805968299586,450.49785360966354,453.8506774902344,41317200,35.40730895414286,-4.023126508423388,0.3476156866935643,-4.370742195116953,478.96604309082034,469.31550537109376,423.66219451904294,471.3886800979005,466.9708858424118,507.4998378117417,478.96604309082034,450.43224836989896,0.1191474641366627,-7.819229782021346,-0.013731303175955722,-0.04804207214721867,8.016563159888946
2024-07-31 04:00:00+00:00,464.1074903666836,468.9879381584773,462.659239832893,467.2817687988281,44552100,47.02691675323009,-3.7624182665616104,-0.4743911039574707,-3.2880271626041395,478.17694091796875,469.71282165527344,424.17376525878905,470.99754568846504,466.9830773308987,507.0842552681292,478.17694091796875,449.2696265678083,0.12090635025045884,-2.220976702791058,0.02959363503182777,0.016595483885231355,8.525184410485657
2024-08-01 04:00:00+00:00,467.9662323384701,471.7257322990173,452.3131324101359,455.9635314941406,56653900,40.4270872029663,-4.418162440216918,-1.26314537120936,-3.155017069007558,476.6205581665039,469.8213793945313,424.6516827392578,469.5657348128151,466.55093827847685,506.76583757416495,476.6205581665039,446.4752787588428,0.12649592591484496,-4.135637977062895,-0.024221439954273394,0.0030330630049357765,9.302856944656781
2024-08-02 04:00:00+00:00,447.2640403973027,449.9224810667855,440.8956555322435,445.1412353515625,66323200,35.32247615518867,-5.744889762115861,-2.1594942493906606,-3.5853955127252,474.26912078857424,469.69586364746095,425.055115814209,467.2395920069815,465.7113420852645,506.46311821980964,474.26912078857424,442.07512335733884,0.13576257032170244,-5.574039028100083,-0.02373500377785631,-0.030714746791761893,9.714644017316806
2024-08-05 04:00:00+00:00,421.2945574349509,438.7331994932411,420.04471069161315,431.8688354492187,87483500,30.27385622837238,-7.777646604678182,-3.283124720448165,-4.494521884230017,471.19553833007814,469.3066815185547,425.3981555175781,463.8709485252898,464.38418496228235,507.0491195987026,471.19553833007814,435.3419570614537,0.15218132750445776,-9.734209362231965,-0.02981615462306375,-0.06150032452780996,10.813349777504843
2024-08-06 04:00:00+00:00,433.7139000662552,443.47476524272554,431.06535831963623,435.9953918457031,63164400,33.45833396062987,-8.952444229135097,-4.416988622185552,-4.535455606949545,468.3069564819336,469.04063598632814,425.785654296875,461.2161336034244,463.27089895771064,505.69705270315325,468.3069564819336,430.9168602607139,0.15968200217270145,-8.549377502311279,0.009555115020494886,-0.03934176267681222,10.927353859332305
2024-08-07 04:00:00+00:00,442.89943365435545,445.3892585731149,430.8769043912064,431.273681640625,54929200,31.675688956966496,-10.147508205064696,-5.563092538761381,-4.584415666303315,464.9248748779297,468.5951818847656,426.1663165283203,458.3644715117292,462.01610612174653,502.86145055432183,464.9248748779297,426.9882992015376,0.1631944330204002,-6.1741958815501,-0.010829725023215664,-0.07705861765324973,11.18342531094489
2024-08-08 04:00:00+00:00,437.5131289308338,445.3793510484238,433.6345683136623,444.4667663574219,47890100,41.116061082936,-9.915730964295676,-6.433620223868241,-3.4821107404274354,462.74951171875,468.37932189941404,426.6394338989258,457.04088054465234,461.327896719224,500.1354594700663,462.74951171875,425.3635639674337,0.16158179232845402,-2.2257634064506497,0.030590980341319574,-0.02521422074928925,11.392157032148742
2024-08-09 04:00:00+00:00,443.1474028666421,448.4246278308147,442.0264852411968,446.7879028320313,33574000,42.61825706720963,-9.43597744190896,-7.034091667476385,-2.401885774432575,460.54686737060547,468.27406188964846,427.11887863159177,456.0644064767837,460.7577008805106,496.20402838528014,460.54686737060547,424.8897063559308,0.15484704615732883,-2.712916455628237,0.005222294781749515,0.0036992022973749705,11.035441714825112
2024-08-12 04:00:00+00:00,447.7600513399567,450.7160675662323,444.94286325571886,447.7501220703125,27795000,43.26442183010156,-8.875811438786855,-7.40243562173848,-1.4733758170483746,458.3263702392578,468.2849053955078,427.5860665893555,455.27256986664355,460.2475997506989,491.2593808911611,458.3263702392578,425.39335958735455,0.14370986611445205,-2.6988497981043755,0.0021536376257773604,0.036773402749875395,10.659567614517135
2024-08-13 04:00:00+00:00,452.1543688770567,459.12783342487006,452.0154802061328,458.8599853515625,40084500,50.23280553522288,-7.449529192380226,-7.411854335866829,-0.03767485651339619,456.65194244384764,468.5345849609375,428.1521643066406,455.6142284842549,460.19318349975237,485.6678636192657,456.65194244384764,427.6360212684296,0.1270811244999182,1.1037347986411041,0.024812641546316128,0.05244228249538718,10.710863595948593
2024-08-14 04:00:00+00:00,459.7825457496771,461.3696546201234,454.7136237077934,459.0088195800781,34733700,50.3208353211915,-6.235303856397934,-7.176544239973051,0.9412403835751171,455.70759735107424,468.73930725097654,428.75195816040036,455.9375228743333,460.1467378558436,483.0792592633241,455.70759735107424,428.3359354388244,0.12012817899615971,-1.7704412564641763,0.0003243565210890864,0.06430983183101935,10.42123268997584
2024-08-15 04:00:00+00:00,464.9903709262572,471.0016356542181,464.6134219380081,470.6048583984375,38280600,56.74110707652582,-4.287889982509682,-6.5988133884803775,2.310923405970695,455.45613861083984,469.1513879394531,429.4015928649902,457.33441197186704,460.55686023006297,482.1755708285316,455.45613861083984,428.7367063931481,0.1173304296619522,3.2110741085627863,0.025263215702408415,0.05880775351378342,10.533488645987562
2024-08-16 04:00:00+00:00,468.8193073837925,472.5788376604757,467.8571066619658,471.2099304199219,38383600,57.05299182349343,-2.6650056752422415,-5.812051845832751,3.1470461705905093,455.4457214355469,469.3941320800781,430.0350637817383,458.6558899193008,460.9746276884888,482.1404037238968,455.4457214355469,428.751039147197,0.11722442887029134,5.856275042183165,0.0012857326283106651,0.054661344752371166,10.118363099739156
2024-08-19 04:00:00+00:00,471.3487983444704,477.439406043087,469.56325539416105,477.3997192382813,23737700,60.213169645293185,-0.8693723586793567,-4.823515948402072,3.9541435897227153,455.39364166259764,469.7638415527344,430.69124572753907,460.4410165211085,461.6187489257356,481.9121513356119,455.39364166259764,428.8751319895834,0.11646411915720986,10.542757442014212,0.013135947310879859,0.06621907109901981,9.958205067538213
2024-08-20 04:00:00+00:00,476.4871607951865,479.0563290804587,474.701617746839,476.39788818359375,29209300,59.450671639141916,0.4674520913441711,-3.7653223404528235,4.232774431796995,455.37578735351565,470.12163513183594,431.3123770141602,461.96071858420237,462.1983230142791,481.8371638783442,455.37578735351565,428.9144108286871,0.11621775799109914,9.266725541949969,-0.002098516220927049,0.03822059755024032,9.557955515115458
2024-08-21 04:00:00+00:00,477.1814909972868,480.4747995624965,475.46542264592534,478.6198425292969,25658800,60.64113255360896,1.6867445046512444,-2.6749089714320102,4.361653476083255,456.3240997314453,470.48682678222656,431.9126527404785,463.5473018170685,462.8423041717308,484.6261235941523,456.3240997314453,428.0220758687383,0.12404352029341975,10.978217058959059,0.004664072618321136,0.04272471924866239,9.233057043790865
2024-08-22 04:00:00+00:00,480.94105627106063,481.6354391866517,469.99975748455006,471.0314025878906,37739600,54.73137225148517,2.017462787504428,-1.7364346196447227,3.7538974071491507,457.1464324951172,470.63706359863284,432.4539225769043,464.26007331905157,463.16344528609,486.14566545263784,457.1464324951172,428.1471995375966,0.12687065192324506,5.976742974098217,-0.01585483773782692,0.0009063743857313789,9.404673090813063
2024-08-23 04:00:00+00:00,475.38608613555937,478.8579401865136,471.457939742686,476.1399841308594,36061500,57.71870342859399,2.661103698723025,-0.8569269559711732,3.518030654694198,457.99108734130857,470.76805114746094,433.0133361816406,465.3914933963666,463.6723291623555,488.1468556723649,457.99108734130857,427.83531901025225,0.13168714049050192,6.5695783419326155,0.010845522219753878,0.010462542049026968,9.291949127085198
2024-08-26 04:00:00+00:00,475.5944204210187,476.5169343773704,469.4343375642225,471.5174560546875,27452600,54.23131676645515,2.7663061193994167,-0.13228034089705518,2.898586460296472,458.55848999023436,470.75568237304685,433.53242111206055,465.97491841144483,463.97998119734893,489.27861529593935,458.55848999023436,427.8383646845294,0.13398563531714006,5.308169180273879,-0.00970833836736018,-0.012321463433156765,9.134138247518246
2024-08-27 04:00:00+00:00,469.88070629501414,473.9973269818552,467.9166180602349,472.926025390625,27510000,55.121149977865066,2.9295693177317617,0.48008959082870817,2.4494797269030535,459.5122573852539,470.7225592041016,434.0573648071289,466.6369285999382,464.33080645983034,490.76829559889,459.5122573852539,428.25621917161783,0.13604006296367893,3.0654318284662785,0.0029873111119222973,-0.007287737580462972,8.916036152811252
2024-08-28 04:00:00+00:00,472.45981610378107,473.1839262716148,464.1273726336142,467.5595397949219,37372400,51.048999226899014,2.5960009575915706,0.9032718641812807,1.6927290934102899,459.5261459350586,470.4658361816406,434.5696337890625,466.7247963327938,464.45742345336333,490.79622496534046,459.5261459350586,428.25606690477673,0.13609706131803448,1.862866213042776,-0.01134741018168861,-0.02310874257934259,8.926073116039062
2024-08-29 04:00:00+00:00,469.47401742424904,474.0866174099052,465.5954568847616,466.8750915527344,41081500,50.536204527902754,2.250474309015601,1.172712353148145,1.0777619558674563,460.0717239379883,470.19245178222656,435.03743881225586,466.73911016326434,464.5522339670642,491.45468391849903,460.0717239379883,428.68876395747753,0.1364263802690937,-0.79254745868886,-0.0014638739752539376,-0.008823851259854631,8.895007930975103
2024-08-30 04:00:00+00:00,471.21988258054085,473.0649105007143,466.7263126612224,472.4399719238281,33466500,54.53503556115941,2.3980381973237286,1.4177775219832618,0.9802606753404668,461.43666076660156,470.10444702148436,435.5388885498047,467.2820493785561,464.86155702419217,492.47613210095096,461.43666076660156,430.39718943225216,0.13453404973407354,0.26103896045019476,0.011919420144231863,-0.00777084960378871,8.712407210154876
2024-09-03 04:00:00+00:00,469.3946718201247,469.5236009683504,455.7155586156468,458.09625244140625,44985200,44.53996016908511,1.342094524923823,1.402640922571374,-0.0605463976475511,462.74803161621094,469.7551202392578,435.9285646057129,466.40721157501804,464.59625096212216,490.7471461281208,462.74803161621094,434.7489171043011,0.12101235488401368,-4.043460022908025,-0.03036093543061702,-0.0284638531213246,9.284693360013907
2024-09-04 04:00:00+00:00,454.9815125974433,460.7150301818237,454.04906940273753,456.9058837890625,32505100,43.822151740440724,0.4045355212905406,1.2030198423152074,-0.7984843210246668,463.7935562133789,469.4902673339844,436.31085815429685,465.5023232144508,464.29466793572766,489.15619247277937,463.7935562133789,438.43091995397845,0.1093703692930645,-4.0915387909988885,-0.0025985120943463613,-0.033874518934182696,9.097641032804782
2024-09-05 04:00:00+00:00,455.2790975704819,461.6176953020326,454.2573817426723,457.33245849609375,34452400,44.16939145772892,-0.3006005934885252,0.9022957551544609,-1.202896348642986,465.0964950561523,469.12641662597656,436.6936567687988,464.7242408603216,464.02164011456557,485.9126769301552,465.0964950561523,444.2803131821494,0.08951338956656597,-4.4476601556484985,0.0009336161388286968,-0.021873323990595606,8.973546213273034
2024-09-06 04:00:00+00:00,456.62810375201417,457.5109610784589,444.5857469754508,445.0817260742187,50624400,37.08073041984813,-1.8268984197072768,0.3564569201821134,-2.18335533988939,465.1272430419922,468.49791137695314,437.0147575378418,462.853525166407,463.27889838749314,485.8229116782171,465.1272430419922,444.43157440576726,0.08898927743244012,-5.509118154565063,-0.026787367033078602,-0.046679220786945974,9.255808205396969
2024-09-09 04:00:00+00:00,449.4166233262503,451.7973171830769,446.20268813314266,450.8053588867187,32981200,41.78179281458564,-2.545310356406219,-0.22389653513555308,-2.321413821270666,465.32811584472654,467.95927856445314,437.34129165649415,461.7060807588176,462.78973997569807,485.3757165503718,465.32811584472654,445.2805151390813,0.08616543906551681,-5.320835487149063,0.012859734464913952,-0.045793358570001774,9.074364127072773
2024-09-10 04:00:00+00:00,452.5710357784829,455.4774965444328,448.59330366252664,454.9715881347656,29680300,45.00292128763416,-2.7468135536178124,-0.7284799388320049,-2.0183336147858073,465.6891891479492,467.5535681152344,437.6998547363281,461.0647005089079,462.4831457858576,484.6902196080732,465.6891891479492,446.6881586878252,0.08160391481232086,-3.509067948059775,0.009241747388131216,-0.00682097766569334,8.917923323846589
2024-09-11 04:00:00+00:00,456.2115530037745,465.595470202267,447.6509478882776,464.85150146484375,57843000,51.811923363079394,-2.085242476058113,-0.9998324462772266,-1.0854100297808864,465.98876495361327,467.2897076416016,438.0999742126465,461.42534821899704,462.57602247915116,484.73690926513314,465.98876495361327,447.2406206420934,0.08046607867632236,-1.7073545316335461,0.02171545122319074,0.017390053307891895,9.562680394571077
2024-09-12 04:00:00+00:00,464.8812634483093,470.2279333563516,463.09575057028786,469.4145202636719,40067800,54.60713833561435,-1.1791526110998802,-1.0356964792417573,-0.1434561318581229,466.509049987793,467.0167218017578,438.5256217956543,462.1862217470613,462.84419886285787,485.02966988734784,466.509049987793,447.98843008823815,0.07940090294085171,0.396736738504709,0.009816078434616404,0.026418552943539453,9.389073422534839
2024-09-13 04:00:00+00:00,468.6804698391117,472.6978888568787,468.45230853147166,471.5174560546875,29111800,55.87740558377218,-0.2880599459820701,-0.88616917258982,0.5981092266077499,466.55467987060547,466.7052471923828,438.9634613037109,463.07491072874,463.1843265958708,485.11988199926014,466.55467987060547,447.9894777419508,0.0795842499481671,0.9943482927121978,0.004479912103772188,0.0593952266107205,9.021681058454282
2024-09-16 04:00:00+00:00,469.3847708811553,470.0493660187437,466.11132045717886,469.4343566894531,22585600,54.25769458197105,0.2471991436611347,-0.6594955093396291,0.9066946530007638,466.46590118408204,466.25053466796874,439.385853729248,463.68057224880795,463.429425815227,484.9580465338758,466.46590118408204,447.9737558342883,0.07928616133720857,-0.6361898681298707,-0.004417862665497485,0.04132381622245895,8.76342781124388
2024-09-17 04:00:00+00:00,472.4597826355524,473.7592454642544,467.1825577118159,469.6822814941406,30084400,54.427012715566356,0.683522071320624,-0.3908919932075785,1.0744140645282025,466.080029296875,465.7773706054688,439.8113603210449,464.2521636055063,463.67463584185106,483.9552410773231,466.080029296875,448.20481751642694,0.07670447415399663,2.5291691409801067,0.0005281351932482359,0.03233321320059579,8.60723209275778
2024-09-18 04:00:00+00:00,470.8825665914544,474.9793285022384,467.04366295376417,467.6487731933594,39909200,52.70380339958744,0.8553639072158603,-0.14164081312289076,0.9970047203387511,465.64257354736327,465.25500549316405,440.2315338134766,464.5756502329209,463.83048436543964,482.90404147874284,465.64257354736327,448.3811056159837,0.07414041976393211,2.3512258838094744,-0.004329540161302936,0.006017559843736864,8.559263053880382
2024-09-19 04:00:00+00:00,478.7289622118295,482.3198765482769,476.6260155402931,479.4729309082031,52782500,60.529230898385336,1.9234877398595813,0.27138489747360367,1.6521028423859776,465.6852279663086,464.86615783691406,440.70535232543943,465.9944388686621,464.44391364162647,483.0784695402085,465.6852279663086,448.2919863924087,0.074699563264473,4.841220429644726,0.02528426971828024,0.021427566064384562,8.995823075383036
2024-09-20 04:00:00+00:00,478.6099190548314,479.8002810455393,474.45361162895745,478.5603332519531,34577700,59.70810647170634,2.6656169952515256,0.7502313170291881,1.9153856782223375,466.0616744995117,464.6778839111328,441.1924652099609,467.1911907146898,464.9974987243844,484.21092669030446,466.0616744995117,447.91242230871893,0.0778834784485665,7.52190108388134,-0.0019033350944783756,0.014936620281665203,8.735169242611523
2024-09-23 04:00:00+00:00,479.7394288493287,480.9215203228554,478.3983973954024,479.8288269042969,24843000,60.51001424920417,3.317870270229946,1.2637591076693397,2.0541111625606066,466.2461166381836,464.4576446533203,441.68113540649415,468.3947751137,465.57911943732216,484.8700719521651,466.2461166381836,447.62216132420207,0.07988894555634055,6.4381373125760435,0.0026506452043861817,0.02214254254449477,8.291451648671625
2024-09-24 04:00:00+00:00,481.2393869460607,483.0969506657902,476.9779279353997,482.1433410644531,25952600,61.996255677093764,3.9757180366758007,1.806150893470632,2.1695671432051684,466.77741088867185,464.25731018066404,442.1924282836914,469.70416234710507,466.2286967560332,486.5437854236698,466.77741088867185,447.0110363536739,0.084692935321638,5.97218675589893,0.004823624656085768,0.02653082745781199,8.136278154508688
2024-09-25 04:00:00+00:00,481.5175252200048,484.54726755271423,481.3387291034352,482.5903625488281,26549900,62.29144153952492,4.481478336357895,2.341216382048085,2.1402619543098105,467.26062774658203,464.0621466064453,442.6794169616699,470.9314195091739,466.8703307086918,488.05063409851243,467.26062774658203,446.47062139465163,0.08898676720181878,3.8160274900878095,0.0009271547407210257,0.03195045130438268,7.784296746992284
2024-09-26 04:00:00+00:00,490.09016242739943,490.4179856245254,482.57047911503713,486.2160949707031,32020200,64.6872533514102,5.1158905212001855,2.8961512098785054,2.21973931132168,468.1934555053711,464.22855407714843,443.1759509277344,472.3871028864624,467.6289881307315,490.5672743894477,468.1934555053711,445.81963662129453,0.09557510307326327,3.5792618212137417,0.007513064294789151,0.014063701259896533,7.788811730027711
2024-09-27 04:00:00+00:00,487.2392614802521,487.3783453414164,482.3320991127466,483.5141906738281,22851100,61.5489679143828,5.339099832978945,3.3847409344985935,1.954358898480352,469.0254104614258,464.3861572265625,443.6424499511719,473.44682553287817,468.25193725006864,492.3581459157168,469.0254104614258,445.69267500713477,0.09949454734802685,2.544282181940942,-0.00555700299686257,0.010351583860308988,7.592914194216428
2024-09-30 04:00:00+00:00,482.550593565978,485.1631145023519,479.7096210425014,484.8253784179687,30281100,62.499763890378915,5.557730654184525,3.81933887843578,1.7383917757487448,469.6446807861328,464.65429931640625,444.09996612548827,474.5304972362201,468.9018761193981,493.94444441315466,469.6446807861328,445.344917159111,0.10348148130346856,3.2786312951306322,0.002711787511992858,0.010413195776310502,7.440098427476005
2024-10-01 04:00:00+00:00,484.4578646399969,484.755858164627,474.22631911696305,478.0705871582031,42735400,54.95999928921472,5.126842899031715,4.080839682554967,1.0460032164767474,470.64339752197264,464.646884765625,444.49869873046873,474.86764865736137,469.2614334150375,494.6020016559133,470.64339752197264,446.684793388032,0.10181213317805908,1.78595318464598,-0.013932420950832025,-0.008447184808688557,7.665738489870978
2024-10-02 04:00:00+00:00,477.166637111899,480.6632561757568,474.5442031287082,478.74609375,23744000,55.53766162469472,4.784713783097743,4.221614502663523,0.5630992804342201,471.7354080200195,464.6867071533203,444.90253524780275,475.2370243804698,469.6333808791537,495.07275244597906,471.7354080200195,448.39806359406,0.0989425174756827,2.3730032436227946,0.0014129850485307127,-0.007965904620482633,7.555260958240809
2024-10-03 04:00:00+00:00,476.5507507116233,481.3287721276597,475.80573659916814,478.3884582519531,25337200,55.13448559726223,4.433607925663068,4.264013187263433,0.16959473839963568,472.7882080078125,465.0614044189453,445.29496444702147,475.5371609396587,469.9767172467145,495.3173384410685,472.7882080078125,450.2590775745565,0.09530326709368235,-0.22618016291260168,-0.0007470254122504683,-0.016099090095365254,7.410101998973006
2024-10-04 04:00:00+00:00,484.2095239323109,484.6366580868301,479.18316441320445,484.0803833007813,30686600,60.099176419963435,4.562056241532048,4.323621798117156,0.23843444341489217,474.73814086914064,465.65131713867186,445.70325912475585,476.3508011645275,470.52980219001125,493.825455551045,474.73814086914064,455.65082618723625,0.08041197046843437,1.1534700361222747,0.011898123691417295,0.0011709948495288725,7.327108987251861
2024-10-07 04:00:00+00:00,482.1632791000972,483.3354275182736,477.6733073804224,478.8951416015625,24975100,54.213681709635864,4.19706562705835,4.298310563905395,-0.10124493684704472,476.1426300048828,466.0442822265625,446.07534622192384,476.593119301388,470.85785471595443,491.80582709776985,476.1426300048828,460.47943291199573,0.06579203837609095,-0.19458716325115685,-0.010711530312098927,-0.012231696359949473,7.26139233961665
2024-10-08 04:00:00+00:00,481.43807233094464,486.7326261243506,480.633459488425,486.0472106933594,28272000,60.028221010234944,4.433809937832734,4.325410438690863,0.1083994991418713,477.6964111328125,466.56183837890626,446.5132461547852,477.49350895776627,471.4535157346762,490.567166392169,477.6964111328125,464.825655873456,0.053886757193066154,0.8096906659101569,0.014934520045198907,0.016685033025293894,7.302541781271754
2024-10-09 04:00:00+00:00,485.74920714012944,490.447773778929,484.7061994960775,489.8716125488281,24995000,62.7521588695709,4.873846113515754,4.435097573655842,0.4387485398599118,478.9474166870117,467.2822570800781,446.9470861816406,478.67237596643884,472.17579404111353,491.4392158523909,478.9474166870117,466.4556175216325,0.052163551697544566,1.5087847924570372,0.007868375275753792,0.023238871176331388,7.191044102813165
2024-10-10 04:00:00+00:00,487.58691507255554,491.18284505079606,486.275682942402,489.3153381347656,25750400,62.08937602010773,5.118686228230899,4.571815304570854,0.5468709236600455,479.9424575805664,467.7229284667969,447.37512985229495,479.68599141104136,472.84793302517835,492.408738383377,479.9424575805664,467.47617677775577,0.051949064334313205,0.6374209319930564,-0.0011355514379944864,0.022841019038669197,7.027909674640371
2024-10-11 04:00:00+00:00,487.4776224231671,491.10338200779745,486.9114347391252,490.0802001953125,20644500,62.67314724162003,5.313194559652686,4.7200911555872205,0.5931034040654657,480.87059478759767,468.4052618408203,447.79464080810544,480.6759160571624,473.5237082083209,493.4531635744783,480.87059478759767,468.288026000717,0.0523324525278507,1.3579765905802985,0.0015631270899099103,0.012394257444642731,6.825340931356935
2024-10-14 04:00:00+00:00,492.4741778785672,495.5138329915702,491.9675889028676,494.1926879882813,26060100,65.72888557269954,5.7330996055373475,4.922692845577246,0.8104067599601015,482.10851135253904,469.3862908935547,448.23057998657225,481.9632276696499,474.334256434986,494.81793355308054,482.10851135253904,469.39908915199754,0.05272432201989401,1.9320996769762826,0.008391458768034044,0.03194341528619282,6.725933207421277
2024-10-15 04:00:00+00:00,494.52049274163846,495.1860520276672,485.43132653566585,487.5869140625,34784500,57.57552805560786,5.469794247344339,5.032113125930665,0.4376811214136742,483.00374298095704,470.50065246582034,448.63447937011716,482.4988168499213,474.8539684988101,494.55553918541347,483.00374298095704,471.4519467765006,0.047833153975835194,1.990569417973361,-0.013366798186900675,0.0031678062033195786,6.94227551346271
2024-10-16 04:00:00+00:00,487.9146785294373,488.4212978025192,484.3286919897408,487.646484375,22996800,57.62657440017554,5.205919085684911,5.066874317881514,0.13904476780339703,484.0036285400391,471.53367431640623,449.0474792480469,482.9890708999288,475.35563578807245,493.30958905570014,484.0036285400391,474.697668024378,0.03845409400640986,1.859104594521822,0.0001221737310455051,-0.004542268049072429,6.738727677699545
2024-10-17 04:00:00+00:00,493.1397531110063,493.1894085935661,487.92465422473487,487.9842529296875,27210700,57.9356299961965,4.966797073525868,5.046858869010386,-0.08006179548451797,484.42919464111327,472.6678857421875,449.49643936157224,483.46480252181055,475.85087567597895,493.6454902631938,484.42919464111327,475.21289901903276,0.038050124658190146,2.0058583170667865,0.0006926504455793125,-0.0027203014116665702,6.6533131449043
2024-10-18 04:00:00+00:00,490.7755527979265,492.2755242206624,490.02059547553733,491.1828308105469,25335000,60.84783045995083,4.978006301520793,5.033088355512468,-0.05508205399167476,485.060319519043,473.60220703125,449.98245986938474,484.19985283502353,476.452128818511,494.3112894167455,485.060319519043,475.80934962134046,0.038143585551896904,1.4672041575691144,0.006554674380692127,0.0022498983121435057,6.4845958696236305
2024-10-21 04:00:00+00:00,489.9709991848551,492.93119981446085,488.04389338731454,492.1265869140625,30336500,61.69058276755144,5.0053444308397275,5.02753957057792,-0.022195139738192537,485.6752075195312,474.5089807128906,450.48333694458006,484.9547798901701,477.0668134497091,495.0869458828507,485.6752075195312,476.2634691562117,0.03875733501566893,2.7629107424749098,0.0019213947318927893,-0.004180760105191639,6.370503766589536
2024-10-22 04:00:00+00:00,489.4544555633244,494.14307930498154,488.69949816726046,492.6629638671875,26685800,62.1887330334992,5.012510136044455,5.024533683671227,-0.01202354762677249,486.201188659668,475.4072375488281,450.9845718383789,485.68889264988604,477.678427191571,495.9348994630567,486.201188659668,476.4674778562793,0.04003984782604933,1.3611338627765348,0.0010899166340279098,0.010410553807514322,6.304295007384646
2024-10-23 04:00:00+00:00,490.30870725885353,490.96432334661034,481.8254710087133,485.1134643554687,39346600,51.94947042658728,4.358762392622793,4.89137942546154,-0.532617032838747,486.32734375,475.93230712890625,451.40750701904295,485.6340899551796,477.96999727642975,495.9351781245396,486.32734375,476.7195093754604,0.039511800017062504,-0.9713051484250196,-0.015323862488989537,-0.005194377690998397,6.628094853891043
2024-10-24 04:00:00+00:00,488.8385238750436,489.7226218611036,486.18629054626865,489.0471496582031,22024900,56.01337711470568,4.110692619019176,4.735242064173068,-0.6245494451538924,486.468896484375,476.53307373046874,451.8461543273926,485.95914326022944,478.40439540904833,496.1491509355571,486.468896484375,476.78864203319296,0.0397980406194088,-0.054808924973579386,0.008108794316729284,0.002178137352044418,6.483885043301321
2024-10-25 04:00:00+00:00,491.8484255582351,496.9542401306091,491.1431236657781,492.0272216796875,38762100,58.85260177878858,4.10721700188094,4.6096370517146426,-0.5024200498337024,486.894548034668,476.9615209960937,452.28610214233396,486.53705549065404,478.93862389024986,496.7644795329389,486.894548034668,477.0246165363971,0.040542378377866437,0.39728629795675285,0.0060936292616513565,0.001719096874268189,6.585542573951652
2024-10-28 04:00:00+00:00,495.14634485652994,495.20594356524737,491.808695909538,492.106689453125,20477800,58.9287335969395,4.064027357823136,4.500515112936341,-0.43648775511320537,487.2586135864258,477.3794561767578,452.72224365234376,487.06749682041317,479.45501861820577,497.33146640622414,487.2586135864258,477.1857607666274,0.04134499643077821,-0.4221022661520584,0.00016151092853400328,-4.043159111211114e-05,6.35780722264863
2024-10-29 04:00:00+00:00,492.4245661860894,498.01714406315233,490.5670023757053,496.8350524902344,28014100,63.281928725781874,4.361066968911132,4.472625484131299,-0.11155851522016746,488.1968368530273,477.7681628417969,453.1809884643555,487.997740217539,480.1365885739716,498.1667407053164,488.1968368530273,478.22693300073826,0.04084378717632095,1.8967158799813335,0.009608410408653345,0.00846844380242806,6.435831112991375
2024-10-30 04:00:00+00:00,496.0701387965401,497.0237483609991,492.593406313192,493.08013916015625,29756000,58.022481230841855,4.244554296350884,4.4270112465752165,-0.18245695022433228,488.91353912353514,478.1018078613281,453.62115661621095,488.48177821207395,480.64417879303767,498.0923382547052,488.91353912353514,479.73473999236506,0.037547739617212146,1.1142610393511565,-0.007557665891844367,0.016422291669995648,6.292581894049639
2024-10-31 04:00:00+00:00,489.1067461640381,489.1564016466418,480.5341120892308,480.6334533691406,41245200,44.7467039091085,3.1120004379807824,4.16400908485633,-1.0520086468755476,489.02578887939455,478.142080078125,454.0105152893066,487.73431870322315,480.643758188179,497.72960712249704,489.02578887939455,480.32197063629206,0.03559656133083427,-1.5063599934660257,-0.025242723854616345,-0.017204264036592143,6.739256549540769
2024-11-01 04:00:00+00:00,482.27250423331776,487.487603403709,481.9745106923199,484.1896667480469,33655800,48.38077884777392,2.4728940613587724,3.825786080156819,-1.3528920187980464,489.0312530517578,478.4052453613281,454.3890707397461,487.3967328027302,480.7828134258209,497.7227742515658,489.0312530517578,480.3397318519498,0.03554587215262541,-1.4237395169045148,0.007399013435244628,-0.015929108362916833,6.747463227042739
2024-11-04 05:00:00+00:00,483.5837266285996,486.1267058425176,481.0308041919489,482.7791137695313,23291600,47.05868658370247,1.8314658185811936,3.426922027841694,-1.5954562092605005,489.22545166015624,478.53802795410155,454.72007095336915,486.9569595614731,480.86109971380955,497.14134620363103,489.22545166015624,481.30955711668145,0.03236092691667081,-1.8994042169405274,-0.0029132240429442513,-0.01895437693391111,6.629494543008879
2024-11-05 05:00:00+00:00,484.36844013699425,489.60342550753097,484.2790420788911,488.9378662109375,24353600,53.086684136275046,1.7993474092399424,3.101407104121344,-1.3020596948814016,489.36998443603517,478.88643615722657,455.07914443969725,487.1456173376126,481.1778356548734,497.1529225367602,489.36998443603517,481.58704633531016,0.03180799128779547,-0.7561148146817497,0.01275687424279548,-0.01589498615227458,6.643410056936792
2024-11-06 05:00:00+00:00,497.2323769880433,503.04349344647574,496.27876735997705,502.218994140625,43082200,62.89755897437069,2.813141226406458,3.043753928578367,-0.23061270217190888,489.987353515625,479.47229553222655,455.49596923828125,488.5811770331376,482.0029791249029,499.5799877254241,489.987353515625,480.3947193058259,0.03915461956710763,3.526088439512404,0.027163222256870068,0.01853421838493552,7.176425569694039
2024-11-07 05:00:00+00:00,505.0201931350718,510.9107940287759,504.9605944352441,510.1260070800781,32853100,67.28419311009486,4.2061244090841114,3.276228024679516,0.9298963844045955,491.02788696289065,480.32362487792966,455.9407073974609,490.6330656090367,483.1058429662823,504.0167492766921,491.02788696289065,478.0390246490892,0.05290478467176384,4.310189198854771,0.015744153510130143,0.06136184134541778,7.284666592440958
2024-11-08 05:00:00+00:00,509.6294136047626,511.4969206744568,509.0035968404816,510.7221374511719,22924500,67.59525799005813,5.297114517319585,3.68040532320753,1.616709194112055,492.0599838256836,481.20056579589846,456.3858546447754,492.54631054638287,484.1888349068662,507.6112772409368,492.0599838256836,476.50869041043046,0.06320893357084015,3.799569403429242,0.0011685943528070286,0.054797680589353526,6.942427823979122
2024-11-11 05:00:00+00:00,511.9439918926331,512.1526177111431,507.5235921574298,510.4241943359375,24167500,67.25109079920841,6.067745327772343,4.157873324120493,1.9098720036518504,492.8715591430664,481.96025024414064,456.8420735168457,494.24896614538807,485.21767253153564,510.35718950139534,492.8715591430664,475.3859287847375,0.07095410572576114,3.722262931066559,-0.0005833761518960756,0.0572623789595077,6.77718480467442
2024-11-12 05:00:00+00:00,510.35457310077174,511.2386104698655,506.4407327396311,509.500244140625,25835300,66.12666768238816,6.528662382173081,4.632031135731011,1.8966312464420705,493.9672256469727,482.988330078125,457.27220962524416,495.7014688116011,486.169930241696,512.6932093835107,493.9672256469727,475.24124191043455,0.07581872952000722,2.5491743360115615,-0.0018101614413371658,0.04205519627480947,6.635805727928704
2024-11-13 05:00:00+00:00,508.9937231359379,511.5565283178934,506.5599979689429,508.8446960449219,24567400,65.29253593415827,6.763084586594232,5.0582418259036555,1.7048427606905765,495.0271362304687,484.0271063232422,457.7131623840332,496.953204738584,487.0591367437833,514.5833704324821,495.0271362304687,475.4709020284554,0.07901075626249543,3.197159170032029,-0.0012866492278307273,0.013192854076804705,6.518714629430262
2024-11-14 05:00:00+00:00,508.50691430007294,509.38103874758787,504.39442175455974,505.3083190917969,28679500,60.834470672341666,6.587572373437354,5.364107935410395,1.2234644380269586,495.8933395385742,484.98662353515624,458.177628326416,497.74892991508045,487.77479095350935,515.6585910332565,495.8933395385742,476.1280880438919,0.07971573690856072,5.133821948865725,-0.0069498158880539895,-0.009444113653129249,6.409279083972966
2024-11-15 05:00:00+00:00,499.596507893659,499.9838994492431,491.2026705178312,493.2688598632813,51461100,48.65466220335838,5.414578052895138,5.374201958907344,0.04037609398779374,495.9976409912109,485.9503662109375,458.55761520385744,497.32225657681386,487.9902446362455,515.6842214889457,495.9976409912109,476.3110604934761,0.0793817505195903,1.8751315318670119,-0.023825966788265762,-0.03417372443456934,6.959019761829587
2024-11-18 05:00:00+00:00,494.8185334852246,498.80188548578275,493.4278464758973,496.6959533691406,27080800,51.62377281769208,4.707247191936062,5.240811005513088,-0.5335638135770253,496.22610931396486,486.86817810058596,458.91947692871094,497.26260865227357,488.331644978712,515.8335868849728,496.22610931396486,476.6186317429569,0.07902638415425328,2.8826515486444446,0.006947719154233978,-0.026895748906764383,6.857163037591862
2024-11-19 05:00:00+00:00,494.11324243543385,500.59983079705506,493.7754760256889,500.1130676269531,24523000,54.45199148963442,4.372017059990981,5.067052216408666,-0.6950351564176858,496.59861450195314,487.7710076904297,459.30119354248046,497.5340809355764,488.79366155315284,516.2042418606395,496.59861450195314,476.9929871432667,0.07895965387800853,2.2856076790735655,0.00687969014974632,-0.018424282660561286,6.854819590004314
2024-11-20 05:00:00+00:00,499.8150995018464,500.1329794832273,493.2589688807076,499.8250427246094,29565500,54.16454875211134,4.036572467995256,4.860956266725984,-0.8243837987307279,497.33419342041014,488.470478515625,459.6857231140137,497.7522677726272,489.2262647363472,516.2528760326932,497.33419342041014,478.4155108081272,0.07608036150569086,-0.47667480600012935,-0.0005759195689695185,-0.017725748917929662,6.856190376612557
2024-11-21 05:00:00+00:00,502.8746195440877,503.5898343570556,494.2523295261495,501.6230163574219,34526700,55.7353895867933,3.871187023687412,4.66300241811827,-0.7918153944308584,497.9629867553711,489.1146484375,460.05748291015624,498.1209104949886,489.7124118587423,516.5715549196765,497.9629867553711,479.3544185910658,0.07473876034664795,-1.6668412518951372,0.003597205980339746,-0.007293176453137984,7.033427123347813
2024-11-22 05:00:00+00:00,501.0667246557246,503.1626832240506,499.4376125142459,502.4276123046875,23826600,56.45459379973199,3.7616797337843764,4.4827378812514915,-0.7210581474671152,498.4830062866211,489.7328515625,460.42930953979493,498.5310725721028,490.211047170348,516.9799531353974,498.4830062866211,479.98605943784474,0.0742129485479023,-1.6240778572629195,0.0016039853057545628,0.01856746530471165,6.797115950951877
2024-11-25 05:00:00+00:00,506.5102526964131,508.0499667100566,500.9077623619941,503.2222595214844,26375200,57.19433203056192,3.6964059400858673,4.325471493018367,-0.6290655529324995,499.0387847900391,490.40860961914063,460.78404190063475,498.9778522815677,490.7212907919612,517.4034820301142,499.0387847900391,480.674087549964,0.07360028037821433,-1.410970501471399,0.0015816153358922946,0.013139438942627146,6.821765122174063
2024-11-26 05:00:00+00:00,504.7023602461584,506.7486936182551,503.8580351483162,505.9241943359375,26557100,59.701099767189625,3.818680178767522,4.224113230168198,-0.4054330514006761,499.49324188232424,491.1334478759766,461.1607405090332,499.63940866769815,491.31748308780345,518.0659763454512,499.49324188232424,480.92050741919735,0.07436630931436096,-0.7018740119976252,0.005369267283650059,0.011619625810935785,6.586384334645254
2024-11-27 05:00:00+00:00,504.7918032255732,504.8613148407309,498.5932648539435,501.94085693359375,24957400,54.622528745779334,3.553202251863752,4.089931034507309,-0.5367287826435572,499.93627777099607,491.81928955078126,461.5511018371582,499.8585942168311,491.7340859837168,518.2974849433484,499.93627777099607,481.57507059864366,0.07345419001884487,-1.3567674312003912,-0.007873387845331647,0.004233109644628419,6.639566130884452
2024-11-29 05:00:00+00:00,502.5666793592157,506.9473662694866,501.9508058356558,506.3513488769531,15334000,58.80146366882306,3.6565485068724684,4.003254528980341,-0.34670602210787305,501.22217254638673,492.35685791015624,461.94042053222654,500.4769518035094,492.30731197953,517.4773455326601,501.22217254638673,484.9669995601134,0.06486214647564902,0.2064145286645811,0.008786875749273504,0.009426067714887632,6.522919216956482
2024-12-02 05:00:00+00:00,507.61292496608064,512.8280240935795,507.2255030512657,511.8644409179687,25147200,63.34553459034909,4.135638544617052,4.0297313321076835,0.10590721250936852,502.6059112548828,493.02294006347654,462.35092498779295,501.56147457631505,493.07425821241,517.4787738584497,502.6059112548828,487.7330486513159,0.05918299912722086,3.7698672200473995,0.010887878650354565,0.01878246414442364,6.5196160740757625
2024-12-03 05:00:00+00:00,510.53332774826833,513.712066617979,509.9571665497168,513.4338989257812,18597900,64.54444503059746,4.589063132708304,4.1415976922278075,0.44746544048049675,504.13865051269534,493.6950415039062,462.7887614440918,502.69218165721657,493.8726754952873,516.6539837959135,504.13865051269534,491.62331722947715,0.04965036213942505,3.369857443594092,0.003066159479642616,0.020292503384105265,6.32213635937479
2024-12-04 05:00:00+00:00,516.8610968707424,520.0398364849109,516.1458516585823,519.7815551757812,26086200,68.96574124293913,5.398379042093666,4.39295396220098,1.005425079892686,505.6808349609375,494.4478057861328,463.27440902709964,504.319741039937,494.8887099925616,517.9220587675022,505.6808349609375,493.4396111543728,0.04841482199937558,3.9328081631930765,0.012363142097319146,0.02739019203861659,6.342407873642993
2024-12-05 05:00:00+00:00,519.8310926249068,520.5562202670988,517.9536425774054,518.341064453125,18169600,66.92615101453188,5.856027528356435,4.685568675432071,1.170458852924364,506.4869384765625,495.16281982421873,463.7613105773926,505.65510517452634,495.80841016748565,519.7876062250906,506.4869384765625,493.1862707280344,0.052521266544541235,3.704500604367971,-0.0027713386677776786,0.03267358552902366,6.07527714621802
2024-12-06 05:00:00+00:00,519.0066327445587,523.2184363287621,518.8774921095275,522.9800415039062,23762600,70.00285605616139,6.517909525594916,5.052036845464641,1.4658726801302757,507.12964019775393,495.8980987548828,464.2097877502441,507.30509911065775,496.8739643375414,522.1965385507975,507.12964019775393,492.06274184471033,0.05942030265542475,4.257584769847729,0.008949661465999403,0.032840225791506805,5.989712484033668
2024-12-09 05:00:00+00:00,522.05625826133,522.8509279284456,517.7550260804971,518.9073486328125,20674400,64.3437047370249,6.637312690117881,5.369092014395289,1.268220675722592,507.5389007568359,496.6059619140625,464.64428070068357,508.41007525562486,497.73801862363047,523.3977508114003,507.5389007568359,491.68005070227156,0.06249314104166541,3.2800220219845686,-0.007787472843862497,0.013759322101400961,5.935091265417627
2024-12-10 05:00:00+00:00,520.1390419811773,521.8873514458777,515.7086696162847,517.1390991210938,24350000,62.000151269414054,6.514166345830802,5.5981068806823915,0.9160594651484102,507.87464599609376,497.252236328125,465.07107009887693,509.24141086186,498.4988453098055,524.239853098649,507.87464599609376,491.50943889353863,0.0644458518714125,2.7655453105041383,-0.003407640143038293,0.007216508693844714,5.952490591430151
2024-12-11 05:00:00+00:00,521.5099406153433,527.0826322868602,521.1026928624702,526.397216796875,32168600,68.4744818398096,7.081987955117427,5.894883095569399,1.187104859548028,508.71949462890626,498.2187689208984,465.53895736694335,510.87529714138526,499.5928990936122,526.969249109681,508.71949462890626,490.4697401481315,0.07174780865862948,4.046658114030273,0.017902567590646123,0.012727772956192096,6.2375650610256
2024-12-12 05:00:00+00:00,524.172087298011,525.4436072298987,522.5231493050896,522.9999389648438,23577500,64.15495423436043,7.175148101660113,6.150936096787542,1.0242120048725711,509.42725677490233,499.1038458251953,466.00138122558593,512.0300249340956,500.5108222258173,528.7102262711908,509.42725677490233,490.1442872786139,0.07570450634450013,4.195530557106272,-0.006453829396560362,0.008988048277892347,6.068743806079867
2024-12-13 05:00:00+00:00,526.9336318983244,529.6255775680266,523.7946049815864,527.003173828125,28780400,66.81174076806337,7.485715121786825,6.417891901787399,1.0678232199994255,510.5119995117187,500.0761401367188,466.46537490844725,513.4560391144794,501.54973797492744,531.1400311167795,510.5119995117187,489.8839679066579,0.08081311164004196,4.078556322003679,0.007654369656724391,0.007692707187543224,6.108522005872941
2024-12-16 05:00:00+00:00,529.5361568963015,535.5658114467504,529.4566717517013,534.59228515625,31979900,71.17369440696427,8.249128760633425,6.7841392735566055,1.4649894870768199,512.5781707763672,501.0863781738281,466.93462509155273,515.4690149279813,502.8455241389009,534.1407840567028,512.5781707763672,491.0155574960315,0.08413395072082865,4.44020768419107,0.01440050402922255,0.03022685372400935,6.283815978212405
2024-12-17 05:00:00+00:00,532.7943729529336,533.9069225697383,530.5792169420574,532.2380981445312,28579100,68.1801266382912,8.565439299984405,7.140399278842166,1.4250400211422392,514.3552780151367,502.1532373046875,467.3999674987793,517.0660704724147,503.998174099906,536.2451714318528,514.3552780151367,492.46538459842066,0.0851158502783824,3.6624381946911955,-0.004403705547360581,0.02919717161030566,6.121619709353845
2024-12-18 05:00:00+00:00,531.5924949709128,533.3109750076851,511.5863655730192,513.03662109375,54703200,49.78674196708562,7.183907344712907,7.149100892016315,0.03480645269659188,515.0014556884765,502.6930255126953,467.8087174987793,516.6823133887324,504.3526230016254,535.9126228323763,515.0014556884765,494.0902885445768,0.08120818655141385,-1.2976478320301743,-0.036076855673655706,-0.025381205061121292,7.236118975447565
2024-12-19 05:00:00+00:00,517.7252131155939,518.2914311205944,510.41415579136265,510.7518615722656,46441800,48.12314398589376,5.837382604883601,6.886757234589773,-1.049374629706172,515.5477966308594,503.1106304931641,468.192492980957,516.1175084538307,504.6035735338074,535.3879091698386,515.5477966308594,495.70768409188014,0.0769671121422136,-1.464133058581101,-0.004453404352721346,-0.0234188887609057,7.281915857860724
2024-12-20 05:00:00+00:00,507.0467099804337,521.3311197650482,505.9043609895219,515.2120361328125,60530000,51.52816782778327,5.071687601529561,6.523743307977731,-1.4520557064481698,516.2272476196289,503.628564453125,468.5656329345703,516.0312729946861,505.0195916749448,535.0162363328224,516.2272476196289,497.43825890643535,0.07279347922772869,-1.4853349563313554,0.008732566430236677,-0.022373940577363638,7.863690351979699
2024-12-23 05:00:00+00:00,516.9283129789839,520.6096547422801,513.5255874709457,520.2315673828125,29672800,55.09998320148727,4.8144055464626945,6.181875755674724,-1.3674702092120299,517.1174453735351,504.231591796875,468.99566970825197,516.4313010316505,505.61613974192005,534.8650428754048,517.1174453735351,499.36984787166546,0.06864049032053003,0.255193678310584,0.009742651370640898,-0.026862934935995453,7.808002989076466
2024-12-24 05:00:00+00:00,522.1817693583913,527.3754005322922,521.544984169561,527.285888671875,17558200,59.60507018841318,5.120704146931303,5.96964143392604,-0.8489372869947376,518.3206268310547,504.89345581054687,469.46903884887695,517.4650712831004,506.4659338176046,535.3866997378253,518.3206268310547,501.2545539242841,0.06585141328876058,1.9621006355980963,0.013559963930200203,-0.009304500166223417,7.760562286248129
2024-12-26 05:00:00+00:00,525.6541027671784,528.5593514336211,523.6542355176792,526.9276123046875,19090500,59.27975027162226,5.273745629153268,5.830462272971486,-0.5567166438182181,519.3707977294922,505.6802697753906,469.9096089172363,518.3662656661087,507.2683525818039,535.8304800126648,519.3707977294922,502.9111154463196,0.06338316422536103,0.10075955778033072,-0.0006794727014028945,0.027076022723919957,7.5566018312262555
2024-12-27 05:00:00+00:00,523.3557601634299,523.7935423499296,515.2468608204825,519.9231567382812,33839600,53.16985418400536,4.774790270848598,5.619327872546909,-0.8445376016983106,520.2699127197266,506.32580322265625,470.33202056884767,518.5145410063157,507.7646194114697,534.656988957293,520.2699127197266,505.8828364821601,0.055306201207590895,-0.5882949494510978,-0.013293012935439052,0.017956459596218277,7.851183949296163
2024-12-30 05:00:00+00:00,512.9087686326234,516.7393174088666,509.2473146765622,513.0082397460938,34584000,47.91897257471037,3.7778399563231915,5.251030289302165,-1.473190332978974,520.6027572631835,506.8262829589844,470.72534683227536,517.990131362485,507.970251581455,533.9573787737784,520.6027572631835,507.2481357525887,0.051304459395490984,-2.6555692217890723,-0.013299882689526643,-0.004277455168284594,8.052945243040655
2024-12-31 05:00:00+00:00,514.2917319661082,515.0478459733405,507.68522302330774,508.65032958984375,29117000,44.90891173998874,2.606061663745436,4.7220365641908195,-2.1159749004453836,520.4420516967773,507.17563293457033,471.1226983642578,517.1006264317573,507.9969213072742,534.2819607110165,520.4420516967773,506.60214268253816,0.05318520657244142,-4.852661792308501,-0.008494815128908817,-0.022261697519110113,8.003636507825805
2025-01-02 05:00:00+00:00,511.70483525262233,514.0330543562292,503.1581839494331,507.6553955078125,36389800,44.22587366241733,1.5789350785296392,4.093416267058584,-2.5144811885289444,520.1531265258789,507.4862091064453,471.4946090698242,516.2010806294768,507.98352813866785,534.7848060177054,520.1531265258789,505.52144703405236,0.05625912349908193,-4.618741635072359,-0.001956027597256327,-0.037229316364804865,8.208724643466537
2025-01-03 05:00:00+00:00,510.7596665964024,517.0279260529678,509.9438576684863,515.9633178710938,29059500,50.9363730123889,1.4189529558042295,3.558523604807713,-2.1395706490034834,519.9622146606446,507.95221618652346,471.90266204833983,516.1784365572498,508.2964610693512,534.7075034556965,519.9622146606446,505.2169258655926,0.05671677048562277,0.5704654710816324,0.0163652793544542,-0.020807970919644703,8.291853636444307
2025-01-06 05:00:00+00:00,521.3758536522039,525.2561381071918,519.3959047599175,521.8931884765625,36109700,55.089781983600865,1.7504785437827195,3.1969145926027145,-1.446436048819995,520.1398208618164,508.6878106689453,472.3146141052246,516.7226986448034,508.82966606571244,534.8882944158894,520.1398208618164,505.39134730774333,0.05670964983852372,2.1813580610357706,0.011492814314660649,0.003789082507192454,8.363351250705286
2025-01-07 05:00:00+00:00,522.9378882230591,523.335833378113,510.6900071781392,512.5803833007812,36690300,48.19018637917802,1.2473705027487085,2.8070057746319135,-1.559635271883205,519.6198379516602,509.1584753417969,472.6696032714844,516.3281924215631,508.9767530161073,534.6614998231576,519.6198379516602,504.5781760801629,0.05789487149217209,-0.5107902470183862,-0.017844274233518753,-0.00083401476265621,8.669242318510177
2025-01-08 05:00:00+00:00,512.4808782025573,514.3115593941594,507.99362634128687,512.669921875,30777800,48.25728539236294,0.8461251659475693,2.414829652895045,-1.5687044869474756,519.3079666137695,509.57132934570313,473.02251449584963,515.9797857028428,509.1215831674364,534.651410667159,519.3079666137695,503.96452256038003,0.05909188781924087,-1.4535153154687865,0.00017468201502790492,0.00790246668747363,8.501291656678918
2025-01-10 05:00:00+00:00,508.8990985985744,508.9985697107834,501.3772485549007,504.6307373046875,40532500,42.8867921473278,-0.11918576354776178,1.9080265696064835,-2.027212333154245,518.6825485229492,509.8218103027344,473.34325225830077,514.8989239506376,508.9454715649757,535.2957992302703,518.6825485229492,502.06929781562815,0.06405941651451577,-4.296559391007254,-0.015681014678822214,-0.0059580932851101,8.700676061208947
2025-01-13 05:00:00+00:00,498.6709265319041,503.4665814430954,497.1784956229263,503.0089111328125,31694200,41.87433603018179,-1.0035017047714518,1.3257209147308966,-2.3292226195023487,517.5131332397461,509.9452874755859,473.6630111694336,513.7665417775114,508.7126652735183,535.0562039840056,517.5131332397461,499.9700624954867,0.06779758664069443,-4.539276479981541,-0.0032138870108020523,-0.025107224272710282,8.61150217696268
2025-01-14 05:00:00+00:00,506.1728767537031,507.58572476161,499.0589618879038,502.5313415527344,33737200,41.56317983915456,-1.7230026314370548,0.7159762054973063,-2.438978836934361,516.4897033691407,510.1343115234375,473.9729051208496,512.6965227084851,508.4702604217229,534.9948244267156,516.4897033691407,497.98458231156576,0.07165726997794225,-3.345074163392488,-0.0009494256851286798,-0.03709925201427999,8.605449369587216
2025-01-15 05:00:00+00:00,510.4412484499944,515.236872995838,508.8791331149936,514.0927124023438,34957600,51.046705015917986,-1.3448042283550308,0.30382011872683895,-1.6486243470818698,515.8441802978516,510.8034967041016,474.3446662902832,512.8294931555192,508.69074873468844,533.727558226359,515.8441802978516,497.9608023693442,0.0693363562546403,0.21139478320791583,0.023006268253611406,0.0029504232913164508,8.898312374838387
2025-01-16 05:00:00+00:00,516.3611892710602,516.44080259186,510.3616484408425,510.4909973144531,28229000,48.41091261280181,-1.3204858371868795,-0.021041072455904763,-1.2994447647309748,514.6391159057617,511.3295233154297,474.69376419067385,512.6067792658939,508.76134671820864,530.4327700691254,514.6391159057617,498.8454617423982,0.061377589364022,0.361872905123962,-0.0070059641014164065,-0.004250150959857035,8.696943930279753
2025-01-17 05:00:00+00:00,520.2117453555135,521.4256209787247,510.52090179395134,519.1073608398438,51837900,54.46794728164833,-0.5990394564719281,-0.13664074925910943,-0.4623987072128187,513.9825790405273,512.0560882568359,475.1049594116211,513.2258822729368,509.1670727621943,527.7580484191134,513.9825790405273,500.20710966194116,0.053602864923170554,2.2558541548791657,0.01687858075993276,0.02868755798047129,8.856778196993456
2025-01-21 05:00:00+00:00,521.8334018984197,523.3158734926727,517.4357226652137,522.1517944335938,23628000,56.41512329610856,0.2158837718684481,-0.06613584503359793,0.282019616902046,514.4383377075195,512.7203668212891,475.5264743041992,514.0759691453803,509.67627753362177,528.6545587767932,514.4383377075195,500.2221166382458,0.05526890212974861,1.1994024280706919,0.005864747494284339,0.03805674785695157,8.644161956312427
2025-01-22 05:00:00+00:00,526.8977289549638,531.1262829083367,526.589295683922,528.8279418945312,33593000,60.41312771457033,1.3844663405646997,0.2239845920860616,1.160481748478638,515.3421417236328,513.2525457763672,476.01484481811525,515.4809189310138,510.42732319483395,530.7540726592721,515.3421417236328,499.9302107879936,0.05981242241937335,1.3287687157235586,0.012785836479178414,0.052328279188607274,8.667756707628897
2025-01-23 05:00:00+00:00,526.3703999596165,530.0716601200355,525.7834111540478,529.9522705078125,23096600,61.06093377503038,2.3739351217644753,0.6539746980217443,1.719960423742731,516.0791534423828,513.6490710449219,476.48343383789063,516.8591428907089,511.1930074031861,532.7537645981408,516.0791534423828,499.4045422866247,0.06462036315372965,3.3891049624576555,0.002126076412024114,0.03084960693443284,8.354934726083096
2025-01-24 05:00:00+00:00,530.3304283427711,531.0965016684947,525.4850069666725,526.95751953125,19878300,58.32322358842814,2.88320904483885,1.0998215673851655,1.7833874774536844,516.4154510498047,513.9737786865235,476.93640548706054,517.8208930469509,511.8112235650709,533.6726099793287,516.4154510498047,499.1582921202806,0.06683440200885758,2.786899922662837,-0.00565098244355644,0.03225624409327987,8.158974724350179
2025-01-27 05:00:00+00:00,508.42153200479015,515.3762512683116,507.575814968855,511.6153564453125,60771700,46.757221010510996,2.0254794900234856,1.2849531519128297,0.7405263381106559,515.6319244384765,513.997601928711,477.3045944213867,517.2298895610805,511.80354250155096,532.2550642543945,515.6319244384765,499.0087846225585,0.0644767673530711,1.3841049750419394,-0.02911461079364608,-0.014432475745306816,8.960598284210523
2025-01-28 05:00:00+00:00,512.6201071165299,520.3608774249693,509.19749371576415,519.1768798828125,33194200,51.82767412786,1.933585218558278,1.4146795652419193,0.5189056533163587,515.2443878173829,514.1911346435547,477.7297052001953,517.4153172107693,512.0926929870907,531.1416475735513,515.2443878173829,499.34712806121445,0.06170764837831808,3.214250959011554,0.014779703818972978,-0.005697413247441441,9.117940100281569
2025-01-29 05:00:00+00:00,519.8236841608818,519.9530330379257,514.2917423982929,518.201904296875,26649000,51.1512617769995,1.761777292822103,1.4840991107579562,0.27767818206414674,515.1583251953125,514.3782788085938,478.1152781677246,517.4902302665889,512.3322699011999,530.9717513161024,515.1583251953125,499.3448990745226,0.061392489832303755,3.118325455228586,-0.0018779256621703766,-0.020093563058692365,8.87103656737809
2025-01-30 05:00:00+00:00,521.0674092489711,523.4453032843132,515.5951619544196,520.4107055664062,27431300,52.658693446218145,1.783293380565965,1.5439379647195581,0.23935541584640685,515.5284484863281,514.680326538086,478.54705337524416,517.7683707713335,512.6490712998354,531.4692579733089,515.5284484863281,499.58763899934723,0.06184259873062502,1.228959876621993,0.004262433717854286,-0.01800457413318246,8.798115478986343
2025-01-31 05:00:00+00:00,524.2610600801457,528.8378841779202,518.5599940127812,519.6544189453125,38755200,52.06623901745624,1.7194977259126745,1.5790499169581815,0.14044780895449294,516.0786529541016,515.2080377197266,479.010750579834,517.9479944069506,512.9237908153443,531.7898441823197,516.0786529541016,500.3674617258834,0.0608868091647862,1.7950212009742603,-0.0014532495450312322,-0.013858993021740873,8.903813670854387
2025-02-03 05:00:00+00:00,510.8790043064367,518.2217697288138,508.4712326155503,515.49560546875,40580800,48.81389805419295,1.318162759311349,1.5268724854288152,-0.2087097261174662,516.4706634521484,515.5840307617187,479.453455657959,517.7144335556934,513.0246462919484,531.7056421708756,516.4706634521484,501.23568473342124,0.05899649214108264,-0.6957626964199526,-0.008003036874011826,0.007584309138797929,9.066626003633514
2025-02-04 05:00:00+00:00,516.0129287189441,522.4602103421444,515.6149228814181,521.8234252929688,26046800,53.56659119136034,1.4934880818912006,1.5201956047212923,-0.0267075228300917,516.7636688232421,516.0182379150391,479.9538471984863,518.1057661021006,513.3696964488512,532.1727602931277,516.7636688232421,501.3545773533566,0.05963689941661198,-0.06288767828160004,0.012275215844885334,0.005097579481493142,8.91648163718786
2025-02-05 05:00:00+00:00,519.1868804659659,524.3506939252882,517.9929235736566,524.1914672851562,21134100,55.24147045398571,1.8027350538659448,1.576703494550223,0.22603155931572183,516.8785827636718,516.50556640625,480.47811172485353,518.685356690963,513.7940796189024,532.4721494722822,516.8785827636718,501.2850160550614,0.06033744569269619,-0.8767453914717109,0.004538013966808752,0.011558357733957525,8.733716545362409
2025-02-06 05:00:00+00:00,524.6989250686672,527.1365745057541,523.0871044523607,526.9276123046875,19434500,57.16409837992779,2.2427465570696086,1.7099121070541001,0.5328344500155084,517.5959442138671,517.0116583251953,481.05943603515624,519.4703334160796,514.3091201163842,533.645946958841,517.5959442138671,501.54594146889326,0.06201749810598256,-0.5707416255102942,0.005219743529405463,0.012522622360714886,8.399127510221765
2025-02-07 05:00:00+00:00,527.4649102497111,529.4149811581992,519.5550140724782,520.2813110351562,29605500,51.38952822902111,2.0317372738953736,1.774277140422355,0.25746013347301866,517.976513671875,517.3687322998047,481.58687896728514,519.5475693798012,514.5433236818262,533.9017249872884,517.976513671875,502.0513023564615,0.06149009036151649,-1.266934856918354,-0.012613309901262415,0.001206363434984592,8.503473194185997
2025-02-10 05:00:00+00:00,524.559620960653,527.6837911084541,524.0920217277084,526.5794067382812,20852800,55.93239184046199,2.3456751021547007,1.8885567327688242,0.45711836938587647,519.0739471435547,517.8358752441407,482.11486312866214,520.2172681758469,515.0153269389422,534.1727854761995,519.0739471435547,503.97510881091006,0.0581760591751255,2.924863396778882,0.012105173815669446,0.021501252681781047,8.424830828408272
2025-02-11 05:00:00+00:00,523.306019618235,527.2459985319832,523.1766707420592,525.3257446289062,19325500,54.833879938197214,2.464899214121033,2.003825229039266,0.46107398508176667,520.1897888183594,518.22390625,482.62944808959963,520.7037897428049,515.419657044431,533.5761410614729,520.1897888183594,506.8034365752458,0.05146718574972946,1.1843487228248029,-0.0023807655471003164,0.006711694351343445,8.113723468516541
2025-02-12 05:00:00+00:00,519.6644316230244,526.5196788561027,519.3162220342847,525.6341552734375,25009400,55.06767418350825,2.5548209576569434,2.114024374762802,0.4407965828941416,521.3449295043945,518.6977722167969,483.1557762145996,521.1733483647699,515.8202256024313,532.1810311840325,521.3449295043945,510.5088278247565,0.04156979790688321,1.4342384531849586,0.0005870845807283143,0.0027522157042216833,8.04870442232379
2025-02-13 05:00:00+00:00,527.3056905351805,533.5141936498824,526.5196987532877,533.1958618164062,28714800,60.470462029781785,3.199370754935785,2.3310936507973987,0.8682771041383863,522.3000869750977,519.234662475586,483.68747787475587,522.3183496458781,516.5016231010185,533.760531346492,522.3000869750977,510.8396426037033,0.04388452024876185,2.4567435130076447,0.014385873648250946,0.011895845587409193,8.036656847618152
2025-02-14 05:00:00+00:00,533.3052931830399,536.1210299534633,532.966982109474,535.4345092773438,17862600,61.9299257699319,3.846481410600177,2.6341712027579547,1.212310207842222,523.5472625732422,519.7060638427735,484.22170669555663,523.5675077060178,517.2440892255803,535.0247051202354,523.5472625732422,512.069820026249,0.04384491474783536,3.0366508503975447,0.004198546202724085,0.02912500972221843,7.687899061644667
2025-02-18 05:00:00+00:00,537.0064842826905,537.2751412860282,533.3351017214825,536.6483154296875,20565000,62.733341509763584,4.406470233765276,2.9886310089594192,1.417839224805857,524.4243103027344,520.1703521728516,484.8024122619629,524.8132989177958,518.0050392728002,537.0354089166276,524.4243103027344,511.81321168884125,0.04809501911386666,4.103373479140125,0.0022669554003569292,0.019121349149931133,7.420194811851885
2025-02-19 05:00:00+00:00,535.8523280383527,538.0810150531318,533.7529898884638,536.7975463867188,19666900,62.83718028183863,4.806896194540741,3.3522840460756838,1.4546121484650572,525.1565979003906,520.5106719970703,485.39906661987305,525.954655819598,518.7420003360911,538.8124155730723,525.1565979003906,511.5007802277089,0.05200664992986284,2.8695762527991224,0.00027807961516046475,0.021837501540908244,7.1993255513387435
2025-02-20 05:00:00+00:00,536.0115349648631,536.3796630770588,529.7732148425396,534.5191040039062,26550800,60.08444194048456,4.884084706553153,3.658644178171178,1.2254405283819754,525.4411560058594,520.834232788086,485.9576873779297,526.7703175514368,519.3607102838486,539.6183564985868,525.4411560058594,511.2639555131321,0.053963037842316416,1.9702031344077264,-0.004244509681814113,0.016903294128302493,7.186825979398774
2025-02-21 05:00:00+00:00,535.6632745780284,535.6831930883143,523.0572259266131,523.4253540039062,47093800,48.860799557743526,4.003929441530886,3.72770123084312,0.27622821068776604,525.1148101806641,520.843139038086,486.41835189819335,526.4517495945291,519.520108076792,539.1615061677197,525.1148101806641,511.0681141936085,0.05349952320797386,-0.6646564383792674,-0.02075463705020153,-0.0183244254357402,7.575336063848945
2025-02-24 05:00:00+00:00,525.2162949415896,526.400292568826,516.908453766449,517.2467041015625,39268400,43.93800187043644,2.7758365272492256,3.537328290124341,-0.7614917628751154,524.6292694091796,520.8099261474609,486.82450271606444,525.575078595199,519.4309549797242,539.0538654830361,524.6292694091796,510.20467333532315,0.05498967333675836,-0.5832627213835664,-0.011804261782660252,-0.03396830958902641,7.712229116600945
2025-02-25 05:00:00+00:00,516.6198772023894,516.6994905216765,506.8693406770667,510.7297668457031,48940000,39.426004658135,1.2621523657091984,3.0822931052413125,-1.820140739532114,524.5849899291992,520.6817395019531,487.1977217102051,524.1612393809613,519.089731915645,539.1736148603133,524.5849899291992,509.99636499808514,0.05561968112386522,-3.009923990524692,-0.012599282323468963,-0.04829708365567442,7.902595852879149
2025-02-26 05:00:00+00:00,512.928668459214,517.0377726397771,508.7896257822196,511.9635314941406,34457600,40.6681989162083,0.16025395052383828,2.497885274297818,-2.3376313237739796,524.2243225097657,520.3930657958985,487.5783972167969,522.9995529155498,518.810273075586,539.6618859568182,524.2243225097657,508.7867590627132,0.058896784388576,-2.543605233778288,0.002415689721899872,-0.046263279442576355,7.927278067499032
2025-02-27 05:00:00+00:00,515.5154989416602,516.4507580909494,497.5267143835209,497.74560546875,52448000,32.417792426934625,-1.8390765585617146,1.6304929077259116,-3.469569466287626,523.2015075683594,519.8879791259766,487.8832293701172,520.5944150634735,517.9842076792395,542.3614749630536,523.2015075683594,504.0415401736651,0.07324125453591473,-5.305695896070479,-0.02777136485463394,-0.06879735122598629,8.712761327493995
2025-02-28 05:00:00+00:00,497.6063054446294,506.21265072070776,494.4224407770984,505.6057434082031,47654000,39.70079695822244,-2.757525907449349,0.7528891446908595,-3.510415052140208,522.4612594604492,519.4600305175782,488.2222119140625,519.1669225248763,517.4987777078263,543.0835035098689,522.4612594604492,501.8390154110295,0.07894267249869018,-5.174480971066341,0.01579147631459432,-0.034044225140019035,8.932579085787948
2025-03-03 05:00:00+00:00,508.93885561166286,510.4511747502602,491.08937854664106,494.5418701171875,44587200,34.126041405927865,-4.32827211674487,-0.2633431075962864,-4.0649290091485835,521.2056320190429,518.6590222167969,488.50082443237307,516.8216794384298,516.5985068219189,545.1491768291166,521.2056320190429,497.2620872089692,0.09187753676920708,-7.637281208368049,-0.021882412206071677,-0.04389556048271481,9.677523165633032
2025-03-04 05:00:00+00:00,491.68635636601033,501.19811409825184,485.2788502299198,493.0494384765625,67875400,33.44383681557305,-5.62864307123715,-1.3364031003244592,-4.292239970912691,520.0833236694336,517.8752490234375,488.75786163330076,514.5576564896805,515.6750139456304,546.9215128830318,520.0833236694336,493.24513445583545,0.10320726695961746,-8.124292148055273,-0.0030178064402743843,-0.03461777542032718,10.12336178725439
2025-03-05 05:00:00+00:00,493.6961873600139,501.08868829896096,488.7811121667995,499.4768676757813,46323700,39.09108797148312,-6.070578748223795,-2.2832382299043266,-3.7873405183194686,518.9659957885742,517.6040539550781,489.0125213623047,513.1213908883568,515.0397925232834,547.2434484475943,518.9659957885742,490.6885431295541,0.10897612902769187,-6.952468200003832,0.01303607447374544,-0.02438975249256059,10.279377097604895
2025-03-06 05:00:00+00:00,491.1988293432897,496.06413848203505,483.74663380211234,485.7365417480469,57574300,32.702877588351384,-7.443738640403353,-3.315338312004132,-4.128400328399222,517.0432495117187,517.1037475585938,489.2030351257324,510.5133100178511,513.8906454340585,548.6692629910752,517.0432495117187,485.41723603236215,0.1223341123173865,-9.126439427598621,-0.027509434003765487,-0.024126910591995343,10.668724010180899
2025-03-07 05:00:00+00:00,484.7017992368597,490.7909129209113,478.1052492912749,489.3084411621094,54714700,35.647008143623324,-8.149809387394782,-4.282232527082263,-3.8675768603125196,515.1622909545898,516.5856756591797,489.41249755859377,508.4937986982566,512.9266374233938,548.6340178520055,515.1622909545898,481.69056405717413,0.12994633918330073,-6.518009221529278,0.0073535736084588965,-0.03223322214703572,10.812791125856291
2025-03-10 04:00:00+00:00,481.0105123404904,481.527877477655,466.2951345184157,470.3446044921875,76668000,28.51455617843169,-10.122908090046849,-5.45036763967518,-4.6725404503716685,512.6654556274414,515.5879364013672,489.51154235839846,504.86054210720243,511.2567537790328,551.2906272845739,512.6654556274414,474.04028397030874,0.1506837304255657,-9.067645910057974,-0.038756406132873344,-0.0489286490934856,11.684256519987533
2025-03-11 04:00:00+00:00,469.9665218868212,476.3939161417846,464.6534712392536,469.2203063964844,68760800,28.15488185801037,-11.643109963405266,-6.688916104421198,-4.954193858984068,509.79750061035156,514.4266247558594,489.60055877685545,501.4662339442769,509.60826564638387,552.1977342519223,509.79750061035156,467.39726696878085,0.16634147319595455,-8.127480155618029,-0.0023903709853693167,-0.04833010692336659,11.688269975883497
2025-03-12 04:00:00+00:00,476.7421760776683,478.632582659648,469.40936974367503,474.5134887695313,46971100,32.47342818968167,-12.2792181368373,-7.806976510904419,-4.472241625932882,507.2568878173828,513.3783422851562,489.71648651123047,498.89930583239635,508.2319998865073,551.6722903851997,507.2568878173828,462.84148524956584,0.17511995848465212,-7.314982497935583,0.011280804135902489,-0.0499790491247617,11.525698996403506
2025-03-13 04:00:00+00:00,473.8468663020031,473.8767137089589,464.0764102439584,465.9767761230469,46563300,29.403694435515604,-13.318650698797455,-8.909311348483026,-4.409339350314429,504.2740188598633,512.2994146728515,489.79988204956055,495.7638268124583,506.57493228794027,551.2889387136647,504.2740188598633,457.2590990060619,0.18646576303930806,-6.3825434110633585,-0.017990453060925837,-0.04068000639583225,11.447940391344178
2025-03-14 04:00:00+00:00,471.3395542793586,478.1350765220873,470.73261656970107,477.2396240234375,43563000,37.76288562730867,-13.082780643335752,-9.744005207453572,-3.33877543588218,501.47620697021483,511.58404235839845,489.918348236084,493.9996170230278,505.4245280422735,547.9301495823729,501.47620697021483,455.02226435805676,0.1852687803188924,-5.610323805571193,0.024170406074951023,-0.02466504994274854,11.498680391893908
2025-03-17 04:00:00+00:00,477.1898651106022,483.3884393542646,475.3890008308422,480.33392333984375,41744400,39.869457082221906,-12.50205195762436,-10.29561455748773,-2.2064374001366307,498.72117767333987,511.01771423339846,490.04371902465823,492.69812238653407,504.4405827598253,543.2899336668835,498.72117767333987,454.1524216797963,0.1787321573207221,-2.8729512374709567,0.006483743512995188,0.02123829794633525,11.248734544145947
2025-03-18 04:00:00+00:00,476.9908675616912,477.1898401296811,470.0261900467741,472.14544677734375,39072300,36.361943904026425,-12.5578033745727,-10.748052320904725,-1.8097510536679753,495.4960342407227,510.30751525878907,490.14419174194336,490.74072470946834,503.1741068389437,537.902733582002,495.4960342407227,453.0893348994433,0.17116867305007438,-4.239735423654161,-0.017047466698925096,0.006234044735454525,11.181520169069069
2025-03-19 04:00:00+00:00,474.40401064913135,482.8810077328089,472.4737974749432,478.46343994140625,40430300,40.69701540956589,-11.954374934597638,-10.989316843643307,-0.9650580909543311,492.579328918457,509.5575177001953,490.3004692077637,489.57145949346244,502.205061078256,531.0651489289199,492.579328918457,454.0935089079941,0.1562624241458333,-4.20708727356223,0.013381455242629903,0.008324212620630878,11.149665939525931
2025-03-20 04:00:00+00:00,474.4736490056198,482.10492887042955,473.7771690886222,476.8416442871094,36780500,39.94480161596817,-11.474745184138328,-11.086402511742312,-0.38834267239601594,489.69545593261716,508.65648681640624,490.45279739379885,488.3590961404764,501.21041728252476,523.5427223650993,489.69545593261716,455.84818950013505,0.13823802537853058,-1.8312185097145341,-0.003389591594491481,0.023316329741706943,10.948101213974605
2025-03-21 04:00:00+00:00,471.6877671830669,479.1797694014654,470.52368803573967,478.4136657714844,42234900,41.08158268511144,-10.84279713947916,-11.037681437289683,0.19488429781052297,487.4448715209961,507.9731524658203,490.60100219726564,487.4119122958105,500.31642702718983,517.8305832494407,487.4448715209961,457.05915979255155,0.1246734287454114,-2.226566000935906,0.003296736984298443,0.002460067624203033,10.784385510528258
2025-03-24 04:00:00+00:00,486.0025283432093,489.7591180442307,482.674429976512,488.9121398925781,34567200,48.141484991239174,-9.386631395234701,-10.707471428878687,1.3208400336439858,486.02814331054685,507.49799682617186,490.79555877685544,487.55479111455026,499.86920008073446,513.1954717073145,486.02814331054685,458.8608149137792,0.11179323160884991,3.947645029422047,0.021944344136081595,0.01785886054661434,10.82446170782955
2025-03-25 04:00:00+00:00,489.639545469345,491.8615821216475,488.67299966529646,491.7021484375,26035200,49.86092861194729,-7.916225855331618,-10.149222314169274,2.232996458837656,485.0767623901367,507.23942504882814,490.9587059020996,487.94977752625977,499.5489235457057,509.9534192269495,485.0767623901367,460.2001055533239,0.1025679181754126,4.791319074332387,0.005706564262312863,0.04142092610156811,10.279041761295371
2025-03-26 04:00:00+00:00,490.5462802575752,491.4032325143907,481.1000700784772,482.6545104980469,34627100,44.686540921261766,-7.395734218323128,-9.598524695000044,2.202790476676917,483.611311340332,506.8323370361328,491.0774072265625,487.4454663807157,498.8863975438367,505.21806164051316,483.611311340332,462.00456104015086,0.08935585166648767,1.7156565453231236,-0.01840064756317239,0.00875943741313634,10.302115803990189
2025-03-27 04:00:00+00:00,480.69152170184447,484.84664994408064,478.5392125885613,479.9043273925781,33469800,43.21836526635987,-7.1230475798686825,-9.103429271973773,1.980381692105091,482.71924743652346,506.3797967529297,491.1843878173828,486.7272626675597,498.14200263594427,503.37018539092423,482.71924743652346,462.0683094821227,0.08556086405946069,2.9888938640696354,-0.005698036681830332,0.006422851573812283,10.016781629099412
2025-03-28 04:00:00+00:00,478.10080496658304,478.80826727024373,466.3826870366339,467.26953125,46363800,37.17542220336155,-7.836133836557394,-8.849970184890498,1.013836348333104,480.8024368286133,505.44333312988283,491.218934173584,484.8741453896969,496.9313174835543,499.6371121177332,480.8024368286133,461.9677615394934,0.07834683789605544,-2.089116718637735,-0.026327739554310003,-0.023293930167135768,10.267128681016898
2025-03-31 04:00:00+00:00,460.2745390190723,468.1862267806507,455.70086298518777,467.2496032714844,53000300,37.166595213354874,-8.307108675992197,-8.741397883110839,0.43428920711864194,479.4378234863281,504.57850524902346,491.2375843811035,483.1956175689147,495.76732869092416,498.0463637036049,479.4378234863281,460.8292832690513,0.07762650047908647,-2.7240049958124684,-4.264771653805788e-05,-0.04430762677697753,10.425574046334473
2025-04-01 04:00:00+00:00,465.6353253704141,471.94279304476703,462.7656103358645,471.01611328125,41156200,40.063337406381116,-8.280975815214902,-8.649313469531652,0.3683376543167505,478.3361572265625,503.6166802978516,491.2447119140625,482.0356647796133,494.79669279250555,496.1842081804779,478.3361572265625,460.48810627264703,0.07462555645970861,-0.23919186424481725,0.008061023451692906,-0.04207025578794965,10.336403236517906
2025-04-02 04:00:00+00:00,464.4595276487334,477.8516525327216,464.2004441204761,474.4537963867187,49894500,42.661560954095435,-7.8919001259620245,-8.497830800817727,0.6059306748557027,477.0850036621094,502.66272033691405,491.2563014221191,481.3135820755281,493.99893214914135,492.11563902342334,477.0850036621094,462.05436830079543,0.06301030317842164,-0.838025065233529,0.007298440559752262,-0.0169908577107587,10.57317503478416
2025-04-03 04:00:00+00:00,454.8140352690705,458.4311090574493,448.5364897977271,449.05462646484375,70456300,31.72044546128018,-9.523277170874053,-8.702920074828993,-0.8203570960450595,475.2509078979492,501.0672540283203,491.12866363525393,478.2413005887962,492.2364103576003,494.0826618574197,475.2509078979492,456.41915393847876,0.07924973375753849,-5.827305176712898,-0.05353349496896542,-0.06428302302533373,11.669184431513264
2025-04-04 04:00:00+00:00,436.57922963452495,438.8012662497565,421.1643371582031,421.1643371582031,117088400,24.338943205029224,-12.917760587549992,-9.545888177373193,-3.371872410176799,471.8437026977539,498.8914953613281,490.8325068664551,472.8053993096921,489.44927023213376,501.0626579608628,471.8437026977539,442.624747434645,0.1238501440034075,-11.966491074405585,-0.062108900928613764,-0.09866937818192456,12.827834779736646
2025-04-07 04:00:00+00:00,407.20423705779143,441.5614201479207,400.95658358107875,422.1806945800781,161557000,25.023655097478127,-15.348968249724237,-10.706504191843402,-4.642464057880835,469.4355072021484,496.7959588623047,490.54068878173825,467.98399885925267,486.8112868732296,505.81384059526295,469.4355072021484,433.0571738090339,0.1549875662790428,-13.648964684567247,0.002413208650886345,-0.0964557452287873,14.811906335958456
2025-04-08 04:00:00+00:00,436.5991287071744,441.5613992006258,408.33019716146754,414.5778503417969,101248100,23.323299444247837,-17.685338257618525,-12.102271004998428,-5.583067252620097,466.70338439941406,494.8552087402344,490.22937698364257,462.89769900044735,483.97860308768327,510.2394430334698,466.70338439941406,423.1673257653583,0.18656842906798682,-15.68516597716399,-0.01800850757954109,-0.11982236137589009,16.12757031475844
2025-04-09 04:00:00+00:00,414.0896201649672,466.16343342206665,413.9501042914269,464.3399658203125,142876900,48.154878820370854,-15.344657818137136,-12.750748367626171,-2.5939094505109654,466.1947082519531,493.7584704589844,490.17326385498046,463.0350577451964,483.2084604497472,509.5913786209749,466.1947082519531,422.7980378829313,0.18617401528104974,-3.7945454314382685,0.12003081070898869,-0.021316787100092216,18.705124515892823
2025-04-10 04:00:00+00:00,451.9442914367033,453.96705879904806,431.0888571820337,444.590576171875,108384100,42.29996553889157,-14.911373368069633,-13.182873367714864,-1.728500000354769,465.12539825439455,492.2862438964844,490.0454740905762,461.2784404524991,481.69403361532085,509.5330046899833,465.12539825439455,420.71779181880584,0.19094896388049112,-7.358498184954951,-0.04253217707320933,-0.009940996105778366,19.744123381777538
2025-04-11 04:00:00+00:00,443.06604289719394,454.1663741146707,439.75786224337,452.78131103515625,52483800,45.27193367833377,-13.74858335834682,-13.296015365841257,-0.4525679925055641,463.9024826049805,490.93365600585935,489.9317556762695,460.4691900317998,480.5602013572752,508.2553610150044,463.9024826049805,419.5496041949566,0.19121638737937513,-3.1006130821511273,0.018423095994987593,0.0750703967251547,19.363008273886333
2025-04-14 04:00:00+00:00,462.8054886452569,463.3933832938378,451.01764293847816,455.8503723144531,43941200,46.386257906079976,-12.43606113063322,-13.12402451879965,0.6879633881664304,462.6783050537109,489.6575750732422,489.82847259521486,460.02930263014775,479.59118845363514,506.49784667212265,462.6783050537109,418.8587634352992,0.18941688486269032,-2.4396448658743957,0.006778241955879949,0.07975181756679928,18.863917708277285
2025-04-15 04:00:00+00:00,456.906548967549,460.7328660655078,454.5250482813498,456.3584899902344,35404200,46.5801889090487,-11.225476651813722,-12.744314945402465,1.5188382935887432,461.88895721435546,488.4748327636719,489.7215800476074,459.67970142634647,478.68010223938415,505.56644118042163,461.88895721435546,418.2114732482893,0.18912547392119677,-3.111915469070877,0.0011146589026600484,0.10077875509748435,17.95991057084019
2025-04-16 04:00:00+00:00,447.43041565591307,451.00762332139715,436.2005738134235,442.5976867675781,48980600,42.135110511086395,-11.246815261362883,-12.44481500859455,1.1979997472316661,460.0956695556641,486.89031799316405,489.5582829284668,458.05284288741615,477.2651055542153,503.84892098518606,460.0956695556641,416.3424181261421,0.19019197234251975,-6.714270148483591,-0.030153494510315126,-0.04682405274834356,18.11691097126667
2025-04-17 04:00:00+00:00,445.5770765238,446.1549970317344,439.78774529191,442.51800537109375,44837000,42.11005162343413,-11.141721061027113,-12.184196219081063,1.04247515805395,458.3794876098633,485.2568487548828,489.38065032958986,456.5733345525283,475.90247417448506,502.06329708736246,458.3794876098633,414.69567813236415,0.19060106596514803,-1.4556405186623211,-0.00018003120862719602,-0.004661751534697389,17.27764959759222
2025-04-21 04:00:00+00:00,436.6688946094812,437.51584230875216,426.40556828000206,431.5671081542969,44149300,38.7032810690192,-11.805986966251794,-12.10855436851521,0.3025674022634153,456.0371597290039,483.349638671875,489.123166809082,454.1917891812682,474.1638323697718,500.19411037499117,456.0371597290039,411.88020908301667,0.1936550550934364,2.470002817970347,-0.0247467833712518,-0.046853088596698234,17.194420132842183
2025-04-22 04:00:00+00:00,437.2568260974721,445.9856002161295,436.06108861931057,442.8966674804687,52304400,43.77156680909787,-11.28809954442545,-11.944463403697258,0.6563638592718082,453.73638610839845,481.80194580078125,488.9021942138672,453.11606330500155,472.93766904077955,495.5340379143877,453.73638610839845,411.9387343024092,0.18423760176907522,4.906897251897248,0.026252138108081136,-0.028416571797924894,16.9961395563415
2025-04-23 04:00:00+00:00,456.53789090300927,461.729322993314,451.2667267648559,452.9407348632813,55801100,47.885556954346626,-9.952471835312338,-11.546065090020274,1.5935932547079368,451.7983154296875,480.32917236328126,488.7060479736328,453.09936535817104,472.1534755436228,489.7965524283534,451.7983154296875,413.8000784310216,0.16820884762497304,9.253481460684965,0.022678128151089716,-0.0074891893147999156,17.127319267520342
2025-04-24 04:00:00+00:00,454.8539073702654,465.99407392862616,454.20619851663224,465.6851806640625,45956100,52.62227454615474,-7.775970439958485,-10.792046160007917,3.0160757200494324,450.9498489379883,479.13636108398435,488.5677714538574,454.2980144349226,471.8998169208949,486.85436792717456,450.9498489379883,415.045329948802,0.15923952108529757,0.28970472988977286,0.02813711556464016,0.05216361175563122,16.836320681650665
2025-04-25 04:00:00+00:00,465.30650394037264,471.40469766730706,463.7321457882604,470.8765869140625,38697100,54.43888769819185,-5.567989982744336,-9.747234924555201,4.179244941810865,450.4984619140625,478.04120971679686,488.4533192443848,455.8769260996026,471.8596902539603,485.1403743269378,450.4984619140625,415.8565495011872,0.15379369894267744,5.912408438460816,0.01114788802726574,0.06408458231928305,16.18176576717895
2025-04-28 04:00:00+00:00,471.34492884890216,473.1185867567387,464.36986487736374,470.7271423339844,33550800,54.374253644792056,-3.7865593917965157,-8.555099818003464,4.768540426206949,450.67134246826174,476.7918353271484,488.3123783874512,457.291232407639,471.8152766100397,485.678894422795,450.67134246826174,415.6637905137285,0.15535734649912267,3.9634655542208805,-0.00031737526186537135,0.09073915374868369,15.650834060907235
2025-04-29 04:00:00+00:00,468.4951374553907,474.722873222181,467.91718654726753,473.8360290527344,30613100,55.556398791438944,-2.0996976305348767,-7.2640193805097475,5.164321749974871,451.0006637573242,475.55986572265624,488.24168838500975,458.86692732621947,471.8945218038709,486.7420638203193,451.0006637573242,415.25926369432915,0.15849821490385615,3.9455176151253526,0.0066044347970575235,0.06985683985447921,15.019037819050538
2025-04-30 04:00:00+00:00,465.4659581608863,475.5000933242452,460.7826887017505,473.7762451171875,46810600,55.52660496873443,-0.7589232012648495,-5.963000144660768,5.204076943395918,451.13867034912107,474.30242431640625,488.15636566162107,460.2868623539307,471.96831487498133,487.2079546851394,451.13867034912107,415.06938601310276,0.15990331446473213,3.81668261005199,-0.00012617009235538212,0.046000522033407654,14.997492590725122
2025-05-01 04:00:00+00:00,481.6879595225003,485.4445187613678,479.0274574431888,479.964111328125,43316500,58.035133722459705,0.7938087496199273,-4.611638365804629,5.405447115424557,451.41418609619143,473.1657556152344,488.0953858947754,462.16088606575875,472.2818755202027,488.2672975781545,451.41418609619143,414.56107461422835,0.1632784817892723,8.442525950247262,0.013060735473149343,0.030662196816529264,14.759691237400492
2025-05-02 04:00:00+00:00,484.8068330037864,489.1612611202772,483.1029025512637,487.0886535644531,39218100,60.77826347694997,2.5696299294262985,-3.175384706758444,5.7450146361847425,453.3158874511719,472.21714660644534,488.0690864562988,464.5349591608725,472.8625334827223,493.2796957685221,453.3158874511719,413.35207913382163,0.17631770438072225,10.072053035668597,0.0148439061758463,0.03442954502503093,14.362366848454185
2025-05-05 04:00:00+00:00,482.87372581995743,487.2879376271539,482.37550695931134,484.198974609375,28309500,59.09108969037559,3.7011435875085112,-1.800079047905053,5.501222635413564,456.46761932373045,471.4326190185547,488.100602722168,466.40772253692035,473.3070998014146,495.7280433825191,456.46761932373045,417.2071952649418,0.1720184407251234,12.195523120418345,-0.0059325523884241615,0.02861919584367678,13.687371406981926
2025-05-06 04:00:00+00:00,477.851682965364,483.32211645922314,476.48656811897325,479.6950988769531,32786300,56.460357476778775,4.186195328576218,-0.6028241726087987,4.789019501185017,459.34333953857424,470.6815869140625,488.1209080505371,467.6731869502568,473.5576095690828,496.506309681761,459.34333953857424,422.18036939538746,0.16180911725211136,8.308581684712541,-0.009301704399633182,0.012365184293671838,13.260588198654771
2025-05-07 04:00:00+00:00,480.36271382704064,484.06946360216114,475.0816057321311,481.578369140625,38006300,57.31607403380894,4.66874807747115,0.45149027740719105,4.217257800063959,462.6933654785156,470.09855895996094,488.1717085266113,468.99749001600617,473.8721491601237,494.85366955583675,462.6933654785156,430.53306140119446,0.1390134654040742,6.322600745103632,0.003925973536275329,0.016467951071518216,12.955393175181575
2025-05-08 04:00:00+00:00,486.78973347402933,490.9448922772597,482.4452794741909,486.5505981445313,39577600,59.57508011908732,5.390256412928693,1.4392435045114915,3.9510129084172014,463.80389709472655,469.5903002929688,488.21225494384765,470.66921459967523,474.3693432379436,497.6069041802258,463.80389709472655,430.0008900092273,0.14576422189309624,4.480584383362796,0.010324859508908713,0.013722873566901939,12.699045315285371
2025-05-09 04:00:00+00:00,488.46373075344206,489.789009962343,484.4680361370782,486.2317199707031,27767400,59.35811421369776,5.8686757227062,2.3251299481504333,3.543545774555767,465.88595428466795,469.36002258300783,488.259638671875,472.15135796834454,474.83453448236554,499.82817794588266,465.88595428466795,431.94373062345323,0.1457104398578849,3.2609676257789855,-0.0006553854317397079,-0.0017592969729002261,12.172040208855334
2025-05-12 04:00:00+00:00,505.1839413174901,506.08075957729017,499.69359025194126,506.0408935546875,45090600,67.32028317605197,7.75684514620923,3.4114729877621928,4.345372158447037,468.5489334106445,469.3687255859375,488.49157516479494,475.37893278609147,476.05831326951545,506.1234754621825,468.5489334106445,430.9743913591065,0.16038684274885337,7.501957725575076,0.040740191909277135,0.04510938703026657,12.720397308693313
2025-05-13 04:00:00+00:00,507.3461789329695,515.546871439172,506.6088248298239,513.7532958984375,53269600,69.80089924711564,9.763017443939987,4.681781878997752,5.081235564942235,471.44407958984374,469.7529541015625,488.7874179077148,479.03363403488635,477.53654788241437,513.3338744280846,471.44407958984374,429.55428475160284,0.17770843521753424,8.424278526371964,0.015240670155279634,0.07099967688062758,12.490795921249829
2025-05-14 04:00:00+00:00,514.9291670405382,517.3803650369858,513.9127810511419,516.8323364257812,47014500,70.75531718792888,11.469166865210184,6.039258876240239,5.429907988969945,474.46777191162107,470.2286120605469,489.0753451538086,482.63351045306683,479.0775591978405,520.126153612797,474.46777191162107,428.8093902104451,0.192461466949459,9.087853549504981,0.005993227784474309,0.07320504728662725,11.857672579628295
2025-05-15 04:00:00+00:00,514.6800131330596,520.0707142555518,513.3347857660638,517.4002685546875,50153300,70.93776527146633,12.720495990560153,7.375506299104222,5.344989691455931,478.20790100097656,470.587080078125,489.3614994812012,485.9446302722688,480.58041054516787,525.0505412482322,478.20790100097656,431.3652607537209,0.19590910208386533,7.799782596863677,0.001098871121017364,0.06340485558501396,11.49183371604685
2025-05-16 04:00:00+00:00,518.8052741008747,519.8416083280616,515.2579579935311,519.6522827148438,48394600,71.69192288977047,13.73556699339025,8.647518437961429,5.088048555428822,482.0646148681641,471.26539489746096,489.69050750732424,489.15488288584737,482.11264082633164,529.21871970576,482.0646148681641,434.91051003056816,0.1956339601922108,6.685359823533993,0.004352556998949986,0.0687338184068993,10.99839204593854
2025-05-19 04:00:00+00:00,512.4081714236444,520.6686798199481,512.4081714236444,520.1505126953125,52536200,71.86586713858986,14.414064706375541,9.800827691644251,4.61323701473129,486.49378509521483,471.882236328125,489.9548512268066,492.10684762960597,483.6043220760956,530.3702810039681,486.49378509521483,442.61728918646156,0.18037844368419184,7.424951305388702,0.0009587756987534668,0.027882369429695464,10.802828928107484
2025-05-20 04:00:00+00:00,517.6195490998188,519.0743702786815,514.8195611288448,518.416748046875,42517600,70.24823382048238,14.6430823761454,10.769278628544482,3.8738037476009186,490.26978912353513,472.84367919921874,490.2671173095703,494.61255243125066,484.9695152514203,531.401132979567,490.26978912353513,449.1384452675033,0.16779065228376877,8.072137751787702,-0.00333319799965881,0.00907722088727847,10.41198054513321
2025-05-21 04:00:00+00:00,514.4309376384672,521.1369442471234,509.418826553865,511.21240234375,71292800,63.81984358036228,14.080933800631499,11.431609662961886,2.6493241376696126,493.1833724975586,473.68352111816404,490.59747314453125,496.1934905181554,485.9986480785705,531.482961612834,493.1833724975586,454.8837833822832,0.1553158165950332,6.153522479842032,-0.013896822836583222,-0.0108738050736078,10.505276055713582
2025-05-22 04:00:00+00:00,511.8302517457492,515.8658737907991,510.47511083297866,512.1690673828125,55607200,64.28719209126882,13.556352682753754,11.85655826692026,1.6997944158334946,495.50756683349607,474.4366326904297,490.99897430419924,497.7149740290751,487.02493903167806,532.4685221835268,495.50756683349607,458.54661148346526,0.1491842216910107,5.265324785536724,0.0018713650816695182,-0.010110549780903533,10.13995369157836
2025-05-23 04:00:00+00:00,504.37683685319297,510.0166779867416,503.77896814055566,507.4259338378906,58368100,60.139376166030424,12.61249810325171,12.00774623418655,0.6047518690651597,497.3350341796875,475.26561584472654,491.35612701416017,498.6398273442004,487.82497804368643,532.8290637175321,497.3350341796875,461.8410046418429,0.14273689604991946,4.3588710889664934,-0.009260874673980846,-0.023527942209891628,10.014964088055393
2025-05-27 04:00:00+00:00,514.3113951204324,519.8515868592059,512.7569545841645,519.36328125,47226300,66.07239102128693,12.681545754998126,12.142506138348866,0.5390396166492604,499.76684112548827,476.1080889892578,491.79657501220703,500.6134896209432,489.0617742478556,534.2867505235508,499.76684112548827,465.2469317274257,0.13814405661777324,2.6326701784374187,0.023525300178928177,-0.001513468555924713,10.187156154716813
2025-05-28 04:00:00+00:00,520.3198331572289,521.8144897137478,516.543356152141,517.0614624023438,46637200,64.09141509890628,12.40750300136824,12.195505510952742,0.21199749041549865,501.92811279296876,476.8426397705078,492.15954849243167,502.17996321917184,490.15980123430614,535.0684076926725,501.92811279296876,468.787817893265,0.13205195746177775,0.6439212225628684,-0.004432001511766925,-0.0026142782802393016,9.836011683780384
2025-05-29 04:00:00+00:00,524.4551068947912,524.6045360691892,515.4771928839561,518.077880859375,58513300,64.59618714315565,12.132482908898623,12.182900990541919,-0.05041808164329531,504.1431945800781,477.76128845214845,492.51599838256834,503.6940506134769,491.25462788626965,535.3250846404612,504.1431945800781,472.961304519695,0.12370251307807824,0.2409958405868078,0.00196575945209454,0.013429796468451993,9.785392505312716
2025-05-30 04:00:00+00:00,517.589644720194,518.8252178409589,510.10638723489177,517.2608032226562,67662800,63.81953577915527,11.713569430571397,12.089034678547815,-0.3754652479764182,506.0080291748047,478.53723571777346,492.8635517883301,504.98612229054163,492.2744778994613,535.6034435728845,506.0080291748047,476.41261477672475,0.11697606635350806,-0.026955017325529077,-0.0015771328344753588,0.009941513777594002,9.70920951250946
2025-06-02 04:00:00+00:00,515.3974870451045,521.5853877867925,514.1319915550752,521.3462524414062,44762800,66.01947406372513,11.577777675194568,11.986783277877166,-0.40900560268259767,507.72090911865234,479.42732788085937,493.1759831237793,506.5442299239573,493.41454748934154,536.6970438933952,507.72090911865234,478.7447743439095,0.11414197939983294,0.3259813884993663,0.007898238554510106,0.02743320290752571,9.548079992452879
2025-06-03 04:00:00+00:00,521.6949632814592,526.8565036997328,520.8280672755905,525.421630859375,44070300,68.10300044144739,11.664549049193738,11.922336432140481,-0.2577873829467432,509.7820419311523,480.3674871826172,493.50804718017577,508.3420776320923,494.66972722934287,537.6142201071015,509.7820419311523,481.94986375520324,0.10919246221587356,1.013383248773255,0.007817028316371655,0.011664955587144643,9.296676880430697
2025-06-04 04:00:00+00:00,526.1291111461301,527.9526092750558,524.0963391933162,526.8864135742188,41359300,68.8424726225742,11.716451749104351,11.881159495533256,-0.1647077464289044,512.1416076660156,481.12697265625,493.78945495605467,510.10820486467577,495.93312669384784,537.2379623331926,512.1416076660156,487.0452529988386,0.09800552929705794,1.6337561545326322,0.0027878233951805775,0.019001515073714614,8.908076394809903
2025-06-05 04:00:00+00:00,528.2914078268998,531.1511795683101,520.7981757926248,522.9205932617188,61031200,64.48367882594069,11.307233705597298,11.766374337546065,-0.45914063194876675,514.2087188720703,481.7513415527344,494.04800827026367,511.3284323310608,496.9914587161173,535.4018833099371,514.2087188720703,493.0155544342035,0.0824302026008215,2.2902791216117473,-0.007526898037846896,0.009347460258891438,9.011285493443864
2025-06-06 04:00:00+00:00,528.1120196484558,529.9055954761677,526.3284179293108,528.0322875976562,42467000,67.35294234600285,11.26553440251871,11.666206350540595,-0.4006719480218841,516.2828033447265,482.65889709472657,494.30117111206056,512.9192756897842,498.2087461232365,534.0919806226921,516.2828033447265,498.4736260667609,0.06899000765700201,3.0972624520072864,0.00977527831530467,0.020824087786839973,8.866550973515658
2025-06-09 04:00:00+00:00,528.2515065877924,530.453595021937,527.1255271006693,528.8095092773438,33688700,67.7791722037195,11.166482439768117,11.5662615683861,-0.3997791286179826,518.4116928100586,483.6370007324219,494.5632292175293,514.4326312695517,499.40877605084853,530.6513114237889,518.4116928100586,506.17207419632837,0.04721968575741504,4.214127425005562,0.0014719207479216845,0.014315355296001364,8.47094504121223
2025-06-10 04:00:00+00:00,529.2777972976213,532.9945512832284,527.0059509616149,532.3070068359375,40664800,69.69647277579658,11.240626918757073,11.501134638460295,-0.26050771970322195,519.7249984741211,484.9377502441406,494.8316650390625,516.1349527520647,500.698902748303,532.0098587611888,519.7249984741211,507.44013818705344,0.04727446369959195,2.49222963063246,0.006613908216917874,0.013104477570329287,8.293634704098034
2025-06-11 04:00:00+00:00,533.7119535961438,534.8678553808483,528.221572163124,530.5133666992188,53701000,67.47886935829932,11.027536605990235,11.406415031966283,-0.3788784259760476,520.5630020141601,486.2030255126953,495.12907485961915,517.5043255089365,501.8680974130448,533.3791763264064,520.5630020141601,507.7468277019138,0.04923966652512004,2.601606438502585,-0.0033695595092393393,0.006883747676080576,8.175966740785617
2025-06-12 04:00:00+00:00,529.1981805291538,532.7355225727674,528.9490710779452,531.7589721679688,34104900,68.2347534223147,10.834280112229976,11.291988048019022,-0.45770793578904545,521.3093338012695,487.4178826904297,495.4071697998047,518.8619109050348,503.04028857990454,534.8855135233645,521.3093338012695,507.73315407917454,0.052084928628077835,2.640740285205747,0.0023479247591817742,0.01690195226606117,7.862429937502519
2025-06-13 04:00:00+00:00,525.8002917667119,529.9753685874628,523.8572258903529,525.0828857421875,55814400,60.163372342016196,10.026835450820158,11.03895752857925,-1.0121220777590914,521.6934646606445,488.4304644775391,495.6749969482422,519.4543846990493,503.904704154896,535.2402063503604,521.6934646606445,508.1467229709287,0.05193372203168327,1.5122124991489476,-0.012554722675506502,-0.005585646796121835,7.865238247510616
2025-06-16 04:00:00+00:00,528.6102414640853,533.4628885796845,528.5604317387102,532.38671875,37622100,65.03613471025128,9.862598130386345,10.80368564894067,-0.9410875185543244,522.3301864624024,490.0971063232422,495.97230041503906,520.6860355610446,505.02164590372365,536.610536726079,522.3301864624024,508.0498361987258,0.0546793987167138,2.1176840260944583,0.0139098668155766,0.006764646644771499,7.902007146795361
2025-06-17 04:00:00+00:00,529.8158873625565,531.4301114980193,526.0293756198878,527.1952514648438,42180900,59.46811447724234,9.207393743989769,10.48442726795049,-1.2770335239607213,522.6824234008789,492.217724609375,496.27047897338866,521.305960885216,505.8911990629833,537.0774119788316,522.6824234008789,508.2874348229261,0.0550812039337022,0.3375613985605868,-0.00975130878047703,-0.009603021011273749,7.791674002746565
2025-06-18 04:00:00+00:00,528.2115609532127,530.6528452992457,525.5212280185297,527.1055297851562,43983500,59.37350585159021,8.581972124997492,10.103936239359891,-1.5219641143623992,523.116862487793,494.31622131347655,496.5716311645508,521.8583007804484,506.72313360110775,537.4951212019286,523.116862487793,508.7386037736574,0.0549714977481579,0.041586992052250873,-0.00017018681302272132,-0.006423658908474961,7.601669951172953
2025-06-20 04:00:00+00:00,530.3639576995934,531.6593145894406,523.0102423618315,524.9533081054688,61643500,57.029698406260934,7.822481980398948,9.647645387567703,-1.8251634071687555,523.8039077758789,496.52373046875,496.83419784545896,522.1530633828313,507.43804240520035,537.1147105682056,523.8039077758789,510.4931049835521,0.05082361011335597,0.3887234256870503,-0.004083094481222238,-0.01279840006225652,7.6764843994898175
2025-06-23 04:00:00+00:00,525.5229332044729,530.8698234247422,522.3706802794006,530.3511352539062,50666100,61.16983893546227,7.568890648404704,9.231894439735104,-1.6630037913304,524.7130111694336,497.84395385742187,497.19547225952147,522.9338321324575,508.3365950659339,537.1777987885996,524.7130111694336,512.2482235502675,0.04751087681773175,0.43914883818939643,0.010282490014051016,0.010033176960761558,7.735245738479229
2025-06-24 04:00:00+00:00,535.5782888900031,539.3789778904177,534.9598085403529,538.4612426757812,45442000,66.4069150486979,7.930912953021561,8.971698142392396,-1.040785189370835,526.2647766113281,499.7213671875,497.6032490539551,524.4126331365836,509.51795379573184,537.3901166879899,526.2647766113281,515.1394365346663,0.04228039029440275,1.8251815122665418,0.01529195825703722,0.01140998396812698,7.827574088338671
2025-06-25 04:00:00+00:00,540.7355939583459,541.9825398600767,538.0621492513585,539.8377685546875,44804200,67.21514586798916,8.233976219593842,8.824153757832686,-0.5901775382388443,527.2885009765625,501.4624963378906,498.01577560424806,525.8816936525935,510.7069661392203,539.4087418954513,527.2885009765625,515.1682600576738,0.04597195234275537,1.4147402949875238,0.002556406607959083,0.023980711235004115,7.548489554080066
2025-06-26 04:00:00+00:00,542.0224539142,545.3343497414623,540.196968838495,544.8854370117188,43811400,70.05981118604458,8.780247473798681,8.815372501025886,-0.03512502722720434,528.6796997070312,503.2431976318359,498.51479415893556,527.6915739725102,512.0472983302986,542.1024591948062,528.6796997070312,515.2569402192562,0.050778418370189954,2.7090873132794084,0.009350343290254415,0.03373120982777289,7.4019246707011215
2025-06-27 04:00:00+00:00,545.922987304897,548.6462981008426,543.2096009334672,546.7509765625,57577100,71.05927183301543,9.256995942268759,8.90369718927446,0.3532987529942986,530.1133544921875,505.05104736328127,498.9945222473145,529.5067551715568,513.4082268884242,544.7688485117134,530.1133544921875,515.4578604726615,0.05529192537911023,2.819323260952082,0.003423728042746488,0.041523061423687446,7.261551277606429
2025-06-30 04:00:00+00:00,549.9131598811205,551.4493754022211,547.6686571277671,550.292236328125,45548700,72.90806846400469,9.807517647390455,9.08446128089766,0.7230563664927949,531.764926147461,507.2049383544922,499.47112548828125,531.4863248055157,514.8546586311576,547.6480174343902,531.764926147461,515.8818348605317,0.05973726549435788,4.801023089965103,0.0064769153004342606,0.0375998084074467,7.078468960614621
2025-07-01 04:00:00+00:00,548.3869215848855,549.3645687252039,543.3293009206998,545.6536254882812,56166700,66.88111257624271,9.757039854807203,9.218976995679569,0.5380628591276349,532.9802947998047,509.26765075683596,499.87513610839846,532.8355915372076,516.0624612530056,549.204768489322,532.9802947998047,516.7558211102875,0.06088207705919562,2.491968013295082,-0.008429359045287077,0.013357289703449737,7.070216563958235
2025-07-02 04:00:00+00:00,544.8255458862538,549.6537471519974,544.7856655368287,549.4542236328125,36538300,69.1326079304778,9.909482007705265,9.357077998084709,0.552404009620556,534.1819244384766,511.6253930664063,500.2753346252441,534.4183184034557,517.3719421306452,551.5113582859467,534.1819244384766,516.8524905910065,0.06488214241126386,4.222149593745553,0.00696522109814679,0.0178136018601871,6.9129212104732725
2025-07-03 04:00:00+00:00,551.8284721476665,555.8386700313663,551.8284721476665,554.8610229492188,26443500,72.04425886579517,10.347299799373445,9.555122358342457,0.7921774410309883,535.5806549072265,513.8646801757812,500.6920524597168,536.3652426459093,518.8421021627461,554.7473869465261,535.5806549072265,516.4139228679269,0.07157365324414004,5.265642569785865,0.00984030895359811,0.01830767581568793,6.875173009621881
2025-07-07 04:00:00+00:00,552.1676854094138,552.9856893302406,548.2373089969742,550.6813354492188,45349300,66.79865676175092,10.238979125616424,9.69189371179725,0.5470854138191736,536.9686920166016,515.8194921875,501.0982873535156,537.7286800557483,520.0906995465293,556.2872765245559,536.9686920166016,517.6501075086474,0.07195423046138033,4.901012517970639,-0.007532854763854124,0.007188572229773538,6.857211648380643
2025-07-08 04:00:00+00:00,552.0279766846955,552.656442328,549.7535179973017,550.9905395507812,36153300,66.99013780950864,10.062094832334651,9.765933935904732,0.29616089642991916,538.1166046142578,517.5255993652344,501.5048286437988,538.9917142933705,521.3024579780687,557.897592226865,538.1166046142578,518.3356170016506,0.07351933556031763,3.891648933115578,0.0005614937018163513,0.00126896797111975,6.574762554260475
2025-07-09 04:00:00+00:00,553.1252961239118,556.2676245184426,551.7486628164066,554.8909912109375,43045500,69.38847091122071,10.119989665675234,9.836745081858833,0.2832445838164013,539.4206787109375,519.2058874511719,501.9410397338867,540.5059311426626,522.6196553597498,559.9982548157294,539.4206787109375,518.8431026061456,0.07629509552346588,3.0512406897684454,0.007078981180577593,0.016928991747081623,6.482071298074826
2025-07-10 04:00:00+00:00,555.5294408217566,555.9384123345195,551.399540909487,554.0929565429688,34710900,68.2951511381065,9.986360462834227,9.866668158053912,0.11969230478031534,540.509976196289,520.8732037353516,502.31413986206053,541.7999335617394,523.8539024649741,561.7614383612595,540.509976196289,519.2585140313186,0.07863485634260664,2.6406429521311177,-0.0014381827793369384,0.008442437441806172,6.343271307143234
2025-07-11 04:00:00+00:00,551.9481827978439,554.4320895669904,550.7012367582291,552.8460083007812,39618600,66.53116025939309,9.668388886156663,9.827012303674463,-0.1586234175178003,541.6266082763672,522.4534033203125,502.68556823730466,542.8519406797434,524.9908477918685,563.0061843402037,541.6266082763672,520.2470322125306,0.07894581151348293,1.4609623873818625,-0.0022504314979336915,-0.0036315664014877624,6.156669985830235
2025-07-14 04:00:00+00:00,552.6365273151346,555.5893176048168,550.2823076862738,554.8511352539062,36453300,67.9640797797882,9.469037933326263,9.755417429604824,-0.2863794962785615,542.781216430664,524.0749011230469,503.06067977905275,543.994721115378,526.1618394570465,564.397353157468,542.781216430664,521.16507970386,0.07964953860766226,1.4815078598182088,0.0036269176642658163,0.00757207396776205,6.095979981023999
2025-07-15 04:00:00+00:00,558.881207037374,559.4298511098242,555.2999512724816,555.3598022460938,43277700,68.33445715107088,9.245519449051585,9.653437833494177,-0.407918384442592,544.2950622558594,525.5828149414062,503.42676208496096,545.0771097944937,527.3068576056367,564.9611802428823,544.2950622558594,523.6289442688366,0.07593718708882292,0.920886318837159,0.0009167630015836092,0.007929832513775548,5.987603972087853
2025-07-16 04:00:00+00:00,555.9184813380132,558.841315448374,550.2124247955553,555.9284057617188,52314700,68.76911961313641,9.01039476946687,9.524829220688716,-0.5144344512218453,545.4721466064453,526.9596099853516,503.7934523010254,546.1105665532771,528.4292712588164,565.9721839135904,545.4721466064453,524.9721092993003,0.07516437799686834,1.8830224511461928,0.0010238470867451888,0.001869582615708465,6.176267306425767
2025-07-17 04:00:00+00:00,556.6566959464612,560.9361929372504,555.8486773290106,560.4274291992188,40423800,72.03953546348298,9.08239417199195,9.436342210949363,-0.35394803895741234,547.133755493164,528.4841790771484,504.164508972168,547.474077281462,529.6841009819694,566.8093970203719,547.133755493164,527.4581139659562,0.07192260148333579,1.9971100583875734,0.008092810856346722,0.011432147948191362,6.098499327983917
2025-07-18 04:00:00+00:00,561.7441739242998,563.350225741294,558.6118309954545,559.8887329101562,50484700,71.07974806544982,8.992327969463986,9.347539362652288,-0.3552113931883021,548.772915649414,530.0880517578125,504.54638168334964,548.6564254365757,530.8685963517023,566.9028745631917,548.772915649414,530.6429567356363,0.06607453974773103,0.9061205874966711,-0.0009612239890403051,0.012739034927685244,6.001349000687888
2025-07-21 04:00:00+00:00,560.7167515850907,564.6770230188278,560.6867956545606,562.7916259765625,39595200,73.15530367066071,9.050856426120276,9.288202775345887,-0.2373463492256107,550.6648315429687,531.7123168945312,504.93621292114256,550.0026350118125,532.1204798664028,566.1634809796111,550.6648315429687,535.1661821063263,0.05629068191340638,2.199146720210659,0.005184767786480915,0.014311029063719172,5.914701936972433
2025-07-22 04:00:00+00:00,562.921259039647,562.9711246996918,557.2451587250212,559.8787231445312,43270600,67.89006380567622,8.7612000744939,9.18280223517549,-0.42160216068159073,552.1412109375,533.1788793945312,505.3452536010742,550.9432148339762,533.2090384263294,565.0229522094623,552.1412109375,539.2594696655376,0.04666103893998424,1.6131281674992959,-0.005175810544403081,0.008136924711081406,5.90122079680802
2025-07-23 04:00:00+00:00,560.9661767273466,562.4724365095674,558.2129099278791,562.4325561523438,40215300,69.93325910100754,8.638143171996717,9.073870422539736,-0.4357272505430192,553.3397766113281,534.7028961181641,505.76368591308596,552.0374378166779,534.3550587293104,565.3375710102068,553.3397766113281,541.3419822124495,0.04336501696065874,1.3591074753166037,0.004561403929531416,0.011699618733662653,5.783956924299469
2025-07-24 04:00:00+00:00,563.7492795819054,564.8565530178993,561.9137482789852,563.6295776367188,42275500,70.86892558422139,8.538779584212648,8.966852254874318,-0.42807267066167043,554.5293670654297,535.8546697998047,506.1898915100098,553.1414511328722,535.5030790786205,565.6199813567991,554.5293670654297,543.4387527740603,0.04000009719976052,1.7211229598098048,0.0021282933771897827,0.005713761087810187,5.581017482486229
2025-07-25 04:00:00+00:00,563.5497827933865,566.313034745678,562.8914220636111,564.9862670898438,30630800,71.93494189636135,8.471848529255453,8.867851509750546,-0.3960029804950924,555.5344085693359,536.8793292236328,506.59442092895506,554.26952884306,536.6592825300411,566.590156662956,555.5344085693359,544.4786604757159,0.039802208191178926,2.1959566690870407,0.0024070586551074857,0.009104548600561868,5.426774282456277
2025-07-28 04:00:00+00:00,566.3528450456176,567.6496566103068,565.4849755661548,566.7518920898438,31498700,73.30410305079847,8.463711964496838,8.787023600699804,-0.3233116362029662,556.5344543457031,537.8777203369141,507.0337046813965,555.4583253427537,537.8393848657196,567.8466535763172,556.5344543457031,545.2222551150891,0.04065228717569117,2.144855814432384,0.003125075958207768,0.007036824875297887,5.229389656599618
2025-07-29 04:00:00+00:00,569.3655332995753,570.7122106355441,565.1458874865731,565.8740844726562,45463300,71.4381346361755,8.290860065785068,8.687790893716857,-0.39693082793178824,557.3135467529297,538.8471966552735,507.43283905029296,556.4503024027445,538.9387848503053,568.9406956959416,557.3135467529297,545.6863978099178,0.04172570005073456,1.8932378944314303,-0.0015488393235895126,0.010708321427991274,5.253456334626148
2025-07-30 04:00:00+00:00,566.7918454902335,569.2258866472484,563.6694876691353,566.6322631835938,43433800,72.09876176667473,8.12143354583452,8.574519424140389,-0.45308587830586866,558.3624786376953,539.7867962646484,507.8166423034668,557.4200129533016,540.0248036084735,569.3609559209807,558.3624786376953,547.3640013544099,0.03939547410176891,1.9254021400847203,0.0013398364260559514,0.007467041132861452,5.275095094875222
2025-07-31 04:00:00+00:00,573.1362622854951,573.2260691874027,562.4923482714106,563.6295776367188,64613600,65.624926842286,7.656609550158578,8.390937449344028,-0.73432789918545,559.0712463378907,540.6563775634766,508.1882135009766,558.0114000660079,540.9504810213458,569.4940176040316,559.0712463378907,548.6484750717498,0.03728602153809069,0.5713761087810196,-0.005299178571309349,0.0,5.664996939240711
2025-08-01 04:00:00+00:00,557.4647130315702,557.6542512690211,550.3321571804888,552.5267944335938,69400800,48.340597918980066,6.3194842889079155,7.976646817256806,-1.6571625283488904,558.9545349121094,541.3385784912109,508.500446472168,557.4890566724447,541.4044540963359,569.6128860316628,558.9545349121094,548.2961837925559,0.03813673726157134,-1.3148931285502132,-0.01969872349438906,-0.02205270000707593,6.210170047597083
2025-08-04 04:00:00+00:00,557.6840912908586,562.94123486933,557.5843599698458,562.7217407226562,47669800,59.01505533380526,6.013134180914108,7.583944289988267,-1.5708101090741593,559.5565551757812,542.368765258789,508.84309173583983,557.9874075343696,542.2404261208975,569.621342160584,559.5565551757812,549.4917681909784,0.03597415450397514,-0.012417607277824061,0.018451496636490816,-0.007110962351315142,6.510475075321305
2025-08-05 04:00:00+00:00,564.0086701757624,565.1757946176326,558.3624644272935,558.9011840820312,48666600,54.47250097596908,5.39981679527466,7.147118791045546,-1.7473019957708864,559.9520874023438,543.3034075927734,509.1996630859375,558.0744338722421,542.8937891781969,569.230273194675,559.9520874023438,550.6739016100125,0.03313921316151657,-0.17459835891060477,-0.006789424264501687,-0.012322353297241184,6.532107583536863
2025-08-06 04:00:00+00:00,559.7391099978526,566.3728874107766,559.2603021929511,565.9339599609375,41823700,60.499784215283256,5.418780260737435,6.801451084983925,-1.3826708242464898,560.5042358398438,544.4735681152343,509.5911004638672,558.8229601664036,543.797325287324,569.8261927662948,560.5042358398438,551.1822789133928,0.03326275282285145,0.6225464316196766,0.012583218785727324,-0.0012323746246514222,6.599221565337467
2025-08-07 04:00:00+00:00,570.2732989674302,571.9192921000312,563.7293285635382,567.8492431640625,44463000,61.976152713186444,5.524671319560184,6.546095131899177,-1.021423812338993,561.1920501708985,545.4432873535156,509.99042541503906,559.6826061661807,544.7405377530785,570.550225890378,561.1920501708985,551.833874451419,0.03335106303316193,0.7486593491130604,0.00338428745865893,0.0074865934911305665,6.7128459918485754
2025-08-08 04:00:00+00:00,569.0562817589437,573.3657343884216,568.7570268998204,573.146240234375,35255500,65.78499764772414,5.96722765536299,6.43032163659194,-0.4630939812289503,562.2070617675781,546.5649829101562,510.4002424621582,560.9648570298182,545.8544868699921,572.1117933472972,562.2070617675781,552.3023301878591,0.03523517313560094,1.444278139106283,0.009328174923325827,0.037318454070482954,6.627392079885043
2025-08-11 04:00:00+00:00,573.285909687358,575.39073988548,570.1735373972913,571.4503784179688,33112900,63.58883981432787,6.110674808824342,6.366392271038421,-0.2557174622140792,563.0370239257812,547.6324328613281,510.7968614196777,561.963478114404,546.8582473228539,573.1174112444842,563.0370239257812,552.9566366070783,0.03580719167779535,0.829019963356413,-0.0029588640688156254,0.015511463417253069,6.526664251906735
2025-08-12 04:00:00+00:00,573.754745111433,578.9320673642603,571.0912854904631,578.6328125,42143300,68.40038286906648,6.7263825645607085,6.438390329742879,0.2879922348178292,564.2006744384765,548.859873046875,511.2267106628418,563.5510337701751,548.1043087023498,575.735649780402,564.2006744384765,552.6656990965511,0.04088961911789884,2.254693822784575,0.012568779990863588,0.03530432387681737,6.620529796327487
2025-08-13 04:00:00+00:00,581.336189461128,581.8948188134602,577.5255153167782,578.922119140625,41209300,68.58048579228128,7.155199340933223,6.581752131980949,0.573447208952274,565.3503601074219,550.0113903808593,511.6957539367676,565.0149466625988,549.3128502881646,577.8973377754071,565.3503601074219,552.8033824394367,0.044386555853970375,2.1689297901925557,0.0004999831229326457,0.022949955469334204,6.459727917781384
2025-08-14 04:00:00+00:00,576.867214657275,580.4583950264449,576.4980626010837,578.4732666015625,45425000,67.93356174693912,7.373820266987195,6.740165758982198,0.6336545080049971,566.252651977539,551.0724230957031,512.1428845214843,566.2966914186907,550.4563960259449,579.8086547567808,566.252651977539,552.6966491982972,0.04787969727611804,2.6335894271345506,-0.0007753245630496286,0.018709232362982053,6.2811996683228015
2025-08-15 04:00:00+00:00,578.3834553032891,578.4233965447576,574.1638092686386,575.9295043945312,49480200,64.23540986244562,7.258151126816301,6.843762832549019,0.4143882942672823,567.0546905517579,552.0532849121093,512.5623959350586,567.2141021782945,551.4553414521639,580.904620126073,567.0546905517579,553.2047609774427,0.04884865535928772,4.235579196648389,-0.004397372106710207,0.004856115184526111,6.140360930080022
2025-08-18 04:00:00+00:00,575.0316052093148,576.3583727113783,573.8345249533343,575.699951171875,29831000,63.897364586086795,7.066501245652034,6.888310515169622,0.17819073048241219,567.7001068115235,553.1088720703125,512.9803622436524,568.0222782729212,552.40611046078,581.8940373081657,567.7001068115235,553.5061763148813,0.050005030213441944,2.3063282453867737,-0.00039857868177384237,0.007436468527102891,5.882038560648877
2025-08-19 04:00:00+00:00,574.9817743394825,575.1513419461467,566.8616474345037,567.88916015625,53752600,53.56743161755303,6.212735232146997,6.753195458565098,-0.5404602264181007,568.1006286621093,553.9060095214844,513.3356327819824,568.0096003570477,553.0132888802102,581.8337394412628,568.1006286621093,554.3675178829559,0.04834745848282281,1.6081511956323864,-0.013567468608822408,-0.0185673057449538,6.093200358986197
2025-08-20 04:00:00+00:00,566.941450640785,567.0611525811408,557.4746467271129,564.5173950195312,76781100,49.82295582384623,5.204057116846229,6.443367790221324,-1.239310673375095,568.2048706054687,554.6201672363281,513.6928190612794,567.6770093725223,553.4644302974385,581.7952116465813,568.2048706054687,554.6145295643562,0.04783605964739767,-0.25030569671133107,-0.005937364847378057,-0.02488197228061817,6.401865578282687
2025-08-21 04:00:00+00:00,562.9712019127612,565.1059882525514,559.609440091839,561.9038696289062,46436900,47.07604677249186,4.145990390029624,5.983892310182984,-1.8379019201533602,568.1185852050781,555.2121044921874,514.0991711425781,567.127186539797,553.7953887025941,581.8452545186376,568.1185852050781,554.3919158915187,0.048323253880541275,-1.046998583995386,-0.0046296631665966315,-0.02864332360594435,6.337200048456234
2025-08-22 04:00:00+00:00,563.2904178641013,572.5876551514443,561.8938747848422,570.5725708007812,51502100,55.783834947315796,3.9612932999380064,5.579372508133989,-1.618079208195983,568.397900390625,556.0132885742188,514.5310856628417,567.4553183741764,554.4533174123269,582.0855411025259,568.397900390625,554.710259678724,0.04816217900345608,-0.4490423652681219,0.015427374041043773,-0.009301370311600388,6.648384356895227
2025-08-25 04:00:00+00:00,569.0063962953644,571.8892890383006,567.7693747773127,568.9265747070312,34044700,53.968101187490724,3.640140127288646,5.191526031964921,-1.551385904676275,568.5066345214843,556.756640625,514.9618229675293,567.5954380249244,555.0208961297664,582.1747816693077,568.5066345214843,554.838487373661,0.04808438923260025,-0.44164879511052596,-0.002884814619531939,-0.011765462983028052,6.467779350044705
2025-08-26 04:00:00+00:00,568.4378222244122,571.5202387152399,567.410309470112,571.2109985351562,34103000,56.10362783580656,3.5292745552081897,4.859075736613575,-1.3298011814053856,568.7734802246093,557.6792028808594,515.3731886291504,567.939777121137,555.6558021064483,582.4340099701653,568.7734802246093,555.1129504790533,0.04803504460215496,-1.282646577330723,0.004015322766916629,0.005849448469825047,6.299361485407791
2025-08-27 04:00:00+00:00,570.1935457073605,573.0066024398417,568.9764946916996,572.0888671875,36927100,56.930528220084945,3.4722238193752446,4.581705353165909,-1.1094815337906647,569.0463104248047,558.4732458496094,515.7225379943848,568.3349285560287,556.3002360311954,582.7427962411031,569.0463104248047,555.3498246085063,0.04813838721166181,-1.180340451193772,0.0015368553031980259,0.01341229204762917,6.137271932745954
2025-08-28 04:00:00+00:00,572.707329573353,576.5878402039835,571.0613973569876,575.6701049804688,46787900,60.222459721757815,3.6736392341090323,4.400092129354534,-0.7264528952455018,569.6483367919922,559.4427429199219,516.0502584838868,569.0335167869277,557.0598387350884,583.3979081588581,569.6483367919922,555.8987654251263,0.04827389278198338,-0.484579285324951,0.0062599326754508855,0.024499271308905612,6.093641283763808
2025-08-29 04:00:00+00:00,573.2560108987077,573.6251629601264,567.1509676530454,569.0064697265625,56030400,52.22387611877252,3.258006456348312,4.17167499475329,-0.9136685384049779,570.4723205566406,560.28076171875,516.3416801452637,569.0309408764168,557.5283340680875,581.7766503428234,570.4723205566406,559.1679907704579,0.03963147510873968,-1.2020628592811657,-0.011575440857976016,-0.0027447885761854307,6.26689100116806
2025-09-02 04:00:00+00:00,559.938570005311,564.5871576131589,558.1728750960445,564.238037109375,65876800,47.374879986855035,2.514852174323096,3.8403104306672513,-1.3254582563441555,570.5481353759766,561.0664562988281,516.6107493591309,568.5744738509843,557.7914596775497,581.6622633595402,570.5481353759766,559.4340073924129,0.03895947526404494,-1.9909527591879281,-0.008380278381507678,-0.008241024072518699,6.5930841175501955
2025-09-03 04:00:00+00:00,567.8392715420716,570.30326864531,565.3453793937941,568.67724609375,54230200,51.85649989057573,2.25807444015868,3.523863232565537,-1.2657887924068572,571.0369384765625,561.832978515625,516.9066343688964,568.5842616836287,558.2183532624988,580.8419309499421,571.0369384765625,561.2319460031828,0.03434100953096966,0.13877460476321907,0.00786761737495989,-0.004435755697813848,6.55538036172054
2025-09-04 04:00:00+00:00,569.3455646209001,574.1936761101587,567.6397814409955,573.8245849609375,47526300,56.484060717399494,2.441776188379208,3.3074458237282713,-0.8656696353490632,571.4314697265625,562.5402453613282,517.2315338134765,569.0833400909914,558.8303623487121,581.0159036906687,571.4314697265625,561.8470357624562,0.03354534873164227,1.6486985208107252,0.009051423988817309,0.003034000262879921,6.555274240823581
2025-09-05 04:00:00+00:00,579.0717573630119,579.7002230398967,570.1336870891607,574.652587890625,68342500,57.19679001484445,2.62392706598132,3.1707420721788813,-0.5468150061975612,571.7716369628906,563.2365417480469,517.5782551574707,569.6137446433374,559.4508417817283,581.3061621442505,571.7716369628906,562.2371117815308,0.033350815482925684,2.2688432934512957,0.0014429547833749723,-0.001767535053567304,6.770364362960183
2025-09-08 04:00:00+00:00,576.9569100864685,579.4209069942706,576.3584003727692,577.4556884765625,46371400,59.60867105597914,2.9603447283259356,3.1286626034082925,-0.16831787508235685,571.987109375,563.8879467773437,517.9991893005371,570.360596436978,560.1569142011335,581.8260746907072,571.987109375,562.1481440592929,0.03440275193074888,1.2063527109480576,0.0048779047462865766,0.014849073252295897,6.627361130151996
2025-09-09 04:00:00+00:00,578.2537612972826,579.5206779783559,575.6301819149563,579.0917358398438,44007600,60.990308004159516,3.320694598420914,3.167069002410817,0.15362559601009718,572.3691772460937,564.5347619628906,518.4111682128906,571.1921335229652,560.899456226181,582.677371194024,572.3691772460937,562.0609832981635,0.036019388736225316,1.78672636939961,0.0028331998384107937,0.026325234659054786,6.431870768241112
2025-09-10 04:00:00+00:00,582.3138007742962,582.3437567038031,577.1364785105435,579.28125,49308000,61.15606029671761,3.580295260434582,3.2497142540155703,0.33058100641901156,572.4015991210938,565.1145422363281,518.8070091247558,571.962525568397,561.6203108839778,582.7921420514944,572.4015991210938,562.0110561906932,0.03630508002198085,1.4128319457327556,0.00032726103383495797,0.01864678775014994,6.344399870028149
2025-09-11 04:00:00+00:00,581.8150406027271,583.4510484301161,580.1990033956353,582.6530151367188,44745800,64.08034413350477,4.011857724366564,3.4021429480857694,0.6097147762807946,572.5881439208985,565.8545300292968,519.2211489868164,572.9806674320467,562.4451228154579,583.558059888636,572.5881439208985,561.618227953161,0.038316951142645286,1.8465921214573102,0.005820601196256048,0.015385242123047371,6.189071195748716
2025-09-12 04:00:00+00:00,583.6105864506874,586.423703827438,582.6728806584372,585.2266235351562,50745900,66.17359794962692,4.509559382030716,3.623626234874759,0.8859331471559568,572.9258117675781,566.5699780273437,519.6391670227051,574.1469489656762,563.3385150005441,584.9633479622987,572.9258117675781,560.8882755728575,0.04202127377568361,1.6600685830318966,0.004417051541102168,0.01840074484541221,6.01632958824661
2025-09-15 04:00:00+00:00,587.0023615482407,590.3441526771844,586.8527036647196,590.2344360351562,44360300,69.8548643354745,5.247589206331213,3.9484188291660502,1.2991703771651628,573.6410583496094,567.2774462890625,520.0782011413575,575.6790905913409,564.3932570019015,587.8174199376397,573.6410583496094,559.464696761579,0.04942589579907804,3.730707371182423,0.008557048327277883,0.022129399387001536,5.952129556373864
2025-09-16 04:00:00+00:00,591.1620945578748,591.4114837468736,589.0472791060467,589.735595703125,36942100,69.04875220472954,5.726222583996332,4.303979580132107,1.4222430038642253,574.3428405761719,568.0585314941407,520.5107678222656,577.0178053638917,565.387074205871,590.1529086751567,574.3428405761719,558.532772477187,0.05505446218542375,4.518936497860993,-0.0008451562660121148,0.018380265516731553,5.6958492052633645
2025-09-17 04:00:00+00:00,589.6558208790498,590.3042571762861,582.942282862292,588.5585327148438,69384800,67.08165685585298,5.942067384139023,4.63159714093349,1.3104702432055326,575.3763092041015,568.8098913574219,520.9239395141601,578.1169222544586,566.2957588532818,592.0428387192313,575.3763092041015,558.7097796889717,0.057932623392798546,3.4960580465736086,-0.0019959164697831433,0.016015161400172673,5.814858141601273
2025-09-18 04:00:00+00:00,593.4565071541567,596.678657118695,591.5113200438022,593.8655395507812,61069300,71.08179941373366,6.466811663081785,4.998640045363149,1.4681716177186361,576.843716430664,569.5893823242187,521.3835629272461,579.6167905683941,567.3769267237719,594.5622715216803,576.843716430664,559.1251613396478,0.06143277489665086,3.492522822319998,0.009016956752725847,0.01924391382653612,5.979520017476273
2025-09-19 04:00:00+00:00,595.8705968632576,598.583922026821,594.3941714550525,597.8856201171875,58196100,73.68992981162604,7.124930426376068,5.423898121565733,1.7010323048103348,578.6428039550781,570.4652355957031,521.8412342834473,581.3566790968506,568.5733460725334,597.2146339265691,578.6428039550781,560.070973983587,0.06419099950626142,4.042970085951218,0.006769344739967931,0.021630930776119772,5.889438764516524
2025-09-22 04:00:00+00:00,596.9708269829692,602.0942306490323,596.9508332125652,601.4251098632812,57154800,75.76261956223146,7.841707210111281,5.907459939274843,1.9342472708364378,580.1854309082031,571.4368176269531,522.2890376281738,583.267958217463,569.8616505349156,600.8294381909475,580.1854309082031,559.5414236254587,0.0711634804425507,4.150867653577822,0.005920011498854905,0.0189597101505925,5.836150098227281
2025-09-23 04:00:00+00:00,601.5949151722127,601.7946700200599,596.2118359493293,597.4302978515625,64635500,69.14205606760271,7.995245815121507,6.325017114444176,1.670228700677331,581.6106170654297,572.2884008789063,522.7090196228028,584.6167524683297,570.9427739590978,602.8750270724371,581.6106170654297,560.3462070584222,0.07312249598983932,3.1667801276982037,-0.006642243475046938,0.013047715288854622,5.818056096263236
2025-09-24 04:00:00+00:00,598.8085103543956,599.1281059107118,592.5964822123717,595.3329467773438,49850300,65.88670928848691,7.857115624350058,6.631436816425353,1.2256788079247052,582.8167144775391,573.0878637695313,523.0867765808106,585.6373424025214,571.8992513245192,604.3198887200921,582.8167144775391,561.3135402349861,0.07379052010143293,2.7709677772832713,-0.0035106205389333622,0.011510178998258125,5.8690252106973
2025-09-25 04:00:00+00:00,591.4379907146171,594.354216296693,587.7427395490681,592.7662963867188,70920200,62.037349788215,7.4546071460109715,6.796070882342477,0.6585362636684948,583.8505859375,573.8246215820312,523.4589027404785,586.3162904010164,572.7175668171545,605.1787934632282,583.8505859375,562.5223784117718,0.0730604988311559,1.7357296688196029,-0.004311285650355434,-0.001850996717024489,5.991966783381466
2025-09-26 04:00:00+00:00,593.585214360816,595.5327174506845,590.2994696097071,595.203125,54337400,64.17724538950702,7.2486895991294205,6.886594625699866,0.36209497342955466,584.8272369384765,574.5201354980469,523.820018157959,587.1626556009196,573.5993534125603,606.3555676318942,584.8272369384765,563.2989062450588,0.07362287299106247,1.7047244714498935,0.00411094326404049,-0.004486635949969342,5.9377725732097435
2025-09-29 04:00:00+00:00,598.3391106571707,601.275330198043,596.6412858554952,597.9595947265625,48332900,66.47903437883622,7.224641361393765,6.954203972838646,0.270437388555119,586.2748931884765,575.281552734375,524.2152793884277,588.1909355176475,574.5546569935016,607.239592498332,586.2748931884765,565.3101938786211,0.07151832545936994,1.308828868627061,0.0046311412201716085,-0.005762172346788996,5.947374903554975
2025-09-30 04:00:00+00:00,597.659966987958,599.9370624727763,595.3329480316206,599.5974731445312,46533800,67.80287803742868,7.254125022021299,7.014188182675177,0.23993683934612164,588.0428649902344,576.0176696777344,524.6275712585449,589.2772724344936,575.5367282151105,607.1580249987803,588.0428649902344,568.9277049816885,0.06501281163870033,1.6722540598296791,0.0027391121948929786,0.0036274947902077415,5.851427727669315
2025-10-01 04:00:00+00:00,596.4015613877941,603.0130380816322,595.5726732971928,602.4737548828125,46899600,70.04051184555664,7.424003640985347,7.0961512743372115,0.3278523666481359,589.7326904296875,576.8695703125,525.0079539489747,590.5340802867145,576.5930822020792,607.6383314307409,589.7326904296875,571.8270494286342,0.060724600455867785,2.364288578704655,0.0047970211135095475,0.011994646263277398,5.964923231724326
2025-10-02 04:00:00+00:00,606.2788672228089,606.378714165839,602.1541765957764,604.9505615234375,43765400,71.85446800726834,7.670075411893208,7.210936101848412,0.45913931004479647,591.2889892578125,577.7199304199219,525.4177070617676,591.9070784997357,577.7051402146816,608.7997537098045,591.2889892578125,573.7782248058206,0.05922912406663102,1.8665878442856463,0.004111061470398525,0.02055492225349087,5.8406099701770575
2025-10-03 04:00:00+00:00,605.7296019230981,606.5485541284623,600.6161947999731,602.4038696289062,46482100,67.33972803646085,7.572303509628796,7.2832095834044885,0.2890939262243073,592.6765533447266,578.4954162597656,525.7947105407715,592.90677289299,578.6737178387689,609.0557986983653,592.6765533447266,576.2973079910879,0.05527212190596578,0.7557046631817568,-0.004209752096300146,0.01209796173181421,5.847163495770787
2025-10-06 04:00:00+00:00,607.6670775886568,608.5758798079479,605.1902273252953,606.9280395507812,41962100,70.84440546016971,7.770309978720775,7.380629662467746,0.38968031625302846,594.1501708984375,579.3342517089844,526.1563893127442,594.2421316223035,579.7817304549262,610.0837677907145,594.1501708984375,578.2165740061605,0.053634914783187604,0.9149816988437599,0.007510193991054459,0.014998412774561931,5.870366830290135
2025-10-07 04:00:00+00:00,608.2363844032766,608.9254990082667,602.2541015785323,603.732177734375,58209500,65.49767937875554,7.581952167398981,7.420894163453994,0.16105800394498715,595.382192993164,580.073857421875,526.5138597106934,595.145945537739,580.7209636815713,610.2421954788981,595.382192993164,580.52219050743,0.04991752410675369,1.0548309828736313,-0.0052656354759481605,0.006895800557930487,5.92758330167901
2025-10-08 04:00:00+00:00,604.6309888518371,610.9628579603992,604.481218431623,610.6532592773438,50629800,70.66170009266386,7.900083439250807,7.516732018613357,0.38335142063744954,596.9507934570313,580.9694409179688,527.0019429016113,596.6228325605584,581.894779195131,611.2955020372847,596.9507934570313,582.6060848767779,0.048059936388327854,2.573402426815434,0.011463827502024904,0.013576532302427502,6.020661653417953
2025-10-09 04:00:00+00:00,610.6931491958702,610.8229867928995,606.6982962574127,609.9141845703125,45551000,69.46603043464694,8.000344619323187,7.613454538755324,0.3868900805678628,598.313851928711,581.8350793457031,527.4977545166016,597.8886756091065,582.9935794059224,612.136426201087,598.313851928711,584.4912776563349,0.04620509529511288,2.892858161491443,-0.0012103017478460876,0.008205006098969791,5.885235144994302
2025-10-10 04:00:00+00:00,610.6132994204178,612.3909772904724,588.2920219287263,588.741455078125,97614800,45.64020681557583,6.298732141435266,7.350510059291313,-1.0517779178560467,598.4895935058594,582.3373168945312,527.8654016113281,597.017511749013,583.2189862950285,611.7187683098904,598.4895935058594,585.2604187018284,0.04420853745020543,-1.0856243273042292,-0.034714276250361054,-0.022679825345739535,7.186215160476573
2025-10-13 04:00:00+00:00,598.9083327066105,602.1741444216893,596.4614731416003,601.2353515625,65872600,55.36824271511191,5.890443655901322,7.058496778613315,-1.168053122711993,599.0396392822265,583.3114880371094,528.2704205322266,597.4192107788689,583.9255104231646,611.7549519822397,599.0396392822265,586.3243265822133,0.042452324908744905,0.5478224389785822,0.02122136359960769,-0.009379510612979258,7.632391887839985
2025-10-14 04:00:00+00:00,594.5439886761187,601.9144974152143,589.3706613014698,597.2305297851562,69203200,52.14683777511525,5.183958989488019,6.683589220788257,-1.4996302313002374,599.4143859863282,584.0016638183594,528.620143737793,597.4012411604201,584.4472758883408,611.4334943867168,599.4143859863282,587.3952775859395,0.040102835972517924,-0.3947553926406316,-0.006660988524603506,-0.010769092967046201,7.983209332547452
2025-10-15 04:00:00+00:00,603.232804101606,605.9193452011472,595.1631839173533,601.445068359375,62805500,55.10699500640423,4.9075714135806265,6.328385659346731,-1.4208142457661044,600.0587127685546,584.8525415039062,528.9927310180664,597.7863675603206,585.1138559852441,611.0155901914686,600.0587127685546,589.1018353456407,0.036519351156026274,-0.17074379009880528,0.007056803636168452,-0.015079246328539853,8.181277329065052
2025-10-16 04:00:00+00:00,604.3313635356964,607.5272581453062,594.7337437778706,599.2179565429688,70982000,53.23302783304613,4.457440359768043,5.954196599430993,-1.4967562396629503,600.3263336181641,585.5182214355468,529.3892050170898,597.9227093681919,585.6669579679,610.9205289386821,600.3263336181641,589.7321382976461,0.03529478794197426,-0.947615449109167,-0.003702934704380212,-0.017537267205679608,8.510722831805804
2025-10-17 04:00:00+00:00,597.1806072651552,604.7308770883808,595.6026232431807,603.1528930664062,72024900,56.07516958779946,4.367874608824309,5.636932201309657,-1.269057592485348,600.589697265625,586.2242944335937,529.8399282836914,598.4208221013552,586.3526809129395,611.189980470813,600.589697265625,589.989414060437,0.0352995839037838,0.12433908134777,0.006566786726718066,0.024478381578156183,8.554832189905397
2025-10-20 04:00:00+00:00,606.3587502275053,612.0114401498232,606.2888329883251,610.7530517578125,45761700,61.00452678367991,4.854206128523856,5.480386986752497,-0.6261808582286408,601.0560943603516,586.9764306640625,530.3504418945313,599.5953201638749,587.3095582009737,612.5458755199485,601.0560943603516,589.5663132007547,0.038231976241167254,0.6302249950195642,0.01260071663217488,0.01583024047168502,8.576526110870509
2025-10-21 04:00:00+00:00,610.8529979566828,611.9315643975107,608.5359758597962,610.5933227539062,44538200,60.84997060369364,5.167174593748655,5.417744508151729,-0.25056991440307375,601.7142456054687,587.7592895507812,530.8651315307617,600.6427489819731,588.2226470069711,613.7908711221919,601.7142456054687,589.6376200887455,0.04014073326308311,1.1364550826624913,-0.0002615279669033743,0.02237459791875862,8.206459141359366
2025-10-22 04:00:00+00:00,610.034035159382,610.6232418416384,598.9682752728291,604.7108764648438,61478800,55.29398544582088,4.884237652062211,5.311043136933825,-0.42680548487161385,602.1831420898437,588.2808508300782,531.3088693237305,601.0301896946274,588.8692442406132,613.9567223683165,602.1831420898437,590.409561811371,0.039102988627722775,-0.9731189872845852,-0.009633983978945992,0.00542993579509643,8.452781100462932
2025-10-23 04:00:00+00:00,604.1316243630486,610.5833341066889,603.7421725102494,609.7943725585938,42844300,58.795341156456985,5.012423637968141,5.251319237140688,-0.23889559917254743,603.0345458984375,588.8982958984375,531.7483752441407,601.8648737769099,589.689837507985,614.4173578551946,603.0345458984375,591.6517339416804,0.03775177403741706,-0.019644076945539175,0.008406490261045452,0.017650365614279684,8.337665421604116
2025-10-24 04:00:00+00:00,615.1973511503762,617.6242169779957,614.3384724044602,616.305908203125,47632500,62.81294972135419,5.575171357680688,5.3160896612486885,0.2590816964319993,604.0896850585938,589.6549487304687,532.2670028686523,603.2402103889304,590.7336049862258,616.2582804697529,604.0896850585938,591.9210896474347,0.04028738020904569,4.681928355349505,0.010678248172756977,0.02180709947331816,8.301392492875392
2025-10-27 04:00:00+00:00,623.7164465731967,627.7412294550786,623.2270868116484,627.2818603515625,54098600,68.40513190100131,6.828110382314662,5.618493805461884,1.2096165768527785,605.5557983398437,590.6819958496094,532.8400625610352,605.5298913377526,592.1668699025136,621.0327670073461,605.5557983398437,590.0788296723413,0.05111657327015341,4.332165219721764,0.017809259983306847,0.027062997959941937,8.525244547095264
2025-10-28 04:00:00+00:00,629.5488872669928,633.8633359425862,628.4403301580431,632.1055908203125,61195700,70.50441994843297,8.11674355430921,6.118143755231349,1.9985997990778603,607.1812042236328,591.8101086425781,533.4774368286132,608.0609103360916,593.7330942522311,626.2297409210071,607.1812042236328,588.1326675262585,0.06274415797086651,5.839463874645185,0.007689893130412795,0.03523174470592205,8.386403907375868
2025-10-29 04:00:00+00:00,634.77220425535,636.190360053584,629.4390484873167,634.9519653320312,67422800,71.69935819822186,9.260919150917175,6.746698834368515,2.51422031654866,608.8051147460938,593.1513647460938,534.1371520996094,610.6219631928478,595.349520569086,631.2129131078262,608.8051147460938,586.3973163843613,0.07361238537254343,5.571065211999582,0.0045030048033982695,0.05000916974402325,8.269611597296684
2025-10-30 04:00:00+00:00,631.3565662863019,632.6848720357782,625.1346019679808,625.2444458007812,61628600,62.41264516871454,9.277426460286165,7.2528443595520455,2.0245821007341194,609.8198089599609,594.3659057617188,534.7507176208496,612.0145805840796,596.5218705781722,633.2520477566554,609.8198089599609,586.3875701632664,0.07684971348063567,4.343409434517871,-0.015288588840218331,0.025336529717979506,8.380165294921957
2025-10-31 04:00:00+00:00,633.3539723359148,633.3839629929544,625.883616641787,628.2605590820312,66305100,63.97394917507484,9.425235509033541,7.687322589448345,1.7379129195851961,611.1126434326172,595.6930395507812,535.321556854248,613.5618166315036,597.7665250293039,635.5952322032339,611.1126434326172,586.6300546620006,0.08012463506923385,4.162736563855076,0.004823894560769926,0.019397268012180335,8.36297614472561
2025-11-03 05:00:00+00:00,634.2927319253315,635.001840248536,629.0394906897283,631.2666625976562,37154300,65.51160677036458,9.67343335748626,8.084544743055929,1.5888886144303314,612.3295745849609,596.9069213867188,535.9254351806641,615.2479924378039,599.0802559143374,638.2372603744006,612.3295745849609,586.4218887955212,0.08462007018687617,3.358740620419888,0.004784803808179916,0.006352490798730237,8.24714078913841
2025-11-04 05:00:00+00:00,622.478029730703,626.1432903257465,617.6642245044198,618.4531860351562,63830800,54.779008402729666,8.735494129977837,8.21473462044031,0.5207595095375268,613.065625,597.8974536132813,536.4221643066406,615.5532489708851,599.8399786641735,638.7902781371703,613.065625,587.3409718628296,0.08392136857182401,1.2872501202273778,-0.02029804094164056,-0.021598297789834242,8.629662025145409
2025-11-05 05:00:00+00:00,617.6941518361581,625.7937017112316,616.4158305661566,622.47802734375,48688500,57.15348863937617,8.222161630137066,8.216220022379662,0.005941607757403489,613.6568634033204,598.9227941894532,536.9237954711914,616.2127516730627,600.7277452790588,639.6744399532153,613.6568634033204,587.6392868534255,0.08479519451832508,2.938123253673474,0.0065079158770231516,-0.01964548291737056,8.683105533711808
2025-11-06 05:00:00+00:00,620.9899080817669,621.2395864016282,609.5147022540025,610.8829345703125,72115100,49.14710227106392,6.801313534316591,7.933238724767048,-1.131925190450457,613.7053009033203,599.6986755371094,537.3340704345703,615.7051500442294,601.1259879963629,639.698421378337,613.7053009033203,587.7121804283037,0.08470880221095393,0.17851296448527862,-0.018627312554173714,-0.02296943431792542,8.988835502000073
2025-11-07 05:00:00+00:00,607.5272307243642,609.1651350193971,597.899620744235,608.9553833007812,81835400,47.94469726940619,5.45684083906076,7.437959147625791,-1.9811183085650308,614.7159973144531,600.3643811035156,537.7290859985352,615.062315116282,601.4330231063401,638.1985420414666,614.7159973144531,591.2334525874397,0.076401280687677,-1.1926747422841726,-0.0031553529497220234,-0.03072797663672744,9.274155382291317
2025-11-10 05:00:00+00:00,618.1235878797521,623.5066669290842,616.0962316788492,622.4280395507812,55919900,56.04014829962791,5.416034629512069,7.033574244003047,-1.617539614490978,615.7756317138671,601.4328125,538.2064385986328,615.7638126814724,602.2563570845535,638.6336317079077,615.7756317138671,592.9176317198265,0.07424132692753921,-0.7737862526521821,0.02212420912838109,-0.014001409500232653,9.65109311414929
2025-11-11 05:00:00+00:00,619.7714893858831,621.9186863012081,616.7254261621581,620.7702026367188,44868800,54.90855760154108,5.1900936615983255,6.664878127522103,-1.4747844659237774,616.9526153564453,602.5634558105469,538.7522128295899,616.2406117248291,602.982390243462,638.2399822292977,616.9526153564453,595.665248483593,0.06900810967647332,-1.7932744699953207,-0.002663499728031149,0.003746470474857988,9.36905884804028
2025-11-12 05:00:00+00:00,624.0359942081623,624.0559270220305,617.0150110236092,620.2808227539062,47444400,54.5583381876858,4.914889167178444,6.314880335453371,-1.3999911682749273,617.8944030761719,603.59552734375,539.2577325439453,616.6253937275984,603.6607601458323,637.9872555881011,617.8944030761719,597.8015505642427,0.06503652537358307,-2.3105909390253037,-0.0007883430627531052,-0.0035297705193221285,9.202762930210351
2025-11-13 05:00:00+00:00,616.74538060573,617.324651379383,605.3001653620098,607.6171875,71333600,46.324410527565455,3.6330584556582153,5.7785159594943405,-2.145457503836125,618.3143646240235,604.2713793945312,539.7048089599609,615.76746932497,603.8159141597213,637.1393361309807,618.3143646240235,599.4893931170662,0.060891263680746224,-2.819258678612515,-0.020415970943100548,-0.0053459458195694864,9.615469677473644
2025-11-14 05:00:00+00:00,598.7785201159286,612.5607508498654,596.4015776914192,608.0765380859375,80087300,46.63899730182712,2.6240161106883306,5.147615989733139,-2.5235998790448084,618.560546875,604.9398583984375,540.1431381225586,615.0349996831574,603.9829974509455,636.7023688320492,618.560546875,600.4187249179508,0.05865819295686602,-3.2126831303217847,0.000755986820957899,-0.001443201323026444,10.082877068971682
2025-11-17 05:00:00+00:00,605.5198574697043,611.6918983068232,599.098138309288,602.8832397460938,63850400,43.53256712178151,1.389272341955916,4.395947260177695,-3.006674918221779,618.1670562744141,605.4484094238281,540.5592822265625,613.8776892129608,603.9398696978141,637.2843406075012,618.1670562744141,599.049771941327,0.06185151453493395,-4.49626513378118,-0.008540533986380883,-0.031400898678654254,10.262225849583364
2025-11-18 05:00:00+00:00,598.8484631892511,601.5350044005672,590.5791487748494,595.542724609375,83327300,39.52523948403289,-0.17951982213912743,3.4808538437143306,-3.660373665853458,617.4145263671875,605.7774291992188,540.9595178222656,612.1315021078574,603.6105698904244,638.724269303155,617.4145263671875,596.10478343122,0.06902896522811716,-3.7044778720695106,-0.012175682873204807,-0.04063899639542967,10.408073358273436
2025-11-19 05:00:00+00:00,596.3017594726007,605.3800292662713,593.824969985886,599.09814453125,73111500,42.29597898978065,-1.1229614404442145,2.560090786882622,-3.6830522273268365,617.1338897705078,606.1737670898438,541.3458914184571,610.8902299577043,603.4336120332018,639.2384490500579,617.1338897705078,595.0293304909578,0.07163618672042137,-3.7559370428329943,0.00597005013235119,-0.03415014207373035,10.49000092413857
2025-11-20 05:00:00+00:00,610.8330032979317,613.239936406368,583.997582698434,584.9163818359375,117743200,35.34061799778591,-2.9806365251761235,1.4519453244708729,-4.432581849646996,615.889990234375,606.2190344238281,541.6495159912109,608.4165301365837,602.7074461431131,641.9522667589073,615.889990234375,589.8277137098427,0.08463289528253054,-4.2506593759473,-0.02367185214103551,-0.03736037447765994,11.829454694409668
2025-11-21 05:00:00+00:00,586.7140389774793,596.2118116612933,579.992718365408,589.3107299804688,103344200,38.70418694433545,-4.051566309089708,0.3512429977587568,-4.402809306848464,614.5402313232422,606.3007165527343,541.9614315795899,606.5969301217156,602.1820847249702,643.0570978892953,614.5402313232422,586.0233647571891,0.09280715927954755,-3.2259593820865224,0.007512780084459658,-0.030860931034337402,12.143000308800781
2025-11-24 05:00:00+00:00,594.5140557410294,605.8993502749281,594.3941540703303,604.3812866210938,60168100,48.5828142903782,-3.6422325182134045,-0.4474521054356755,-3.194780412777729,613.3952026367188,606.5836535644531,542.3819314575195,606.3859164549897,602.2683279365829,641.6111258965984,613.3952026367188,585.1792793768391,0.09199916510136275,-2.8994119453089233,0.02557319233119082,0.0024848043140672793,12.46054459349068
2025-11-25 05:00:00+00:00,602.7334243546638,609.4747385807095,596.5513870928105,608.1065063476562,57560900,50.69794914474268,-2.9828539572230284,-0.954532475793146,-2.0283214814298822,612.1952484130859,606.9510717773437,542.7895669555664,606.5497821590532,602.4972761095662,639.138839512707,612.1952484130859,585.2516573134648,0.0880228690747388,-2.0399974475697293,0.006163691379971414,0.02109635668292653,12.49360222880556
2025-11-26 05:00:00+00:00,611.7218691656304,615.3971266508202,609.6046019291258,613.4796142578125,42393600,53.6590490051752,-2.0036301920218875,-1.1643520190388945,-0.839278172982993,611.121630859375,607.4494934082031,543.2303363037109,607.2097661684588,602.9279560369484,635.9833035479905,611.121630859375,586.2599581707595,0.0813640736416231,-1.0964724761113727,0.008835800725809806,0.024005198243127523,12.121960662688299
2025-11-28 05:00:00+00:00,615.3172117702823,618.5231032781257,614.6280971828623,618.4531860351562,23034400,56.276795366170546,-0.8168465283066553,-1.0948509208924466,0.27800439258579135,610.7820678710938,607.9412463378907,543.6944314575195,608.2805680605253,603.5367885858977,635.0411098280439,610.7820678710938,586.5230259141437,0.07943599929679013,1.783359450337512,0.008107150851884182,0.057336065873131004,11.616355545375795
2025-12-01 05:00:00+00:00,612.8404314452031,618.642953131189,611.7318743402105,616.3758544921875,40957600,54.88230012661875,-0.04343453277454046,-0.8845676432688654,0.8411331104943249,610.1878326416015,608.3110510253906,544.1103314208984,609.0515477206836,604.0402813665365,633.2583162383423,610.1878326416015,587.1173490448607,0.07561764546128352,1.3648473319450922,-0.0033589147729778945,0.04592674651047979,11.280264348633125
2025-12-02 05:00:00+00:00,618.6629362671166,622.9473941962435,616.7953473526289,621.1996459960938,54541800,57.51493916817943,0.947813897458559,-0.5180913351233806,1.4659052325819397,609.6844818115235,608.7065417480469,544.5391571044922,610.2085094611989,604.7131976265192,631.2859252207613,609.6844818115235,588.0830384022856,0.0708610570013349,3.038134922727992,0.00782605526928104,0.0278273992714535,10.943926874020475
2025-12-03 05:00:00+00:00,618.8227062993094,623.4167629201941,617.2347863490129,622.7177124023438,47841600,58.33881713376282,1.8347310544365882,-0.04752685721138682,1.882257911647975,609.8977081298829,609.2122900390625,544.9695040893555,611.3998621222603,605.4192570294928,631.9212292081647,609.8977081298829,587.874187051601,0.07222037658023722,4.563062677122487,0.002443765729801317,0.02402737991152848,10.60378756667481
2025-12-04 05:00:00+00:00,624.125857327544,624.1358542129962,618.7427783380717,622.138427734375,47067800,57.877581379755874,2.4624898101291137,0.4544764762567133,2.0080133338724004,609.880728149414,609.7483996582031,545.3962084960938,612.4225826567474,606.0749107826255,631.8659159900758,609.880728149414,587.8955403087523,0.07209667997666463,3.845827835296055,-0.0009302524345002894,0.01411426439497565,10.231593874406926
2025-12-05 05:00:00+00:00,623.576610658964,628.1107470640665,622.9074898206164,624.6751708984375,53614200,59.3916643825352,3.1286223091851753,0.9893056428424057,2.1393166663427694,610.5703399658203,610.3865771484375,545.8469888305664,613.5894958226227,606.8043327479514,633.4836646977025,610.5703399658203,587.6570152339381,0.07505547922018252,6.797345791154793,0.004077457766594739,0.010060559155931958,9.927359978355822
2025-12-08 05:00:00+00:00,626.4029681537079,628.0308756502869,620.8900514312259,623.4767456054688,43462400,58.3250422353812,3.519266297220952,1.495297773718115,2.0239685235028366,611.2964080810547,610.9520495605469,546.3472457885742,614.5311386590841,607.458152860011,634.8698082375423,611.2964080810547,587.723007924567,0.07712592400301473,5.7976232039983975,-0.001918477552493636,0.011520391432483068,9.72832170983477
2025-12-09 05:00:00+00:00,622.2083743789747,625.0646797487918,620.2009509200387,624.2457275390625,37156000,58.83589254149635,3.846564091128471,1.9655510372001863,1.8810130539282846,611.3872924804688,611.4777722167969,546.8822409057617,615.4563376000344,608.1164891219346,635.1449541097455,611.3872924804688,587.629630851192,0.07771722416044724,3.286739903716181,0.0012333770890635698,0.004903546810758996,9.380850789757508
2025-12-10 05:00:00+00:00,623.0472575003708,628.4004070267185,620.1909521392804,626.8024291992188,55031400,60.566629199250215,4.263111907209463,2.425063211202042,1.8380486960074216,611.6889038085938,612.0218713378906,547.4626042175292,616.5369177523377,608.8492710857497,636.0606106821325,611.6889038085938,587.317196935055,0.07968660775695553,3.0744487448180644,0.00409566545250617,0.006559499939574165,9.297179653877553
2025-12-11 05:00:00+00:00,623.0173402820615,624.9748403012362,616.9251525569541,624.7750854492188,58272800,58.46740823802225,4.379159134541283,2.81588239586989,1.5632767386713926,611.9136169433593,612.4678979492187,548.0266619873047,617.3215051520407,609.4738128254936,636.6777750698064,611.9136169433593,587.1494588169122,0.08094004591742682,1.8412137793806742,-0.0032344222925078103,0.004238056350972519,9.338615153048059
2025-12-12 05:00:00+00:00,621.2795807165155,622.7376631081598,610.5733425467316,612.8304443359375,75158700,47.927438473473885,3.467325515755533,2.946171019847019,0.5211544959085144,612.1742797851563,612.6254956054687,548.6020861816406,616.8937850743166,609.6054454337464,636.8616854922068,612.1742797851563,587.4868740781058,0.08065482828097452,-0.9091620556222865,-0.01911830575749185,-0.018961417252208568,9.685981420865135
2025-12-15 05:00:00+00:00,617.5743367162205,617.6242601897563,608.5359935678383,609.75439453125,49538200,45.64537738870723,2.4680293853841704,2.8505426929544493,-0.3825133075702789,612.2581726074219,612.7725061035156,549.1228294372559,616.2138431178341,609.6112865748249,636.9006708582833,612.2581726074219,587.6156743565605,0.08049708228774308,-1.0742568698432728,-0.005019414151365642,-0.022009403190960675,9.643287506654628
2025-12-16 05:00:00+00:00,607.4773301066649,612.7205746597449,606.1290306476157,610.9628295898438,55152800,46.71870537243991,1.7533787536091268,2.631109905085385,-0.877731151476258,612.6621520996093,612.8532019042968,549.7049342346191,615.7137465913588,609.6642882616884,636.9388411613211,612.6621520996093,588.3854630378976,0.0792498409719448,-1.6479108563938833,0.001981839031308219,-0.021278316155375787,9.425305828474242
2025-12-17 05:00:00+00:00,612.2711370165166,612.8604046495489,599.5076134954934,599.6373901367188,70654300,38.95490221454063,0.2700319062015524,2.1588943053086185,-1.888862399107066,612.8668853759766,612.7713061523438,550.23787399292,614.1826650242502,609.2710765705132,636.6261760695252,612.8668853759766,589.107594682428,0.0775349142219453,-3.7063860246699694,-0.01853703515928795,-0.04333907750996613,9.705840494587187
2025-12-18 05:00:00+00:00,609.015347513387,612.1413249643276,606.1390483830863,608.3262329101562,78875800,46.32461322710823,-0.2020846550681199,1.6866985132332708,-1.8887831683013907,613.3282897949218,612.724765625,550.7821208190918,613.6249095848127,609.2340238779502,636.346981725231,613.3282897949218,590.3095978646127,0.07506156918998765,-2.2201160077055926,0.014490161748346608,-0.0263276384128468,9.905704375517306
2025-12-19 05:00:00+00:00,611.1625683957468,616.825255296648,611.0826542701337,616.2559814453125,60369800,52.01787675243536,0.06289894395035844,1.3619385993766884,-1.29903965542633,614.8952697753906,612.8516015625,551.4347180175781,613.8754878572413,609.5093947629448,633.8769832399787,614.8952697753906,595.9135563108025,0.06173966331379245,-1.3477707847770102,0.013035355219223943,0.005589698000540544,9.805227090586913
2025-12-22 05:00:00+00:00,621.3499755859375,621.6500244140625,617.77001953125,619.2100219726562,43703100,53.97631209188841,0.5054403363147912,1.190638946764309,-0.6851986104495178,616.390234375,613.4609729003906,552.0842259216308,614.3835387253761,609.8898115162668,631.362724195887,616.390234375,601.4177445541129,0.04858120387344777,-0.6843436684505391,0.004793528365299782,0.01550727231523319,9.490142510455703
2025-12-23 05:00:00+00:00,618.2000122070312,622.4099731445312,617.780029296875,622.1099853515625,41120400,55.88012722448284,1.0777369065834819,1.1680585387281437,-0.09032163214466182,617.2766693115234,613.8784655761718,552.8430528259278,615.1193907850129,610.3690340196118,631.3739218404875,617.2766693115234,603.1794167825593,0.04567563697065493,-0.34213164676667407,0.004683327588380415,0.018245227404754205,9.142985463112884
2025-12-24 05:00:00+00:00,621.989990234375,624.280029296875,621.719970703125,623.9299926757812,18468700,57.08008917407745,1.6590212777392708,1.266251086530369,0.39277019120890166,618.0678436279297,614.4124548339844,553.6166012573242,615.9584957269908,610.9008363198537,631.7887643794946,618.0678436279297,604.3469228763648,0.044399400140366314,-0.45826825003011334,0.002925539481881456,0.04051215440972378,8.672776401015536
2025-12-26 05:00:00+00:00,624.6599731445312,625.52001953125,623.1400146484375,623.8900146484375,28959800,57.04338871902412,2.092348150079033,1.431470499240102,0.6608776508389311,618.5883636474609,614.8613537597656,554.3634838867188,616.7138784814143,611.4102158621512,632.363307104174,618.5883636474609,604.8134201907478,0.04453670410316215,-0.14166230718769401,-6.407454011359004e-05,0.025584597369451068,8.22329272114389
2025-12-29 05:00:00+00:00,620.0999755859375,622.780029296875,618.72998046875,620.8699951171875,32458300,54.20793387635347,2.1670915985637293,1.5785947191048275,0.5884968794589018,618.7092041015625,615.29439453125,555.1379499816894,617.1096991133927,611.7811875976428,632.519641147855,618.7092041015625,604.8987670552699,0.04464273993255663,1.3118719632086244,-0.004840628092039223,0.007487170608962979,8.004488539611291
2025-12-30 05:00:00+00:00,619.8400268554688,622.1799926757812,619.219970703125,619.4299926757812,31226800,52.858745988466275,2.086083090243619,1.680092393332586,0.4059906969110332,618.8619110107422,615.6199365234374,555.8489018249512,617.3306794526678,612.081140737962,632.6332543353057,618.8619110107422,605.0905676861788,0.044505383445142654,1.5868025275929971,-0.0023193300573890463,0.0003552440937959478,7.644169499114502
2025-12-31 05:00:00+00:00,619.6500244140625,619.9600219726562,614.0499877929688,614.3099975585938,40746500,48.25953131944956,1.5904092001289882,1.6621557546918666,-0.07174655456287837,618.5174285888672,615.6910754394531,556.5187821960449,617.042995462756,612.1685468877906,632.381995176031,618.5174285888672,604.6528620017035,0.044831611677605916,0.5478513268961136,-0.008265655808932348,-0.012537956272411943,7.5203026905840025
2026-01-02 05:00:00+00:00,620.0599975585938,622.8499755859375,610.1500244140625,613.1199951171875,61859200,47.23090859567157,1.0890074196690875,1.547526087687311,-0.4585186680182234,618.0375427246094,615.7416088867187,557.2236549377442,616.6693763822257,612.2058585830611,631.9516731563872,618.0375427246094,604.1234122928315,0.04502681300050996,2.2484596861771218,-0.0019371366999325623,-0.017325657822978013,7.890277582104788
2026-01-05 05:00:00+00:00,619.3200073242188,620.8099975585938,616.719970703125,617.989990234375,46828400,51.76223692512425,1.0722505649001732,1.4524709831298834,-0.3802204182297102,617.8301208496093,616.0071911621094,557.921287689209,616.7951491300494,612.4326872752695,631.6166334982385,617.8301208496093,604.0436082009802,0.04462881359578455,1.5885813896251932,0.007942972266394177,-0.009456834178356188,7.875972214912035
2026-01-06 05:00:00+00:00,619.22998046875,624.02001953125,618.5399780273438,623.4199829101562,43137500,56.271126561604405,1.4800644042187514,1.4579896673476571,0.02207473687109429,617.7673614501953,616.2797033691406,558.6541793823242,617.4260856805357,612.8635616138926,631.4396160403844,617.7673614501953,604.0951068600061,0.04426344104063324,1.1625041671874619,0.008786538231342345,0.004107120352123683,7.744119149337961
2026-01-07 05:00:00+00:00,623.0399780273438,627.9400024414062,622.5599975585938,624.02001953125,44880300,56.75219811868926,1.8305760098779729,1.5325069358537204,0.2980690740242524,617.7945251464844,616.4339855957031,559.3822111511231,618.0540793806038,613.3010697675145,631.5141216144051,617.7945251464844,604.0749286785637,0.04441475574639542,0.7767958185286212,0.0009624917993369397,0.007410081703730587,7.575253844586142
2026-01-08 05:00:00+00:00,623.030029296875,623.4199829101562,617.7999877929688,620.469970703125,50435900,53.03476396431903,1.8011373213573734,1.586233012954451,0.2149043084029223,617.6057373046875,616.2977478027344,560.0400003051758,618.284164268463,613.5822031375385,631.0665234321411,617.6057373046875,604.1449511772339,0.04359022371196956,-0.26362133498157986,-0.005688998296547787,0.010027466863655743,7.478452265564364
2026-01-09 05:00:00+00:00,621.4099731445312,627.8900146484375,619.0599975585938,626.6500244140625,49688700,58.171376180718774,2.2505427779888123,1.7190949659613235,0.5314478120274888,617.5981170654297,616.1886364746093,560.7147396850586,619.0809128537582,614.09466671701,631.038226008427,617.5981170654297,604.1580081224324,0.04352380155191904,0.43595143208553633,0.009960278502977538,0.022067506205353693,7.574992610155748
2026-01-12 05:00:00+00:00,622.3099975585938,628.8499755859375,622.260009765625,627.1699829101562,37388700,58.58181875981969,2.61847202970489,1.8989703787100367,0.7195016509948531,617.7178619384765,616.0329968261718,561.4373170471191,619.851300478177,614.6074242147805,631.4510888416723,617.7178619384765,603.9846350352807,0.04446439952407797,0.5257286035531462,0.0008297430397132821,0.014854597680942438,7.5046335537383735
2026-01-13 05:00:00+00:00,627.27001953125,629.469970703125,623.7000122070312,626.239990234375,44481400,57.49512938704786,2.8027081014462283,2.079717923257275,0.7229901781889532,618.3883392333985,616.0529077148437,562.1689953613281,620.4597471216244,615.0636032743724,632.4080156182752,618.3883392333985,604.3686628485218,0.04534262855685972,0.8649145810587816,-0.001482839901657873,0.004523447116749235,7.380728192478044
2026-01-14 05:00:00+00:00,622.239990234375,623.4500122070312,614.5599975585938,619.5499877929688,72598700,50.27091260334821,2.3814375002032193,2.140061838646464,0.24137566155675527,618.8781188964844,615.8786962890625,562.930397644043,620.3731033760382,615.2395399221606,632.3299839981876,618.8781188964844,605.4262537947811,0.043471774783988525,0.01937186100226619,-0.01068280937936028,-0.0071632825844899495,7.687818512713987
2026-01-15 05:00:00+00:00,626.5999755859375,630.0,620.75,621.780029296875,53934900,52.417167779857095,2.2021383456925605,2.1524771400556832,0.04966120563687726,619.418978881836,615.6889636230469,563.7030497741699,620.5070963208798,615.4960297015612,632.416532976827,619.418978881836,606.4214247868449,0.04196692235182727,1.2160036085964478,0.0035994537129284687,0.0021113972562853967,7.885118062308076
2026-01-16 05:00:00+00:00,625.5,626.0800170898438,618.8800048828125,621.260009765625,61058100,51.8551447522524,1.9950831669226545,2.1209983454290775,-0.12591517850642298,620.5001098632813,615.7451000976563,564.4542692565918,620.5788023632365,615.7220681354461,629.8101401501754,620.5001098632813,611.1900795763872,0.03000815032553467,1.3276380991100565,-0.0008363400346551586,-0.008601315628252504,7.836181929788303
2026-01-20 05:00:00+00:00,610.530029296875,615.0599975585938,607.0499877929688,608.0599975585938,81988900,40.10133304394507,0.7571320312353009,1.8482250825903224,-1.0910930513550214,620.4867980957031,615.4567395019532,565.1223002624512,619.3865352389848,615.4215947794911,629.8669141902375,620.4867980957031,611.1066820011687,0.030234699991433578,-1.6068209570862568,-0.0212471622179754,-0.030470184913648946,8.291456218564585
2026-01-21 05:00:00+00:00,609.469970703125,620.4199829101562,607.8599853515625,616.280029296875,79837900,48.00505804098277,0.43432803759674243,1.5654456735916065,-1.131117635994864,620.4880004882813,615.5646813964844,565.9584272766114,619.0906775302125,615.455258878212,629.8659528769142,620.4880004882813,611.1100480996483,0.030227667195024344,-1.1452878972457032,0.013518455039445598,-0.015904383451737725,8.596352028566669
2026-01-22 05:00:00+00:00,622.3499755859375,622.4600219726562,617.780029296875,620.760009765625,42254800,51.742438783949964,0.5338466778360953,1.3591258744405044,-0.8252791966044091,620.5654998779297,615.8007739257813,566.9564056396484,619.2496615526327,615.6632883247772,629.9255275688073,620.5654998779297,611.2054721870521,0.03016612329470066,-0.5224207018348301,0.007269390951806898,0.0019530659292992247,8.423754931939138
2026-01-23 05:00:00+00:00,619.72998046875,625.4000244140625,618.6500244140625,622.719970703125,43645800,53.32318953358681,0.7620835599002476,1.2397174115324532,-0.4776338516322056,620.5959991455078,615.8066125488281,567.9591020202637,619.5801671860129,615.9400209670654,629.979903417418,620.5959991455078,611.2120948735976,0.03024158803740528,0.362628347259138,0.0031573569602849627,0.0015116944288366962,8.3042010082292
2026-01-26 05:00:00+00:00,623.2100219726562,627.6099853515625,622.1199951171875,625.4600219726562,35983000,55.51694679445454,1.1507965054128135,1.2219332303085253,-0.07113672489571177,620.6725006103516,615.9004089355469,569.0135128784179,620.1401533561694,616.3133543398337,630.1879034146739,620.6725006103516,611.1570978060292,0.030661589791605545,-0.1898990497158186,0.004400133926068639,0.0067604741026479065,8.103185952953899
2026-01-27 05:00:00+00:00,628.9099731445312,632.0399780273438,627.3400268554688,631.1300048828125,38997200,59.73421580840317,1.8945355238705588,1.356453689020932,0.5380818348496268,621.0345001220703,616.117392578125,569.8474630737305,621.1868058825164,616.8943994591663,631.5140094496686,621.0345001220703,610.554990794472,0.033748557690558074,0.631411272950468,0.009065300276544397,0.03794034703293514,7.994383817363442
2026-01-28 05:00:00+00:00,635.4600219726562,636.5999755859375,631.8099975585938,633.219970703125,50691700,61.19461255740136,2.622367805777003,1.6096365123721463,1.0127312934048567,621.6519989013672,616.6294482421876,570.7906100463867,622.3328215797172,617.5346179393215,633.3987696514292,621.6519989013672,609.9052281513051,0.037792111248164235,1.1145855546749244,0.003311466423943088,0.027487409296025778,7.814068594917839
2026-01-29 05:00:00+00:00,632.6500244140625,633.6699829101562,618.27001953125,629.4299926757812,79944000,57.14690086834909,2.860387810151792,1.8597867719280756,1.0006010382237165,622.1519989013672,617.0565173339844,571.6738534545898,623.0087426364852,618.0011032231042,634.321575646356,622.1519989013672,609.9824221563783,0.03912091182372986,1.5947066544231847,-0.00598524715374249,0.013966722684713107,8.355918222345583
2026-01-30 05:00:00+00:00,625.7100219726562,628.260009765625,619.2999877929688,621.8699951171875,65650700,50.03708964838665,2.4111969791597403,1.9700688133744086,0.44112816578533165,622.5299987792969,617.4362524414063,572.5039515686035,622.9002904917902,618.1528244738525,634.1594257099828,622.5299987792969,610.900571848611,0.037361820164457105,0.014469075247436892,-0.012010863235886293,-0.0013649403037094832,8.48263869809322
2026-02-02 05:00:00+00:00,618.7000122070312,628.489990234375,618.6599731445312,626.1400146484375,49020300,53.55208307867775,2.372417151340869,2.0505384809677007,0.3218786703731684,623.1809997558594,618.0481982421875,573.3528591918945,623.2088356495661,618.4660476179539,634.0642516035899,623.1809997558594,612.2977479081288,0.03492806055381736,0.785501208206451,0.006866418326623602,0.0010871880726071037,8.578880011789687
2026-02-03 05:00:00+00:00,628.2999877929688,629.97998046875,610.9600219726562,616.52001953125,81234000,45.74405873723631,1.5475909845692968,1.94994898168802,-0.4023579971187232,623.1075012207032,618.3966357421875,574.2224708557129,622.5718055430599,618.3897327910244,634.1486958201361,623.1075012207032,612.0663066212702,0.03543913234169911,1.391313687238738,-0.015363967949866497,-0.023148931659928373,9.324671332097122
2026-02-04 05:00:00+00:00,615.02001953125,615.0999755859375,600.469970703125,605.75,81850700,38.904997342460746,0.02457643563639067,1.5648744724776942,-1.5402980368413035,622.2240020751954,618.8133081054688,575.0386308288574,620.9697288246732,617.8940569952979,635.6039398921729,622.2240020751954,608.8440642582178,0.04300681996308003,-1.7086436029557701,-0.017469050785145046,-0.043381402946945036,9.805055438956256
2026-02-05 05:00:00+00:00,600.2100219726562,604.8099975585938,594.760009765625,597.030029296875,89354500,34.41822993259062,-1.8645588532142483,0.8789878073393057,-2.743546660553554,620.8745025634765,618.9676940917968,575.8659454345703,618.6897574410734,617.0758598306538,638.1383450496706,620.8745025634765,603.6106600772824,0.05561137529376671,-3.8227302170623916,-0.014395329266405299,-0.05147508659568345,9.889693638629025
2026-02-06 05:00:00+00:00,600.1900024414062,611.4099731445312,598.77001953125,609.6500244140625,78019300,44.41021946862889,-2.3166788125870426,0.23985448335403606,-2.5565332959410787,620.3335052490235,619.0730688476563,576.6997122192383,617.82883048612,616.7846505986306,638.2788276967051,620.3335052490235,602.3881828013418,0.05785701496319389,-2.0988481025114667,0.021137957050586076,-0.019650362292881196,10.210425796416684
2026-02-09 05:00:00+00:00,607.5399780273438,616.4600219726562,605.0700073242188,614.3200073242188,56797600,47.592255501682565,-2.2719687045893124,-0.26251015423463364,-2.0094585503546787,619.7170043945313,619.1973388671875,577.506608581543,617.4946568516532,616.6879979212027,637.5990359659935,619.7170043945313,601.834972823069,0.05771031436819494,-1.7810913978646772,0.00766010452414001,-0.01887757857298966,10.2946821429896
2026-02-10 05:00:00+00:00,615.3099975585938,617.02001953125,611.010009765625,611.469970703125,53938900,45.86670563494054,-2.4384013851388318,-0.6976884004154733,-1.7407129847233584,618.9320037841796,619.1571459960937,578.2355325317383,616.9208772184601,616.4833694028467,636.8148303079796,618.9320037841796,601.0491772603797,0.05778607800037327,-3.1150530045450706,-0.004639335504483366,-0.008191216291669856,9.988634116034985
2026-02-11 05:00:00+00:00,616.3800048828125,617.52001953125,607.6900024414062,613.1099853515625,58575100,47.05626942748114,-2.410181930592671,-1.040187106450913,-1.369994824141758,618.275503540039,619.0502819824219,578.9466995239258,616.5579351358984,616.3510798322081,636.0003268320438,618.275503540039,600.5506802480343,0.0573363272215003,-3.1758292981872396,0.002682085346810581,0.012150202809017685,9.977304328449899
2026-02-12 05:00:00+00:00,614.7100219726562,615.8099975585938,599.5700073242188,600.6400146484375,81378900,39.88025091007874,-3.355361708270607,-1.503222026814852,-1.852139681455755,617.3300048828125,618.7355651855469,579.596263885498,615.0419427085212,615.734959628923,636.6295054348084,617.3300048828125,598.0305043308167,0.0625257168753994,-4.573976194708192,-0.020338880463632636,0.00604657249119267,10.424639036015977
2026-02-13 05:00:00+00:00,600.4299926757812,606.47998046875,596.4199829101562,601.9199829101562,69237500,40.876898715671004,-3.9555437045675035,-1.9936863623653824,-1.961857342202121,616.3370025634765,618.3499719238281,580.2366836547851,613.7922322515341,615.1931958360302,636.6362567151457,616.3370025634765,596.0377484118073,0.0658706326806285,-3.208067982645118,0.002131007309707611,-0.012679473787170936,10.398593216200103
2026-02-17 05:00:00+00:00,598.3800048828125,603.9500122070312,593.3400268554688,601.2999877929688,69013800,40.526440082134265,-4.430152643156134,-2.480979618523533,-1.9491730246326013,615.3390014648437,617.9216174316406,580.8743023681641,612.6024946840516,614.648364148067,636.5156597706713,615.3390014648437,594.1623431590161,0.06882924129761167,-3.9671680892996157,-0.0010300291314303545,-0.021194197447615304,10.413692654440274
2026-02-18 05:00:00+00:00,602.1099853515625,609.77001953125,600.719970703125,605.7899780273438,64250700,44.25391723507485,-4.393335324001555,-2.863450759619137,-1.5298845643824177,615.2255004882812,617.5946484375,581.5034317016601,611.953683573889,614.3009764570583,636.5805775722816,615.2255004882812,593.8704234042808,0.0694219503809634,-1.7404206131156084,0.0074671384093241144,-0.009289078692204411,10.316289523989182
2026-02-19 05:00:00+00:00,602.8099975585938,605.8200073242188,600.75,603.469970703125,60960800,42.76255432822319,-4.499495155952104,-3.1906596388857307,-1.3088355170663735,614.5849975585937,617.1705444335937,582.0853382873535,611.1457109195305,613.8762311333746,636.5352693372336,614.5849975585937,592.6347257799539,0.07143119947879015,-0.3763977378250103,-0.003829722194767071,-0.015723140837299865,9.941555081148437
2026-02-20 05:00:00+00:00,600.1199951171875,610.3499755859375,599.22998046875,608.8099975585938,74127300,47.17528619703743,-4.105407467090117,-3.373609204526608,-0.7317982625635091,613.9874969482422,616.8772094726562,582.7083934020997,610.9232620280127,613.6775553069126,635.8833954931129,613.9874969482422,592.0915984033716,0.07132359747943344,1.9730947663708094,0.008848869230803524,0.013602128914002254,10.025729369436942
2026-02-23 05:00:00+00:00,606.6099853515625,608.010009765625,599.0499877929688,601.4099731445312,63859100,42.30762506611742,-4.340179373894557,-3.5669232384001983,-0.7732561354943588,612.9219970703125,616.4204943847657,583.3169677734375,610.0172345153002,613.1964736534859,635.086762229421,612.9219970703125,590.757231911204,0.07232491333335454,-1.3516035331009462,-0.012154899629995497,-0.0008473049244174247,10.006749397736089
2026-02-24 05:00:00+00:00,602.4000244140625,608.989990234375,599.72998046875,607.8699951171875,55023700,47.40916601435265,-3.959327355778555,-3.64540406187587,-0.31392329390268525,612.0424957275391,616.041845703125,583.9484259033203,609.8127355250037,612.9875921422586,633.5331182212497,612.0424957275391,590.5518732338285,0.07022591615363094,-1.0499433731819086,0.010741461334402791,0.01092633869548787,9.953410852585296
2026-02-25 05:00:00+00:00,611.0700073242188,616.8300170898438,611.0,616.6799926757812,55710700,53.45409144550546,-2.913026654793839,-3.498928580459464,0.5859019256656248,611.3199951171875,615.8799438476562,584.5990728759766,610.466760015554,613.1323921631811,631.0986073303284,611.3199951171875,591.5413829040467,0.06470788579179175,0.8520487059512151,0.014493226560549965,0.017976551351838177,9.882454504018936
2026-02-26 05:00:00+00:00,615.5900268554688,615.5900268554688,603.97998046875,609.239990234375,96178900,48.39509673195568,-2.6535829766439747,-3.329859459696366,0.6762764830523915,610.12099609375,615.808134765625,585.2141142272949,610.3499247982988,612.9797489502868,627.1617297743917,610.12099609375,593.0802624131084,0.055860177865517086,-0.6312073216306227,-0.012064608110803121,0.009561402905478689,10.083708625662672
2026-02-27 05:00:00+00:00,602.97998046875,608.3200073242188,602.1900024414062,607.2899780273438,68125200,47.13592704036977,-2.5756314051313893,-3.179013848783371,0.6033824436519817,609.0139953613282,615.7588464355468,585.7203596496582,610.0585012963031,612.7566206787989,623.5920701569144,609.0139953613282,594.435920565742,0.04787435069349109,1.1071462467911934,-0.0032007291679606586,-0.0024967059301678196,9.867014280470247
2026-03-02 05:00:00+00:00,598.8599853515625,609.9199829101562,597.989990234375,608.0900268554688,75264600,47.736745402710575,-2.4213847527838652,-3.02748802958347,0.6061032767996046,608.3249969482422,615.7013903808594,586.1920433044434,609.8710275400332,612.5736169994526,621.6567930428498,608.3249969482422,594.9932008536346,0.04383116314959495,1.0250604931708094,0.001317408251530594,0.011107321144027793,10.01436988013532
2026-03-03 05:00:00+00:00,596.3300170898438,603.9600219726562,591.8699951171875,601.5800170898438,97015500,43.41307160333074,-2.7922591260909257,-2.980442248884961,0.18818312279403537,607.0969970703125,615.7402429199219,586.6157817077636,609.081407497158,612.14249543437,617.9288404883921,607.0969970703125,596.2651536522328,0.03568406192206919,0.0465706473573746,-0.010705667710567912,-0.010347571154801227,10.457631441431458
2026-03-04 05:00:00+00:00,604.1599731445312,612.8800048828125,603.4299926757812,610.75,70943900,50.248667790128096,-2.3195009912495834,-2.8482539973578858,0.5287530061083023,606.80849609375,615.7887182617187,587.0825303649902,609.2403210688573,612.087887770277,616.9033520214431,606.80849609375,596.713640166057,0.03327196633757559,0.8187692356363756,0.015243164084000504,-0.009615996539876326,10.51779975225555
2026-03-05 05:00:00+00:00,607.4000244140625,612.760009765625,602.260009765625,608.9099731445312,89602400,48.97036442288857,-2.06945615052814,-2.692494427991937,0.623038277463797,606.9664947509766,615.6417980957032,587.5288188171387,609.2088593617787,611.9632636673066,617.0890152009947,606.9664947509766,596.8439743009585,0.03335446202568767,0.9014537102928094,-0.00301273328770979,-0.0005416865194892706,10.516528341380154
2026-03-06 05:00:00+00:00,600.3099975585938,606.0,598.3300170898438,599.75,86302300,43.09314037393464,-2.5806786355605027,-2.6701312695056503,0.08945263394514757,607.1024932861328,615.25259765625,587.9268162536621,608.3080156130378,611.4843121509416,616.7492714015888,607.1024932861328,597.4557151706769,0.03177973479647479,-1.4881486169618605,-0.01504323060636914,-0.012415778787978393,10.521058892330677
2026-03-09 04:00:00+00:00,594.22998046875,609.27001953125,591.3300170898438,607.760009765625,93068200,48.871750131998986,-2.3128244914129255,-2.5986699138871057,0.2858454224741802,607.0079925537109,614.9655981445312,588.3735325622558,608.2558245799509,611.3382610770076,616.5899072407519,607.0079925537109,597.4260778666699,0.03157096711932729,1.0558582172975879,0.013355581101500702,-0.0005427109067226432,11.05098343155036
2026-03-10 04:00:00+00:00,607.780029296875,613.2899780273438,605.4199829101562,607.77001953125,63906800,48.87873624931784,-2.0758117818865003,-2.4940982874869846,0.4182865056004843,606.6804931640625,614.6423986816407,588.8563206481933,608.2095574324555,611.1983300359975,615.6697695916135,606.6804931640625,597.6912167365114,0.02963430184039279,-0.01644686968275615,1.6469931328311205e-05,0.010289574562916126,10.823769980524443
