Date,Open,High,Low,Close,Volume,RSI_14,MACD,MACD_Signal,MACD_Hist,SMA_20,SMA_50,SMA_200,EMA_20,EMA_50,BB_Upper,BB_Middle,BB_Lower,BB_Width,Momentum_10,Returns_1d,Returns_5d,ATR_14
2020-01-02 05:00:00+00:00,296.48010201606326,297.7171976973445,295.55456640859245,297.6988525390625,59151200,,,,,,,,,,,,,,,,,0.0
2020-01-03 05:00:00+00:00,294.2992783946291,296.57186973652915,294.2442988268179,295.4447326660156,77709700,,,,,,,,,,,,,,,-0.007571812433341818,,0.0
2020-01-06 05:00:00+00:00,293.68533198915986,296.65436877403187,293.5662002585836,296.5718994140625,55653900,,,,,,,,,,,,,,,0.0038151526272802716,,0.0
2020-01-07 05:00:00+00:00,296.0036707856056,296.48019761170144,295.2889085116511,295.7379455566406,40496400,,,,,,,,,,,,,,,-0.0028119786772432542,,0.0
2020-01-08 05:00:00+00:00,295.9303693680399,298.5328378108533,295.6829613419756,297.3140869140625,68296000,,,,,,,,,,,,,,,0.0053295202090324345,,0.0
2020-01-09 05:00:00+00:00,298.88109951100057,299.4034333774434,298.29461349284884,299.3301086425781,48473300,,,,,,,,,,,,,,,0.006780781056964669,0.005479551196125643,0.0
2020-01-10 05:00:00+00:00,299.91655867016334,300.0723247739728,298.0013626882262,298.46868896484375,53029300,,,,,,,,,,,,,,,-0.0028778250261585203,0.010235268950442133,0.0
2020-01-13 05:00:00+00:00,299.0918377611585,300.5305069215687,298.66114588168574,300.5213623046875,47086800,,,,,,,,,,,,,,,0.006877349000871336,0.013317050261430596,0.0
2020-01-14 05:00:00+00:00,300.08145806566426,301.135270152076,299.5041447755365,300.0631408691406,62832800,,,,,,,,,,,,,,,-0.0015247549526355986,0.01462509420074265,0.0
2020-01-15 05:00:00+00:00,299.9715301608084,301.50184120269535,299.88906082009487,300.74127197265625,72056600,,,,,,,,,,,,,,,0.0022599613586373746,0.011527153301634119,0.0
2020-01-16 05:00:00+00:00,302.1250773288596,303.2430419921875,301.89598643854816,303.2430419921875,54050300,,,,,,,,,,,,,,1.86234827774404,0.008318678720487416,0.013072301237433193,0.0
2020-01-17 05:00:00+00:00,303.9578292570083,304.39766590457515,303.1789145733436,304.1869201660156,95846000,,,,,,,,,,,,,,2.958992506352304,0.0031126127993810204,0.019158563067382284,0.0
2020-01-21 05:00:00+00:00,303.22464675250427,304.39759079860585,303.1513499843944,303.5911865234375,77742400,,,,,,,,,,,,,,2.366807888152254,-0.001958445952419674,0.010214995018016815,0.0
2020-01-22 05:00:00+00:00,304.452620782391,305.10325904612256,303.472133024947,303.6278991699219,48914900,72.39231827197739,,,,,,,,,,,,,2.667886800400506,0.00012092790605944259,0.011880027285110284,2.064438667062587
2020-01-23 05:00:00+00:00,302.9772414486863,304.388448943037,301.85927695982,303.97607421875,51963000,73.40950266294462,,,,,,,,,,,,,2.240723732210214,0.0011467162595399927,0.01075609684322898,2.097633903930759
2020-01-24 05:00:00+00:00,304.63589360217117,304.71836296389927,299.98075121763935,301.2728271484375,87578400,56.12067903369647,,,,,,,,,,,,,0.6490220829001608,-0.008892960004369121,-0.0064971477360419305,2.2862037498114134
2020-01-27 05:00:00+00:00,296.0128810624095,297.92807729720744,295.6738310638596,296.4435729980469,84062500,38.62139937352397,,,,,,,,,,,,,-0.6785019808343818,-0.016029504539456063,-0.025455884703203813,2.5228317737233046
2020-01-28 05:00:00+00:00,297.8730881255824,300.4297498723814,296.5352053758519,299.550048828125,63834000,49.524509591850446,,,,,,,,,,,,,-0.32320946142182105,0.010479147173477754,-0.013311116642052201,2.627356423766965
2020-01-29 05:00:00+00:00,300.91548221814526,301.14457311721316,299.10107223005605,299.30267333984375,53888900,48.78138621062177,,,,,,,,,,,,,-0.25343583590245744,-0.0008258235618688881,-0.014245152839718389,2.585652456866261
2020-01-30 05:00:00+00:00,297.231623057657,300.484729951174,296.48022631294674,300.2739562988281,75491800,51.8371958395088,,,,299.8680145263672,,,300.02850659591894,,305.37064118499234,299.8680145263672,294.365387867742,0.03670032408969259,-0.15538794218793286,0.003245152968886167,-0.012178977998306917,2.686998969820619
2020-01-31 05:00:00+00:00,299.65078806641606,299.8065821263625,293.905200454445,294.8215637207031,113845600,38.096480034757164,,,,299.7241500854492,,,299.5326072744698,,305.58490026235773,299.7241500854492,293.86339990854066,0.03910762729821859,-2.7771381714675383,-0.018158060210519467,-0.021413359740391824,2.949981603717942
2020-02-03 05:00:00+00:00,296.3061289566686,298.88110802964894,296.18699723301154,297.01171875,69083000,44.46458616086817,,,,299.80249938964846,,,299.29252265309174,,305.47106289747074,299.80249938964846,294.1339358818262,0.037815318547127545,-2.358813262614851,0.00742874775391833,0.0019165392799960212,3.0292360826627904
2020-02-04 05:00:00+00:00,300.6314137189123,302.4091613445943,300.31068086506696,301.5386047363281,62573200,54.81191531363729,,,,300.0508346557617,,,299.5064352324476,,305.5645800016346,300.0508346557617,294.5370893098888,0.03675207470893151,-0.676100584675871,0.01524143897547181,0.00663847632802117,3.198393690657897
2020-02-05 05:00:00+00:00,304.48003989789373,305.2314645557024,303.0138809116789,305.02069091796875,65951100,60.85380087786582,,,,300.5149719238281,,,300.03160244059245,,306.0610864107315,300.5149719238281,294.96885743692474,0.03691073660256207,0.45871665675472567,0.011547729302141763,0.019104465437341567,3.233712699851925
2020-02-06 05:00:00+00:00,305.98293646706554,306.23951712579645,304.9657584507148,306.0470886230469,50359700,62.44764758411429,,,,300.95162200927734,,,300.6045058865405,,306.7884415866632,300.95162200927734,295.11480243189146,0.03878908868087743,0.681308359422562,0.0033650100981319486,0.019226217269650236,3.0937159837969044
2020-02-07 05:00:00+00:00,304.9842177624662,306.0563477870949,303.86625276704166,304.41607666015625,64139400,58.379966049168864,1.133787257188942,,,301.20592041015624,,,300.96751262688485,,307.1795642025261,301.20592041015624,295.2322766177864,0.03966484977609636,1.0433232699642265,-0.005329284360223174,0.0325434571961718,3.029171629243787
2020-02-10 05:00:00+00:00,303.52707001498,306.7526592320417,303.4904076474018,306.6885070800781,42070000,62.08552742637814,1.446959386442586,,,301.61691131591795,,,301.5123692414747,,307.90356624371884,301.61691131591795,295.33025638811705,0.04168635571774132,3.455947443360072,0.007464883079939311,0.032580493358321805,3.045820197486367
2020-02-11 05:00:00+00:00,308.0447532839123,308.8328124597925,306.688525255074,307.22003173828125,54864500,62.91717982048612,1.718233427549876,,,301.9518447875977,,,302.05595614593244,,308.6684104744452,301.9518447875977,295.2352791007502,0.044487661213476894,2.5605013052617167,0.0017331091512482466,0.01884145815067728,2.981426281931223
2020-02-12 05:00:00+00:00,308.65866182227705,309.41008649783373,308.292122067066,309.1993408203125,43992700,65.91544052198333,2.0690826637070927,,,302.4086547851563,,,302.7362784958734,,309.76184133119085,302.4086547851563,295.0554682391217,0.048630794322064554,3.3065750365789617,0.006442643309526819,0.013699562117468034,2.924899744618456
2020-02-13 05:00:00+00:00,307.76988975994476,309.8408806095833,307.494991844152,308.8695373535156,54501900,64.9727820333415,2.2940761458099246,,,302.81506805419923,,,303.32039838707743,,310.63818974720067,302.81506805419923,294.9919463611978,0.05166930260948059,2.86257961251002,-0.001066637030732065,0.009222269498355251,2.8835418175336565
2020-02-14 05:00:00+00:00,309.28181898019517,309.48342004608406,308.0813851676903,309.3642883300781,64582200,65.76376894883136,2.483677086946045,,,303.1211303710937,,,303.8960069530775,,311.4498974684675,303.1211303710937,294.79236327371996,0.054953391650244515,4.93272080435471,0.0016018121463245993,0.01625476461102271,2.7777198933093774
2020-02-18 05:00:00+00:00,308.365537552397,309.42852273099015,307.17424804086374,308.567138671875,57226200,63.2840865581162,2.540330534339148,,,303.3401412963867,,,304.34087664058205,,311.9935289524292,303.3401412963867,294.68675364034425,0.05705402271562497,3.8905602682974947,-0.0025767345756230187,0.006125536328970949,2.74033095022488
2020-02-19 05:00:00+00:00,309.53846116882,310.7205500507428,309.25439069655664,310.0424499511719,48814700,65.85047566824494,2.673456151763787,,,303.66270446777344,,,304.883883622543,,312.7970634188551,303.66270446777344,294.5283455166918,0.06016121714447186,2.8201514105564347,0.004781167838049383,0.009186960228215302,2.6984081236993753
2020-02-20 05:00:00+00:00,309.4926143400653,310.3173639016579,305.7721805893819,308.7687072753906,74163400,61.83197534210492,2.6456810100625034,2.200902876976178,0.4447781330863254,303.91974487304685,,,305.25386682757613,,313.3211407811001,303.91974487304685,294.5183489649936,0.06186762174323613,1.228774463182189,-0.004108284771913828,-0.0013927375905116168,2.830320637169137
2020-02-21 05:00:00+00:00,307.4124520475645,307.7240122691576,304.7641482162331,305.5888977050781,113788200,53.11740401279178,2.340109625513037,2.22874422668355,0.11136539882948693,304.0003860473633,,,305.2857745301954,,313.42995722850816,304.0003860473633,294.5708148662184,0.062036573727743474,-0.14971255568227154,-0.010298354384327024,-0.010621441261404296,2.9141948101683086
2020-02-24 05:00:00+00:00,296.11364009399773,305.662129694088,294.37252751118245,295.453857421875,161088400,35.79886597636097,1.2655406876702386,2.036103518880888,-0.7705628312106492,303.70943756103514,,,304.3494014722601,,313.794025969757,303.70943756103514,293.6248491523133,0.06640945035957403,-2.9440689652821734,-0.0331656037222412,-0.044964565830433845,3.5124381939352527
2020-02-25 05:00:00+00:00,296.8466626809567,297.4606102929659,285.62121478802635,286.50091552734375,218913200,27.32383923086138,-0.30497496390904644,1.5678878223229011,-1.8728627862319476,303.2123046875,,,302.64954566798235,,315.43435228783284,303.2123046875,290.9902570871672,0.08061709509400837,-6.582441495749718,-0.030302335439633343,-0.0715119025295694,4.107220859006988
2020-02-26 05:00:00+00:00,287.90299027715696,291.50429102673195,284.71406416341443,285.4471435546875,194773800,26.527792646752772,-1.616022028191253,0.9311058522200704,-2.547127880411323,302.5071594238281,,,301.0112216571924,,316.9233757995745,302.5071594238281,288.0909430480817,0.09531157148944383,-7.08706657583511,-0.0036780754110912195,-0.07932883513324662,4.298864145029168
2020-02-27 05:00:00+00:00,279.91239252884566,285.50221558469656,272.6273193359375,272.6273193359375,284353500,19.199451310676167,-3.647443488846079,0.015395984006840455,-3.6628394728529194,301.1733917236328,,,298.3079928646919,,320.59551241121716,301.1733917236328,281.7512710360484,0.12897633868935396,-11.827975243203507,-0.044911376793279834,-0.11705003482499488,4.911437866724161
2020-02-28 05:00:00+00:00,264.55416640152885,272.9755496100988,261.65845424597956,271.48187255859375,384975800,18.702312786095803,-5.288821373433848,-1.0454474874812973,-4.2433738859525505,299.7337875366211,,,295.75312426411114,,323.08083009860195,299.7337875366211,276.38674497464024,0.1557851902774114,-12.104678601609695,-0.004201511353058129,-0.1116108124431956,5.368984830823812
2020-03-02 05:00:00+00:00,273.2687603709201,283.30295220755625,269.8323971344277,283.2388000488281,238703600,36.79307523603884,-5.576655171272421,-1.9516890242395222,-3.6249661470328984,299.15464935302737,,,294.5612838626556,,323.5130919577818,299.15464935302737,274.79620674827294,0.16284849764116113,-8.444894665209466,0.04330649180893986,-0.04134336738614697,5.9476684195598635
2020-03-03 05:00:00+00:00,283.61447075418994,287.5914845326907,272.6822621634208,275.1289367675781,300139100,31.573802986116746,-6.3855550162739405,-2.838462222646406,-3.5470927936275345,298.0605102539063,,,292.7105841393149,,324.57604734803385,298.0605102539063,271.5449731597787,0.1779204972274926,-10.83660497622026,-0.028632600052859725,-0.03969264370005221,6.587779415967724
2020-03-04 05:00:00+00:00,280.51717032303884,286.91339716852445,277.9605085084488,286.6934509277344,176613400,43.813586040541416,-6.024013252245254,-3.475572428566176,-2.548440823679078,297.31825256347656,,,292.1375238334501,,324.2309354615687,297.31825256347656,270.4055696653844,0.18103619717962913,-7.530903922064446,0.042033071097591135,0.004366158152877331,6.958970914894768
2020-03-05 05:00:00+00:00,279.4726150484587,282.67071545556405,274.91828627965884,277.1633605957031,186366800,37.81117421024778,-6.432339437943256,-4.066925830441592,-2.3654136075016634,295.9253860473633,,,290.7114130489027,,323.95948341061,295.9253860473633,267.8912886841166,0.18946733659923182,-10.235929333181652,-0.03324139529937664,0.016638249133705596,7.302984752979108
2020-03-06 05:00:00+00:00,268.6319574415611,273.79108847879223,265.95619165209234,272.58148193359375,228667200,35.30676029597181,-7.044456092798669,-4.662431882913007,-2.382024209885661,294.2521057128906,,,288.9847529426828,,323.6325234415329,294.2521057128906,264.87168798424835,0.19969554785316984,-10.801248350108459,-0.016531328860573846,0.004050397047274945,7.581855052309941
2020-03-09 04:00:00+00:00,252.2749215229016,260.4214084361469,250.57967100907797,251.29443359375,309417300,26.518674289185654,-9.14186808490598,-5.558319123311602,-3.583548961594378,291.5960235595703,,,285.39519871897494,,325.99661823443773,291.5960235595703,257.1954288847029,0.235946939570249,-14.94630133228225,-0.07809425713310081,-0.11278245229668804,8.611851900324643
2020-03-10 04:00:00+00:00,260.83372394140366,264.38919088350326,250.6254209763318,264.2975769042969,276444100,36.857593574442504,-9.643670970360631,-6.375389492721408,-3.2682814776392233,289.4764770507812,,,283.3859014032913,,325.0983162869526,289.4764770507812,253.85463781460987,0.24611215114326832,-7.749831647894954,0.05174465317273258,-0.03936830487747389,8.979846043670843
2020-03-11 04:00:00+00:00,257.22326762073214,258.35954950898685,248.2245705699744,251.4134979248047,255316300,32.04626232645843,-10.95471177105685,-7.291253948388497,-3.663457822668353,286.68615036010743,,,280.3409105958164,,324.9557605985739,286.68615036010743,248.41654012164102,0.2669791351301473,-11.92292387517357,-0.04874838101204981,-0.12305810575290244,9.486500350145961
2020-03-12 04:00:00+00:00,234.5890394404426,244.35747701671545,226.96488894698197,227.3589324951172,392220700,25.383933999241293,-13.77592318170781,-8.58818779505236,-5.187735386655451,282.59412994384763,,,275.29500791955934,,327.3172732863755,282.59412994384763,237.87098660131977,0.3165185586226755,-16.6044939850799,-0.09567730304154942,-0.17969340533879374,10.555222394980015
2020-03-13 04:00:00+00:00,241.08604410630707,248.77434647333425,227.7346366084583,246.7949981689453,329566100,36.81436325862049,-14.278828043061026,-9.726315844654094,-4.552512198406932,279.49040298461915,292.56003021240235,,272.5807212766437,286.41691512003894,325.09592048574046,279.49040298461915,233.8848854834978,0.32634764567305075,-9.093378558570347,0.0854862637703735,-0.09460101097744611,11.330950365211233
2020-03-16 04:00:00+00:00,221.00856143695935,235.41379802822703,217.50805983351108,219.7898101806641,297240000,29.949353298013747,-16.664380146684266,-11.113928705060129,-5.550451441624137,275.0116790771484,291.00184936523436,,267.553015457979,283.80408747535756,325.35022997295476,275.0116790771484,224.67312818134207,0.366083004654395,-22.40123523232902,-0.10942356283004817,-0.12536936438479662,12.613520934512875
2020-03-17 04:00:00+00:00,224.54568810052052,234.74483150463524,217.24228444804103,231.65667724609375,262070500,35.62979763749098,-17.396850317845605,-12.370513027617225,-5.02633729022838,271.16615600585936,289.72608825683596,,264.13431658065656,281.7590909957786,322.4063255855349,271.16615600585936,219.9259864261838,0.3779245193015041,-15.800686046414894,0.053991889140243776,-0.12350056341993065,12.962737086090113
2020-03-18 04:00:00+00:00,216.49086785316467,227.5971885358992,208.94920047757623,219.92723083496097,327597100,32.79871161611831,-18.70815058938325,-13.638040539970431,-5.07011004941282,266.6603950500488,288.1931948852539,,259.92411793820935,279.3343121659426,319.26419430200013,266.6603950500488,214.05659579809745,0.39453777335084406,-23.288365980010788,-0.05063288721296966,-0.12523697951675195,13.658789920549214
2020-03-19 04:00:00+00:00,219.23994888867023,226.6899879899135,212.7979151454708,220.39456176757812,289322000,33.02704576188145,-19.4850443392466,-14.807441299825665,-4.677603039420934,262.2416877746582,286.68632720947267,,256.15939830291114,277.02294940522245,314.8015895436697,262.2416877746582,209.68178600564667,0.40085085033601325,-20.48207191098876,0.002124934374169607,-0.030631612539299025,13.675452986541606
2020-03-20 04:00:00+00:00,223.5525010180808,225.34070206512823,210.62032218585884,210.8968505859375,347158800,30.74097330738087,-20.629322165290375,-15.971817472918609,-4.6575046923717665,257.5070854187012,284.95798248291015,,251.84867947272318,274.42976905936814,310.65160325007184,257.5070854187012,204.36256758733055,0.4127615964039107,-22.62979528546398,-0.04309412675824842,-0.14545735468444732,13.750090621736447
2020-03-23 04:00:00+00:00,210.33456252313593,211.70796381485764,201.18155909431383,205.50457763671875,326025200,29.492802841571446,-21.720896968934255,-17.12163337212174,-4.599263596812516,253.00962142944337,283.08147186279297,,247.4349554883418,271.726820376127,307.7480147948048,253.00962142944337,198.2712280640819,0.43269811682340564,-18.221595799872144,-0.025568295279124964,-0.06499497193342618,13.519827343079829
2020-03-24 04:00:00+00:00,216.0770724853135,224.9996379339709,215.5055908245189,224.12396240234375,235494500,38.74187431229935,-20.84328075722152,-17.865962849141695,-2.9773179080798258,249.89077377319336,281.59457733154295,,245.21486090872295,269.8600416320571,303.7417326209709,249.89077377319336,196.03981492541587,0.43099597503870934,-15.20014484147168,0.09060326042244893,-0.032516717986712074,13.946629696949278
2020-03-25 04:00:00+00:00,225.70933388583907,236.29105351010824,220.98996969078493,227.4790954589844,299430300,40.262563203599754,-19.650513501279022,-18.22287297956916,-1.4276405217098613,246.99237136840821,280.13373199462893,,243.52574038970025,268.19804374291704,299.08774929571587,246.99237136840821,194.89699344110056,0.42183795101593136,-9.519935350877155,0.01496998812923711,0.03433801533058256,14.043376419975996
2020-03-26 04:00:00+00:00,229.9955130827895,242.23636179724775,229.56228861158792,240.76158142089844,257632800,45.97981163558802,-17.43250023540179,-18.06479843073569,0.6322981953338989,245.39908447265626,278.94770080566406,,243.26248715457626,267.12210404401435,296.1938537513401,245.39908447265626,194.60431519397238,0.41397684419106867,5.894929563002363,0.0583899190170154,0.09241162526867974,14.09436855699652
2020-03-27 04:00:00+00:00,233.4521053910937,240.4021084612907,231.4058150677185,233.59036254882812,224341200,43.556063976631584,-16.068142626741206,-17.665467269936794,1.5973246431955879,243.50450897216797,277.6046826171875,,242.3413324302193,265.8071337893012,293.07847125676045,243.50450897216797,193.93054668757546,0.40717079526653605,-5.350447018005551,-0.02978556142449329,0.10760479305329085,13.755896971009621
2020-03-30 04:00:00+00:00,235.6919703231692,241.89535699591625,233.69177028351132,241.1763916015625,171369500,46.7536085186669,-14.210935429119587,-16.974560901773355,2.763625472653768,241.4013885498047,276.363349609375,,242.23038568463292,264.8412223309585,287.5013508401978,241.4013885498047,195.30142625941158,0.38193618162127513,9.730469944588853,0.03247577926571621,0.1735816027801711,13.366546790729513
2020-03-31 04:00:00+00:00,240.1716634564673,242.72490599332332,236.17126374188032,237.58154296875,194881100,45.43993394684087,-12.880679134693167,-16.155784548357317,3.27510541366415,239.52401885986328,275.0312420654297,,241.78763875931074,263.7722152971464,282.95807459566805,239.52401885986328,196.0899631240585,0.3626697309317981,2.5576062788650553,-0.014905474822558107,0.06004525541203587,12.879910752209048
2020-04-01 04:00:00+00:00,228.57604420337796,237.49861037670937,224.8152945665013,226.8892364501953,189554600,41.68796822575499,-12.544614704532194,-15.433550579592294,2.888935875060101,236.53380813598633,273.49720306396483,,240.36874330129976,262.32582396981496,274.45066768362125,236.53380813598633,198.61694858835142,0.3206041440455398,3.165595087430903,-0.04500478608290326,-0.002593025119951964,12.871792012926164
2020-04-02 04:00:00+00:00,226.00435422566696,232.908267065592,225.45129745089525,232.12478637695312,177660400,44.12098713621237,-11.720707083273993,-14.690981880328636,2.9702747970546426,234.28187942504883,272.0671408081055,,239.58360454660007,261.1414695544086,267.31427707095764,234.28187942504883,201.24948177914,0.28198849801763265,5.322374796954094,0.023075356101817768,-0.03587281240210205,12.485018984481206
2020-04-03 04:00:00+00:00,231.1385026260033,233.4981993171639,226.03200326101012,228.7696075439453,135561200,42.88605951139312,-11.209275696223045,-13.994640643507518,2.7853649472844726,232.0912857055664,270.56301147460937,,238.55370007015676,259.87198476968456,260.1028834582444,232.0912857055664,204.07968795288843,0.2413843127933187,8.474643840508616,-0.014454203212746375,-0.020637645116352465,12.126531632457818
2020-04-06 04:00:00+00:00,237.66447500035497,246.107724660131,228.75113699725847,244.1351623535156,188061200,49.81388751668583,-9.455098291972718,-13.08673217320056,3.6316338812278417,231.7333221435547,269.4202581787109,,239.08526790666713,259.2548544788544,258.9251568037985,231.7333221435547,204.54148748331093,0.23468212865302912,18.797919326685832,0.06716606709489881,0.01226807786742734,12.500107063201725
2020-04-07 04:00:00+00:00,252.75357362265825,253.5094169108376,244.16286753110208,244.3840789794922,201427200,49.91986431920424,-7.953135770992446,-12.060012892758937,4.106877121766491,230.73764724731444,268.37906829833986,,239.58991658026952,258.6716868122127,254.30356734974035,230.73764724731444,207.17172714488854,0.20426593045015276,9.039692302413341,0.0010195853132215493,0.02863242626400897,12.276831884210313
2020-04-08 04:00:00+00:00,246.99268087012769,254.4035755113223,244.49474059557332,252.5877227783203,153774500,53.4116094544012,-6.031328754694044,-10.85427606514596,4.822947310451916,230.79635848999024,267.43982177734375,,240.8278028848458,258.4330999873542,254.57293944959022,230.79635848999024,207.01977753039026,0.20603948099667427,11.037773501197659,0.033568650761069296,0.11326445771598381,12.115593644754584
2020-04-09 04:00:00+00:00,255.8598562130911,259.1966214094454,253.9149733873188,256.4313659667969,189999200,54.994896849426404,-4.150290994642262,-9.513479051045222,5.36318805640296,232.2499801635742,266.5823956298828,,242.31385651169828,258.354600613999,258.4404608850482,232.2499801635742,206.05949944210022,0.22553698995391064,6.508423999136549,0.015217062595912045,0.10471341716335147,11.722258286638192
2020-04-13 04:00:00+00:00,255.45433661391547,255.7953803182373,250.1726880682887,254.0901336669922,114839100,53.7956317785799,-2.8160116681514182,-8.173985574466462,5.357973906315044,232.61473693847657,265.6587191772461,,243.43540671696437,258.1873666160772,259.79002059215367,232.61473693847657,205.43945328479947,0.23365057615300264,8.7759490136837,-0.009130054316786818,0.11068133741577957,11.332002544628907
2020-04-14 04:00:00+00:00,258.9938939542684,262.6071461374814,253.9519092553873,261.5840148925781,134143400,57.0259552054898,-1.1407423354619937,-6.7673369266655685,5.626594591203575,234.70444717407227,264.9939682006836,,245.16384559083235,258.32056850927336,263.96152409488826,234.70444717407227,205.44737025325625,0.24930994936893572,8.461700233383628,0.029493003594572187,0.0714720991882194,11.140804997304988
2020-04-15 04:00:00+00:00,255.85071325565545,261.7222690836012,253.90580187886607,256.0258483886719,121775000,54.00985732587326,-0.25859597158145675,-5.465588735648747,5.20699276406729,235.92290573120118,264.174250793457,,246.19832204776944,258.2305794849361,266.5676546218805,235.92290573120118,205.2781568405219,0.2597861262830867,7.763357872605417,-0.021248112221951998,0.04763718429528563,10.903352297835712
2020-04-16 04:00:00+00:00,257.3070626758222,258.1182089286888,254.18233805357292,257.260986328125,131798300,54.58469299650053,0.5340208268748086,-4.265666823144036,4.799687650018845,237.7895935058594,263.288698425293,,247.25190912208902,258.19255622388465,268.85489497253565,237.7895935058594,206.72429203918313,0.2612839444204759,13.386157207416325,0.004824270468105407,0.01850154670385984,10.405675053355722
2020-04-17 04:00:00+00:00,263.04955166649506,264.8192994942426,260.30272098283615,264.2109680175781,146684800,57.78230901868405,1.7033456803581828,-3.0718643224435924,4.775210002801775,239.98041381835938,262.47250396728515,,248.86705758832608,258.42857237265696,271.995325360192,239.98041381835938,207.9655022765268,0.26681270385727907,13.822815797240828,0.027015295978803033,0.030337950357401056,10.202292061410143
2020-04-20 04:00:00+00:00,260.4962680372042,264.34921201872885,259.3348798735403,259.55609130859375,100109300,54.98967260486871,2.2287428431357625,-2.0117428893277216,4.240485732463484,242.4133758544922,261.5426840209961,,249.88506079978015,258.47278880151725,272.5588239973842,242.4133758544922,212.2679277116002,0.2487110955542874,13.457418620930465,-0.017618029803648017,0.02151188463210918,9.831723495965745
2020-04-21 04:00:00+00:00,255.0764070574748,256.28389976601466,250.73493546332136,251.67514038085935,126385700,50.53640331282793,1.9863001719526778,-1.212134277071642,3.1984344490243197,244.7219039916992,260.48786529541013,,250.05554456940675,258.2062143536483,269.8641993194332,244.7219039916992,219.5796086639652,0.20547646056714913,3.0884441039368262,-0.030363190044977673,-0.037880275351641624,9.75954009234479
2020-04-22 04:00:00+00:00,256.56967233483715,259.0123094851933,255.2423472173533,257.260986328125,92951600,53.415987198594266,2.2193108593038744,-0.5258452497965387,2.745156109100413,246.37875518798828,259.4993148803711,,250.74177711785612,258.1691465879415,270.2061568177223,246.37875518798828,222.55135355825425,0.1934209109186673,5.269126942477049,0.022194667056955275,0.004824270468105407,9.586513593201161
2020-04-23 04:00:00+00:00,258.5421661535463,261.7222212725069,256.93832694379256,257.24249267578125,104709700,53.404901997317054,2.3751025211806223,0.05434430439889349,2.3207582167817287,247.86692504882814,258.4997640991211,,251.36089288527756,258.1328072188372,270.4733666341841,247.86692504882814,225.26048346347216,0.1824078914998656,1.8428329953099596,-7.188673497571241e-05,-7.188673497571241e-05,9.24346936002353
2020-04-24 04:00:00+00:00,258.7634703866844,261.5010751772148,256.7079531308153,260.82818603515625,85063200,55.34009916386839,2.7561330368327503,0.5947020508856649,2.1614309859470855,248.87025527954103,257.53234100341797,,252.26253985193267,258.2385083488889,271.90340944048074,248.87025527954103,225.83710111860134,0.1851017039787896,1.7146186667853582,0.013938962113441589,-0.012803336696441847,8.925587409050381
2020-04-27 04:00:00+00:00,262.80995342635407,265.71346690631225,262.34907737780065,264.58892822265625,77896600,57.34124291029761,3.3232545208982742,1.1404125448881868,2.1828419760100877,250.42018356323243,256.6467288208008,,253.4364816015254,258.48754442237,273.30330815996035,250.42018356323243,227.53705896650453,0.18275782942990934,4.131917443683063,0.014418465445268591,0.0193901706898445,8.636994084915068
2020-04-28 04:00:00+00:00,268.24823990021906,268.59851013874606,263.0679984895078,263.3721923828125,105270000,56.459773820271835,3.6326470750828435,1.6388594509271182,1.9937876241557253,251.52997360229492,255.72688690185547,,254.3827397711718,258.67909924434815,274.66376326401127,251.52997360229492,228.39618394057857,0.1839445957903546,0.6835958577089302,-0.004598589396831665,0.04647678743419803,8.415102482366727
2020-04-29 04:00:00+00:00,268.7184004108411,271.8062757076293,267.6860425141623,270.2669372558594,118745600,60.19395667041372,4.383659099429735,2.1878193806276416,2.1958397188020937,253.16424331665038,254.96088287353516,,255.89552048399918,259.1335242644074,276.73948227787264,253.16424331665038,229.58900435542813,0.1862446185319705,5.562363705389683,0.026178712379116176,0.050555473308905974,8.416458256827449
2020-04-30 04:00:00+00:00,268.8842250570301,270.36826016718874,266.00836377753785,267.75048828125,122901700,58.23098668182716,4.721360236206351,2.6945275517433838,2.0268326844629674,255.20730590820312,254.11504364013672,,257.0245650361183,259.47144442193064,276.2684546027481,255.20730590820312,234.14615721365817,0.16505129913577435,4.077377647828071,-0.009310976030438622,0.04084859968571619,8.126703837743408
2020-05-01 04:00:00+00:00,262.9850053506957,267.9163831355571,259.4915581319008,260.6622009277344,125180000,52.98912687237417,4.366688799654526,3.028959801325612,1.3377289983289136,256.63417663574216,253.1529135131836,,257.37100654960557,259.5181407554916,274.9322305867506,256.63417663574216,238.3361226847337,0.14260028957078535,-1.3431566132438713,-0.026473480586410525,-0.0006363771873930668,8.147998206737189
2020-05-04 04:00:00+00:00,258.7726214184617,261.6853608206869,257.28861435013727,261.3811950683594,80873200,53.44689820824943,4.096405140643526,3.2424488691891953,0.8539562714543307,258.2647560119629,252.26875946044922,,257.7529292656774,259.5912017089374,271.4330367141278,258.2647560119629,245.09647530979802,0.10197504998750145,0.7031635245253044,0.0027583367978403217,-0.012123459495619993,7.880051654152365
2020-05-05 04:00:00+00:00,264.2109115629122,266.6166699136713,261.51015779771495,263.7961120605469,79569900,55.0307955215453,4.030604710417492,3.4000800374348548,0.6305246729826375,259.24780349731446,251.63560455322266,,258.3284704842364,259.75610015409853,270.89804743355285,259.24780349731446,247.59755956107608,0.08987728172870763,4.816117977065551,0.009239061714274799,0.0016095840411207707,7.69115331066376
2020-05-06 04:00:00+00:00,265.5013815742133,265.8885015560774,261.5747101232344,262.0079345703125,73632600,53.57717414016444,3.790472212182692,3.4781584723844223,0.3123137397982698,260.12899627685545,251.14574493408202,,258.67889563529127,259.8444073861069,269.6137094678108,260.12899627685545,250.6442830859001,0.07292315217993431,1.8451877643557575,-0.0067786347428197,-0.03055868679093421,7.449913176533706
2020-05-07 04:00:00+00:00,265.23402399228235,267.10517862280307,264.6625424986691,265.16949462890625,75250400,55.80018438952723,3.811342171662318,3.5447952122400017,0.2665469594223162,260.7580848693848,250.74019195556642,,259.29704792039746,260.05323433680496,269.8181035237334,260.7580848693848,251.69806621503622,0.06948983889712794,3.081528977063636,0.012066657690266602,-0.009639547882477117,7.281865381959196
2020-05-08 04:00:00+00:00,268.31272783391654,270.02720080771184,267.17896299431584,269.5570983886719,76452400,58.752216992767984,4.134267457826638,3.662689661357329,0.4715777964693091,261.4143714904785,250.6787875366211,,260.2741955840426,260.4259348878586,271.01132506914894,261.4143714904785,251.8174179118081,0.07342330510715607,3.3466139094104967,0.01654641219536157,0.03412423216438465,7.108711153162509
2020-05-11 04:00:00+00:00,267.62149989217136,270.9951159354968,267.1975018047624,269.61248779296875,79514200,58.78963590181872,4.344575968322886,3.7990669227504408,0.545509045572445,262.1904891967773,250.64139984130858,,261.1635567467975,260.7861918645296,271.8032418440614,262.1904891967773,252.57773654949324,0.07332647859754812,1.8986280355937972,0.00020548301130984825,0.031491526092596756,6.872204222989074
2020-05-12 04:00:00+00:00,270.80148565750676,271.2162571149369,264.1003316612484,264.2386169433594,95870800,53.699750630627676,4.031151902009867,3.8454839186023264,0.18566798340754076,262.3232192993164,250.2613961791992,,261.4564196226605,260.9215810833072,271.9720507090945,262.3232192993164,252.67438788953834,0.07356444797796233,0.3289734397196814,-0.019931832140267502,0.0016774503587488887,6.88961288232475
2020-05-13 04:00:00+00:00,263.6762816905457,264.7178655832084,257.1318391773218,259.5652770996094,144721100,49.67216198111135,3.3668506442630246,3.749757263734466,-0.38290661947144145,262.5001907348633,249.95012298583984,,261.27631081094137,260.86839269178967,271.8041976660978,262.5001907348633,253.19618380362874,0.07088762034944192,-3.9596630889848097,-0.017686059281606603,-0.009322837778592552,6.939356705436309
2020-05-14 04:00:00+00:00,257.1226648696853,262.8006309608718,251.6290041232076,262.6716003417969,121977900,52.236486982953366,3.055815893048873,3.610968989597348,-0.5551530965484748,262.7707214355469,249.4696859741211,,261.4091955281657,260.93910671728014,271.7589259961899,262.7707214355469,253.78251687490385,0.06841100493646636,-1.8968734556025042,0.011967406722877882,-0.0094199911290892,7.241661714881156
2020-05-15 04:00:00+00:00,260.2751269466795,263.9252572597479,259.3257234418023,263.8791809082031,111146300,53.23406881477967,2.8736347981864583,3.4635021513151703,-0.589867353128712,262.75413208007814,249.2040023803711,,261.6444322310264,261.0544037443752,271.7328622149134,262.75413208007814,253.77540194524292,0.0683432078784499,1.2341566859402913,0.004597301591930503,-0.021063876686644778,7.052938293671473
2020-05-18 04:00:00+00:00,270.11938163455005,273.52987489861954,269.7967909749408,271.91680908203125,119703800,59.32369024353965,3.3393306631074324,3.438667853673623,-0.09933719056619061,263.37216796875,249.19070892333986,,262.62275383588405,261.4803804242833,273.0590228973974,263.37216796875,253.68531304010253,0.07356020192533654,4.030746745540161,0.030459500996496525,0.008546789905488072,7.238492272010397
2020-05-19 04:00:00+00:00,271.317675373618,273.0321203926456,269.1054764559933,269.1239013671875,95189300,56.5673071892226,3.4433409884214825,3.4396024806231953,0.003738507798287216,264.2446060180664,249.5472982788086,,263.2419107436272,261.7801263436129,272.6137733809554,264.2446060180664,255.8754386551774,0.06334409234689782,2.0196618005567055,-0.010271184500407982,0.018488154685109226,7.001931676627676
2020-05-20 04:00:00+00:00,272.6726696151671,274.5622498678464,272.44223162680925,273.69580078125,85861700,59.85553467610847,3.8503001311606226,3.521742010730681,0.3285581204299417,265.0663467407227,249.73526275634765,,264.23751931863893,262.24740769410846,273.7527014872512,265.0663467407227,256.37999199419414,0.06554098514078954,4.460882541631937,0.01698808389309381,0.054439190940851256,6.890247164058477
2020-05-21 04:00:00+00:00,273.56676293920657,274.3779091376315,270.70932633280484,271.80621337890625,78293900,57.90429386793543,3.9745283831919096,3.6122992852229268,0.36222909796898284,265.7945327758789,250.1431170654297,,264.9583473243787,262.6222628190025,274.17154663223323,265.7945327758789,257.4175189195246,0.06303375595327178,2.50282135933012,-0.006903969286156442,0.034775792378099135,6.660128281256204
2020-05-22 04:00:00+00:00,271.52049845866605,272.49755334653037,270.2761276095139,272.3224182128906,63958200,58.30418227757189,4.067743172728626,3.7033880627240667,0.36435511000455945,266.36924438476564,251.04238677978515,,265.6596874089989,263.0026610697432,274.8805853532576,266.36924438476564,257.8579034162737,0.06390633414267194,1.0258753491371468,0.0018991649512616338,0.031996602671071184,6.343078099524796
2020-05-26 04:00:00+00:00,278.304519053477,278.54418352711934,272.34078367877794,275.6775207519531,88951400,60.903769076239655,4.362062162829602,3.835122882745174,0.5269392800844281,266.92367401123045,251.6200372314453,,266.61376677499453,263.4997143906142,276.29961411861683,266.92367401123045,257.54773390384406,0.07025184365618993,2.249537107361889,0.012320331763650882,0.013830375851414667,6.334412900575076
2020-05-27 04:00:00+00:00,278.47971470898386,279.81626638469135,273.6405166226239,279.7793884277344,104817400,63.86959204664133,4.87015836951997,4.042129980100134,0.8280283894198366,267.74403381347656,252.81982879638673,,267.8676355038269,264.1381329803052,278.5026381075788,267.74403381347656,256.98542951937435,0.08036484802942184,5.881340004026068,0.014879224336437735,0.03959323942026516,6.323079819253102
2020-05-28 04:00:00+00:00,280.8117200863485,282.8303590651287,278.5902945576111,279.26318359375,90405200,63.21963090379657,5.171560329663066,4.26801605001272,0.9035442796503457,268.19384613037107,253.77195892333984,,268.95292579810524,264.73127222004814,280.03459762052205,268.19384613037107,256.3530946402201,0.08829994916732802,7.588806451404308,-0.0018450423988889408,0.02034149883413705,6.174293011271992
2020-05-29 04:00:00+00:00,278.79300406178066,281.0973832519056,276.03697555187244,280.5074768066406,119090800,64.16624065217204,5.448026163513816,4.50401807271294,0.9440080908008763,268.8316955566406,254.98356384277344,,270.0533592274896,265.3499469097184,281.82637812833053,268.8316955566406,255.83701298495072,0.09667522681641559,6.79018075864887,0.004455629262970495,0.03201274657987496,6.094729774754934
2020-06-01 04:00:00+00:00,279.86235220346686,282.24968663129556,279.34617330716014,281.6413269042969,55758300,65.04897970548586,5.692994261488991,4.74181331046815,0.9511809510208407,269.8806518554687,256.2084991455078,,271.1569751967093,265.9888245565646,283.4427217721814,269.8806518554687,256.31858193875604,0.10050420305028526,6.731166109793539,0.004042138593110867,0.034220130507658375,5.866785742567826
2020-06-02 04:00:00+00:00,282.56307864811095,284.01946263441334,281.2265550582553,283.9733581542969,74267200,66.8573627987878,6.006074389401249,4.99466552625477,1.011408863146479,271.0102600097656,257.670029296875,,272.3775830974319,266.6941003839267,285.29656124999593,271.0102600097656,256.7239587695353,0.10542996593350773,4.433910913035329,0.008280145799740568,0.030092542111215925,5.647223016395698
2020-06-03 04:00:00+00:00,285.9643621543682,288.7111935356951,285.68784777656157,287.7525634765625,92567600,69.60224027118157,6.484394864164017,5.292611393836619,1.1917834703273975,272.2080825805664,259.3149890136719,,273.8418669430634,267.5199224659909,287.82894831938984,272.2080825805664,256.58721684174293,0.11477150561243964,6.921964944302145,0.01330830943729655,0.028498078767112522,5.58226675675302
2020-06-04 04:00:00+00:00,286.76620510346254,288.50832960554146,284.89504996954486,286.99664306640625,75794400,68.38229640249692,6.72494979185268,5.579079073439832,1.1458707184128478,273.45751800537107,260.57244262695315,,275.09470276433416,268.2837154307131,289.60368755947195,273.45751800537107,257.3113484512702,0.11808905216336928,4.859717338442793,-0.0026269806288548025,0.027692370233472152,5.441624819556133
2020-06-05 04:00:00+00:00,292.407381291581,296.131238917088,292.3428519039534,294.3522644042969,150524700,73.28847438566592,7.423554359966374,5.947974130745141,1.475580229221233,274.9166564941406,261.9099060058594,,276.92875625385443,269.30601146889285,292.9655420516885,274.9166564941406,256.86777093659276,0.1313044163108578,8.294899055144384,0.025629642421248322,0.04935621593858519,5.705408464636535
2020-06-08 04:00:00+00:00,295.16332609828874,298.10371622781776,294.6194959789528,297.91015625,73641200,75.28609244127495,8.170115643359793,6.392402433268072,1.7777132100917212,276.33430938720704,263.0528775024414,,278.9269848249159,270.4277426367794,296.7724733105135,276.33430938720704,255.8961454639006,0.1479234624801362,9.396118837746924,0.012087190336053544,0.057764354132699314,5.565840133128274
2020-06-09 04:00:00+00:00,295.23710420683716,297.98393482700175,294.3706552236186,295.68878173828125,77479200,71.68167065578089,8.484717934048149,6.810865533424088,1.6738524006240612,277.6381240844727,264.29484588623046,,280.5233464357126,271.418371621152,299.4739056456046,277.6381240844727,255.80234252334077,0.15729670867887202,7.258938244853738,-0.007456524945912313,0.041255361630152754,5.426371523860765
2020-06-10 04:00:00+00:00,296.26953154628904,297.1636320853074,293.3199139807583,294.03887939453125,95000800,69.03786609782377,8.502893126578385,7.149271052054948,1.3536220745234377,279.1281372070313,265.35209564208986,,281.8105400508382,272.305450357363,301.16919881002616,279.1281372070313,257.0870756040364,0.15792790955106673,5.096691020353713,-0.005579861143363729,0.02184625513677063,5.31332485105279
2020-06-11 04:00:00+00:00,287.08881187171676,287.72482287321475,276.5347704880352,277.0877990722656,209243600,49.02979796456036,7.068010951125586,7.133019031869076,-0.06500808074348985,280.00426330566404,266.14222076416013,,281.36075519573603,272.4929934442219,300.17923556459215,280.00426330566404,259.82929104673593,0.14410475055448915,-0.7789729005771675,-0.05764911210779455,-0.034525992667614136,6.18409514072731
2020-06-12 04:00:00+00:00,284.1208795986669,284.8951480451448,275.23520331605874,280.4062194824219,194678900,51.96472167802052,6.127985678847381,6.9320123612647375,-0.8040266824173568,280.8909942626953,267.2125604248047,,281.26984703256323,272.80331603395524,299.4337128108935,280.8909942626953,262.3482757144971,0.13202786082103185,-0.03609790561431226,0.01197606109423388,-0.04737875874710418,6.432370111324365
2020-06-15 04:00:00+00:00,274.7005363949218,284.15772144939484,273.5206948936138,283.0239562988281,135782700,54.20488102863421,5.530486357672089,6.651707160546208,-1.1212208028741193,281.8482330322266,268.2305438232422,,281.4369050579218,273.20412545610714,298.6766831568821,281.8482330322266,265.019782907571,0.11941497694421507,0.4909185060760186,0.009335516242250597,-0.049968756146331894,6.732702714499844
2020-06-16 04:00:00+00:00,290.7942373232941,290.94172097129626,283.5953587748637,288.4714050292969,137627500,58.53818147178371,5.433888938011819,6.408143516039331,-0.9742545780275123,282.6759628295898,269.42457977294924,,282.106857436148,273.8028423021146,299.0925042513723,282.6759628295898,266.25942140780734,0.11615095431145049,1.5839679131293674,0.019247306135163678,-0.0244086930405516,6.817349997211865
2020-06-17 04:00:00+00:00,289.49458800492135,289.7895553253367,286.5357445407584,287.2731628417969,83398900,57.25482345616387,5.200696267331978,6.166654066297861,-0.9659577989658832,283.5834259033203,270.28733978271487,,282.5988865224003,274.33109016641583,298.8708079861579,283.5834259033203,268.2960438204827,0.10781576556628107,-0.16660169034590452,-0.004153764174228303,-0.02300959848121431,6.562811482023755
2020-06-18 04:00:00+00:00,285.75226807945324,287.8630593266788,285.2913922059686,287.3837585449219,80828700,57.34776902389799,4.967550712292734,5.9268333954968355,-0.9592826832041013,284.26782379150393,271.14733337402345,,283.05458861978326,274.84295951459256,298.93635911701307,284.26782379150393,269.5992884659948,0.10320222056695216,0.1348850196920432,0.0003849844588019735,0.03715775110679287,6.277729741929932
2020-06-19 04:00:00+00:00,290.86120433450185,291.0556161654006,283.78801540239226,285.7414855957031,135549600,55.42066537488041,4.597269022654245,5.660920520928318,-1.0636514982740728,284.96458740234374,271.8104086303711,,283.3104835698709,275.27035269424397,298.4775441286012,284.96458740234374,271.45163067608627,0.09483955076269475,-2.9253312611744433,-0.005714564238194608,0.01902691788766009,6.348434814864102
2020-06-22 04:00:00+00:00,285.1395531856082,287.9725229712252,283.9915604826144,287.5744323730469,74649400,57.151338328666185,4.400989732125538,5.408934363167763,-1.0079446310422249,285.72718811035156,272.4332699584961,,283.7165739320781,275.75286562282446,297.9612033922433,285.72718811035156,273.4931728284598,0.08563423986916363,-3.469409706287288,0.006414703043635672,0.016078059729382588,6.1793296487031535
2020-06-23 04:00:00+00:00,290.2315115930156,291.1665866197554,288.4909882080967,288.8983459472656,68471200,58.40734664504406,4.302667271311407,5.187680944796492,-0.8850136734850853,286.3882293701172,273.1294342041016,,284.21007602876267,276.26837465515547,297.778370428574,286.3882293701172,274.99808831166035,0.07954336030854572,-2.296480695377191,0.004603724897564332,0.0014800112265040966,5.994531405703535
2020-06-24 04:00:00+00:00,286.85241955719425,287.47272350488674,279.6866728739989,281.5290222167969,132813500,49.67816582742047,3.5887344785414257,4.867891651545479,-1.2791571730040534,286.4757110595703,273.52833435058596,,283.95473757048023,276.4746745595336,297.6869431176011,286.4757110595703,275.2644790015395,0.07827003564500819,-4.254490835869729,-0.025508362487523306,-0.019995395908817715,6.224327239100908
2020-06-25 04:00:00+00:00,280.95497926839084,284.8156113948789,278.9274573121908,284.547119140625,89468000,52.790092752496015,3.2292480339296503,4.540162928022314,-1.3109148940926634,286.7399078369141,274.098759765625,,284.01115486287495,276.79124101369405,297.4987324650649,286.7399078369141,275.98108320876327,0.07504239440761763,2.6920420506909273,0.010720375825068462,-0.009870562688230278,6.2003148707857045
2020-06-26 04:00:00+00:00,283.4454293499117,283.658375397714,277.2054913993457,277.7887268066406,127961000,45.93914389089747,2.37166755029574,4.106463852476999,-1.734796302181259,286.6039703369141,274.50931457519533,,283.4185426670431,276.83035810361355,297.73655675793964,286.6039703369141,275.4713839158885,0.07768619819145407,-0.9334645574597662,-0.023751399607895296,-0.02783200616628312,6.281837218678104
2020-06-29 04:00:00+00:00,279.04784785660627,282.0104170904512,276.75183339130206,281.8715515136719,79773300,50.1481682515978,1.9984418767811007,3.6848594573378195,-1.6864175805567188,286.6154815673828,274.8625262451172,,283.2712101762458,277.0280519628315,297.727976426943,286.6154815673828,275.50298670782263,0.07754287939221206,-0.40717570350811383,0.014697589617713946,-0.019830973192975332,6.208747681568893
2020-06-30 04:00:00+00:00,281.436430863935,287.185720234363,281.27905928895206,285.4822082519531,113394800,53.58948803564171,1.9712839307646277,3.3421443520231815,-1.3708604212585538,286.6909240722656,275.38104858398435,,283.48178142155126,277.3595875035814,297.75100879947615,286.6909240722656,275.63083934505505,0.07715685289306652,-1.0362194398575382,0.012809581949266402,-0.011824704929034313,6.1871700575576085
2020-07-01 04:00:00+00:00,286.60243281239894,288.75031447900784,286.1395287421861,287.48193359375,72396500,55.42478435953789,2.0870638130801353,3.0911282442345724,-1.004064431154437,286.677392578125,276.09718444824216,,283.862748295094,277.75654225221547,297.7329099941217,286.677392578125,275.62187516212833,0.07712863101323103,0.07267325283291302,0.0070047284348873085,0.021144929677512803,5.978665498235974
2020-07-02 04:00:00+00:00,290.92591848242125,292.27761860525646,288.3984805369268,289.0650634765625,69344200,56.87861370092406,2.2802799073912183,2.928958576865902,-0.6486786694746836,286.7808135986328,276.73326599121094,,284.3582068838053,278.2000136727781,297.8849340948482,286.7808135986328,275.6766931024174,0.07743977260456678,0.5850382569124257,0.0055068847736694515,0.01587766676247626,5.894166892041008
2020-07-06 04:00:00+00:00,292.8978621480964,294.11066832520936,292.14795995471866,293.52740478515625,61713800,60.76319759981053,2.7616441892903367,2.895495699350789,-0.13385151006045248,286.7395706176758,277.45896423339843,,285.23146382679107,278.80108783404785,297.7365071514407,286.7395706176758,275.74263408391084,0.07670330613996562,2.72481231530708,0.01543715195093287,0.05665700750149871,5.833555317512855
2020-07-07 04:00:00+00:00,291.98139030142596,293.9626051282298,290.1205068059593,290.5000915527344,82910000,57.01096752206822,2.865814645863793,2.88955948865339,-0.023744842789596987,286.3690673828125,278.05240234375,,285.73323789592854,279.2598722936042,296.2814550571452,286.3690673828125,276.4566797084798,0.06922806129114513,1.0173571953337912,-0.010313562492189399,0.03061160302530208,5.691308389281261
2020-07-08 04:00:00+00:00,291.268429066026,292.8330467804831,289.5001607234168,292.7219543457031,54638600,59.011543129416275,3.092013435542924,2.9300502780312967,0.16196315751162738,286.2207260131836,278.61506286621096,,286.3988299387642,279.787797079961,295.6476994499573,286.2207260131836,276.7937525764099,0.06587205313943272,1.323513426807728,0.007648406515443185,0.02535971028835715,5.522849651265905
2020-07-09 04:00:00+00:00,293.3330219054562,293.57374104179394,287.630040873894,291.0555419921875,83354200,56.873781266084904,3.10106490996219,2.9642532044174756,0.13681170554471445,286.0715591430664,279.1687298583984,,286.8423263248045,280.2296694294601,295.08428402560804,286.0715591430664,277.05883426052475,0.06301028252888516,3.3838499847644634,-0.005692816438180759,0.012430723398039634,5.5529104024540485
2020-07-10 04:00:00+00:00,290.9907854082374,294.29592760306656,289.55579393882005,294.0274353027344,57550400,59.67913491061605,3.3098908601637618,3.033380735566733,0.27651012459702873,286.91854095458984,279.6439398193359,,287.5266224179407,280.7707582872356,295.57170807096,286.91854095458984,278.26537383821966,0.0603179361471778,3.331721013637865,0.01021074290565016,0.017166971914522655,5.49485492115351
2020-07-13 04:00:00+00:00,296.3789785176982,298.76755120134084,290.82412941270053,291.4814453125,102997500,56.30031370821781,3.2326824645461443,3.0732410813626156,0.15944138318352863,287.47230224609376,280.1185589599609,,287.9032722174225,281.1907852294028,295.79892508590535,287.47230224609376,279.14567940628217,0.057929913767368765,4.929184370894365,-0.008659021861728622,-0.006970250270681766,5.669752554545425
2020-07-14 04:00:00+00:00,290.0556928166949,296.03643402926104,288.8521534785703,295.2587585449219,93657000,59.92543467858324,3.4366760025939698,3.145928065608887,0.29074793698508294,288.08404235839845,280.8104901123047,,288.6037947248034,281.7424704574624,296.8020678264653,288.08404235839845,279.3660168903316,0.06052418174013935,4.749399845198876,0.012959017780264537,0.016380948338956536,5.777933125698661
2020-07-15 04:00:00+00:00,298.48985541358394,299.07311915926357,295.5828038092208,297.9714050292969,87196500,62.34146556352431,3.773729052495071,3.2714882629861237,0.5022407895089471,288.5590423583984,281.54229431152345,,289.49594808713607,282.378899264201,298.2865007217776,288.5590423583984,278.83158399501923,0.06742092213694977,4.3747723733177,0.009187353146586696,0.01793323187981377,5.63767794631602
2020-07-16 04:00:00+00:00,296.06415170593044,297.44359660102754,295.41607479695665,296.9899597167969,54622500,60.910647332241204,3.9165045617908163,3.4004915227470627,0.5160130390437536,289.0448822021484,282.20617126464845,,290.2096634804371,282.9518820270479,299.416220643775,289.0448822021484,278.67354376052185,0.07176282356297312,3.307347353689006,-0.003293756702605455,0.02038929643459131,5.417510252460606
2020-07-17 04:00:00+00:00,297.9991153522291,298.6379252006533,296.01787245922196,297.8509826660156,62774900,61.74027384027313,4.052418776569425,3.5308769735115355,0.5215418030578896,289.5682434082031,282.9230322265625,,290.9374081647779,283.536160483478,300.5876194330864,289.5682434082031,278.5488673833198,0.07610900902105705,3.0394261706293992,0.002899165177300267,0.013004049636879955,5.217691858815657
2020-07-20 04:00:00+00:00,297.58251845649596,301.00802004619595,296.83261608608126,300.25811767578125,56308800,64.03819950035364,4.304745027940555,3.6856505843973397,0.6190944435432155,290.29407501220703,283.6248046875,,291.82509478487344,284.19192351062713,302.0942948918748,290.29407501220703,278.49385513253924,0.08129838598443036,2.293044118163843,0.008081675568835545,0.03011056965863368,5.14324272319416
2020-07-21 04:00:00+00:00,302.23007759853067,302.6744474220615,299.90629013376923,300.89691162109375,57292200,64.64506051766429,4.504337533593116,3.849387974236495,0.6549495593566208,290.9601989746094,284.25160095214846,,292.68907734070393,284.84702108358664,303.54888605028816,290.9601989746094,278.37151189893063,0.08653202135579591,3.5789386546448108,0.0021274826814250414,0.01909563361966815,4.973593763558313
2020-07-22 04:00:00+00:00,300.5358483657845,302.9244493039815,300.4247559041797,302.6096496582031,57792900,66.28773164496033,4.746010621795847,4.028712503748365,0.7172981180474816,291.64576416015626,284.91154418945314,,293.63389375189433,285.54359475317943,305.1693264297451,291.64576416015626,278.1222018905674,0.09273964467498624,3.37784548296049,0.0056921090611463665,0.015566072954048105,4.796886594718562
2020-07-23 04:00:00+00:00,302.2485577259489,302.95218089089167,297.62878455914324,298.99896240234375,75738000,59.962665528496714,4.593238010982475,4.141617605195187,0.45162040578728746,292.5192611694336,285.6067510986328,,294.14485267098473,286.07125622961723,305.5645269669042,292.5192611694336,279.473995371963,0.08919252527384523,2.729176828513874,-0.011931831188918274,0.006764547486597161,4.834494433077838
2020-07-24 04:00:00+00:00,297.1381165695117,298.10093663670415,295.5642315215915,297.07330322265625,73766600,56.84725254002901,4.267585939618243,4.166811272079799,0.10077466753844444,293.1455703735352,286.35691162109373,,294.4237527235249,286.5027090528737,305.79652910989546,293.1455703735352,280.4946116371749,0.08631178509871418,1.0359128279256697,-0.0064403540541263515,-0.0026109681975815535,4.734511322197436
2020-07-27 04:00:00+00:00,297.7676232524971,299.4155603163811,296.9714137029349,299.2396545410156,48293000,59.40269467118242,4.13662632004673,4.160774281673185,-0.02414796162645505,294.2181167602539,287.0882727050781,,294.8824100394764,287.0021971112322,304.9748066527295,294.2181167602539,283.4614268677783,0.0731205135218834,2.6616477148993054,0.0072923123513919386,-0.0033919587008980345,4.57091384300092
2020-07-28 04:00:00+00:00,298.50832649407437,299.62857474108495,297.0455619923725,297.3418273925781,57495000,56.25953675323744,3.835487970136171,4.095717019365782,-0.2602290492296113,294.9916305541992,287.7575256347656,,295.1166402635813,287.40767280853987,304.19907656438403,294.9916305541992,285.7841845440144,0.062425133844555725,0.7055062000266873,-0.006342164615008805,-0.011814957519379221,4.428920907694602
2020-07-29 04:00:00+00:00,298.2213847313915,301.5635676064587,298.1843444859905,300.9988098144531,48454200,60.58715319009049,3.847569194371374,4.0460874543669005,-0.1985182599955264,295.76746063232423,288.33916564941404,,295.67684688747386,287.94065857347766,304.22327702215,295.76746063232423,287.31164424249846,0.05717881454402046,1.0160051380965875,0.012298916886142264,-0.005323160862746534,4.4141222867078875
2020-07-30 04:00:00+00:00,298.0176724547983,300.34146022234614,295.9253650050639,299.9248352050781,61861700,58.74883589356239,3.727514410396168,3.9823728455727543,-0.25485843517658635,296.3896057128906,288.9551843261719,,296.08141720343616,288.41062628452084,304.1148457622095,296.3896057128906,288.66436566357174,0.05212895392021424,0.9882069720740334,-0.0035680360664450683,0.003096575303457083,4.461216752613698
2020-07-31 04:00:00+00:00,301.72086431902517,302.39671442605913,297.4899143784568,302.29486083984375,84986800,61.52331397940669,3.780037471759897,3.941905770810183,-0.161868299050286,297.0510955810547,289.52716552734375,,296.6731737402369,288.9551060710041,304.4113729036421,297.0510955810547,289.69081825846735,0.04955563155348812,1.4919803634863633,0.007902065306279349,0.017576663943019932,4.493044130827173
2020-08-03 04:00:00+00:00,303.96135339317016,305.1648927454192,303.4151299484772,304.396484375,53077900,63.84548496102892,3.9457615486042528,3.942676926368997,0.0030846222352556296,297.59454956054685,290.1789709472656,,297.4087271340239,289.56065031821964,305.42398001849926,297.59454956054685,289.76511910259444,0.05261810385649877,1.3782697138224782,0.006952230445854912,0.01723310983597437,4.377114686166336
2020-08-04 04:00:00+00:00,303.5354458801942,305.5722351074219,303.5354458801942,305.5722351074219,41917900,65.11399185048217,4.124428487195644,3.979027238534327,0.14540124866131698,298.34815673828126,290.8439672851562,,298.1862040838713,290.1885556040707,306.20250029039437,298.34815673828126,290.49381318616815,0.05265220095864806,1.5537957704981546,0.003862563442005529,0.027679952689525944,4.209948581956433
2020-08-05 04:00:00+00:00,306.87762078191065,307.7293766896875,306.6091285143018,307.4701232910156,42697700,67.11943175146598,4.368806160427823,4.056983022913026,0.3118231375147973,299.0855651855469,291.4798193359375,,299.0703868655041,290.86626414081366,307.44181146289026,299.0855651855469,290.72931890820354,0.055878633073844976,1.60618593567733,0.006210931379045492,0.02149946533194491,4.063319510549948
2020-08-06 04:00:00+00:00,306.8868905622747,309.6457807205977,306.5628520645501,309.5254211425781,43679400,69.18531126366075,4.674438568806352,4.180474132091692,0.49396443671466006,300.0090591430664,292.0747399902344,,300.0661044157016,291.59799578794167,308.6876161356111,300.0090591430664,291.3305021505217,0.05785529955217878,3.5205669797842285,0.006684544922815672,0.03200997320190391,3.99329159237121
2020-08-07 04:00:00+00:00,308.5533496810777,310.03464842255073,307.64604749173736,309.7476501464844,57308300,69.40911553083495,4.878351874043574,4.320049680482068,0.5583021935615058,300.7950698852539,292.6844293212891,,300.9881563900619,292.3097469392571,309.9960571213299,300.7950698852539,291.5940826491779,0.06117777953997689,4.266403876193718,0.0007179668897174807,0.024654039059529786,3.878670830831364
2020-08-10 04:00:00+00:00,310.20129069482834,310.85860660049394,308.25708784004365,310.6734619140625,44282100,70.37446254099169,5.056373187252234,4.467314381836101,0.5890588054161325,301.75467071533205,293.2877490234375,,301.9105664399667,293.02989262454355,310.8729291227589,301.75467071533205,292.63641230790523,0.06043491148495768,3.8209532725816215,0.0029889226508750255,0.020621057933539078,3.787445682947002
2020-08-11 04:00:00+00:00,311.8583951285371,312.4972048364567,307.37748830647,308.1088562011719,69601100,64.31943357207757,4.933642157116708,4.560579936892223,0.3730622202244849,302.39717559814454,293.817099609375,,302.50087975055766,293.6212245295094,311.40423649165535,302.39717559814454,293.39011470463373,0.059571064945925886,3.62109458430755,-0.00825498804143121,0.008301215890436753,3.882607886306981
2020-08-12 04:00:00+00:00,310.55310770418515,313.18239962578446,310.5253345880685,312.40472412109375,53774400,69.11331636902572,5.123951843276473,4.673254318169073,0.45069752510739924,303.11884155273435,294.38572692871094,,303.44410302394203,294.35783235663035,312.8736688398561,303.11884155273435,293.3640142656126,0.0643630546827931,3.7893552847174563,0.01394269536061965,0.0160490416995982,3.9676747104716665
2020-08-13 04:00:00+00:00,311.63622588941763,313.15456461281775,310.91409675969334,311.83990478515625,41816100,67.8230589518723,5.169605447021752,4.77252454393961,0.3970809030821423,303.86133880615233,294.86747375488284,,304.24370319167673,295.0434038244157,313.89379598200134,303.86133880615233,293.82888163030333,0.06603312692075768,3.972685213590604,-0.0018079730949220885,0.007477523603826919,3.84430279208972
2020-08-14 04:00:00+00:00,311.4510914457283,312.38616662319157,310.71969517068027,311.84918212890625,47260400,67.83368115910716,5.147201130403118,4.847459861232312,0.29974126917080657,304.5612487792969,295.3645245361328,,304.9680345190319,295.70245395400354,314.77040903402553,304.5612487792969,294.3520885245682,0.06704175462668148,3.1605966646334727,2.9750341786316525e-05,0.006784658354721973,3.6887434106912615
2020-08-17 04:00:00+00:00,312.86764738539557,313.2379650407708,311.85851976679214,312.8398742675781,35481000,69.01017299719477,5.150019900463178,4.9079718690784855,0.24204803138469266,305.1903366088867,295.7342767333984,,305.71773354270294,296.3745096525751,315.80389810602856,305.1903366088867,294.57677511174484,0.06955371926302864,2.7738132094115535,0.00317683096652277,0.0069732777951754255,3.5244605179179254
2020-08-18 04:00:00+00:00,313.23795712814984,313.9415804329869,311.63629869866435,313.5157165527344,38733900,69.82110095869321,5.147451997753876,4.955867894813564,0.19158410294031203,305.82127685546874,296.0463879394531,,306.46039859127734,297.04671384473824,316.83177347875085,305.82127685546874,294.81078023218663,0.0720060862768922,2.5995429337747336,0.0021603457255521263,0.017548539234562677,3.437376319089683
2020-08-19 04:00:00+00:00,313.89527669531185,314.41372705641555,311.64556942265534,312.2103271484375,68054200,66.21688129264724,4.982646058846797,4.961223527620211,0.02142253122658566,306.30131072998046,296.37681884765624,,307.0080108348164,297.6413653468441,317.54454819465064,306.30131072998046,295.05807326531027,0.07341292427299895,1.5416794993558924,-0.004163712807288555,-0.0006222600288877667,3.389574984423292
2020-08-20 04:00:00+00:00,310.47912189271796,313.66390536113613,310.34952339579957,313.1824951171875,42207800,67.55993144537504,4.87429416622615,4.943837655341399,-0.0695434891152491,307.01048736572267,296.7596911621094,,307.596056956947,298.25082141626933,318.11021457762985,307.01048736572267,295.9107601538155,0.07230845634719155,1.1815100553323534,0.003113823868765797,0.004305383343918834,3.3842040544885257
2020-08-21 04:00:00+00:00,312.8491373812447,314.5155809357857,312.50656459465205,314.29339599609375,55106600,69.0729680015479,4.822474443929252,4.91956501305897,-0.09709056912971814,307.87149200439455,297.5038031005859,,308.23389877019906,298.87994198802716,318.41176022263824,307.87149200439455,297.3312237861509,0.0684718688932279,1.467564272871682,0.003547135923068101,0.007837807527669494,3.285976360677463
2020-08-24 04:00:00+00:00,316.7375468203444,317.55226268539195,314.2656543583868,317.47821044921875,48588700,72.96587073126652,4.980977245297197,4.931847459506616,0.049129785790580804,308.7834197998047,298.24524291992185,,309.1143094062962,299.60928584925034,319.33457562052575,308.7834197998047,298.2322639790836,0.06834017077446561,2.1903217909995023,0.010133252857672526,0.014826550459719812,3.286021501129439
2020-08-25 04:00:00+00:00,318.0429183491095,318.67246120076726,316.8763908713587,318.5891418457031,38463400,74.18646299625699,5.137018386313059,4.972881644867905,0.16413674144515422,309.8457855224609,298.95654663085935,,310.0166744005254,300.3535939275426,319.8388248521192,309.8457855224609,299.8527461928026,0.06450330968877355,3.40148795907652,0.003499236671746564,0.016182363515149012,3.1795964174350906
2020-08-26 04:00:00+00:00,319.181653746849,322.0516366510932,318.635430282705,321.7831726074219,50790200,77.35249390066883,5.455525798171266,5.069410475528577,0.3861153226426888,310.8850036621094,299.6227819824219,,311.1372932773727,301.19396956204764,321.29592984207153,310.8850036621094,300.47407748214727,0.06697605904000067,3.0020187795536883,0.010025548087466474,0.030661527267267674,3.19980344514616
2020-08-27 04:00:00+00:00,322.65333071835175,323.94018904924746,320.8202208457621,322.4866638183594,58034100,77.99272700914467,5.699016365050397,5.195331653432941,0.5036847116174563,312.0130950927734,300.3270520019531,,312.2181857098476,302.0289771799422,322.3180292495641,312.0130950927734,301.70816093598273,0.06605449783270566,3.414174667779695,0.0021862274687549643,0.02970845703777414,3.1941009278846755
2020-08-28 04:00:00+00:00,323.51438715103393,324.69942039778635,322.32008678211736,324.5697937011719,48588900,79.81259772835956,5.991014875450105,5.354468297836374,0.6365465776137311,313.12684173583983,301.0707727050781,,313.394529328069,302.9129307690101,323.7980770076109,313.12684173583983,302.45560646406875,0.06815918566811051,4.079090887917552,0.0064595845860646595,0.03269682989204736,3.1359032627264125
2020-08-31 04:00:00+00:00,324.3568301398803,325.2363307652946,323.1625299395241,323.39398193359375,66099200,75.99269511691645,6.0577180132447666,5.495118240918053,0.5625997723267133,314.0767166137695,301.8238226318359,,314.34685814764276,303.71610924605255,324.85192977774335,314.0767166137695,303.3015034497957,0.06861516689391825,3.3736452844206455,-0.003622677742651237,0.018633629930080664,3.0600388029438466
2020-09-01 04:00:00+00:00,324.22724648767144,326.5417667355129,323.3292115013721,326.43994140625,54908700,78.82060402578631,6.283927004911277,5.652879993716699,0.6310470111945783,315.12010192871094,302.6011328125,,315.4985803627482,304.6072399190015,326.42741068821914,315.12010192871094,303.81279316920273,0.07176507427042046,4.122353097836397,0.009418726515701525,0.02464239526515044,3.070932833743632
2020-09-02 04:00:00+00:00,328.3563929777579,332.1336778441025,327.20837164549533,331.1615905761719,69540000,82.30097560549677,6.766200342365551,5.875544063446469,0.8906562789190815,316.30467529296874,303.44639770507814,,316.99029562116954,305.6485870035964,329.0327471082712,316.30467529296874,303.57660347766625,0.08047982094171355,6.070030931015351,0.01446406695694713,0.02914514731381468,3.2582759483228387
2020-09-03 04:00:00+00:00,329.46731252773276,329.93948368334827,317.17258251896726,319.7648620605469,148011100,57.66795119257014,6.157801390778559,5.931995528912887,0.22580586186567153,316.8166473388672,304.21111450195315,,317.2545400439674,306.20216641759447,329.23269629811983,316.8166473388672,304.40059837961456,0.07838002872350595,2.101767195160881,-0.034414403239809266,-0.008440044390007895,4.024756813242965
2020-09-04 04:00:00+00:00,320.44998861723474,322.02384556505757,310.02537950989625,317.15411376953125,139156300,53.702634926118236,5.402696349758685,5.826135693082048,-0.42343934332336275,317.18697052001954,304.8632543945312,,317.2449756368782,306.631654549043,329.17189217941075,317.18697052001954,305.20204886062834,0.07557007552827436,0.9102061353758305,-0.00816458779802165,-0.02284772050743622,4.594307473379991
2020-09-08 04:00:00+00:00,311.7288847499758,317.21894908878244,308.1830516203431,308.4885559082031,114465300,43.107385204468706,4.05825107398465,5.472558769262569,-1.4143076952779188,317.0777252197266,305.4772509765625,,316.41103090081396,306.70447421018656,329.3348836799504,317.0777252197266,304.82056675950275,0.07731327359391095,-2.831581584227664,-0.027322861300248413,-0.04609061039500517,4.911563901598514
2020-09-09 04:00:00+00:00,312.5064930407791,317.05221391399175,311.63623122167985,314.580322265625,91462300,50.50080155458841,3.444615754537381,5.066970166317532,-1.622354411780151,317.4012985229492,306.13142639160156,,316.23667769746265,307.01333099667437,329.0193197312891,317.4012985229492,305.78327731460934,0.07320714352717028,-1.2583038947446767,0.01974713888328039,-0.0363301717600355,5.172427766183522
2020-09-10 04:00:00+00:00,316.45969253999124,317.11700829906243,308.1551937758373,309.1180419921875,90569500,44.87010894880289,2.48885500376133,4.551347133806291,-2.0624921300449612,317.2369644165039,306.60414306640627,,315.55871239219834,307.09586868277296,329.2202740846839,317.2369644165039,305.25365474832387,0.07554800362070675,-3.9359207358819654,-0.017363706140606117,-0.06656432754061814,5.443098248829352
2020-09-11 04:00:00+00:00,310.904944314155,311.9696181887015,306.4425416101873,309.2755126953125,84680200,45.0602870046685,1.7242383462372572,3.9859253762924847,-2.2616870300552274,317.1087448120117,307.0400146484375,,314.96031242106636,307.1813449185588,329.37191086750084,317.1087448120117,304.84557875652257,0.07734360061725187,-4.096650375126227,0.0005094193212087372,-0.032803320845328665,5.449096700949697
2020-09-14 04:00:00+00:00,312.45102490396204,315.1266243736371,309.4236420235485,313.34906005859375,65605700,49.87717448048717,1.4304856168007518,3.4748374243941385,-2.0443518075933866,317.1837387084961,307.52569458007815,,314.8068598151166,307.42321610052096,329.33516625146297,317.1837387084961,305.0323111655292,0.07662074728323003,-3.4571096449316974,0.013171257329041675,-0.011997491269189586,5.477812056476479
2020-09-15 04:00:00+00:00,315.81162957965364,316.64485115308514,313.3582439593315,314.93212890625,52920900,51.651269615249234,1.3103203309664195,3.041934005708595,-1.7316136747421753,317.28835144042966,307.9537890625,,314.8187902047483,307.7176832693731,329.3238628014539,317.28835144042966,305.2528400794054,0.0758648170119406,-2.616577147400758,0.005052093813079361,0.020887559277771972,5.321953416334686
2020-09-16 04:00:00+00:00,316.17273809901303,317.60772937455226,313.40455262542565,313.68231201171875,82096000,50.14231218480315,1.101540821065612,2.6538553687799986,-1.5523145477143867,317.2966812133789,308.4174334716797,,314.71055418636456,307.95159027887684,329.3219631416327,317.2966812133789,305.27139928512514,0.0757983467224915,-3.908109203663456,-0.003968527755081164,-0.0028546294550108042,5.242040797248395
2020-09-17 04:00:00+00:00,308.81258977020724,312.64544938955055,308.28487230028173,310.9234313964844,91523300,46.88610982026683,0.7053323147022184,2.2641507579644427,-1.5588184432622243,317.2323364257812,308.7814630126953,,314.34987582542357,308.06813306780265,329.3789535498262,317.2323364257812,305.0857193017363,0.07657868211607576,-6.111264034115827,-0.00879514244058266,0.005840453027787129,5.25314071969044
2020-09-18 04:00:00+00:00,311.73118033622967,311.8427175043129,304.8527807613783,307.3438720703125,105877900,42.985682434176454,0.10132567754681077,1.8315857418809163,-1.7302600643341055,316.9404052734375,309.1072296142578,,313.68263737255586,308.03973067574424,329.7261596471232,316.9404052734375,304.15465089975174,0.08068238798808211,-3.884413662650177,-0.011512671496305749,-0.006245695328950918,5.3771975784935915
2020-09-21 04:00:00+00:00,302.74274511193624,304.0719434291927,299.052573105159,303.9232177734375,99450800,39.595823109195045,-0.645926311742187,1.3360833311562956,-1.9820096428984826,316.42189636230466,309.3051452636719,,312.7531688393065,307.87829879722244,330.38213315827954,316.42189636230466,302.4616595663298,0.08823812104324372,-4.171756071153579,-0.01112972994656758,-0.030080965564069917,5.585347677540726
2020-09-22 04:00:00+00:00,305.41045242560136,307.5762077815948,302.89144880901273,307.01849365234375,63612100,43.906497965564846,-0.9771025715659221,0.8734461506118522,-1.8505487221777743,315.89891052246094,309.61588623046873,,312.207009297691,307.8445809484037,330.4335516002475,315.89891052246094,301.3642694446744,0.09202083700604032,-0.47653704738947306,0.010184400854868825,-0.025128065787984433,5.521019912900823
2020-09-23 04:00:00+00:00,307.5762358389237,307.85510711224754,299.3965224188124,299.8984680175781,93112200,37.310555122332055,-1.7934153320750283,0.34007385407447605,-2.1334891861495042,314.96437683105466,309.70868041992185,,311.0347672710136,307.53296867660663,331.01173616318437,314.96437683105466,298.91701749892496,0.10189951951764645,-4.667124167941384,-0.023190868895435535,-0.0439420504960627,5.730845968653273
2020-09-24 04:00:00+00:00,298.5785239027551,303.7652001614341,297.25860138372207,300.69781494140625,76681300,38.42886883816387,-2.3487732635408634,-0.19769556944859182,-2.1510776940922716,313.9101089477539,309.7632086181641,,310.0502956205748,307.26492343208895,330.77663143811117,313.9101089477539,297.0435864573966,0.10746084314961955,-2.723951988216223,0.0026653918211454464,-0.03288789271735071,5.7862568835860415
2020-09-25 04:00:00+00:00,299.8426692481497,306.3492684548765,298.9689520233032,305.5592041015625,71069400,44.870064282046705,-2.3693129832404907,-0.6320190522069716,-1.737293931033519,313.06373596191406,309.93459350585937,,309.6225726187641,307.1980324779507,329.8223234815536,313.06373596191406,296.3051484422745,0.10706182540208568,-1.2016174708959833,0.016167025227980192,-0.005806746549811503,5.9001182798708465
2020-09-28 04:00:00+00:00,309.73276937000736,311.3501152435907,308.7381822186888,310.6343994140625,64584600,50.67184454200987,-1.9535457531391671,-0.8963243923934108,-1.0572213607457563,312.3669662475586,310.1902618408203,,309.71893707545917,307.3327919656413,328.29212765291857,312.3669662475586,296.4418048421986,0.10196444007295499,-0.8663375738301657,0.016609531784266274,0.022081832674027302,5.8923177700249445
2020-09-29 04:00:00+00:00,310.4298553312067,311.17345533698654,308.24549131026066,308.942626953125,51304000,48.82721312384447,-1.7404957748366883,-1.0651586688820662,-0.675337105954622,311.64439849853517,310.3639520263672,,309.645002778094,307.3959227494642,326.7952583458085,311.64439849853517,296.4935386512618,0.09723171614999887,-1.9018389688998592,-0.005446185175011609,0.006267157648685684,5.680578216932154
2020-09-30 04:00:00+00:00,309.6118308382536,314.44531523436564,309.41664083080235,311.28497314453125,104081100,51.46184514378206,-1.366887739247204,-1.125504482955094,-0.2413832562921101,310.8866500854492,310.57171325683595,,309.8011904320404,307.5484345296629,324.432721206324,310.8866500854492,297.34057896457443,0.08714475914068076,-0.7642569489534808,0.0075818161271790085,0.03796786693250365,5.667871792954188
2020-10-01 04:00:00+00:00,313.8876563473671,314.86363492282254,311.3965650685394,313.2834777832031,88698700,53.6542924987573,-0.8991729511363928,-1.0802381765913538,0.18106522545496095,309.9927444458008,310.7851898193359,,310.1328368464369,307.7733381866645,319.954375229136,309.9927444458008,300.03111366246554,0.0642700899412627,0.7590442367494838,0.006420177043830355,0.04185485300001046,5.5186425061925535
2020-10-02 04:00:00+00:00,308.3198450119104,313.2555627207702,307.8457837333298,310.3089904785156,89431100,50.03198521657767,-0.7597637944304552,-1.0161433001591742,0.25637950572871904,309.5199508666992,311.0113903808594,,310.14961338282535,307.872775531443,318.42282110977754,309.5199508666992,300.6170806236209,0.057526955649540794,0.9647559875619648,-0.009494555300953,0.015544569802500074,5.512860473598321
2020-10-05 04:00:00+00:00,312.372493169569,315.997592335317,312.32602881311146,315.81170654296875,45713100,55.956013281608236,-0.2029187144403295,-0.8534983830154053,0.6505796685750758,309.4528305053711,311.38615844726564,,310.68886035045807,308.18410615934596,318.1421473511334,309.4528305053711,300.76351365960875,0.05615923326066663,3.9116750791950485,0.017733021708354668,0.01666688280072015,5.525413429541396
2020-10-06 04:00:00+00:00,315.9511958209937,318.0519071278788,310.81098309296726,311.32220458984375,90128900,50.6771222081207,-0.12246852307981726,-0.7072924110282877,0.5848238879484704,309.5945129394531,311.6278094482422,,310.74917884944716,308.3071688428949,318.3086898019761,309.5945129394531,300.8803360769302,0.056294129891295355,1.4017757973802585,-0.014215755338107372,0.007702328617409604,5.647949901353548
2020-10-07 04:00:00+00:00,314.2873105557897,317.5499142029964,314.25942626677596,316.7412414550781,56999600,56.06497186918381,0.37424574741316974,-0.49098477933999624,0.8652305267531659,309.70255889892576,312.0157977294922,,311.3198514785549,308.6379167884707,318.70998191784287,309.70255889892576,300.69513588000865,0.058168218247475076,5.616158544868854,0.017406522198998742,0.01752820977970404,5.689361309339197
2020-10-08 04:00:00+00:00,318.6838985828623,319.6134126353913,317.7636603816266,319.54833984375,45242500,58.58850046612915,0.9830725174380177,-0.19617331998439344,1.179245837422411,310.2240737915039,312.3867883300781,,312.1035170371449,309.0657765161287,320.1922886160767,310.2240737915039,300.25585896693104,0.0642646117223791,6.26892646560034,0.00886243413006893,0.01999742247780545,5.488133442980194
2020-10-09 04:00:00+00:00,321.2028963840777,322.8667345981165,320.58013781019633,322.4019775390625,59528600,61.03846215924675,1.6765110563435428,0.1783635552811938,1.498147501062349,310.8803970336914,312.8363311767578,,313.0843227992323,309.58876479153787,322.15526201302526,310.8803970336914,299.6055320543575,0.07253506549087407,5.51211457924264,0.008930222252782949,0.03897079179658558,5.333152108079218
2020-10-12 04:00:00+00:00,324.9488974185187,329.0666389175514,324.4562559792047,327.5887145996094,80388500,65.08205230512036,2.614454622351957,0.6655817686953465,1.9488728536566104,311.5923797607422,313.34220825195314,,314.46569344688726,310.29464517616816,324.99796137581365,311.5923797607422,298.1867981456707,0.08604563195906789,5.457964480922633,0.016087795428979534,0.0372912333920663,5.428259913108482
2020-10-13 04:00:00+00:00,327.44919407568426,327.6258040067802,324.48404211656793,325.45074462890625,73255500,62.21574092054486,3.148966026862581,1.1622586203287935,1.9867074065337877,312.118310546875,313.76329345703124,,315.51188879755574,310.889002017452,326.7737967607125,312.118310546875,297.46282433303753,0.09390981380207412,5.343425036094478,-0.006526384687324249,0.04538237180247506,5.264938625758751
2020-10-14 04:00:00+00:00,326.02705923267933,327.1238790245569,322.6715270643458,323.40582275390625,57727900,59.51580031678224,3.368729444620328,1.6035527851871005,1.7651766594332277,312.6044860839844,314.1199652099609,,316.26369203149386,311.3798577326071,328.0586174345591,312.6044860839844,297.1503547334097,0.09887338178776352,3.8938113481460044,-0.006283352884417948,0.021041091043944027,5.2068967210767765
2020-10-15 04:00:00+00:00,319.48329800773115,323.48950169298183,318.9441922862967,323.00616455078125,60357700,58.97711621298523,3.4706371153251325,1.976969651214707,1.4936674641104255,313.20862274169923,314.43068603515627,287.52264320373536,316.905832271426,311.83579133331983,329.28481773332857,313.20862274169923,297.1324277500699,0.10265486850843983,3.103478943854923,-0.001235779243928814,0.010820975345145145,5.159640484334516
2020-10-16 04:00:00+00:00,324.3632468520364,326.0270851078282,322.63436416489975,322.81097412109375,89501900,58.69768345585157,3.495357140827366,2.280647149137239,1.214709991690127,313.98197784423826,314.69639709472654,287.6482038116455,317.4682267332991,312.2661906583306,330.34088071899,313.98197784423826,297.62307496948654,0.10420281435940967,4.028882187170695,-0.0006042932027596759,0.0012685920388986194,5.033431945662655
2020-10-19 04:00:00+00:00,324.0750651798359,324.707127920646,317.0014769337468,317.9031066894531,68425600,52.02330663833182,3.0833807600976115,2.4411938713293138,0.6421868887682978,314.68097229003905,314.85950622558596,287.7604956817627,317.5096438719804,312.48724618896284,330.4448122339196,314.68097229003905,298.9171323461585,0.10018934306171613,0.662230089371251,-0.015203533414572146,-0.029566366234546115,5.2243047343224065
2020-10-20 04:00:00+00:00,319.25089283338775,322.42984341706637,318.488712858615,319.1765441894531,60051900,53.50073141104936,2.8270537579863344,2.518365848660718,0.3086879093256165,315.2888748168945,315.0295678710938,287.8735189056396,317.6683962831683,312.7495716007468,330.75883879272806,315.2888748168945,299.818910841061,0.09813200027953914,2.522897333955731,0.004005740973283212,-0.019278494650879496,5.174478448128895
2020-10-21 04:00:00+00:00,319.1300429085846,321.3051307249696,318.26560165924946,318.5723571777344,63575000,52.67196335170295,2.5458133678419586,2.523855352496966,0.021958015344992532,316.22256927490236,315.238837890625,287.98769096374514,317.75448779693653,312.97791613317764,330.02894356517237,316.22256927490236,302.41619498463234,0.08732061295895482,0.5781109255758058,-0.0018929555530249331,-0.01494551191136062,5.021982063671127
2020-10-22 04:00:00+00:00,318.7861013329984,320.90539203746897,316.6389263442525,320.3197937011719,55399300,54.85038547858134,2.435852860420823,2.5062548540817375,-0.07040199366091437,317.20366821289065,315.3971392822266,288.10271949768065,317.99880264495897,313.26583290055,329.1166695440122,317.20366821289065,305.2906668817691,0.07511263282823183,0.24142007991626363,0.005485210766301929,-0.008316778886698462,4.96801660863865
2020-10-23 04:00:00+00:00,321.54680058982547,321.60256916559945,318.9441724986455,321.4073791503906,49143900,56.20161254309082,2.4087014119753007,2.4867441656604505,-0.07804275368514979,317.996076965332,315.58848876953124,288.21310585021973,318.3234289788096,313.58510922407316,328.75820883744404,317.996076965332,307.23394509322,0.06768719900456713,-0.30849636725673263,0.0033953114063047796,-0.004348039822761995,4.803043755661171
2020-10-26 04:00:00+00:00,318.0147250392189,318.8048178502361,311.9635780013349,315.4678649902344,91473000,47.78992957392884,1.8861719235001146,2.3666297172283834,-0.4804577937282688,318.2377502441406,315.66086242675783,288.2981017303467,318.0514705037072,313.65894278353045,328.53480664014046,318.2377502441406,307.94069384814077,0.06471297882228184,-3.7000205041219245,-0.018479706893652526,-0.007660326835363884,5.134526426617924
2020-10-27 04:00:00+00:00,315.8117086299166,316.1463200782655,314.16645057598026,314.3802490234375,65994100,46.41984572051705,1.3685264987281016,2.167009073528327,-0.7984825748002256,318.50963134765624,315.691669921875,288.36739616394044,317.70183036272914,313.6872293027425,328.07152931924713,318.50963134765624,308.94773337606534,0.06004149972566446,-3.4015886545571847,-0.003447628387856727,-0.015027091599715714,4.909193789165589
2020-10-28 04:00:00+00:00,308.69156758079595,314.40807231318774,303.14236854012,303.635009765625,127094300,35.57007161763802,0.09019801717261089,1.751646862257184,-1.661448845084573,318.12713317871095,315.49405578613283,288.38525550842286,316.36213316300496,313.29302461501237,329.2920966642517,318.12713317871095,306.9621696931702,0.07019183415121472,-6.113313860562657,-0.034179116821716815,-0.04688839780212217,5.363230216587171
2020-10-29 04:00:00+00:00,303.8674845080645,309.90002246930646,302.1757618896027,306.7210998535156,90597700,39.91385852801595,-0.6661854644100913,1.2680803969237289,-1.9342658613338202,317.79901428222655,315.3842712402344,288.41515464782714,315.44393951448217,313.03530207534584,329.86355245480263,317.79901428222655,305.7344761096505,0.07592558586013719,-5.041719473036675,0.010163815069522908,-0.04245349215085514,5.5318752425240705
2020-10-30 04:00:00+00:00,305.14090511981635,306.4515234799912,299.861271536879,303.5235595703125,120287300,37.121336689868336,-1.5062761866530536,0.7132090802083724,-2.219485266861426,317.4597427368164,315.1910925292969,288.4165572357178,314.3086652340851,312.66229256534456,330.67451820678923,317.4597427368164,304.24496726684356,0.08325323618074168,-5.974832362280875,-0.010424911376264001,-0.055642218381395825,5.626729033532112
2020-11-02 05:00:00+00:00,306.9255065917969,308.93323168901543,304.1741249749157,306.9255065917969,86068300,41.787752516521614,-1.8759209936862362,0.19538306542945064,-2.071304059115687,317.0154327392578,315.0437347412109,288.4302501678467,313.60550726815285,312.4373205663819,330.9972590433797,317.0154327392578,303.0336064351359,0.08820912081981719,-3.4531276564024993,0.011208181092434488,-0.027078378961679417,5.611224968187171
2020-11-03 05:00:00+00:00,310.1696056334392,314.40818825230804,307.009262925198,312.34466552734375,93294200,48.36189963411245,-1.7118531525582057,-0.18606417816808066,-1.525788974390125,317.0665557861328,314.9410638427734,288.4740175628662,313.4854271023615,312.4336870354393,330.97200998411824,317.0665557861328,303.1611015881474,0.08771315639713766,-2.140470152485324,0.017656267788633828,-0.006474908975410809,5.7449004462103135
2020-11-04 05:00:00+00:00,316.83416747960666,323.4151432960798,315.65369476603786,319.3252868652344,126959700,55.35604408479883,-1.006942991927474,-0.35023994091995936,-0.6567030510075146,317.1957580566406,314.9557867431641,288.55250450134275,314.0416042226351,312.703945852294,331.1346995831768,317.1957580566406,303.2568165301044,0.08788857462619144,0.23634495289242366,0.02234909735405588,0.05167479570857347,6.125298826390724
2020-11-05 05:00:00+00:00,324.62349493398403,327.365572873288,324.27027503763776,325.5530090332031,82039700,60.496689671909046,0.05361053184543607,-0.26946984636688026,0.32308037821231633,317.4959915161133,315.0311834716797,288.66038917541505,315.13792849030824,313.2078306829179,331.87637158492544,317.4959915161133,303.11561144730115,0.0905862149638026,1.6337470974127017,0.019502752911005894,0.061397501471797344,6.262083625080931
2020-11-06 05:00:00+00:00,325.2648392554505,326.7334873150784,323.1455483916412,325.4786376953125,74973000,60.40723459464784,0.8779848322705561,-0.03997891063939298,0.9179637429099491,317.64982452392576,315.09102294921877,288.7814182281494,316.1227579384039,313.689038801051,332.3001303493787,317.64982452392576,302.9995186984728,0.09224186317376343,1.2666972848239682,-0.0002284461695238882,0.07233401636459802,6.071073289249233
2020-11-09 05:00:00+00:00,338.31521158596723,338.69631572980416,329.10372444548926,329.5684814453125,172304200,63.595228612062854,1.8401119498997218,0.33603926146843,1.5040726884312918,317.7488128662109,315.19099670410156,288.94704277038574,317.40330303429994,314.31176204200244,332.69025976356016,317.7488128662109,302.8073659688617,0.09404565047826238,4.469747324506293,0.012565628819635855,0.07377351952579891,6.581545056766549
2020-11-10 05:00:00+00:00,328.57392479394076,330.1448058667429,325.80399097551134,329.0851745605469,85552000,62.950169501100326,2.5343909150706168,0.7757095921888674,1.7586813228817495,317.93053436279297,315.3048205566406,289.09471839904785,318.5158622272758,314.89111155253363,333.3238255409181,317.93053436279297,302.53724318466783,0.09683430507218747,4.677433007572019,-0.0014664839387737993,0.05359627002093825,6.421492902085478
2020-11-11 05:00:00+00:00,331.2787982108576,332.3570379013313,330.03325280113376,331.52978515625,58649000,64.8900567980161,3.2444713949606125,1.2694619527432165,1.975009442217396,318.3367324829102,315.4066174316406,289.2558539581299,319.7552834586067,315.54360855660093,334.6856038041633,318.3367324829102,301.98786116165707,0.10271432513450705,9.186943038010305,0.00742850418274732,0.038219642455582736,6.196519361992545
2020-11-12 05:00:00+00:00,330.51666493968696,331.5763248019199,326.50118493331297,328.313720703125,67546200,60.40889233101646,3.5072760721754435,1.717024776629662,1.7902512955457814,318.6021102905273,315.3496600341797,289.39605278015136,320.5703727199894,316.0443972682293,335.4113705829304,318.6021102905273,301.79284999812427,0.10551882582996705,7.039822451054595,-0.009700680292147101,0.008480068048273948,6.116420826750715
2020-11-13 05:00:00+00:00,330.22852852274855,333.6026699026877,329.7080027945153,332.85906982421875,62892200,64.1744772917651,4.03580016714983,2.1807798547336956,1.8550203124161344,319.1045150756836,315.6115441894531,289.5862403106689,321.7407248251541,316.7037961919936,336.9553094945709,319.1045150756836,301.2537206567963,0.1118805505754347,9.664986235478883,0.013844529894636581,0.022675626828127626,6.057315710522999
2020-11-16 05:00:00+00:00,335.53608323091584,337.2091976293169,334.2440447341139,337.0140075683594,74541100,67.24165351158372,4.735341997022431,2.691692283191443,2.043649713830988,320.06006011962893,316.0087420654297,289.78625175476077,323.1953231816498,317.5002750694982,339.52438399456184,320.06006011962893,300.595736244696,0.12162919589315661,9.803193390694453,0.012482573319497758,0.02259174205735559,5.935373717278368
2020-11-17 05:00:00+00:00,334.5972374413552,336.4098015306876,333.0821247126404,335.201416015625,66111000,64.64162234097708,5.084857870954977,3.17032540074415,1.914532470210827,320.8613037109375,316.5429992675781,289.95456581115724,324.3387605944094,318.19443745954237,341.4036490086852,320.8613037109375,300.31895841318976,0.12804501546409114,7.317797616197895,-0.0053783863935290555,0.018585587950735283,5.792267227166983
2020-11-18 05:00:00+00:00,335.47095237920496,336.01936231897963,331.1301088549771,331.16729736328125,70591300,59.15892996009766,4.978937960932171,3.5320479127817546,1.4468900481504168,321.49105072021484,316.87473876953123,290.0852988433838,324.98909742954004,318.70317706361055,342.48144068646315,321.49105072021484,300.50066075396654,0.13058148846896322,3.7084474625539405,-0.012034909339868949,-0.0010933792654493901,5.727766244083808
2020-11-19 05:00:00+00:00,330.53528068591817,332.9334150256051,329.1874736453594,332.5616149902344,59940900,60.40883675074216,4.950439859663504,3.815726302158105,1.1347135575053993,322.10314178466797,317.3436102294922,290.21787147521974,325.7102895781776,319.2466452175958,343.6283586035722,322.10314178466797,300.5779249657637,0.13365418728696704,2.1528309561151815,0.004210311942195233,0.012938521966160854,5.586207325238229
2020-11-20 05:00:00+00:00,332.30123744219173,332.50573164604754,330.20983105269545,330.2841796875,70417300,57.32296295935218,4.690021267742964,3.9905852952750767,0.6994359724678869,322.54698181152344,317.76378356933594,290.34721199035647,326.14589816001785,319.67948970661166,344.3606482233842,322.54698181152344,300.7333153996627,0.13525884687773843,1.4764538853348865,-0.006848160461336628,-0.007735676657627311,5.355177083259707
2020-11-23 05:00:00+00:00,332.0967933926305,333.5282530358045,329.8566610286987,332.26409912109375,63230600,59.270873195240775,4.59048436259053,4.110565108738167,0.4799192538523629,323.3867935180664,318.14208435058595,290.47508995056154,326.7285839658346,320.1730038012972,345.3384814323443,323.3867935180664,301.4351056037885,0.13576118972249582,0.817923383923032,0.00599459361168031,-0.014094097991764198,5.234921006391571
2020-11-24 05:00:00+00:00,334.8202565878615,338.166512926915,333.9651195251979,337.61810302734375,62415900,64.0494256888918,4.887286422441605,4.2659093714788545,0.6213770509627503,324.5486862182617,318.59580383300784,290.62708030700685,327.76568101931167,320.85712533957354,346.9263333023902,324.5486862182617,302.1710391341332,0.1379000934798384,2.592923998533681,0.016113699675686988,0.007209656332734848,5.2825990634936915
2020-11-25 05:00:00+00:00,337.53452910152424,337.5624133955992,336.00083619435185,337.09765625,45330900,63.27230717395691,5.022610955215555,4.417249688226195,0.6053612669893598,326.2218185424805,319.0641107177734,290.76657188415527,328.65444056509153,321.4940089046883,347.0444158622866,326.2218185424805,305.3992212226744,0.1276591333641566,1.6794482254817202,-0.0015415250920404189,0.01790744114511189,5.020789618457849
2020-11-27 05:00:00+00:00,338.1944395153429,338.510470935988,337.0232425585529,338.03643798828125,28514100,64.11801713009073,5.146285289585535,4.563056808498064,0.5832284810874713,327.78758544921874,319.6063708496094,290.9124063873291,329.54796412920484,322.1427316138488,347.1689036647178,327.78758544921874,308.4062672337197,0.11825535240413568,2.9614105875117955,0.00278489547724714,0.016462582424636274,4.768392386956223
2020-11-30 05:00:00+00:00,337.2555409838347,337.52510797754314,333.85354481889163,336.5398254394531,83872700,61.67964981585151,5.065146114161621,4.663474669630776,0.40167144453084536,329.43839874267576,320.1902899169922,291.04828407287596,330.2138556825618,322.7073235285784,345.6342781028679,329.43839874267576,313.24251938248364,0.09832417485031986,1.105800006344476,-0.004427370486255078,0.018940191921611005,4.726571014272894
2020-12-01 05:00:00+00:00,339.8025607663094,341.7638223886406,339.20765797858115,340.2208251953125,74231400,65.18643111157186,5.237494078451732,4.778278551394967,0.4592155270567648,331.10316467285156,320.9162420654297,291.20655250549316,331.1669003980619,323.3941275155092,344.2601706880011,331.10316467285156,317.94615865770203,0.0794737557289698,0.9515383796926183,0.010937783518050859,0.023946993055421695,4.762101438195365
2020-12-02 05:00:00+00:00,339.10540967135495,341.0945554989311,338.52911535090317,340.9365539550781,45927000,65.84099462352495,5.369933164319036,4.896609473979781,0.4733236903392548,332.53275909423826,321.5946032714844,291.3610230255127,332.0973435939682,324.082065807257,343.20490495909576,332.53275909423826,321.86061322938076,0.06418703464841526,1.710952778071137,0.0021037182522696263,0.009829007680508317,4.60519706032626
2020-12-03 05:00:00+00:00,340.8342016416823,342.2377769204486,339.7373818816019,340.843505859375,62882000,65.66813179672891,5.405077521232272,4.9983030834302795,0.4067744378019924,333.6086700439453,322.4135040283203,291.5213970184326,332.93031142876885,324.7393771818499,342.99965496017535,333.6086700439453,324.2176851277153,0.056299405617923404,2.9218490391819154,-0.0002729190948395077,0.011112060674183244,4.454854058792006
2020-12-04 05:00:00+00:00,341.4291227207132,343.7807922363281,341.33616563830765,343.7807922363281,50749900,68.48130778623091,5.605329391947066,5.119708345133637,0.48562104681342877,334.5200592041016,323.27516357421877,291.7123564910889,333.9636905532983,325.486099340849,344.1421045171944,334.5200592041016,324.89801389100876,0.0575274638895248,3.3735634963232903,0.008617697936028623,0.01699329895390167,4.3464563672320855
2020-12-07 05:00:00+00:00,343.00923751639283,343.56695157579156,341.8008806931252,343.0743103027344,48944300,67.05802987891343,5.641985952454604,5.224163866597831,0.4178220858567734,335.3998428344727,324.0254656982422,291.9504587554932,334.8313686246732,326.17583310406025,344.7685813223326,335.3998428344727,326.0311043466128,0.05586608752517265,3.8724623829502884,-0.0020550360856347316,0.019416676331689864,4.177417451230004
2020-12-08 05:00:00+00:00,341.8009261774338,344.6452370556998,341.75446181901555,344.0782470703125,42458900,68.07348143368988,5.686495467616851,5.3166301868016355,0.3698652808152154,336.12533111572264,324.6943426513672,292.238345413208,335.7120237147341,326.8778885537172,345.81707568287425,336.12533111572264,326.43358654857104,0.05766744526502162,3.555649852171685,0.0029262953751687526,0.011337994588619171,4.085514435905307
2020-12-09 05:00:00+00:00,344.7382200244361,344.8962215481374,340.1557219727567,340.9922790527344,74098300,61.7703093953349,5.410390140856066,5.335382177612522,0.07500796324354386,336.720686340332,325.33533569335935,292.51607109069823,336.214905175496,327.43139406348257,346.0661021663438,336.720686340332,327.3752705143202,0.055508415165002024,0.9994061322942005,-0.008968797196143297,0.00016344711944138446,4.132299088724981
2020-12-10 05:00:00+00:00,339.6165832994784,341.93106447513236,338.7428377218177,340.8807373046875,57735400,61.548474836939235,5.12351351872519,5.293008445835056,-0.16949492710986647,337.18823394775393,325.9272509765625,292.857338180542,336.6592701401809,327.95881928862786,346.38249888220486,337.18823394775393,327.993969013303,0.05453490963670782,1.1222507734915466,-0.00032710930686385975,0.00010923325418388252,4.064865350481386
2020-12-11 05:00:00+00:00,339.17964314209337,340.8899454487729,337.65525497665703,340.48095703125,57698600,60.70697006713673,4.808473710129306,5.196101498693906,-0.38762778856460045,337.79659576416014,326.47120056152346,293.2023336029053,337.02324032028275,328.44988351382875,346.1315282342721,337.79659576416014,329.4616632940482,0.04934882455672317,0.7231525268449002,-0.00117278634339546,-0.009598660773373568,4.005567144883849
2020-12-14 05:00:00+00:00,342.6560185113254,343.73422967530934,338.7799330580169,338.95654296875,69216200,57.47980737992236,4.38524454786608,5.033930108528342,-0.6486855606622619,338.1014694213867,327.0441516113281,293.4809223175049,337.20736438204153,328.8619093748061,346.13219607068885,338.1014694213867,330.07074277208454,0.04750483139304669,0.7181074412637879,-0.004477237363850861,-0.012002552246919262,4.073333535770176
2020-12-15 05:00:00+00:00,341.5034549865661,343.5390930175781,340.127792352415,343.5390930175781,63865300,63.722949550076635,4.369239999584977,4.900992086739669,-0.5317520871546924,338.42772369384767,327.5986993408203,293.82297309875486,337.8103861568545,329.4374852039344,346.77900135256726,338.42772369384767,330.0764460351281,0.049353389654769673,0.9753276626616516,0.013519579851422492,-0.0015669518701779683,4.109706143845743
2020-12-16 05:00:00+00:00,343.7529114618271,344.99845695254,342.86986171972654,344.0782470703125,58420500,64.38550934666736,4.349918354858289,4.790777340363394,-0.4408589855051046,338.871565246582,328.2538201904297,294.10989707946777,338.4073252914696,330.01163272810606,347.4307549206094,338.871565246582,330.31237557255463,0.05051583285130006,0.9214890802375872,0.0015694110617763268,0.009049964492307216,3.9681982216291503
2020-12-17 05:00:00+00:00,345.72353743865085,346.20687464372656,344.89625612819674,346.00238037109375,64119500,66.72146340049405,4.438700710136345,4.720362014317984,-0.2816613041816387,339.61331939697266,328.83904296875,294.45409217834475,339.13066387048144,330.6387208709683,347.9414336578333,339.61331939697266,331.28520513611204,0.04904468573640315,1.5135610399005799,0.005592138756705722,0.015024735944021428,3.8368003181852157
2020-12-18 05:00:00+00:00,346.29174986586526,346.4597687850615,342.60450659912306,344.6208190917969,136542300,63.50086283079376,4.347466035038337,4.645782818462055,-0.2983167834237177,340.2162796020508,329.34049255371093,294.81428886413573,339.653535796321,331.1870384482557,348.15182915687353,340.2162796020508,332.2807300472281,0.04665002841195547,0.24434956066169142,-0.003992924204206716,0.012158865202458013,3.8381190230247317
2020-12-21 05:00:00+00:00,340.6908788886597,353.28346626235304,337.9464560255549,343.38861083984375,96386700,60.68723100375755,4.128146289036124,4.542255512576869,-0.41410922354074486,340.87150115966796,329.7602252197266,295.27475975036623,340.0092572290375,331.6655314832199,347.469917707046,340.87150115966796,334.2730846122899,0.0387149792513003,0.09161296187756847,-0.0035755479172745464,0.01307562271043805,4.659468395437121
2020-12-22 05:00:00+00:00,343.7153181678852,343.82733077167063,341.68034656595023,342.8098449707031,47949000,59.35689214202226,3.863100819968622,4.40642457405522,-0.5433237540865976,341.39878845214844,330.06464782714846,295.66732109069824,340.27597987110084,332.10256338468986,346.7242869971385,341.39878845214844,336.07328990715837,0.031198110392453883,-0.3686376893655171,-0.0016854544701558893,-0.00212275127255368,4.480005239028784
2020-12-23 05:00:00+00:00,343.7806495988375,345.0315044186133,342.7911670027845,343.1178894042969,46201400,59.86123296205165,3.635993517595921,4.252338362763361,-0.6163448451674398,341.6737777709961,330.41799072265627,296.1258430480957,340.5466379218814,332.5345369540862,346.75224244166566,341.6737777709961,336.5953131003265,0.02972697936493899,0.6233602583223813,0.0008985868933257812,-0.002791102530289802,4.320028965943068
2020-12-24 05:00:00+00:00,343.59400893137524,344.4808229790157,343.00594268063827,344.45281982421875,26457900,62.05849432768177,3.52311479832224,4.106493649875136,-0.5833788515528964,342.04153594970705,330.8389306640625,296.7113124847412,340.91865524591356,333.0019205960522,346.7961396567403,342.04153594970705,337.2869322426738,0.027801323566342302,1.0478980266750701,0.003890588223888658,-0.004478467879940773,4.116804061116953
2020-12-28 05:00:00+00:00,347.01047928251126,347.8039398547463,346.38506609890993,347.4118957519531,39000400,66.44355672037466,3.6305792398692915,4.011310767873968,-0.38073152800467636,342.51030883789065,331.3270452880859,297.21439697265623,341.53705910363163,333.56701766098945,347.4385189869348,342.51030883789065,337.5820986888465,0.02877700333029493,2.0356318253848746,0.00859065670951531,0.008098978661567058,4.062112344646283
2020-12-29 05:00:00+00:00,348.9428515188313,349.12021433452065,346.1610812667829,346.7491760253906,53680500,64.64165074094004,3.6205343741206093,3.9331554891232963,-0.31262111500268697,343.0207763671875,331.80580932617187,297.8491938018799,342.0334511914182,334.0839650478287,347.46028213739714,343.0207763671875,338.5812705969779,0.02588476311684013,2.2990065299784064,-0.0019075907724117602,0.009786478291542,3.9833281105813882
2020-12-30 05:00:00+00:00,347.57061894027095,348.2800701602232,346.85185232725235,347.243896484375,49455300,65.39608116701328,3.6108696939900824,3.8686983300966538,-0.25782863610657136,343.37192993164064,332.3926251220703,298.4271298980713,342.5296840764617,334.60004079043836,347.9779020952857,343.37192993164064,338.7659577679956,0.026827889889322158,1.0784226721490786,0.0014267386721869002,0.012934434581512111,3.8081542551707592
2020-12-31 05:00:00+00:00,347.0478421277476,349.7362586191651,346.53444152154736,349.0081481933594,78520700,68.01687840466876,3.7028861670377182,3.835535897484867,-0.13264973044714878,343.7755096435547,332.98925720214845,299.0725344848633,343.1466806590234,335.16506461016075,348.8480487775684,343.7755096435547,338.702970509541,0.02951076497143846,1.4327848868747137,0.005080727773320914,0.017166865881836912,3.764844458202685
2021-01-04 05:00:00+00:00,350.3430308698017,350.4737312418111,340.55087239704,344.25677490234375,110210800,55.76707098356776,3.3537537831958844,3.7391794746270706,-0.3854256914311862,343.9461730957031,333.5029455566406,299.6918455505371,343.252403920292,335.5216022686777,348.8391418491572,343.9461730957031,339.053204342249,0.028451944729692594,-0.5045067802359645,-0.013613932269521789,-0.0005691488372051579,4.204702628671858
2021-01-05 05:00:00+00:00,343.6126363246513,347.7199264021152,343.5659454165651,346.62774658203125,66426200,59.670344418301696,3.2311349408652177,3.6375705678747003,-0.40643562700948266,344.0885208129883,334.0291046142578,300.3705000305176,343.57386512617194,335.95713733978965,349.11771446988786,344.0885208129883,339.0593271560887,0.029231975800976667,0.5823581684714726,0.006887218647650739,-0.002257116637369716,4.201079654163161
2021-01-06 05:00:00+00:00,345.11543692578914,351.90182632552285,344.5646894517099,348.6999816894531,107997700,62.76315615614065,3.26355050098897,3.5627665544975544,-0.2992160535085846,344.3698043823242,334.57495666503905,301.08647705078124,344.0620667036273,336.456856726051,349.75716892765587,344.3698043823242,338.98243983699257,0.031288251622378145,1.5467521874470658,0.0059782724489179095,0.0056259850028299585,4.425083741281002
2021-01-07 05:00:00+00:00,351.08049111936754,354.6276901593906,350.9031283186224,353.88092041015625,68766800,69.13602453128797,3.665050105575176,3.583223264713079,0.08182684086209724,344.8599380493164,335.3432177734375,301.7352618408203,344.99719562805865,337.14015334111394,351.6524366458534,344.8599380493164,338.06743945277935,0.03939279601428029,3.2295091876370323,0.01485786920779697,0.019113435809749113,4.53241407904218
2021-01-08 05:00:00+00:00,355.2717141545609,356.1118370621761,352.01389123519994,355.89715576171875,71677200,71.20163031336189,4.098687657377582,3.6863161432459797,0.412371514131602,345.6051818847656,336.1735559082031,302.37735214233396,346.0352870693596,337.8757220634906,353.6853280115557,345.6051818847656,337.5250357579755,0.04675940379553833,3.724453533917617,0.005697496630294729,0.019738815852925917,4.501380632466037
2021-01-11 05:00:00+00:00,352.71402176287364,355.26239380181204,352.5926652872222,353.4981384277344,51034700,65.57783513285833,4.200348884627147,3.789122691522213,0.41122619310493347,346.23605194091795,337.17081848144534,302.94103492736815,346.7460348177762,338.48836584248056,354.7031913987912,346.23605194091795,337.7689124830447,0.04890963497537859,2.62599638700349,-0.006740760062692308,0.026844391161255032,4.41588847832536
2021-01-12 05:00:00+00:00,353.68485602908515,354.5903007101901,351.32313359508305,353.57281494140625,52547700,65.6687353020317,4.238087871344874,3.8789157274867456,0.3591721438581281,346.8906448364258,338.1078527832031,303.54094718933106,347.39620435336,339.07991286596786,355.49993504787096,346.8906448364258,338.2813546249806,0.0496369120332134,1.773376002602953,0.0002112500903230785,0.02003610047913873,4.333836952381194
2021-01-13 05:00:00+00:00,353.49813377625406,355.5237613452979,352.7140171217111,354.52496337890625,45303600,66.87003881273567,4.295313016963121,3.9621951853820208,0.3331178315811001,347.66906585693357,339.127880859375,304.10769004821776,348.0751337843644,339.6856011213772,356.08112209999877,347.66906585693357,339.2570096138684,0.04839116889695772,2.2424818546493803,0.002692934516636436,0.01670485229517671,4.224973186038737
2021-01-14 05:00:00+00:00,355.27175642559587,355.7758416251156,352.9474094575699,353.283447265625,49989100,63.73822940920142,4.192159774243123,4.008188103154241,0.1839716710888819,348.1562835693359,340.05503967285154,304.6861995697021,348.57116363972256,340.2188499897791,356.683069976246,348.1562835693359,339.6294971624259,0.04898252198404987,1.7392820557529263,-0.003501914509626114,-0.0016883451750909773,4.125220256146378
2021-01-15 05:00:00+00:00,351.65913614935596,352.46191196389094,348.84004843357997,350.7070007324219,107160000,57.698950089997375,3.858039307648653,3.978158344053124,-0.12011903640447086,348.4877212524414,340.8222863769531,305.30528839111327,348.77457669617013,340.6301500189023,356.86876163831687,348.4877212524414,340.10668086656597,0.04809948744107572,0.48676586717433673,-0.007292859467785795,-0.014583300105864838,4.147947297281997
2021-01-19 05:00:00+00:00,353.1714400392003,354.0022476674901,351.68721605615525,353.4608154296875,51233300,61.85880065020847,3.771975279099877,3.936921731062475,-0.16494645196259805,348.8606430053711,341.5049969482422,305.91196853637695,349.2208851469813,341.1333133683449,357.42781901000035,348.8606430053711,340.2934670007419,0.049115176368561185,2.6735974999924648,0.007852180571002343,-0.00010558188004294866,4.0870401285524425
2021-01-20 05:00:00+00:00,355.7571424001168,359.19235686721606,355.3650983033549,358.35223388671875,61836100,67.89757978330388,4.051759346990366,3.9598892542480533,0.09187009274231261,349.5472137451172,342.1609814453125,306.55988166809084,350.09053740790864,341.80856515337916,358.8172636532754,349.5472137451172,340.27716383695895,0.05304033071147729,3.382443390726322,0.01383864418205727,0.01351749552946968,4.204504507765022
2021-01-21 05:00:00+00:00,358.91229363565395,359.3417132448048,357.7547921391025,358.6789245605469,47840100,68.25904078639346,4.250850287586104,4.018081460915663,0.23276882667044063,350.31172943115234,342.8249871826172,307.132600479126,350.90847904149325,342.47014787522886,359.93918178872474,350.31172943115234,340.68427707357995,0.05496505853918033,2.8617560639796205,0.0009116468182290838,0.01171697795847737,4.017534264760541
2021-01-22 05:00:00+00:00,356.82129871151545,358.5762386300744,356.4385700282183,357.4093933105469,52860500,65.18734427267559,4.257117331784059,4.065888635089343,0.19122869669471587,351.04170684814454,343.3818054199219,307.6977270507812,351.52761373378405,343.0560006373982,360.49559933734906,351.04170684814454,341.58781435894,0.05386193323914149,0.9970791576728812,-0.0035394643037792717,0.011678854689785911,3.890592855301115
2021-01-25 05:00:00+00:00,358.1468656490129,359.1736667921993,353.2834336002094,358.8189697265625,70402000,66.96490169776607,4.325958093823203,4.117902526836115,0.20805556698708827,351.82676086425784,343.9764813232422,308.22888328552244,352.2220285902391,343.6741562879537,361.1246440084951,351.82676086425784,342.52887772002055,0.05285489438834704,0.8209714288360234,0.003943870649171455,0.02313033095204675,4.033424307921744
2021-01-26 05:00:00+00:00,359.77110767785683,360.1818395328205,358.02551153797936,358.2588806152344,42665300,65.53304349861114,4.285915022792665,4.151505026027425,0.1344099967652399,352.5170639038086,344.51106323242186,308.7380208587646,352.7969668783339,344.24610626157255,361.56935584695896,352.5170639038086,343.46477196065825,0.05135803551127075,1.3467516996481266,-0.0015609239159093402,0.013574532101144232,3.899345999844559
2021-01-27 05:00:00+00:00,354.9263017522696,355.01965506445595,347.262470561871,349.5028076171875,123351100,48.18643727964197,3.5072097562118074,4.022645972064302,-0.5154362158524943,352.6216094970703,344.9348449707031,309.21508422851565,352.48323742489134,344.45225141277314,361.4819069029301,352.6216094970703,343.7613120912105,0.050253853803780626,-1.1511086690568186,-0.024440630705399813,-0.024694770766599206,4.406279146524475
2021-01-28 05:00:00+00:00,351.32316424973817,356.5226346350152,350.884457689655,352.5086975097656,94198100,52.804919643405675,3.096930923327534,3.8375029623169485,-0.7405720389894146,352.9095855712891,345.32783752441406,309.6697076416016,352.48566219487935,344.7681904754003,361.35225126942674,352.9095855712891,344.4669198731514,0.04784605487250053,-0.5687232430472595,0.008600474236734934,-0.017202647349132683,4.592961137331849
2021-01-29 05:00:00+00:00,350.6417872918386,351.61261084227345,343.77138533963864,345.45166015625,126765100,43.09315485695925,2.177240186475842,3.5054504071487274,-1.3282102206728852,352.8199737548828,345.49659057617185,310.1168367004395,351.8157572388194,344.7949932079826,361.53493828225146,352.8199737548828,344.1050092275142,0.04940176393427911,-2.216856512806408,-0.020019470167314424,-0.03345668406623836,4.88898621110293
2021-02-01 05:00:00+00:00,348.8587780208287,352.2379578048874,345.7409704717956,351.2018127441406,75817600,51.00091324867257,1.890574542831473,3.1824752342852767,-1.2919006914538036,352.9296569824219,345.8165985107422,310.5865408325195,351.7572863345643,345.04624103292997,361.5040474132759,352.9296569824219,344.35526655156787,0.04858979834205924,0.14108985868128582,0.01664531756857035,-0.021228412166242272,5.024508456641107
2021-02-02 05:00:00+00:00,354.3943082588558,357.72682583158235,351.2858443927636,356.16790771484375,64450700,56.60893313777829,2.0405896682052003,2.9540981210692614,-0.9135084528640611,353.52521362304685,346.3166107177734,311.04632553100583,352.17734551363856,345.48238482437756,361.21643571437716,353.52521362304685,345.83399153171655,0.043511590092870825,0.7658818649714683,0.01414028854777305,-0.005836485886406506,5.131687358841151
2021-02-03 05:00:00+00:00,356.9987457492047,358.17493522490895,355.16913983278585,356.447998046875,52427100,56.90849121968417,2.157211691287273,2.7947208351128636,-0.6375091438255907,354.01622619628904,346.7943383789063,311.5307850646973,352.58407432632777,345.9124088723186,361.11439830684634,354.01622619628904,346.91805408573174,0.04010082920109782,-0.5313866246040234,0.0007863996894843517,0.0198716298648296,4.979837932647004
2021-02-04 05:00:00+00:00,357.48412843034953,360.54593000501114,356.5599958734592,360.499267578125,47142600,61.09249264464126,2.5471768093995593,2.7452120299702027,-0.1980352205706435,354.60619049072267,347.39864013671877,312.0749057006836,353.33790225507033,346.4844425470561,361.7996103878712,354.60619049072267,347.4127705935741,0.040571315955843366,0.507513236192622,0.011365667792913925,0.022667724583272264,4.91684464875337
2021-02-05 05:00:00+00:00,362.3755135819587,362.62754192923927,360.452554669544,361.9180908203125,48669800,62.46696389326843,2.936859860751497,2.7835415961264616,0.15331826462503528,355.00804901123047,347.9917199707031,312.5981912231445,354.15506307080767,347.08968365581126,362.86215002170206,355.00804901123047,347.1539480007589,0.044247453162523286,1.2614938482739024,0.003935717405805894,0.04766638161939829,4.720997692392079
2021-02-08 05:00:00+00:00,363.3743303003986,364.57852277431755,362.5155480071299,364.5318603515625,38365200,64.92518699659189,3.41720443782782,2.9102741644667334,0.5069302733610868,355.43978424072264,348.5299951171875,313.13463806152345,355.14332947849863,347.7736905850564,364.32369192685076,355.43978424072264,346.55587655459453,0.04998825725210017,1.5921372912233431,0.007221991930068228,0.03795552051188622,4.573814425364434
2021-02-09 05:00:00+00:00,363.6916850333524,364.8865620369602,363.2809816726569,364.28912353515625,35551100,64.50267565289388,3.735236660293026,3.075266663631992,0.659969996661034,355.9793334960938,349.0738244628906,313.6519427490234,356.01435748389457,348.4213546223152,365.6057308324154,355.9793334960938,346.3529361597721,0.054084023596427555,1.6832082179138725,-0.0006658864225809191,0.022801649571455807,4.36179770671721
2021-02-10 05:00:00+00:00,366.0347318073811,366.18409143779456,361.7220757461524,364.13043212890625,59154400,64.20849096254292,3.9291812618935182,3.2460495832842975,0.6831316786092207,356.50721435546876,349.5957043457031,314.1496502685547,356.78731697389566,349.03739687747566,366.68968499591347,356.50721435546876,346.32474371502406,0.05712350398773078,4.185266668226732,-0.00043561939129566074,0.021552748575181857,4.368956134211848
2021-02-11 05:00:00+00:00,365.213277702474,365.63335345454,362.28217677979495,364.7185363769531,42913300,64.84833456941699,4.083269465135345,3.413493559654507,0.6697759054808379,357.0168930053711,350.15927856445313,314.65638198852537,357.5426712027583,349.652343524514,367.7566749919916,357.0168930053711,346.27711101875065,0.06016399894253126,3.4636986132375496,0.0016150922750632901,0.011703959420427346,4.29625760139279
2021-02-12 05:00:00+00:00,363.9157953957539,366.7628871393688,363.8411013276768,366.5202026367187,50593300,66.80608366899145,4.301183520133577,3.591031551750321,0.710151968383256,357.6787307739258,350.6852661132813,315.1376483154297,358.3976741964688,350.31382819558087,369.0306317409058,357.6787307739258,346.3268298069458,0.06347540398847519,6.098839551368564,0.004939881251068368,0.012715893272909229,4.198081044985588
2021-02-16 05:00:00+00:00,367.75227164700215,367.9483221577528,365.4839313434512,366.20269775390625,50972400,66.1073341571686,4.397569543852171,3.752339150170691,0.64523039368148,358.453515625,351.19058898925783,315.62990936279294,359.1410097733676,350.93692111943676,369.91104973854914,358.453515625,346.9959815114509,0.06392758678107394,4.271300564355045,-0.0008662684363054396,0.004583515418192352,4.074246028508158
2021-02-17 05:00:00+00:00,364.4478546223637,366.5388325620592,363.4303403165047,366.2868041992187,52290600,66.20816209170518,4.429680252729611,3.8878073706824754,0.5418728820471355,359.0948150634766,351.6994549560547,316.15803237915037,359.82156162344864,351.5388773186439,370.7959559913229,359.0948150634766,347.39367413563025,0.06517020261502765,2.841046670739455,0.00022967183428268534,0.0054837779527328046,4.005263615440039
2021-02-18 05:00:00+00:00,363.67301150998657,365.47461384883314,361.9460747372213,364.7278442382813,59712800,62.4968809831047,4.279996050519117,3.966245106649804,0.3137509438693127,359.41359558105466,352.11839599609374,316.674765625,360.2888266343851,352.05609170764933,371.3612369012398,359.41359558105466,347.4659542608695,0.06648408110922849,2.3228763344933863,-0.004256118274163945,0.0016406541630762383,4.0292254616227074
2021-02-19 05:00:00+00:00,365.9880704358901,366.2774458183221,363.6356918594277,364.0837707519531,83241000,60.97613268600034,4.06256813762127,3.985509712844097,0.07705842477717262,359.683837890625,352.5385852050781,317.176203918457,360.6502498836773,352.5277653956613,371.79615263290145,359.683837890625,347.57152314834855,0.06734978593038503,0.9943163540689623,-0.001765901607192366,-0.0017404260044078246,3.930120354284972
2021-02-22 05:00:00+00:00,361.3113893842329,363.7010867969079,361.0126700857885,361.2833862304687,67414200,54.73928618709109,3.622529062980391,3.912913582871356,-0.29038451989096536,359.8775375366211,352.88268798828125,317.67258117675783,360.71054858337175,352.87112307545766,371.96203924555647,359.8775375366211,347.79303582768574,0.06715896630645166,-0.17537244087611228,-0.007691593930981067,-0.014287933839872258,3.868761805133519
2021-02-23 05:00:00+00:00,359.0709464801728,363.0755672204831,354.9076507441411,361.7220153808594,107284100,55.50693400220508,3.271477081307353,3.7846262825585555,-0.5131492012512027,360.02268981933594,353.29728271484373,318.15534378051757,360.80687875456107,353.2182168913558,372.12257458549925,360.02268981933594,347.9228050531726,0.0672173455080578,-0.7708091599985936,0.0012140861360030453,-0.012235525299319261,4.17584428164841
2021-02-24 05:00:00+00:00,360.6299244440038,366.1374579842798,359.6404417407371,365.7080383300781,72433900,61.84077494567735,3.2771279055033915,3.683126607147523,-0.40599870164413154,360.3951477050781,353.79382873535155,318.63609848022463,361.27365585699124,353.7080138105214,372.7115897564113,360.3951477050781,348.0787056537449,0.0683496552590219,0.38950237689019024,0.011019575197881881,-0.0015800893248280046,4.341642278926574
2021-02-25 05:00:00+00:00,364.43850086453193,365.8107122221224,355.44911916352476,356.89599609375,146670500,46.187082200165335,2.541254066229044,3.4547520989638274,-0.9134980327347835,360.7648071289062,354.12212951660155,319.0725160217285,360.8567358795397,353.83303272358916,372.16078669746923,360.7648071289062,349.3688275603432,0.063176780791099,-1.9867705077160864,-0.024095839611746883,-0.02147312926132028,4.7716387631887915
2021-02-26 05:00:00+00:00,358.7816580580028,359.9298157917072,353.0687870795123,355.05706787109375,152701600,43.70105056515294,1.7890594442924908,3.1216135680295602,-1.3325541237370695,360.89222564697263,354.44414001464844,319.5266082763672,360.304386545402,353.8810341019227,371.96861480095697,360.89222564697263,349.8158364929883,0.061383362493484916,-2.6490204204685144,-0.005152560529631756,-0.024792928457690544,4.920880902403515
2021-03-01 05:00:00+00:00,359.93910464145296,364.9145490182848,355.25306411122193,363.6636657714844,105348800,55.71518259637555,1.8659112460053962,2.8704731036247275,-1.0045618576193314,361.8028259277344,354.84663146972656,320.0471002197266,360.624317900267,354.2646667164153,370.3599042108458,361.8028259277344,353.24574764462295,0.047302440279007624,-0.7793668247165115,0.024240041050289207,0.006588400219148971,5.273495205602623
2021-03-02 05:00:00+00:00,363.8877287804363,364.1210978494576,360.32184256880726,360.825927734375,79595300,51.790809578146174,1.6784865606718995,2.632075795034162,-0.9535892343622625,362.2840316772461,355.1815850830078,320.53787185668943,360.6435188368487,354.52197107006083,369.3559425054548,362.2840316772461,355.21212084903743,0.039040698511983773,-1.468249702284968,-0.00780319373146432,-0.0024772825771770535,5.168192353820318
2021-03-03 05:00:00+00:00,360.1257644042583,361.09655906914185,355.94378108365333,356.0464782714844,119940200,45.92370418887119,1.1312491826937503,2.3319104725660798,-1.2006612898723295,362.2779602050781,355.3824670410156,320.9987083435059,360.20570544967114,354.5817556661951,369.3710410127589,362.2779602050781,355.1848793973973,0.03915822427434197,-2.7957124882295066,-0.01324585927874078,-0.026418779589070684,5.167091327510904
2021-03-04 05:00:00+00:00,355.8598669496521,358.4549301482067,347.14120097339406,351.64056396484375,183433000,41.28106495006279,0.33814127311910624,1.9331566326766851,-1.595015359557579,362.03758850097654,355.5228619384766,321.39732711791993,359.3899776892114,354.4664148151617,370.1563217224153,362.03758850097654,353.91885527953775,0.044850222624974144,-3.5882317405104587,-0.012374548199522217,-0.014725388310396603,5.606136888032457
2021-03-05 05:00:00+00:00,355.1503950992835,359.16436039451537,347.85063187865177,358.1095275878906,152039600,49.37366153578483,0.22894965266266354,1.5923152366738809,-1.3633655840112173,361.91810150146483,355.8172802734375,321.8422552490234,359.26803006051415,354.6092819827197,370.1927233540773,361.91810150146483,353.64347964885235,0.04572648794456053,-1.640897959204201,0.01839652271657033,0.00859709605303527,6.0138220043061095
2021-03-08 05:00:00+00:00,359.0709604074307,361.8900482908478,356.0465066194313,356.3265380859375,123149200,47.43326066212747,-0.0014412313568641366,1.273563943067732,-1.275005174424596,361.6385238647461,356.0876141357422,322.2554089355469,358.9878879676973,354.6766253593165,370.2646370375412,361.6385238647461,353.012410691951,0.047705720511243395,-1.3720110952926956,-0.0049788943454333046,-0.020175586334647222,6.001659123385424
2021-03-09 05:00:00+00:00,360.1818668416844,363.9717786646601,359.67778162011194,361.4140625,113633600,53.09741767812086,0.22391191797026977,1.0636335380482396,-0.8397216200779698,361.48263397216795,356.45353759765624,322.70344818115234,359.218952208869,354.9408385805198,370.0060381753665,361.48263397216795,352.9592297689694,0.047158028641867154,-0.08513523306982836,0.014277702809874615,0.0016299681381488629,6.119057798766653
2021-03-10 05:00:00+00:00,363.766362972685,365.3625993873506,362.34748932491925,363.6636657714844,109899400,55.38656638613286,0.5773744820575075,0.9663817268500932,-0.38900724479258564,361.45136108398435,356.83775451660154,323.1601544189453,359.6422582624514,355.28291023506745,369.93785685346745,361.45136108398435,352.96486531450125,0.04695788525478113,-0.5590176710167237,0.006224448644646774,0.021393800991880374,5.964020590808363
2021-03-11 05:00:00+00:00,366.1374442709955,369.3299174808508,365.68002148147286,367.3509521484375,86245000,58.92522046531607,1.141866578212671,1.0014786971226088,0.14038788109006206,361.6123870849609,357.2365356445313,323.61852157592773,360.3764195849262,355.7561667806898,370.41252592285997,361.6123870849609,352.81224824706186,0.04867166696826379,2.9294125372987305,0.010139276270921371,0.044677405832975525,5.942751384991079
2021-03-12 05:00:00+00:00,365.9880942291193,367.9857188856928,365.1759743296628,367.845703125,64653600,59.39065957297618,1.61058705534532,1.1233003687671512,0.48728668657816887,361.7687454223633,357.6584661865234,324.05885314941406,361.0877799220761,356.2302662451726,370.88937396066973,361.7687454223633,352.64811688405683,0.050422424013761374,3.601853451499032,0.0013468073885993803,0.027187703166372312,5.718965182922432
2021-03-15 04:00:00+00:00,368.0977512494196,370.3007704564928,365.9507668370694,370.0393981933594,73427200,61.47516349534805,2.1344595479498025,1.3255322046036815,0.808927343346121,361.9447052001953,358.11437622070315,324.5127342224121,361.94031499553165,356.77180083137597,371.54821955067234,361.9447052001953,352.34119084971826,0.053066196092937674,1.7531947846231424,0.005963628362987583,0.03848397085741251,5.62118221410107
2021-03-16 04:00:00+00:00,370.6554678400284,371.3648905074109,368.7978304984493,369.5726318359375,73722500,60.76049269460955,2.4833417111025824,1.5570941059034618,0.9262476051991206,362.1132019042969,358.5256658935547,324.9580599975586,362.66720231366554,357.27379420410387,372.1194437641165,362.1132019042969,352.10696004447726,0.05526582188773212,2.4240786011368503,-0.001261396380225377,0.022574022935085702,5.403030628019681
2021-03-17 04:00:00+00:00,368.2844543184827,371.6356312794139,367.13626805556936,370.8328552246094,97959300,62.043488707516396,2.82891288747129,1.8114578622170276,1.0174550252542625,362.3405044555664,359.0571875,325.40401763916014,363.4448835432792,357.80552208726095,372.90652972243015,362.3405044555664,351.7744791887027,0.05832097232816784,4.152934477798832,0.003409947815701031,0.01971379086749314,5.338482956292883
2021-03-18 04:00:00+00:00,368.23771507922254,370.3286927276049,364.75583847059136,365.4372863769531,115349100,53.91539114726129,2.63700546358848,1.9765673824913181,0.6604380810971617,362.3759765625,359.4333782958984,325.81133728027345,363.6346361941053,358.10480696136653,372.9785229672379,362.3759765625,351.7734301577621,0.05851682832462401,3.923529827317858,-0.014549867336830835,-0.005209366575184782,5.391235370416107
2021-03-19 04:00:00+00:00,365.1357466625636,366.7184908289128,362.5789994905985,364.7611389160156,113624500,52.97872872619749,2.40266161080109,2.0617862281532724,0.34087538264781747,362.40984497070315,359.75460144042967,326.1963801574707,363.7419221676206,358.36583958703903,373.0382921611512,362.40984497070315,351.7813977802551,0.058654296167408276,1.8574237253412642,-0.0018502421240071953,-0.008385483866685806,5.301825082408835
2021-03-22 04:00:00+00:00,365.2763037073153,369.0599085399018,365.2201139616466,367.673828125,73778600,56.48575633143232,2.424029393968681,2.134234861316354,0.2897945326523268,362.7293670654297,360.03045959472655,326.59976608276367,364.11638940165676,358.73085874539044,373.5849478456147,362.7293670654297,351.8737862852447,0.05985498702798357,3.1845200472623243,0.007985196059098199,-0.006392751906712624,5.230178263942932
2021-03-23 04:00:00+00:00,367.0369570655354,368.4885729919062,363.9932222812316,364.7799072265625,90686600,52.31114331843351,2.1822921792648344,2.14384632490605,0.03844585435878445,362.8822616577148,360.20811462402344,326.951904296875,364.1795815754573,358.9680763328874,373.76289208783805,362.8822616577148,352.0016312275916,0.059967827473398426,0.931298772183913,-0.007870891744444886,-0.012968288765231484,5.177690581566622
2021-03-24 04:00:00+00:00,366.1846231627889,367.8235568981722,362.8786608283594,362.9254760742187,97588600,49.77264579875987,1.8200956692185741,2.079096193768555,-0.2590005245499807,362.7431335449219,360.39666137695315,327.2769808959961,364.0601429562917,359.1232684796063,373.5465618325809,362.7431335449219,351.93970525726286,0.05956517043937995,-0.20298692631271517,-0.005083698733417408,-0.021323297110773187,5.161062402155637
2021-03-25 04:00:00+00:00,361.48328710314735,365.7632243823557,359.53528100576926,364.9671936035156,116128600,52.50537513797028,1.6784536973687523,1.9989676944885943,-0.3205139971198421,363.14669342041014,360.62454895019533,327.6233729553223,364.1465287322178,359.35244201387724,373.6449840350026,363.14669342041014,352.6484028058177,0.05781845631422963,-0.6489049588630593,0.0056257211573633725,-0.0012863842606158915,5.2372681860435515
2021-03-26 04:00:00+00:00,366.1191203770628,371.2513354528067,365.51975365812234,370.8486328125,114409100,59.36403862345166,2.0175276027915174,2.002679676149179,0.014847926642338471,363.93627166748047,360.9510223388672,328.0074217224121,364.78482435891135,359.80327302558794,374.25595850234635,363.93627166748047,353.6165848326146,0.05671150494334194,0.8163557877634241,0.016114980502531795,0.01668898697535326,5.312044876275517
2021-03-29 04:00:00+00:00,369.3688035732011,371.5696629958133,367.8797187504296,370.6612243652344,108107600,59.0713122278722,2.2452420673404276,2.051192154387429,0.19404991295299867,364.286149597168,361.2985778808594,328.47528884887697,365.3444815023707,360.2290750389074,375.0116525256778,364.286149597168,353.5606466686582,0.058885043751293796,0.1680432340207387,-0.0005053502445035996,0.008125126162688678,5.196180545497529
2021-03-30 04:00:00+00:00,369.3875943515062,370.35222281435466,368.076424449529,369.6779174804687,76262200,57.47004224152488,2.319623596423412,2.1048784427946257,0.21474515362878632,364.72874908447267,361.6779962158203,328.92164733886716,365.757189690761,360.59961787975294,375.5764419709048,364.72874908447267,353.88105619804054,0.05948361851738623,0.028488485201991924,-0.0026528452941081415,0.013427302756738868,5.009653357655233
2021-03-31 04:00:00+00:00,370.2492323772652,372.74041546812293,370.2211375092786,371.1763916015625,112734200,59.28148544494026,2.4710016633828786,2.178103086912276,0.29289857647060247,365.48524475097656,362.0323077392578,329.3624095153809,366.27330415845637,361.0143933198239,375.90740151894994,365.48524475097656,355.0630879830032,0.05703188797717136,0.09263914243656993,0.004053458565517198,0.02273446222787756,4.87057083122659
2021-04-01 04:00:00+00:00,373.11502193486143,375.2409717344866,372.90898337676424,375.1847534179687,99682900,63.73150260853023,2.881198508453224,2.318722171220466,0.5624763372327579,366.66245422363284,362.3689581298828,329.79597625732424,367.1220136117433,361.5700937158296,375.8035219724459,366.66245422363284,357.5213864748198,0.04986094236546931,2.6673433183719886,0.010799075337498687,0.027995830840491953,4.813000067062126
2021-04-05 04:00:00+00:00,377.8538821791674,381.113029775111,377.7789720579834,380.56982421875,91684800,68.68322192496626,3.5993219294857113,2.574842122873515,1.024479806612196,367.7854690551758,362.80677612304686,330.262459564209,368.40275747907725,362.3151811865324,377.9130031859434,367.7854690551758,357.65793492440815,0.05507305199840986,4.333982877044981,0.01435311736877054,0.026213367250473407,4.89266265921071
2021-04-06 04:00:00+00:00,380.00789335156907,381.3939448268143,379.6707263841189,380.3450317382813,62021000,68.26424050518726,4.103004162001014,2.880474530699015,1.2225296313019989,368.986393737793,363.26548889160154,330.7272659301758,369.5401169323348,363.0222341493461,379.0901143576042,368.986393737793,358.88267311798177,0.05476473274508361,3.4463164478961525,-0.0005906734222298482,0.026125763194223106,4.666273786602472
2021-04-07 04:00:00+00:00,380.1764761224712,381.1317301663428,379.71758377503375,380.78521728515625,55836300,68.66731049282303,4.485983628115491,3.2015763501823105,1.2844072779331808,369.95495147705077,363.70481384277343,331.20248458862307,370.61107887069875,363.71882172329947,380.66509439540073,369.95495147705077,359.2448085587008,0.05789971387375436,4.387662187943086,0.0011573321856293006,0.030045883942403373,4.433978972652941
2021-04-08 04:00:00+00:00,382.04013051081506,382.64887161223606,381.1035969453254,382.5926818847656,57863100,70.33347162078282,4.879101655061618,3.537081411158172,1.3420202439034457,370.90140228271486,364.19148986816407,331.67757583618163,371.7521839196575,364.4589731021805,382.526825957881,370.90140228271486,359.2759786075487,0.06268740750839653,5.419075569807881,0.0047466774379947285,0.030757048512551677,4.250384355112003
2021-04-09 04:00:00+00:00,382.4710055003902,385.54283484528173,382.34925154836947,385.3742370605469,61104600,72.7362182767418,5.353388252531204,3.9003427794327785,1.4530454730984252,371.8025665283203,364.90891845703123,332.159955291748,373.0495223140279,365.27917953192036,384.8897181552774,371.8025665283203,358.7154149013632,0.07039839315342787,5.591473374782438,0.0072702780462985395,0.027158576007556334,4.174898565240594
2021-04-12 04:00:00+00:00,384.7748399171258,385.786283641801,384.1660987859309,385.51470947265625,56704900,72.85578397407329,5.675178819007215,4.255309987347666,1.4198688316595485,372.68601684570314,365.56903869628906,332.67988372802733,374.236682995802,366.0727297256747,386.9206513362863,372.68601684570314,358.45138235511996,0.07638942083773698,3.95473391635001,0.0003645090890891378,0.012993371884009175,3.992419014571272
2021-04-13 04:00:00+00:00,385.4118016166426,387.2848694501414,385.0278192810857,386.6573791503906,56551000,73.86002958673414,5.953772669381635,4.59500252375446,1.358770145627175,373.5169158935547,366.39315307617187,333.1904350280762,375.4196064390962,366.87997087958513,388.928019716487,373.5169158935547,358.10581207062245,0.08251890700084992,4.315572747742908,0.002964010580289944,0.016596371413766464,3.8684640970344435
2021-04-14 04:00:00+00:00,386.629153835871,387.68744137767425,384.7935559809422,385.3367614746094,61659900,70.60869323062606,5.99884652480489,4.875771323964546,1.1230752008403435,374.3051223754883,367.07585205078124,333.72817520141604,376.36409739485936,367.6037665891939,390.42490270200346,374.3051223754883,358.1853420489731,0.08613176450385014,4.235807240222292,-0.0034154725785475737,0.011953048550318757,3.7988513327271307
2021-04-15 04:00:00+00:00,387.4814056496014,389.747829555442,387.4345904015181,389.4762268066406,60229800,74.41107936538134,6.2960116343178925,5.159819386035216,1.1361922482826765,375.23729095458987,367.7420184326172,334.26619857788086,377.61287162455284,368.461510127133,392.55758883985783,375.23729095458987,357.9169930693219,0.09231650639629,4.930226064787545,0.010742461519088753,0.017991836351821,3.8425811004489536
2021-04-16 04:00:00+00:00,390.7686711718235,391.38678681954315,389.34515029209115,390.7780456542969,82037300,75.48520854240543,6.560932677945118,5.440042044417197,1.120890633527921,376.504328918457,368.4286193847656,334.7926777648926,378.8666977226237,369.33666838310023,394.4672399133332,376.504328918457,358.54141792358087,0.09541941282043823,4.156163621861446,0.003342486031381098,0.014022236242276387,3.713942202377743
2021-04-19 04:00:00+00:00,389.841593031769,390.2911109921106,387.5283532583603,388.8582153320313,78498500,70.76745653224839,6.540574578977328,5.660148551329224,0.8804260276481042,377.7091827392578,368.99579833984376,335.299559173584,379.8182708282816,370.1022192438426,395.5922104501645,377.7091827392578,359.82615502835114,0.09469204630511607,2.177889728986283,-0.004912840789331185,0.008672836022129093,3.6807815019176586
2021-04-20 04:00:00+00:00,387.6406372471208,388.7457400683616,384.5313387439712,386.0110778808594,81851800,64.3447693752216,6.222965963122988,5.772712033687977,0.45025392943501075,378.6260452270508,369.4776580810547,335.78428924560546,380.40806197614614,370.7260960531374,396.2352120717545,378.6260452270508,361.01687838234704,0.09301614121207136,1.4897121481205315,-0.0073217880937422875,-0.0016715089492185253,3.726931150927832
2021-04-21 04:00:00+00:00,385.3929527509193,389.8695822374006,385.252449845648,389.6635437011719,66793000,68.31730424761076,6.194575107727815,5.857084648495945,0.33749045923186927,379.87022705078124,369.98029174804685,336.26496994018555,381.2895364261486,371.46874105894267,396.8970579458754,379.87022705078124,362.84339615568706,0.08964551408667268,2.3315837939598816,0.00946207513101438,0.011228573702661393,3.7905169538438863
2021-04-22 04:00:00+00:00,389.49495074233465,390.3284507375282,385.03704191092794,386.1046752929687,97582800,61.16629858974771,5.817839776974893,5.849235674191735,-0.031395897216841995,381.02918701171876,370.41660278320313,336.74299285888674,381.74812108013145,372.0426992641986,396.3552748821201,381.02918701171876,365.7030991413174,0.08044574217843312,0.9179457879073748,-0.0091331828849055,-0.008656629805920746,3.8977235161836283
2021-04-23 04:00:00+00:00,386.6666652858134,391.7052211795834,386.59175516511834,390.2910461425781,73209200,65.71281425541225,5.7903321095222395,5.837454961257836,-0.047122851735596605,382.2953796386719,370.93981506347654,337.2308383178711,382.56173299084065,372.7583207104095,396.2250197919566,382.2953796386719,368.36573948538717,0.07287370392208438,1.2758530823270267,0.010842580050171247,-0.0012462304807920876,4.0193536855001355
2021-04-26 04:00:00+00:00,390.9466097278347,391.67710483269894,390.35658895453304,391.1058044433594,52182400,66.53401492961368,5.767788791671251,5.82352172734052,-0.05573293566926907,383.30823822021483,371.4675604248047,337.731089630127,383.3754540815567,373.47782987640755,396.69668320992486,383.30823822021483,369.9197932305048,0.06985732971394272,1.4502935512762036,0.002087565955801063,0.00577997075208736,3.831261185830184
2021-04-27 04:00:00+00:00,391.40555820957167,391.6022508827093,389.8790035659175,391.0215759277344,51303100,66.35707748763457,5.677677777388624,5.794352937350141,-0.11667515996151678,384.32625579833984,371.957587890625,338.21606033325196,384.10365616214506,374.16581991763604,396.77674751206087,384.32625579833984,371.8757640846188,0.06479126276636135,1.12869869105648,-0.00021535992222077027,0.012980192367488153,3.6806887666131565
2021-04-28 04:00:00+00:00,391.29319250043034,392.417044515156,390.4409432957331,390.9092102050781,51238900,66.10451634685694,5.533411451828329,5.742164640245778,-0.2087531884174494,385.3878204345703,372.45171813964845,338.7131991577148,384.7518041662339,374.82242345832003,396.1701838422434,385.3878204345703,374.6054570268972,0.055955911608803234,1.4461243482568507,-0.0002873645076736375,0.0031967745611365395,3.558932513242424
2021-04-29 04:00:00+00:00,393.6438680253927,394.0184758048344,390.01011254525065,393.4003601074219,78544300,68.92808287915022,5.556047668150995,5.704941245826822,-0.14889357767582645,386.49901885986327,372.9939892578125,339.20390716552737,385.5754761606328,375.5509699935789,395.6514791520636,386.49901885986327,377.34655856766295,0.04736084618894629,1.0075411618715886,0.006372707107711317,0.01889561375789439,3.5910347094096613
2021-04-30 04:00:00+00:00,391.1245628402862,391.9768119133035,389.9164263982354,390.81549072265625,85527000,63.05830202608087,5.304265406164291,5.624806077894316,-0.32054067173002565,387.28055572509766,373.5157421875,339.66812759399414,386.0745251665398,376.14957864962116,394.99082130314,387.28055572509766,379.5702901470553,0.039817468055459646,0.00958218323055459,-0.0065705821521357954,0.001343726906526399,3.583384637965149
2021-05-03 04:00:00+00:00,392.8103349425953,393.1943172010252,391.1620550150992,391.6584167480469,68128300,64.13100729071076,5.11379459431231,5.522603781177915,-0.4088091868656054,387.8349853515625,374.0672351074219,340.1414698791504,386.6063243647786,376.7577683789712,395.11818357750207,387.8349853515625,380.551787125623,0.03755823224321813,0.7201085911543831,0.0021568388290647,0.0014129483592655312,3.4973447694225652
2021-05-04 04:00:00+00:00,389.6636086069614,390.1599703568175,385.54286577673696,389.2421569824219,101591200,58.85521875575379,4.7135383975201535,5.360790704446363,-0.6472523069262097,388.2798416137695,374.62641052246096,340.5984257507324,386.85735604264937,377.2473522457732,394.7164193843046,388.2798416137695,381.84326384323447,0.033154323664001374,0.8370431023121463,-0.006169303817564531,-0.004550692480563723,3.684359498128804
2021-05-05 04:00:00+00:00,390.89041549109834,391.12454890125105,388.8019351834701,389.3638610839844,60162200,59.03800633456495,4.355940412152108,5.159820645987512,-0.8038802338354039,388.7087738037109,375.17924743652344,341.04395446777346,387.0960708084908,377.7225094551148,394.1580621039227,388.7087738037109,383.25948550349915,0.028037897096521637,-0.0769080459365023,0.00031266937401119854,-0.003953217475441528,3.5870919423896708
2021-05-06 04:00:00+00:00,389.43881678077094,392.604305429452,387.4252749339344,392.47320556640625,74321400,63.49948868742036,4.2741695799099375,4.982690432771998,-0.7085208528620601,389.20279998779296,375.71455078125,341.5018359375,387.6081788806732,378.30096812614585,394.10905810611376,389.20279998779296,384.29654186947215,0.025211833617202587,1.6494310172766595,0.007985703844639147,-0.0023567709515122104,3.700801839041663
2021-05-07 04:00:00+00:00,393.24116839903866,395.9852054159455,392.5574884752658,395.3296203613281,67733800,67.04999799937251,4.389257776695047,4.8640039015566074,-0.47474612486156076,389.70056915283203,376.48322326660156,341.96543579101564,388.3435542597832,378.9687584098785,394.9594928941757,389.70056915283203,384.44164541148837,0.026989561512707108,1.2909786859187506,0.0072779867629424455,0.011550539182376918,3.6873159826486313
2021-05-10 04:00:00+00:00,395.6855085973349,395.91026755105577,391.29316303200807,391.4149169921875,81852400,58.632341234699815,4.117122530749725,4.714627627395231,-0.5975050966455058,389.9955795288086,377.21038024902344,342.42751556396485,388.63606499620266,379.4568430601651,394.9343716766893,389.9955795288086,385.0567873809279,0.025327426294665816,0.07903553087586335,-0.009902378085311692,-0.0006217145998831386,3.753729449534279
2021-05-11 04:00:00+00:00,386.8820921309742,388.9143543332636,384.0350215703877,387.921630859375,116888000,52.320133656462026,3.57832568038873,4.487367237993931,-0.9090415576052013,390.0587921142578,377.69553955078123,342.88175720214844,388.5680236498381,379.78879552287924,394.85537640096913,390.0587921142578,385.2622078275465,0.02459416059159761,-0.7927810788968543,-0.008924764951873887,-0.003392556791083967,4.012741304696102
2021-05-12 04:00:00+00:00,385.1306855984011,386.4043574532222,378.35953803217666,379.6800537109375,134811000,41.082766533538695,2.4579650059525875,4.081486791585663,-1.6235217856330753,389.77595672607424,378.0726220703125,343.28395919799806,387.72155032232376,379.78453113809724,396.08241095082263,389.77595672607424,383.46950250132585,0.032359380387233204,-2.8725740404657145,-0.021245469426852237,-0.024870842779520563,4.409123556303405
2021-05-13 04:00:00+00:00,381.2347325154382,386.1796286907633,381.1878886878432,384.2409973144531,106394000,47.76861219818935,1.9160145085300542,3.6483923349745413,-1.7323778264444871,389.51419525146486,378.6365124511719,343.71845504760745,387.3900690834789,379.95929451756217,396.26745195791597,389.51419525146486,382.76093854501374,0.03467527904646096,-2.3282548064947615,0.012012597340675724,-0.020975210881141848,4.558441515126434
2021-05-14 04:00:00+00:00,386.985030226416,390.993392781113,386.95693536241697,390.1411437988281,82201600,54.898713594166615,1.9402414508011816,3.3067621581398696,-1.366520707338688,389.4823501586914,379.4065240478516,344.16416671752927,387.6520761992265,380.35858272467067,396.21744993757756,389.4823501586914,382.7472503798053,0.03458487798557226,-0.17254866806358962,0.015355327842714539,-0.013124431601552633,4.715152511664537
2021-05-17 04:00:00+00:00,389.0267426458756,389.96327633452273,387.1255518204116,389.1484680175781,65129200,53.573626268790896,1.8579238480842832,3.0169944961287527,-1.1590706480444695,389.4968627929687,380.0273028564453,344.6102848815918,387.79458970573614,380.70328410870627,396.2277700992536,389.4968627929687,382.7659554866839,0.03456206172249743,-0.6408514723898798,-0.0025444016787982138,-0.005790400100297188,4.593755330718251
2021-05-18 04:00:00+00:00,389.4106602818648,389.6541681642224,385.6364310090094,385.795654296875,59810200,49.24975195378059,1.5047961548672788,2.714554827876458,-1.2097586730091794,389.48609161376953,380.61668518066404,345.027788848877,387.6042149048922,380.9029849003992,396.239927462249,389.48609161376953,382.73225576529006,0.03468075494298703,-0.8854392114835904,-0.008615770062730066,-0.005480427986937042,4.55261117532502
2021-05-19 04:00:00+00:00,381.0942636120644,384.96212335727006,379.6051500427809,384.7841796875,106467100,47.99136173351411,1.1302930514009972,2.3977024725813663,-1.267409421180369,389.24212341308595,381.0840875244141,345.42972732543944,387.33564012228345,381.0551886175404,396.2984336415441,389.24212341308595,382.1858131846278,0.03625666290474719,-1.1761958040313747,-0.0026217884989359064,0.013443229178555782,4.669603538094241
2021-05-20 04:00:00+00:00,385.6644677689352,390.18794039032326,385.5427424268331,388.9236145019531,78022200,53.255339462562446,1.1542094307339994,2.149003864211893,-0.9947944334778938,389.38307037353513,381.58928649902344,345.84648422241213,387.48687577749007,381.36375433849776,396.2941935312868,389.38307037353513,382.4719472157835,0.03549781016992763,-0.9044161522645745,0.010757809268080898,0.012186667274517449,4.722043335574885
2021-05-21 04:00:00+00:00,390.4127887790832,391.6583945728601,388.1463932893185,388.6052856445313,76578700,52.81265305127562,1.1344001959357684,1.9460831305566684,-0.8116829346209,389.2987823486328,382.0143731689453,346.25216003417967,387.59339100292254,381.6477359583422,396.20467195349505,389.2987823486328,382.3928927437706,0.035478608811459034,-1.7009438125710972,-0.0008184868327665296,-0.003936673121276213,4.6356117604296525
2021-05-24 04:00:00+00:00,390.8529304796665,393.6438109059099,390.6094225970298,392.5668029785156,51376700,57.542603850313434,1.4219709794067512,1.841260700326685,-0.4192897209199338,389.3718322753906,382.5087951660156,346.66736694335935,388.06704928631234,382.07593466501567,396.3827446314716,389.3718322753906,382.3609199193096,0.036011399772351314,0.2942877075763355,0.010194193132020413,0.008784140866213264,4.66439129621172
2021-05-25 04:00:00+00:00,393.6532139010418,394.0091012947467,391.1152154711999,391.69586181640625,57451400,56.208633942215975,1.561594138944713,1.7853273880502907,-0.22373324910557768,389.4055465698242,382.9419244384766,347.077108001709,388.41265047965464,382.45318671016827,396.45425122301157,389.4055465698242,382.3568419166368,0.036202384456398444,0.9729364533424129,-0.0022185807753006825,0.015293608037873163,4.537926619592796
2021-05-26 04:00:00+00:00,392.2858873840644,392.9789132133939,391.2463486400701,392.47320556640625,43088600,57.16314954689123,1.7151998862870528,1.7713018876976432,-0.05610200141059041,389.48374633789064,383.3999359130859,347.4861067199707,388.79937001172624,382.8461286260992,396.63145100101343,389.48374633789064,382.33604167476784,0.036703481109693924,3.3694558696013526,0.0019845595161389618,0.01998269753489046,4.33754361628787
2021-05-27 04:00:00+00:00,393.5033533975978,394.0184354690083,392.3982219773763,392.67919921875,56707700,57.4279656277476,1.8324323741492208,1.7835279849879588,0.04890438916126194,389.447688293457,383.83686279296876,347.9089584350586,389.1688775552523,383.2317392375757,396.5229050646787,389.447688293457,382.37247152223534,0.036334619431045906,2.1960701651498327,0.0005248604221184117,0.009656355584389376,4.143448607383879
2021-05-28 04:00:00+00:00,394.25259179378133,394.514820085861,393.14748889006984,393.3816223144531,58520200,58.3729658684722,1.9594325204317897,1.8187088920767251,0.14072362835506458,389.57599487304685,384.39574951171875,348.3138429260254,389.5700913418429,383.6297738680415,396.8364241114292,389.57599487304685,382.3155656346645,0.03727349392124816,0.8305913301202388,0.0017887962924967304,0.012290971961433472,3.97860376879296
2021-06-01 04:00:00+00:00,395.7510371233868,395.89151145679193,392.59492324968153,393.03509521484375,54216600,57.69258728452169,2.0089611567763086,1.856759345016642,0.15220181175966663,389.6448287963867,384.9612286376953,348.71981887817384,389.9000917107001,383.9986099992887,397.00829667174105,389.6448287963867,382.2813609210324,0.03779579417542941,0.9987517661485599,-0.0008808929547104993,0.001192898209362303,3.92988837152992
2021-06-02 04:00:00+00:00,393.69066759286113,394.4961014382717,392.6792237705968,393.6531982421875,49097100,58.61909118094738,2.074178863708653,1.9002432487550442,0.17393561495360865,389.865380859375,385.4808160400391,349.12883895874023,390.25753042798465,384.3772213029318,397.4289159129247,389.865380859375,382.30184580582534,0.03880075238728551,2.036711367221885,0.0015726408019769433,0.004997082217576887,3.7789590355402742
2021-06-03 04:00:00+00:00,391.3306351753736,393.3348025487419,389.8602703208993,392.1922302246094,58138800,55.52398243407148,1.985093534533064,1.9172133059106484,0.0678802286224156,390.0067993164063,386.0290625,349.5256007385254,390.4417875514727,384.6836922410368,397.63304393371266,390.0067993164063,382.3805546990999,0.03910826493627017,1.9252482113806695,-0.0037113073743637592,-0.0007159096157695055,3.779956813093697
2021-06-04 04:00:00+00:00,394.04658162329105,396.0788724688653,392.257798702454,395.7791748046875,55938800,60.97247633037348,2.178813217099389,1.9695332881483967,0.20927992895099234,390.17209777832034,386.6861364746094,349.93691802978515,390.95011014701697,385.11880920431724,398.1406449755504,390.17209777832034,382.20355058109027,0.04084632008595072,1.7627009641760765,0.009145883838707958,0.007894422704602277,3.7875772010338573
2021-06-07 04:00:00+00:00,395.7697798896526,395.9477235822755,394.4586384024901,395.3951721191406,51555000,60.1233196979985,2.2751254240566823,2.030651715330054,0.2444737087266282,390.1753753662109,387.29469604492186,350.3528422546387,391.3734493824573,385.52180382842795,398.15245470261306,390.1753753662109,382.1982960298088,0.040889711857981875,1.7472450132395334,-0.0009702447980907136,0.005118566019532977,3.6233991995161086
2021-06-08 04:00:00+00:00,396.256741511377,396.3504005931343,393.64383318900553,395.47943115234375,47134300,60.25412127159484,2.331377868919162,2.0907969460478757,0.24058092287128652,390.37860107421875,387.78731201171877,350.76432693481445,391.7644952653036,385.91229901760113,398.6724482426713,390.37860107421875,382.0847539057662,0.042491300217942625,0.7419445943287077,0.00021310081443726148,0.006219128946141295,3.5579112141312974
2021-06-09 04:00:00+00:00,396.32236088203933,396.3972995901698,394.66470636912584,394.8894653320313,48436300,58.79978520313143,2.301819087986871,2.133001374435675,0.16881771355119612,390.72699279785155,388.27187683105467,351.1673072814941,392.0621114621348,386.2643447554219,399.16290605157934,390.72699279785155,382.29107954412376,0.04318060133660761,0.8153273564891393,-0.0014917737152433386,0.0031404980205018695,3.427531357482201
2021-06-10 04:00:00+00:00,396.1162954173843,397.6803193100831,394.7957794384658,396.72503662109375,51020100,61.882487967340005,2.3988562816775243,2.186172355884045,0.2126839257934794,391.57924194335936,388.8128192138672,351.5635414123535,392.50619957251183,386.6745679658404,398.72400585152667,391.57924194335936,384.43447803519206,0.03649204627246698,1.0833430140922302,0.004648316681527653,0.011557613963663727,3.3887462513489965
2021-06-11 04:00:00+00:00,397.2775797356141,397.4929641801739,395.9851587453018,397.3805847167969,45570800,62.94872393576208,2.499839614492089,2.2489058076056536,0.2509338068864353,392.23622131347656,389.3369030761719,351.95749862670897,392.9704267291104,387.0944117599956,398.9654346761705,392.23622131347656,385.5070079507826,0.034312044615155156,1.1972586038171764,0.0016523991056536236,0.004046220756561247,3.254393335886359
2021-06-14 04:00:00+00:00,397.4930771159863,398.3734212702142,396.247499602013,398.2704162597656,42358500,64.40423346275426,2.6214531223814106,2.323415270560805,0.2980378518206055,392.64268493652344,389.7986163330078,352.3399348449707,393.4751876367918,387.5326864462611,399.7859260457611,392.64268493652344,385.4994438272858,0.036385453661985055,1.2427611428692005,0.002239242623297555,0.007271824097433877,3.173788216765988
2021-06-15 04:00:00+00:00,398.42023055247114,398.45767132716105,396.65954239674767,397.5398864746094,51508500,62.242444295535584,2.628584370802116,2.3844490906090674,0.24413528019304875,393.062255859375,390.138017578125,352.71520095825196,393.8623018118221,387.9251256630591,400.3201026966325,393.062255859375,385.8044090221175,0.03692975720291043,1.1461549654498875,-0.0018342557100193835,0.005210018928827553,3.0755268391693735
2021-06-16 04:00:00+00:00,397.6802734306868,397.90503235240567,393.2692081075272,395.3201904296875,80386100,56.082630806891714,2.4271463838354066,2.3929885492543352,0.034157834581071356,393.5384826660156,390.4375207519531,353.0689529418945,394.0011483468569,388.21512820292685,400.0367999004057,393.5384826660156,387.04016543162555,0.03302506626730581,0.423467202843457,-0.005583580718418468,0.0010907485143825113,3.186976653862879
2021-06-17 04:00:00+00:00,394.90816876040657,396.1724663616995,392.70730889994087,395.1891174316406,90949700,55.73188774797478,2.231208845668675,2.360632608537203,-0.12942376286852797,394.05872955322263,390.7255987548828,353.4279286193848,394.1142882596934,388.4886179766019,399.19320659398767,394.05872955322263,388.9242525124576,0.02605945081631066,0.7641373224846718,-0.00033156160808378576,-0.003871495488498855,3.206846711569718
2021-06-18 04:00:00+00:00,391.896790534333,392.592083637559,389.6511670033553,389.8578796386719,118676300,43.74755199873573,1.626985721504468,2.213903231130656,-0.586917509626188,394.1054428100586,390.87090270996094,353.74501831054687,393.7089160100723,388.5423145123694,399.0662565186802,394.1054428100586,389.14462910143703,0.025175058092321068,-1.4961108474031553,-0.01349034565429541,-0.018930731312618687,3.373354119906548
2021-06-21 04:00:00+00:00,391.6243224239138,395.62701792977555,390.8068769866315,395.4390869140625,72822000,54.72402485279895,1.580274900079246,2.087177564920374,-0.5069026648411281,394.44713287353517,391.07219970703125,354.0664057922363,393.8736941914047,388.8127761751809,398.74225100972893,394.44713287353517,390.1520147373414,0.021777915356635813,0.01110655820264861,0.01431600479785966,-0.007109062662230103,3.5444815607063425
2021-06-22 04:00:00+00:00,395.4296600028668,398.389386740263,394.70615149146886,397.5531311035156,57700300,58.06211811192842,1.69431097361894,2.0086042466600875,-0.3142932730411476,394.69644927978516,391.31296813964843,354.45534713745116,394.2241167544629,389.15553519197834,399.10345756435476,394.69644927978516,390.28944099521556,0.022331127085694354,0.5243508986370163,0.005346067850678926,3.33164780612627e-05,3.554392538426898
2021-06-23 04:00:00+00:00,397.6283643449203,398.4364046264242,396.9894447724409,397.0740051269531,49445400,57.03576161015173,1.726126212893007,1.9521086399066716,-0.22598242701366456,394.9653564453125,391.5213006591797,354.8549465942383,394.49553469470004,389.46606342472245,399.26213746158265,394.9653564453125,390.6685754290424,0.021757761515800538,0.5532028546482017,-0.0012051872795783014,0.004436440990679857,3.403861632395212
2021-06-24 04:00:00+00:00,399.225727156707,399.8458364778154,398.97201739654946,399.4230346679687,45110300,60.70337894074463,1.918768700349517,1.9454406519952407,-0.02667195164572367,395.31284790039064,391.8030261230469,355.30961898803713,394.9648204064399,389.8565328852419,399.86381941019715,395.31284790039064,390.7618763905841,0.023024657731100365,0.680067502130389,0.005915848206342611,0.010713648351059257,3.3587166122857157
2021-06-25 04:00:00+00:00,400.1745990767725,401.2927224783095,399.84573419263063,400.8417053222656,58129500,62.770391692503075,2.1610034227696246,1.9885532061501177,0.172450216619507,395.7209732055664,392.03033569335935,355.7409259033203,395.52452373175663,390.28732396120364,400.69807159989136,395.7209732055664,390.7438748112414,0.025154584827827665,0.8709838222054567,0.003551799799118349,0.028173922491380177,3.2523574121467926
2021-06-28 04:00:00+00:00,401.36791246800897,401.8189009566946,400.1652287077761,401.6497802734375,53159600,63.934087875598664,2.390623461536734,2.068967257227441,0.321656204309293,396.13438110351564,392.2477703857422,356.2035845947266,396.107881497631,390.73291048325206,401.6137535308744,396.13438110351564,390.65500867615685,0.02766421037272674,0.8485099258458951,0.0020159452982124737,0.015705815547578217,3.1381656147733428
2021-06-29 04:00:00+00:00,402.03499591780417,402.6739153566939,401.33029776996494,401.8658752441406,35970500,64.25584918808775,2.5605199743415596,2.1672778006502647,0.393242173691295,396.57592010498047,392.5079235839844,356.6665364074707,396.6562618544415,391.1694973366202,402.39765402635635,396.57592010498047,390.7541861836046,0.02935999704588603,1.088189868919618,0.0005380183964149854,0.010848220786624951,3.009983612770172
2021-06-30 04:00:00+00:00,401.4054988705683,402.8806740439344,401.37731208840023,402.20416259765625,64827900,64.78549348196381,2.691435948764365,2.2721094302730847,0.41932651849128044,397.0034683227539,392.8317852783203,357.11081192016604,397.1846333537953,391.60222930764127,403.15069192622195,397.0034683227539,390.8562447192859,0.03096811032628307,1.7413661974831889,0.0008417916881100496,0.01291990259866771,2.9023677801104566
2021-07-01 04:00:00+00:00,402.96526015847866,404.5907744987678,402.8994814377987,404.4310302734375,53441000,68.13294695520828,2.9409756755252943,2.405882679323527,0.5350929962017674,397.6154083251953,393.12713500976565,357.558306427002,397.8747663937612,392.1053195415941,404.1495194861352,397.6154083251953,391.0812971642554,0.03286648869299301,2.3386050966840024,0.005536659942549926,0.012538074098885854,2.8655280744676785
2021-07-02 04:00:00+00:00,405.5961749418704,407.8793906014604,404.51561458575566,407.5223388671875,57697700,72.09809519713957,3.3495687318846876,2.594619889835759,0.7549488420489285,398.2025665283203,393.55548828125,358.0275065612793,398.7935828198018,392.7099085347546,405.9659867466218,398.2025665283203,390.43914631001877,0.038992316327772246,4.530999667080579,0.007643598938637197,0.016666513130291216,2.907158949721622
2021-07-06 04:00:00+00:00,407.57866250692047,407.79478028651687,404.036389732283,406.7799987792969,68710400,69.85042887476305,3.572301760689186,2.790156264006445,0.782145496682741,398.7718078613281,393.88526733398436,358.50678939819335,399.5541938635633,393.26167677963866,407.2637291301219,398.7718078613281,390.27988659253435,0.04259037926646411,2.86792890246052,-0.0018215936087188078,0.01277286521199339,2.9679612071867827
2021-07-07 04:00:00+00:00,407.4659236755757,408.4994868338858,405.4457944463871,408.2175903320313,63549500,71.69098906837256,3.820777371387294,2.9962804854826146,0.8244968859046793,399.4087158203125,394.2275030517578,359.01115798950195,400.3792792415126,393.848183193458,408.69131956390265,399.4087158203125,390.1261120767224,0.046481728494709273,2.682524270130538,0.003534076299347211,0.015805559713254924,2.9740848629233483
2021-07-08 04:00:00+00:00,402.8806657894251,405.6524902342203,401.6967636141339,404.8914184570313,97595200,62.22572546877398,3.7065747245395073,3.1383393332939935,0.5682353912455138,399.9088134765625,394.50489990234377,359.51599899291995,400.8090067858477,394.2812512430099,409.24120985920365,399.9088134765625,390.57641709392135,0.046672621698486745,1.968754748268849,-0.008148036620113763,0.006681322843650639,3.2274235668500677
2021-07-09 04:00:00+00:00,406.4042044959093,409.5142706843359,404.6941297476529,409.2135925292969,76238600,68.1165455739451,3.9196483634059973,3.2946011393163945,0.6250472240896028,400.53324127197266,394.8709875488281,360.0269744873047,401.60944352331904,394.86683325423684,410.574280938609,400.53324127197266,390.49220160533633,0.05013835872772513,2.4511750729315973,0.010674896713634086,0.011825408778910695,3.341189093266706
2021-07-12 04:00:00+00:00,409.1289909276716,410.93303100178167,408.69678404478105,410.6793212890625,52889600,69.83455448050516,4.1588422736854795,3.4674493661902117,0.6913929074952678,401.19817810058595,395.21656677246096,360.5808787536621,402.4732414057708,395.48693082423,412.04505105616323,401.19817810058595,390.35130514500867,0.05407239388239605,2.454239625312367,0.0035818183621569855,0.007746771454665957,3.262264654961985
2021-07-13 04:00:00+00:00,409.8900601160083,411.3934220558517,409.0162412036738,409.2793273925781,52911300,66.16714299350193,4.187170271208402,3.61139354719385,0.5757767240145517,401.7486236572266,395.5858435058594,361.123786315918,403.12144007118104,396.027809121028,413.05301787220816,401.7486236572266,390.444229442245,0.05627595739880636,1.8995521705368636,-0.0034089709997815465,0.006144177739273005,3.19904438333455
2021-07-14 04:00:00+00:00,410.9799818157925,411.4685909161108,408.64039298286,409.8900451660156,64130400,66.98173953807006,4.21036575807517,3.731187989370114,0.479177768705056,402.3661315917969,395.9504760742187,361.64544052124023,403.76606912783194,396.5714262208314,414.02708864827224,402.3661315917969,390.70517453532153,0.05796192144872408,1.9967283654030528,0.0014921784037522645,0.004096969051784249,3.172555351185711
2021-07-15 04:00:00+00:00,408.54642483085615,409.222936240998,406.5826693133908,408.4900512695313,55126400,63.223759461004505,4.068877059370038,3.798725803370099,0.2701512559999393,403.0246246337891,396.33543395996094,362.1347187805176,404.2159721889462,397.03882328156476,414.5056911434578,403.0246246337891,391.54355812412035,0.05697451623508646,1.5628601731213627,-0.0034155352465740085,0.008887895985085992,3.1821853870027907
2021-07-16 04:00:00+00:00,409.67403653672767,409.72100495594833,404.89148728557234,405.2861022949219,75874700,55.54350723861347,3.656069447773291,3.7701945322507378,-0.11412508447744685,403.52947387695315,396.6538787841797,362.6164361572266,404.31788934189626,397.36224598797094,414.462873109832,403.52947387695315,392.5960746440743,0.05418885083082055,0.21142591875461617,-0.00784339536459211,-0.00959765341639729,3.299851978672305
2021-07-19 04:00:00+00:00,400.4471526449849,405.3518538666455,396.48204913878226,399.30084228515625,147987000,44.635252407977895,2.8135234328056526,3.578860312361721,-0.7653368795560684,404.00162200927736,396.79043151855467,363.0565155029297,403.8400753364925,397.4382693721743,413.21255521795234,404.00162200927736,394.79068880060237,0.04559849617862906,-2.0174345791411095,-0.014767987295577711,-0.027706481466344246,3.6977057464716583
2021-07-20 04:00:00+00:00,399.96793955404695,406.3008475109484,399.16927577919,405.0229797363281,99608200,53.947154349775715,2.5778128937329825,3.3786508286359735,-0.800837934902991,404.48081665039064,396.9842987060547,363.5152130126953,403.9527328983816,397.735708994298,412.81556400279106,404.48081665039064,396.1460692979902,0.041212077355967616,-0.4319334894147636,0.014330391637605189,-0.010399615547079244,3.9429818882778553
2021-07-21 04:00:00+00:00,406.22571245142046,408.4431781866263,404.9760599847373,408.3022155761719,64724400,58.27796866940666,2.6253540723532183,3.2279914773794225,-0.6026374050262042,405.0182708740234,397.32204467773437,364.0051791381836,404.36696934388544,398.15008180143036,412.8690439443048,405.0182708740234,397.16749780374204,0.03876750080108498,0.02073042567120556,0.008096419225344986,-0.003873793981019058,3.908991624964368
2021-07-22 04:00:00+00:00,408.48065410397567,409.4014700806899,407.4940880872588,409.15716552734375,47878500,59.35124864349519,2.700884005298974,3.122569982963333,-0.4216859776643589,405.62242889404297,397.74675537109374,364.47190643310546,404.8231785042148,398.58173214362307,412.7623468408178,405.62242889404297,398.4825109472681,0.03520474923559986,1.053553341922741,0.00209391455288932,0.001633122412012522,3.766019508426278
2021-07-23 04:00:00+00:00,411.0927686525651,413.7048490688411,410.4068806943092,413.3666076660156,63766600,64.23026070614821,3.065076527867973,3.111071291944261,-0.04599476407628833,406.3196075439453,398.4204864501953,364.9821284484863,405.6368384243863,399.16153118371693,413.62317921974557,406.3196075439453,399.0160358681451,0.035949885460599275,1.014877123472242,0.010288081190626297,0.019937780558815454,3.82185265364564
2021-07-26 04:00:00+00:00,412.77467409357666,414.390783326833,412.7277056770462,414.3813781738281,43719200,65.31120152139081,3.3964332566820303,3.168143684891815,0.22828957179021536,406.99659118652346,399.02329406738284,365.47032913208005,406.46965173385695,399.75838792842717,414.6455047304188,406.99659118652346,399.3476776426281,0.03758711355098251,0.9014471128337819,0.0024548923134894984,0.037767353062336584,3.6676544390842962
2021-07-27 04:00:00+00:00,413.3383688913494,413.36655567137274,409.65513381425745,412.49273681640625,67397100,61.58126784931763,3.4666765882755612,3.2278502655685646,0.23882632270699666,407.5387390136719,399.4703259277344,365.9350511169434,407.04327888457595,400.25777415932833,415.13176392506074,407.5387390136719,399.94571410228303,0.03726283753915294,0.7851384638212727,-0.0045577370434576325,0.01844279819614436,3.7432680048333227
2021-07-28 04:00:00+00:00,413.1222109519289,413.7047567985869,410.8953695239184,412.3235473632813,52472400,61.24383737338446,3.468707657072173,3.2760217438692862,0.19268591320288664,408.0616226196289,399.93382751464844,366.3846589660645,407.5461615968336,400.73094173595393,415.4577702494711,408.0616226196289,400.66547498978673,0.03625015056481521,0.5936963402660957,-0.0004101634720424796,0.009848910032081992,3.676562238392978
2021-07-29 04:00:00+00:00,413.2537770670333,415.114161755324,413.244371916328,414.03363037109375,47435300,63.425287023419564,3.567186396415593,3.3342546743785477,0.23293172203704549,408.6530960083008,400.4985870361328,366.8168835449219,408.16401576581075,401.2526158000771,415.9725662363499,408.6530960083008,401.3336257802517,0.03582241416764128,1.3570903585861531,0.004147429897584098,0.011918317103074338,3.613280249367958
2021-07-30 04:00:00+00:00,411.4591849287355,413.4793140165647,411.3276275022269,412.02294921875,68951200,59.20562114169909,3.443294189772189,3.3560625774572763,0.08723161231491261,409.0326919555664,401.0433624267578,367.2497445678711,408.5315332375192,401.67498181649563,416.2232612240365,409.0326919555664,401.8421226870963,0.03515889761325583,1.662244741598813,-0.00485632326664287,-0.0032505248908524242,3.548474722189307
2021-08-02 04:00:00+00:00,413.74240168794654,414.2967608282837,410.80145662667593,411.1585083007813,58783300,57.43640985514597,3.238029576412771,3.3324559772483755,-0.09442640083560461,409.2145004272461,401.48806030273437,367.68850799560545,408.7817213387823,402.04688481587937,416.4269656687269,409.2145004272461,402.0020351857653,0.03525029163898408,2.969607063126863,-0.0020980407028486914,-0.0077775451378870875,3.5446768278620553
2021-08-03 04:00:00+00:00,411.9571471850933,414.6256007542447,409.7584923853187,414.5034484863281,58053900,62.14969646655169,3.307141936001983,3.327393168999097,-0.020251232997114066,409.60067291259764,402.00602355957034,368.1459944152832,409.3266477337867,402.53537750883817,417.07277922643954,409.60067291259764,402.12856659875575,0.03648483417133605,2.340723668610564,0.008135403057498714,0.004874538362639846,3.63913622365234
2021-08-04 04:00:00+00:00,413.2162357099742,414.4752930662552,412.2296696893361,412.4645690917969,46732200,57.938181746999284,3.1609559191819017,3.294105719035658,-0.13314979985375652,409.8130218505859,402.40397888183594,368.5942623901367,409.6254973869305,402.924757570915,417.35688036328406,409.8130218505859,402.2691633378878,0.036816099589185615,1.0194295687941182,-0.004918847845480578,0.0003420171596246746,3.541610693176603
2021-08-05 04:00:00+00:00,413.62967177045795,415.1612205024383,413.3102120156651,415.07666015625,38969700,61.53445483517388,3.2187723622087674,3.27903904767028,-0.060266685461512814,410.32228393554686,402.8715948486328,369.0801301574707,410.14465574591327,403.4013027703399,417.8435306024746,410.32228393554686,402.80103726861915,0.03666019108096572,1.4467532595394943,0.006332885925704357,0.002519190975432073,3.4812564587098054
2021-08-06 04:00:00+00:00,415.3961145625114,416.1853731243509,415.1142180712691,415.7625427246094,46930000,62.44249996240256,3.2821032576435982,3.279651889664944,0.0024513679786544174,410.6497314453125,403.3373815917969,369.5630601501465,410.67969260102717,403.88605727835045,418.51190085010774,410.6497314453125,402.7875620405173,0.03829136513555594,0.5796150473116043,0.0016524238392521262,0.009076177705514166,3.311789066523456
2021-08-09 04:00:00+00:00,415.7343710161899,416.0538307784521,414.6538394461939,415.42431640625,41222600,61.669379030344764,3.2673375775864315,3.2771890272492414,-0.00985144966280993,410.88698120117186,403.7922839355469,370.04731994628906,411.1315615348579,404.33853802846414,419.02010576440995,410.88698120117186,402.7538566379338,0.03958813462262546,0.2516855938406515,-0.0008135083938607401,0.010375093836920035,3.175232085504509
2021-08-10 04:00:00+00:00,415.8752308154411,416.6551127888344,415.18934300002945,415.9410095214844,43339300,62.43456246761684,3.2597520929724624,3.273701640393886,-0.013949547421423514,411.2200653076172,404.2434716796875,370.52542602539063,411.5896042002509,404.79353691054337,419.6043163398874,411.2200653076172,402.83581427534693,0.04077744127586927,0.8359596175417979,0.0012437719575593142,0.003468152171968386,3.0531276357402546
2021-08-11 04:00:00+00:00,417.0122013066696,417.0685748670529,415.88467275051914,416.974609375,44034300,63.98347181380055,3.2991132874388427,3.2787839698028773,0.02032931763596535,411.5742935180664,404.7222619628906,371.00326217651366,412.1024618359413,405.27122602679657,420.2956993474661,411.5742935180664,402.85288768866667,0.04238071214239662,1.1280127078507194,0.0024849674108948783,0.010934370176652441,2.9196115272255057
2021-08-12 04:00:00+00:00,416.8243128497932,418.3652667888013,415.9223071173895,418.2243041992187,38909400,65.818588791666,3.39204585269988,3.3014363463822782,0.09060950631760178,412.0610061645508,405.21368408203125,371.5170443725586,412.6854944419677,405.7791898766955,421.11955909548027,412.0610061645508,403.00245323362134,0.04396704757504795,1.0121578347075064,0.0029970525689606564,0.007583283631953153,2.885564966095956
2021-08-13 04:00:00+00:00,418.6752988088245,419.00416370969447,418.18671837060634,418.9853820800781,39470300,66.9239035495857,3.486913239309729,3.3385317249677686,0.14838151434196023,412.74597015380857,405.74954711914063,372.0400700378418,413.2854837408354,406.29707976702423,421.7231751983361,412.74597015380857,403.76876510928105,0.04349990402659628,1.6898167625201017,0.0018197839609457311,0.007751634705590815,2.737842135595397
2021-08-16 04:00:00+00:00,417.67933383173784,420.1034831034583,416.1195983231061,419.9719543457031,73740000,68.35253244082348,3.6002035578224536,3.390866091538706,0.20933746628374772,413.77952575683594,406.23340270996096,372.6217547607422,413.9222904651085,406.833349358345,420.8933108604714,413.77952575683594,406.6657406532005,0.03438442291519266,2.1435640676258068,0.0023546698949903355,0.010946970988106264,2.8268451816494533
2021-08-17 04:00:00+00:00,417.4068048926508,418.0833162731186,414.2215841205355,417.2189025878906,92673900,60.4996643670911,3.4283191536656545,3.3983567039640956,0.029962449701558924,414.3893218994141,406.6698773193359,373.17424377441404,414.2362535244211,407.2406259555821,420.401723758408,414.3893218994141,408.37692004042015,0.029018131217451337,0.655110135145731,-0.0065553228717418754,0.0030722939963923057,3.0356683990436077
2021-08-18 04:00:00+00:00,416.20414359044753,417.77328419430097,412.4081899435472,412.6524658203125,89351900,50.19799084594555,2.890308563209885,3.2967470758132538,-0.4064385126033687,414.6068344116211,407.0133380126953,373.7198883056641,414.0854166002203,407.45285496988527,420.0061390401799,414.6068344116211,409.2075297830623,0.026045420289422375,0.045554634893696114,-0.010944942185634021,-0.010365483790885754,3.202055959880048
2021-08-19 04:00:00+00:00,409.918169394497,414.4940330646539,409.777235511774,413.2913208007813,92812200,51.44368117052111,2.4868150954747534,3.134760679745554,-0.6479455842708006,414.813542175293,407.3813751220703,374.251717376709,414.0097884288452,407.68181441423417,419.64964753975056,414.813542175293,409.9774368108354,0.02331700811452258,-0.43012280064039893,0.0015481671221782012,-0.011795066305107849,3.3102517879514646
2021-08-20 04:00:00+00:00,413.6390701113293,416.9088514737455,413.15046099796143,416.5799865722656,72008700,57.35678259935253,2.404691669812337,2.988746877758911,-0.584055207946574,414.97421112060545,407.7784741210937,374.7728939819336,414.25456920440905,408.0307623420001,419.8208592740074,414.97421112060545,410.1275629672035,0.0233587920575302,0.19661315382076258,0.007957258248521448,-0.005741001024596071,3.3422616942252197
2021-08-23 04:00:00+00:00,418.2712850399687,421.15585665022,416.65517596697146,420.2444458007813,54973000,62.79378915064968,2.6052675947753414,2.9120510211621973,-0.30678342638685585,415.2673645019531,408.2357513427734,375.27748977661133,414.8250336421588,408.5097303207759,420.618161380845,415.2673645019531,409.91656762306127,0.02577037030256053,1.1602906243498818,0.00879653211059872,0.000648832504786423,3.4303765787773033
2021-08-24 04:00:00+00:00,420.9115905761719,421.4471681568653,420.3948233013429,420.9115905761719,38744700,63.7011858755715,2.785943841774383,2.8868295852846346,-0.10088574351025148,415.6883071899414,408.6885748291016,375.7542826843262,415.4047057311124,408.9960777817718,421.4114184145787,415.6883071899414,409.9651959653041,0.027535589169325532,1.1950206738224396,0.0015875159851770348,0.008850720725682715,3.2712584200134955
2021-08-25 04:00:00+00:00,421.0995066942213,422.31156706123744,420.7236446811897,421.7947998046875,40529700,64.92090093994216,2.9662060952105094,2.9027048872698096,0.0635012079406998,416.16186981201173,409.1736730957031,376.23586349487306,416.01328611907195,409.49798844933713,422.24878073086427,416.16186981201173,410.0749588931592,0.029252612314540554,1.1559913532654773,0.0020983247985797426,0.022155045084247593,3.1510201314445143
2021-08-26 04:00:00+00:00,421.5129328963187,421.7478323338368,419.2109356131901,419.3049011230469,57829600,58.91102772302009,2.875009890732315,2.897165887962311,-0.02215599722999606,416.42543334960936,409.6533673095703,376.6845455932617,416.32677326230765,409.88257326007084,422.57705672246743,416.42543334960936,410.2738099767513,0.029544897502422635,0.2583773618554329,-0.005903104264902259,0.014550463606672892,3.110508992876864
2021-08-27 04:00:00+00:00,420.11285753190714,423.4296357803634,420.0564839720999,423.0538024902344,77235100,64.2736417897741,3.069853886421299,2.931703487654109,0.13815039876719037,416.9769760131836,410.2106610107422,377.15438873291015,416.9674427125864,410.3990920534106,423.4218464595854,416.9769760131836,410.5321055667818,0.03091235639925615,0.9710172679434143,0.008940752557736964,0.015540391105288265,3.1829536831939835
2021-08-30 04:00:00+00:00,423.73034341850786,425.703504172028,423.4860388594857,424.9142456054687,48357400,66.60309780044912,3.335936765325357,3.0125501431883586,0.32338662213699854,417.66476287841795,410.91178833007814,377.6213110351562,417.7242810833371,410.96831376133446,424.40815137345595,417.66476287841795,410.92137438337994,0.0322909141224394,1.1768145964569061,0.0043976513253944916,0.01111210356579262,3.1448642545225276
2021-08-31 04:00:00+00:00,424.8202760109067,425.1585173900656,423.68337092085335,424.2846984863281,59300200,65.05728037635086,3.4561696009418483,3.1012740347390566,0.3548955662027917,418.153825378418,411.48870056152344,378.1011659240723,418.3490827407648,411.4905249270205,425.3150045852826,418.153825378418,410.99264617155336,0.034251410711758794,1.6935464463883037,-0.0014815862862952445,0.008013815693549642,3.0255986984289356
2021-09-01 04:00:00+00:00,425.2243268063348,425.7410940643304,424.2753239669928,424.5102233886719,48721400,65.36737916735319,3.528973158367478,3.186813859464741,0.3421592989027369,418.75610809326173,412.02784240722656,378.55942169189456,418.93585804056545,412.00110133728134,425.9281887866455,418.75610809326173,411.584027399878,0.03425421411064621,2.8735457922897223,0.0005315414464588386,0.006437783455940593,2.9141823697795552
2021-09-02 04:00:00+00:00,425.9383754159656,426.6242632874938,424.6135394072609,425.8162231445313,42501000,67.18359575613522,3.64997908093909,3.2794469037596112,0.37053217717947895,419.29308624267577,412.6026867675781,379.0034327697754,419.5911309076098,412.5428708199186,426.8790427956628,419.29308624267577,411.7071296896887,0.036184505787898946,3.030526341439281,0.003076485992337785,0.015528847871906226,2.8570293361397257
2021-09-03 04:00:00+00:00,424.6792952624684,426.229625427772,424.2752465384909,425.71282958984375,47170500,66.88454622954097,3.6949411688370333,3.362545756775096,0.33239541206193746,419.7906005859375,413.1284826660156,379.4559898376465,420.1741498297273,413.05933979128827,427.6840363498434,419.7906005859375,411.89716482203164,0.037606538845263944,2.192338401257742,-0.00024281262447922725,0.0062853166286591655,2.7925543042212557
2021-09-07 04:00:00+00:00,425.3652318920659,425.45919738921737,423.5142234277316,424.1907348632813,51671500,62.47570993776163,3.566639622263949,3.4033645298728668,0.1632750923910824,420.2289215087891,413.59546325683596,379.9211070251465,420.5566817376848,413.49586508822915,428.07730835306734,420.2289215087891,412.38053466451083,0.03735291143741092,0.9390460961310968,-0.003575402526696081,-0.0017027217836776964,2.7501294369277467
2021-09-08 04:00:00+00:00,423.6551380501278,424.3880229661524,421.74772756403854,423.6739196777344,56181900,61.00528150584228,3.3842455795517594,3.3995407398086455,-0.015295160256886042,420.6155670166016,414.0359460449219,380.376668548584,420.85356154149906,413.89500448389606,428.3418573099586,420.6155670166016,412.88927672324456,0.03673801399296311,0.6562729949491862,-0.001218355666616544,-0.0014395494600035752,2.742284148726754
2021-09-09 04:00:00+00:00,423.4766130290712,425.2336558006691,421.6161996198401,421.8605041503906,57970400,56.022815227784015,3.0581174347378806,3.3312560787944925,-0.2731386440566119,420.85986175537107,414.4358386230469,380.8345501708984,420.94946083758396,414.20737701983705,428.41734157363646,420.85986175537107,413.3023819371057,0.03591447179944307,0.01557732474026457,-0.004280215144522259,-0.006241826680002505,2.8047964367340605
2021-09-10 04:00:00+00:00,423.796146058895,424.2189478107895,418.4122410241399,418.5343933105469,89948200,48.240438498610196,2.502422810582914,3.165489425152177,-0.6630666145692632,420.8753662109375,414.7624432373047,381.2659016418457,420.7194544064376,414.37706393319826,428.4123992891544,420.8753662109375,413.3383331327206,0.03581598583956765,-0.18375836066697704,-0.007884385495016688,-0.01710087459845988,3.019218604585167
2021-09-13 04:00:00+00:00,421.5410967761947,421.8041829670538,417.28469196190423,419.6054992675781,83738600,50.619382599391514,2.1239762405314195,2.9571867882280256,-0.8332105476966061,420.9063720703125,415.0659326171875,381.6758386230469,420.6133634408319,414.58210061297785,428.4171061607101,420.9063720703125,413.3956379799149,0.035688383872425296,-0.8150980330062981,0.002559182648190328,-0.014346127008081466,3.126380918911196
2021-09-14 04:00:00+00:00,421.05242685372514,421.2591394505679,416.4484048413986,417.3410339355469,78197100,45.82418684651655,1.6226265510067606,2.6902747407837726,-1.067648189777012,420.7748260498047,415.2623065185547,382.0770555114746,420.30171301175716,414.69029407660804,428.4370456408139,420.7748260498047,413.1126064587955,0.036419572258832196,-1.7822917796344058,-0.005396653132487272,-0.016147691037952883,3.2466918967867744
2021-09-15 04:00:00+00:00,417.7638680701213,421.3249508984544,416.65514981646095,420.8269653320313,78792200,53.17748356631627,1.4894197369847006,2.4501037400239585,-0.9606840030392578,420.9552291870117,415.5432458496094,382.4910081481934,420.35173704225946,414.93094785133053,428.44195432292656,420.9552291870117,413.46850405109683,0.035570172867903004,-0.8149558932086347,0.00835271663467152,-0.006719682787811432,3.3483425528729662
2021-09-16 04:00:00+00:00,420.30078497254937,421.2779457838027,417.2000958380673,420.1598510742187,77786700,51.730416376809586,1.3148648879169968,2.2230559696025662,-0.9081910816855694,421.33059844970705,415.78209106445314,382.9091082763672,420.33346218816035,415.1360028796791,427.79796223188384,421.33059844970705,414.86323466753026,0.030699710896733172,-1.024798008332082,-0.001585245986521433,-0.004031316180207467,3.400450223791712
2021-09-17 04:00:00+00:00,419.38507550677497,419.8092317575897,415.70888206973706,416.0670776367187,118425000,43.84717695845626,0.8366321263919758,1.9457712009604482,-1.1091390745684724,421.4693862915039,416.0056042480469,383.28833953857423,419.9271398499278,415.17251561524927,427.3315257710231,421.4693862915039,415.6072468119847,0.027817628848918297,-2.289519510510416,-0.00974099126091188,-0.005895132427020111,3.475487279555278
2021-09-20 04:00:00+00:00,409.92127316182945,411.50484731751953,404.2467559547805,409.1294860839844,166445500,34.304236625325714,-0.10101203714509666,1.5364145533393394,-1.637426590484436,421.0968612670898,416.0039221191406,383.6293041992187,418.8987918722189,414.9355340650036,428.8093810372747,421.0968612670898,413.38434149690494,0.036630621026135124,-3.895429583796364,-0.01667421414869008,-0.024966339101559987,4.071546879725487
2021-09-21 04:00:00+00:00,411.4765989731629,412.77740239408223,408.2151839034243,408.7430419921875,92526100,33.86213959773838,-0.8653098473856176,1.056069673194348,-1.9213795205799655,420.5217910766602,415.96519653320314,383.9688018798828,417.9315775979302,414.69269123861864,429.93126428294346,420.5217910766602,411.1123178703769,0.04475141790960343,-3.641685591287766,-0.0009445520426692999,-0.020601836973182075,4.106594851934947
2021-09-22 04:00:00+00:00,411.0241372373776,414.7757267973973,408.8561507112312,412.7302551269531,102350100,42.146632689678405,-1.136189307935922,0.6176178769682941,-1.753807184904216,420.1127243041992,416.03421508789063,384.31354919433596,417.4362135530752,414.6157329597298,430.11172731867975,420.1127243041992,410.1137212897187,0.0476015242387201,-2.5830394656120204,0.009754815923794569,-0.01923999855543934,4.244172705740292
2021-09-23 04:00:00+00:00,414.60606264353015,419.3568141940667,414.37041068440186,417.7449340820313,76396000,50.538216517935204,-0.9354374095809703,0.30700681965844123,-1.2424442292394116,419.9102310180664,416.1913128662109,384.6869023132324,417.4656155082139,414.73844672923184,429.9287866858883,419.9102310180664,409.89167535024444,0.04771760689675075,-0.9755760560348979,0.012150015398157965,-0.005747614832814718,4.4143431601240986
2021-09-24 04:00:00+00:00,416.10477159971555,419.1494050182944,415.8879614592612,418.4330139160156,62094800,51.57611599963956,-0.7126033439470802,0.10308478693733696,-0.8156881308844172,419.8666366577148,416.39017211914063,385.0586761474609,417.5577486899093,414.8833317169489,429.9029210804077,419.8666366577148,409.83035223502196,0.047807010828891716,-0.0242224763726951,0.0016471290920530013,0.005686429920712666,4.331993188617605
2021-09-27 04:00:00+00:00,417.3961891431446,418.56501369827305,416.5384125284229,417.2359619140625,61371100,49.62516501766595,-0.6253887417521469,-0.0426099188005598,-0.5827788229515871,419.57574462890625,416.6291693115234,385.4398945617676,417.52710233030484,414.97559172467885,429.56278708581385,419.57574462890625,409.58870217199865,0.047605432796124295,-0.5647059816069272,-0.002860797217576594,0.019813961363845722,4.1673223301342155
2021-09-28 04:00:00+00:00,414.45525091590594,414.78516941905406,408.0926478816121,408.827880859375,130436300,38.58481777471171,-1.2206613883636237,-0.2782202127131726,-0.9424411756504512,418.77142639160155,416.8197100830078,385.77963027954104,416.69860504735914,414.7345050240787,429.4745428683557,418.77142639160155,408.0683099148474,0.05111674676077557,-2.039855270375025,-0.020151860870562532,0.0002075603948485938,4.522750308871086
2021-09-29 04:00:00+00:00,410.2134506744264,411.9572806871439,408.9503597978588,409.5159301757813,82329200,39.76576777224365,-1.6182452955013105,-0.5462252292708002,-1.0720200662305102,418.0329879760742,416.90956909179687,386.1248051452637,416.0145407738755,414.5298550300279,429.1428550024152,418.0329879760742,406.9231209497332,0.05315306373370173,-2.6878114018491246,0.0016829804145450655,-0.007787955719851691,4.4232252745066445
2021-09-30 04:00:00+00:00,410.9958599619211,411.7028158417851,404.1713884067889,404.5107421875,140506000,34.559685200418485,-2.3105753722897475,-0.8990952578745897,-1.4114801144151579,417.03301391601565,416.83373962402345,386.45257614135744,414.91894090850644,414.1369486440464,429.18244449424066,417.03301391601565,404.88358333779064,0.058266037329465364,-3.7245607467512105,-0.012222205827580046,-0.03168007751814539,4.645239714541613
2021-10-01 04:00:00+00:00,406.24511136235,411.0052691446982,402.7103321875053,409.3179931640625,129240100,42.36434534822648,-2.4431834699647084,-1.2079129002926134,-1.235270569672095,416.2081024169922,416.83695617675784,386.78147064208986,414.3855173137975,413.94796999777253,428.0976820403627,416.2081024169922,404.31852279362164,0.05713286000116624,-1.6221145184068209,0.01188411202769557,-0.021783703600841142,4.905932374730993
2021-10-04 04:00:00+00:00,408.1491541596147,409.0540495415791,401.8902249162723,404.0393981933594,128570000,37.12812556091065,-2.9403206556069676,-1.5543944513554844,-1.3859262042514833,415.12443084716796,416.65041198730466,387.0812763977051,413.4001726356605,413.55939855446223,427.2986754687401,415.12443084716796,402.9501862255958,0.05865347214919378,-1.2441263863294683,-0.012896073612350012,-0.03162853858561021,5.086063508520937
2021-10-05 04:00:00+00:00,405.5475958048012,410.4962870615469,404.7464021380248,408.2434692382813,90682500,43.15442141853347,-2.960940183160801,-1.835703597716548,-1.1252365854442532,414.32706756591796,416.52765380859375,387.39248184204104,412.9090580263863,413.3509307381414,426.10412289086304,414.32706756591796,402.5500122409729,0.05684907526864097,-0.12222171452052306,0.010405101739385358,-0.0014294808364468947,5.183979605639981
2021-10-06 04:00:00+00:00,404.6332380204509,410.147499377374,403.00254494453645,409.9401245117187,113032200,45.427809985481346,-2.808006455777331,-2.030164169328705,-0.7778422864486263,413.6403778076172,416.4766015625,387.7190783691406,412.6263024535608,413.21717363122286,424.7394401924462,413.6403778076172,402.5413154227882,0.05366527534693975,-0.676017951331483,0.004155988769650287,0.0010358433083550445,5.324049236154093
2021-10-07 04:00:00+00:00,413.22985073007703,416.3310097065987,413.05075294528,413.4843444824219,72437500,49.93230698159623,-2.373456712092832,-2.09882267788153,-0.2746340342113016,413.22156982421876,416.4998175048828,388.0695570373535,412.7080207420238,413.2276509195052,423.6608398741781,413.22156982421876,402.7822997742594,0.050526259093397016,-1.019902158471847,0.008645701551963647,0.022183841760035072,5.400251804634516
2021-10-08 04:00:00+00:00,414.2573039916996,414.64377665813777,412.098723983002,412.7302551269531,74557400,49.00546382322381,-2.066104847681231,-2.0922791118414703,0.026174264160239158,412.9313629150391,416.47375,388.4191590881348,412.71013830249325,413.20814520215026,423.0824484886323,412.9313629150391,402.78027734144587,0.04916597035368224,-1.3628845237835632,-0.0018237434271246578,0.00833645727741783,5.19630900967032
2021-10-11 04:00:00+00:00,412.07039922916306,414.99248894914547,409.6761675373717,409.7421569824219,65233300,45.408634810954325,-2.0401235540714424,-2.0818480002874646,0.041724446216022226,412.4381958007813,416.4281341552734,388.7522804260254,412.4274734148674,413.0722240954943,422.19509442676616,412.4381958007813,402.6812971747964,0.047313264025127935,-1.7960592124568864,-0.007239833056610134,0.014114363140233621,5.204881324106279
2021-10-12 04:00:00+00:00,410.6658834306727,411.0711978122597,407.9417335416535,408.7335205078125,71181200,44.22857841293621,-2.076979597746856,-2.080874319779343,0.0038947220324869747,412.00782012939453,416.37963439941404,389.07368392944335,412.0756683761003,412.90207885676165,421.61997583838024,412.00782012939453,402.3956644204088,0.04666006439376288,-0.023080703636002075,-0.0024616370500842866,0.0012003897342083292,5.0566372488562745
2021-10-13 04:00:00+00:00,409.7610137268703,411.02410468083355,406.77296321895665,410.20404052734375,72974000,46.41497389264314,-1.9648796919715892,-2.0576753942177923,0.09279570224620315,411.47667388916017,416.29364624023435,389.3876446533203,411.8974181047901,412.7962734320786,420.2151137847735,411.47667388916017,402.7382339935468,0.042473561444055126,0.16803017925751448,0.0035977475439359363,0.0006437916169816926,4.999101835500604
2021-10-14 04:00:00+00:00,413.8802116046981,417.2547635679065,413.4089077144482,417.10394287109375,70236800,55.27481337684281,-1.3042407789200752,-1.906988471158249,0.6027476922381738,411.3238784790039,416.3864337158203,389.73941848754885,412.39327760634285,412.9652016453733,419.54097432202354,411.3238784790039,403.10678263598425,0.0399543827769245,3.1131931417921437,0.01682065914046027,0.008753894644312865,5.145646207290755
2021-10-15 04:00:00+00:00,419.2248319298455,420.64817895672934,418.60270731079913,420.2805480957031,66260200,58.66342561854667,-0.5183786407607727,-1.6292665050787538,1.1108878643179811,411.5345520019531,416.4905114746094,390.10460174560546,413.1444462243772,413.2520779767588,420.4164397086781,411.5345520019531,402.6526642952281,0.04316472414536348,2.678248968949338,0.0076158599766367185,0.01829352918755034,5.0312597700296715
2021-10-18 04:00:00+00:00,418.48961233422193,421.86413581254226,417.8297753264415,421.5248107910156,62213200,59.94361718269541,0.20249018552294729,-1.2629151669584138,1.465405352481361,412.15431823730466,416.6057568359375,390.46718505859377,413.9425761831047,413.57649887143555,421.96021820668403,412.15431823730466,402.3484182679253,0.047583633292098415,4.327650391481955,0.002960552661669169,0.02875626441606105,4.960052678320463
2021-10-19 04:00:00+00:00,423.15553826181207,424.842785639923,422.5428201325496,424.7768249511719,46996800,63.15535363691456,1.0243858065210247,-0.8054549722625262,1.829840778783551,412.9560073852539,416.7928070068359,390.8697853088379,414.9744093991111,414.0157273451507,424.05208895822074,412.9560073852539,401.85992581228703,0.05373977554279831,4.049876350438437,0.007714881964014486,0.03925125696426135,4.842761404790958
2021-10-20 04:00:00+00:00,425.23868404969255,426.7468623631861,425.1255757102496,426.4452209472656,49571600,64.71831721407362,1.7897386282846242,-0.28641625215309613,2.0761548804377203,413.64175567626955,417.00289123535157,391.26887268066406,416.0668676417925,414.5031584668023,426.1965797326748,413.64175567626955,401.0869316198643,0.060703852471949704,4.026221257361966,0.003927700142976276,0.03959293135933706,4.637566833878334
2021-10-21 04:00:00+00:00,425.8419419107225,427.7837117980896,425.4083503502905,427.5574951171875,41305400,65.7610949005132,2.457706571958852,0.2624083126692935,2.1952982592895585,414.1323837280273,417.2145489501953,391.66316024780275,417.1612131156396,415.01509323740567,427.98962334413426,414.1323837280273,400.2751441119204,0.06692178714141508,3.40355102256209,0.0026082463005474565,0.0250622235170872,4.475980734872674
2021-10-22 04:00:00+00:00,427.12384568285273,428.5754696428719,425.1632054936649,427.1144104003906,58845100,64.93771728046431,2.9176894384895604,0.7934645378333469,2.1242249006562135,414.5664535522461,417.39235107421877,392.0293276977539,418.1091366665683,415.48957626340507,429.44183397194075,414.5664535522461,399.6910731325515,0.07176355101689362,3.4851225697067028,-0.0010363161021781364,0.016260239346436167,4.400000978753695
2021-10-25 04:00:00+00:00,428.20780585633406,429.7348256601838,426.4262923405436,429.4049072265625,45214500,67.22244369356724,3.4275425486741256,1.3202801400015027,2.107262408672623,415.1749008178711,417.6007415771484,392.3968664550781,419.1849243389487,416.0352755168622,431.37387599658683,415.1749008178711,398.9759256391554,0.07803446280979251,4.798810644466873,0.005362724296809951,0.018694264806760508,4.322039003102729
2021-10-26 04:00:00+00:00,430.9602654992243,432.1762087588682,429.4143750148794,429.7914123535156,56075100,67.60603466488315,3.8187721175081606,1.8199785355028344,1.9987935820053262,416.22307739257815,417.7971307373047,392.77833282470704,420.19506605462175,416.57473186339763,433.3310769757322,416.22307739257815,399.1150778094241,0.08220591558895185,5.151985533151453,0.000900094806669749,0.011805228317058436,4.211272040902942
2021-10-27 04:00:00+00:00,430.2533142507114,430.922557691324,427.81193489095295,427.8873596191406,72438000,63.65395582796222,3.9298819932826063,2.241959227058789,1.6879227662238172,417.1416488647461,418.0104998779297,393.1499055480957,420.9276654417188,417.0183643244072,434.67796794127673,417.1416488647461,399.6053297882155,0.08407848568588551,4.3108593150530226,-0.004430178639327598,0.0033817676949727815,4.132654238007808
2021-10-28 04:00:00+00:00,429.3201484126634,432.0914176968122,429.3107418954437,432.0160217285156,51437900,68.01951813823206,4.301500873417467,2.6538675563305247,1.6476333170869424,418.51691284179685,418.39777099609375,393.53736083984376,421.98369937379465,417.6065077520193,436.18888261451366,418.51691284179685,400.84494306908005,0.08445044503803348,3.575146941737365,0.009648946192404306,0.010427899550927267,4.137754512269504
2021-10-29 04:00:00+00:00,429.7066201419855,433.1848452815996,429.41441402054215,432.89263916015625,70162400,68.87436190438247,4.613564909398519,3.0458070269441238,1.5677578824543956,419.6956451416016,418.78979736328125,393.9354067993164,423.0226460201148,418.20596388567174,437.8931491764408,419.6956451416016,401.4981411067624,0.086717621426353,3.0008743258755803,0.002029131762598224,0.013528526828090248,4.11151713718293
2021-11-01 04:00:00+00:00,433.88238758484846,434.25945374272055,431.9029340865654,433.6373291015625,48433600,69.61734266884649,4.864888751610977,3.4096233718774944,1.4552653797334822,421.17554168701173,419.13094421386717,394.3500584411621,424.0335682183479,418.8111154627655,438.8458352495004,421.17554168701173,403.50524812452306,0.08390940030235657,2.87350068144673,0.0017202647355034628,0.009856482317205817,3.986160174252376
2021-11-02 04:00:00+00:00,433.8069896668776,435.70164066708185,433.6750107589926,435.39056396484375,48908400,71.35120631214471,5.146213759513671,3.75694144940473,1.3892723101089408,422.5328964233398,419.4338665771484,394.7597071838379,425.11518686087135,419.4612899138274,440.1917553664199,422.5328964233398,404.87403748025974,0.08358572358535367,2.498662448190747,0.004043090263731841,0.013027602344745537,3.8488852736285883
2021-11-03 04:00:00+00:00,434.82500495506815,438.4540510581206,434.3819780993795,438.0487365722656,52509800,73.79313007632594,5.520026737129115,4.1095585069496074,1.4104682301795073,423.9383270263672,419.7766094970703,395.15818969726564,426.34695350005177,420.1902093906289,441.8371268932204,423.9383270263672,406.03952715951397,0.08444058357450648,2.7209862029230933,0.006105260029559467,0.023747784842650166,3.864827251136625
2021-11-04 04:00:00+00:00,438.6519472579283,440.197837840947,438.303186978276,440.1130065917969,52847100,75.53696026738115,5.914664977706366,4.47057980110096,1.4440851766054061,425.26976013183594,420.1429736328125,395.5653601074219,427.6580061754561,420.9714955553806,443.81006977917855,425.26976013183594,406.7294504844933,0.08719317188974365,2.9365668051657208,0.004712420895638614,0.018742325413962257,3.7422753952469634
2021-11-05 04:00:00+00:00,442.3469093387907,443.6382771948116,440.12236913025,441.6399536132813,66390600,76.76839231495694,6.278258632548159,4.8321155673903995,1.4461430651577594,426.71524505615236,420.5896746826172,395.98651290893554,428.98962021715374,421.78202332235713,445.623819431925,426.71524505615236,407.8066706803797,0.08862385206455164,3.4008553350550677,0.00346944307169883,0.02020666017813455,3.7267750529446624
2021-11-08 05:00:00+00:00,442.7428551593152,443.24243609752784,441.3289435870791,442.01702880859375,50405200,77.07528926636982,6.52165842177908,5.170024138268135,1.3516342835109443,428.32898864746096,420.96893920898435,396.4025032043457,430.2303257972909,422.5755529492684,446.6682712086663,428.32898864746096,409.98970608625564,0.08563175991947439,2.937116313712001,0.0008538067994696696,0.019324212065397806,3.597254871337811
2021-11-09 05:00:00+00:00,442.3847223182138,442.6203742803155,439.1421490184052,440.5560607910156,51149100,73.04882392650742,6.521490911406431,5.440317492895795,1.0811734185106365,429.9201156616211,421.28177551269533,396.8139891052246,431.2137291300266,423.2806709038467,446.6325759376337,429.9201156616211,413.20765538560846,0.07774681698851496,2.5046215741150664,-0.003305230166168016,0.011864053228744176,3.5887527563787054
2021-11-10 05:00:00+00:00,438.8592828332741,440.5559939626962,435.5224722676754,437.01177978515625,69429700,64.27617147278306,6.164306019206492,5.585115198157935,0.5791908210485577,431.26050262451173,421.53631713867185,397.25153396606447,431.76592443051516,423.8191457619373,445.5585233233447,431.26050262451173,416.9624819256788,0.066308046351659,2.1324350815451067,-0.008045017016666711,-0.002367217847090597,3.6919553111616694
2021-11-11 05:00:00+00:00,438.5105251295823,438.58594985547217,437.1343259261891,437.1531677246094,34848500,64.45953363420227,5.825490614285911,5.633190281383531,0.1923003329023807,432.2629638671875,421.78917602539065,397.67475631713864,432.2789952204289,424.3420485840029,445.19651501596115,432.2629638671875,419.3294127184139,0.05984112556424082,1.189110064839678,0.00032353347436675506,-0.00672517926727112,3.5406849368155444
2021-11-12 05:00:00+00:00,438.4257305483091,441.0084666869661,437.4736874755457,440.4523315429687,53466700,68.51989009639546,5.756830751333723,5.657918375373569,0.09891237596015401,433.2715530395508,422.0818981933594,398.14975967407224,433.0574082035279,424.9738243863153,445.43318236646195,433.2715530395508,421.1099237126396,0.0561386005685954,1.7463203803785636,0.007546928769912586,-0.0026891182751833664,3.5631573672113412
2021-11-15 05:00:00+00:00,441.74369494731434,441.9039221504196,439.4720068940963,440.6031188964844,46980500,68.69592050589009,5.649461123360027,5.656226924970861,-0.006765801610834288,434.22546844482423,422.3797039794922,398.596766204834,433.7760473171428,425.586737896518,445.513452781087,434.22546844482423,422.9374841085615,0.05199135083757568,1.606363042903627,0.00034234658944232166,-0.003198767965841509,3.4823543592907664
2021-11-16 05:00:00+00:00,440.3392256574615,443.48753224066024,440.2638296909527,442.3469848632813,48857500,70.73411659499993,5.640070111633861,5.652995562303461,-0.01292545066960038,435.1039764404297,422.7428289794922,399.02766159057614,434.5923270834417,426.2440024834499,446.0432596982744,435.1039764404297,424.1646931825849,0.05028353612089984,1.5977426876433782,0.003957906542206402,0.004065144556291145,3.4638792300348205
2021-11-17 05:00:00+00:00,442.08305932224823,442.26215710599143,440.6503058184097,441.2724304199219,47858300,67.80454679938896,5.4827187353224645,5.618940196907262,-0.13622146158479786,435.8453369140625,423.09479919433596,399.45178375244143,435.22852740120175,426.83335259860564,446.3374583558511,435.8453369140625,425.3532154722739,0.048146076386070685,0.7359212750804115,-0.002429211637311246,0.009749509811521007,3.337650645380304
2021-11-18 05:00:00+00:00,442.30931229475857,443.0351387724861,439.57575519666824,442.7712097167969,50625600,69.69015956564256,5.416517358928104,5.578455629311431,-0.16193827038332742,436.606022644043,423.51301330566406,399.86314346313475,435.9468780979251,427.4583666032406,446.7857043539972,436.606022644043,426.4263409340888,0.046630972464864535,0.6039819512685917,0.0033964943050004415,0.012851426929900933,3.346345854697273
2021-11-19 05:00:00+00:00,442.65798953020527,443.9116738840213,441.61170878776574,441.9793395996094,57315600,67.44269008021367,5.239754363983877,5.510715376245921,-0.2709610122620436,437.3492691040039,423.98191223144534,400.26344970703127,436.52139824094263,428.02781652466683,446.79239490742395,437.3492691040039,427.90614330058384,0.043183452999778243,0.07684675798721982,-0.0017884408466710688,0.0034669087828218537,3.2716043719514363
2021-11-22 05:00:00+00:00,443.8645720191761,446.3624767742698,440.52773256865373,440.735107421875,72762000,63.9527823368058,4.942297549048931,5.397031810806523,-0.4547342617575927,437.91577911376953,424.4045043945313,400.6444659423828,436.9227038772219,428.5261416578907,446.7225431999455,437.91577911376953,429.10901502759356,0.04022126859186774,-0.29001628968323284,-0.002815136514891292,0.0002995633025049127,3.454685788641767
2021-11-23 05:00:00+00:00,440.4052188410492,442.17732611315665,437.79420558269936,441.3195495605469,73206500,64.87228654112921,4.699547023634466,5.257534853372112,-0.5579878297376464,438.49218597412107,424.88407470703123,401.0296180725098,437.34145108515764,429.02784392858314,446.5758842487204,438.49218597412107,430.40848769952174,0.036870432510176646,0.17330116130065507,0.0013260621376196546,-0.0023226908691419412,3.5210025559143046
2021-11-24 05:00:00+00:00,439.3118141030796,442.6203768755419,438.4917498727346,442.4978332519531,61858800,66.7156665098048,4.54979591473375,5.11598706564444,-0.56619115091069,439.2227096557617,425.3174920654297,401.421455078125,437.83253510104294,429.5560788040094,445.850536751879,439.2227096557617,432.5948825596444,0.030179801501210274,1.2553559699223507,0.0026699104822787145,0.002776975735522713,3.5644043021209484
2021-11-26 05:00:00+00:00,435.8053377166632,437.2758037551741,431.4976126635115,432.6287536621094,112669600,45.281813029394264,3.593343016949575,4.811458255905467,-1.2181152389558916,439.2533462524414,425.5668701171875,401.7610061645508,437.33693686876353,429.67657585726823,445.7520475507705,439.2533462524414,432.75464495411234,0.029589763419100922,-1.0349722697995447,-0.022303113932366836,-0.02290676501115496,4.0955340368581385
2021-11-29 05:00:00+00:00,437.4360269059508,439.78311122075047,435.2303280138304,437.93560791015625,86268800,53.86499287399243,3.2263743559435056,4.494441475913074,-1.2680671199695688,439.50549468994143,426.0042407226563,402.11808319091796,437.39395315842,430.0004594671854,445.3565092303219,439.50549468994143,433.654480149561,0.026625444328099566,-0.5713952345299191,0.012266531531077263,-0.009149141887755063,4.314021431271207
2021-11-30 05:00:00+00:00,435.4847636522218,437.3982561600494,429.1692804651093,429.4143676757813,148559600,42.371736197109385,2.222338442088983,4.040020869148257,-1.8176824270592737,439.29434661865236,426.40993835449217,402.4341415405273,436.63399263626394,429.9774754753656,446.18891930507493,439.29434661865236,432.3997739322298,0.03138930759975246,-2.539417162712314,-0.019457746939187226,-0.025686040334557236,4.632043289398045
2021-12-01 05:00:00+00:00,435.1455016825328,438.0016023173936,424.4468968317913,424.6448364257813,131939200,37.543102794133176,1.0298993962817349,3.4379965745749526,-2.4080971782932177,438.7570602416992,426.72797424316406,402.72593170166016,435.4921682352656,429.76835237538194,448.0443715803753,438.7570602416992,429.4697489030231,0.04233464110439598,-4.001869356693208,-0.011107060240706956,-0.03778376269841155,5.269376303412632
2021-12-02 05:00:00+00:00,424.8616257685235,432.72297140039274,424.46571783383473,431.1488037109375,127637800,46.49702362317372,0.6027505324704521,2.8709473661540525,-2.2681968336836005,438.4120635986328,427.0963452148437,403.05803649902344,435.0785144710439,429.8224877218743,448.2738499565923,438.4120635986328,428.5502772406733,0.04498866330004995,-2.294189713903171,0.015316251905709732,-0.025647649972906472,5.482796107923016
2021-12-03 05:00:00+00:00,432.8172422403052,433.8823649056814,423.1555121550906,427.3972473144531,137331600,42.69489656870894,-0.03804866633169013,2.289148159656904,-2.3271968259885942,437.7762756347656,427.28939147949217,403.3746038818359,434.3469652180352,429.7273802549166,448.699851925143,437.7762756347656,426.85269934438827,0.049904834493547726,-3.472213654581825,-0.008701303040143826,-0.012092368580157165,5.857371582399287
2021-12-06 05:00:00+00:00,429.9516748417892,434.34423038044,427.5291660360214,432.4590148925781,98977500,48.780607234525,-0.13587799059882855,1.8041429296057576,-1.9400209202045862,437.31722869873045,427.5699114990234,403.7304820251465,434.16716042513457,429.83450318188375,448.3240753620356,437.31722869873045,426.3103820354253,0.05033804268840196,-2.1540203023190507,0.01184323860280001,-0.01250547550520642,5.9352009740841165
2021-12-07 05:00:00+00:00,437.7564705046071,441.9699283158001,432.3270406361957,441.40435791015625,95484700,57.392251277037275,0.5026121868402811,1.5438367810526623,-1.0412245942123812,437.2865951538086,428.0532794189453,404.12889373779296,434.85641732846995,430.2882229751493,448.24425095406343,437.2865951538086,426.3289393535538,0.05011658679544314,0.15184869029292877,0.020684834191281976,0.027921725812927845,6.200035738764135
2021-12-08 05:00:00+00:00,441.80029512259415,443.02567377766377,440.03759434211855,442.5732116699219,72238800,58.377016525460846,1.090367900007891,1.4531430048437082,-0.3627751048358172,437.38745269775393,428.7281860351562,404.5132196044922,435.5913501228939,430.7699872376894,448.49966730094116,437.38745269775393,426.2752380945667,0.05081176670546173,0.28407128363639456,0.002648034027800783,0.04221969445111595,5.970610288534212
2021-12-09 05:00:00+00:00,441.281795905493,442.6768656791159,439.3871739598031,439.5851135253906,61272600,54.8846910397804,1.3000676193075833,1.4225279277364833,-0.12246030842889999,437.5161193847656,429.32956970214843,404.9266651916504,435.97170854217933,431.1156784646581,448.6674784731061,437.5161193847656,426.3647602964251,0.050975763379971034,-0.6582449692819244,-0.006751647107732794,0.019567049106575363,5.779116105018399
2021-12-10 05:00:00+00:00,442.29985686872703,443.87399574484607,439.73596256863544,443.7231750488281,77159800,58.58014784854535,1.77964845972474,1.4939520341341348,0.28569642559060515,437.84461975097656,430.113818359375,405.36999572753905,436.70994344757446,431.6100900954099,449.31633805193485,437.84461975097656,426.3729014500183,0.0524008645235052,2.5644207170251305,0.0094135615518256,0.03819848592137376,5.672670827478187
2021-12-13 05:00:00+00:00,443.2048079952957,443.5535683135092,439.50977239360935,439.7925720214844,87724700,54.05120827755522,1.8215551620330075,1.5594726597139095,0.262082502319098,437.81163177490237,430.72330993652344,405.7506402587891,437.0035271212802,431.93097173956966,449.25692947316674,437.81163177490237,426.366334076638,0.05228411886575405,0.4240267468063676,-0.008858232448443193,0.016957808431228738,5.568437386602516
2021-12-14 05:00:00+00:00,436.51226038984663,439.0101654081396,433.8352575809866,436.7667541503906,97264100,50.795541557582965,1.5922538004831495,1.5660288878677575,0.02622491261539195,437.6198135375977,431.37785705566404,406.13034439086914,436.9809773145288,432.12061026548423,448.9999513327782,437.6198135375977,426.23967574241715,0.052009243837415134,1.7121892111818102,-0.006880102265451438,-0.010506474792687848,5.596214319023606
2021-12-15 05:00:00+00:00,436.8233603406868,443.8363365662243,434.29714933729264,443.5912780761719,116899300,57.07546555042479,1.9388628611491185,1.6405956825240298,0.2982671786250888,437.68202819824216,432.0848132324219,406.5680683898926,437.6105297680186,432.5704403757073,449.1778753431861,437.68202819824216,426.18618105329824,0.05253058798081165,4.461714832061073,0.015625099348636207,0.00230033445180422,5.877855241159897
2021-12-16 05:00:00+00:00,445.4481369657299,445.7309077751746,438.12405657395834,439.6793823242187,116568600,52.907120589123124,1.876267303268321,1.6877300066728882,0.18853729659543284,437.60237579345704,432.6795983886719,407.0082624816894,437.8075633447995,432.8492224129038,449.0194161558183,437.60237579345704,426.1853354310958,0.05217997430502967,1.978569472965648,-0.00881869402148494,0.00021444947958326743,6.001354952592495
2021-12-17 05:00:00+00:00,436.5890459598592,439.60653086796816,433.2877968056322,434.9999084472656,135511600,48.35752596850838,1.4325518725419215,1.6366943798466949,-0.20414250730477335,437.2138107299805,433.10990966796874,407.3927143859863,437.5401676402725,432.93356304170237,448.4279124699218,437.2138107299805,425.99970899003915,0.05129802153878923,1.7788278189866114,-0.010642923150538941,-0.019659253994571246,6.029228564449211
2021-12-20 05:00:00+00:00,429.901429980698,430.771659603725,426.742062864258,430.3743896484375,107134800,44.30214690305035,0.6995989457410587,1.4492752930255677,-0.7496763472845089,436.63356323242186,433.4627923583984,407.7629536437988,436.8577125934311,432.83320330079005,448.0011844552083,436.63356323242186,425.2659420096354,0.05206938806367215,-0.4820399557767206,-0.01063337878699544,-0.021415055578944076,6.1884154943462395
2021-12-21 05:00:00+00:00,433.80807275170514,438.1593076705926,431.6324697258457,438.0174255371094,69806300,51.53465345245741,0.7270763082184999,1.3048354960641542,-0.5777591878456543,436.49767913818357,434.0282977294922,408.1459704589844,436.96816144520994,433.0365061335869,447.73010702998585,436.49767913818357,425.2652512463813,0.05146615172836411,-0.7673083222563593,0.017759039739598137,0.002863476614999305,6.302451389189732
2021-12-22 05:00:00+00:00,437.7620345389874,442.5105393973741,437.5633706863754,442.39703369140625,58890200,55.13015124193471,1.0896888374742275,1.2618061643461689,-0.17211732687194137,436.5515533447266,434.7015679931641,408.539637298584,437.48519689722866,433.40358564565827,447.885847172704,436.5515533447266,425.21725951674915,0.05192648493007291,-0.03980764625379571,0.009998707583211974,-0.0026922179127258916,6.205645483604658
2021-12-23 05:00:00+00:00,443.3997928001732,446.65375838897666,443.2957555050396,445.1497497558594,56439700,57.27558294740776,1.5809587520044488,1.325636681877825,0.2553220701266239,436.68414916992185,435.4004821777344,408.9286312866211,438.2151543123363,433.8642195323328,448.35076981710824,436.68414916992185,425.01752852273546,0.0534327644791462,1.2658836842406709,0.006222275139333933,0.01244171924260673,6.066436856030783
2021-12-27 05:00:00+00:00,446.5307010758358,451.49677783042705,446.4834166536118,451.4494934082031,56808600,61.77961330531701,2.450383862413048,1.5505861179848697,0.8997977444281784,437.62518615722655,436.08739318847654,409.3466502380371,439.47556755956174,434.5538381157003,450.7736334583143,437.62518615722655,424.4767388561388,0.0600899935241107,1.7412474249344272,0.014151964941682804,0.037815145800040195,6.086479085926276
2021-12-28 05:00:00+00:00,451.88466479001033,452.9157135811671,450.3144349556184,451.08062744140625,47274600,61.37164789658507,3.0742075742147676,1.8553104092308494,1.2188971649839182,438.2824371337891,436.7033947753906,409.75185638427735,440.58081135783266,435.20194750102206,452.68189055196336,438.2824371337891,423.8829837156148,0.06570855776170993,2.566677142371209,-0.0008170702862287937,0.04811215139888603,5.837536195899304
2021-12-29 05:00:00+00:00,451.18463308676866,452.679172995088,450.1819608604042,451.6575927734375,54503000,61.79660580889249,3.5739503655124736,2.1990384004871744,1.3749119650252992,439.39459838867185,437.30605041503907,410.16228118896487,441.6357429212236,435.84726692346976,454.30925811020984,439.39459838867185,424.47993866713387,0.06788731484743944,3.4093342685875667,0.0012790736221679477,0.031140695417772868,5.598941620098194
2021-12-30 05:00:00+00:00,452.08320230898494,453.09534288404825,449.9454443292258,450.408935546875,55329000,60.25175120228748,3.825149977481317,2.524260715886003,1.300889261595314,440.68280334472655,437.8186926269531,410.5601615905762,442.47128507604754,436.4183127518386,454.70283243130734,440.68280334472655,426.66277425814576,0.06362866433711753,1.5369232461627484,-0.0027646102856259125,0.01811020699803656,5.4240099725785
2021-12-31 05:00:00+00:00,449.9171424306895,451.0711364507361,448.9995994066956,449.2738952636719,65237400,58.812471683282816,3.887822813526384,2.7969731354140794,1.0908496781123045,441.5890579223633,438.27526611328125,410.97934463500974,443.11915271296414,436.9224532424987,455.36795368433025,441.5890579223633,427.8101621603963,0.06240596552276647,2.1821612122758594,-0.002520021681685747,0.009264625016804695,5.184547620540072
2022-01-03 05:00:00+00:00,450.5414331852414,452.0076256878553,448.2239477980202,451.8751831054687,72668200,61.105580103648336,4.100129930986782,3.0576044945286203,1.0425254364581615,442.8129547119141,438.76161987304687,411.414914855957,443.95306036939314,437.50883480575243,455.6482829743154,442.8129547119141,429.97762644951274,0.05797178301051179,3.879374301120993,0.005789982167270447,0.0009429398049642934,5.084485496918286
2022-01-04 05:00:00+00:00,453.3034834561525,454.02239141771696,449.86032307936296,451.7237854003906,71178700,60.89308818265348,4.2076649789510725,3.287616591413111,0.9200483875379617,443.7761932373047,439.25380737304687,411.835164642334,444.69312941996435,438.0662838486794,456.2451187937293,443.7761932373047,431.3072676808801,0.05619465733600982,4.960656643484975,-0.00033504319497612567,0.0014258159625086808,5.018598557020837
2022-01-05 05:00:00+00:00,451.3549461154086,452.1306070232727,442.9551764477384,443.0497741699219,104538900,50.13596175090642,3.5520215710344587,3.3404975873373806,0.21152398369707814,443.858464050293,439.5267047119141,412.2265139770508,444.5366193961508,438.2617148416693,456.28534809068896,443.858464050293,431.431580009897,0.055994804861884545,1.148892336107791,-0.01920202457964537,-0.01905828384431374,5.315515129771802
2022-01-06 05:00:00+00:00,442.5863215253944,445.35785893775983,440.2593385985036,442.6336059570313,86858900,49.68247448103449,2.964663356156507,3.265330741101206,-0.300667384944699,443.8614837646484,439.7835485839844,412.6250546264648,444.35538002099656,438.43316155207566,456.28714637121493,443.8614837646484,431.4358211580819,0.055988920242311654,0.05347510213869962,-0.0009393260919052793,-0.017262822684463552,5.3000155018778345
2022-01-07 05:00:00+00:00,442.6430005573575,443.8253998227985,439.5214491762915,440.8835754394531,85111600,47.72747948799861,2.331093507130163,3.0784832943069973,-0.7473897871768345,443.92640686035156,440.0434729003906,413.0046365356445,444.02473196561147,438.52925621432576,456.27534812237127,443.92640686035156,431.57746559833186,0.055635083073147226,-0.9583683510427707,-0.003953677475062922,-0.01867528897777293,5.228868012208487
2022-01-10 05:00:00+00:00,437.6768689948834,440.5524428650343,431.9067555265444,440.33489990234375,119362000,47.10168244004271,1.7643727163899143,2.815661178723581,-1.0512884623336665,443.75699310302736,440.2098504638672,413.35206787109377,443.6733193881574,438.60006577071863,456.20500780498577,443.75699310302736,431.30897840106894,0.056102844103544526,-2.4619793948488273,-0.001244490762810746,-0.02553865234159458,5.496578862258507
2022-01-11 05:00:00+00:00,440.0700665321806,444.4402092800413,437.0620210810528,444.3456115722656,74303100,52.05089434788865,1.620196700545705,2.576568283088006,-0.9563715825423009,443.9846450805664,440.43890991210935,413.7204898071289,443.7373472152153,438.8253812923479,456.30015301839705,443.9846450805664,431.66913714273574,0.05547717955694554,-1.4930847080138638,0.00910832112288018,-0.01633337465634066,5.63097952916779
2022-01-12 05:00:00+00:00,446.08614756445814,447.6090928817036,443.5794668088616,445.5469665527344,67605400,53.45563419465424,1.5846090888471167,2.3781764442398283,-0.7935673553927116,444.4236557006836,440.67710266113284,414.0998350524902,443.90969191402667,439.0889728711866,456.2967089831784,444.4236557006836,432.55060241818876,0.053431238999983595,-1.3529333544866065,0.0027036499274020187,0.005636369835626542,5.516597139430234
2022-01-13 05:00:00+00:00,446.6537054029599,447.3063921299082,438.3769102525567,439.407958984375,91173100,46.033910841317265,1.0489474321902321,2.1123306418299093,-1.0633832096396771,444.21448974609376,440.75745056152346,414.4409928894043,443.48095544453605,439.10148213052736,456.28458771051663,444.21448974609376,432.1443917816709,0.05434355809204673,-2.442441899857714,-0.013778586836440176,-0.007287397362615633,5.7603746207103255
2022-01-14 05:00:00+00:00,436.2486431529021,439.9377236547329,435.0283988405824,439.5877380371094,95890900,46.26917749029838,0.6316570281080658,1.8161959190855406,-1.1845388909774748,444.2099075317383,440.7882305908203,414.7630078125,443.11017283430493,439.120550989609,456.2869563141909,444.2099075317383,432.1328587492857,0.05437541386485044,-2.1559581646465,0.0004091392726475185,-0.002939182756019232,5.699585348813196
2022-01-18 05:00:00+00:00,434.8769416667024,435.08504507309425,430.6865259809416,431.8027038574219,109709100,38.451783093853045,-0.3235066364682666,1.3882554079747793,-1.711762044443046,444.05004730224607,440.6220245361328,415.01917221069334,442.03327102698273,438.83357659226834,456.68237923652663,444.05004730224607,431.4177153679655,0.05689598283358481,-4.442040633898201,-0.017709852905474555,-0.019376606412106145,5.928272970767094
2022-01-19 05:00:00+00:00,433.3540312792543,434.7539734256139,427.0447365882531,427.3190612792969,109357600,34.80456602814883,-1.4258370450156121,0.8254369173767011,-2.2512739623923133,443.89728088378905,440.33560668945313,415.25404235839846,440.6319177176793,438.38202697215183,457.2413026160331,443.89728088378905,430.553259151545,0.06012211521402627,-5.402576731588827,-0.010383544470822681,-0.03831825914229747,6.055484675523786
2022-01-20 05:00:00+00:00,429.2109751047605,433.9311041940373,420.4612196894018,422.5895385742187,122379700,31.419160368811177,-2.650521232800884,0.13024528734118418,-2.780766520142068,443.12588653564455,439.94705688476563,415.46306396484374,438.9135958944926,437.76271370164466,459.2371296818405,443.12588653564455,427.0146433894486,0.07271632570217701,-4.618044470068077,-0.011067895475851408,-0.051526392730582016,6.58508466331748
2022-01-21 05:00:00+00:00,421.4637870445088,423.8285852162134,414.26535526607927,414.2937316894531,202271200,26.542312071615186,-4.2416000347472504,-0.7441237770765028,-3.4974762576707477,441.72072143554686,439.4218103027344,415.6215692138672,436.56884692258404,436.84236146587244,462.16152829836335,441.72072143554686,421.2799145727304,0.09255081716060759,-6.402558207550395,-0.019630885593512115,-0.05715469367685011,6.797809326661528
2022-01-24 05:00:00+00:00,408.6656237663462,416.56405781580486,398.0051207847814,416.0532531738281,251783900,29.057507517128627,-5.299473735128402,-1.6551937686868825,-3.644279966441519,440.2658966064453,439.0026397705078,415.7749642944336,434.61498085127397,436.02710231716486,463.47737356114294,440.2658966064453,417.0544196517477,0.10544299312579465,-5.631945404379204,0.004247038634158873,-0.05353762816126251,7.637889876973094
2022-01-25 05:00:00+00:00,409.63982206019847,415.9396482515973,404.0494353651215,410.97357177734375,167997300,26.261835946617765,-6.473116047851647,-2.618778224519836,-3.8543378233318113,438.24210052490236,438.4790478515625,415.90225860595706,432.3634180823282,435.0446109234464,464.10680913322926,438.24210052490236,412.37739191657545,0.11803844759482295,-6.6679538986148215,-0.01220920965701977,-0.04823761383151448,7.949741872096917
2022-01-26 05:00:00+00:00,416.88561104852806,420.02607047448777,405.6669916326692,409.9425659179687,186391100,25.720927504409374,-7.401114155743301,-3.5752454107645293,-3.8258687449787714,436.1851974487305,437.8688525390625,416.01868453979495,430.2280988285797,434.060217001663,464.1005503472926,436.1851974487305,408.2698445501684,0.1279977085964422,-7.742406981935915,-0.0025086913859601045,-0.04066398374391933,8.407551655648465
2022-01-27 05:00:00+00:00,414.5586466067945,417.7085455157903,406.225098979547,407.9182739257813,149878300,24.647510565895004,-8.20531700140856,-4.501259728893335,-3.7040572725152243,433.9982315063477,437.21515563964846,416.1315921020508,428.10335359974175,433.0350427633931,463.5289009364901,433.9982315063477,404.46756207620524,0.13608658877546842,-8.445505289395653,-0.004937989270898169,-0.034717529207980324,8.62725843283381
2022-01-28 05:00:00+00:00,409.2803813325248,418.0963566867088,404.6832271039297,418.049072265625,164457400,38.48397888326048,-7.9337277166127365,-5.187753326437216,-2.7459743901755207,432.38023834228517,436.7291973876953,416.2744563293457,427.14580299649253,432.44735764583356,461.682144835764,432.38023834228517,403.07833184880633,0.1355376767718166,-4.860832918938891,0.02483536283468135,0.009064439765617438,8.969106372115617
2022-01-31 05:00:00+00:00,417.3774492101084,425.9285683081596,416.0247914532952,425.5785827636719,152251400,46.36660128191402,-7.029886525357426,-5.556179966221258,-1.4737065591361684,431.19547271728516,436.41532043457033,416.4484590148926,426.9965439267001,432.1779939249645,459.5708215379494,431.19547271728516,402.8201238966209,0.13161246170721588,-3.186884906297106,0.018011068550494613,0.02289449611841876,9.035868549454813
2022-02-01 05:00:00+00:00,426.3069680203135,429.0974419265007,422.7692385378579,428.4542236328125,123155400,49.051726507734074,-6.0122403201364705,-5.647392037004301,-0.36484828313216955,430.02442474365233,436.1289807128906,416.6464390563965,427.13537056537746,432.0319637174291,456.77601931722825,430.02442474365233,403.2728301700764,0.12441895406068233,-0.7754653212442641,0.006757015004059674,0.04253473472727198,8.842463895111099
2022-02-02 05:00:00+00:00,430.86628479936365,433.3445889976843,428.548770732719,432.6162414550781,117361000,52.7396360440291,-4.814410785265352,-5.480795786656511,0.6663850013911592,429.06904754638674,435.94171875,416.87946487426757,427.65735826915846,432.05487656988595,453.9521318018332,429.06904754638674,404.18596329094026,0.11598638679596836,1.239631145852162,0.009714031494371556,0.05530939556456427,8.560171142951148
2022-02-03 05:00:00+00:00,426.56229476939353,428.4730412507247,421.60565829952645,422.4475402832031,118024400,44.30200709760617,-4.632253712849092,-5.311087371895027,0.6788336590459352,428.03893585205077,435.5759674072266,417.0433848571777,427.16118512763893,431.6781182841337,452.2174405608887,428.03893585205077,403.86043114321285,0.11297338949181522,-0.0336019418499233,-0.023505130407663888,0.03561808157696156,8.735200572422615
2022-02-04 05:00:00+00:00,422.21116548081926,428.2934208063521,419.8274299173056,424.43408203125,118454400,46.115694672227825,-4.278278274925469,-5.104525552501116,0.8262472775756464,427.1289596557617,435.23825805664063,417.23503189086915,426.9014610232209,431.3940384310794,450.39451312786457,427.1289596557617,403.86340618365887,0.10893924631499292,2.447623404883638,0.004702457840599861,0.015273349922824364,8.715971309324322
2022-02-07 05:00:00+00:00,425.2002179600923,426.6001601287156,421.738149661157,423.0718994140625,84472900,45.03282925007085,-4.060855923793156,-4.895791626759524,0.8349357029663684,426.2383758544922,434.8497393798828,417.39893615722656,426.53674086996773,431.0676800382552,448.6786850507691,426.2383758544922,403.79806665821525,0.105294644816015,1.6869586252945286,-0.0032094091281934523,-0.005890059911688228,8.440688392055339
2022-02-08 05:00:00+00:00,422.5706349264903,427.47995951404795,421.1422872227027,426.5529479980469,81012000,48.36934226136261,-3.566542731177435,-4.6299418476431065,1.0633991164656713,425.54927825927734,434.72822326660156,417.576171875,426.5382844059753,430.89063172295295,447.04219448583814,425.54927825927734,404.05636203271655,0.10101258455649716,3.7908462467128374,0.008228030717250423,-0.004437523380315667,8.290472956290333
2022-02-09 05:00:00+00:00,430.60135886606434,433.1175075159952,430.40272390788056,432.7958984375,92589900,53.78707282898226,-2.6406028132323627,-4.232074040760958,1.5914712275285954,424.97179260253904,434.62542907714845,417.7850434875488,427.13424764707287,430.9653480646999,444.9831334068406,424.97179260253904,404.9604517982375,0.09417726612748359,5.57476447178807,0.014635815949118003,0.00041528025350512365,8.16719342498019
2022-02-10 05:00:00+00:00,426.93128524545455,432.95678758172915,423.0151936953488,425.0205383300781,140103700,47.15093546549115,-2.5053156175628146,-3.8867223561213295,1.381406738558515,423.9454711914062,434.53755249023436,417.95560012817384,426.93294199783526,430.73221827118533,441.5969112698571,423.9454711914062,406.29403111295534,0.08327221908442786,4.192571281424987,-0.017965420040931157,0.006090692456512059,8.293936315080202
2022-02-11 05:00:00+00:00,425.1056385655254,427.18664391321806,415.20186134997584,416.6396484375,153214600,41.24411521947499,-3.039331787684773,-3.7172442424340186,0.6779124547492454,422.8070556640625,434.37744873046876,418.07179656982424,425.9526283254224,430.17956847378593,439.2157936004279,422.8070556640625,406.3983177276971,0.07761808946444274,-0.337143154148531,-0.019718788003767918,-0.018364297128184215,8.557568189948919
2022-02-14 05:00:00+00:00,416.128907993978,417.7180457832857,411.7965806344192,415.2775573730469,123006300,40.35918999435694,-3.5317411023214618,-3.6801436144115076,0.14840251209004585,421.5915466308594,434.0600238037109,418.19410690307615,424.9359549013866,429.5951758816001,436.3684624304096,421.5915466308594,406.8146308313092,0.07010062662612482,-2.4204755144704415,-0.003269230543855528,-0.018423209038015753,8.36927511558589
2022-02-15 05:00:00+00:00,419.73284594307296,422.144928982225,419.21257292774663,421.97467041015625,88482700,46.44364600710501,-3.343041478608484,-3.612723187250903,0.26968170864241925,421.1001449584961,433.951572265625,418.3456881713867,424.6539278069837,429.2963325297788,435.12038563109263,421.1001449584961,407.0799042858996,0.06658862904917004,-1.5123093355730952,0.016126835939495043,-0.010733198796018195,8.261996293699621
2022-02-16 05:00:00+00:00,419.9219231993376,423.8285742970927,418.0395531406491,422.4475402832031,84863600,46.85590669565016,-3.119380741056318,-3.514054698011986,0.3946739569556681,420.85656890869143,433.7513427734375,418.51171508789065,424.4437956618617,429.0277524416778,434.6027662788939,420.85656890869143,407.11037153848895,0.06532485595198036,-2.3505130407663843,0.0011206119850446505,-0.02391048111051186,8.085355212467048
2022-02-17 05:00:00+00:00,419.25038980867765,422.41922551305055,412.8181495554297,413.4235229492187,102259100,40.45583233236702,-3.6284641016275145,-3.536936578735092,-0.09152752289242239,420.3982681274414,433.19172607421876,418.6320133972168,423.39424587970524,428.4158218733461,434.4896549077049,420.3982681274414,406.30688134717786,0.06703827226991237,-2.1361273231546933,-0.021361273231546907,-0.02728577641547525,8.195643463560359
2022-02-18 05:00:00+00:00,413.6789397456878,414.937028777914,408.4669432136912,410.7466125488281,132642900,38.76433390899376,-4.199511278156024,-3.6694515186192787,-0.5300597595367451,420.22091217041014,432.55519409179686,418.7233804321289,422.18970937200265,427.7229117037572,434.6991433781958,420.22091217041014,405.7426809626245,0.06890771395933941,-3.2248752072210127,-0.006474983284198266,-0.014144203295994973,8.072389327893392
2022-02-22 05:00:00+00:00,408.5331937704951,411.9479493682577,402.8292713744487,406.3386535644531,124391800,36.08856580300009,-4.9506872895383935,-3.925698672803102,-1.0249886167352917,419.7351821899414,431.8902648925781,418.7784255981445,420.6800850093789,426.8843133453531,435.34751670302984,419.7351821899414,404.1228476768529,0.07439135519511185,-3.9551778014054455,-0.010731577205280063,-0.021525130963347183,8.14712423260165
2022-02-23 05:00:00+00:00,409.261464298064,409.8290216743736,398.5631188932216,399.1306762695313,132578000,32.17722801701986,-6.057792754580589,-4.3521174891586,-1.7056752654219896,419.1430374145508,430.9984149169922,418.81700439453124,418.62776036748863,425.7959354208111,436.80368340072306,419.1430374145508,401.48239142837855,0.08427025816824009,-6.4288083946476755,-0.017738842297410184,-0.054135936923466854,8.369894128926676
2022-02-24 05:00:00+00:00,388.7918112514867,405.5724423257613,388.43238610030824,405.1372985839844,213942900,38.18925949236582,-6.3769876464996855,-4.757091520626817,-1.6198961258728684,418.90277404785155,430.3053094482422,418.9030827331543,417.34295448334535,424.98579279975905,437.17761794851225,418.90277404785155,400.62793014719085,0.08725100444702785,-6.3906797530591195,0.01504926248865135,-0.04097607406499326,8.996334278678562
2022-02-25 05:00:00+00:00,406.3764647986721,414.1613927191471,404.7211056644664,414.0762634277344,121804500,45.878091930727685,-5.841317074040319,-4.973936631309518,-0.8673804427308012,419.2106735229492,429.85149963378905,419.07506378173827,417.03184104947763,424.5579681185032,436.93404520029435,419.2106735229492,401.48730184560407,0.08455591804665678,-2.574999068361313,0.022064038228504224,0.0015788663254070467,9.028045191250145
2022-02-28 05:00:00+00:00,408.665549734316,414.5018850268596,407.40748965693734,413.0167846679687,145615000,45.16104083926598,-5.439581260795137,-5.067065557206642,-0.37251570358849495,418.9590591430664,429.240009765625,419.21894271850584,416.64945472742914,424.10537268907046,436.88299991405853,418.9590591430664,401.03511837207424,0.08556416375219837,-0.8695436891611077,-0.00255865610599193,0.005526940575488526,8.889927346869582
2022-03-01 05:00:00+00:00,411.51275948322075,413.5275723046222,404.01159714649674,406.7264099121094,137785900,41.05795144254367,-5.564637726545698,-5.166579991074453,-0.39805773547124446,418.0164505004883,428.5809503173828,419.30186904907225,415.70440284025585,423.42384473703277,436.4250770488912,418.0164505004883,399.6078239520854,0.08807608660550251,-2.05914028078718,-0.015230312639512356,0.0009542689189294684,8.934645047673573
2022-03-02 05:00:00+00:00,408.9871853932259,415.9396990802248,408.23046138487615,414.2086791992187,117726500,47.2026509791638,-5.002325581634523,-5.133729109186468,0.13140352755194495,417.3041732788086,428.16512573242187,419.42717010498046,415.5619529696809,423.0624656963342,435.1355663511587,417.3041732788086,399.47278020645854,0.08545993169561036,-1.8403927428603881,0.018396320240739117,0.03777710866679973,8.954548199133704
2022-03-03 05:00:00+00:00,416.6491002687027,417.2544736461627,410.3398054569245,412.1465148925781,105501700,45.785937103361256,-4.669264209579865,-5.040836129265148,0.3715719196852829,416.2806869506836,427.8005682373047,419.558924407959,415.2366731528139,422.6343891942261,432.7790772807761,416.2806869506836,399.7822966205911,0.07926570147150276,-2.4384152843497047,-0.004978563729343688,0.017300841796329403,8.808842484141167
2022-03-04 05:00:00+00:00,408.40064432076974,409.9330289175407,404.73994136911347,408.7979431152344,113978200,43.502690074403546,-4.622230236965265,-4.957114950805171,0.33488471383990603,415.5982070922852,427.2161785888672,419.67899322509766,414.62346076828254,422.09178346563823,432.14891836135286,415.5982070922852,399.0474958232175,0.07964765480998587,-1.118847761972287,-0.008124712101997278,-0.012747217792215215,8.708680415521416
2022-03-07 05:00:00+00:00,408.2115490078565,408.9209886334295,396.68078798416894,396.74700927734375,137896600,36.45667424628147,-5.494033325409873,-5.064498625726112,-0.429534699683761,414.21385345458987,426.3031781005859,419.7181101989746,412.92094157866933,421.0978707523718,432.1503887431972,414.21385345458987,396.27731816598254,0.08660519265116133,-3.408330791728721,-0.029478949297192636,-0.039392528329579846,8.960931860788497
2022-03-08 05:00:00+00:00,396.92666565064377,404.106189919639,392.6700286547611,393.7389221191406,164772700,34.93560103610439,-6.35442123552474,-5.322483147685838,-1.0319380878389017,412.74720458984376,425.27496154785155,419.7437783813477,411.09408258252375,420.0249708059706,432.27325461497344,412.74720458984376,393.2211545647141,0.09461505642192371,-3.1007956872392257,-0.007581877337102583,-0.03193175431065631,9.137733961080597
2022-03-09 05:00:00+00:00,402.1482138875015,406.28187731724785,399.9536738077774,404.2954406738281,116990800,43.79779775886965,-6.113983830420011,-5.480783284232673,-0.6332005461873385,411.6343292236328,424.3318804931641,419.8024215698242,410.4465928769337,419.4081264870631,430.40876438714116,411.6343292236328,392.8598940601244,0.09121899623346814,1.2940033706677745,0.0268109601607871,-0.02393295704125664,9.380964049439642
2022-03-10 05:00:00+00:00,399.669875757918,403.368424272738,397.70237600280313,402.4698181152344,93972700,42.714255712140975,-6.001565625050034,-5.584939752396146,-0.4166258726538885,410.1180252075195,423.35966430664064,419.85629135131836,409.6869000424862,418.7438790999326,426.56545524033,410.1180252075195,393.67059517470904,0.08020827674905574,-0.6584139446240187,-0.0045155655368041,-0.02347877860829628,9.181828379552883
2022-03-11 05:00:00+00:00,404.9669642223323,405.5818059910525,396.8415209370115,397.3523254394531,95636300,39.74589486935988,-6.2533278072293115,-5.718617363362779,-0.5347104438665324,408.73461456298827,422.27355895996095,419.8806869506836,408.5121786517211,417.9049946426589,424.57880255981127,408.73461456298827,392.8904265661653,0.0775279970538503,-4.038854545739968,-0.012715220981653896,-0.02799822716464817,9.150289570587745
2022-03-14 04:00:00+00:00,398.1280659463087,401.5901058587185,393.30387079878767,394.4484252929687,95729200,38.126760508589655,-6.610964539343172,-5.897086798558858,-0.713877740784314,407.6250534057617,421.1543487548828,419.8895330810547,407.17277356993515,416.9851291779652,424.1911307354286,407.6250534057617,391.05897607609484,0.08128095754299249,-4.495788080362745,-0.007308124202552113,-0.00579357608406883,9.08857139125511
2022-03-15 04:00:00+00:00,397.0685900922245,403.7562474132384,395.7916219511084,403.12249755859375,106219100,45.29545483066352,-6.123876846284531,-5.942444808103993,-0.18143203818053877,407.0173004150391,420.23132080078125,419.93823745727536,406.7870329974264,416.44149656544084,423.3053298151564,407.0173004150391,390.7292710149217,0.08003605440608204,-0.8860777824322754,0.02199038381046292,0.023831973199270884,9.104232157613295
2022-03-16 04:00:00+00:00,406.64136195251285,412.11821526495754,401.8266061257803,412.06146240234375,144954800,51.528147362043946,-4.959387847420544,-5.7458334159673035,0.7864455685467595,406.5216400146484,419.43504638671874,420.0333692932129,407.28935960741853,416.2697305198292,421.5103462765543,406.5216400146484,391.53293375274257,0.0737412466473655,-0.5183901025507515,0.02217431400600689,0.01920877889587924,9.189044799153576
2022-03-17 04:00:00+00:00,410.14121733245054,417.2167053222656,409.76285531991505,417.2167053222656,102676900,54.73143272720647,-3.579277226807733,-5.3125221781353895,1.7332449513276567,406.2600982666016,418.7449047851562,420.1511868286133,408.23482110407065,416.3068667865914,420.27928952629486,406.2600982666016,392.2409070069083,0.06901584142528032,1.2301912660862835,0.012510859156462883,0.03664097664786614,9.065102313667648
2022-03-18 04:00:00+00:00,415.59983278904184,422.10898522065065,414.8597246560477,421.786376953125,106345500,57.41773751139668,-2.092672283104605,-4.668552199129233,2.575879916024628,406.67824096679686,418.3196368408203,420.29915756225586,409.52544547064724,416.5217495382202,421.9683843813815,406.67824096679686,391.38809755221223,0.07519528646644753,3.1772258291987954,0.010952753263629988,0.061492156832476,8.935399331591597
2022-03-21 04:00:00+00:00,421.6155646277415,423.6271389755555,418.1427408368208,421.66302490234375,88349800,57.31885895062515,-0.913945242566399,-3.9176308078166664,3.0036855652502674,407.2240615844727,417.90022521972656,420.42857681274415,410.6814054165231,416.72336817995057,423.7829028937235,407.2240615844727,390.6652202752219,0.08132545628478736,6.280076482588582,-0.00029245148141654465,0.06899406326482849,8.688899246387534
2022-03-22 04:00:00+00:00,423.0577952903336,427.53640601074585,423.0577952903336,426.5970458984375,74650400,60.26635840447406,0.41357129592051933,-3.0513903870692296,3.464961682989749,408.2369812011719,417.61449462890624,420.58458618164065,412.19718070051493,417.1105712277344,426.81107379485763,408.2369812011719,389.66288860748614,0.09099661936081566,8.345155110003171,0.01170133662356676,0.05823179922234867,8.487790807960002
2022-03-23 04:00:00+00:00,424.0541434470879,425.55332638564335,421.0177861842086,421.1031799316406,79426100,55.657404040249716,1.0106781786267902,-2.2389766739300256,3.249654852556816,409.33560638427736,417.2298602294922,420.7127049255371,413.0453711034793,417.26714411808365,428.2218940703148,409.33560638427736,390.4493186982399,0.09227776617266632,4.157291318892813,-0.012878349767346586,0.02194264291686765,8.280038586979208
2022-03-24 04:00:00+00:00,423.1337875083992,427.46057816954954,422.0141418892531,427.4510803222656,64736900,59.51047386197768,1.9733644776786718,-1.3965084436082862,3.369872921286958,410.45129547119143,416.8919696044922,420.8755130004883,414.41734341003036,417.66651416530647,430.7939043384807,410.45129547119143,390.1086866039022,0.0991231314981538,6.206990209605895,0.015074453704328361,0.024530117968538212,8.142707133474186
2022-03-25 04:00:00+00:00,428.0867616598411,429.8136901005225,425.4963689988191,429.53851318359375,77101300,60.719214232559175,2.87163625672639,-0.542879503541351,3.414515760267741,411.2244079589844,416.57180053710937,421.0395803833008,415.8574548170364,418.13208275425893,433.17132622363647,411.2244079589844,389.2774896943323,0.10673937558123288,8.10016342764427,0.004883442708237817,0.01837929495605839,7.869465274061986
2022-03-28 04:00:00+00:00,428.94076282849704,432.5938720703125,427.04304675034354,432.5938720703125,68529800,62.48457939047608,3.786417575926805,0.3229799123522803,3.463437663574525,412.20326232910156,416.4355187988281,421.21564682006834,417.45139931734843,418.69921174704535,436.0469800390438,412.20326232910156,388.35954461915935,0.11568912664696708,9.670579049469405,0.007113119762122144,0.0259231815986245,7.703848134483914
2022-03-29 04:00:00+00:00,436.4936524519958,438.4388287515793,433.7988991715261,437.9454040527344,86581500,65.41632388083518,4.88687936505562,1.2357598028929484,3.6511195621626715,413.7642120361328,416.4026721191406,421.4140217590332,419.4032092921471,419.45396438648413,439.9426193196995,413.7642120361328,387.5858047525661,0.1265378035221693,8.63829399377025,0.01237079932919638,0.026602055179253847,7.571070173539835
2022-03-30 04:00:00+00:00,436.7973231241973,437.6133561269199,433.1252470040713,435.2412109375,79666900,62.74787091097343,5.47765448563581,2.0841387394415207,3.3935157461942893,414.8158386230469,416.4714422607422,421.60252838134767,420.9115904012283,420.0730720943671,442.6204806840612,414.8158386230469,387.0111965620326,0.13405776478212564,5.625313369519412,-0.0061747265531498785,0.03357379302657959,7.374576378905781
2022-03-31 04:00:00+00:00,434.4725987632066,435.29810058107427,428.0867740686455,428.542236328125,121699900,56.589516053416816,5.343697936218462,2.736050578796909,2.6076473574215524,415.63562469482423,416.49590576171875,421.76863861083984,421.63831858474225,420.40519618196544,444.0375201295164,415.63562469482423,387.23372926013207,0.1366672813743814,2.714543991499893,-0.015391406973952582,0.0025527038206025754,7.362915674157421
2022-04-01 04:00:00+00:00,430.1268450058837,430.26916792356127,426.1701231101965,429.7568054199219,89048800,57.40575113473396,5.274738083613499,3.243788079760227,2.030950003853272,416.6835678100586,416.6392510986328,421.94147705078126,422.4115078071403,420.771925956003,445.541940881483,416.6835678100586,387.8251947386342,0.13851457221168478,1.8896837124928443,0.002834187598878657,0.0005082017784858728,7.129782041243658
2022-04-04 04:00:00+00:00,429.9560313211461,433.54271341244913,429.1305294920376,433.4383239746094,59601000,59.86890259157081,5.454281125580508,3.6858866889242834,1.7683944366562243,418.51813354492185,417.02214294433594,422.1593792724609,423.4616807754707,421.26864744692875,446.731503924733,418.51813354492185,390.3047631651107,0.1348250798159637,2.7925851632337833,0.008566516011515368,0.0019520662654222143,6.935667889755647
2022-04-05 04:00:00+00:00,431.939157439223,434.41566302039155,426.8153298227524,427.96343994140625,74214500,54.7942346197508,5.096048815349548,3.9679191142093364,1.1281297011402112,420.22935943603517,417.2603466796875,422.32200103759766,423.89041974365506,421.5311883290651,446.29316558162157,420.22935943603517,394.16555329044877,0.12404562204109243,0.32030086849079015,-0.012631287383632062,-0.022792713472856052,6.983143983175897
2022-04-06 04:00:00+00:00,424.0351227444285,425.9707720202378,420.7900159707679,423.68402099609375,106898000,51.144981998582374,4.4159296955670015,4.057521230480869,0.3584084650861321,421.19878845214845,417.5145556640625,422.45265548706055,423.8707627200778,421.61561313953683,446.2421868677062,421.19878845214845,396.1553900365907,0.11891486444008559,0.6128761755900497,-0.009999496559562226,-0.02655352859742377,6.996735410851786
2022-04-07 04:00:00+00:00,422.8016387112071,427.640820370861,420.8469935201735,425.8190002441406,78097200,52.8327140097029,4.00306058509085,4.046629101402866,-0.04356851631201586,422.3662475585937,417.83208435058594,422.5963804626465,424.05630915094093,421.7804518495213,445.94238733091095,422.3662475585937,398.7901077862765,0.11163837029400209,-0.3818168097492082,0.005039083709193148,-0.0063546503777967,6.9822419422686215
2022-04-08 04:00:00+00:00,425.0598962746841,427.5838618920814,423.1337157978344,424.6803588867187,79272700,51.80483363808608,3.5431369220448232,3.9459306655312574,-0.40279374348643415,423.732649230957,418.1673260498047,422.72266708374025,424.11574245911027,421.8941736941173,444.3311422519085,423.732649230957,403.13415621000553,0.09722400696918777,-1.131017160921861,-0.002674003172167261,-0.011812370320099741,6.801377953124223
2022-04-11 04:00:00+00:00,421.3973501116836,422.2418477063847,416.9187677503184,417.4216613769531,89770500,45.70076324910967,2.5633788442691525,3.6694203012788367,-1.1060414570096841,424.8813110351563,418.15477783203124,422.80556686401366,423.47821092747625,421.7187810542285,440.86482686181665,424.8813110351563,408.8977952084959,0.07523755652005058,-3.5072643587732864,-0.017092143203405796,-0.03695257597617163,6.869964609072513
2022-04-12 04:00:00+00:00,420.42000917950406,422.95347289670224,414.3188589093481,415.875,84363600,44.49764719119976,1.6431694274028814,3.264170126503646,-1.6210006991007644,425.51893615722656,417.9607061767578,422.8766929626465,422.7540956010499,421.48961316974896,438.7620494583634,425.51893615722656,412.27582285608975,0.06224453097543734,-5.039533204023945,-0.0037052733963329754,-0.02824643138456251,6.996010993235488
2022-04-13 04:00:00+00:00,415.6282453101172,421.3972888860871,415.4479599836638,420.6382141113281,74070400,48.9545263100836,1.2834535521018893,2.8680268116232948,-1.5845732595214055,425.9477737426758,417.8043859863281,422.9705546569824,422.5525830782193,421.4562249713795,437.91389311251163,425.9477737426758,413.98165437283996,0.05618585238604781,-3.355150307278426,0.011453475470581509,-0.007188864186109312,6.921247986748903
2022-04-14 04:00:00+00:00,420.865976406667,421.9856509126384,415.2961842874288,415.4005737304687,97869500,44.703612164888504,0.569181157286323,2.4082576807559004,-1.8390765234695774,425.8569671630859,417.46007263183594,423.03653671264647,421.8714393308145,421.2187484521281,438.1108401794305,425.8569671630859,413.60309414674134,0.057549242873614175,-3.0665968214143624,-0.012451651336350511,-0.024466795769325866,6.904692175210381
2022-04-18 04:00:00+00:00,414.4706408777996,417.26028558117775,413.33199974941584,415.5713195800781,66002500,44.87167181939632,0.016700389724064735,1.9299462225495334,-1.9132458328254687,425.5462142944336,417.32254821777343,423.0922381591797,421.27142792598244,420.9972806532242,438.49287806654405,425.5462142944336,412.5995505223231,0.060847275041919315,-3.3008170344115664,0.00041103903173755896,-0.021449165510078028,6.692091722106919
2022-04-19 04:00:00+00:00,415.4669024532441,423.0008364279451,415.2961149824249,422.27972412109375,77821000,51.15308826178615,0.11879815186057385,1.5677166084117415,-1.4489184565511677,425.5770492553711,417.27946105957034,423.16602508544923,421.36745613504064,421.04757255392497,438.4894641839718,425.5770492553711,412.6646343267704,0.06068191389170751,-2.5744377541865195,0.016142607116858443,0.01163826220257791,6.764422416636438
2022-04-20 04:00:00+00:00,424.06358003329865,424.6803318691113,420.79950658212863,421.9665832519531,65224400,50.86176218562654,0.17245555255618683,1.2886643972406306,-1.1162088446844438,425.34552612304685,417.2573547363281,423.2419580078125,421.4245158604609,421.0836121891418,438.342258857359,425.34552612304685,412.3487933887347,0.061111411481273595,-1.401254436657994,-0.0007415484363886282,0.014647630302261794,6.558451193089739
2022-04-21 04:00:00+00:00,425.6007806681519,426.9956031035997,414.745842697952,415.65673828125,85417300,45.26733015869392,-0.29081993518911986,0.9727675307546806,-1.2635874659438004,425.07320404052734,417.0394305419922,423.2791537475586,420.87520371005985,420.87079360451855,438.63024819579044,425.07320404052734,411.51615988526424,0.06378686789191512,-1.8946390038433285,-0.014953423377925601,-0.01184266113482424,6.964973279701021
2022-04-22 04:00:00+00:00,414.5655465281797,415.6756941570096,403.68214426024474,404.25146484375,132471800,37.28438298888015,-1.5602932560985892,0.46615537338402663,-2.0264486294826156,423.91322326660156,416.4685418701172,423.2759539794922,419.291990484697,420.2190552217433,440.1609717308572,423.91322326660156,407.6654748023459,0.0766560115254407,-5.064953745141719,-0.027439164067593502,-0.026839416196745014,7.32415732377701
2022-04-25 04:00:00+00:00,402.0026845299554,406.7659413001945,397.4196841407292,406.59515380859375,119647700,39.64000981565674,-2.3501527980076276,-0.09710626089430419,-2.2530465371133235,422.76605529785155,416.1000341796875,423.2628617858887,418.08276794411574,419.6847845780904,440.44032137551534,422.76605529785155,405.09178922018776,0.08361251267068606,-4.258545209280347,0.005797601662988816,-0.0215995795392101,7.468593026326175
2022-04-26 04:00:00+00:00,404.0522253657664,404.2515064124362,394.7913901520683,394.8198547363281,103996300,32.944670201284936,-3.8815463503050296,-0.8539942787764493,-3.0275520715285804,420.87735443115236,415.66363830566405,423.183564453125,415.8672524005169,418.7096892901782,441.7338101749011,420.87735443115236,400.0208986874036,0.09910942237288033,-5.414622366761751,-0.028960746240986657,-0.06502767671812526,7.77824807134041
2022-04-27 04:00:00+00:00,395.9015280922262,401.2910638857322,393.7855931486508,395.9299926757813,122030000,34.0751880913263,-4.948563954794679,-1.6729082139800953,-3.2756557408145834,418.7765838623047,415.27668701171876,423.116817779541,413.9684657600659,417.8163678543195,440.76633844012855,418.7765838623047,396.7868292844808,0.10501902649387,-4.79591399440185,0.0028117581376310152,-0.06170296798271713,7.758763976036199
2022-04-28 04:00:00+00:00,400.69325298442976,407.66736507678297,396.24310664725425,405.9309387207031,105449100,43.34243739356263,-4.930356251540218,-2.32439782149212,-2.605958430048098,417.31107025146486,414.9558123779297,423.09702224731444,413.2029869944123,417.3502725941777,438.6123311694116,417.31107025146486,396.0098093335181,0.10208816605373526,-3.496419226126826,0.025259379763915346,-0.023398633210574893,8.04295029210516
2022-04-29 04:00:00+00:00,401.92673399978656,404.0901289590842,390.1798679914565,390.9294738769531,145491100,35.32160194638871,-6.056602611152357,-3.0708387794241676,-2.9857638317281894,415.43043212890626,414.3254510498047,423.00921936035155,411.0817000308448,416.31416284056104,438.9584244968836,415.43043212890626,391.9024397609289,0.11327043253623124,-5.890964384992294,-0.03695570702501105,-0.032954712908575434,8.593530323329551
2022-05-02 04:00:00+00:00,390.9959026727131,394.64901157407303,384.3064367465445,393.28265380859375,158312500,37.28226424473011,-6.682250190533523,-3.7931210616460387,-2.8891291288874843,413.60672454833986,413.92263366699217,422.9492021179199,409.3865527715828,415.4109664079349,438.0468270456778,413.60672454833986,389.1666220510019,0.11818039237165023,-5.3633792134660245,0.006019448746863443,-0.03274141335749148,8.71846207362948
2022-05-03 04:00:00+00:00,393.7856098060658,397.5051173465634,392.2199707737604,395.0855407714844,100028200,38.81265797068992,-6.952458876022831,-4.424988624521397,-2.527470251501434,411.68908538818357,413.60941223144533,422.9281256103516,408.02455162871627,414.61389089278,435.61726193435067,411.68908538818357,387.7609088420165,0.11624391996501489,-6.439850600501747,0.004584201579783009,0.0006729297728294004,8.473225252141875
2022-05-04 04:00:00+00:00,395.7496753190645,407.68632497643506,392.5520285453258,407.1170043945313,144247900,47.94191869532047,-6.125155661094482,-4.765022031836015,-1.360133629258467,410.64676361083986,413.6249792480469,422.93859573364256,407.93811855879386,414.31989534382905,433.4375897426884,410.64676361083986,387.85593747899134,0.11099966273420746,-3.5191362176078393,0.03045280675054074,0.02825502469046537,8.949016050639544
2022-05-05 04:00:00+00:00,402.8376995037518,403.2646972365076,388.50046734364383,392.64697265625,172929100,40.177744360603185,-6.561485809021008,-5.124314787273014,-1.4371710217479938,409.0949111938477,413.49530517578125,422.86031951904295,406.4818189490278,413.46997680706124,432.34557249479946,409.0949111938477,385.8442498928959,0.11366878768107952,-5.53576148437913,-0.035542685719554434,-0.03272469476290163,9.639553264942966
2022-05-06 04:00:00+00:00,390.0754755164309,393.5862322556368,384.98011339588066,390.3031921386719,151770800,39.07392243352957,-7.015533392883924,-5.502558508395197,-1.5129748844887274,407.3191207885742,413.198623046875,422.7660496520996,404.9409973480415,412.56147544751656,430.6143184648131,407.3191207885742,384.0239231123353,0.11438303034308404,-3.450395092685531,-0.0059691801562163915,-0.0016020325407297697,9.565736521715335
2022-05-09 04:00:00+00:00,384.3823720398505,385.62537367241526,376.2221876512533,377.8067932128906,155586100,33.74991372607603,-8.288183312862998,-6.059683469288757,-2.228499843574241,404.97544250488284,412.4732336425781,422.588250579834,402.3567874304081,411.1985467324332,430.1668676593291,404.97544250488284,379.78401735043656,0.12440964320518048,-7.080350153227689,-0.03201715788514836,-0.03935047845571915,9.888255662122708
2022-05-10 04:00:00+00:00,383.80357611684485,385.312256912979,374.6281351627776,378.67974853515625,132497200,34.42211751469783,-9.12118401291815,-6.671983578014636,-2.4492004349035135,403.038346862793,411.7864929199219,422.4097424316406,400.101831345146,409.9232997443047,429.9996074904652,403.038346862793,376.07708623512076,0.13379005167888255,-4.087967210248506,0.0023105866224426563,-0.04152465869617117,9.945103239842615
2022-05-11 04:00:00+00:00,377.7119332720128,383.3766170241636,371.91439549274446,372.66400146484375,142361000,32.0116318357545,-10.149763427255039,-7.367539547862717,-2.7822238793923217,400.87779693603517,411.10524475097657,422.2105987548828,397.4887046898791,408.462150792169,430.20017592558884,400.87779693603517,371.5554179464815,0.14629086077437412,-5.876289152458724,-0.01588610717521377,-0.08462678433421478,10.053468832098078
2022-05-12 04:00:00+00:00,369.45676295610747,375.5579117596013,365.452581816771,372.2748718261719,125090800,31.856231911435515,-10.871005350663665,-8.068232708422906,-2.8027726422407593,398.45962982177736,410.2665686035156,422.01035537719724,395.08738727428795,407.0430418131103,428.82313469879847,398.45962982177736,368.09612494475624,0.1524044224535473,-8.29108197581559,-0.0010441836000856242,-0.05188401350011995,10.057173197150382
2022-05-13 04:00:00+00:00,376.4214441495683,382.56055648756023,375.3776945718479,381.17523193359375,104174400,39.134261792257334,-10.602194594330058,-8.575025085604338,-2.02716950872572,396.7483627319336,409.64714294433594,421.84606338500976,393.76242009898374,406.0286178962665,426.95729608241265,396.7483627319336,366.5394293814545,0.15228258608285672,-2.4951410919785415,0.023908033501594428,-0.0233868448655552,10.07349544459595
2022-05-16 04:00:00+00:00,379.52421008230226,383.3101440048578,377.2659235471476,379.6285705566406,78622400,38.367390816826024,-10.394145540727834,-8.938849176629038,-1.4552963640987961,394.9512252807617,409.0637554931641,421.68409149169923,392.41633919018915,404.99332192216355,424.74077979276643,394.9512252807617,365.161670768757,0.15085181463016353,-3.4718244295102867,-0.0040576124768321176,0.004821981437277856,9.785690088389826
2022-05-17 04:00:00+00:00,385.7392800433556,387.6749586642774,381.9912789869074,387.437744140625,83029700,44.302088308061386,-9.489738326325892,-9.049027006568409,-0.440711319757483,393.2091262817383,408.8775701904297,421.56548767089845,391.94218728070683,404.30486789151496,420.36053568032287,393.2091262817383,366.0577168831537,0.1381016237101797,-1.9357318457986357,0.0205705634129012,0.02312771052412299,9.661454232621752
2022-05-18 04:00:00+00:00,382.86424116317255,383.14888700880624,370.5765172556166,371.8195190429687,117674500,36.69227565358427,-9.918910307717795,-9.223003666798286,-0.6959066409195085,390.70177307128904,408.4391821289062,421.3520680236816,390.02574268663653,403.0309326425524,415.963533602352,390.70177307128904,365.44001254022606,0.12931479850977595,-8.670108339998572,-0.04031157349498582,-0.0022660692166552865,10.17572370779223
2022-05-19 04:00:00+00:00,368.7451990662184,373.9829138685316,367.31241418995535,369.542236328125,98510700,35.72858955557113,-10.323783725573946,-9.44315967855342,-0.8806240470205271,388.3960479736328,407.7441180419922,421.1374563598633,388.0749325572545,401.7176504341435,412.5183657216421,388.3960479736328,364.27373022562347,0.12421505251591501,-5.884353614602414,-0.006124699210803164,-0.0073403705295554955,9.925350562848234
2022-05-20 04:00:00+00:00,373.1384136201305,376.72509575107233,361.07843638256344,369.70355224609375,131432200,35.85710474565916,-10.510473780574046,-9.656622498957544,-0.8538512816165014,386.66865234375,407.0887927246094,420.9105908203125,386.32527728952493,400.4621956032396,410.94937847307233,386.66865234375,362.3879262144277,0.1255893177900372,-5.277855858596007,0.0004365290408252509,-0.0300955537675085,10.334015477538282
2022-05-23 04:00:00+00:00,372.7398728634355,377.3893001972865,370.415188153358,376.6207275390625,76414900,41.27917364544458,-9.985165979433248,-9.722331195052686,-0.26283478438056207,385.16993103027346,406.6741607666016,420.71488174438474,385.40103445614756,399.5272360713111,408.00297869184794,385.16993103027346,362.336883368699,0.11856090427671447,-0.3139344488069562,0.018710059048511196,-0.007923120784001592,10.144853511370744
2022-05-24 04:00:00+00:00,372.48376047613425,374.9412996588242,367.170148938791,373.7457580566406,91448800,39.77427288105459,-9.689151267969919,-9.715695209636133,0.026543941666213655,384.11622619628906,406.260107421875,420.50648895263674,384.291008132385,398.5161977177946,407.01568099606214,384.11622619628906,361.216771396516,0.11923190554345976,-1.3029454301693555,-0.007633593353206236,-0.035339835344010084,10.095262446292228
2022-05-25 04:00:00+00:00,372.2464798092764,379.02133983121746,371.8479756649552,377.0476989746094,91472900,42.372787836567106,-9.083410537407474,-9.589238275190402,0.5058277377829281,383.17211151123047,405.7386114501953,420.31202239990233,383.6011691649778,397.67429580629715,405.5975305642384,383.17211151123047,360.7466924582225,0.11705141569182637,1.1763136478260492,0.008834724800992566,0.014061069050644637,9.886555426290089
2022-05-26 04:00:00+00:00,378.2812024273643,386.2231386417738,378.0724525251895,384.58160400390625,82168300,47.89666735783036,-7.904317420955579,-9.252254104343438,1.347936683387859,382.1046447753906,405.18901428222654,420.1500573730469,383.69454391154244,397.16085691208576,401.9829236093786,382.1046447753906,362.22636594140266,0.10404625594474438,3.3058186595738905,0.019981304884728157,0.04069729031576097,9.835761443495398
2022-05-27 04:00:00+00:00,387.0486243318064,394.1365939090982,386.8493722833649,394.0227355957031,84768700,53.86478931044199,-6.137310123866143,-8.62926530824798,2.491955184381837,382.2593078613281,404.72513488769533,420.0290495300293,384.6781812147958,397.03779333105115,402.45541993140375,382.2593078613281,362.0631957912525,0.10566707810501323,3.3704980244748945,0.024549098275904457,0.06578022635125036,9.81570633361658
2022-05-31 04:00:00+00:00,392.4002686094712,395.1614492463279,389.0602984118207,391.8119812011719,95937000,52.35258170147643,-4.8593183171761325,-7.875275910033611,3.015957592857479,382.185774230957,404.1256469726562,419.89318252563476,385.3575907373078,396.8328595220363,402.23095311219436,382.185774230957,362.14059534971966,0.10489756674786087,3.2092976107322473,-0.005610727998192622,0.040335681366697296,9.55038094082305
2022-06-01 04:00:00+00:00,393.9374362442217,394.95269241980327,386.118825687974,388.6427917480469,86585800,50.17782501637276,-4.055478672102197,-7.111316462447329,3.055837790345132,381.86363677978517,403.4652423095703,419.7365367126465,385.67046702404485,396.51168039364455,401.2660058597247,381.86363677978517,362.4612676998456,0.10161935943185181,0.3110299978890258,-0.008088546561055288,0.03985873650811733,9.499201354466352
2022-06-02 04:00:00+00:00,388.48145435599463,396.0912850769354,386.2231676872298,396.0438537597656,79609600,54.890535567056354,-2.7890753860284576,-6.246868247163555,3.457792861135097,381.3099792480469,402.8541784667969,419.6306614685059,386.65840861792304,396.4933342511395,398.27744737995033,381.3099792480469,364.34251111614344,0.08899566785723116,6.515078815428592,0.019043353353937365,0.050381304107721014,9.525552499840582
2022-06-03 04:00:00+00:00,391.3090208596621,392.86516182904495,388.5668363851628,389.5441589355469,71874300,50.383223380710334,-2.2835889184037796,-5.4542123814116,3.1706234630078205,381.1548385620117,402.222998046875,419.515119934082,386.9332419815063,396.2208175720967,397.7576563769185,381.1548385620117,364.55202074710496,0.08711849429772134,5.412621519576915,-0.016411553322984718,0.012903776155632762,9.379228562323602
2022-06-06 04:00:00+00:00,393.56736210124245,395.3037596856171,389.5536819082535,390.7302856445313,57508900,51.17121016678476,-1.7669089123582467,-4.716751687600929,2.949842775242683,381.1761932373047,401.4885821533203,419.4023147583008,387.29486518750866,396.0055025945451,397.8270520151475,381.1761932373047,364.5253344594619,0.0873656806130947,5.687457767363046,0.0030449094968478807,-0.008355989778595196,9.120683718591216
2022-06-07 04:00:00+00:00,387.22895048242367,394.9336727076749,386.7639903779014,394.4782104492187,59272400,53.67473972385852,-1.0429871692152233,-3.9819987839237885,2.939011614708565,382.00976409912107,400.7873760986328,419.29180587768553,387.97899330767154,395.94560878492445,399.54800510525655,382.00976409912107,364.4715230929856,0.09182090435565299,4.74150295095058,0.009592102128722857,0.006804869110620393,9.052755047961378
2022-06-08 04:00:00+00:00,392.76081990811025,394.5541755868327,389.3923852913843,390.1894226074219,64350000,50.484915351236666,-0.8060516465062051,-3.346809356440272,2.540757709934067,382.5852478027344,399.939287109375,419.14153076171874,388.18951038383824,395.71987599364985,400.40177758684285,382.5852478027344,364.7687180186259,0.09313756809198712,4.399692624281033,-0.010872052570186086,0.00397956913704367,8.77482899421045
2022-06-09 04:00:00+00:00,388.40551807213615,390.68277140939495,380.9095458984375,380.9095458984375,86289800,44.34411294481709,-1.3515076935733532,-2.9477490238668884,1.5962413302935352,382.9975250244141,398.79856994628904,418.94152053833005,387.4961804328477,395.1390787350141,400.2493137175598,382.9975250244141,365.74573633126835,0.09008825157314537,1.0242329907676175,-0.02378300428282254,-0.03821371728825862,8.846143031120949
2022-06-10 04:00:00+00:00,374.6850525131261,375.539018923671,369.81740632911726,369.8648376464844,132893900,38.36310991489351,-2.6445168480572647,-2.887102588704964,0.24258574064769922,382.8770233154297,397.49104248046876,418.68187072753904,385.81700492938455,394.14793202566,400.4572556147143,382.8770233154297,365.2967910161451,0.09183226586465226,-3.826695350012736,-0.02899561948730467,-0.05051884577819743,9.00657135527804
2022-06-13 04:00:00+00:00,360.42371387649325,362.28346743198733,354.2086766578207,355.8217468261719,170004900,32.38254547403528,-4.74766782543503,-3.2592156360509774,-1.488452189384053,381.6093490600586,396.0366326904297,418.3644549560547,382.9603136814595,392.64494437077815,402.7861041001131,381.6093490600586,360.4325940200041,0.11098656305048571,-9.695122976032614,-0.037968169425542486,-0.08934177897363615,9.481542043377013
2022-06-14 04:00:00+00:00,357.57718031270616,358.61143216554296,351.6373193482159,354.74957275390625,104011800,31.972723463907542,-6.426860764183118,-3.8927446616774057,-2.5341161025057124,380.3653991699219,394.5364880371094,418.022933807373,380.273576450264,391.15885136619494,404.5680876292064,380.3653991699219,356.1627107106374,0.1272602003867989,-9.45923305705047,-0.0030132336818340377,-0.10071186859743353,9.302439955802017
2022-06-15 04:00:00+00:00,358.0610216928037,364.26656078644334,353.0890153068255,359.80694580078125,125666800,36.08187977193193,-7.265790022834096,-4.567353733908744,-2.698436288925352,378.9838592529297,393.0638604736328,417.6973973083496,378.3243735312656,389.92936487343366,404.53110777008936,378.9838592529297,353.43661073577,0.13481971800867507,-7.419627112487295,0.014256177978213769,-0.07786596726177553,9.436376064646003
2022-06-16 04:00:00+00:00,351.5613492213625,351.9693511680537,345.4601709271187,347.89874267578125,134473300,31.289280842275872,-8.790211884764858,-5.411925364079967,-3.378286520684891,377.78782043457034,391.46256652832034,417.3154675292969,375.42669440217185,388.2811051794081,406.5963471544775,377.78782043457034,348.9792937146632,0.15251167539900373,-12.15651010031543,-0.03309609017829618,-0.08666310303354274,9.787118836718614
2022-06-17 04:00:00+00:00,348.3152615671358,352.00319986018303,345.1323892326363,348.6487731933594,111113900,31.902800618485216,-9.824554648296782,-6.294451220923331,-3.5301034273734517,376.743147277832,389.9618615722656,416.9361602783203,372.87641619180874,386.726896081916,408.07659150485216,376.743147277832,345.40970305081186,0.16633849588729518,-10.498266962579192,0.0021558874050806587,-0.05736166916575958,9.578811107492053
2022-06-21 04:00:00+00:00,354.3951110098947,358.81681534819097,354.3188581815829,357.4255065917969,76811900,38.790320037573885,-9.8228381418063,-7.000128605099925,-2.822709536706376,376.1292449951172,388.59399169921875,416.59420669555664,371.4049009918076,385.5778219842643,408.4557092584676,376.1292449951172,343.80278073176675,0.17189019303069658,-8.523726026969307,0.025173567421589604,0.004507199967202835,9.620899039444877
2022-06-22 04:00:00+00:00,353.18477030961577,360.9037245831759,352.76546707921506,356.7774353027344,90059400,38.48082582835358,-9.761250119702709,-7.552352908020482,-2.2088972116822267,375.13708038330077,387.2359332275391,416.2495297241211,370.01180902141965,384.44839505557684,408.54236328822094,375.13708038330077,341.7317974783806,0.17809640609660835,-9.557124867188971,-0.001813164637415321,0.005716321327988938,9.514996072624589
2022-06-23 04:00:00+00:00,358.9216589541497,361.00860756659887,355.3480709955404,360.27484130859375,79292100,41.20705483439218,-9.322762727334123,-7.90643487188321,-1.4163278554509127,374.4635345458984,386.0929968261719,415.92995025634764,369.0844787630553,383.50041255569516,408.4912929862783,374.4635345458984,340.4357761055185,0.18174137293044793,-7.666681761623723,0.009802766822660125,0.001300407102400758,9.239677536798437
2022-06-24 04:00:00+00:00,363.45771219814634,371.7389089912618,363.4291246578567,371.7293701171875,98050300,49.15438415966003,-7.9592245779002155,-7.916992813086612,-0.04223176481360369,374.19761810302737,385.2100842285156,415.67022750854494,369.3363731777346,383.0388030483027,408.22356479263783,374.19761810302737,340.1716714134169,0.18186084060130037,-2.410067135386973,0.0317938626160752,0.0684987455203736,9.398562547217693
2022-06-27 04:00:00+00:00,372.65377505140225,372.94918935666453,369.213614685377,370.30950927734375,66009600,48.283130431726306,-6.9134872961614064,-7.716291709701571,0.8028044135401649,373.48401336669923,384.2035101318359,415.4124725341797,369.42905280626877,382.5396150572847,407.2062043787838,373.48401336669923,339.76182235461465,0.18058171062317996,0.12022544064715629,-0.0038196089789627186,0.062127670450661254,8.99406341322268
2022-06-28 04:00:00+00:00,371.872354190672,374.6645107225344,362.62866130813416,362.7430114746094,86548900,43.825136436756,-6.618986546343024,-7.4968306770298625,0.8778441306868388,371.9200271606445,383.1503588867188,415.133515625,368.7922869651583,381.7632776618857,404.5713358237555,371.9200271606445,339.26871849753354,0.17558241707165606,1.9451494210719833,-0.020432901702957418,0.014877239549905497,9.211333841878217
2022-06-29 04:00:00+00:00,363.29571627695856,364.2867703688928,360.617910106493,362.4475708007813,65676000,43.655646257387325,-6.336390211533228,-7.264742583930536,0.928352372397308,370.451806640625,382.0878839111328,414.847725982666,368.1880282828367,381.00579896145024,402.01591268245585,370.451806640625,338.8877005987942,0.17040870351295728,2.1699809212216428,-0.0008144627587091113,0.015892640444695294,8.815442871915472
2022-06-30 04:00:00+00:00,358.5404036392867,362.75248486298585,355.03353011810066,359.5028991699219,112508300,41.915648368243865,-6.277675831890065,-7.067329233522442,0.7896534016323775,368.99481201171875,380.83234741210936,414.5585353088379,367.36087312922575,380.1625479892335,399.7453369495148,368.99481201171875,338.2442870739227,0.16667185519572814,-0.08450271302647955,-0.008124407136606115,-0.002142647918095042,8.73712229141331
2022-07-01 04:00:00+00:00,358.84540602497094,363.74361787819856,356.2152359819502,363.30523681640625,74839700,44.96591990229429,-5.85681368992141,-6.825226124802236,0.9684124348808263,367.3578811645508,379.65912048339845,414.27092666625975,366.9746220518144,379.50147696284813,395.5539932163833,367.3578811645508,339.16176911271833,0.15350759299051256,4.428442029462245,0.010576653638298295,-0.02266200622814807,8.650783691758674
2022-07-05 04:00:00+00:00,358.19742913117045,364.0104717926043,355.3576072193394,363.9913940429687,81438000,45.521899630588784,-5.405597888939042,-6.541300477629598,1.135702588690556,366.0802429199219,378.6258135986328,413.99008438110354,366.69050509859096,378.8932384169705,392.39206079221157,366.0802429199219,339.7684250476322,0.1437489095965512,4.400595105808778,0.0018886521773677778,-0.017061714798263794,8.650932326151974
2022-07-06 04:00:00+00:00,364.1343488121394,367.7174760792101,361.7424467576076,365.2207336425781,70426200,46.563493032034735,-4.892412003996128,-6.211522782902904,1.3191107789067757,364.80476531982424,377.8451989746094,413.7358526611328,366.55052686468497,378.35706175915124,388.5624423376999,364.80476531982424,341.0470883019486,0.1302487208304273,2.180937539995965,0.003377386443000008,0.00683051661807732,8.459796397255584
2022-07-07 04:00:00+00:00,367.00273549110653,371.4911540880881,365.23975951148,370.690673828125,64525900,51.048259106725574,-3.998240802940302,-5.768866386910384,1.770625583970082,363.61538848876955,377.127109375,413.54365859985353,366.9448265754888,378.0564190951894,383.35354602499586,363.61538848876955,343.87723095254324,0.10856612872332236,3.8996968834603853,0.014977080109860319,0.02274288391320045,8.303412400702324
2022-07-08 04:00:00+00:00,369.0515185508626,372.26300695261864,367.5172722738607,370.38568115234375,72397800,50.79228795289064,-3.2764452229395715,-5.270382154116222,1.9939369311766502,362.6252014160156,376.6384259033203,413.3518717956543,367.27252701137974,377.75560584252884,378.5501659638859,362.6252014160156,346.70023686814534,0.08783153782850646,2.806424064202016,-0.0008227686783472965,0.03027175026279294,8.04929256342058
2022-07-11 04:00:00+00:00,367.6983874150096,368.6703928823558,365.4589331166824,366.1546020507813,58366900,47.252469275312905,-3.011119437901982,-4.818529610873374,1.8074101729713918,361.8874542236328,376.0429180908203,413.1189935302734,367.1660579675132,377.3006645173623,375.5642702021132,361.8874542236328,348.2106382451524,0.07558601890646734,-1.499684586302328,-0.011423441339305285,0.007842896125978438,7.826253668580638
2022-07-12 04:00:00+00:00,365.6018961252451,367.993827167092,361.1611136362,362.91455078125,62219200,44.68430014364379,-3.027393987502876,-4.460302486199274,1.4329084986963982,361.5399398803711,375.1825903320312,412.8448416137695,366.7611525212024,376.7365031943775,374.7329488869179,361.5399398803711,348.3469308738243,0.07298230458804736,-1.9969669454411139,-0.008848861249822426,-0.0029584305545190537,7.75528651588859
2022-07-13 04:00:00+00:00,357.4541259795869,363.9532987804005,357.0348226323127,361.0086364746094,84224600,43.197032275727416,-3.157683234728438,-4.1997786359051075,1.0420954011766694,361.79928436279295,374.58417358398435,412.5577197265625,366.2132938500983,376.1197241073278,374.73386432139034,361.79928436279295,348.86470440419555,0.07150141262096744,-0.4781277502630536,-0.00525168886873717,-0.01153301765197945,7.695514346759962
2022-07-14 04:00:00+00:00,356.0341654064419,361.2182525694564,353.585088606192,360.13189697265625,89704800,42.496323618571175,-3.2937160441381366,-4.018566117551713,0.7248500734135765,362.06840057373046,373.9211584472656,412.27219940185546,365.6341131951038,375.4927504942034,374.6234797830964,362.06840057373046,349.5133213643645,0.06935197432016312,-0.6388989786878343,-0.0024285831788259937,-0.028484063940503845,7.69106074793885
2022-07-15 04:00:00+00:00,364.5536534757757,367.1266487598198,362.63822986665895,367.0122985839844,79060400,49.42916964316588,-2.813895284291789,-3.7776319508997287,0.9637366666079399,362.4286682128906,373.3596936035156,412.0631214904785,365.7653689464258,375.1601837526262,375.11631704296497,362.4286682128906,349.74101938281626,0.07001459841814514,2.08882861067363,0.019105226915933304,-0.009107756428013425,7.641324393597755
2022-07-18 04:00:00+00:00,370.1094400535637,370.78603137283375,362.752610934955,363.98193359375,63203600,46.75546075905869,-2.6476386735557185,-3.5516332954309267,0.9039946218752082,363.2328277587891,372.4969921875,411.83545150756834,365.5955179604567,374.72182100129777,374.0332222877001,363.2328277587891,352.4324332298781,0.05946816313685824,0.18626122300728462,-0.008256848617679058,-0.005933746141281504,7.669331253903541
2022-07-19 04:00:00+00:00,367.9175404264999,374.38812509860895,367.2600270043928,373.81634521484375,78506000,55.22081464221831,-1.7026966563555561,-3.181845967615853,1.4791493112602967,364.49120635986327,372.12037963867186,411.6819795227051,366.3784538894459,374.68631214692704,373.98740001840855,364.49120635986327,354.995012701318,0.05210657208102661,2.6992262269572325,0.027018955375049503,0.03003956278447739,7.864821271828928
2022-07-20 04:00:00+00:00,374.0069112091243,377.6186251870935,372.6346512565959,376.1986999511719,71843800,57.00417481663664,-0.7529081265189461,-2.6960583993964717,1.9431502728775256,365.429866027832,371.8382897949219,411.5163830566406,367.3137154191341,374.7456214725837,375.6319062506072,365.429866027832,355.22782580505685,0.05583583155733722,3.0058442189476833,0.006373061977690941,0.042076731528917,7.659046461733837
2022-07-21 04:00:00+00:00,375.6174381384512,380.07726877334886,373.2064587109506,380.0296325683594,64903900,59.77818055430704,0.3054097979608059,-2.095764759925016,2.401174557885822,366.5924758911133,371.88274658203125,411.3963342285156,368.52475514763177,374.95283759398666,377.8322580530317,366.5924758911133,355.35269372919487,0.061320310159649304,2.5193400858432415,0.01018326915453116,0.05525124478827803,7.602743861781297
2022-07-22 04:00:00+00:00,380.1535950255514,381.3543009933641,374.2738379139567,376.5037536621094,72197300,56.185233483829656,0.8498291160950089,-1.5066459847210112,2.35647510081602,367.40392150878904,371.8392266845703,411.2376356506348,369.2846597680582,375.0136578319523,379.038486870362,367.40392150878904,355.76935614721606,0.06333392040996307,1.6518112932257751,-0.009277905205499426,0.02586140877225418,7.5654380916117345
2022-07-25 04:00:00+00:00,377.1326458462782,377.8187758914489,374.71212748110185,376.9611206054687,53631500,56.55005414793489,1.3031689179086356,-0.9446830041950819,2.2478519221037176,367.66550903320314,371.9251690673828,411.0727406311035,370.015751276383,375.0900289211098,379.8972508880222,367.66550903320314,355.4337671783841,0.06653733654257157,2.951354016626193,0.0012147739269812163,0.03565887703153181,7.246953114378544
2022-07-26 04:00:00+00:00,375.31251747797376,375.5221691455496,371.6055305018474,372.5013122558594,52946400,52.00306443537306,1.2877305590427,-0.4982002915475256,1.7859308505902256,367.7750991821289,371.92969787597656,410.8678254699707,370.25247136966647,374.98851062051176,380.13820234854353,367.7750991821289,355.41199601571424,0.06723186639828606,2.641602948675343,-0.011830950476924618,-0.0035178583703411315,7.111855756467312
2022-07-27 04:00:00+00:00,375.8080241745554,383.9272346038622,375.51260989744463,382.1737976074219,82342100,59.59176468763217,2.0325542596679043,0.007950618695560385,2.024603640972344,368.7466384887695,371.9496691894531,410.71504318237305,371.3878357732622,375.27028658078274,382.3654081591652,368.7466384887695,355.1278688183738,0.07386518681883775,5.862785261731847,0.02596631215333489,0.015882823776439237,7.42000337014842
2022-07-28 04:00:00+00:00,382.9838409651642,387.6628334889603,379.4197625838552,386.9671936035156,73966600,62.73612171894989,2.9753217483399226,0.6014248446244328,2.37389690371549,369.9726196289063,372.0964416503906,410.60116836547854,372.87158413804826,375.72898881696835,385.3973025527699,369.9726196289063,354.5479367050427,0.08338283486672621,7.45151897303251,0.012542450649684955,0.018255316008570333,7.478793908359613
2022-07-29 04:00:00+00:00,388.4061601977831,393.5997869314372,387.63426743595056,392.6087036132813,87003700,66.08143066287374,4.130085431145858,1.3071569619287178,2.82292846921714,371.6279098510742,372.1998608398437,410.52054428100587,374.75130980235616,376.39093841682376,389.164053975567,371.6279098510742,354.0917657265814,0.09437474236808653,6.974263567747892,0.014578781103459448,0.04277500501528908,7.418351009756898
2022-08-01 04:00:00+00:00,389.90225959583773,393.9618647731453,389.18754201289954,391.446044921875,69997500,64.79050537171176,4.895000609743192,2.024725691491613,2.8702749182515794,373.03495025634766,372.5923913574219,410.4267543029785,376.34128457564367,376.9813347503552,392.12148001414255,373.03495025634766,353.94842049855276,0.10233105367032622,7.545460033403314,-0.00296136759248089,0.03842551267128247,7.22949184907753
2022-08-02 04:00:00+00:00,389.8737184031951,393.5711957915866,387.6819291877356,388.8635864257813,63435400,61.89806422426866,5.232501560696676,2.6662808653326255,2.5662206953640503,374.27855987548827,372.978818359375,410.28555252075193,377.53388475184727,377.4473054042935,394.0740472768093,374.27855987548827,354.4830724741672,0.10577943555145902,4.025303174554725,-0.006597227203072431,0.043925413499438015,7.133761474418494
2022-08-03 04:00:00+00:00,390.9981480641734,396.125060100099,390.7122726681648,394.9529418945313,67820600,65.7776523563638,5.923056285467112,3.317635949359523,2.605420336107589,375.7651702880859,373.48380615234373,410.1589144897461,379.19284257496,378.1338009529303,397.027777149457,375.7651702880859,354.50256342671486,0.11316965244580691,4.985195840866438,0.015659361486427548,0.03343804407081952,7.1428837744112945
2022-08-04 04:00:00+00:00,394.8767311502338,395.5628612557088,393.0375313820632,394.6861572265625,45656600,65.46316023343284,6.375308004745932,3.929170360436805,2.446137644309127,376.96494445800784,373.84511474609377,410.0247212219238,380.6683963513031,378.782912963661,399.6098393525915,376.96494445800784,354.32004956342416,0.12014323998822765,3.856679427640876,-0.000675484696199713,0.01994733339321697,6.813058495785174
2022-08-05 04:00:00+00:00,390.3883404180062,394.6671077382751,390.33116532861703,394.01910400390625,56814900,64.63109529567087,6.603770969271068,4.464090482203658,2.1396804870674098,378.14661560058596,374.2505816650391,409.8709326171875,381.9398923182177,379.3804106515137,401.74147538962194,378.14661560058596,354.55175581155,0.1247921246184461,4.652105104247089,-0.0016900851738596012,0.003592381874483852,6.637482310225194
2022-08-08 04:00:00+00:00,395.7153066396332,397.973809576496,392.45618162514177,393.5616149902344,53886100,64.0299927417125,6.671014670081661,4.905475319779259,1.7655393503024017,379.51696624755857,374.58085998535154,409.70651458740235,383.04672304888595,379.9365363118557,403.3490607489334,379.51696624755857,355.6848717461837,0.12559172116605297,4.403768313852167,-0.0011610833307903468,0.005404499791999751,6.5574927131629845
2022-08-09 04:00:00+00:00,392.82781646453174,393.33288235794674,390.9219030430517,391.9987487792969,44931800,61.911607445618486,6.523002434002876,5.228980742623983,1.2940216913788936,380.97117614746094,374.72920288085936,409.5287208557129,383.8992969279727,380.4095642517554,404.1129297923621,380.97117614746094,357.8294225025598,0.12148821272475355,5.234192708036778,-0.003971083945715326,0.00806237061775894,6.277651229878676
2022-08-10 04:00:00+00:00,399.07923026953097,400.3752665840471,397.11614167304344,400.2322998046875,68665700,67.93105034793066,6.989509710507832,5.581086536200753,1.408423174307079,382.93235931396487,374.85339416503905,409.39431030273437,385.4548210114694,381.18692643030175,405.61833257897456,382.93235931396487,360.2463860489552,0.11848553778872234,4.7252067803496445,0.021004023739948918,0.013367055540419281,6.427570270940929
2022-08-11 04:00:00+00:00,403.09117008096246,404.95898626712,399.48899469613326,400.2322998046875,59489700,67.93105034793066,7.275354332151267,5.9199400953908565,1.35541423676041,384.93737945556643,375.02180053710936,409.248447265625,386.8621999441568,381.9338038175326,406.2554077768919,384.93737945556643,363.61935113424096,0.11076101963117471,3.42796661330501,0.0,0.014052032169299844,6.359171792372772
2022-08-12 04:00:00+00:00,402.1763452052989,407.1126543031395,401.2233884335798,407.0078430175781,61694500,72.13408749904767,7.956895823844377,6.327331241081561,1.629564582762816,386.9371566772461,375.3891015625,409.1345294189453,388.780832617816,382.91709947243635,408.6539995251671,386.9371566772461,365.2203138293251,0.11224997379114741,3.6675548126614985,0.016929026508347933,0.032964744302202975,6.396399128521288
2022-08-15 04:00:00+00:00,404.7874081344015,409.2091411942346,404.7302330587942,408.68499755859375,54048300,73.07478778128414,8.533980308370474,6.768661054539344,1.7653192538311293,389.1723098754883,375.64192443847656,409.03851760864256,390.6764673740805,383.92760527973667,410.16856876225927,389.1723098754883,368.1760509887173,0.10790212126596842,4.403915395328444,0.004120693420994304,0.03842697557975683,6.259435486158364
2022-08-16 04:00:00+00:00,407.6081782948637,411.4200050811576,406.79815928639016,409.4855041503906,59289000,73.5340305488965,8.952716765867649,7.2054721968050055,1.7472445690626435,390.9557678222656,376.04075134277343,408.9258650207519,392.46780420991956,384.9298758236839,412.484447309099,390.9557678222656,369.42708833543225,0.1101335816414947,5.303123883147446,0.0019587374055298756,0.044609212211897065,6.142464793916157
2022-08-17 04:00:00+00:00,405.87386175365134,409.29497340825594,404.5683155020595,406.57904052734375,63563400,68.93657483439206,8.946906729693637,7.553759103382732,1.3931476263109053,392.4747848510742,376.3577264404297,408.7942970275879,393.8117314782457,385.77886267480784,413.9111443620683,392.4747848510742,371.03842534008015,0.1092368750218089,2.943666801681171,-0.007097842520890407,0.015857642488508406,6.054945069231514
2022-08-18 04:00:00+00:00,406.7791686611495,408.446843237324,405.4831612355664,407.7607421875,49023200,69.7642827268435,8.934662455100352,7.829939773726256,1.1047226813740956,393.86134033203126,376.6233770751953,408.66491409301756,395.1402086886509,386.64089716550166,415.48501023211315,393.86134033203126,372.23767043194937,0.10980346475159405,3.3126535404261137,0.0029064500192226284,0.018810181953046623,5.834140564411949
2022-08-19 04:00:00+00:00,404.9876441752916,405.2544709508292,401.4045168335552,402.28125,68016900,61.571613185924775,8.386139359420724,7.94117969086515,0.44495966855557434,395.1502151489258,376.8652136230469,408.49936752319337,395.8203078611603,387.254244335482,415.5183304160727,395.1502151489258,374.7820998817789,0.10309049311523455,2.096889697006123,-0.013438008176325011,-0.011613026870772147,5.871432335092868
2022-08-22 04:00:00+00:00,397.43064705593497,397.6022013931033,392.9994034708054,393.90472412109375,77695600,51.59644186523995,7.192603366945036,7.791464426081127,-0.598861059136091,395.99739532470704,377.1251171875,408.2786474609375,395.6378713144873,387.51504746432954,414.60198830742905,395.99739532470704,377.39280234198503,0.09396320886134492,0.08718053737732749,-0.02082256102889768,-0.03616544166239166,6.115033348957276
2022-08-23 04:00:00+00:00,393.4758357704832,395.8773053899406,392.39898999121,392.95172119140625,49105200,50.592199868132916,6.099506804466898,7.453072901758282,-1.3535660972913837,397.01991577148436,377.58685485839845,408.04284103393553,395.3820474932415,387.7282503555875,412.2970467215695,397.01991577148436,381.74278482139925,0.07695901562216984,0.24310598313820575,-0.0024193742073388425,-0.040376967661624574,5.926696352512514
2022-08-24 04:00:00+00:00,392.72301638510424,395.5818868105569,392.0369154016521,394.2096557617187,49177800,51.92237889740804,5.273930126601897,7.017244346727005,-1.7433142201251082,397.62170867919923,378.3546130371094,407.80568954467776,395.2703911378584,387.98242311661227,411.385435594798,397.62170867919923,383.85798176360043,0.069230258887617,-1.5047871063649396,0.003201244586735541,-0.030423075300639257,5.756573142254822
2022-08-25 04:00:00+00:00,395.705788546093,399.8225690705073,394.60989399755806,399.7749328613281,50942300,57.38822755406651,5.01096275301154,6.615988027983913,-1.6050252749723724,398.26209564208983,379.2551202392578,407.5944790649414,395.69939511152216,388.44487447915014,411.1470998459821,398.26209564208983,385.37709143819757,0.06470615378608242,-0.11427537047423936,0.014117556529293696,-0.01958454676958521,5.746311725578664
2022-08-26 04:00:00+00:00,399.6605680087445,400.2037312847819,386.1857448401869,386.242919921875,103087000,44.223122464858285,3.6683523796380655,6.026460898314744,-2.358108518676678,397.94380645751954,379.78383972167967,407.3229133605957,394.7987784267939,388.35852332004134,411.65941982428757,397.94380645751954,384.2281930907515,0.06893241278895072,-5.10184839234322,-0.033849078136540034,-0.03986845043890308,6.337145634079832
2022-08-29 04:00:00+00:00,383.2792614080402,386.74800926201755,382.3263045463414,383.68902587890625,65370800,42.25303901231811,2.370915640608473,5.29535184677349,-2.9244362061650166,397.5559555053711,380.4996453857422,407.05629959106443,393.7407067555665,388.17540577333017,412.37863776791727,397.5559555053711,382.73327324282496,0.07456903642006134,-6.116195071756651,-0.00661214461480697,-0.02593443951448271,6.200328425622424
2022-08-30 04:00:00+00:00,384.851650106996,385.08988933213567,377.3709326212233,379.4769592285156,85652400,39.15491665054406,0.9913810764874142,4.434557692716274,-3.44317661622886,397.0866241455078,381.1162091064453,406.76791854858396,392.3822546101331,387.83429022255314,413.4905683964356,397.0866241455078,380.68267989458,0.0826214898889002,-7.3283534136665915,-0.010977813714484475,-0.03429113867229272,6.3088018745717065
2022-08-31 04:00:00+00:00,381.115991650528,382.3643626848254,376.456048197128,376.5894470214844,76029700,37.144226228826504,-0.3310914911368741,3.481427855945645,-3.812519347082519,396.16844940185547,381.4994879150391,406.44860412597654,390.87817769692845,387.393315979374,414.845535405007,396.16844940185547,377.4913633987039,0.09428860895586537,-7.376079560560249,-0.0076091897987735635,-0.044697557461364945,6.280195632652114
2022-09-01 04:00:00+00:00,374.4072425757973,378.11422971671993,371.6913096511687,377.7711791992187,78740100,38.53534518294438,-1.2691743662239787,2.5313074115117207,-3.8004817777356994,395.3227005004883,381.91936279296874,406.1344444274902,389.629892125718,387.015977282113,415.65063322655874,395.3227005004883,374.9947677744178,0.10284222332962309,-7.354695998294816,0.003137985376597374,-0.055040353592509916,6.290390235002051
2022-09-02 04:00:00+00:00,381.4495307376448,382.66931422719347,371.96759934267,373.7877502441406,99632100,35.66958499255625,-2.3074424685779604,1.5635574354937847,-3.870999904071745,394.3111328125,382.1896209716797,405.79164825439454,388.12111670842495,386.49722328062387,416.7062821960075,394.3111328125,371.91598342899243,0.11359126090998159,-7.082979819680727,-0.010544554943344164,-0.032246985084551594,6.60548485282501
2022-09-06 04:00:00+00:00,374.6359138662064,375.57933179810465,370.1474954520454,372.3774108886719,76637400,34.686056927836134,-3.2071104464302493,0.6094238591089779,-3.816534305539227,393.2519226074219,382.20258178710935,405.4471731567383,386.62171615416275,385.9435051476062,417.6068048072733,393.2519226074219,368.89704040757044,0.12386402099889837,-5.465106639798504,-0.0037731021269359344,-0.029481205422342116,6.521652816627456
2022-09-07 04:00:00+00:00,372.0629006724015,379.8390313205994,371.84373923012936,379.067138671875,70964200,42.74977609380158,-3.341776754675209,-0.1808162636478595,-3.160960491027349,392.60534210205077,382.377734375,405.1286528015137,385.9022325844211,385.6738437171854,417.7333255408361,392.60534210205077,367.4773586632654,0.1280063246426931,-3.5334067191343563,0.0179649129823376,-0.0010799616331748085,6.62691276475907
2022-09-08 04:00:00+00:00,376.78958541975953,382.0022309523516,375.5793117281485,381.5448303222656,80821700,45.43668966301626,-3.2115510040703725,-0.7869632117323622,-2.42458779233801,391.6709686279297,382.75377075195314,404.82648025512697,385.4872418927872,385.51192162326697,416.9841316849225,391.6709686279297,366.35780557093693,0.12925728524464206,-3.2127131475207604,0.006536287104895511,0.013158582482792003,6.612341797576501
2022-09-09 04:00:00+00:00,383.79380074430213,388.33942315556953,383.52697401163135,387.47222900390625,76706900,51.32250089935394,-2.6000824897725465,-1.1495870673403992,-1.4504954224321474,391.0329650878906,383.25426391601565,404.5601658630371,385.67628828432237,385.58879642250776,416.0927862058464,391.0329650878906,365.9731439699348,0.12817242204796314,-3.077407522619577,0.015535261417731983,0.025679698025803388,6.625359728699887
2022-09-12 04:00:00+00:00,389.5496192839531,392.360853041876,389.24466617546017,391.6365966796875,69256300,54.995580920354385,-1.7591808763455674,-1.271505829141433,-0.48767504720413446,390.26440277099607,383.8969378662109,404.31175109863284,386.2439367029286,385.8259650600442,414.236582721309,390.26440277099607,366.29222282068315,0.12285096862590154,1.3964467643584182,0.010747525536183078,0.047751287793377006,6.50130717936202
2022-09-13 04:00:00+00:00,382.9266871071617,384.13696107355094,373.482909110584,374.6073913574219,122947100,41.278634238779894,-2.438762306048261,-1.5049571245227986,-0.9338051815254624,388.5605224609375,384.12298095703125,403.97229888916013,385.1356942890708,385.3860209932747,411.8889882900776,388.5605224609375,365.2320566317974,0.12007635609191535,-2.3669257937938974,-0.04348216041769326,0.005988495551940698,7.333620064343555
2022-09-14 04:00:00+00:00,375.9128541322022,377.5614797958475,372.7204431710749,376.0367431640625,85023700,42.57334457878171,-2.8293833697465516,-1.7698423735675493,-1.0595409961790023,386.8880844116211,384.36388793945315,403.68933883666995,384.2691275152605,385.0193826470311,408.7244568132069,386.8880844116211,365.05171201003526,0.1128821138794934,-0.9065678378595513,0.0038155995840372103,-0.007994350337066969,7.155578390088486
2022-09-15 04:00:00+00:00,374.4738802809369,377.33275056104594,370.4905280036488,371.7674865722656,87633800,39.75395787231681,-3.4437493059526787,-2.1046237600445754,-1.3391255459081033,385.1475067138672,384.49482299804686,403.35849822998046,383.07849504449905,384.4997004480207,405.95347850147465,385.1475067138672,364.3415349262597,0.10804157588933624,-1.2804289890108518,-0.011353296371717114,-0.025625674817141952,7.133195830610532
2022-09-16 04:00:00+00:00,367.57259441105026,369.59157905276464,365.63011743148934,368.9313354492187,103084800,37.95568534493806,-4.112090806460344,-2.5061171693277293,-1.6059736371326148,383.20603637695314,384.45963623046873,403.05608306884767,381.7311465116152,383.88917633042064,402.3928128683273,383.20603637695314,364.01925988557895,0.10013817461111438,-2.3399995120692583,-0.007628830453132229,-0.047850896572256385,7.062065352765229
2022-09-19 04:00:00+00:00,365.7736284944843,371.7923278808594,365.69706243853807,371.7923278808594,73278500,40.86181605708579,-4.360631437023926,-2.8770200228669687,-1.4836114141569574,381.6815902709961,384.4877691650391,402.79182052612305,380.7845923563051,383.41479011671237,399.3484644083152,381.6815902709961,364.014716133677,0.09257388665130806,-0.5338383513044325,0.007754810060135009,-0.050670108378708,6.993008216304949
2022-09-20 04:00:00+00:00,368.45291622543897,369.467197620889,364.7594064649133,367.5247497558594,77274900,38.00242277589079,-4.846096779351228,-3.2708353741638208,-1.5752614051874074,380.3625915527344,384.51517211914063,402.4737002563477,379.5217502038817,382.7916512790319,398.1210159693177,380.3625915527344,362.6041671361511,0.09337629310016532,-1.3031566875207905,-0.01147839211563162,-0.018906838906456058,6.995859159136458
2022-09-21 04:00:00+00:00,369.45753655215094,372.5195361683227,361.1040694041931,361.1136474609375,106746600,34.137635661685195,-5.682647908355307,-3.753197881002118,-1.9294500273531887,378.77068786621095,384.4791540527344,402.14228225708007,377.76859756169654,381.94153348224387,397.4155837116913,378.77068786621095,360.1257920207306,0.09844951810033446,-4.73622991268527,-0.01744400152419845,-0.03968520623159999,7.311545416635966
2022-09-22 04:00:00+00:00,360.3386469989625,361.9844671030688,357.33408575392417,358.0804443359375,89472600,32.45588642997798,-6.5152708608986245,-4.30561247698142,-2.209658383917205,376.9642272949219,384.42059020996095,401.77038940429685,375.8935353497195,381.0058044961142,396.26510373717275,376.9642272949219,357.66335085267104,0.10240163413251736,-6.149837220048117,-0.008399580426624809,-0.03681613570493769,7.121462268958015
2022-09-23 04:00:00+00:00,354.5973883012247,354.6356713333718,347.62181686473184,352.0808410644531,122346900,29.373486287710392,-7.571963510777209,-4.958882683740578,-2.6130808270366312,374.57952270507815,384.2595690917969,401.3237718200684,373.6256597035037,379.87149220467654,393.8031407799162,374.57952270507815,355.3559046302401,0.10264105168382943,-9.133916004880012,-0.016754903448052527,-0.045673795543140994,7.3598312119757034
2022-09-26 04:00:00+00:00,350.6072445688274,354.24334411898207,347.37301464402196,348.5978088378906,92581200,27.727143326301885,-8.591415154700996,-5.685389177932662,-2.9060259767683343,372.69726715087893,383.891279296875,400.8538948059082,371.24205485915957,378.6450732491163,394.2188579882199,372.69726715087893,351.17567631353796,0.11549100427735837,-10.989470393390615,-0.009892705936603075,-0.06238568497411656,7.3248668021888745
2022-09-27 04:00:00+00:00,352.14778414446056,354.42514263246454,345.3061598238864,347.7079162597656,108294100,27.306040342351594,-9.363211546859759,-6.420953651718082,-2.942257895141677,370.89821166992186,383.5657989501953,400.3945088195801,369.000708325884,377.4318514063967,394.3707967273987,370.89821166992186,347.425626612445,0.12657157311055528,-7.180711250833493,-0.002552777314038801,-0.053919725159347065,7.453017945502395
2022-09-28 04:00:00+00:00,348.6647772350154,356.24318175796077,346.96154744867806,354.5495300292969,110802200,35.42587811573746,-9.31542230500611,-6.9998473823756875,-2.3155749226304216,369.65184020996094,383.1804626464844,399.9486405944824,367.6244056309709,376.53450547003985,393.80728221291673,369.65184020996094,345.49639820700514,0.13069293521836975,-5.71412595321593,0.01967632443668621,-0.018177428291049735,7.583633400058131
2022-09-29 04:00:00+00:00,350.9900148225072,351.2770645774252,344.18667281835667,347.1434020996094,112952300,31.344326366081646,-9.762624160565792,-7.552402738013709,-2.2102214225520838,368.1795379638672,382.59935668945315,399.485394744873,365.67383386607935,375.38191318100337,393.99648128258724,368.1795379638672,342.3625946451471,0.1402410544675827,-6.623517483923308,-0.020888838659793185,-0.030543534027977826,7.782149386549707
2022-09-30 04:00:00+00:00,346.19607091427036,350.1288276674464,341.64138277467254,341.77532958984375,153711200,28.75804435182367,-10.42996331700482,-8.127914853811932,-2.3020484631928877,366.37974548339844,381.83427062988284,399.0104376220703,363.3977858397712,374.06400794213437,394.21127576984225,366.37974548339844,338.54821519695463,0.15192723194740537,-7.360720884906458,-0.015463559086239864,-0.029270298955923035,7.832527636994288
2022-10-03 04:00:00+00:00,345.50708670190903,352.65491669915065,343.7177419885129,350.798583984375,89756500,38.016203160305885,-10.114143635255061,-8.525160610100558,-1.5889830251545032,365.2302871704102,381.32016723632813,398.54647415161133,362.197861853543,373.15163837516343,393.6360589827857,365.2302871704102,336.82451535803466,0.15554992458290773,-5.646631821625918,0.026401128499707216,0.006313221399242286,8.050174742159474
2022-10-04 04:00:00+00:00,356.33886008011194,361.6973451071636,350.7603133467815,361.6686401367187,103602800,46.9586546646155,-8.884318680019078,-8.596992224084262,-0.28732645593481543,364.6948486328125,381.01431762695313,398.15642044067386,362.147459785274,372.7013247187538,392.9448377474346,364.6948486328125,336.44485951819047,0.15492398217593212,-1.593391907084026,0.030986602137561325,0.040150721982767035,8.25637881488966
2022-10-05 04:00:00+00:00,357.2862230097623,363.0944101650707,354.9514544776004,360.8266296386719,88065700,46.400224458764825,-7.88670374137331,-8.454934527542072,0.5682307861687619,363.78282318115237,380.78082397460935,397.78555404663086,362.0216664379786,372.2356504018879,391.2858194310577,363.78282318115237,336.27982693124704,0.15120557924863703,-0.07948130021773059,-0.002328126922280349,0.01770443641218855,8.248277162931135
2022-10-06 04:00:00+00:00,359.4200436718051,362.3863509600016,356.6068393173464,357.10443115234375,82333500,43.91409414363374,-7.312147144575874,-8.226377050948832,0.9142299063729578,362.56080322265626,380.2794366455078,397.4192042541504,361.55335831553714,371.64226925484695,388.94761576393074,362.56080322265626,336.1739906813818,0.14555799913687736,-0.2725681335108296,-0.010315753274794282,0.028694277328872086,8.071936768625713
2022-10-07 04:00:00+00:00,353.05686066211473,357.19055234132986,345.3731840738835,347.1434020996094,107789500,38.040084645457476,-7.573278656766718,-8.09575737211241,0.5224787153456916,360.5443618774414,379.4829608154297,396.9648341369629,360.18098153306784,370.68152936640627,385.1090348425034,360.5443618774414,335.97968891237946,0.1362643578013412,-1.4023594552649588,-0.02789388252783931,0.015706436495014797,8.339467589970043
2022-10-10 04:00:00+00:00,348.26293484494323,348.5021527143666,342.24423427525903,344.49285888671875,76042800,36.6358105451553,-7.903003047611037,-8.057206507212134,0.1542034596010975,358.18717498779296,378.52064392089846,396.47531326293944,358.6868746143679,369.6545226809283,379.1486294793633,358.18717498779296,337.2257204962226,0.11704190409544796,-1.1775604570942126,-0.007635297680611219,-0.017975343646019715,8.190785507765582
2022-10-11 04:00:00+00:00,342.78959291529037,347.37301498969447,340.3687094983833,342.3111572265625,92482800,35.47495696519486,-8.245310289138445,-8.094827263597397,-0.15048302554104787,356.57236328125,377.5379461669922,395.961120300293,357.127282482196,368.5822338395807,377.1984873446247,356.57236328125,335.94623921787525,0.11569109772596523,-1.552095532150989,-0.00633308239597985,-0.05352270216969501,8.106036935161697
2022-10-12 04:00:00+00:00,342.7226766824615,344.3015088110952,340.9333024551827,341.1820983886719,76991800,34.85935933740987,-8.50960344504847,-8.177782499887613,-0.3318209451608567,354.82963104248046,376.58431640625,395.4097833251953,355.608693520908,367.5077187238588,374.4481978887567,354.82963104248046,335.21106419620423,0.11058020599146341,-3.7702578930284956,-0.00329834074658375,-0.0544431304021874,7.767620465215325
2022-10-13 04:00:00+00:00,334.1490155529715,351.65977770954976,333.096451291965,350.1861877441406,147254500,43.308303141230795,-7.901420260267628,-8.122510051963616,0.22108979169598797,353.75056610107424,375.68898132324216,394.90531112670897,355.0922643993111,366.82844299916394,371.8382625728235,353.75056610107424,335.662869629325,0.10226243124417345,0.8765212376579038,0.026390861062151494,-0.019373165955624216,8.538742318955997
2022-10-14 04:00:00+00:00,352.6548893333673,354.2911602043447,341.5647549925979,342.20587158203125,123737000,38.53742745150623,-7.971485205234217,-8.092305082617736,0.12081987738351962,352.41429290771487,374.6393756103516,394.3580525207519,353.8649888929035,365.86285196319795,369.75174087943975,352.41429290771487,335.07684493599,0.09839242233154807,0.12597222646356102,-0.022788780487082216,-0.014223316611275627,8.837861097012482
2022-10-17 04:00:00+00:00,348.3107361814287,352.1095164641869,341.87098172888943,350.9995422363281,93168200,45.64326214395996,-7.234046859720138,-7.920653438038217,0.686606578318079,351.3746536254883,373.778984375,393.8610055541992,353.5920892113249,365.27997707194817,366.25962453013017,351.3746536254883,336.4896827208464,0.08472421531296324,0.05728593589821216,0.025697018621110734,0.018887716194282644,8.937909214032839
2022-10-18 04:00:00+00:00,358.9511733483431,359.2573792050148,351.6693668016211,355.1236877441406,97162900,48.64214635893494,-6.244850829309826,-7.585492916292539,1.3406420869827134,350.75460052490234,373.0102258300781,393.39025451660154,353.7379557382597,364.8816912159557,363.8186896933967,350.75460052490234,337.69051135640797,0.0744913346764036,-1.8096543814536787,0.011749717625089362,0.03742948556332926,8.889332625079541
2022-10-19 04:00:00+00:00,353.07600490663964,355.8126725772297,349.7843646155051,352.6071472167969,79746900,46.94035121412805,-5.599422974852757,-7.188278928004583,1.5888559531518256,350.3292755126953,372.22239379882814,392.8939143371582,353.6302596885966,364.40033654932205,362.5428431938797,350.3292755126953,338.11570783151086,0.06972621778930851,-2.277958927284803,-0.007086377547298017,0.03348665971070286,8.684973720554186
2022-10-20 04:00:00+00:00,352.15738908420826,356.5972865092172,348.8848759647924,349.650390625,88283100,44.95047893567595,-5.265801415579858,-6.803783425519638,1.53798200993978,349.90777282714845,371.21075561523435,392.38354736328125,353.25122453968265,363.82190729738784,361.5926618193491,349.90777282714845,338.2228838349478,0.06678839339743885,-2.0873559320701327,-0.008385413101053674,-0.0015300349867942709,8.61550492225923
2022-10-21 04:00:00+00:00,349.37284665803384,358.6353538939938,347.8610028428061,358.1473693847656,131038400,51.33501186383559,-4.266586202657322,-6.296343980947175,2.029757778289853,350.2110992431641,370.36905700683593,391.95903533935547,353.7175240487382,363.5993763988536,362.40955604208335,350.2110992431641,338.0126424442448,0.0696634505604258,3.1698621430226033,0.024301356405114438,0.04658452448240058,8.769708217182693
2022-10-24 04:00:00+00:00,359.6783882377217,363.6685254418361,357.01825783311693,362.52984619140625,85436900,54.2802423230005,-3.0855039264457105,-5.654175970046882,2.568672043601172,350.90770111083987,369.4794970703125,391.55851654052736,354.5567928242304,363.5574340377773,364.2002214029257,350.90770111083987,337.615180818754,0.07576077840416037,5.235808766247514,0.012236518208046387,0.032849911659755815,8.618319602292441
2022-10-25 04:00:00+00:00,362.4533130606384,368.6346939112867,362.3384931688921,368.3189392089844,78846300,57.904460437040434,-1.6631841368270557,-4.855977603402917,3.1927934665758615,351.9382522583008,368.6721759033203,391.195693359375,355.86747343230223,363.74415973076583,367.13777431818147,351.9382522583008,336.7387301984201,0.08637607286135622,7.597702100375399,0.0159685970090353,0.037156776414055015,8.452453969442596
2022-10-26 04:00:00+00:00,365.16123313746095,370.8641781012246,364.9028883902584,365.5439758300781,104087300,55.62812509549642,-0.7512419599522104,-4.035030474712776,3.283788514760565,352.4879745483398,367.79334533691406,390.82173873901365,356.7890450892333,363.81474075426826,368.78141129222524,352.4879745483398,336.1945378044544,0.0924481850183003,7.14043250113709,-0.007534131654662879,0.03668907086936368,8.27451366526571
2022-10-27 04:00:00+00:00,366.5487088981551,368.39546356431134,362.9699902522956,363.5919799804687,81971800,54.01940554463393,-0.18391095513362643,-3.264806570796946,3.0808956156633194,353.31040344238284,366.93360412597656,390.4179705810547,357.43694365030336,363.8060050376487,370.09484326560505,353.31040344238284,336.5259636191606,0.09501242906909979,3.8281898902657034,-0.005339975430252553,0.03987294088403015,8.071010782890713
2022-10-28 04:00:00+00:00,363.4867286085135,372.7205316401089,363.3049207091212,372.2420959472656,100302000,59.595649555395234,0.9527127406383329,-2.42130270850989,3.374015449148223,354.83374176025393,366.22323120117187,390.0514462280273,358.84695815477596,364.13683213214347,372.6524227473462,354.83374176025393,337.0150607731617,0.1004339716888118,8.777238165545121,0.023790722686626964,0.0393545444343546,8.167053650611928
2022-10-31 04:00:00+00:00,369.773405154798,371.6488650187867,368.64430385310885,369.5533142089844,96631300,57.270677114742966,1.6178830446351071,-1.6134655578808907,3.2313486025159976,355.7714782714844,365.56867248535156,389.7021730041504,359.8666111123196,364.3492431939804,374.5880841296411,355.7714782714844,336.9548724133277,0.10577917009861044,5.285981814803618,-0.007223207067537429,0.019373489083351014,7.840677825150846
2022-11-01 04:00:00+00:00,373.3138915785783,373.5531094731558,366.75931542687346,367.9362487792969,85407600,55.85926070830467,1.9915937836360627,-0.8924536895775002,2.884047473213563,356.0848587036133,365.04930297851564,389.34391555786135,360.6351480329841,364.4899100796791,375.4836434987711,356.0848587036133,336.6860739084555,0.10895596552901639,3.6079150665915134,-0.004375729745919821,-0.001039019146040654,7.765900412374526
2022-11-02 04:00:00+00:00,367.3429092735215,371.868921318945,358.59712022761437,358.7023620605469,126990400,48.50776450781311,1.5250845242791229,-0.4089460468061756,1.9340305710852985,355.97864532470703,364.36431579589845,388.9784138488769,360.45107317846623,364.2629474122621,375.29550616817767,355.97864532470703,336.6617844812364,0.10852820020060867,1.7286135269409104,-0.02509643110562032,-0.018716253643615066,8.159179032299964
2022-11-03 04:00:00+00:00,355.44906385457017,358.0613336104434,352.88465519542365,355.0089111328125,87100100,45.9053507971337,0.8475716741456836,-0.15764250261580376,1.0052141767614873,355.87386932373045,363.58030090332034,388.6168630981445,359.9327720312611,363.9000440287543,375.1879004653417,355.87386932373045,336.55983818211917,0.10854425012049278,1.5325366856402323,-0.01029670088180501,-0.02360632060178347,7.991931020358768
2022-11-04 04:00:00+00:00,360.7405519371709,362.5298969522744,354.0424515033242,360.11859130859375,103505200,49.90912659450384,0.7147076412072124,0.016827526148799475,0.697880115058413,356.5226287841797,362.7871740722656,388.30450836181643,359.95046910529277,363.75175176521856,375.48858683919246,356.5226287841797,337.5566707291669,0.10639413335243741,0.5503940814124473,0.014393103991323875,-0.032568870556728635,8.0273249081153
2022-11-07 05:00:00+00:00,361.4199120409669,364.1565796093266,359.3339392603805,363.5633239746094,68286900,52.4635265066522,0.8772605615078533,0.18891413322061024,0.688346428287243,357.47615203857424,362.3335821533203,388.0508563232422,360.29455052141816,363.74436244009667,375.8348541591913,357.47615203857424,339.1174499179572,0.10271287757755673,0.28507384814255426,0.009565550763425579,-0.01620873093019437,7.798418868174648
2022-11-08 05:00:00+00:00,364.6732422704296,368.5103058976594,361.4294634355471,365.5248718261719,84641100,53.905017740077824,1.151096318432053,0.3813505702628988,0.7697457481691543,358.6368377685547,361.9702990722656,387.7982144165039,360.79267635996615,363.81418633758983,375.917293277962,358.6368377685547,341.3563822591474,0.0963674318395547,-0.7585999755573646,0.005395340294829909,-0.006553790122949876,7.747163410598765
2022-11-09 05:00:00+00:00,363.5441665136991,364.7020020044285,357.4967318827505,357.99432373046875,78495500,47.89977113469467,0.7517946124512491,0.45543937870056894,0.2963552337506802,359.47744903564455,361.5406463623047,387.5333181762695,360.5261665857283,363.58595643142826,374.8050911536309,359.47744903564455,344.1498069176582,0.08527734999291425,-2.0653197970136445,-0.020602012820852167,-0.001973888117186684,7.767233162943237
2022-11-10 05:00:00+00:00,371.3138719539829,378.0024217596619,369.0078379693138,377.6675109863281,141455800,60.33256197536527,1.9997549986892977,0.7643025026983148,1.235452495990983,360.8515151977539,361.56220764160156,387.3719429016113,362.1586755762616,364.1381742571106,377.4736253255983,360.8515151977539,344.2294050699095,0.09212714608519874,3.871243531448503,0.05495390834931557,0.06382543970857912,8.641580653389658
2022-11-11 05:00:00+00:00,378.5287680161192,382.1266139613815,376.6341520595696,381.3228454589844,93839900,62.1403307945076,3.2463061424359125,1.2607032306458346,1.985602911790078,362.80736389160154,361.63324096679685,387.23896575927733,363.9838346127114,364.8120829316939,379.3988145820397,362.80736389160154,346.2159132011634,0.09146148806061874,2.4394740977939238,0.009678710416762826,0.05888130927464452,8.416643599705534
2022-11-14 05:00:00+00:00,379.55263072845537,382.9208077010258,377.8015396320112,378.07904052734375,71903500,59.54686838894913,3.9271887688593665,1.794000338288541,2.1331884305708257,364.16133880615234,361.71906677246096,387.03911560058594,365.32623517600973,365.33235577858215,381.0936491842752,364.16133880615234,347.2290284280295,0.09299345413015483,2.3070355454958875,-0.008506715425707467,0.03992624006746115,8.181116776084753
2022-11-15 05:00:00+00:00,383.8489618853264,384.9589362297327,377.4761947639268,381.3036804199219,93194500,61.27702832291098,4.673125760834296,2.369825422797692,2.3033003380366037,365.47033843994143,361.89759216308596,386.8177410888672,366.8478966278109,365.9586822351053,383.42264643732545,365.47033843994143,347.5180304425574,0.09824221617554973,3.6330836347258977,0.008529009934220122,0.04316753745078583,8.131232825350551
2022-11-16 05:00:00+00:00,379.6674626387689,380.6243341136588,377.7632977481859,378.3948364257813,68508500,58.832606870004696,4.972249800474856,2.890310298333125,2.081939502141731,366.7597229003906,361.88414611816404,386.567444152832,367.94760517999856,366.4463745563083,384.5347476608262,366.7597229003906,348.984698139955,0.09693008065263028,5.489920459991411,-0.00762868061209665,0.05698557586815811,7.803314957235225
2022-11-17 05:00:00+00:00,373.6200265181567,377.9163992813692,373.3138498403958,377.2369995117187,74496300,57.84349690780788,5.057579367727044,3.323764112211909,1.7338152555151352,368.13905334472656,361.7979895019531,386.29054794311526,368.83230940206715,366.8695363192656,384.623898208768,368.13905334472656,351.6542084806851,0.08955770768826855,6.261276176977551,-0.0030598644659087793,-0.0011399219209645706,7.6088629306745315
2022-11-18 05:00:00+00:00,380.5860099351908,380.6529979395274,376.0887320102243,378.94976806640625,92922500,58.943131215774315,5.203427894948334,3.699696868759194,1.50373102618914,369.1791732788086,361.62754028320313,386.07305908203125,369.795876893909,367.34327089758483,385.63609501921826,369.1791732788086,352.72225153839895,0.08915411773773699,5.229159841313397,0.0045402984248748,-0.006223276210271966,7.391391716290856
2022-11-21 05:00:00+00:00,377.61969946418736,378.7488005767429,375.7250837996834,377.57183837890625,51243200,57.6404911416161,5.148478043541104,3.989453103715576,1.1590249398255281,369.93127288818357,361.3462451171875,385.8387478637695,370.5364446543849,367.74439119097,386.47854798814194,369.93127288818357,353.3839977882252,0.08946134762150804,3.8531153943556764,-0.003636180316274884,-0.0013415241102232578,7.093769755607428
2022-11-22 05:00:00+00:00,379.5239036198899,382.8155435335424,378.1077234519333,382.6528625488281,60429000,61.058063098530326,5.452077916608516,4.281978066294164,1.1700998503143518,370.6479690551758,361.5071545410156,385.6366526794434,371.6903892157605,368.3290371265723,388.0722493665895,370.6479690551758,353.22368874376207,0.09402064366266576,4.685861905124091,0.013457105783463819,0.003538340168708576,6.961622284109478
2022-11-23 05:00:00+00:00,382.31799378472664,385.5522241069887,382.08835397059227,385.0642395019531,68261600,62.60023966241506,5.820169677618765,4.589616388559085,1.2305532890596798,371.62398223876954,361.6877044677734,385.42920913696287,372.96408924301693,368.9853195726657,389.95839684036173,371.62398223876954,353.28956763717736,0.0986718590718522,7.561548878597615,0.00630173504273035,0.017625512914418273,6.71178284498712
2022-11-25 05:00:00+00:00,384.49959168124366,385.5330290650388,384.2221200219946,384.97802734375,30545400,62.504933947042645,6.035356615332887,4.878764433913846,1.1565921814190414,372.6932846069336,361.9519152832031,385.19011978149416,374.10827382403914,369.61248458329646,391.51722204421077,372.6932846069336,353.86934716965646,0.10101570494960804,1.935701680647484,-0.00022389032623393312,0.020520330301775802,6.32600614484834
2022-11-28 05:00:00+00:00,381.8777742301874,383.52359408000194,378.0694158378015,378.8349304199219,67881600,55.96648799253851,5.6451237593296355,5.032036298997004,0.6130874603326317,373.0229263305664,362.14998718261717,384.95919174194336,374.5584315950756,369.9741491259092,392.0336920804198,373.0229263305664,354.012160580713,0.10192813582190609,-0.6524432167361721,-0.01595700660168564,-0.0003030418703522386,6.367620813498351
2022-11-29 05:00:00+00:00,378.96887743191024,380.16496659083106,376.3374812822845,378.1842651367187,52310000,55.30656708006964,5.223148949164681,5.070258829030539,0.15289012013414194,373.4544738769531,362.2778259277344,384.76691482543947,374.9037490752321,370.29611445966646,392.5223663471807,373.4544738769531,354.3865814067255,0.10211628888671528,0.027831378652510366,-0.0017175430008049553,0.0016220138674587492,6.1861825631446505
2022-11-30 05:00:00+00:00,378.4330559976652,390.0973205566406,376.509764364217,390.0973205566406,144566700,63.73743942853065,5.783348046503136,5.212876672525059,0.5704713739780765,374.5625274658203,362.72927734375,384.6410136413574,376.3507558829853,371.07263234582234,394.7610447309065,374.5625274658203,354.3640102007341,0.10785124396582547,2.3062038444093944,0.0315006638777402,0.019454860361491688,6.714852108093148
2022-12-01 05:00:00+00:00,391.14030826651214,392.3172705907876,387.29369578444215,389.8102722167969,76398200,63.426969656497924,6.1334449298832965,5.396990323996707,0.7364546058865891,376.1179229736328,363.3032098388672,384.4801916503906,377.63261458144353,371.8074417525272,395.9797671384314,376.1179229736328,356.2560788088342,0.1056149837676891,3.016805382135441,-0.000735837763341074,0.012325301152302126,6.59404658653974
2022-12-02 05:00:00+00:00,384.9014803886444,390.269514364468,384.7962385623238,389.3605041503906,85342700,62.90988474980739,6.3019616174919975,5.577984582695766,0.7239770347962313,377.8355026245117,363.92881103515623,384.31475646972655,378.7495564451528,372.49579714067875,395.9641443073214,377.8355026245117,359.706860941702,0.09596049898373749,3.2137634045345864,-0.0011538127608810012,0.011383706329627596,6.513991530511488
2022-12-05 05:00:00+00:00,386.5282369465547,387.4659522860306,380.9975210901338,382.3562622070313,77289800,55.34314282140431,5.803430187886136,5.623073703733841,0.18035648415229488,378.94738616943357,364.5343194580078,384.15942016601565,379.09305223199834,372.8824820452416,395.2265806617662,378.94738616943357,362.66819167710094,0.08591796690770123,0.8989302613923519,-0.0179890920334691,0.009295161307343536,6.6460623540647275
2022-12-06 05:00:00+00:00,382.1936335130076,382.7390280836968,374.7491742915764,376.8446960449219,77972200,50.22397161107757,4.907037833378411,5.479866529662755,-0.5728286962843443,379.61145477294923,365.09925720214846,383.9899105834961,378.8789230713244,373.03786298640557,394.33553749845674,379.61145477294923,364.8873720474417,0.07757449118238115,-0.1925838370537219,-0.014414740143905758,-0.0035421068914978093,6.742047456782986
2022-12-07 05:00:00+00:00,375.9930393761272,378.576603761954,375.0648729769194,376.20355224609375,65927900,49.64865301588122,4.097670097793468,5.203427243288898,-1.1057571454954296,380.1453887939453,365.669169921875,383.8392350769043,378.62412584987385,373.1620076632561,393.4980913689186,380.1453887939453,366.792686218972,0.070250503983943,-1.6854206341946325,-0.0017013475459707328,-0.0356161592976888,6.511310551658103
2022-12-08 05:00:00+00:00,378.0981911058131,380.2224176484129,376.3088170014075,379.1507263183594,60737900,52.350676519995766,3.651955187099418,4.893132832051002,-1.2411776449515841,381.20320892333984,366.16119384765625,383.7393353271484,378.6742782754439,373.3968593752209,389.9142746646758,381.20320892333984,372.4921431820039,0.045703003214161146,-1.5357212062180485,0.007833987889454441,-0.027345472036481078,6.333278755276749
2022-12-09 05:00:00+00:00,377.9067999497378,380.4712083402084,376.19399193608393,376.3183898925781,81447700,49.59613335919835,3.035189258007904,4.5215441172423825,-1.4863548592344786,381.13575286865233,366.7446936035156,383.5952407836914,378.4499079532662,373.511429199431,389.97523953275913,381.13575286865233,372.29626620454553,0.04638497751824967,-2.249384857343979,-0.007470212317101099,-0.0334962435038737,6.186417158765873
2022-12-12 05:00:00+00:00,377.11255243392947,381.7438354492187,376.4427600120724,381.7438354492187,75405800,54.53143587403256,2.950178112861863,4.207270916366279,-1.257092803504416,381.15680236816405,367.54406372070315,383.43357864379885,378.76361533383306,373.834268660207,389.9999751198799,381.15680236816405,372.3136296164482,0.0464017574749937,0.7678555475527098,0.014417168287176318,-0.0016017176082786522,6.132062044328351
2022-12-13 05:00:00+00:00,392.5277640299923,392.7861087804528,381.8586543812398,384.6335754394531,123782500,56.94933316709117,3.080474244941456,3.981911582081315,-0.9014373371398587,381.48452911376955,368.2207635498047,383.2916625976562,379.32265915341594,374.2577708868441,390.33298387410105,381.48452911376955,372.63607435343806,0.0463895863923364,1.7053354402259226,0.0075698406153275055,0.020668671939070515,6.482791421964478
2022-12-14 05:00:00+00:00,384.2890854473315,388.0113289824771,379.2176790178847,382.1744079589844,108111300,54.30288416973615,2.9512800850810663,3.7757852826812655,-0.8245051976001991,381.52806549072267,368.63087890625,383.1689025878906,379.5942542777558,374.56822724261434,390.3810997330241,381.52806549072267,372.67503124842125,0.046408298854316875,-2.0310092328629246,-0.006393533059767531,0.015871343258834436,6.647852746437903
2022-12-15 05:00:00+00:00,377.2944096015872,378.20344918024006,371.16088916537103,372.8258361816406,117705900,45.62322436143047,2.070671754404259,3.4347625770258645,-1.3640908226216055,381.24961547851564,368.87086303710936,382.96198837280275,378.9496430305067,374.4998981813997,390.80201893382787,381.24961547851564,371.6972120232034,0.0501110194869195,-4.357103248862099,-0.024461532699874167,-0.016681730239936243,6.959686035521863
2022-12-16 05:00:00+00:00,370.2601535058197,371.6059190307072,366.28053050111725,368.4241333007813,119858000,42.2027910957589,1.0060060603364605,2.949011273687984,-1.9430052133515234,380.80897216796876,369.0972570800781,382.7433764648438,377.9472135324376,374.2616328919637,391.77027350053976,380.80897216796876,369.84767083539776,0.05756850354742242,-5.377117254173946,-0.011806324706302829,-0.020977599829894777,6.9300874387362565
2022-12-19 05:00:00+00:00,368.6163952350112,368.9528439474984,363.6274261236804,365.3000183105469,79878100,39.915468862068174,-0.08881533520928997,2.341445951908529,-2.430261287117819,380.1264846801758,369.46038940429685,382.5258868408203,376.7427187494004,373.9101970260258,392.9989814151346,380.1264846801758,367.253987945217,0.0677274394378979,-4.46082504260101,-0.008479669782337274,-0.043075527648852474,6.815468180527813
2022-12-20 05:00:00+00:00,364.5407019009117,367.4244982092744,363.2141509053859,365.7999572753906,74427200,40.47148308294834,-0.9056880742936642,1.6920191466680905,-2.5977072209617544,379.537890625,369.8865313720703,382.37115158081053,375.7005509899709,373.59214840835386,393.8228489481968,379.537890625,365.2529323018032,0.0752755320406782,-2.9308462837472598,0.0013685708726649537,-0.04896509136661986,6.629388117910721
2022-12-21 05:00:00+00:00,368.4049801931655,372.403847947224,367.8666738931474,371.2695617675781,78167400,46.32380934921034,-1.0990451260593659,1.1338062921225993,-2.232851418181965,378.9687255859375,370.4656994628906,382.25880477905275,375.27855201640966,373.5010665793038,393.61443080386255,378.9687255859375,364.3230203680124,0.07729242140116341,-1.3115215018724897,0.014952447050369022,-0.028533690284611057,6.627566871762339
2022-12-22 05:00:00+00:00,368.2126968828108,371.25029904353386,360.2534206059007,365.9729614257813,100120900,42.01611100727982,-1.6605317878874644,0.5749386761205866,-2.235470464008051,378.01416168212893,370.9615167236328,382.0671923828125,374.39230529349265,373.20584676936176,393.4154223962964,378.01416168212893,362.6129009679615,0.08148509910651616,-3.4756005930773735,-0.01426618523904899,-0.01838090092157829,6.941036463899129
2022-12-23 05:00:00+00:00,364.9443602601523,368.2222784083417,363.3871151892416,368.0780944824219,59857300,44.235659401968235,-1.9135887088710888,0.07723319912225149,-1.9908219079933402,377.1691650390625,371.3193548583984,381.8952337646484,373.7909518829145,373.00475844438375,392.8021032007577,377.1691650390625,361.53622687736726,0.08289616230996061,-2.1897137188826945,0.005752154608469562,-0.0009392403675058114,6.790616946413484
2022-12-27 05:00:00+00:00,367.9627597889249,368.30880122283816,364.9443726052869,366.6265869140625,51638200,43.01306581291428,-2.205835177102074,-0.3793804761226136,-1.8264547009794603,376.55874786376955,371.8077691650391,381.74160507202146,373.1086314096905,372.7546340706457,392.82443428947414,376.55874786376955,360.29306143806497,0.08639122855586479,-3.960050466137038,-0.003943477186275968,0.0036314495949132386,6.54588920863761
2022-12-28 05:00:00+00:00,366.5593447324518,368.5395785675082,361.83955714194127,362.07025146484375,70911500,39.33770719443587,-2.773133839874788,-0.8581311488730485,-1.9150026910017395,375.75304718017577,372.02918334960935,381.57971420288084,372.0573571292289,372.33563867433975,393.1723119417146,375.75304718017577,358.33378241863693,0.09271655887962076,-5.866186785391846,-0.012427727862209692,-0.010196025823313581,6.556898652703992
2022-12-29 05:00:00+00:00,364.92516683940227,369.4623404315659,364.3964532994833,368.5875854492187,66970900,46.39364251347574,-2.6660946528107274,-1.2197238496605844,-1.446370803150143,374.6775604248047,372.29846130371095,381.407039642334,371.72690268351363,372.1886561949232,391.04585998256243,374.6775604248047,358.309260867047,0.08737272410549247,-3.555136667137545,0.018000191835721102,-0.007223798001621207,6.616555103705289
2022-12-30 05:00:00+00:00,365.8960857457563,367.76091368309494,363.77166803325207,367.6167297363281,84022200,45.54380772729445,-2.6292963761926558,-1.5016383549669987,-1.127658021225657,373.56788330078126,372.59865295410157,381.18481597900393,371.3354576409245,372.00936496125286,388.63994254630376,373.56788330078126,358.49582405525877,0.08069247876636709,-1.3971956714863036,-0.0026339891825367667,0.00449150206108917,6.487938126009669
2023-01-03 05:00:00+00:00,369.481572187265,371.4617765380731,363.1948883409904,366.069091796875,74850700,44.15526921476954,-2.693960623286557,-1.7401028086309105,-0.9538578146556467,372.40331268310547,372.9270269775391,380.92907791137696,370.83389898911025,371.77641307245375,385.93501882646524,372.40331268310547,358.8716065397457,0.07267231886776743,-0.6392202060182773,-0.0042099224933619395,-0.005458088149396301,6.615005988229169
2023-01-04 05:00:00+00:00,368.3376218305615,370.93304981286974,365.2808052899679,368.8951721191406,85934100,47.31407564439578,-2.4884807840678604,-1.8897784037183005,-0.5987023803495599,371.7302581787109,373.14198303222656,380.66462188720703,370.64925833482744,371.66342323114736,384.5343290503066,371.7302581787109,358.92618730711524,0.06888904300838525,0.9841646943300882,0.007720073575164799,0.006187726929934634,6.5462373121343616
2023-01-05 05:00:00+00:00,366.9342330246392,367.04958018001776,364.08889562849737,364.6848754882813,76970500,43.37750327594056,-2.6349976693745703,-2.0388222568495546,-0.5961754125250156,371.1222671508789,373.1850836181641,380.3797311401367,370.0812218732516,371.38975469221145,384.0513663862706,371.1222671508789,358.19316791548715,0.06967568577681402,-0.3048337663609497,-0.01141326032182266,0.007221316893225804,6.421954396313568
2023-01-06 05:00:00+00:00,367.7897288196835,374.1725449520528,364.7136972396124,373.0478515625,104189600,51.932373084667184,-2.0526296428894284,-2.0415837340575296,-0.01104590883189882,370.96448211669923,373.2796618652344,380.111985168457,370.3637580341324,371.45477809888945,383.7175094432617,370.96448211669923,358.21145479013677,0.06875605585631549,0.4789753801673401,0.022932061723210717,0.01210096674266814,6.640934043989136
2023-01-09 05:00:00+00:00,375.2492115932317,378.4502421621429,372.6538123234202,372.83642578125,73978100,51.71962701444215,-1.5898324805533548,-1.9512334833566947,0.36140100280333987,370.6487670898438,373.42551086425783,379.8706513977051,370.5992502005245,371.5089603609428,382.8773777169808,370.6487670898438,358.42015646270676,0.06598489844253468,1.875402032087169,-0.0005667524430564841,0.014198744569284605,6.580612315041534
2023-01-10 05:00:00+00:00,372.24998822129896,375.5182843811926,371.3079376645078,375.4509887695313,65358100,54.21738208468942,-1.00055523486526,-1.7610978336584078,0.7605425987931478,370.6053970336914,373.6626910400391,379.6106509399414,371.0613205404299,371.6635497102992,382.7591921648495,370.6053970336914,358.45160190253335,0.06558887284662598,2.00307880246906,0.007012627542501315,0.02562876020645355,6.411307629444623
2023-01-11 05:00:00+00:00,377.0371345019458,380.2765941727516,376.22005305330094,380.1996765136719,68881100,58.424422731394195,-0.14865574671819104,-1.4386094162703644,1.2899536695521734,370.52818908691404,373.8218426513672,379.3639567565918,371.9316401569291,371.99829978101974,382.41465069256753,370.52818908691404,358.64172748126055,0.06415955360883656,3.7021563858354103,0.01264795642089922,0.030644218870070405,6.298043184714312
2023-01-12 05:00:00+00:00,381.3051469866937,383.0546276640249,377.21976916675254,381.5838928222656,90157700,59.5901014757903,0.6309027685750834,-1.0247069793012749,1.6556097478763583,370.3757049560547,374.0624542236328,379.10890686035157,372.8509023155326,372.37420539048037,381.59391765005876,370.3757049560547,359.1574922620506,0.06057747602713374,5.389462757151317,0.0036407614053926007,0.046338684354150894,6.264958564182744
2023-01-13 05:00:00+00:00,378.3732900744213,383.6410351388549,378.1041369301359,383.0642700195313,63903900,60.85419420993944,1.3525709798423122,-0.5492513874725575,1.9018223673148698,370.42019805908205,374.3650146484375,378.83450119018556,373.8236040016277,372.79342361122747,381.83065097151257,370.42019805908205,359.00974514665154,0.0616081572884994,3.9276104626988597,0.0038795589256048757,0.026850224214072904,6.212954253078189
2023-01-17 05:00:00+00:00,383.0449767054199,384.72719084603705,381.6799671808479,382.3624572753906,62677300,59.89758613469579,1.8465815705636146,-0.07008479586532312,1.9166663664289376,370.8970291137695,374.83821655273437,378.570107421875,374.6368281229384,373.1686798333515,383.41322088005745,370.8970291137695,358.3808373474816,0.06749146411980936,4.011168792464593,-0.001832101814415843,0.02555016311557967,5.986830639657545
2023-01-18 05:00:00+00:00,383.55450959642553,384.6215000897915,376.1239176301297,376.3257751464844,99632300,52.28423247075816,1.7310245522067476,0.29013707374909103,1.4408874784576566,371.2921112060547,375.2645538330078,378.3090251159668,374.797680220419,373.2924874926901,383.968936946321,371.2921112060547,358.6152854657884,0.06828491830375069,2.8018435807469424,-0.015787852635747668,0.0023299615745320246,6.166170055372133
2023-01-19 05:00:00+00:00,374.27823396002685,375.93161140895137,372.25960034785896,373.5861511230469,86958900,49.2262116387661,1.402216145046566,0.5125528880085861,0.8896632570379799,371.7064178466797,375.5339050292969,378.0281718444824,374.68229649685975,373.30400371348844,384.11152966615487,371.7064178466797,359.30130602720453,0.06674682611798212,1.2716292753192289,-0.007279926607129394,-0.017394873797024868,6.016170394175938
2023-01-20 05:00:00+00:00,374.98960301780386,380.69952130177495,373.3362255124201,380.5457153320313,91806400,56.22984705650191,1.6838019607227466,0.7468027025514182,0.9369992581713283,372.4437057495117,375.8735528564453,377.76370880126956,375.24071733830465,373.5879924044117,385.1071099584083,372.4437057495117,359.78030154061514,0.06800170878663409,4.349190468212787,0.018629074413125668,-0.0027207057471838603,6.112393636688715
2023-01-23 05:00:00+00:00,381.3532344202499,387.0535315568682,380.3919689603618,385.1117858886719,84178800,60.11688098808904,2.2494739466315536,1.0473369513674453,1.2021369952641083,373.1358169555664,376.2652911376953,377.54945053100585,376.18081910500626,374.03990587438267,386.92951343388876,373.1358169555664,359.342120477244,0.07393391816880956,3.233883877267337,0.011998743837272174,0.005345097492481354,6.151619990961409
2023-01-24 05:00:00+00:00,383.42948708903174,385.6115486427706,382.2375275680186,384.6983642578125,59524900,59.60078850432472,2.634049714934463,1.3646795040808488,1.269370210853614,374.072087097168,376.7993719482422,377.35452224731443,376.992013881464,374.4578846345172,388.3282035241295,374.072087097168,359.81597067020647,0.0762212253664272,3.181539585813463,-0.0010735107208037498,0.006109143138860684,5.95322006837502
2023-01-25 05:00:00+00:00,380.6130286416279,385.1790390730216,378.315590364586,384.8425903320313,84800300,59.73066805832902,2.9168430696400947,1.675112217192698,1.2417308524473967,374.9103118896484,376.94287353515625,377.1496401977539,377.7396878291371,374.86512799520403,389.6222638628393,374.9103118896484,360.19835991645755,0.07848251438611384,2.5014187852532164,0.000374906907901984,0.022631495762499343,6.018236399807919
2023-01-26 05:00:00+00:00,387.5148984088141,389.2355715689227,384.53497000924045,389.0721435546875,72287400,63.442433887488164,3.4425646949958377,2.028602712753326,1.4139619822425118,376.0325897216797,377.0978594970703,376.97159912109373,378.81896932680854,375.4222658602818,391.45306234932457,376.0325897216797,360.61211709403483,0.08201668179376859,2.3336335060497015,0.010990345998365347,0.04145226578953154,5.924119625513228
2023-01-27 05:00:00+00:00,388.02438001546454,392.35007414970727,387.8129004621486,389.9661254882813,68346200,64.19368428103476,3.8865381489373476,2.4001897999901303,1.4863483489472173,377.42738342285156,377.3356011962891,376.8343214416504,379.8806032469488,375.99261329667394,392.5881381552781,377.42738342285156,362.266628690425,0.0803373332106174,2.196694573248133,0.002297727936588112,0.0247550025573946,5.825052058516474
2023-01-30 05:00:00+00:00,387.197722229523,389.4374872178155,384.7753437893362,385.0733337402344,74202000,57.25847048898573,3.7997813919369605,2.6801081183794966,1.119673273557464,378.25167083740234,377.41099426269534,376.68031311035156,380.37514900821407,376.34871998073515,393.1913626246478,378.25167083740234,363.3119790501569,0.0789933948165825,0.5244717082594605,-0.012546709645409826,-9.984671943696899e-05,5.779747032832804
2023-01-31 05:00:00+00:00,385.5924228407963,390.7832505139325,385.2463520169904,390.7351989746094,86811800,62.33012036563573,4.140165986864702,2.9721196920765376,1.168046294788164,379.40759429931643,377.65780151367187,376.53079803466795,381.361820433585,376.9128956275538,394.45409073551355,379.40759429931643,364.3610978631193,0.07931573675526835,2.1897394840698006,0.014703342813642939,0.01569238467765155,5.774759157180327
2023-02-01 05:00:00+00:00,389.51425697208833,397.64658154980566,386.765052627041,394.8877258300781,101459200,65.55805328273279,4.690923398861287,3.3158804334334877,1.3750429654277991,380.84852600097656,378.01081604003906,376.428233795166,382.6500018999177,377.6177909296136,396.02863413529155,380.84852600097656,365.66841786666157,0.07971730017553523,4.93241545210889,0.01062747064089975,0.026101932973115582,6.139528426150639
2023-02-02 05:00:00+00:00,398.7905574400252,402.1069348680651,396.8872706861001,400.6361999511719,101654500,69.45954417132687,5.527538413374771,3.7582120294217445,1.7693263839530262,382.4355773925781,378.44454467773437,376.35355819702147,384.3629731428943,378.52047363634136,398.87013332689276,382.4355773925781,366.0010214582635,0.08594679420970405,7.240645496844344,0.014557236766501447,0.02972213916635469,6.216648469853233
2023-02-03 05:00:00+00:00,395.647206038585,400.81881836953994,395.16657335854075,396.3777770996094,94736800,63.702734537242854,5.780310879169576,4.162631799371311,1.6176790797982656,384.02022247314454,378.82066345214844,376.22404846191404,385.50724018639096,379.2207600466656,399.37957570001447,384.02022247314454,368.6608692462746,0.07999241877395685,4.160357384069974,-0.010629151464799036,0.016441560413228196,6.176333937077944
2023-02-06 05:00:00+00:00,393.91692329199503,395.35882127051354,392.2923825560251,393.9553527832031,60295300,60.624617909112274,5.7192376703875425,4.473952973574558,1.245284696812985,385.0655975341797,379.0467132568359,376.0839923095703,386.3118223384683,379.7985872128043,400.13879472821367,385.0655975341797,369.9924003401457,0.07828898395783608,2.2963636062511337,-0.006111402950315981,0.02306578582499408,6.026981123256969
2023-02-07 05:00:00+00:00,393.0325836517656,400.3574213852453,391.78295035245776,399.1077880859375,90990700,64.5484404177944,6.017232272609647,4.782608833381576,1.2346234392280708,386.37916564941406,379.3275842285156,376.0012475585938,387.5304857429892,380.5558107764566,401.53916313037126,386.37916564941406,371.21916816845686,0.07847212701273243,3.745642084006436,0.01307872901417273,0.021427783146488855,6.208944688223438
2023-02-08 05:00:00+00:00,397.12750912194093,398.47327457670247,394.0514486520687,394.7435607910156,76227500,59.16989467445071,5.833987891592017,4.992884645023665,0.8411032465683519,387.34379425048826,379.52289489746096,375.9537080383301,388.21744527137264,381.1121931299687,402.0479127723157,387.34379425048826,372.6396757286608,0.07592283000315002,2.572732516544502,-0.010934958989029187,-0.0003650785517819166,6.12661574148382
2023-02-09 05:00:00+00:00,398.35800306222177,398.51180904846075,390.0911146487058,391.321533203125,78694900,55.280249912375204,5.350953906386508,5.064498497296234,0.2864554090902738,387.89988708496094,379.772626953125,375.87733993530276,388.5130726934443,381.5125594073474,402.3196978440973,387.89988708496094,373.4800763258246,0.07434810495821566,0.5781420452994546,-0.008668989003983496,-0.023249688243803468,6.2904785027889005
2023-02-10 05:00:00+00:00,390.13916034833926,392.6192415030363,389.3221082284389,392.2347412109375,70769700,56.10943447489029,4.984377446733163,5.04847428718362,-0.06409684045045694,388.4324295043945,380.0536364746094,375.8644143676758,388.86751731415796,381.93303712513523,402.66536215963936,388.4324295043945,374.1994968491497,0.07328395661198939,0.5817468683505861,0.002333651308011442,-0.010452240584695405,6.0766681293466505
2023-02-13 05:00:00+00:00,392.8883857479932,396.9737635969899,392.42696780662374,396.8391723632813,64913500,60.12413296858332,5.007676694807287,5.040314768708353,-0.0326380739010661,389.12117462158204,380.1884735107422,375.8689602661133,389.6267225569316,382.51759144819977,403.57974061102357,389.12117462158204,374.6626086321405,0.07431395119272238,3.0554799805961164,0.011738968195750932,0.007320168541192995,5.9811220048256315
2023-02-14 05:00:00+00:00,395.3107906074357,398.9732095911578,392.68655472796934,396.6565856933594,88389300,59.890187198847734,4.954298232366682,5.02311146144002,-0.06881322907333765,389.8358810424805,380.3253997802734,375.82258850097656,390.2962333318295,383.07206181075503,404.3005739659313,389.8358810424805,375.3711881190297,0.07420914095834384,1.5154474780591194,-0.00046010243604377443,-0.006141705237910133,6.002945780422976
2023-02-15 05:00:00+00:00,394.4552431906893,398.0215294338509,393.6093249869712,397.9446411132813,61555700,61.041823009910324,4.95876912027893,5.010242993207802,-0.051473872928871955,390.9168243408203,380.49708251953126,375.8576643371582,391.0246531205392,383.6553002147757,404.3778567464634,390.9168243408203,377.4557919351772,0.06886903590471774,0.7741226387265796,0.003247281064728602,0.00810926545793711,5.889321399455598
2023-02-16 05:00:00+00:00,392.9556477537095,396.9160560713669,392.3308311796985,392.46539306640625,76431500,53.94611414006113,4.468670750997603,4.901928544765762,-0.433257793768159,391.8607864379883,380.69926513671874,375.85357803344726,391.16186644871703,384.0007940520946,402.7256058955555,391.8607864379883,380.9959669804211,0.055452445529588834,-2.039457963549338,-0.013768870040683168,0.0029230690524957303,5.869642009036112
2023-02-17 05:00:00+00:00,390.3313333408176,391.7251795742164,388.39918095801295,391.48486328125,89257800,52.764076923757365,3.9555466241008617,4.712652160632782,-0.7571055365319204,392.4077438354492,380.9920684814453,375.8355746459961,391.1926280518154,384.2942869630419,401.9612640811157,392.4077438354492,382.8542235897827,0.04869180282880779,-1.2344066950882038,-0.0024983853416862267,-0.0019118090543749355,5.740825587561625
2023-02-21 05:00:00+00:00,387.4476027187317,388.5050004519839,383.37184709473024,383.6313781738281,82655900,44.37692505741696,2.88196000187628,4.346513728881482,-1.4645537270052023,392.333723449707,381.140625,375.71814651489257,390.4725090158166,384.2682905399355,402.13201673922464,392.333723449707,382.5354301601894,0.049948769141552864,-2.62059508430042,-0.02006076312018168,-0.03328248597737293,5.910267773201491
2023-02-22 05:00:00+00:00,384.0447434887899,385.59239604305503,381.6415799797693,383.1027221679687,83742300,43.8713880346197,1.9658160438041818,3.870374191866022,-1.9045581480618403,392.25394134521486,381.2196649169922,375.67042526245115,389.7706245541168,384.22258197632897,402.32189176153395,392.25394134521486,382.18599092889576,0.05133383940919278,-4.010211375409826,-0.0013780311933188072,-0.03417027225628533,5.770306936778938
2023-02-23 05:00:00+00:00,386.005727465885,386.6209513962091,380.9014105944118,385.1405944824219,96242400,46.405938332954655,1.388202289273238,3.3739398113474657,-1.9857375220742277,392.2688415527344,381.39610900878904,375.6446122741699,389.3296693091935,384.258582466764,402.2936634200137,392.2688415527344,382.2440196854551,0.05111199669898638,-2.432710058487245,0.005319388760593791,-0.032175446803452634,5.766680784280248
2023-02-24 05:00:00+00:00,380.1035302143566,381.86263277047993,378.39247918807456,381.0263366699219,108194400,42.25719563972431,0.5916330288655445,2.8174784548510816,-2.225845425985537,391.8665512084961,381.38175903320314,375.66070999145506,388.53887572450094,384.1318277296329,402.96090612332927,391.8665512084961,380.77219629366294,0.05662312785114599,-2.630879126158169,-0.010682482894406431,-0.02914666260662846,5.836783249285038
2023-02-27 05:00:00+00:00,384.381158691797,385.7461683533758,381.3820155880344,382.3240661621094,80444700,43.95906290977805,0.06432062730908683,2.2668468893426827,-2.202526262033596,391.4844482421875,381.33556884765625,375.67893157958986,387.94698909951126,384.0609351191418,403.3161928666007,391.4844482421875,379.6527036177743,0.060445540953359286,-2.526720355833632,0.0034058787209549912,-0.023400131086446008,5.7570009945828176
2023-02-28 05:00:00+00:00,381.8435004744053,383.81408299120295,380.8053173191746,380.91107177734375,96438600,42.49060444226677,-0.46226636901775464,1.7210242376705953,-2.1832906066883497,391.27633514404295,381.31030212402345,375.72016693115233,387.2769017354953,383.93741106652226,403.6842244388782,391.27633514404295,378.8684458492077,0.06342264113809713,-4.013742013189258,-0.003695802879870258,-0.007090938205924768,5.560698471543213
2023-03-01 05:00:00+00:00,380.093981424122,381.324400047159,378.1426137015987,379.4499206542969,99706800,40.966612470330894,-0.9861255996705154,1.1795942702023732,-2.1657198698728886,390.71207122802736,381.4427838134766,375.756042175293,386.53147496585734,383.7614310503566,404.15068692872745,390.71207122802736,377.27345552732726,0.06879037885091117,-4.33792496070249,-0.0038359376539754964,-0.009534783498798216,5.390776176830146
2023-03-02 05:00:00+00:00,377.4696443451899,383.2468580842527,377.1331956289913,382.40093994140625,85127800,45.23856287605406,-1.1499097762851989,0.7136934609048587,-1.8636032371900577,390.0877319335938,381.7223199462891,375.76217071533205,386.1380906778144,383.7080784578487,403.84872594254443,390.0877319335938,376.3267379246431,0.07055332881523817,-3.9059958511792834,0.0077770981794405,-0.007113388150364552,5.442410911003809
2023-03-03 05:00:00+00:00,384.22736466723944,388.7837823723887,383.5737112700418,388.5338439941406,90120000,52.87148843172943,-0.7758918161351858,0.41577640549684985,-1.1916682216320356,389.4826141357422,382.18699645996094,375.8066970825195,386.36625766032165,383.8973241651543,402.3717244215368,389.4826141357422,376.59350384994764,0.06618580556873056,-1.001756878879865,0.0160378895869715,0.01970338163454155,5.509584591002285
2023-03-06 05:00:00+00:00,389.36046892275226,391.6675289386707,388.36077420704,388.8029479980469,72795900,53.17986934029411,-0.45254874372727727,0.24211137565202445,-0.6946601193793017,389.10387268066404,382.64705627441407,375.81352310180665,386.59832340677167,384.0897015703658,401.5994366276129,389.10387268066404,376.6083087337152,0.06422739440172004,-0.6850623190701468,0.0006926140619820664,0.016946047631724026,5.352239601047175
2023-03-07 05:00:00+00:00,388.75494500797566,388.9952613450141,382.2279450800741,382.8431396484375,108310600,46.00083125204417,-0.6694863331915712,0.05979183388330532,-0.7292781670748766,388.54826202392576,382.87852783203124,375.868641204834,386.2406868583589,384.0408167891137,401.1195105429816,388.54826202392576,375.97701350486994,0.0647088135387501,-0.20546768857720088,-0.015328608952932421,0.0050722281767201505,5.453316505610949
2023-03-08 05:00:00+00:00,382.9584871204625,384.2273349889294,381.2281920235724,383.4679565429687,74746600,46.81149716193777,-0.7819792640265177,-0.1085623856986593,-0.6734168783278585,387.76627044677736,383.228427734375,375.9382698059082,385.9766173045122,384.01835168142173,399.53280896267285,387.76627044677736,375.99973193088186,0.060688819078246775,0.09533588613861782,0.0016320441189177082,0.010589107204827863,5.27801839559281
2023-03-09 05:00:00+00:00,384.2561789471598,385.9288005055939,375.4029338100162,376.3930358886719,111945300,39.567941723060805,-1.4255844413593195,-0.37196679683079137,-1.0536176445285281,386.84874420166017,383.3947265625,375.9717172241211,385.06389526490835,383.7193196895492,399.1458002622512,386.84874420166017,374.5516881410691,0.06357552529202845,-2.271263720072293,-0.01844983533455702,-0.015711007545261113,5.6528647027345915
2023-03-10 05:00:00+00:00,375.8451600432832,377.9311189281999,369.4335360708871,370.9619445800781,189253000,35.080349537070504,-2.3468369844980543,-0.766940834364244,-1.5798961501338105,385.8307647705078,383.4814337158203,375.9434233093262,383.7208523425436,383.21903046956993,399.7429670196582,385.8307647705078,371.91856252135744,0.07211556733909152,-2.6413901405882085,-0.014429308703256982,-0.045226174465067936,5.856058856633036
2023-03-13 04:00:00+00:00,367.0207168016272,375.2683898395796,365.9056454879313,370.4331970214844,157790000,34.66811337507178,-3.0840507539162445,-1.2303628182746442,-1.8536879356416003,384.74068756103514,383.6486926269531,375.9268605041504,382.4553613595856,382.7176252363117,399.84072510397067,384.74068756103514,369.6406500180996,0.0784946226439337,-3.11015449798631,-0.0014253417805222268,-0.04724694365397353,6.106536391991269
2023-03-14 04:00:00+00:00,375.3741515115561,378.2098962725371,372.057774034171,376.5565185546875,149752400,43.01905075192402,-3.1380239181460183,-1.6118950382489192,-1.526128879897099,383.72655487060547,383.8080712890625,375.9244046020508,381.89356680673814,382.4760132095813,398.14940933516044,383.72655487060547,369.3037004060505,0.07517256380350551,-1.1431941850200782,0.01653016409554664,-0.016420879578834757,6.225833739067086
2023-03-15 04:00:00+00:00,370.94274137008466,374.4032735477043,368.8471603783562,374.201416015625,172996900,40.85596877126189,-3.332421056562964,-1.9560002419117284,-1.3764208146512358,382.6037963867187,383.93976501464846,375.87250366210935,381.1609810171083,382.1515192019752,396.3036102204553,382.6037963867187,368.90398255298214,0.07161358022642006,-1.3831877022458514,-0.006254313557236824,-0.024165097420089987,6.331799770300245
2023-03-16 04:00:00+00:00,371.83671073825275,381.11291652174896,371.3272412199818,380.766845703125,143254200,48.61312256558234,-2.92301221778348,-2.149402637086079,-0.7736095806974013,381.7449066162109,384.2337200927734,375.8062242126465,381.1234443205385,382.09721828045167,393.50673924150385,381.7449066162109,369.983073990918,0.06162142531016263,-0.4273248487651824,0.01754517595739369,0.011620326088463528,6.578505165405026
2023-03-17 04:00:00+00:00,379.4313531710443,380.5699682371999,374.9250983805673,376.3146057128906,140553400,44.36379452191125,-2.9241040701797374,-2.3043429237048105,-0.6197611464749269,380.93736724853517,384.3821087646484,375.7287373352051,380.6654596912387,381.87044916015515,391.829754269679,380.93736724853517,370.04498022739136,0.05718728566755321,-3.1449611070263095,-0.011692824731136642,0.014429138112459494,6.525879605201646
2023-03-20 04:00:00+00:00,377.09622742972954,380.3480800216105,376.3918443963073,379.9331359863281,93055800,48.31787438109744,-2.602978701154086,-2.364070079194666,-0.2389086219594203,380.3597808837891,384.68707397460935,375.6851890563965,380.5957145764853,381.7944760945149,390.11997722182423,380.3597808837891,370.59958454575394,0.05132086423731097,-2.2813129523295967,0.00961570510021148,0.02564548491125862,6.347850655452946
2023-03-21 04:00:00+00:00,383.31036127614743,385.4042809504183,381.7085673503459,384.92181396484375,91524200,53.250753706439454,-1.9237639584614499,-2.2760088550480226,0.35224489658657276,380.42430267333987,384.92455322265624,375.62957885742185,381.00772404204326,381.9171167953121,390.2866826960614,380.42430267333987,370.5619226506183,0.051849368998857566,0.542957180404247,0.013130410343295651,0.022215245249940674,6.285228820355606
2023-03-22 04:00:00+00:00,384.7481478831017,388.376279731483,378.3216838515816,378.3602600097656,111746600,46.908834778524934,-1.8931212253214653,-2.1994313291027114,0.3063101037812461,380.1871795654297,385.03502990722654,375.57365936279297,380.75558461039776,381.77763221548673,390.00852868176435,380.1871795654297,370.36583044909503,0.051665861681926696,-1.3319747963427906,-0.01704645909124136,0.011113918376960408,6.554469324608876
2023-03-23 04:00:00+00:00,381.23577448444496,385.28850910550153,376.6619967001418,379.3831176757813,119351300,47.94950463994385,-1.7659438715800775,-2.1127338375981846,0.3467899660181071,379.89930572509763,385.1136724853516,375.51692352294924,380.62487347376765,381.6837296845179,389.45699646657073,379.89930572509763,370.34161498362454,0.050316968720070375,0.7944041206952157,0.002703396138879155,-0.003634055966160843,6.702472401805366
2023-03-24 04:00:00+00:00,378.0997544786835,381.9594906772583,375.745313041757,381.8726501464844,107682400,50.49307606198873,-1.4475835953838327,-1.9797037891553144,0.5321201937714817,379.9416213989258,385.14713195800783,375.4538957214356,380.7437093473597,381.6911383300852,389.5263523672733,379.9416213989258,370.3568904305783,0.050453703561389354,2.9411926818415193,0.006562053909922705,0.014769675025141815,6.667594204212219
2023-03-27 04:00:00+00:00,384.1595476869885,384.9315126123636,381.6893188206897,382.5867004394531,74010400,51.22923957249777,-1.124698072481749,-1.8087026458206015,0.6840045733388525,379.95475311279296,385.16718811035156,375.4158821105957,380.9192323085115,381.7262584128055,389.5532143428114,379.95475311279296,370.35629188277454,0.05052423295870193,3.2808893791621685,0.0018698649738200235,0.006984293292124244,6.422922746173765
2023-03-28 04:00:00+00:00,381.89189703603546,382.5866506547417,379.8848473861325,381.7278747558594,62871700,50.261180336052234,-0.9274183233439999,-1.6324457813252813,0.7050274579812814,379.99559326171874,385.1404602050781,375.4199737548828,380.9962458749256,381.72632179880765,389.61690654565757,379.99559326171874,370.3742799777799,0.05063907821326883,1.373328025503517,-0.0022447870838355755,-0.008297631085350976,6.157132053827113
2023-03-29 04:00:00+00:00,385.9060259569887,387.5174786036879,384.6998585244868,387.2762451171875,77497900,56.04056061379753,-0.3196805044737516,-1.3698927259549754,1.0502122214812237,380.3869094848633,385.2387359619141,375.5070307922363,381.5943410408553,381.94396585050885,390.5110974686435,380.3869094848633,370.26272150108304,0.05323100102204288,3.4940618987440053,0.014534883953331024,0.023564803309924054,6.130880039112928
2023-03-30 04:00:00+00:00,389.92019324080144,390.1710855147399,387.67190988130295,389.54388427734375,69840000,58.17935816849632,0.34100473396381403,-1.0277132339712176,1.3687179679350316,380.74405670166016,385.50309814453124,375.6756414794922,382.3514403967113,382.2420018672475,391.60443144321965,380.74405670166016,369.88368196010066,0.05704816424787619,2.3050952763523958,0.005855353094197824,0.026782337242127197,5.899734350430033
2023-03-31 04:00:00+00:00,390.4702744892863,395.33355107247746,390.3641164152667,395.034423828125,112062600,62.88763436353014,1.2927412839819112,-0.5636223303805918,1.856363614362503,381.0690856933594,385.9320635986328,375.87706573486327,383.5593435806555,382.7436654735564,393.161725002242,381.0690856933594,368.9764463844768,0.0634669132862348,4.9745127696469655,0.014094790785810885,0.03446639521471839,5.891872382194582
2023-04-03 04:00:00+00:00,394.5132446662317,396.9448675779732,394.11761821973766,396.53961181640625,67391100,64.08148504875697,2.1437437050386734,-0.022149123296738807,2.165892828335412,381.45591888427737,386.2519415283203,376.0607290649414,384.79555960310796,383.2846829771976,394.9295329599272,381.45591888427737,367.98230480862753,0.0706430987625458,4.370894311960121,0.0038102704409783694,0.03646993311823521,5.672970737626078
2023-04-04 04:00:00+00:00,397.18607582921373,397.4755736593886,392.95966075668593,394.3395385742187,66601500,60.99302067773053,2.610548947742984,0.5043904909112058,2.1061584568317784,382.0307388305664,386.4364965820312,376.2929330444336,385.704509981309,383.7182067261004,396.6262607242927,382.0307388305664,367.4352169368401,0.07641019640673222,2.446659105226782,-0.005548180248903245,0.033038362279478095,5.590323749417263
2023-04-05 04:00:00+00:00,393.60628664996426,394.36859286211103,391.6474715332728,393.3071594238281,65200200,59.542826216733694,2.8641746735030438,0.9763473274295734,1.8878273460734705,382.5226989746094,386.6086724853516,376.51622497558594,386.42857183297747,384.0942440867956,397.92008750466834,382.5226989746094,367.12531044455045,0.08050444363868182,3.950441151953092,-0.0026179955327919613,0.01557264196469288,5.385380719375905
2023-04-06 04:00:00+00:00,392.5062162511944,395.1212087510691,391.45444166145506,394.84136962890625,63743300,61.02586632189617,3.1526312593497323,1.4116041138136053,1.741027145536127,383.4451156616211,386.80864807128904,376.7033042907715,387.22979067068496,384.51569999040777,399.4610932713726,383.4451156616211,367.42913805186964,0.08353726233866073,4.074575602580049,0.003900793993492746,0.013599200412015344,5.262622602964343
2023-04-10 04:00:00+00:00,392.3518104686767,395.32382376153726,391.73426800425153,395.2466125488281,63681000,61.42806811082644,3.375029657720802,1.8042892225950447,1.5707404351257572,384.6593490600586,386.93213745117185,376.8956501770019,387.9932975162224,384.936520090738,400.385227144225,384.6593490600586,368.93347097589225,0.08176521965522807,3.5022048311691254,0.0010263436182047503,0.0005371398235294311,5.143117828273013
2023-04-11 04:00:00+00:00,395.87385583944314,396.76157868174016,394.5808477361319,395.352783203125,59297900,61.540050564106636,3.5192809945910994,2.147287576994256,1.3719934175968436,385.90532836914065,387.03987060546876,377.07103988647464,388.69420091497506,385.3450009971061,400.8547969266817,385.90532836914065,370.9558598115996,0.07747738866793255,3.336781636426014,0.00026861875832961957,-0.002992963572654994,4.9315187652255315
2023-04-12 04:00:00+00:00,397.42738819941474,397.7168860870642,393.15273736359126,393.7413330078125,86420400,58.75201426318113,3.4636439239136507,2.410558846378135,1.0530850775355156,386.7645690917969,387.21323059082033,377.18109970092775,389.174880161912,385.67426891909463,401.43883147275193,386.7645690917969,372.09030671084184,0.0758821440930499,3.1471262767060275,-0.004075980399724566,-0.0015169809463415618,4.90527804795749
2023-04-13 04:00:00+00:00,394.83170763787456,399.3283038460065,393.68343376221134,398.9712829589844,85814800,64.39060416719857,3.797785885454573,2.688004254193423,1.10978163126115,388.00306243896483,387.3779522705078,377.32440856933596,390.1078709044903,386.1957204500707,402.4055873212623,388.00306243896483,373.60053755666735,0.07423923301926559,3.019818021179695,0.01328270494545225,0.014401272388363973,4.9581060505173244
2023-04-14 04:00:00+00:00,398.3344063770291,400.5344547422886,395.6808378490979,397.9966735839844,78161500,62.6712942715376,3.9385517925256295,2.9381137618598645,1.000438030665765,388.8645538330078,387.44013122558596,377.5006768798828,390.85918544539453,386.6585029259105,403.492128461466,388.8645538330078,374.2369792045496,0.07523223438225642,2.169919654192925,-0.0024428058274564846,0.007991320560061022,4.950642539279707
2023-04-17 04:00:00+00:00,397.90982075343015,399.444062248447,396.67470643651706,399.4247741699219,66436400,64.18055213084287,4.117877244607314,3.1740664584093548,0.9438107861979592,390.0200622558594,387.41590270996096,377.6855628967285,391.67495580011143,387.159141013911,404.141979682303,390.0200622558594,375.8981448294158,0.07241636414682373,1.1113842432392846,0.003588222416728737,0.010571024490633851,4.794836344469009
2023-04-18 04:00:00+00:00,401.0072575989454,401.14236249332856,398.30545418576855,399.685302734375,63560000,64.46283500134638,4.232229923093769,3.3856991513462376,0.8465307717475312,391.0076705932617,387.48205322265625,377.8864749145508,392.437845984327,387.6503630421645,404.93107640056957,391.0076705932617,377.08426478595385,0.07121806989710652,0.7932854182106711,0.0006522594022730921,0.010958616494737061,4.654984341832652
2023-04-19 04:00:00+00:00,397.7651419121651,400.5248393452402,397.70724822108326,399.6178283691406,55227300,64.32145446051693,4.268209366583335,3.562201194393657,0.7060081721896778,391.7424713134766,387.595302734375,378.06803787231445,393.1216538304997,388.11967540792824,405.8534930371517,391.7424713134766,377.6314495898015,0.07204233779585927,1.338513965403067,-0.00016881873006779902,0.01492476117870889,4.523741969141529
2023-04-20 04:00:00+00:00,396.79049299637126,399.1931986267538,395.8834527009165,397.43701171875,75840400,59.759487538851815,4.073789546874934,3.6645188648899127,0.4092706819850216,392.6963088989258,387.56188720703125,378.23526596069337,393.53264029604736,388.4850611456075,405.58624884209024,392.6963088989258,379.80636895576134,0.06564838859477097,1.0500323210418712,-0.005457255646702852,-0.003845568104188901,4.467358661933142
2023-04-21 04:00:00+00:00,397.7361298114724,398.2089380268862,395.7869738207864,397.7457885742187,73457400,60.190012745004395,3.8996731461507466,3.7115497211420796,0.18812342500866697,393.6144424438477,387.62193176269534,378.39789123535155,393.9338925130161,388.8482269271217,405.12226203760974,393.6144424438477,382.1066228500856,0.05847254751280499,0.7355913459732389,0.0007769202322989166,-0.0006303696146664484,4.3212590579450465
2023-04-24 04:00:00+00:00,397.54316416601694,398.58530941572457,396.2019211683217,398.1607360839844,64332100,60.79701089616948,3.751917668913393,3.7196233106963423,0.03229435821705051,394.42884674072263,387.7587158203125,378.53524154663086,394.3364490435845,389.21342336464573,404.7408162067888,394.42884674072263,384.1168772746565,0.05228811001668304,0.7372924757947784,0.0010432480284785495,-0.003164646180408792,4.182839714334891
2023-04-25 04:00:00+00:00,396.18262700309856,396.7423052676906,391.7825298941923,391.8404235839844,97766700,48.63345565195971,3.0892134611756887,3.593541340792212,-0.5043278796165231,394.8915328979492,387.7508294677734,378.64251525878905,394.09873233314636,389.3164429810904,403.7669540954054,394.8915328979492,386.016111700493,0.04495118511315287,-0.8884115069795877,-0.015873771387309388,-0.019627639787406004,4.339651605438976
2023-04-26 04:00:00+00:00,392.4580155035605,393.53873703125976,389.6211067696234,390.1807556152344,80447000,46.02922576916111,2.4024008853991745,3.3553132497136047,-0.9529123643144302,395.31417694091795,387.6176611328125,378.7626460266113,393.7255916933452,389.3503375941941,402.23085930091764,395.31417694091795,388.39749458091825,0.034993343337815265,-0.9042935282863679,-0.0042355710867444385,-0.02361524457609765,4.309507223738789
2023-04-27 04:00:00+00:00,392.7281590569557,398.2186361671352,392.4772667803199,397.9484558105469,92968400,57.4999233089049,2.456567676249904,3.1755641350208648,-0.718996458770961,395.84778747558596,387.64349853515625,378.9378155517578,394.1277692283168,389.68751870071776,401.7780277312839,395.84778747558596,389.91754721988804,0.029962225094228544,-0.25636610756836103,0.01990795313075977,0.0012868557198160158,4.575819604321789
2023-04-28 04:00:00+00:00,397.0606918017015,401.3546599841194,397.0027981161029,401.3450012207031,89433100,61.36648591818425,2.741960463324858,3.0888434006816636,-0.3468829373568054,396.4378433227539,387.71150573730466,379.1394973754883,394.8151246561631,390.1446748779721,402.0832944619037,396.4378433227539,390.79239218360414,0.028480889169572095,0.8412953823374589,0.008535139062766595,0.009049027670126497,4.5598226231571255
2023-05-01 04:00:00+00:00,400.9010916640462,402.97569367535664,400.7080931035981,400.939697265625,62122300,60.657321944198756,2.9019794486528667,3.051470610275904,-0.14949116162303744,396.7331069946289,387.88099182128906,379.3435363769531,395.3984172856357,390.5680090892526,402.66453317640145,396.7331069946289,390.8016808128563,0.029901342122440347,0.37927619758974984,-0.00100986421618654,0.0069794957910025435,4.396092476628654
2023-05-02 04:00:00+00:00,400.2256551428924,400.2739195102237,393.5193816694739,396.4334716796875,103998500,53.284509986181824,2.634808470773521,2.968138182375428,-0.3333297116019067,396.727799987793,387.97996398925784,379.49064224243165,395.496993894593,390.798027230054,402.66009904297584,396.727799987793,390.79550093261014,0.029906142475346495,-0.8135978562235548,-0.011239160444000862,0.011721731141704606,4.612108413737401
2023-05-03 04:00:00+00:00,396.9352479486394,399.3572417840884,393.4711383189741,393.7123718261719,91531800,49.38124368433712,2.1783923776158645,2.8101890214235152,-0.6317966438076508,396.6964416503906,388.1815838623047,379.63929443359376,395.3270298880767,390.9123152534312,402.68526804480973,396.6964416503906,390.7076152559715,0.03019349691922405,-1.4777760459459979,-0.0068639508212723355,0.009051231154055372,4.703108060264321
2023-05-04 04:00:00+00:00,392.66063673727115,392.9887108063429,389.58249452022886,390.92376708984375,94901900,45.687617956872295,1.5735236375987256,2.5628559446585575,-0.9893323070598319,396.57727203369143,388.3380047607422,379.72483154296873,394.90767152634027,390.9127643450552,402.9157689774829,396.57727203369143,390.23877508989995,0.031966012128163475,-1.6388117957960615,-0.007082847621459387,-0.017652257768899116,4.662163006384227
2023-05-05 04:00:00+00:00,394.5711802912855,399.21251064978856,394.3106587025835,398.1607360839844,87891800,55.07837770174104,1.6589998022164423,2.3820847161701346,-0.7230849139536923,396.7432403564453,388.5984075927734,379.8346417236328,395.2174871984968,391.1969985308956,403.06504087668856,396.7432403564453,390.42143983620207,0.03186847248897579,0.10432480284785048,0.01851248146925122,-0.007933984793715432,4.921204474495697
2023-05-08 04:00:00+00:00,398.4887911219587,398.74931269823855,396.8580503226791,398.266845703125,50046800,55.20068601301545,1.7155269116094587,2.2487731552579997,-0.533246243648541,396.89425201416014,388.9432177734375,379.92582778930665,395.5079022941757,391.4742474396105,403.2101240383753,396.89425201416014,390.578379989945,0.031826472629237296,0.026649945492928567,0.00026649945492929206,-0.006666467752454053,4.704780038857393
2023-05-09 04:00:00+00:00,396.71335381997807,397.63968229335507,396.2887804681279,396.5203552246094,49220100,52.65929366852736,1.6009431909205318,2.119207162390506,-0.5182639714699744,396.9526306152344,389.2271435546875,380.02591079711914,395.60432638278843,391.6721340194144,403.23190937356145,396.9526306152344,390.67335185690735,0.03163742106253251,1.1943463101177296,-0.004385226883328097,0.00021916298982960214,4.5100146957245135
2023-05-10 04:00:00+00:00,399.3668972208996,400.0037572082906,394.5325683537426,398.3730163574219,96142900,55.024751785357104,1.64071588540952,2.023508906994309,-0.382793021584789,397.18421478271483,389.5763824462891,380.1329702758789,395.86801114227734,391.9349137189441,403.31249590264565,397.18421478271483,391.055933662784,0.030858633811937264,2.09960656036713,0.004672297672494219,0.01183768879202951,4.578669992783334
2023-05-11 04:00:00+00:00,397.5045721216341,397.9677215941515,395.593992205154,397.6782531738281,70157100,53.93635411060363,1.5977565073530968,1.9383584270660668,-0.34060191971296994,397.119563293457,389.9409490966797,380.25885498046875,396.04041514528217,392.16014271717484,403.198148859006,397.119563293457,391.04097772790806,0.030613377568896587,-0.06789890318041254,-0.001744001614231827,0.017278269198792495,4.450123861317945
2023-05-12 04:00:00+00:00,398.9230111667802,399.13529781612647,394.72554254638,397.15716552734375,70481500,53.088178073580345,1.504322578303288,1.8515512573135111,-0.34722867901022303,397.077587890625,390.23607360839844,380.33377182006836,396.1467723245261,392.356104396005,403.1429463328918,397.077587890625,391.0122294483582,0.030549991373159623,-1.0434503184596655,-0.0013103247218715364,-0.0025205161275092536,4.4472403904914115
2023-05-15 04:00:00+00:00,397.765190049789,398.9327522245076,395.84498035246867,398.5274963378906,54289400,55.08832982307241,1.5232902190252275,1.7858990496558544,-0.2626088306306269,397.03272399902346,390.4359466552734,380.3915733337402,396.37350794484655,392.59811976627503,403.0409776698704,397.03272399902346,391.0244703281765,0.03026578570315394,-0.601636840698335,0.0034503489537380805,0.0006544622972706193,4.350135496316236
2023-05-16 04:00:00+00:00,397.417726473918,398.34408437055214,395.8545380135922,395.86419677734375,57705500,50.575011981649965,1.30833452850419,1.6903861454255216,-0.3820516169213315,396.8416687011719,390.57717163085937,380.40785079956055,396.3250021193701,392.7262012176895,402.74242797858795,396.8416687011719,390.94090942375584,0.029738607322808246,-0.1435991012392909,-0.006682850204867141,-0.0016547913332064512,4.230337126886391
2023-05-17 04:00:00+00:00,397.8905410307854,401.2774393485742,396.2405121350705,400.6695556640625,87287000,57.36262760094915,1.5083456277088203,1.6539780418821814,-0.14563241417336115,396.89425506591795,390.9336999511719,380.4539683532715,396.7387691236265,393.0377053136257,402.91065182533345,396.89425506591795,390.87785830650245,0.030317378912004006,1.7670726997022828,0.012138907549200662,0.005764796339971401,4.314830372910967
2023-05-18 04:00:00+00:00,400.3510859057206,404.95383964691223,400.12916994583713,404.5292663574219,97177200,61.88978574972568,1.9557575057273198,1.7143339346512092,0.24142357107611057,397.2488677978516,391.35492614746096,380.5322967529297,397.4807212411308,393.4883547663236,404.12591598261406,397.2488677978516,390.3718196130891,0.03462337462601412,3.4803458916968975,0.009633151904846704,0.01722752785428061,4.351247467779833
2023-05-19 04:00:00+00:00,405.4363698547904,405.9670718257059,402.715248651571,403.9407043457031,103793300,60.82914309257878,2.2370552268214965,1.8188781930852667,0.41817703373622983,397.5586135864258,391.90587951660154,380.57723556518556,398.09595772728056,393.8982508282601,405.02967583662956,397.5586135864258,390.087551336222,0.03758470824116418,1.4516670625452068,-0.001454930608651539,0.01708023776771661,4.272717161090908
2023-05-22 04:00:00+00:00,403.960032617736,405.6486673214078,402.7152593623141,404.1047668457031,60745400,61.029630185472875,2.445039279225,1.9441104103132134,0.5009288689117866,397.8558151245117,392.56873596191406,380.62432861328125,398.6682252623684,394.2985063583559,405.8534004055719,397.8558151245117,389.8582298434515,0.0402034354006227,1.4658315663387689,0.0004061549089631189,0.013994694366292526,4.177052218091108
2023-05-23 04:00:00+00:00,402.45466229795704,404.0371682026997,399.1738925667831,399.5695190429687,86383500,52.96009561353641,2.2183399026366715,1.9989563087779052,0.21938359385876627,398.2422698974609,393.1514624023437,380.6520806884766,398.75406276528275,394.5052127381446,405.7731629592793,398.2422698974609,390.7113768356425,0.037820661597561964,0.7689804011781731,-0.011222950518834374,0.009360084331417884,4.23089665100746
2023-05-24 04:00:00+00:00,397.9580918408348,398.3440595499911,395.50715124414705,396.6747131347656,89213700,48.54765272713351,1.7845215163060857,1.9560693502835413,-0.17154783397745565,398.5669677734375,393.5538262939453,380.6676461791992,398.5560294671383,394.59029118507095,405.18410309034266,398.5669677734375,391.94983245653236,0.0332046348641045,-0.42630980335588936,-0.00724481165414359,-0.009970416950386696,4.21885887585133
2023-05-25 04:00:00+00:00,400.196795377138,401.56701487984543,397.9485116778364,400.1099548339844,90961600,53.498915235264654,1.6983352635197662,1.9045225329307864,-0.20618726941102028,398.6750427246094,394.0719970703125,380.70820220947263,398.70402235921887,394.8067485830676,405.3187923756803,398.6750427246094,392.0312930735385,0.03332914749649959,0.6114746382909038,0.008660097519378906,-0.010924577999587348,4.266961937939079
2023-05-26 04:00:00+00:00,400.76602216064424,406.0152654358038,400.6888403981192,405.29156494140625,93830000,59.78513414110886,2.0248039884128843,1.9285788240272062,0.09622516438567819,398.8723709106445,394.56249145507815,380.73349853515623,399.33140736704627,395.2179178520221,406.03572161747076,398.8723709106445,391.7090202038183,0.035918009013619905,2.048156276687511,0.01295046535288491,0.00334420517954781,4.383986842501963
2023-05-30 04:00:00+00:00,407.2311484286882,407.7618504195425,404.056506905659,405.4460144042969,72216000,59.95888976958796,2.26983039397669,1.996829138017103,0.27300125595958713,399.0976867675781,395.14511962890623,380.7595671081543,399.91375089440345,395.6190196776015,406.7722104995221,399.0976867675781,391.42316303563416,0.03845937466640023,1.736020257066629,0.0003810823521899209,0.00331905898824969,4.335512319029217
2023-05-31 04:00:00+00:00,403.6126074392259,404.5196477889496,401.6248456806696,403.19769287109375,110811800,56.15525046238626,2.2565823513112946,2.0487797806759414,0.20780257063535323,399.43589782714844,395.61041076660155,380.7405163574219,400.22650727313584,395.9162225479345,407.206558624775,399.43589782714844,391.66523702952185,0.03890817445250882,1.8525282542474457,-0.005545304315067612,0.009080206710499583,4.298773490786223
2023-06-01 04:00:00+00:00,403.4292584266687,408.0899062054044,402.1748559873019,407.0284729003906,88865000,60.72672533698761,2.5260760825992747,2.144239041060608,0.3818370415386667,400.10170288085936,396.0525439453125,380.7322337341309,400.87431352335057,396.3519970715603,408.07589080348635,400.10170288085936,392.1275149582324,0.03986080471645232,1.5870727252508543,0.009500996898118785,0.02610138590333433,4.414221828451673
2023-06-02 04:00:00+00:00,409.6145242472178,413.7058353960195,409.0838222727568,412.91461181640625,91426200,66.50555060139166,3.177980246195375,2.3509872820875617,0.8269929641078133,401.2012451171875,396.74363098144534,380.74937927246094,402.0210085988797,397.00151137527973,409.84641292983326,401.2012451171875,392.55607730454176,0.043096415666011065,2.072864970806711,0.014461246099252811,0.03200284528720321,4.5758747332500445
2023-06-05 04:00:00+00:00,413.26193659754,414.5549446371605,411.41890910486813,412.1233215332031,65460200,65.11836070912067,3.589392200823511,2.5986682658347515,0.9907239349887593,401.8993743896484,397.39843505859375,380.77710067749024,402.9831336402438,397.5945235383356,411.6358419316162,401.8993743896484,392.16290684768063,0.04845226523059033,2.02569760845322,-0.0019163533102455332,0.016856399645979625,4.47302907603878
2023-06-06 04:00:00+00:00,411.70842525853584,413.5514233855983,411.0522477225799,413.0207214355469,64022200,65.98489296341532,3.9424062064790064,2.8674158539636028,1.0749903525154036,402.6370681762695,398.021396484375,380.80340057373047,403.93909438265365,398.1994724754811,413.3478034823019,402.6370681762695,391.9263328702371,0.05320292716488477,2.2063472944005325,0.0021775033235322816,0.018682405948370562,4.332039546537323
2023-06-07 04:00:00+00:00,413.416299093552,414.5549140739441,411.16798652558714,411.5925598144531,85373300,63.29025326818064,4.060129002315762,3.105958483634035,0.9541705186817269,403.3906784057617,398.601513671875,380.8499571228027,404.66799585234884,398.7246915868134,414.3909269444819,403.3906784057617,392.3904298670415,0.05453893273981554,3.0089984842391106,-0.0034578449626688768,0.020820721675218756,4.264531546667295
2023-06-08 04:00:00+00:00,411.6601594331947,414.5356735014173,410.888223972674,414.0821533203125,61952800,65.90417823221892,4.304692737386745,3.345705334384577,0.9589874030021677,404.17613525390624,399.24859924316405,380.95084426879885,405.5645822778692,399.3269449881271,415.85362808224255,404.17613525390624,392.4986424255699,0.0577841777867485,4.388341280436723,0.006048684424669215,0.017329697771900188,4.220454259672726
2023-06-09 04:00:00+00:00,414.8830279634413,416.84184286960624,413.8312534027369,414.82513427734375,85742800,66.66699480846603,4.5065153100130715,3.5778673295102763,0.9286479805027952,405.03347930908205,399.79957702636716,381.06021133422854,406.4465396111525,399.934717117116,417.1849987685971,405.03347930908205,392.881959849567,0.06000254339588648,3.6777838855484286,0.0017942839387634635,0.004626918995511264,4.134035345901057
2023-06-12 04:00:00+00:00,415.8093632644941,418.6655595975771,415.08566278011017,418.5883483886719,76104300,70.29236952861467,4.913481524683675,3.8449901685449563,1.0684913561387188,406.10503845214845,400.3804663085937,381.1821047973633,407.60290235186864,400.6662320689417,419.0435893981351,406.10503845214845,393.1664875061618,0.06372021876557545,3.280794518678908,0.009071808336502896,0.01568711722359506,4.113063201210506
2023-06-13 04:00:00+00:00,420.0550754712533,421.9945727847897,419.389268656212,421.34808349609375,95899700,72.64228084274198,5.396485416260532,4.155289218088072,1.2411961981724602,407.2460678100586,400.9067395019531,381.28997055053713,408.9119672227472,401.47728506608496,421.28830994381747,407.2460678100586,393.20382567629974,0.06896195319586598,3.9221175019221857,0.006592957300520341,0.020162092670806597,4.062574715132457
2023-06-14 04:00:00+00:00,421.6858617262852,423.6639648582249,418.38577413752927,421.8498840332031,100612100,73.05956932719927,5.753438531809422,4.4749190808323425,1.2785194509770799,408.54535217285155,401.4129449462891,381.46800537109374,410.1441497761239,402.27621051577586,422.9389930165129,408.54535217285155,394.1517113291902,0.07046287892939496,4.626065945291176,0.0011909405946401996,0.024921063255793685,4.149404429815542
2023-06-15 04:00:00+00:00,421.0296483104209,428.33420591477267,420.9331784663069,427.0798034667969,110303100,76.99759326534334,6.3847379528617125,4.856882855238217,1.5278550976234957,409.8658645629883,402.0677502441406,381.6849592590332,411.75706917523564,403.24890043542376,425.881526512163,409.8658645629883,393.85020261381356,0.0781507480075274,4.9262722146991615,0.012397584144368645,0.03138906142721409,4.381663216861986
2023-06-16 04:00:00+00:00,429.0730147226843,429.64443703691825,425.1505269907243,425.6250915527344,114165800,73.76756768394091,6.690539820053118,5.223614248201198,1.4669255718519203,410.92065582275393,402.71410888671875,381.9156999206543,413.0778332111879,404.1263981262987,428.12605846973844,410.92065582275393,393.7152531757694,0.0837407533701877,3.0782344273104996,-0.0034061828778929604,0.026034963609919526,4.389680847528554
2023-06-20 04:00:00+00:00,423.67838900347647,424.56940938616935,421.3345614533151,423.4168701171875,76160400,69.0334535828321,6.677728292993606,5.51443705715968,1.1632912358339267,411.89446411132815,403.2856188964844,382.1498370361328,414.0625033927117,404.8828872239806,429.6066011853053,411.89446411132815,394.182327037351,0.08600327810761668,2.740332321395818,-0.005188184341978097,0.011535251153317327,4.382598651235036
2023-06-21 04:00:00+00:00,422.4289996662733,423.2328569537705,420.6565943972341,421.2474060058594,76982300,64.64413675781017,6.41852863991511,5.695255373710766,0.7232732662043437,412.75159606933596,403.805634765625,382.36721817016604,414.7467798320591,405.5246330585641,430.53194271027843,412.75159606933596,394.9712494283935,0.08615519266438229,1.9918333738120446,-0.005123707307003844,-0.00023894137454949504,4.266718441857779
2023-06-22 04:00:00+00:00,420.2885397836048,422.874467164617,419.9495524578209,422.7679443359375,70637200,66.26322485946082,6.263602868080227,5.808924872584658,0.45467799549556887,413.91151733398436,404.35393798828125,382.612119140625,415.5107002609999,406.2008413439513,431.11823325786384,413.91151733398436,396.7048014101049,0.08314200114414988,2.715157078282043,0.0036096087676726896,0.002176272502334209,4.1708753179248
2023-06-23 04:00:00+00:00,419.3006239174076,421.3635726421897,418.85511377171673,419.5718078613281,92074500,60.03939165405984,5.815879734131556,5.8103158448940375,0.0055638892375187154,415.0563720703125,404.87054748535155,382.8480911254883,415.8974724134121,406.72519297208373,430.47761058692504,415.0563720703125,399.6351335536999,0.07430912788877811,1.325740435079585,-0.007560025582426078,-0.01757984232577381,4.152443549803083
2023-06-26 04:00:00+00:00,419.0004190637523,420.927761192056,417.6154448665978,417.8575744628906,72823600,56.949760743635565,5.262073705844784,5.700667417084187,-0.4385937112394025,415.9437530517578,405.2482733154297,383.0420433044434,416.08414879907673,407.1617569521154,429.7840957747427,415.9437530517578,402.10341032877295,0.06654910728404498,0.7310165018881056,-0.0040856734564111985,-0.01824966911961623,4.0924344623498765
2023-06-27 04:00:00+00:00,418.7388519947337,423.05843491468534,418.28364725594565,422.4385986328125,72813700,62.50297516690441,5.133651267541552,5.58726418717566,-0.4536129196341081,416.8011047363281,405.73711181640624,383.2465121459961,416.68933449752774,407.760848782731,430.0055608236578,416.8011047363281,403.59664864899844,0.06336094572341848,0.9198178255467235,0.010963123441785738,-0.002310421604373558,4.1716077473102215
2023-06-28 04:00:00+00:00,421.35392323417744,423.6686964256791,420.73408682017543,422.6517639160156,75636000,62.7438026102319,4.991536886704353,5.468118727081399,-0.47658184037704654,417.66139221191406,406.20165161132815,383.42240982055665,417.2571849183361,408.34480623893825,430.00868785416975,417.66139221191406,405.3140965696584,0.05912586546180398,0.30940698937199773,0.0005046065484854978,0.0033338078529003834,4.083250737181183
2023-06-29 04:00:00+00:00,422.23528771625286,424.4822575741423,421.8285265262779,424.3175964355469,67882300,64.65429518745898,4.956197024225219,5.365734386510163,-0.40953736228494453,418.7173873901367,406.69429748535157,383.58581481933595,417.92960506283237,408.97119016821705,429.4419618628397,418.7173873901367,407.9928129174337,0.051225837740100685,0.5849740620408753,0.003941383100112272,0.0036654910107800642,3.981142187944268
2023-06-30 04:00:00+00:00,427.5427284266672,430.3126766273395,427.2231008300768,429.3247985839844,104964000,69.68623244445865,5.271463149232545,5.34688013905464,-0.0754169898220951,419.8322036743164,407.28843688964844,383.8594018554688,419.01486158865634,409.769370890404,430.09000686447416,419.8322036743164,409.5744004841587,0.04886620464263006,0.5256617379149927,0.011800599811321089,0.023245104985413434,4.124994902504865
2023-07-03 04:00:00+00:00,428.97621080462665,430.0996662121284,428.69533217433224,429.8188171386719,32793400,70.13793364671821,5.4978017569571875,5.3770644626351505,0.12073729432203706,420.6774139404297,407.9360729980469,384.1283122253418,420.04380973627684,410.55562368445374,431.2953647308127,420.6774139404297,410.05946315004667,0.05048025132096387,0.9853097641960573,0.0011506872100490728,0.028625166580158456,3.9306619835971004
2023-07-05 04:00:00+00:00,427.99794136005,429.9156183055728,427.98824671850423,429.1795349121094,58418400,68.7111034038847,5.561482690725541,5.413948108253229,0.14753458247231155,421.530224609375,408.5647479248047,384.41537246704104,420.91387880064184,411.28597314436183,432.00182657181904,421.530224609375,411.058622646931,0.04968375386200543,1.3609908347125999,-0.0014873295469431946,0.015957197806055978,3.7875698124164927
2023-07-06 04:00:00+00:00,425.5863821733005,426.2449676130774,423.30066330541297,425.8188171386719,80658300,61.614854175783464,5.279904993765797,5.387139485355743,-0.10723449158994569,422.1701293945313,409.11790954589844,384.69980987548826,421.3810157852161,411.8558885951191,432.0297749990641,422.1701293945313,412.31048378999844,0.04670934733669269,1.0852081384090264,-0.007830563901714771,0.007493292334361579,3.9369485120079153
2023-07-07 04:00:00+00:00,424.82121139924607,428.7049794666193,424.5015837898049,424.74371337890625,86134200,59.497922882352555,4.913362566664887,5.2923841016175714,-0.37902153495268465,422.8276870727539,409.7759753417969,384.96456680297854,421.7012726989009,412.36129348860095,431.4550130957386,422.8276870727539,414.20036104976924,0.040807763004886734,0.46734126119050673,-0.0025247915697804713,0.0010042405663563958,3.9559804523512363
2023-07-10 04:00:00+00:00,424.3853992195954,425.9931433627005,423.8139768918328,425.8188171386719,62443500,60.94304453364697,4.655955978499719,5.165098476994001,-0.5091424984942821,423.4145202636719,410.4887365722656,385.25603713989256,422.09341978840285,412.88903951409395,431.1311102632923,423.4145202636719,415.6979302640514,0.03644934044687518,1.4889011035289665,0.002531182277456301,-0.008166268188737447,3.829065167959555
2023-07-11 04:00:00+00:00,426.5839377782571,429.02459348677553,425.60572474369303,428.5306396484375,64463800,64.3940471463104,4.617552544351668,5.055589290465535,-0.438036746113867,424.09979553222655,411.10038024902343,385.5931221008301,422.7064883465014,413.5024355977937,431.03858344041885,424.09979553222655,417.16100762403426,0.03272242986811358,2.5542351839058828,0.006368489133448785,-0.002997024417892735,3.7997654233254794
2023-07-12 04:00:00+00:00,432.3368922188444,433.39257360460454,430.9034745139641,431.978515625,91924500,68.23682963541775,4.809886939723754,5.006448820317178,-0.19656188059342483,424.769303894043,411.7130505371094,385.9626124572754,423.58953856350126,414.22698775572337,432.0283291719655,424.769303894043,417.5102786161205,0.03417867162893308,2.25829671414086,0.008045809698441042,0.006521701258341173,3.8756346042427334
2023-07-13 04:00:00+00:00,433.79939089874614,436.20132720138423,433.36357534737226,435.4071350097656,72425200,71.52761367611785,5.17927085351829,5.041013226957401,0.1382576265608888,425.4722564697266,412.4023992919922,386.37924392700194,424.715023939336,415.0575817656858,433.89891767437524,425.4722564697266,417.0455952650779,0.03961086099745846,3.017938686820339,0.007937013672554949,0.022517365332803463,3.9004329593956975
2023-07-14 04:00:00+00:00,436.29812854245495,437.15039980722537,434.3707570527926,435.1358947753906,69815800,70.90178961881294,5.388013777498088,5.1104133370655385,0.2776004404325496,426.1365570068359,413.17644775390625,386.81193435668945,425.70748782848403,415.84496658959586,435.3721567648524,426.1365570068359,416.90095724881945,0.04334572852837082,2.5495757024271866,-0.000622957716044148,0.024466945758450098,3.820376516184059
2023-07-17 04:00:00+00:00,434.99063152335657,437.70247095755104,434.9421878739544,436.6467895507813,52680200,72.35287601161566,5.610684155547631,5.210467500761957,0.40021665478567403,426.61490631103516,414.03513610839843,387.25662872314456,426.74932608775043,416.6607243527796,436.92490560840054,426.61490631103516,416.3049070136698,0.04833398526327439,1.7054665816991248,0.0034722365898371965,0.02542859069702219,3.7446555567135276
2023-07-18 04:00:00+00:00,436.3175222997564,440.5402481729128,435.881677213904,439.891357421875,80668200,75.21166248309989,5.980027510909679,5.364379502791501,0.6156480081181774,427.3282196044922,415.01448791503907,387.68333786010743,428.00094811957183,417.5717295711755,439.1315117834452,427.3282196044922,415.52492742553915,0.055242278124657464,2.3434386493957136,0.007430646345600422,0.02651086462045682,3.809935228306046
2023-07-19 04:00:00+00:00,440.6855775235812,442.0608571337114,439.8138872965887,440.8695983886719,65891700,76.01687621629551,6.279286940400368,5.547360990313275,0.7319259500870929,428.2008560180664,415.8686651611328,388.15196884155273,429.2265338594861,418.48537148558717,441.2348801830549,428.2008560180664,415.16683185307795,0.06087808551432948,2.7238166141720805,0.002223824019935705,0.020582233703933195,3.6982948432215226
2023-07-20 04:00:00+00:00,439.87198216766114,440.7726971193373,437.2279164909502,437.9446105957031,70591600,68.8185400800373,6.208858271298425,5.679660446510305,0.5291978247881195,429.0357162475586,416.6622204589844,388.632815246582,430.05682688198294,419.2484789016702,442.31788010597177,429.0357162475586,415.7535523891454,0.06191635500457599,2.847641524747924,-0.006634587196892805,0.005827822701804264,3.6942510614001063
2023-07-21 04:00:00+00:00,439.66857203779847,439.87198216766114,437.9349455110671,437.9446105957031,71275600,68.81854008003731,6.082922894978708,5.760312936203986,0.32260995877472176,429.7945495605469,417.49070556640623,389.0685453796387,430.8080443785277,419.9816605367303,443.29007665392817,429.7945495605469,416.2990224671656,0.0627998987291955,3.1079676522535347,0.0,0.006454801486239781,3.5687357467711016
2023-07-24 04:00:00+00:00,439.09717520084894,440.7146139077843,438.0608534359134,439.9010620117187,54023400,70.95231225527655,6.071004717145627,5.822451292392315,0.24855342475331188,430.8110122680664,418.3212664794922,389.4597074890137,431.67404605787925,420.7628135357495,444.13482159574806,430.8110122680664,417.48720294038475,0.06185454386384671,3.307097832752845,0.004467348995011777,0.0074528716088473335,3.5116834300075372
2023-07-25 04:00:00+00:00,439.6299133591932,442.36111295935297,439.58146970198135,441.10205078125,55191200,72.20950660890414,6.088287246416826,5.875618483197218,0.21266876321960826,431.9732360839844,419.18974243164064,389.86108459472655,432.57195126962887,421.5604306826319,444.61220846106926,431.9732360839844,419.3342637068995,0.05851738636246256,2.933608468025989,0.0027301338260905528,0.002752255389764091,3.459394846247829
2023-07-26 04:00:00+00:00,440.1625324522216,442.60318803571505,439.10685100534744,441.1697998046875,71052900,72.2823844498163,6.037849979237819,5.908064782405338,0.12978519683248102,432.9097961425781,420.0699951171875,390.28141143798825,433.3907939872535,422.3294255501635,445.3584321467365,432.9097961425781,420.4611601384197,0.057511454418825235,2.127717895041438,0.00015359036149908967,0.0006809301823325065,3.4620335736849563
2023-07-27 04:00:00+00:00,444.5693278546494,444.97611860827,437.3344938577742,438.2449035644531,92194400,64.42713198921481,5.696201138446554,5.865692053613581,-0.1694909151670272,433.689453125,420.8643432617188,390.7369189453125,433.853090137463,422.95356194288075,445.4020236170575,433.689453125,421.9768826329425,0.05401362845077845,0.6517505861781187,-0.0066298650576926965,0.0006856870971456708,3.7605758006000163
2023-07-28 04:00:00+00:00,441.5281635177411,443.3683425271831,438.2448720243851,442.5354309082031,80011800,69.63936088531617,5.705877861676186,5.833729215226103,-0.12785135354991706,434.6003448486328,421.79776794433593,391.2271318054199,434.67997973467635,423.7214783728934,446.08726513343214,434.6003448486328,423.11342456383346,0.052861993419725084,1.700511546314056,0.009790250403035161,0.010482650548560235,3.8579254221855868
2023-07-31 04:00:00+00:00,443.0100405246931,443.7364293831208,441.69284002518833,443.3780822753906,62040400,70.5519658880748,5.7156551429374645,5.810114400768375,-0.09445925783091091,435.3030090332031,422.6519384765625,391.7324664306641,435.5083704528396,424.49232558475603,447.12746872456955,435.3030090332031,423.4785493418367,0.0543274888801171,1.541587591090368,0.0019041444104443972,0.007904096088723112,3.728329989024651
2023-08-01 04:00:00+00:00,441.9059038088372,442.8550625330218,441.1504605979434,442.10931396484375,55291500,67.27303665251387,5.556967448008038,5.759485010216308,-0.20251756220827044,435.9175338745117,423.4035394287109,392.2371025085449,436.13703173969714,425.18318787417127,447.8153138812059,435.9175338745117,424.01975386781754,0.05458729728508333,0.5042055283758696,-0.0028615945651522257,0.002283515077315501,3.6211365381976934
2023-08-02 04:00:00+00:00,438.9809399885829,439.2424293013425,435.2037243534402,435.9591674804687,93933400,54.13844629109325,4.878702241568931,5.583328456486833,-0.7046262149179023,436.2565155029297,424.0439086914063,392.66596740722656,436.1200922864373,425.6057753097123,447.74641348237367,436.2565155029297,424.7666175234857,0.05267496333526654,-1.1138057435010822,-0.013910918160082275,-0.011810945188282629,3.8557403291409704
2023-08-03 04:00:00+00:00,433.9350054287447,436.5984311098676,433.286085075972,434.7098083496094,64276100,51.92074556053512,4.192036154956156,5.305069996180698,-1.1130338412245422,436.70106506347656,424.65600952148435,393.12848709106447,435.98577953054894,425.9627962132377,447.1851773056208,436.70106506347656,426.2169528213323,0.04801505231328133,-0.7386327329599265,-0.0028657709805248732,-0.008066483343197262,3.8169264509091585
2023-08-04 04:00:00+00:00,436.53059316769526,438.6419560832141,432.2206746748888,432.7436828613281,100128900,48.55022471425812,3.4494354936735476,4.933943095679268,-1.4845076020057206,437.10106353759767,425.3194927978516,393.53720779418944,435.6770084191946,426.22871333669224,446.25601505607966,437.10106353759767,427.9461120191157,0.04188940399452733,-1.1875766041053841,-0.004522845931969499,-0.022126472510414996,4.00295180501031
2023-08-07 04:00:00+00:00,434.5839285729898,436.6759320832471,433.8865940695707,436.5209655761719,58357500,54.642235710335655,3.1296377506199633,4.573082026667407,-1.443444276047444,437.6361709594727,426.11641784667967,393.9441941833496,435.7573852912877,426.6323310715738,445.2043453405057,437.6361709594727,430.06799657843965,0.03458660359101754,-0.7683765117749988,0.008728683662966752,-0.015465619464156699,3.997901620503788
2023-08-08 04:00:00+00:00,433.9736993143693,436.5112422778829,431.2521650523819,434.62261962890625,71361300,51.351372692067635,2.69198357151555,4.196862335637036,-1.5048787641214858,437.9407699584961,426.8066711425781,394.35427154541014,435.6493123710609,426.94567572088096,444.4323259733543,437.9407699584961,431.4492139436379,0.029645817243612184,-1.4689188456203777,-0.004348808183267772,-0.0169340344106228,4.08868011359566
2023-08-09 04:00:00+00:00,434.89377992203646,435.0584410413958,430.9519032671321,431.717041015625,78789600,46.71401597818984,2.086630196268686,3.774815907763366,-1.6881857114946799,437.92769622802734,427.3351806640625,394.7646047973633,435.27481033720983,427.13278808538075,444.4680999501026,437.92769622802734,431.3872925059521,0.029869787996554136,-2.1426577234541844,-0.006685290829460566,-0.009730559146995721,4.089955660786234
2023-08-10 04:00:00+00:00,434.0802298731548,437.47973864760297,430.7001103815545,431.87200927734375,93005500,46.98898223633598,1.6009333653574913,3.3400393992821913,-1.7391060339247,437.7509399414063,427.86370056152344,395.1332279968262,434.95073404579404,427.3186398968303,444.7305912812822,437.7509399414063,430.77128860153033,0.031888686936047156,-1.454185601538229,0.0003589579446625635,-0.006528030924904615,4.282075132590679
2023-08-11 04:00:00+00:00,429.9931049607352,432.6371707700478,429.3926282961702,431.6202087402344,68690900,46.56849080441707,1.1820707528187882,2.908445669989511,-1.7263749171707228,437.5751556396484,428.43215087890627,395.47867980957034,434.63354115955025,427.48732887108144,444.9738996622106,437.5751556396484,430.1764116170862,0.033817020583568995,-2.466519380282782,-0.0005830443550409736,-0.002596165271934847,4.207965656968318
2023-08-14 04:00:00+00:00,430.7001249960908,434.0027465820313,430.3901920283433,434.0027465820313,47867400,51.03355329177209,1.0304911462971518,2.5328547652510394,-1.5023636189538876,437.4429534912109,428.97163635253906,395.80709884643557,434.57346548550083,427.74283544798146,444.99620127313835,437.4429534912109,429.8897057092835,0.034533635627893126,-2.114523939759412,0.005519986769736418,-0.005768838595911929,4.165436292448297
2023-08-15 04:00:00+00:00,432.22064953392635,432.579026131367,428.37563071458953,428.9470825195313,75707500,42.85059969162109,0.49668786957738575,2.125621386116309,-1.6289335165389232,436.89573974609374,429.29228576660154,396.1241143798828,434.0376194887418,427.7900608233364,445.20782786375486,436.89573974609374,428.5836516284326,0.03805067141415373,-2.977144120143801,-0.01164892181516286,-0.01305854056611433,4.269841976376402
2023-08-16 04:00:00+00:00,428.5306685820661,430.19652151183254,425.6929165942221,425.7994689941406,80107200,38.69099502005104,-0.1782860087336644,1.6648399071463142,-1.8431259158799786,436.14223327636716,429.5658087158203,396.43515182495116,433.25303372735124,427.71199839866205,445.538341795003,436.14223327636716,426.7461247577313,0.0430873591307627,-2.330424325067836,-0.007337999612684998,-0.013707061476107452,4.286539329321692
2023-08-17 04:00:00+00:00,427.2715810031936,427.5330703308015,422.0318929109953,422.5549011230469,95711300,34.92725394440491,-0.9639058745206626,1.1390907508129189,-2.1029966253335814,435.37274780273435,429.7564923095703,396.68671585083007,432.2341639555127,427.5097592898144,446.4267891418165,435.37274780273435,424.3187064636522,0.05077966590637739,-2.7960968427901407,-0.007619943441353638,-0.021573771752161686,4.373299192927728
2023-08-18 04:00:00+00:00,419.7267727251213,423.79456142513646,419.3781203229198,422.75823974609375,98852000,35.351692373791636,-1.5522145871930775,0.6008296832117196,-2.153044270404797,434.6134292602539,429.9798059082031,396.95274047851564,431.3316949831871,427.3234251900606,446.8767011885512,434.6134292602539,422.3501573319566,0.056433009671009636,-2.30747287845082,0.00048121231704190137,-0.020531867634293488,4.376380757876937
2023-08-21 04:00:00+00:00,423.77519396809026,426.2545985897725,421.6154169550539,425.50885009765625,68719000,40.961462121598544,-1.776029253268291,0.12545789591571746,-1.9014871491840086,433.8938186645508,430.20833984375,397.24060348510744,430.7771383274223,427.25226538251536,446.5153614019623,433.8938186645508,421.2722759271393,0.05817802510419907,-2.5227002473937388,0.0065063435622556565,-0.019571066200083642,4.395152249079915
2023-08-22 04:00:00+00:00,427.29093275792906,427.29093275792906,423.7945955855288,424.3563232421875,64994200,39.41802342982729,-2.023082438768938,-0.3042501710212137,-1.7188322677477244,433.05653228759763,430.3989636230469,397.5688732910156,430.16563212882846,427.1386990240711,445.87449581153015,433.05653228759763,420.2385687636651,0.05919764542620947,-2.3621173687380606,-0.002708584921804147,-0.01070239072469914,4.330951172174227
2023-08-23 04:00:00+00:00,425.42170429201707,429.7025685957629,425.2764324443773,429.0827026367187,68441000,48.06110903701363,-1.8165544422183189,-0.6067110252606348,-1.2098434169576842,432.4521774291992,430.6088507080078,397.93924224853515,430.06249598672275,427.21493445986124,444.8147197316327,432.4521774291992,420.0896351267657,0.0571741475597379,-0.6102002303890902,0.0111377612060084,0.007710750908952457,4.403472185131453
2023-08-24 04:00:00+00:00,430.69047958543786,431.2037931908301,423.10696343469795,423.1360473632813,88517300,40.275461066592456,-2.1084203420358563,-0.9070528886156791,-1.2013674534201773,431.6967346191406,430.64460998535156,398.25432952880857,429.4028342130617,427.0549781031326,444.39305682235346,431.6967346191406,419.00041241592777,0.05882056168163526,-2.0228127145078068,-0.013858995566344512,0.001375315346455297,4.66728344020293
2023-08-25 04:00:00+00:00,424.8696216104319,427.4071349519244,421.30548118508113,426.1190185546875,102325100,45.0814321913751,-2.0751048084811714,-1.1406632725887778,-0.9344415358923936,430.8759140014648,430.72999267578126,398.56710800170896,429.0900898646451,427.0182738071152,442.75986651702203,430.8759140014648,418.9919614859076,0.05516183258049003,-1.2745441650202487,0.007049673999637296,0.007949647085795819,4.769738463534381
2023-08-28 04:00:00+00:00,428.3175795291272,429.44106445082383,426.1190533411667,428.82122802734375,61595400,49.07886406479367,-1.8097941070685124,-1.2744894394847248,-0.5353046675837876,430.1480712890625,430.7648211669922,398.88358978271486,429.0644839753783,427.08897789418296,440.57365577706963,430.1480712890625,419.72248680105537,0.048474398393854784,-1.1938907289168947,0.006341443012380932,0.007784510072886386,4.666331851577377
2023-08-29 04:00:00+00:00,428.71462023709375,435.300562421232,428.5305993952666,435.0196838378906,83081900,56.8395031124394,-1.086841451763462,-1.2369598419404724,0.15011839017701045,429.79358978271483,430.9527130126953,399.26871658325194,429.6316458670462,427.3999859704068,438.97631486074044,429.79358978271483,420.6108647046892,0.042730861028746396,1.4156994104471647,0.014454638449362456,0.02512831790565162,4.816591221176518
2023-08-30 04:00:00+00:00,435.35871532032854,437.4507186105633,434.65168624806546,436.8114929199219,69053900,58.7945061323939,-0.36510355913441117,-1.0625885853792603,0.6974850262448491,429.8362060546875,431.22060546875,399.5644364929199,430.31544082446294,427.7690646743094,439.1401030065722,429.8362060546875,420.53230910280286,0.04329042933484735,2.586199544070541,0.004118914956268815,0.01801235574333271,4.672479874128039
2023-08-31 04:00:00+00:00,437.4313338384164,438.5741784682446,435.988250866122,436.1722717285156,66084600,57.78885078150058,0.1535293222050882,-0.8193650038623906,0.9728943260674788,429.9093292236328,431.51910278320315,399.83868362426756,430.87323424389655,428.09860220584693,439.386663040627,429.9093292236328,420.43199540663863,0.04408991930512032,3.2226275376944233,-0.001463379974581902,0.03080858850591417,4.523440426127654
2023-09-01 04:00:00+00:00,438.9034863550366,439.3877455440275,435.523337117232,436.9858093261719,58944100,58.755762554758135,0.623013589481161,-0.5308892851936803,1.1539028746748414,430.121435546875,431.8034600830078,400.1332174682617,431.4553842517323,428.4471201321342,440.0233798978055,430.121435546875,420.21949119594444,0.04604255232404669,3.365415086557065,0.0018651749558316055,0.02550177367896511,4.476366711889641
2023-09-05 04:00:00+00:00,436.5402497697778,436.8598477933536,435.0293636355741,435.0971374511719,55166200,55.573118930648135,0.8330799901734736,-0.2580954301202495,1.0911754202937232,430.050244140625,432.1139666748047,400.40218475341794,431.80221788977417,428.70790512503766,439.78620603622323,430.050244140625,420.3142822450268,0.04527825307972431,2.253369665828353,-0.004322043953583599,0.01463525826997536,4.296372353225936
2023-09-06 04:00:00+00:00,434.2836346985003,434.39018708961373,429.838138891174,432.1722717285156,70758500,50.96869637059784,0.7548455172256467,-0.05550724065107023,0.810352757876717,429.92772674560547,432.4002606201172,400.67107192993166,431.83746111251145,428.84376263889953,439.4905813758819,429.92772674560547,420.36487211532904,0.044485870695820065,1.84183622541838,-0.00672232812146345,-0.006545478779843128,4.3651313679953585
2023-09-07 04:00:00+00:00,429.1601255075583,431.52331250087747,428.81147311026496,430.8453674316406,70355400,48.98580465211036,0.5790985587012756,0.07141391921939894,0.5076846394818766,429.88414306640624,432.5683959960937,400.9391137695313,431.7429760000476,428.92225694449724,439.4218930267367,429.88414306640624,420.34639310607577,0.044373583506927036,0.410798380846008,-0.00307031335344099,-0.013658352824922115,4.2933933144421665
2023-09-08 04:00:00+00:00,430.8938470281792,433.0342644996156,430.53549993531846,431.4943237304687,61659700,50.01013022116328,0.4865742525422547,0.1544459858839701,0.33212826665828465,429.8652587890625,432.7452471923828,401.20183654785154,431.71929483151627,429.023122308653,439.38867528639827,429.8652587890625,420.3418422917268,0.04430884470246963,1.975316548724914,0.0015062394721720995,-0.010725000879832636,4.165205546574663
2023-09-11 04:00:00+00:00,434.12865163508343,434.64196517344953,432.41438481227607,434.3320617675781,60180100,54.32862675835565,0.634910958625369,0.25053898043224987,0.3843719781931191,430.0008514404297,432.94553649902343,401.4856376647949,431.96812977780786,429.2313160129246,439.69602633399705,430.0008514404297,420.30567654686234,0.04509374742440704,1.9274059254026408,0.006576536193050764,-0.00607284607865366,4.092522396317961
2023-09-12 04:00:00+00:00,432.8793228968955,434.4095690069945,431.3684365148808,431.9495239257813,67565400,50.39250346426736,0.5538337243463047,0.31119792921506084,0.2426357951312439,429.8981903076172,432.9980310058594,401.7321209716797,431.9663577919006,429.3379124016641,439.4643123500258,429.8981903076172,420.3320682652086,0.04450412799162281,0.7295105032062641,-0.005485521451261799,-0.007234277715154613,4.01742311744623
2023-09-13 04:00:00+00:00,432.1722769087326,433.6153598507793,431.06815175751416,432.4531555175781,60199300,51.197401292080414,0.5241759187798607,0.3537935271280208,0.17038239165183988,430.07349395751953,433.0507177734375,401.9690655517578,432.01271948006035,429.4600787983666,439.69183132379493,430.07349395751953,420.45515659124413,0.04472880798938727,-0.5899798137108924,0.0011659501027332375,0.0006499347770254627,3.912407758576154
2023-09-14 04:00:00+00:00,434.9325783074241,436.8792802524202,433.6250725159966,436.1819458007813,83430800,56.78776257023094,0.7924195875086184,0.44151873920414036,0.35090084830447804,430.5926177978516,433.1907659912109,402.22508514404296,432.40978865346233,429.72368142591233,440.3519023183404,430.5926177978516,420.8333332773627,0.04532954870615314,-0.14412329559652393,0.008622414325409222,0.012386296273656505,3.9491018283094332
2023-09-15 04:00:00+00:00,434.5908789178783,434.9213331435618,430.48931345860746,430.9266662597656,111848900,48.3767849674356,0.5743270046081648,0.46808039228494525,0.10624661232321952,431.0112060546875,433.2929229736328,402.4855438232422,432.26853890168167,429.77085730174974,440.04691906711224,431.0112060546875,421.9754930422627,0.041927972570060264,-1.2026453327631506,-0.012048365576818099,-0.0013155618497954213,4.073639722156892
2023-09-18 04:00:00+00:00,430.6156436055034,432.4817712224652,430.13940510883424,431.1793823242187,55752200,48.76973742689232,0.417071396313645,0.45787859309068524,-0.040807196777040255,431.43226318359376,433.42163635253905,402.7505194091797,432.16480970382804,429.8260935771407,439.6370373604409,431.43226318359376,423.2274890067466,0.03803505151099763,-1.3287449793636639,0.0005864479602679662,-0.007258684589226849,3.9499773215478986
2023-09-19 04:00:00+00:00,430.2559993985934,430.84889492531386,427.59290809982576,430.28515625,66514600,47.39497878346755,0.21777821128694086,0.4098585167299364,-0.19208030544299554,431.67107849121095,433.51096313476563,402.95145858764647,431.98579508917777,429.8440960348999,439.43870326552485,431.67107849121095,423.90345371689705,0.035988627273634013,-1.105955610133586,-0.002073907313003831,-0.003853153166265,3.924012814608258
2023-09-20 04:00:00+00:00,431.5487216802686,431.9666464690887,426.1253096194747,426.3294372558594,82562600,41.78388365054627,-0.25640090712738584,0.27660663195847196,-0.5330075390858577,431.76973419189454,433.46693908691407,403.1340544128418,431.44709434314746,429.7062662788591,439.206303306227,431.76973419189454,424.33316507756206,0.034446921705852576,-1.3519688454993322,-0.009193249956878202,-0.014160419882679798,4.060964531394381
2023-09-21 04:00:00+00:00,423.471964690838,423.7343763843457,419.1274153539834,419.2829284667969,104095800,34.05046393919592,-1.1871014770110833,-0.01613498983543907,-1.1709664871756442,431.2797454833984,433.21302734375,403.28366653442384,430.28860235492357,429.29750793328805,440.44938234545555,431.2797454833984,422.1101086213413,0.04252291909409924,-2.6836632905605713,-0.016528318650521845,-0.038743046328888586,4.285325772143067
2023-09-22 04:00:00+00:00,420.3131138681717,421.9167999657982,417.9221334858743,418.340087890625,100829700,33.16595101613409,-1.9779669668765791,-0.4085013852436671,-1.5694655816329122,431.0399475097656,432.8716864013672,403.4635856628418,429.15064859641893,428.86780518651693,441.241673433289,431.0399475097656,420.83822158624224,0.04733540815630437,-3.0485304478907667,-0.002248697745981687,-0.029208167780346517,4.26456439412741
2023-09-25 04:00:00+00:00,417.1252472895092,420.1382212681615,416.6878647901077,420.099365234375,70874500,36.481548341314294,-2.4347087794706113,-0.8137428640890559,-1.6209659153815554,430.73896484375,432.5709558105469,403.67985900878904,428.2886216095576,428.5239447962369,441.8208874795771,430.73896484375,419.6570422079229,0.051455398932144604,-3.2769159327729747,0.004205375948120871,-0.02569700116484752,4.206406685836436
2023-09-26 04:00:00+00:00,417.04745332495224,417.7569763279254,413.09167201085535,413.9275512695313,96168400,30.72324775689033,-3.257147395884033,-1.3024237704480515,-1.9547236254359814,429.99428100585936,432.1165710449219,403.86847900390626,426.9209006247932,427.95153720695436,443.2750933155822,429.99428100585936,416.71346869613654,0.06177204161253413,-4.1722404257925705,-0.014691319424870897,-0.03801573152796556,4.406498581385237
2023-09-27 04:00:00+00:00,415.1035938461481,415.66733259102807,410.4383190788538,414.0927734375,104705800,31.037065126438875,-3.851209530433948,-1.812180922445231,-2.039028607988717,428.9479354858398,431.60059936523436,404.04318923950194,425.6991742260034,427.40805627481893,443.69653791730815,428.9479354858398,414.1993330543715,0.06876639895591805,-4.245634896131963,0.00039915721353156464,-0.028702366641915944,4.465249647870168
2023-09-28 04:00:00+00:00,413.5388089482658,418.1749270371919,412.9459133257919,416.4934692382813,92258300,35.60181107620018,-4.081245902108094,-2.265993918377804,-1.81525198373029,427.9320343017578,431.1130767822266,404.24406463623046,424.8224404176489,426.98003325377823,443.16517881025436,427.9320343017578,412.6988897932613,0.07119422379000881,-4.513821984620239,0.005797482967047296,-0.006652928223707666,4.5198042238365845
2023-09-29 04:00:00+00:00,419.555013243988,419.729954349745,413.9566605710454,415.4826049804687,115111300,34.56435498539368,-4.295602648036038,-2.671915664309451,-1.623686983726587,426.89755096435545,430.66383666992186,404.4127584838867,423.9329322807746,426.52915371364844,442.555948839955,426.89755096435545,411.23915308875587,0.07335904289086446,-3.583918677705395,-0.002427083093671012,-0.006830526150540472,4.609339192041086
2023-10-02 04:00:00+00:00,414.6467760157312,416.5712173953041,412.54739350922256,415.3174133300781,83798600,34.38800131511093,-4.427770912278163,-3.0230867139031936,-1.4046841983749694,425.81413116455076,430.2112927246094,404.56617767333984,423.11240666642254,426.0894776201751,441.5289508056082,425.81413116455076,410.0993115234933,0.07381070044847632,-3.6787401356341767,-0.00039758981100623814,-0.01138290675975906,4.567516670186832
2023-10-03 04:00:00+00:00,413.1305490666303,415.37571578475433,408.3875031242602,409.7579345703125,103760600,29.021340152391716,-4.924353801995835,-3.403340131521722,-1.521013670474113,424.5471710205078,429.6084301757812,404.7040953063965,421.84055218107875,425.44902495155304,441.12608090613287,424.5471710205078,407.9682611348827,0.07810161516692445,-4.770608834984068,-0.013386095986654856,-0.01007330071755419,4.740423526637353
2023-10-04 04:00:00+00:00,410.2245138044528,413.49020038088855,408.7568828162418,412.7418212890625,87453000,34.89420277423508,-5.019265629173503,-3.7265252310520784,-1.292740398121425,423.57564849853514,429.0412255859375,404.9036752319336,420.9740063818391,424.95070323929855,440.5264494603711,423.57564849853514,406.6248475366992,0.08003671137338571,-3.1871165299435655,0.007282071845366556,-0.0032624383594596074,4.73991595792374
2023-10-05 04:00:00+00:00,412.4501575928168,413.4318210422045,409.34971346962845,412.5862426757813,70142700,34.73283584348589,-5.0488379685725135,-3.990987778556166,-1.0578501900163477,422.6626922607422,428.46955444335936,405.1244857788086,420.1751717431669,424.4658224328861,439.91318043567367,422.6626922607422,405.4122040858107,0.0816276832131169,-1.5971758772777893,-0.00037693930020299415,-0.009381243287309826,4.692929644684619
2023-10-06 04:00:00+00:00,410.12728008196234,419.0302053529861,408.795734309722,417.4848327636719,113273300,43.57993204401775,-4.623699846063914,-4.117530192057716,-0.5061696540061984,421.9622177124023,428.0543530273437,405.3854098510742,419.918948983215,424.1920581321326,438.8553875396679,421.9622177124023,405.06904788513674,0.08006958499198852,-0.20444015567944598,0.011872887607985438,0.00481904118055021,5.088754030297442
2023-10-09 04:00:00+00:00,415.579850265612,420.7311222733579,415.0258699966629,420.1576843261719,80374400,47.74233775643384,-4.0247037582458915,-4.098964905295351,0.07426114704945963,421.25349884033204,427.60679809570314,405.6571984863281,419.94168568254423,424.033847394644,437.17262936975663,421.25349884033204,405.33436831090745,0.07557981392794759,0.013882213738727875,0.006402272256949448,0.011654389728770864,5.132789619325841
2023-10-10 04:00:00+00:00,420.7894722973004,424.94935222897095,420.3909754532895,422.3445739746094,78607300,50.932008099169586,-3.335086523661346,-3.9461892289685503,0.6111027053072045,420.77325134277345,427.1861279296875,405.9125735473633,420.1705321865504,423.96760137817205,435.93416373752177,420.77325134277345,405.6123389480251,0.07206214913313407,2.03345311981837,0.005204925983788078,0.03071725607338327,5.108423782431073
2023-10-11 04:00:00+00:00,423.4136764375653,424.3272678309944,421.022695553038,424.0745849609375,62451700,53.35741766044385,-2.618774862058558,-3.680706355586552,1.061931493527994,420.3543228149414,426.8254333496094,406.20308166503906,420.54234673649205,423.97179681279033,434.6388245080587,420.3543228149414,406.0698211218241,0.06796410036875475,2.410525409698819,0.0040962074404018445,0.027457270107693166,4.979577246397169
2023-10-12 04:00:00+00:00,424.6869316770152,425.0659708332355,419.1274633173755,421.4892578125,81154200,49.42562758701245,-2.2339553571218858,-3.391356155893619,1.1574007987717332,419.6196884155273,426.53603515625,406.47013748168945,420.6325287437309,423.8744423421907,431.95026518349835,419.6196884155273,407.2891116475563,0.05877024891053588,1.1994878535203484,-0.006096397285104027,0.02157855550146115,5.048072265644515
2023-10-13 04:00:00+00:00,422.9957010478843,424.2009202698343,417.8153020428582,419.3898315429687,95143100,46.43339232725153,-2.0744760131356657,-3.1279801273420285,1.0535041142063628,419.0428466796875,426.22963562011716,406.733953704834,420.5141766293726,423.69857525202514,430.23003377566283,419.0428466796875,407.85565958371217,0.05339400104126686,0.9404067741136055,-0.00498097218521576,0.0045630370969074185,5.143611262882483
2023-10-16 04:00:00+00:00,421.6447025437339,424.8715327429623,421.4017188780287,423.8023986816406,75433200,52.88905386367871,-1.5738873990855495,-2.817161581690733,1.2432741826051834,418.6739974975586,426.0508099365234,407.042614440918,420.82734063435055,423.7026467590689,428.6580109092782,418.6739974975586,408.68998408583906,0.04769349647408078,2.043012182785354,0.010521397532309518,0.008674634527543912,5.1677605441047065
2023-10-17 04:00:00+00:00,420.66305688946227,425.84348547229143,420.313174633327,423.782958984375,75324700,52.858830206737935,-1.1653030488386094,-2.4867898751203086,1.3214868262816992,418.34888763427733,425.7960498046875,407.31859130859374,421.10882809625764,423.7057962581005,427.15310447011586,418.34888763427733,409.5446707984388,0.04209030833391492,3.4227584705027527,-4.5869719770608164e-05,0.003405714429403517,5.193656993737546
2023-10-18 04:00:00+00:00,422.0043276099341,422.9665334664685,417.0474547330394,418.1360168457031,93559800,44.842438061743,-1.2823756168430123,-2.2459070234648495,0.9635314066218372,417.93921661376953,425.46631774902346,407.5711877441406,420.8257032152524,423.4873735360457,425.94634725178895,417.93921661376953,409.9320859757501,0.038317201735194206,1.3069176125146804,-0.013325080725768546,-0.014003593532447622,5.303788940708836
2023-10-19 04:00:00+00:00,418.85526089082725,420.6727739909263,413.78176069076767,414.4620971679687,121323000,40.53523717785176,-1.6525613852487595,-2.1272378958216316,0.4746765105728721,417.69817504882815,425.1212188720703,407.8131527709961,420.2196454964635,423.13344112945447,425.818439609141,417.69817504882815,409.5779104885153,0.03888101526593279,0.45465754747946624,-0.008786422431268703,-0.016672217652714982,5.417162109240965
2023-10-20 04:00:00+00:00,414.024777439766,414.5690585294509,409.2622734133817,409.36920166015625,123919900,35.451733129755326,-2.3300312285231826,-2.167796562361942,-0.1622346661612406,417.2496307373047,424.67116271972657,408.01552291870115,419.18626989300566,422.59366703261924,426.1336544683865,417.2496307373047,408.3656070062229,0.042583734420007596,-1.9439343579961115,-0.012287964430553133,-0.02389335441430651,5.4092780383001235
2023-10-23 04:00:00+00:00,407.8335175166416,412.5377077081286,406.0743180295289,408.65966796875,92035100,34.79699869583909,-2.8908603605623853,-2.312409322002031,-0.5784510385603543,416.6776458740234,424.2119519042969,408.2353968811035,418.1837363764099,422.04723569678123,426.20395185543146,416.6776458740234,407.1513398926154,0.04572506385086073,-2.7365955179093833,-0.001733236619972378,-0.03573063946781907,5.48457172689295
2023-10-24 04:00:00+00:00,410.7881854768129,412.8972967776819,408.931786683621,411.7406921386719,78564200,39.98053996955027,-3.051532420706849,-2.460233941742995,-0.591298478963854,416.5683029174805,423.7667108154297,408.4288610839844,417.57011311567294,421.64305751803187,426.26700285577624,416.5683029174805,406.8696029791847,0.046564752384518376,-2.510718140911877,0.007539339972638226,-0.028416118653197486,5.395504375610018
2023-10-25 04:00:00+00:00,410.0495212857847,410.0786781386675,405.31617465313394,405.831298828125,94223200,34.3414382535132,-3.614044385243062,-2.6909960304430083,-0.9230483548000539,416.15522918701174,423.30439514160156,408.5938354492188,416.45213080257315,421.02298854980023,426.888973314184,416.15522918701174,405.4214850598395,0.05158529017233005,-4.301905084572076,-0.014352220762665402,-0.029427548744548115,5.46900531203344
2023-10-26 04:00:00+00:00,404.76218742791497,405.61746498467414,400.04829855300767,400.97161865234375,115156800,30.528059456368183,-4.401239991021896,-3.033044822558786,-1.3681951684631102,415.37913665771487,422.80783813476563,408.7214385986328,414.9777963120751,420.2366603185274,427.98427485762085,415.37913665771487,402.7739984578089,0.060692206649237655,-4.867891358997231,-0.011974631305702643,-0.032549366052543216,5.491433523682289
2023-10-27 04:00:00+00:00,402.5656446509548,402.9641414460812,397.7253990601317,399.1541442871094,107367700,29.2211829526416,-5.112815813961049,-3.4489990208392385,-1.6638167931218106,414.5627136230469,422.3398229980469,408.8162109375,413.4707818335069,419.40989498396203,429.01509256559706,414.5627136230469,400.1103346804967,0.06972348678560333,-4.825030492849721,-0.004532675832127131,-0.02495316533735492,5.473384156701378
2023-10-30 04:00:00+00:00,401.9532739816695,404.98570521187486,400.6508851667013,403.9263000488281,86562700,36.86384224927048,-5.231367741950521,-3.805472765061495,-1.4258949768890261,413.9931579589844,421.96318420410154,408.9279229736328,412.5617835682994,418.8026951825843,429.1617579898381,413.9931579589844,398.8245579281307,0.07327947208420543,-4.6899448173589455,0.01195567133655051,-0.011582664723066904,5.4989682115631
2023-10-31 04:00:00+00:00,404.4997467967024,406.7837991071731,402.58503439104294,406.4630737304687,79665200,40.53939228737141,-5.062269867715088,-4.056832185592214,-1.0054376821228743,413.8284149169922,421.5822686767578,409.0449169921875,411.98095405993456,418.31878845897194,429.2469387141589,413.8284149169922,398.4098911198255,0.07451650607539564,-4.086970673718122,0.0062802884618651245,-0.012817820800732793,5.406096533317888
2023-11-01 04:00:00+00:00,407.4350269329694,411.6143341639396,406.9004450659712,410.79791259765625,98068100,46.29312870542657,-4.526296981199835,-4.150725144713738,-0.37557183648609627,413.73121948242186,421.3111004638672,409.18709426879883,411.86828344447946,418.02385215068506,429.200341629229,413.73121948242186,398.2620973356147,0.07477860706842004,-1.754956270785618,0.010664779034914362,0.012238124028069786,5.387893954757389
2023-11-02 04:00:00+00:00,414.6078535256142,418.8260758413125,414.5884255113766,418.6705627441406,94938900,54.84000107959313,-3.426775796533036,-4.005935275077598,0.579159478544562,414.03543548583986,421.1028576660156,409.3988182067871,412.5161195682567,418.04921335042843,429.6412285922399,414.03543548583986,398.4296423794398,0.07538385253468843,1.0154042082324286,0.01916428955712579,0.04414014176684766,5.576484618250165
2023-11-03 04:00:00+00:00,420.9838084956757,424.0453968560964,420.8574522394109,422.49029541015625,100167800,58.30687843002298,-2.2215679799576833,-3.6490618160536155,1.4274938360959322,414.28570861816405,421.08994262695313,409.64333892822265,413.46604107700904,418.2233734312021,430.26092363607876,414.28570861816405,398.31049360024934,0.07712172872773958,3.2051980698080613,0.009123480382713156,0.05846400809573282,5.562081010657707
2023-11-06 05:00:00+00:00,423.2483924241886,423.909300881896,421.5086210577569,423.4622192382813,67831700,59.16587562620808,-1.1744674424489858,-3.15414294133269,1.979675498883704,414.45093536376953,421.036806640625,409.8579214477539,414.4180580447493,418.4288183648131,430.7311056653324,414.45093536376953,398.17076506220667,0.0785625940849839,3.622219766170624,0.002300464267898761,0.04836505864335061,5.336266640192092
2023-11-07 05:00:00+00:00,423.4621994716184,425.30886932835017,422.3153237318798,424.6673889160156,64256100,60.25923812260158,-0.24456639241697076,-2.5722276315495463,2.3276612391325755,414.5670761108398,420.95372985839845,410.05569946289063,415.3941847943937,418.67346819035043,431.1019867210821,414.5670761108398,398.03216550059756,0.07976953097848727,3.139523740099537,0.002845991030562711,0.04478713162912906,5.168929422783398
2023-11-08 05:00:00+00:00,425.2700536787348,425.7949067681938,422.66527557135345,424.9784851074219,61746000,60.5528594748416,0.5115924329045924,-1.9554636186587186,2.4670560515633113,414.6122711181641,420.7529058837891,410.25710006713865,416.3069753003964,418.9207237557258,431.2554691607831,414.6122711181641,397.96907307554505,0.08028319083626796,4.718016164496461,0.0007325643539533022,0.03451958268262767,5.023265263787467
2023-11-09 05:00:00+00:00,426.1253308443145,426.1642165380997,421.23650040437826,421.6641540527344,83174400,55.82096891788987,0.8338033665244211,-1.3976102216220907,2.231413588146512,414.62101593017576,420.4499591064453,410.4412078857422,416.81718280061904,419.0283092575693,431.27883561297494,414.62101593017576,397.9631962473766,0.08035202772068092,5.1605985156599745,-0.007798820812892959,0.007150231172147636,5.0164403259256085
2023-11-10 05:00:00+00:00,423.7441380058594,428.55519739226753,421.6544544903988,428.2441711425781,89462200,62.14556284644287,1.6016474457123877,-0.797758688155195,2.3994061338675827,415.06373291015626,420.29139709472656,410.63706802368165,417.90546740461514,419.389715606001,432.6497703946402,415.06373291015626,397.4776954256723,0.08473897423502705,7.287918031622503,0.015604876598120487,0.013618953606581607,5.151033367064403
2023-11-13 05:00:00+00:00,426.90291894514576,428.9439582296362,426.1156541557348,427.8359680175781,52236100,61.55681868421061,2.1524190824469542,-0.20772313403476517,2.3601422164817194,415.2654113769531,420.1084002685547,410.8264172363281,418.85122936775446,419.72094119076877,433.33359223791706,415.2654113769531,397.1972305159892,0.08701991721897935,5.919314480354389,-0.0009532018238821438,0.010328545453628157,4.985124131838477
2023-11-14 05:00:00+00:00,433.7938644872594,437.4288904558255,433.5703088478159,436.13623046875,97176900,68.16171919134932,3.221535528045365,0.47812859838126087,2.743406929664104,415.88307495117186,420.1291821289062,411.0817317199707,420.4974199488017,420.3646780251994,435.82152075129363,415.88307495117186,395.9446291510501,0.09588486284258002,7.300332713115777,0.01940057188186395,0.027006645323082612,5.314252582296257
2023-11-15 05:00:00+00:00,437.4774950971813,438.71187109713105,436.2042630668601,437.0595703125,77327600,68.80381941445562,4.096106456969551,1.201724170098919,2.894382286870632,416.8292526245117,420.22692810058595,411.3133535766602,422.0747676024872,421.0193796835249,438.7981910123338,416.8292526245117,394.8603142366896,0.10540977270427887,6.392841080613024,0.00211709043928221,0.02842752192978515,5.118637442730885
2023-11-16 05:00:00+00:00,436.6124527945321,437.9148415711499,435.5433188253415,437.5941162109375,66665800,69.19119846020298,4.777274162902643,1.9168341686596637,2.860439994242979,417.98585357666013,420.36190307617187,411.52688552856443,423.55280080329203,421.6693693512666,441.7007977638042,417.98585357666013,394.2709093895161,0.11347247273666236,4.519914976291634,0.001223050436935491,0.03777879149815244,4.92241496437928
2023-11-17 05:00:00+00:00,437.60387636232514,438.7507818678595,436.6805561802118,438.1384582519531,83133200,69.60510934167024,5.29993399090381,2.593454133108493,2.706479857795317,419.42431640625,420.4947857666016,411.7143968200684,424.94191103649786,422.31521597482293,444.33411434883857,419.42431640625,394.51451846366143,0.11878089547131168,3.703792255537027,0.0012439427790507107,0.02310431239023414,4.718687158898452
2023-11-20 05:00:00+00:00,437.8857204098918,442.356625770213,437.8759915717595,441.5110473632813,69936200,72.1056003525689,5.918065648607239,3.2583764362082426,2.659689212398997,421.06688537597654,420.63836547851565,411.9400631713867,426.51992402000104,423.0679936763311,447.2220972454378,421.06688537597654,394.9116735065153,0.124233050747303,4.2622050575057235,0.007697541833656452,0.03196337000151739,4.701683376009524
2023-11-21 05:00:00+00:00,440.4612965388227,441.38464623474823,439.2755351898342,440.54876708984375,49244600,70.32783358153021,6.258151391108015,3.8583314271881974,2.3998199639198177,422.50728912353514,420.8103503417969,412.17303024291994,427.856004312367,423.75351420235125,449.6054297068886,422.50728912353514,395.4091485401817,0.12827300868378777,3.739721624108252,-0.002179515731677184,0.010117335623209378,4.525528290112208
2023-11-22 05:00:00+00:00,442.2108387941116,443.57154137515226,441.15143358240533,442.2496948242187,59394900,71.65799784839584,6.5889689130048055,4.404458924351519,2.1845099886532866,424.32820892333984,421.0062811279297,412.3887397766113,429.22683198016244,424.47885461889507,451.59322338343947,424.32820892333984,397.0631944632402,0.128509082765343,4.064019785008922,0.0038609295075568983,0.011875096358163972,4.418188718340515
2023-11-24 05:00:00+00:00,442.2982940891369,442.71621885655264,441.9678398780808,442.5218200683594,29737400,71.87522431627542,6.794776462023435,4.882522431885902,1.9122540301375333,426.4057189941406,421.13307861328127,412.62763107299804,430.49302132189547,425.1864218914231,452.5440482562436,426.4057189941406,400.2673897320376,0.12259839911979319,4.946511534157226,0.0006153203661312112,0.01126090062656715,4.15605945120704
2023-11-27 05:00:00+00:00,441.8900963185871,442.70651789043535,441.33608643233896,441.7248840332031,50506000,70.17882677630796,6.81501509777172,5.269020965063066,1.5459941327086542,428.5342559814453,421.34904296875,412.87964782714846,431.5627225324962,425.834989034238,452.2723114301341,428.5342559814453,404.79620053275653,0.11078720133737263,3.1479034156279915,-0.0018008965863720583,0.008185599126720788,3.9570860231277076
2023-11-28 05:00:00+00:00,441.3360505846412,443.4645897337832,440.77234156692367,442.1622009277344,62115000,70.5890450669173,6.78809326724911,5.572835425500275,1.2152578417488344,430.4460510253906,421.56869934082033,413.1292851257324,432.572196665376,426.4752718535908,452.0078068207864,430.4460510253906,408.8842952299948,0.10018331330503462,3.3485340132897945,0.0009900209617765832,0.00147482960696399,3.8667404619656955
2023-11-29 05:00:00+00:00,444.3199186012006,445.4570951907533,441.45272918496346,441.8511962890625,63146000,69.85312368511498,6.664833989911472,5.791235138382515,0.873598851528957,432.2154571533203,421.8000201416016,413.35434524536134,433.4559109152509,427.07824928243286,451.27759104513297,432.2154571533203,413.15332326150764,0.08820662739533043,1.310362547539372,-0.0007033722874079107,0.0029563791718729693,3.876570857953135
2023-11-30 05:00:00+00:00,442.6968096233847,443.9408848017652,440.6168552136203,443.5909729003906,79752700,71.6346551117554,6.631096405551602,5.959207391816332,0.67188901373527,433.85511016845703,422.1452508544922,413.58901718139646,434.42115491383566,427.7258070713724,450.7887845840347,433.85511016845703,416.92143575287935,0.07806142658549158,1.4943964236318257,0.003937471768640233,0.0030328524629170683,3.837103624395405
2023-12-01 05:00:00+00:00,442.9785903287095,446.74970105317016,442.3857245023722,446.2151489257813,89183400,74.11902345431706,6.7384317542403664,6.11505226430114,0.6233794899392269,435.2323394775391,422.6838952636719,413.830369720459,435.5443924387829,428.45087930095707,451.4681733783232,435.2323394775391,418.996505576755,0.07460766320937401,1.9700979504688156,0.005915756148581419,0.008346094339147792,3.874737404852728
2023-12-04 05:00:00+00:00,442.8134280533559,446.2346273092226,441.5887809150275,443.8728332519531,72430900,68.3634447044376,6.558883762802395,6.203818564001391,0.35506519880100385,436.3014663696289,423.1945501708984,414.08740692138673,436.3375772781324,429.05566180883926,451.8414104602103,436.3014663696289,420.7615222790475,0.07123489279046412,1.3088043042097954,-0.0052492966217464465,0.004862640291255493,3.929816618377185
2023-12-05 05:00:00+00:00,442.482980993305,444.74757569096187,442.1039122401313,443.7853698730469,69793500,68.15063338801978,6.336490009793749,6.2303528531598635,0.10613715663388579,437.3176239013672,423.6682702636719,414.3489094543457,437.0468908586005,429.63329741920035,452.00067762907946,437.3176239013672,422.63457017365494,0.06715052367074914,0.5151224467310384,-0.00019704602839842877,0.0036709807891919244,3.8379485349809976
2023-12-06 05:00:00+00:00,445.93342509881046,445.96258195779745,441.5597182841756,441.9971008300781,69124700,63.77903728119291,5.947385236803257,6.173759329888543,-0.226374093085286,438.1841094970703,424.2296612548828,414.64073806762696,437.51833942731264,430.1181524549211,451.78420837351155,438.1841094970703,424.5840106206291,0.062074815501871376,0.32875673442504666,-0.0040295808838409775,0.0003302119406738413,3.878299616312489
2023-12-07 05:00:00+00:00,444.0866984690036,446.0208390789402,443.48410368567227,445.3696594238281,66995400,67.95402287271327,5.843790613171905,6.107765586545216,-0.263974973373311,439.20366821289065,424.8551989746094,414.95207275390624,438.26608418888554,430.71625076742725,451.7038046919392,439.20366821289065,426.7035317338421,0.056921821850492715,0.7054758061166162,0.00763027311133091,0.004009744634359214,3.88868809006603
2023-12-08 05:00:00+00:00,444.6212111977086,447.81888446185815,444.3782275382068,447.2843322753906,83194400,70.0636858363604,5.848768265287106,6.055966122293594,-0.20719785700648785,440.48467712402345,425.47101623535156,415.2627914428711,439.1249649590289,431.36597945401405,450.545591178748,440.48467712402345,430.4237630692989,0.04568110800318161,1.0762208756837237,0.004299064408741948,0.00239611620578839,3.856685863893554
2023-12-11 05:00:00+00:00,446.78867090966605,449.1990796776143,446.5748440862102,449.0241088867187,65002200,71.87547770770944,5.924801103998561,6.029733118634588,-0.10493201463602642,441.52367401123047,426.14184631347655,415.60278030395506,440.0677405711898,432.0584551180417,450.55264488944397,441.52367401123047,432.49470313301697,0.04089914724701191,1.652436871309905,0.003889643534969345,0.011605296041719226,3.768653701572879
2023-12-12 05:00:00+00:00,448.6742406500045,451.17212006092257,447.67314905005793,451.0749206542969,68327600,73.88209827118179,6.080449410898382,6.039876377087347,0.04057303381103505,442.6856216430664,426.85699645996095,415.946534576416,441.1160434362476,432.80419886456156,450.2285938249523,442.6856216430664,435.14264946118044,0.03407823436365312,2.015712719871133,0.004567264267085314,0.01642584743912434,3.7493906522365763
2023-12-13 05:00:00+00:00,451.45392076972,457.5479700715299,451.0943096912645,457.2952575683594,93278000,78.81849180612636,6.62931243183175,6.157763588036228,0.47154884379552175,443.7435729980469,427.80774291992185,416.3284555053711,442.65692097263917,433.7646325392203,453.04565730651,443.7435729980469,434.44148868958376,0.04192549424712035,3.495308241554075,0.01379003050100791,0.03461144136364491,3.94393770687918
2023-12-14 05:00:00+00:00,459.2390863502423,460.4345765546065,456.080298983812,458.7628479003906,119026000,79.78907613481432,7.10085833019707,6.346382536468397,0.7544757937286732,444.82873687744143,428.72816345214846,416.7250201416016,444.19081877528214,434.7449547102466,455.691471120694,444.82873687744143,433.96600263418884,0.04884007413507313,3.420239799020184,0.0032092839532933404,0.030072072026390728,3.9732476971588473
2023-12-15 05:00:00+00:00,458.1636509343483,459.3444814019504,456.1533503486213,458.0075073242187,141553700,77.81278904679691,7.329126571213749,6.542931343417468,0.7861952277962807,445.84940643310546,429.6365887451172,417.1030529785156,445.5066938751809,435.65721167550043,457.6010012496491,445.84940643310546,434.09781161656184,0.0527155342004781,2.6427516920540057,-0.0016464728554826946,0.023973956329473856,3.917382222599581
2023-12-18 05:00:00+00:00,459.6177248430219,461.5694752957874,458.5540244200266,460.5838317871094,70375300,79.66305726048061,7.629965160831034,6.760338106900182,0.8696270539308522,446.97167510986327,430.4985687255859,417.46330291748046,446.942611771555,436.6347261896812,459.800975423323,446.97167510986327,434.14237479640354,0.0574054287010753,3.7648166959726224,0.005625070379178254,0.025744102981577255,3.891995490383091
2023-12-19 05:00:00+00:00,461.1303738984737,463.4627302595596,461.0523169749536,463.3846435546875,55761800,81.47201421564696,8.002140320357057,7.008698549591557,0.9934417707655001,448.0653549194336,431.36310791015626,417.83621139526366,448.50851956042476,437.68374255693635,462.47784325373215,448.0653549194336,433.6528665851351,0.06433208091658875,4.416385715294617,0.006081003227383697,0.0272897524041793,3.819631417673599
2023-12-20 05:00:00+00:00,462.52588115351864,464.4190817502539,456.5340218793302,456.9634094238281,102921000,66.80142490546018,7.690302861451528,7.145019411963552,0.5452834494879761,448.88608703613284,432.0554846191406,418.2068127441406,449.3137471664632,438.43980792426544,463.36229757029565,448.88608703613284,434.40987650197,0.06449837030924757,3.38606487817296,-0.013857244127904678,-0.0007256758932857599,4.110019164334319
2023-12-21 05:00:00+00:00,459.9592904756651,461.5695085402511,457.5293705169891,461.2962646484375,86667500,70.64285770334804,7.70398785758897,7.256813101088636,0.4471747565003339,449.8384155273437,432.79991821289065,418.595954284668,450.45493930760364,439.3361395605075,464.93567072702916,449.8384155273437,434.7411603276583,0.06712301430275573,3.5760418087782457,0.009481842824291986,0.00552227966942298,4.145453446626365
2023-12-22 05:00:00+00:00,462.4282531099421,463.9116026187795,460.3203886798005,462.2233276367187,67160400,71.40525230622642,7.700868729894694,7.345624226849848,0.35524450304484567,450.82349090576173,433.614599609375,419.0251057434082,451.5757381960908,440.2336763478099,466.44451252181045,450.82349090576173,435.202469289713,0.06929994523871905,3.339932629728288,0.0020096910799565215,0.009204696964750125,4.105864910365841
2023-12-26 05:00:00+00:00,462.6332094792943,465.0826362249441,462.5551227779302,464.1750793457031,55387000,72.99528357595356,7.766361074099962,7.429771596299871,0.3365894778000902,451.94600067138674,434.5103045654297,419.49117141723633,452.7756754484348,441.1725548967469,468.01062818038923,451.94600067138674,435.88137316238425,0.0710909156631002,3.374199772156726,0.004222529656742857,0.007797163753359149,4.016825173070097
2023-12-27 05:00:00+00:00,463.9701495554804,465.1607185987264,463.4334300593357,465.0143432617187,68000300,73.67319997102157,7.796117028540095,7.503040682747916,0.293076345792179,453.08860778808594,435.33454345703126,419.9640771484375,453.94126285922374,442.10752698949085,469.4550924759272,453.08860778808594,436.7221231002447,0.0722440794428273,3.0902677070146782,0.0018080762052081756,0.0035169480251429075,3.853286842092998
2023-12-28 05:00:00+00:00,465.3753906024884,466.02921033768064,464.7703527169018,465.1899719238281,77158100,73.82130372131431,7.744595723400323,7.551351690878398,0.19324403252192468,454.2555465698242,436.1626837158203,420.40724441528323,455.01256848442415,443.0127209084845,470.57876794017636,454.2555465698242,437.9323251994721,0.07186801127080164,1.7263932273097318,0.0003776843975984434,0.0180026722716653,3.6679704691419857
2023-12-29 05:00:00+00:00,464.9947873638026,465.5217683364712,461.8817429403466,463.84326171875,122283100,70.54418162447482,7.5085426534595285,7.542789883394625,-0.034247229935096435,455.2681610107422,437.07682861328124,420.85545364379885,455.85358688769327,443.8296048618282,471.33004863103525,455.2681610107422,439.2062733904491,0.07056011817138293,1.1074161392124031,-0.00289496826319946,0.005521391057119462,3.6659743924978865
2024-01-02 05:00:00+00:00,460.7692671751978,462.2428483505155,459.1395423842335,461.2474365234375,123623700,64.59200697080902,7.03095897734471,7.440423702184642,-0.4094647248399319,456.019775390625,438.0125354003906,421.2578565979004,456.3672868530022,444.5126570838521,471.71956770746743,456.019775390625,440.31998307378257,0.06885575215852885,0.7073965267834126,-0.005596341284971551,-0.0021112978400955607,3.7400990312135023
2024-01-03 05:00:00+00:00,459.0809802037512,459.8226549132717,456.87552242132506,457.4805603027344,103585900,57.067257301707265,6.276167293525248,7.207572420452763,-0.9314051269275154,456.7001617431641,438.9747625732422,421.66368637084963,456.4733128958338,445.021202308122,471.38174593169543,456.7001617431641,442.0185775546327,0.06429419307623495,-0.6737690883186259,-0.008166714701105415,-0.014422400815669145,3.7852286791348555
2024-01-04 05:00:00+00:00,457.0023399812352,459.5981715627642,455.7824959926227,456.0069580078125,84232200,54.39747621799644,5.495730693860651,6.865204075134341,-1.3694733812736901,457.31124114990234,439.9217083740234,422.044055480957,456.4288981445937,445.45201625712946,470.75716910574175,457.31124114990234,443.86531319406294,0.05880427483929685,-1.5921299183071231,-0.003221125492079313,-0.01937012349065692,3.7874034570639
2024-01-05 05:00:00+00:00,456.21194277640495,459.0907868763805,455.1775173220721,456.631591796875,86118900,55.3509972608129,4.871476444318034,6.4664585489710795,-1.5949821046530452,458.0429656982422,440.8195263671875,422.40260437011716,456.4482023019538,445.8904309841783,469.5250866363183,458.0429656982422,446.5608447601661,0.05013556280936532,-0.0726136097792828,0.0013697900395892582,-0.01839760236352328,3.796393892581363
2024-01-08 05:00:00+00:00,457.129197224631,463.2967354261687,457.0023286879348,463.1503601074219,74879100,63.846934363352446,4.8468886616793725,6.1425445715127385,-1.295655909833366,458.9320007324219,441.9659075927734,422.8265548706055,457.0865030453317,446.5672909497957,469.0202178798551,458.9320007324219,448.84378358498867,0.04396388628961663,0.40193160037777803,0.014275771601555354,-0.0014938270500267636,4.001304588060816
2024-01-09 05:00:00+00:00,460.4862959607646,463.4724721448551,459.97885150079935,462.44781494140625,65931400,62.46735704768898,4.71634604196197,5.857304865602585,-1.1409588236406156,459.69017486572267,443.1954315185547,423.24187835693357,457.5971041782912,447.1900565965255,468.3395313135498,459.69017486572267,451.04081841789554,0.037631243479822656,0.048566848807767474,-0.0015168835577558104,0.0026024608982466724,3.965041449203311
2024-01-10 05:00:00+00:00,462.7210764175107,465.93171477496674,462.43806421690306,465.0631713867187,67310600,65.45945940490118,4.768953950448065,5.639634682571681,-0.8706807321236161,460.4921279907227,444.51361206054685,423.65783096313476,458.3081581981414,447.89096305888603,467.9258133036753,460.4921279907227,453.0584426777701,0.03228583014171468,0.19132695410262318,0.005655462866969829,0.016574717576997244,3.931370671264766
2024-01-11 05:00:00+00:00,466.0682606035861,466.5854732987493,460.866858585486,464.8581848144531,77940700,65.02193088161619,4.739471714004935,5.4596020888583325,-0.7201303748533974,461.1812911987305,445.73224975585936,424.06918838500974,458.93197025683776,448.5563443042024,467.4610702758221,461.1812911987305,454.90151212163886,0.027233451126210468,-0.03358142593414141,-0.0004407714583254396,0.019410288924777808,4.059030959978949
2024-01-12 05:00:00+00:00,466.31222516082903,467.053899879707,463.7652050573389,465.1802062988281,58026400,65.41303334302158,4.688050345584998,5.305291740203666,-0.6172413946186683,461.5755386352539,446.9065924072266,424.4864500427246,459.5270403560749,449.20826046085443,467.81988920297,461.5755386352539,455.3311880675378,0.027056678896714637,-0.002099276766352792,0.0006927305894453006,0.01872103169277839,4.004006950149601
2024-01-16 05:00:00+00:00,463.7944981490244,465.1119059605971,461.64756060638337,463.4724426269531,85014900,61.48656112978789,4.458106013646784,5.13585459489229,-0.6777485812455062,461.811018371582,447.9600830078125,424.86743103027345,459.9027929533014,449.7676401536426,467.9679262241,461.811018371582,455.65411051906403,0.02666418776333313,-0.07994491294814153,-0.0036711873135417683,0.0006954167529018562,3.9703382888849696
2024-01-17 05:00:00+00:00,460.4374556172475,461.3840557763614,458.53448701674256,460.8961181640625,68843900,56.02315744453782,4.021626810517091,4.91300903801725,-0.8913822275001593,461.95544891357423,448.8045941162109,425.22419219970703,459.9973953543263,450.204051056012,467.87981747056125,461.95544891357423,456.0310803565872,0.025649090495284497,-0.07616700528961061,-0.005558743575536207,-0.003355398657339026,4.039453811836798
2024-01-18 05:00:00+00:00,462.5746603285912,465.5510680800572,461.02302217587135,464.9948120117187,91856200,61.83342210188434,3.960786752487536,4.722564580911308,-0.7617778284237717,462.1759979248047,449.65468444824216,425.573994140625,460.47333979788743,450.7840808974123,468.2071548812888,462.1759979248047,456.1448409683206,0.02609896222895312,1.6425291828819604,0.008892879948702914,-0.00014698943972746292,4.083417819276646
2024-01-19 05:00:00+00:00,466.1268212618448,471.07451607606174,465.04361399672933,470.79150390625,110834500,68.2270680553277,4.330397037612329,4.644131072251512,-0.31373403463918326,462.5463409423828,450.60127014160156,425.9452536010742,461.45602209392194,451.5686857212883,469.6441900702951,462.5463409423828,455.4484918144705,0.030690326566852867,3.242175506055371,0.012466143158571974,0.01276371866866266,4.226009693924246
2024-01-22 05:00:00+00:00,472.33341405568575,473.51421483133913,471.1330767139442,471.7869262695313,75844900,69.18180647465842,4.650035403511879,4.6453119385035855,0.004723465008293459,463.28751678466796,451.54366088867187,426.3324905395508,462.4399177296943,452.3615578996508,470.9703518274981,463.28751678466796,455.6046817418378,0.03316659639849989,3.318941296422151,0.002114359233380547,0.014202495895663914,4.118631210436024
2024-01-23 05:00:00+00:00,472.333402154428,473.4068411336017,471.2404266096584,473.1628723144531,49945300,70.50130411357593,4.957234543871266,4.707696459577122,0.24953808429414437,463.88084716796874,452.5073486328125,426.7317691040039,463.4611514996713,453.17729571983915,472.6175114555711,463.88084716796874,455.1441828803664,0.03766770859775923,2.161827576838972,0.0029164564940398208,0.02090831902016621,3.9791871614008274
2024-01-24 05:00:00+00:00,476.0417469073494,476.97857889434994,473.1824393105692,473.6801452636719,81765000,71.00392860488117,5.182688868661785,4.802694941394055,0.37999392726772996,464.4536880493164,453.54766845703125,427.1259629821777,464.43438900100466,453.9813290352836,474.13214301936637,464.4536880493164,454.7752330792664,0.04167672781628256,2.428886018996284,0.0010932238759320256,0.027737328642587267,3.9675099770076834
2024-01-25 05:00:00+00:00,475.817252905647,476.529652576822,473.6801134548218,476.25640869140625,72525000,73.43196631418213,5.5057787826768845,4.943311709650621,0.5624670730262631,465.05775451660156,454.50791320800784,427.5310119628906,465.5602956381858,454.85486157081783,476.01486288372035,465.05775451660156,454.10064614948277,0.04712149517217715,2.4068208349656506,0.005438825024638216,0.024218757691007786,3.8876549159357188
2024-01-26 05:00:00+00:00,475.8270481167824,477.32013617897184,474.80239093382255,475.6513977050781,76641600,71.90911368005801,5.647905003777339,5.084230368475965,0.563674635301374,465.58960723876953,455.4642218017578,427.93250503540037,466.5213529778898,455.6704120074555,477.4795791811255,465.58960723876953,453.6996352964136,0.051074902693256964,2.3218291606359647,-0.0012703471812389733,0.010322815425734433,3.789804225165259
2024-01-29 05:00:00+00:00,475.9636663212125,479.564648526909,475.4171785408518,479.4182434082031,61322800,75.33832705290362,5.99538298233864,5.2664608912485,0.7289220910901397,466.30102081298827,456.3298620605469,428.36088958740237,467.7496282569673,456.60169951336724,479.6262333696419,466.30102081298827,452.97580825633463,0.05715283459350506,3.060757297190026,0.007919341184109419,0.01617534677998278,3.8153517795146845
2024-01-30 05:00:00+00:00,478.7253992976651,479.75982476451486,478.2862434868122,479.0474548339844,58618400,74.37584164269819,6.16972153532123,5.447113020063046,0.7226085152581838,467.06123046875,457.16961975097655,428.76127044677736,468.8256117404927,457.481925212215,481.43258443747544,467.06123046875,452.6898765000246,0.06153948575137402,3.360504481939071,-0.0007734135680419474,0.012436695404157705,3.6480824579566806
2024-01-31 05:00:00+00:00,476.8321972165028,477.2810915278646,471.21114580645406,471.2306823730469,126011100,57.65372149945831,5.612441156468378,5.480178647344113,0.1322625091242653,467.56039276123045,457.84235107421875,429.1274404907227,469.05466608645025,458.02109215969864,481.78206596610323,467.56039276123045,453.33871955635766,0.06083352407540381,2.2422762530852216,-0.01631732385186435,-0.0051711327044571265,3.947241498640512
2024-02-01 05:00:00+00:00,472.93843623390336,477.427468426182,472.12844308332853,477.398193359375,91891600,64.4459944105975,5.60386121004899,5.504915159885089,0.09894605016390123,468.5562744140625,458.6275457763672,429.5173075866699,469.84928773149073,458.7809784812546,482.60350643050975,468.5562744140625,454.50904239761525,0.059959636797153354,2.6674235985548416,0.013088092980850563,0.0023974158607251717,4.1079232525329825
2024-02-02 05:00:00+00:00,477.8372942434172,484.0828896785046,477.49573196105774,482.4239196777344,99228200,68.83300245906361,5.934190004375296,5.590770128783131,0.3434198755921649,469.8771224975586,459.44580322265625,429.9310006713867,471.0468717263711,459.70815264582245,483.92388074507477,469.8771224975586,455.83036425004246,0.05978907069513322,2.470821090645843,0.010527325801118259,0.014238414951227574,4.291978471575599
2024-02-05 05:00:00+00:00,481.78966938702735,482.453257473618,478.4033807510974,480.6673889160156,75757100,65.77806316440615,5.985246406352815,5.669665384297068,0.31558102205574645,471.07891235351565,460.2481756591797,430.3362484741211,471.9631114587182,460.5300834799477,484.48530541803285,471.07891235351565,457.67251928899844,0.056917822950463694,1.8823036739705927,-0.0036410523816732265,0.0026055443758925545,4.274685489500242
2024-02-06 05:00:00+00:00,481.6139421538367,482.3946602218278,480.1794043465866,482.0628662109375,55918600,67.0299836104085,6.068360050729552,5.749404317583565,0.31895573314598735,472.02453765869143,461.04443908691405,430.759377746582,472.92499286369144,461.37450633214337,485.7253261927051,472.02453765869143,458.32374912467776,0.058051170822481055,1.8809577879495256,0.0029032077630000153,0.006294598471456414,4.127583374196026
2024-02-07 05:00:00+00:00,484.31713376491945,486.5030847840718,483.4095471530847,486.0834655761719,70556500,70.3908468579672,6.385054051376983,5.876534264342249,0.508519787034734,473.20632019042966,461.9156719970703,431.2010661315918,474.17818074107055,462.34348512602685,487.4651116497888,473.20632019042966,458.9475287310705,0.06026458587290661,2.6185012051952796,0.00834040463816832,0.03151913438303433,4.149914459834474
2024-02-08 05:00:00+00:00,486.08349349833503,486.67876313703624,485.26376181906494,486.2981872558594,52343600,70.56342616404245,6.577540777883428,6.016735567050485,0.5608052108329424,474.26807098388673,462.80713806152346,431.64175338745116,475.33246707581236,463.2828852095497,489.09443591450133,474.26807098388673,459.4417060532721,0.06252314181663866,2.108481561863825,0.0004417382916594992,0.018642705440204077,3.954563521129962
2024-02-09 05:00:00+00:00,486.8055920858739,489.5477990767194,486.4640298019624,489.1086730957031,63979400,72.79828077277361,6.877590037693608,6.18890646117911,0.6886835765144976,475.48059539794923,463.74606750488283,432.12809463500975,476.6444866967543,464.29566120508514,490.981554655391,475.48059539794923,459.97963614050747,0.06520122758939668,2.8292307045776877,0.005779346733129076,0.013856596129052434,3.904209828253538
2024-02-12 05:00:00+00:00,489.0794311383801,491.3532074553824,488.171844486811,488.8940124511719,56502300,72.34649223932351,7.017170346098567,6.354559238163002,0.6626111079355645,476.6662857055664,464.686923828125,432.6216609191895,477.81110819717503,465.26030243042186,492.45934241313984,476.6662857055664,460.87322899799295,0.06626462655816488,1.97651407163923,-0.0004388812882269999,0.017115002442143368,3.8525779097048156
2024-02-13 05:00:00+00:00,482.59961722906473,485.097855647228,478.8815346699486,482.1604614257813,113099200,59.80789366597004,6.509411014805266,6.385529593491455,0.1238814213138113,477.60068664550784,465.4583135986328,433.04272094726565,478.22533231418515,465.92305376357325,492.3366940435338,477.60068664550784,462.8646792474819,0.06170848497528872,0.6498326126950732,-0.013773028210410043,0.00020245329330359496,4.292570757670418
2024-02-14 05:00:00+00:00,484.80505756219736,487.0300518664836,482.4727014977024,486.5421142578125,68387800,64.1607016597989,6.386946112047383,6.385812897202641,0.0011332148447422696,478.8829864501953,466.2648529052734,433.46870651245115,479.0174067850068,466.7316443711905,491.95027564104197,478.8829864501953,465.8156972593486,0.054574038170410975,3.2492434082728985,0.009087540730889465,0.0009435595203737268,4.333786449315551
2024-02-15 05:00:00+00:00,487.24475755676514,490.08455808264773,486.76655843722136,489.8991394042969,61683000,67.1005112744553,6.486008993514531,6.405852116465019,0.0801568770495118,480.1282028198242,467.1853790283203,433.9135037231445,480.05376227255823,467.64017358817506,492.38571638919717,480.1282028198242,467.8706892504512,0.051059335808160404,2.618557468128379,0.006899762729903225,0.007404823301434327,4.277261976138385
2024-02-16 05:00:00+00:00,489.5966419107854,490.73839931554534,486.71779791035453,487.45947265625,75532900,63.052667279592015,6.295090439338139,6.383699781039644,-0.08860934170150436,480.9616012573242,468.05886108398437,434.36863372802736,480.759068023386,468.4174010026094,492.82680842969154,480.9616012573242,469.0963940849569,0.04933951958472125,1.0438025091872396,-0.004979936790690087,-0.0033718486916514134,4.258929078213558
2024-02-20 05:00:00+00:00,485.712619232772,486.3859755219918,482.5215179613793,484.7757873535156,71736700,58.84724296021785,5.859688295086244,6.278897483848964,-0.4192091887627205,481.6110443115234,468.9144348144531,434.8239508056641,481.14161272149363,469.05890634970376,492.7990158439126,481.6110443115234,470.4230727791342,0.046460610339128475,0.8547279329195013,-0.0055054531776980165,-0.008423553966244501,4.307430907974783
2024-02-21 05:00:00+00:00,483.46820082511186,485.3711399747014,481.653057105871,485.2149963378906,59293400,59.3253819430742,5.486820798541771,6.120482146787526,-0.6336613482457549,482.2136505126953,469.7113415527344,435.2954069519043,481.52955401829337,469.69247850610327,492.7986182546414,482.2136505126953,471.62868277074926,0.04390156823927317,0.6538836213892981,0.0009060043752859848,0.006335100358658252,4.2653346194644675
2024-02-22 05:00:00+00:00,491.85091860629063,496.2228208824331,490.88478180969435,495.2567138671875,76402500,68.37300689547621,5.933208964001608,6.083027510230343,-0.14981854622873492,483.29247894287107,470.6707891845703,435.7808868408203,482.8369025753309,470.6949975398713,494.5550815256601,483.29247894287107,472.029876360082,0.04660781234346653,1.8871755450768624,0.020695398132963172,0.017911295556950035,4.746941042684325
2024-02-23 05:00:00+00:00,496.98399282076,497.8232610473495,494.8663601420095,495.5982666015625,61321800,68.6286177019566,6.242574736673873,6.114936955519049,0.12763778115482438,484.2595718383789,471.6022723388672,436.2675439453125,484.0522705778291,471.6715963266043,496.23831832234475,484.2595718383789,472.2808253544131,0.04947242008450678,1.9124231982403033,0.0006896478630404879,0.011633266398866526,4.619081032874015
2024-02-26 05:00:00+00:00,496.03738103257336,496.4765368105967,493.65624302388784,493.7831115722656,50386700,65.59452037598425,6.269016183163501,6.14575280104794,0.1232633821155611,485.1661575317383,472.45643615722656,436.7538577270508,484.979017339204,472.5387145715322,497.1462329188233,485.1661575317383,473.1860821446533,0.049385453626992835,0.9557054973032262,-0.0036625532242956504,0.012972645462313137,4.490596229576505
2024-02-27 05:00:00+00:00,494.47600720291285,494.9249014846867,492.5730385293385,494.700439453125,48854500,66.40291134853254,6.291467789192154,6.174895798676783,0.11657199051537148,485.9302673339844,473.20453979492186,437.2354948425293,485.9048670643393,473.4078018217907,498.28986094047764,485.9302673339844,473.5706737274911,0.05086982407703532,1.1876658036455374,0.001857754668721734,0.020472664597771972,4.337829567131628
2024-02-28 05:00:00+00:00,493.13904421133424,494.63213220475586,492.7779751212326,494.046630859375,56506600,65.22658135621299,6.185204768896142,6.176957592720655,0.008247176175487425,486.6802261352539,473.91021545410155,437.717336730957,486.680273140057,474.21716766640185,499.0983681499228,486.6802261352539,474.26208412058503,0.051032038483592494,2.465189575778462,-0.0013216252536034645,0.01820148715134562,4.165303478900254
2024-02-29 05:00:00+00:00,495.8129543697353,497.4426493891131,493.15857245054144,495.82269287109375,83924800,66.9399009576017,6.173143762261191,6.1761948266287625,-0.003051064367571854,487.9098266601562,474.66651916503906,438.2106643676758,487.55097978110814,475.06444316462506,498.7330350756047,487.9098266601562,477.0866182447078,0.04436560947966779,1.9074563827713358,0.003594927888951105,0.0011427992555352873,4.173787297448213
2024-03-01 05:00:00+00:00,496.7010276990219,500.9070181356069,496.2911469636296,500.4776306152344,76844800,70.97621931599512,6.464679104034133,6.233891682109837,0.2307874219242958,489.06379852294924,475.4643951416016,438.7204150390625,488.78208938435824,476.0610387509235,500.07771192756576,489.06379852294924,478.0498851183327,0.045040804238139456,2.159320227384077,0.009388311206947497,0.009845401694261069,4.238825723667137
2024-03-04 05:00:00+00:00,499.6774416316755,501.7950742838469,499.6481367835651,499.9408874511719,49799300,69.9162417670504,6.576601309098692,6.302433607507608,0.2741677015910833,489.9396469116211,476.1955200195313,439.2407984924316,489.8448320573881,476.99750340583523,501.4757841065098,489.9396469116211,478.40350971673234,0.04709207457533932,2.560503076678049,-0.0010724618469014624,0.01247060852141968,4.089405136282466
2024-03-05 05:00:00+00:00,497.9306035256283,498.3795276061861,492.7292012805933,494.9444274902344,72855600,60.81181980955998,6.1907646203525815,6.280099810076604,-0.08933518972402243,490.653498840332,476.95514038085935,439.7121728515625,490.3305078128973,477.7013043503215,501.5557341677955,490.653498840332,479.75126351286855,0.04443965182447936,2.097596538851768,-0.009994101475497952,0.0004932035988871597,4.312425210160759
2024-03-06 05:00:00+00:00,498.23311140577533,499.7164608888025,496.1545220794044,497.4524230957031,68382400,63.38894540421317,6.0179889196874115,6.227677631998766,-0.20968871231135466,491.4229766845703,477.6782635498047,440.1767886352539,491.0087854588788,478.475858026611,501.9574738693297,491.4229766845703,480.8884794998109,0.04287344175818292,2.522062766026029,0.00506722667469206,0.006893665544088101,4.3452543664755705
2024-03-07 05:00:00+00:00,500.76062488372975,503.44428173979026,497.51094372229056,502.3903198242187,58652100,67.86919318895079,6.207948563666832,6.2237318183323795,-0.015783254665547197,492.23831939697266,478.4816033935547,440.66903671264646,492.09274111272066,479.41368005788974,503.49313806784625,492.23831939697266,480.98350072609907,0.04572914471454214,1.4403855126624703,0.009926369838117344,0.013245918445351279,4.462868957733539
2024-03-08 05:00:00+00:00,503.02473305199794,505.7180990051288,498.7991760778728,499.37493896484375,86532500,62.81407172681277,6.045488289527668,6.188083112571437,-0.14259482304376903,492.89215698242185,479.1856005859375,441.1453875732422,492.78628376530384,480.1964745248291,504.20984944874124,492.89215698242185,481.57446451610247,0.045923605421552736,0.7620430937296873,-0.006002067994522631,-0.0022032785941603628,4.638301384128001
2024-03-11 04:00:00+00:00,498.1648682592655,499.531087817321,496.2326243105745,498.945556640625,62557200,62.104706178708774,5.815057424500651,6.113477974957281,-0.29842055045662974,493.38400115966795,479.8642248535156,441.64226776123047,493.3728811820011,480.9317326470172,504.8551954917151,493.38400115966795,481.9128068276208,0.046500066094907186,1.0454883829302142,-0.0008598395528394143,-0.001990896995085367,4.54259867860075
2024-03-12 04:00:00+00:00,501.063154462892,504.898337012949,498.53561138081784,504.3128356933594,73114400,67.10542186395179,5.9964109740622575,6.0900645747782765,-0.09365360071601891,494.15494232177736,480.64668212890626,442.18045837402343,494.4147816116543,481.8486386488346,506.3642331871112,494.15494232177736,481.9456514564435,0.049414828506900044,1.943074126002508,0.010757243914290004,0.018928202203690514,4.6726077467100655
2024-03-13 04:00:00+00:00,504.6348815647523,504.8105319780075,502.078092945087,503.5223693847656,55104100,65.72972554362381,6.007104779169254,6.073472615656472,-0.06636783648721867,495.22303771972656,481.44026428222656,442.69752044677733,495.28217092337917,482.6985888737731,506.76772030007646,495.22303771972656,483.67835513937666,0.04662417416406083,1.9179846462889432,-0.0015674126309058733,0.012202063970838672,4.534024267153666
2024-03-14 04:00:00+00:00,504.498266338122,504.65443975395385,499.47254387143926,502.5270385742187,110171800,63.95190779881354,5.867626473164819,6.032303387158142,-0.16467691399332285,496.02228393554685,482.2658563232422,443.1836978149414,495.9721583186972,483.4761751365357,507.26161296770795,496.02228393554685,484.78295490338576,0.04531783912200821,1.352165965680794,-0.001976736032131221,0.0002721365133941944,4.5803008111080175
2024-03-15 04:00:00+00:00,499.4483445785383,500.9069369432788,497.4024316630392,499.0763549804687,107646300,58.08619590990907,5.41621285302557,5.909085280331627,-0.4928724273060574,496.4811447143555,483.0977722167969,443.65184951782226,496.2677960960088,484.0879468951213,507.4286190548247,496.4811447143555,485.53367037388625,0.044100262243665776,-0.27998766559118765,-0.00686666254524404,-0.0005979154360328254,4.619179818255981
2024-03-18 04:00:00+00:00,503.15838817484575,504.6071519631463,501.6312950675719,502.04241943359375,88893300,61.36634196918843,5.2374271200828275,5.774753648281868,-0.5373265281990403,497.21029205322264,484.0184814453125,444.1460731506348,496.81776022339784,484.7920438574144,507.5846842293401,497.21029205322264,486.8358998771052,0.041730399961258054,0.42035609312453504,0.00594310754962768,0.006206815055774362,4.684295330000382
2024-03-19 04:00:00+00:00,501.3474286120831,505.11619805115,500.33912535177535,504.8323364257813,60755300,64.20403588308174,5.260224529603249,5.671847824546144,-0.4116232949428946,498.21311950683594,484.9824963378906,444.63509246826175,497.5810531950534,485.5779376836249,507.3946821230273,498.21311950683594,489.0315568906446,0.0368579720473032,1.99778164706017,0.005557133987472929,0.0010301160225432149,4.690922284955685
2024-03-20 04:00:00+00:00,504.89112356917263,509.638800886851,504.21567502677055,509.5017395019531,69594600,68.38900834029312,5.590628163883935,5.655603892413702,-0.06497572852976763,499.4274566650391,485.90952392578123,445.11802810668945,498.7163566528534,486.516125990226,507.79997004130075,499.4274566650391,491.0549432887774,0.03352844648217664,2.422204787196679,0.009249413595870726,0.011875083374137896,4.7432225403217405
2024-03-21 04:00:00+00:00,512.3503269289863,513.0551115347323,510.9015034375711,511.1854248046875,60256100,69.76178210704914,5.92009162612959,5.70850143915688,0.21159018697271037,500.22389221191406,486.8842761230469,445.6133386230469,499.90388695302806,487.48354947314607,509.80161040425,500.22389221191406,490.6461740195781,0.03829372543556346,1.7506517608751149,0.003304572236358272,0.01722969226697657,4.6582332183544155
2024-03-22 04:00:00+00:00,511.09725876770295,511.5867124011395,509.9812901440056,510.2162780761719,79070800,67.93302879445321,6.033441988564334,5.773489549038371,0.25995243952596336,500.95479278564454,487.78733825683594,446.09931640625,500.88601944094654,488.37502902620594,511.21569409945204,500.95479278564454,490.69389147183705,0.04096537835979172,2.1709818145462365,-0.0018958809885589734,0.022321079699596513,4.440175292552951
2024-03-25 04:00:00+00:00,508.8360378123517,509.96180518438194,508.65004302256665,508.80670166015625,48512100,65.25369724968196,5.94104723661809,5.807001086554315,0.1340461500637744,501.7059722900391,488.66630859375,446.5853871154785,501.6403701284903,489.17627109028246,511.95647986234314,501.7059722900391,491.455464717735,0.04086260933078222,1.9763970012932546,-0.0027627037328769033,0.013473527265273733,4.2348938469138275
2024-03-26 04:00:00+00:00,510.23585186667015,510.5785052830904,507.46558712286134,507.8669128417969,65463700,63.456692426875776,5.725985035348117,5.790797876313076,-0.06481284096495887,502.36429595947266,489.52004272460937,447.05431091308594,502.2333741964243,489.9092374334791,512.4199055832377,502.36429595947266,492.30868633570765,0.040033138121647986,0.7047366033329575,-0.0018470448901183323,0.0060110579237067086,4.154752726436345
2024-03-27 04:00:00+00:00,510.7057822180554,512.174143263585,508.53257680183424,512.1349487304688,82999800,67.79437989072747,5.8327057173771095,5.799179444525883,0.033526272851226224,503.26871185302736,490.4932928466797,447.5408599853516,503.17638129490473,490.78083395492973,513.4225206478733,503.26871185302736,493.11490305818137,0.04035144071428481,1.7104660824158617,0.008403847111814855,0.005168204589624414,4.1656439903900475
2024-03-28 04:00:00+00:00,512.1741097012416,513.5445440719409,511.7531867321709,512.0370483398438,96294900,67.59617536196805,5.842039488747332,5.807751453370173,0.034288035377159076,504.07942962646484,491.5161114501953,448.0081034851074,504.02025434680365,491.61441098963223,514.3146084242661,504.07942962646484,493.8442508286636,0.040609388902799644,1.892437428363472,-0.00019116131571905726,0.0016659777329950387,3.99605208677433
2024-04-01 04:00:00+00:00,512.7810279269447,513.3194149926431,509.9813076393445,511.1462097167969,62477500,65.71350700705729,5.711712274293006,5.7885436175547405,-0.07683134326173402,504.612858581543,492.4391394042969,448.45709411621095,504.69891676299346,492.3803638808936,515.1491759727407,504.612858581543,494.0765411903452,0.04176000358300482,2.4184385046253163,-0.0017397932941282113,0.0018226224457820184,3.9490560343832106
2024-04-02 04:00:00+00:00,507.3089819922044,508.0333639379419,505.5860953386836,507.8963623046875,74230300,59.23225939778826,5.28526623266572,5.687888140576937,-0.4026219079112172,505.01063232421876,493.1812365722656,448.88732650756833,505.0034353860119,492.98883440731686,515.4112046574119,505.01063232421876,494.61005999102565,0.04118951826945261,1.1660255477412031,-0.006357960501966686,-0.0017891654188092465,4.064131630363929
2024-04-03 04:00:00+00:00,506.79989829415746,509.9618097488042,506.7509648748843,508.4542541503906,59155800,59.96229637040525,4.935429324692848,5.537396377400119,-0.6019670527072716,505.6861236572266,493.9145831298828,449.2941987609863,505.33208479214323,493.5953214560649,515.0910564586077,505.6861236572266,496.28119085584547,0.03719672089620609,0.7174496289703899,0.0010984363880290893,0.0011564866577096211,4.0031825763322155
2024-04-04 04:00:00+00:00,512.4776415616462,512.8202352661735,501.94458795883435,502.248046875,96858100,49.370759818513086,4.110014308447148,5.2519199636095255,-1.1419056551623772,505.92590484619143,494.49628662109376,449.6773135375977,505.0383668952725,493.93464402151335,514.7024696826692,505.92590484619143,497.1493400097136,0.03469506009638298,-1.4236835842883944,-0.012206028811305725,-0.01930526686369949,4.494072914261285
2024-04-05 04:00:00+00:00,503.60867026854095,509.4625167939743,503.1681500346875,507.4949035644531,74546500,56.38491048352331,3.8350365323882443,4.96854327736527,-1.1335067449770255,506.18113403320314,495.1725817871094,450.097703704834,505.2723227685278,494.4664189055502,514.8275090935014,506.18113403320314,497.53475897290485,0.03416316602479733,-0.7219535341103359,0.010446743839222838,-0.008870734627733357,4.688386986026502
2024-04-08 04:00:00+00:00,508.1998218889902,509.20806548437,506.96638895369995,507.7788391113281,48401800,56.73423041125304,3.598544112920308,4.6945434444762775,-1.0959993315559693,506.60132904052733,495.8030303955078,450.53036087036133,505.51103861069925,494.98847459989446,514.6821223399655,506.60132904052733,498.5205357410891,0.031901982234206795,-0.47772661704059877,0.0005594845285750161,-0.006587881395686113,4.513621953501043
2024-04-09 04:00:00+00:00,509.5212227680921,509.7659495801806,503.50091929161425,508.3661193847656,68049200,57.49256664261651,3.4190975483929265,4.439454265259608,-1.0203567168666812,507.0723571777344,496.45732482910154,450.95835174560546,505.78295106537223,495.51308812086984,514.3738965433806,507.0723571777344,499.7708178120881,0.02879880656987571,-0.08659128780204238,0.0011565670488855595,0.0009249073530404051,4.638722548862849
2024-04-10 04:00:00+00:00,502.6493333372583,505.2727978988181,501.288697511792,503.2758483886719,82652800,49.408990594392144,2.833479932070304,4.118259398621747,-1.2847794665514432,507.0205078125,496.9344769287109,451.3768719482422,505.544179381877,495.8175100921562,514.4138445229388,507.0205078125,499.6271711020612,0.02916385667450325,-0.903989674664067,-0.010013002051069253,-0.01018460504450236,4.812915357727904
2024-04-11 04:00:00+00:00,504.8029632958507,508.52279948423035,501.2789205379683,507.0740356445313,70099000,54.54465823507805,2.6453616384721954,3.8236798465918374,-1.178318208119642,507.1980911254883,497.49500854492186,451.8229542541504,505.6898799783202,496.2589424667592,514.4153248708755,507.1980911254883,499.98085738010116,0.028459230709531585,-0.9881991257349142,0.007546929319219187,0.00960877558321771,4.986555614051771
2024-04-12 04:00:00+00:00,503.5205722422499,504.93999985889445,498.3421439610696,500.0748291015625,92561100,45.398789581127694,1.9094876769437406,3.440841412662218,-1.5313537357184774,507.07548065185546,498.0718914794922,452.2111354064941,505.1551132281528,496.4085850798888,514.6789506233575,507.07548065185546,499.4720106803534,0.0299894996371257,-2.336201897316972,-0.013803125482597989,-0.014620983207466298,5.254079619009623
2024-04-15 04:00:00+00:00,504.2645375653604,504.4309350820484,492.9581399821633,493.809814453125,92101400,39.08186139102126,0.8114144567604171,2.914956021481858,-2.103541564721441,506.8121536254883,498.4001239013672,452.5669256591797,504.07460858291205,496.3066725062902,515.7527223296689,506.8121536254883,497.8715849213076,0.03528158762659566,-3.3916705111199383,-0.012528154355805676,-0.027510056706282926,5.6982735819293
2024-04-16 04:00:00+00:00,494.2895037381496,495.81659688850766,491.6170757880816,492.90924072265625,73484000,38.257792646956766,-0.1299868476002075,2.305967447665445,-2.4359542952656525,506.3554946899414,498.6098303222656,452.9098838806152,503.01124021526863,496.1734398873242,516.9954074623752,506.3554946899414,495.7155819175076,0.042025465839761265,-2.950822784794915,-0.0018237258639058895,-0.030405013380544688,5.591219833250498
2024-04-17 04:00:00+00:00,495.3760558913513,495.5424832864925,488.5922350793865,489.9920654296875,75910300,35.636524332846335,-1.0987797806826052,1.6250180019958351,-2.7237977826784405,505.61348114013674,498.79632385253905,453.2132202148438,501.77131880711806,495.93103304584827,518.4233901399759,505.61348114013674,492.80357214029755,0.0506707573182321,-3.631042236346867,-0.005918280794841357,-0.02639463626461469,5.688293288525889
2024-04-18 04:00:00+00:00,491.39189812009806,493.4965428442261,488.04402200338075,488.9837646484375,74548100,34.75026275456045,-1.9257181264088672,0.9148707763148947,-2.840588902723762,504.58758239746095,498.93474182128904,453.50904495239257,500.55345650629135,495.6585911479106,519.1536278170141,504.58758239746095,490.0215369779078,0.05773445850706481,-2.6409823411147535,-0.002057790018223704,-0.03567579825517908,5.671452399405851
2024-04-19 04:00:00+00:00,488.9055122549044,489.9039870442403,483.44319225577453,484.7157897949219,102212600,31.211893668653417,-2.8921240194787288,0.15347181715616998,-3.0455958366348987,503.2641006469727,498.9073883056641,453.78672622680665,499.0451072956847,495.22946168308755,519.8603227095548,503.2641006469727,486.6678785843905,0.06595432513961087,-4.48854039903442,-0.00872825472351657,-0.03071348208874014,5.7278339986244164
2024-04-22 04:00:00+00:00,487.3294466640699,491.78349315664354,484.98007493251976,489.1795959472656,67961000,38.289293270115394,-3.260233854950684,-0.5292693172652009,-2.730964537685483,502.21226654052737,498.9650164794922,454.1035301208496,498.10553478631147,494.99221204638866,519.5621157365988,502.21226654052737,484.86241734445593,0.06909368946953565,-3.6628629890551037,0.009209120574001473,-0.009376521831562123,5.823538953131363
2024-04-23 04:00:00+00:00,491.19613039401867,495.4152186955436,488.99358884976584,494.9844970703125,64633600,46.061329001183154,-3.0484162990808272,-1.0330987136283263,-2.015317585452501,501.52115631103516,499.08253295898436,454.45473403930663,497.80829309907347,494.9919094983073,518.8664020320593,501.52115631103516,484.17591059001103,0.06917054446359953,-2.6322805167755514,0.011866605171472866,0.004210220008482146,5.866259731177536
2024-04-24 04:00:00+00:00,495.87527965691265,496.6681921802562,492.51763478656846,494.7495422363281,55928100,45.809846744590835,-2.86646542241715,-1.399772055386091,-1.466693367031059,500.8652877807617,499.1996435546875,454.79938766479495,497.5169834930977,494.9824048997983,518.1931301522894,500.8652877807617,483.537445409234,0.06919162814538042,-1.6941615973908248,-0.0004746710965192191,0.009709293562679688,5.743709564213979
2024-04-25 04:00:00+00:00,488.6509678289955,493.6336026966789,486.9966120039557,492.87005615234375,69122400,43.75202181437853,-2.841175557970928,-1.6880527559030585,-1.1531228020678694,499.9020431518555,499.41383544921877,455.12108474731446,497.0744189844545,494.8995676940158,516.7521604976247,499.9020431518555,483.0519258060863,0.0674136766456489,-2.801164818887477,-0.0037988637149392046,0.007947690260637463,5.8872253262252965
2024-04-26 04:00:00+00:00,495.6697122024128,499.1252537407124,495.0334284387707,497.5394287109375,64306100,49.7869273773153,-2.416497932343532,-1.8337417911911533,-0.5827561411523785,499.17716217041016,499.63378173828124,455.44888931274414,497.1187056250719,495.0030916554637,515.098511486154,499.17716217041016,483.2558128546662,0.06379037553127745,-0.5070042007873333,0.009473841026265362,0.02645599583508762,5.913509059235538
2024-04-29 04:00:00+00:00,499.3308186606218,499.9769010603671,496.55072552691377,499.3014526367187,46415400,51.88482175402807,-1.9156745457373177,-1.8501283421003862,-0.06554620363693142,498.5849243164063,499.8218280029297,455.7683609008789,497.3265862928478,495.17165483119925,513.5327619901822,498.5849243164063,483.6370866426304,0.059961049541441276,1.112095795357058,0.0035414759596970047,0.020691494030638635,5.735842378822523
2024-04-30 04:00:00+00:00,497.83310375268974,498.8120110716739,491.3919067382813,491.3919067382813,77483600,43.16641318147251,-2.1324214279497937,-1.9065869592702678,-0.22583446867952595,497.75970153808595,499.9004766845703,456.04964096069335,496.76137871622245,495.0234294157907,512.3789082703285,497.75970153808595,483.1404948058434,0.05874001726965415,-0.3078323267282175,-0.015841223486670275,-0.007257985559739444,5.89110691593787
2024-05-01 04:00:00+00:00,490.80456853459987,497.4709251521688,489.3264088866621,489.7962951660156,80242800,41.64610514927927,-2.4052215160411947,-2.0063138706244534,-0.3989076454167413,496.82680358886716,500.0008868408203,456.31538848876954,496.09803742572655,494.8184437589368,510.9706534268463,496.82680358886716,482.68295375088803,0.05693674228447391,-0.03995376200637018,-0.0032471262761669673,-0.010011625372957855,6.052064726621358
2024-05-02 04:00:00+00:00,493.51608978925526,495.2194087380846,489.0131104126853,494.3775329589844,62550200,47.376751658816886,-2.226088980308532,-2.0502688925612693,-0.17582008774726265,496.4332778930664,500.1841375732422,456.58781936645505,495.9341798574654,494.80115313933084,510.38859400974667,496.4332778930664,482.47796177638617,0.056222323273365564,1.103056727133836,0.009353353298468647,0.003058568455971855,6.063081412248354
2024-05-03 04:00:00+00:00,500.3782914621552,501.73895716286734,497.83312634253,500.5055541992187,72756700,53.89859080216307,-1.5715294419202905,-1.9545210024330737,0.38299156051278316,496.0838104248047,500.2891143798828,456.8859991455078,496.3695488423943,495.0248551416794,509.2408280289177,496.0838104248047,482.92679282069173,0.05304352743479538,3.2575304408749095,0.012395428254104557,0.005961588805064366,6.155820183079397
2024-05-06 04:00:00+00:00,502.9136076423856,505.7132680822078,502.47308742336617,505.6741333007813,47264700,58.56318999645479,-0.6284804229225642,-1.689312886530972,1.0608324636084077,495.9785751342773,500.4906317138672,457.2246467590332,497.2556997431931,495.4424738930167,508.7888418663491,495.9785751342773,483.1683084022055,0.05165653265810381,3.3718776273926645,0.010326716773067623,0.012763192717364813,6.088098304501517
2024-05-07 04:00:00+00:00,506.64330210533313,507.6320081205366,505.55672925106126,506.232177734375,52561300,59.045014853770674,0.16205418122757465,-1.3190394729792627,1.4810936542068374,495.8718780517578,500.7396130371094,457.5660845947266,498.1106024090199,495.8655995338543,508.2974331468728,495.8718780517578,483.4463229566428,0.05011599021882036,2.272329887225694,0.001103565313794297,0.030200479073005493,5.801468344856792
2024-05-08 04:00:00+00:00,504.3917525789641,506.8194234078402,504.2742884903253,506.2810363769531,42047200,59.0898678097632,0.7834696838160653,-0.8985376416201971,1.6820073254362624,496.0221374511719,500.9712249755859,457.8979844665527,498.8887389773945,496.2740480375053,508.86777748704026,496.0221374511719,483.1764974153035,0.05179462393302108,2.3307740899569596,9.651429665491484e-05,0.03365632074728131,5.5688731000466545
2024-05-09 04:00:00+00:00,506.4671120686162,509.23743672181314,505.8112608442941,509.1982421875,43643700,61.781225442368275,1.494116826755885,-0.4200067479449807,1.9141235747008658,496.1283477783203,501.2742572021484,458.238465423584,499.870596425976,496.78087918064233,509.3668674034896,496.1283477783203,482.889828153151,0.053367317890428395,3.312878482134708,0.005762028598627733,0.029978524994470623,5.415823298437538
2024-05-10 04:00:00+00:00,510.803637418781,511.616147241505,508.6304917998298,509.8541259765625,52233200,62.38046226655403,2.086185895403105,0.08123178072463642,2.0049541146784686,496.6173126220703,501.5548858642578,458.58188705444337,500.82140876412706,497.2935555255804,511.06952732621943,496.6173126220703,482.1650979179212,0.05820262136188304,2.475119870907687,0.0012880715892593653,0.018678257811346466,5.242239880097371
2024-05-13 04:00:00+00:00,511.5378590818016,511.6455245585536,508.7773329872566,509.9226379394531,36716400,62.446698260767846,2.531748816364143,0.5713351878525377,1.9604136285116052,497.4229537963867,501.7437860107422,458.94027572631836,501.6881924951105,497.7888136594578,512.9181209853639,497.4229537963867,481.92778660740953,0.06230177787621724,2.1272089729853407,0.00013437561726004077,0.00840166494366601,5.072665000897341
2024-05-14 04:00:00+00:00,510.1183975334321,512.7810566084371,509.5800104376199,512.26220703125,57535900,64.73037977497737,3.038617028811757,1.0647915560443815,1.9738254727673754,498.3906021118164,501.99021240234373,459.2889096069336,502.6952414985524,498.35639771325356,515.0135019592022,498.3906021118164,481.76770226443057,0.06670631338933798,4.24718030695698,0.0045880863443341635,0.011911588322698563,4.938977941605904
2024-05-15 04:00:00+00:00,514.7388946424787,518.8992510906287,514.1025809336553,518.6055908203125,59504900,70.04868335601564,3.9071328020357328,1.633259805242652,2.273872996793081,499.82127838134767,502.4634356689453,459.6650471496582,504.2105128625295,499.15048371745195,518.1449115090908,499.82127838134767,481.49764525360456,0.07332074051382327,5.881893337827721,0.01238307980169906,0.02434330649940253,5.060268378589675
2024-05-16 04:00:00+00:00,518.7034152838155,520.3088376274046,517.3916531865508,517.5385131835938,50244800,68.18604911846109,4.457945145626354,2.1981968733193926,2.2597482723069615,501.24901580810547,502.86515747070314,460.042193145752,505.47984622644043,499.8715829122026,520.403428756208,501.24901580810547,482.09460286000296,0.07642673539107932,4.684877179993312,-0.002057589921140024,0.016379221892566243,4.907190954465685
2024-05-17 04:00:00+00:00,517.6559557052394,518.3510013823711,516.1973934194888,518.282470703125,59187600,68.80877489200707,4.898037522981895,2.7381650032518934,2.1598725197300013,502.92734985351564,503.18300048828127,460.45380966186525,506.69914379564847,500.5935785118466,521.8741838731091,502.92734985351564,483.9805158339221,0.07534620666429076,3.5517920540059524,0.0014374920910811273,0.01653089442086797,4.710506455066875
2024-05-20 04:00:00+00:00,518.399983619737,520.3479997283454,518.0083967722392,518.879638671875,37764200,69.32776338731806,5.234658482542784,3.2374636991100716,1.9971947834327124,504.41235198974607,503.5730944824219,460.8746588134766,507.85919092671764,501.3106789102791,523.4716423806051,504.41235198974607,485.35306159888705,0.0755702762459174,2.6114654678685914,0.0011522056069923625,0.017565411036890355,4.541156205141113
2024-05-21 04:00:00+00:00,518.1160765100145,520.3088192688843,517.9104844709608,520.1521606445312,33437000,70.45586956728705,5.540250349162193,3.698021029120496,1.8422293200416968,505.67073516845704,503.9972265625,461.31170120239256,509.0299499474618,502.04956054691644,525.3860556813654,505.67073516845704,485.9554146555487,0.07797690924842816,2.74972305641547,0.0024524415255788856,0.01540217783975617,4.388097533197001
2024-05-22 04:00:00+00:00,519.457191149343,520.1717743707599,516.471476037249,518.6544799804688,48390000,67.31772753625964,5.597064318763273,4.077829687049052,1.5192346317142214,506.86598205566406,504.2840594482422,461.72236877441406,509.9465718553672,502.70073385803613,526.6861848118853,506.86598205566406,487.0457792994429,0.07820687699670682,2.4439871759887404,-0.0028793125884677417,9.427040707166157e-05,4.338969018933708
2024-05-23 04:00:00+00:00,521.7185015997201,521.8261670726438,513.6522545564001,514.8661499023438,57211200,60.03381635529605,5.27558951015277,4.317381651669796,0.9582078584829743,507.9657867431641,504.51093505859376,462.12358642578124,510.4151030979364,503.1778089970286,526.9822402672017,507.9657867431641,488.9493332191264,0.07487296987445616,1.1131043364357647,-0.0073041499193599035,-0.005163602733275208,4.612893554455852
2024-05-24 04:00:00+00:00,516.7162769685657,519.0852760314796,515.7667654147743,518.2727661132812,41291100,63.82443897226682,5.235353964562364,4.50097611424831,0.7343778503140541,509.00245361328126,504.825849609375,462.55636505126955,511.1634519565407,503.76976809962673,527.8924448313167,509.00245361328126,490.11246239524587,0.07422357626742293,1.6511860369069067,0.006616508410163702,-1.872451875628567e-05,4.584767309790135
2024-05-28 04:00:00+00:00,519.0852065742038,519.3201347726647,515.9918259671035,518.6348876953125,36269600,64.21299982979545,5.17305542724398,4.635391976847444,0.5376634503965363,509.96912536621096,505.2170202636719,462.99017944335935,511.87501726499517,504.3527139661242,528.7528636625481,509.96912536621096,491.18538706987385,0.07366617844893424,1.708543435346333,0.0006987084904093166,-0.00047169123303614224,4.49502027377378
2024-05-29 04:00:00+00:00,514.5920494378546,516.1876733248712,514.2885905251699,515.003173828125,45190300,57.53814907517883,4.7755844649854,4.663430474475035,0.11215399051036457,511.1496887207031,505.4762353515625,463.4070942687988,512.1729369376742,504.7703790587517,527.9811955885625,511.1496887207031,494.31818185284374,0.06585744739465656,0.5350710552628745,-0.007002448067707001,-0.009899001111570938,4.484397194942984
2024-05-30 04:00:00+00:00,513.4566305088902,514.1222805033163,510.33391289299567,511.5868835449219,46377600,52.056383967468136,4.137228395439138,4.558190058667856,-0.4209616632287183,512.2392181396484,505.6113262939453,463.7950149536133,512.1171223288407,505.03769296017015,525.9284865871,512.2392181396484,498.5499496921969,0.05344873239955453,-1.3533805650434032,-0.006633532484487725,-0.013626791454328213,4.497601747813437
2024-05-31 04:00:00+00:00,512.5461599640777,516.373661669616,507.4264335525969,516.2463989257812,90785800,57.94190362100729,3.961643204433642,4.438880687821014,-0.4772374833873716,513.3326614379882,505.74621948242185,464.23151153564453,512.5103867666445,505.4772500568608,524.3787982156842,513.3326614379882,502.2865246602922,0.04303695286698773,-0.24966533405681637,0.009107964904362609,0.002680791937281768,4.815432202756699
2024-06-03 04:00:00+00:00,517.8615954221938,518.1454570499837,511.5769670953754,516.6672973632812,46835700,58.43823220418449,3.8125054719714058,4.313605644651092,-0.5011001726796867,514.1407485961914,505.85585693359377,464.68585067749024,512.9062830139433,505.9160754414263,523.5599917514787,514.1407485961914,504.7215054409042,0.036640718250811825,-0.3116395848102935,0.0008153053239223773,-0.0030977293328375843,4.940650613603247
2024-06-04 04:00:00+00:00,515.3555282041269,517.9887910753831,513.8871673409229,517.2448120117188,34632700,59.15055397868651,3.6982818589835347,4.190540887517581,-0.492259028534046,514.7192825317383,505.9964276123047,465.15930023193357,513.3194762518267,506.36033962065346,523.3780158447312,514.7192825317383,506.06054921874534,0.03364448780859113,-0.3150685704956075,0.001117768922834328,-0.0026802587264634914,4.880720122235886
2024-06-05 04:00:00+00:00,519.574631475195,523.4119312490825,517.5776224033007,523.392333984375,47610400,65.85846147702392,4.05704537529914,4.163841785073893,-0.10679640977475291,515.5772903442382,506.28814025878904,465.662470703125,514.2787960358789,507.0282609682504,524.1017919538349,515.5772903442382,507.05278873464164,0.033067793206737355,0.622927978580111,0.011885130270802957,0.016289530982676492,4.972605773316447
2024-06-06 04:00:00+00:00,523.695948019033,524.1266697359112,521.4444725776239,523.3826904296875,30808500,65.84019672606138,4.291124480582084,4.189298324175532,0.10182615640655257,516.432373046875,506.59845581054685,466.15183990478516,515.145833597194,507.6696111432087,524.4724755656586,516.432373046875,508.39227052809144,0.031137097278964656,0.9116301182623165,-1.8425097314866967e-05,0.023057289512642187,4.809005157957222
2024-06-07 04:00:00+00:00,522.4037454552046,525.5656572802073,521.3073738449024,522.7463989257812,43224500,64.5678020678931,4.374859790898768,4.226410617520179,0.1484491733785882,517.1097808837891,506.8106848144531,466.64379028320315,515.8696969618214,508.2608577229175,524.8760269334763,517.1097808837891,509.34353483410183,0.030037126880152927,1.5305432343789103,-0.001215728979083841,0.012590886858533823,4.769667892053491
2024-06-10 04:00:00+00:00,521.9337792468638,524.684506328859,521.3366601422468,524.3614501953125,35686100,66.34561961717495,4.519444425429697,4.285017379102083,0.2344270463276139,517.8351470947266,507.0571728515625,467.1201840209961,516.6784353650111,508.8922535061487,525.4639339628063,517.8351470947266,510.2063602266469,0.029464152485131314,1.1748030149630548,0.0030895502539092234,0.014891890528579976,4.668109198807683
2024-06-11 04:00:00+00:00,522.8050098767842,525.6829996240797,520.8275980833798,525.624267578125,36383400,67.70988123001663,4.681956914070838,4.364405286095834,0.31755162797500436,518.6202285766601,507.34673400878904,467.6326251220703,517.5304193853076,509.548410920736,526.0596839801156,518.6202285766601,511.18077317320467,0.028689414695114514,1.347649386617936,0.0024082956181126214,0.01620017324836187,4.681487223228552
2024-06-12 04:00:00+00:00,530.2056082912144,532.6430781044711,528.9036447482033,529.9412841796875,63251300,71.90305627580253,5.1003032718024315,4.511584883237154,0.5887183885652778,519.504182434082,507.7876324462891,468.1517364501953,518.7124065085819,510.3481314406949,527.8569287735072,519.504182434082,511.15143609465684,0.03215660863513849,2.900586076105986,0.008213122695901465,0.012512506909411414,4.848438887736949
2024-06-13 04:00:00+00:00,531.6934867577844,531.8696828897467,528.2085794030994,531.0082397460938,44760900,72.84174689903675,5.455057662538479,4.700279439097419,0.7547782234410603,520.1243148803711,508.2387121582031,468.66267150878906,519.8834382454878,511.1583317663968,529.847343624387,520.1243148803711,510.4012861363553,0.037387326321216746,3.7962967436921216,0.0020133467579486197,0.014569739228757816,4.763629216230547
2024-06-14 04:00:00+00:00,529.4714728215465,531.3607570534568,528.4631694567662,531.3314208984375,40089900,73.13452747220387,5.696614070139162,4.899546365305768,0.7970677048333945,520.8139602661133,508.82037963867185,469.1442301940918,520.9737223076735,511.9494333009867,531.6036505258787,520.8139602661133,510.0242700063479,0.04143395178674688,2.9220585371724725,0.0006086179613677967,0.016422919393224156,4.630340529120553
2024-06-17 04:00:00+00:00,530.6461064563005,536.9600707352853,530.1859889386527,535.5601806640625,55839500,76.67749585075222,6.158285948336129,5.151294281911841,1.0069916664242884,521.6778457641601,509.3816851806641,469.6379736328125,522.3629088178058,512.8753449622837,534.1534515053738,521.6778457641601,509.2022400229464,0.04782877341835091,3.6566826267498804,0.007958798594057459,0.021356891252357846,4.783464905371411
2024-06-18 04:00:00+00:00,535.618874007655,537.0481001268946,535.1979510525092,536.9208374023438,41376400,77.69670220386722,6.558357205836728,5.432706866696819,1.1256503391399093,522.5799057006836,509.9645251464844,470.14171646118166,523.7493782068094,513.8183054501293,536.6258893374376,522.5799057006836,508.53392206392965,0.053756309737630945,3.8040063300198392,0.0025406234208713574,0.021491720457027297,4.573942346015268
2024-06-20 04:00:00+00:00,537.8509390329639,538.516588963037,533.6807835245372,535.46240234375,70328200,73.96557722828256,6.680721836459838,5.682309860649423,0.9984119758104155,523.3454177856445,510.5064508056641,470.63409942626953,524.8649043150895,514.6670935636046,538.4105621943536,523.3454177856445,508.2802733769354,0.05757247086427951,2.3061224965773635,-0.00271629439015586,0.01041835827644344,4.592646852621301
2024-06-21 04:00:00+00:00,534.636494014271,535.8640759164524,533.2812387990208,534.7445068359375,64338600,72.12942574204735,6.64318996140787,5.874485880801113,0.7687040806067573,524.149919128418,511.13582397460937,471.13233627319335,525.8058188408845,515.4544431036961,539.8329211736278,524.149919128418,508.4669170832082,0.05984166542003198,2.1708429823925126,-0.0013407019889168925,0.0070361753550760575,4.449089014393466
2024-06-24 04:00:00+00:00,534.5676136935514,537.1406199465806,532.8882604765938,533.006103515625,45528700,67.74388692348478,6.399402729346093,5.9794692505101095,0.41993347883598364,525.056916809082,511.65446533203124,471.6365054321289,526.4915602384789,516.1427435120071,540.5847853089945,525.056916809082,509.5290483091697,0.05914737241927825,1.962654283401464,-0.003250904493808715,0.003151860686792629,4.4350369040787045
2024-06-25 04:00:00+00:00,534.2338154405055,535.4221363045356,532.7116258646143,535.0587768554688,37936200,70.05879495975415,6.299219691685835,6.043419338745255,0.2558003529405797,525.8962173461914,512.3541442871094,472.1575724792481,527.3074856305732,516.8845487411625,541.6791036262427,525.8962173461914,510.11333106614006,0.060022817276366346,2.0400673345021345,0.003851125392945187,-0.0009362230925608062,4.31185644235317
2024-06-26 04:00:00+00:00,533.9391352589275,536.4433900198844,533.2909984741738,535.7265014648438,38550600,70.79308827095565,6.202208509176444,6.075177172831493,0.12703133634495067,526.7507980346679,513.1924780273438,472.6787333679199,528.1092966624085,517.6234488479735,542.7182581403797,526.7507980346679,510.7833379289561,0.06062623982834826,1.9219496720092413,0.001247946278536416,-0.002224417184623073,4.229037521164419
2024-06-27 04:00:00+00:00,535.588979563753,537.1504898569925,534.8426003010983,536.571044921875,35041500,71.73720292682377,6.122893146128149,6.084720367490825,0.03817277863732382,527.8291915893554,514.0657141113281,473.1899282836914,528.9151774490243,518.3664918312637,543.3853532778259,527.8291915893554,512.273029900885,0.05894392328559543,1.2510368488180557,0.0015764451725310824,0.0020704396298831806,4.091812666502263
2024-06-28 04:00:00+00:00,537.3469307192006,540.4110302137201,533.2124733406529,534.4596557617188,76144500,65.99375228890395,5.822545015338505,6.032285297060362,-0.20974028172185655,528.9728302001953,514.9550659179688,473.7024789428711,529.4432230026142,518.9975962991247,542.8578086407675,528.9728302001953,515.087851759623,0.0524978889192374,0.6499740978172627,-0.003934966637015758,-0.0005326863026685613,4.313722966971189
2024-07-01 04:00:00+00:00,535.8443476992247,536.08986404863,532.7901386983468,535.5595703125,40297800,67.4555289192289,5.60861821019148,5.947551879686586,-0.3389336694951055,529.9384887695312,515.88658203125,474.2180110168457,530.0257322702224,519.6470854761197,542.7972312768667,529.9384887695312,517.0797462621957,0.04852918887696685,0.7957649873054843,0.0020579935995610477,0.004790689600049136,4.2412945657791905
2024-07-02 04:00:00+00:00,533.9490526752437,539.163818359375,533.8999613857427,539.163818359375,40434800,71.7420362594927,5.664614224596903,5.89096434866865,-0.2263501240717467,531.0633148193359,516.975542602539,474.7329203796387,530.8960261834751,520.4124475499729,542.9831621858359,531.0633148193359,519.1434674528359,0.04489049434926622,0.6728725968469511,0.006729873288926491,0.0076721318880730305,4.314334737768698
2024-07-03 04:00:00+00:00,538.8494837936086,541.9331836330194,538.8102227549504,541.56982421875,32789900,74.18627552504864,5.835863828943275,5.879944244723575,-0.044080415780300086,532.2795654296875,518.0233471679687,475.2861361694336,531.9125783773109,521.2421485958073,543.2364282578467,532.2795654296875,521.3227026015284,0.04116957907002924,0.8658607549854715,0.00446247648200182,0.010907287091321383,4.2292366049330115
2024-07-05 04:00:00+00:00,541.874286937383,545.0954305299725,541.2359204016998,544.6928100585938,41488400,76.9707352663143,6.152655251721399,5.93448644612314,0.21816880559825869,533.3445892333984,519.0175134277343,475.8537033081055,533.1297432993379,522.1617823786617,544.7698635021462,533.3445892333984,521.9193149646507,0.04284387429586518,1.7238199497185462,0.005766543297254234,0.01513642082177813,4.20282757088585
2024-07-08 04:00:00+00:00,545.4783931483458,546.273863702814,544.2508114321598,545.3212890625,36110500,77.49680095408905,6.380873007751234,6.023763758448759,0.357109249302475,534.441519165039,520.0289483642578,476.42888397216797,534.2908428958295,523.0699983270475,546.0417024920641,534.441519165039,522.841335838014,0.04341048706376003,1.9779132074015888,0.0011538228379379678,0.020322643970761778,4.047129335155014
2024-07-09 04:00:00+00:00,546.2837958126063,547.1872793408481,545.557076891595,545.8516845703125,27289700,77.95449338936328,6.529270344206907,6.124865075600389,0.40440526860651804,535.5967834472656,521.0885809326172,477.02649520874024,535.3918754362564,523.9633977875677,546.9064659541457,535.5967834472656,524.2871009403855,0.042232077773460525,2.4100251329131233,0.0009726293809735331,0.019217496667657485,3.891333688240237
2024-07-10 04:00:00+00:00,547.0791519482386,551.5966285839402,546.7845443312167,551.2529296875,38701200,81.97502042663811,7.001996980758918,6.300291456632095,0.7017055241268224,536.941357421875,522.1628509521485,477.68634521484375,536.9024520316129,525.0335755091337,548.9602526321788,536.941357421875,524.9224622115711,0.04476799950002964,3.0266119410663643,0.009895078223380871,0.022421963263245415,4.023734425767911
2024-07-11 04:00:00+00:00,551.3708220113514,552.2448746370588,545.8614492888662,546.499755859375,53054200,69.89462437725128,6.913401453526035,6.422913456010884,0.49048799751515126,537.9851318359375,523.1068170166016,478.3271435546875,537.8164809675902,525.8753865032609,549.506992518924,537.9851318359375,526.463271152951,0.042833379590498225,2.0109616315552437,-0.008622491731371862,0.00910303975620641,4.192283777369678
2024-07-12 04:00:00+00:00,547.6291782325719,553.5608321512885,547.1578059832891,549.9468383789062,53084400,73.0019367596935,7.040184743394207,6.546367713487548,0.49381702990665843,538.9854095458984,524.277915649414,478.9763809204102,538.9717531020012,526.8193650081881,551.0031813556221,538.9854095458984,526.9676377361747,0.04459405244327061,2.492828039011828,0.006307564610181116,0.00964585583523192,4.397197528408525
2024-07-15 04:00:00+00:00,551.9502612295888,554.7098626844446,549.5932802263559,551.459228515625,40584300,74.25736172102675,7.179932861822408,6.673080743154521,0.5068521186678874,540.007958984375,525.5111743164063,479.66403930664063,540.1610364747273,527.7856341653426,552.6030609763792,540.007958984375,527.4128569923708,0.04664783836035502,3.1807027098571625,0.0027500660630705998,0.011255638788056688,4.448582166242824
2024-07-16 04:00:00+00:00,552.7750698341409,555.0239777080099,552.0188604006079,554.7293701171875,36475300,76.77242766156024,7.468465528387128,6.8321577002010425,0.6363078281860854,541.1778564453125,526.7182110595703,480.3672222900391,541.5484968216283,528.8422512614934,554.6481749430118,541.1778564453125,527.7075379476132,0.04978148435776028,3.579396367336296,0.005929978922222023,0.01626391526823512,4.385451239538683
2024-07-17 04:00:00+00:00,548.7781042114635,550.4574575343235,546.627378702753,546.9514770507812,57119000,61.40559510368655,6.988954460957984,6.863517052352432,0.12543740860555275,541.7474212646484,527.6471295166016,481.0195123291016,542.063066367262,529.5524169787204,555.1827160823398,541.7474212646484,528.3121264469571,0.04959984779005738,1.4443956412177965,-0.014021058709696832,-0.007803047213113645,4.6509183948883805
2024-07-18 04:00:00+00:00,548.4933484542273,549.4852440848026,540.5582433501387,542.7482299804688,56270400,54.998811912971256,6.19832118644058,6.730477879170062,-0.5321566927294814,542.0387908935547,528.3886114501953,481.65584045410156,542.1283200447102,530.0698998415342,555.2943068419004,542.0387908935547,528.7832749452091,0.048909842509588054,0.21759073512241522,-0.007684862819965055,-0.006864643284253513,4.956352847729491
2024-07-19 04:00:00+00:00,542.5126427347755,544.1429051396725,538.0835174453183,539.1441650390625,65509100,50.165654521782606,5.2207392673595905,6.428530156807968,-1.2077908894483773,542.2228790283203,529.046851196289,482.2749742126465,541.8441148060771,530.4257533786921,555.207452328483,542.2228790283203,529.2383057281577,0.04789385989551528,-1.0186741805779245,-0.006640399253878604,-0.019643122909274502,5.035141051059827
2024-07-22 04:00:00+00:00,543.0822047176163,545.3115125146927,541.1377342686712,544.70263671875,43346700,56.512903253751766,4.838742749452308,6.110572675336837,-1.2718299258845285,542.7207855224609,529.815283203125,482.9496977233887,542.1163549882364,530.9856311567336,555.2767454535356,542.7207855224609,530.1648255913863,0.04627042216187615,-0.11344731191653429,0.010309805874064715,-0.0122522055076707,5.116012938529139
2024-07-23 04:00:00+00:00,544.5945249198012,546.7550807862475,543.3571728667828,543.8482055664062,34439600,55.34596182509761,4.4161556107402475,5.771689262417519,-1.3555336516772716,543.262890625,530.5082824707031,483.60522964477536,542.2812931385382,531.4900458394659,555.0040926041102,543.262890625,531.5216886458898,0.043224752442054225,-0.3670372484942248,-0.0015686194535257103,-0.019615266717323054,4.99329115145311
2024-07-24 04:00:00+00:00,539.0164184333124,539.3208563195052,530.6001104911534,531.5232543945312,74515300,41.90430278185088,3.0515552734146922,5.227662464616954,-2.176107191202262,543.0861145019531,530.9416650390625,484.19991470336913,541.2567180200614,531.491348135743,555.408173580679,543.0861145019531,530.7640554232273,0.04537791981673475,-3.5790603968587185,-0.022662483843334247,-0.02820766247755757,5.582920003153093
2024-07-25 04:00:00+00:00,531.6411201045629,537.6415857024604,527.8111007222136,528.7538452148438,61158300,39.5782977463268,1.726726866322224,4.527475344958009,-2.800748478635785,542.7374816894531,531.3182891845703,484.756259765625,540.0659682290883,531.3839950800215,556.213273627601,542.7374816894531,529.2616897513053,0.04965860067817648,-3.247194615233756,-0.005210325525347281,-0.02578430290989364,5.886317501516926
2024-07-26 04:00:00+00:00,532.5544244069231,537.3763388802067,531.7785544219373,534.6756591796875,53763800,46.42618946774805,1.1414735090570503,3.850274977777817,-2.708801468720767,542.6427124023437,531.766558227539,485.32884963989255,539.5526054624787,531.513079946675,556.3158485255314,542.6427124023437,528.9695762791561,0.05039461808177631,-2.7768464392365697,0.011199566714143794,-0.00828814656475274,6.0817586560773575
2024-07-29 04:00:00+00:00,536.227341129643,537.2388372702122,532.9864775250034,534.9899291992188,39515800,46.77097206708129,0.695003404392537,3.2192206631007614,-2.5242172587082243,542.6692260742187,532.0942449951172,485.89207641601564,539.1180648659778,531.6494269761865,556.2807055859436,542.6692260742187,529.0577465624939,0.05016492131014354,-2.986494461383306,0.0005877769338020755,-0.01783121076490457,5.951087305301037
2024-07-30 04:00:00+00:00,536.463088435743,537.5237359172042,528.8619113563942,532.2794799804688,46853600,44.132948039727005,0.12106645132882932,2.5995898207463752,-2.478523369417546,542.5052215576172,532.3890643310547,486.43310089111327,538.4667710673579,531.6741349371388,556.5282279521367,542.5052215576172,528.4822151630977,0.05169722184150502,-4.0469986530506175,-0.005066355590668814,-0.02127197528194269,6.14471139498025
2024-07-31 04:00:00+00:00,539.1342609978949,543.5732159258974,537.7594053591405,540.9314575195312,65663400,53.20596351522576,0.3602073151348577,2.1517133196240716,-1.791506004489214,542.593603515625,532.8420440673829,487.03031188964843,538.701503110422,532.0371671952719,556.5533962949465,542.593603515625,528.6338107363034,0.05145579560419408,-1.1006496524537361,0.01625457652318274,0.017700454396331278,6.512498862869426
2024-08-01 04:00:00+00:00,542.6598433710025,544.9185816284977,529.7554906256498,533.2713012695312,76428700,46.071871884468194,-0.06760313134338958,1.7078500294305794,-1.775453160773969,542.178677368164,533.129877319336,487.59971923828124,538.1843410303371,532.0855646099487,556.7168546484828,542.178677368164,527.6405000878452,0.05362873121787011,-1.746100344035859,-0.014161047843521679,0.008543589981557353,7.130398301439314
2024-08-02 04:00:00+00:00,526.1416363743401,527.3593881074288,519.1198434759149,523.3427734375,82789100,38.808516062391845,-1.1940311642580355,1.1274737906928565,-2.3215049549508917,541.1111755371094,533.1936895751953,488.09742111206054,536.7708584024479,531.7427100541664,557.7392975217709,541.1111755371094,524.4830535524478,0.06145917044923869,-2.930828640316945,-0.018618155164913053,-0.021195813850166112,7.6319025508805325
2024-08-05 04:00:00+00:00,502.46402760588046,514.1898925589088,501.1185726401647,508.10107421875,146267400,30.784866539108833,-3.2788151030599693,0.24621601194229134,-3.5250311150022604,539.2501647949218,532.9826214599609,488.5190116882324,534.0404027659052,530.8155870802285,561.0911662242745,539.2501647949218,517.4091633655692,0.08100508022156604,-6.71954935274138,-0.029123740676950893,-0.05026048811931172,8.674209568484445
2024-08-06 04:00:00+00:00,509.9079571187549,520.2491343271334,508.58219283381527,512.7854614257812,84826300,35.21792874615022,-4.501144108648077,-0.7032560121757824,-3.797888096472295,537.5968536376953,532.9410076904297,488.9922589111328,532.0161226382744,530.1085233290737,562.0397602676544,537.5968536376953,513.1539470077362,0.09093396460401167,-5.711657006990364,0.009219400321548,-0.03662365221256103,8.922341749905803
2024-08-07 04:00:00+00:00,518.9920917478671,522.0561910508441,508.7589866968387,509.3580322265625,70698300,33.52598952005215,-5.6809273499022765,-1.6987902797210814,-3.982137070181195,535.5021087646485,532.7627130126953,489.4667385864258,529.8582092657304,529.2947785799556,561.9991347206053,535.5021087646485,509.00508280869167,0.09896142525781229,-4.170132159733556,-0.006683943787503033,-0.05836862481200544,9.234831935912913
2024-08-08 04:00:00+00:00,514.513885136989,521.7615329757872,512.4810623968182,521.133056640625,63276600,43.55826230148587,-5.601200849479483,-2.479272393672762,-3.121928455806721,534.233773803711,532.8126763916016,490.02555786132814,529.0272423490536,528.9747110529231,560.9313761994816,534.233773803711,507.53617140794023,0.09994726542908527,-1.4412734097701483,0.02311738240897121,-0.022761856113406753,9.46116542257804
2024-08-09 04:00:00+00:00,520.3080694804698,524.9237888690128,519.0804877250338,523.4310302734375,45619600,45.29348185889561,-5.29159158243408,-3.0417362314250256,-2.2498553510090544,532.9079833984375,532.9812335205078,490.59941467285154,528.4942697704236,528.7573118066688,558.9788649864302,532.9079833984375,506.83710181044495,0.09784383946261985,-2.1030747731254094,0.004409571804225854,0.00016864059354015914,9.202746545535254
2024-08-12 04:00:00+00:00,524.6292597384992,526.1219586169184,521.4277164507776,523.7061157226562,42542100,45.50944644359622,-4.9667730429886205,-3.426743593737745,-1.5400294492508757,531.5203277587891,533.2236181640625,491.1592417907715,528.0382550992076,528.5592256857271,556.4220073957748,531.5203277587891,506.6186481218034,0.09369982044519815,-2.109163717053943,0.0005255428763462078,0.030712474930111755,8.880710518435652
2024-08-13 04:00:00+00:00,526.9075349868316,532.5544105776438,526.6620186567962,532.3186645507812,52333100,51.910383277272096,-3.9686432489517074,-3.5351235247805377,-0.4335197241711697,530.3997924804687,533.5450634765625,491.79167861938475,528.4459131422146,528.7066546608273,552.9268160386563,530.3997924804687,507.8727689222811,0.08494356098005867,0.007361653376894752,0.016445385244815425,0.03809234971422293,8.878395113903645
2024-08-14 04:00:00+00:00,533.1142249967176,535.1864287265759,530.4332054014179,533.9981079101562,42446900,53.06811690894311,-3.007433333229642,-3.4295854864703585,0.42215215324071664,529.7521240234375,533.8916796875,492.45681106567383,528.9746935963043,528.9141626313892,551.0497017033872,529.7521240234375,508.4545463434879,0.08040582270136362,-1.2817427259949399,0.003154958620119608,0.048374766126459745,8.583739986136093
2024-08-15 04:00:00+00:00,539.644959128727,543.4357173403401,539.036083351339,543.1509399414062,60846800,58.87845696676622,-1.4899354499489164,-3.0416554791660704,1.551720029217154,529.7722595214843,534.4098022460937,493.17679504394533,530.3248122958378,529.4724676239389,551.1196502958111,529.7722595214843,508.42486874715763,0.08059082139789166,1.8526477326559778,0.017140195621797805,0.042250022369939355,8.644730660710936
2024-08-16 04:00:00+00:00,541.5305297582873,545.066001447727,541.3734256554437,544.3687133789062,44430700,59.595197955977035,-0.18688896575531544,-2.4707021764839197,2.283813210728604,530.0334869384766,534.8293298339844,493.8790071105957,531.6623266847014,530.0566341241337,551.9534071996121,530.0334869384766,508.11356667734105,0.082711454280925,4.017623058650539,0.0022420534476683684,0.04000084422685268,8.291005312966103
2024-08-19 04:00:00+00:00,544.7812454195989,549.57373046875,543.9268531203944,549.57373046875,39121800,62.59608882717767,1.251361226643212,-1.7262894958584933,2.9776507225017053,530.2770416259766,535.3531506347656,494.5945603942871,533.3681746641346,530.8220104513736,552.9391920336627,530.2770416259766,507.61489121829055,0.08547287032528371,8.162284701674336,0.009561565464583976,0.04939337916724407,8.102139029779638
2024-08-20 04:00:00+00:00,549.1218730431605,550.7815659083177,547.3345068852593,548.679931640625,33732300,61.74799792491576,2.292634704750185,-0.9225046557367578,3.2151393604869427,530.5186279296875,535.8718212890625,495.28397048950194,534.8264372333241,531.5223210862462,553.8475280188616,530.5186279296875,507.18972784051334,0.08794752478424196,6.999900136606932,-0.001626349256837023,0.030735850871678183,7.769633315013834
2024-08-21 04:00:00+00:00,549.7308200651719,552.0288197515467,544.7811716197107,550.5655517578125,41514600,62.890302014232404,3.2327402060084296,-0.0914556833877203,3.32419588939615,531.4707427978516,536.3959033203125,495.9434454345703,536.3254005213706,532.2691144459154,556.3863095104372,531.4707427978516,506.555176085266,0.0937608214571555,8.090089273966901,0.0034366485968408966,0.03102528567468954,7.7323486590725645
2024-08-22 04:00:00+00:00,552.4707057383962,553.0795814875313,545.0266332673548,546.244384765625,56121500,58.573517253020164,3.587741277919349,0.6443837088736937,2.9433575690456557,532.3452697753906,536.8083056640625,496.56221588134764,537.27006568749,532.8171642623746,558.0338288586596,532.3452697753906,506.65671069212164,0.0965108944956254,4.818602045104357,-0.007848596735468005,0.005695368629119013,7.755248627722847
2024-08-23 04:00:00+00:00,549.4951156938582,552.9912663344013,547.2952387130678,552.0484619140625,50639400,62.31514339693846,4.2879933856688695,1.373105644232729,2.9148877414361403,533.2139099121093,537.25044921875,497.20514709472656,538.6775319947826,533.571332797735,560.2960246404992,533.2139099121093,506.1317951837194,0.10158067606621106,5.467278396864513,0.010625422082696234,0.01410762291515244,7.683222409226666
2024-08-26 04:00:00+00:00,553.0796338099561,553.7965224345438,549.023698553154,550.7324829101562,35788600,60.97051384438867,4.6827795508513645,2.0350404255564563,2.6477391252949083,534.0010375976562,537.6449340820312,497.8354725646973,539.8256225581515,534.2443190766535,562.1384129063839,534.0010375976562,505.8636622889286,0.10538322335593586,5.160597972052821,-0.0023838106519552538,0.0021084567495937012,7.475336800095464
2024-08-27 04:00:00+00:00,549.4557648759409,551.9796801643517,548.3067651332959,551.4886474609375,32693900,61.484786460955924,4.99904076066241,2.627840492577647,2.3712002680847633,534.9614959716797,538.0480786132813,498.4680233764648,540.9363868346073,534.9205672485862,564.0921072891833,534.9614959716797,505.8308846541761,0.10890731963649872,3.6012231369594416,0.0013730160726774798,0.005119042374876148,7.2037352451640615
2024-08-28 04:00:00+00:00,551.1449533002178,551.5770644805714,545.085566530633,548.287109375,41066000,58.000155683582754,4.93446128273979,3.089164650610076,1.8452966321297137,535.3292785644531,538.3026171875,499.1011381530762,541.6364556479781,535.4447453711906,564.933970184662,535.3292785644531,505.72458694424427,0.11060367069627597,2.67585245213038,-0.005805265621835476,-0.004138367130922083,7.1528611526479455
2024-08-29 04:00:00+00:00,550.2610513664456,553.5706069059922,547.187181927915,548.336181640625,38715200,58.039410486415655,4.831546245354616,3.4376409695589842,1.3939052757956318,536.0825225830079,538.5309240722656,499.7015982055664,542.2745247901349,535.9502918915606,566.2015715576852,536.0825225830079,505.96347360833056,0.11236721103890723,0.9546594358794852,8.950103839011625e-05,0.0038294157950886643,7.097901425892892
2024-08-30 04:00:00+00:00,550.7128337345928,554.0813108649274,547.1479315360851,553.5706176757812,62700100,62.10772289584715,5.113416298693664,3.7727960353859205,1.340620263307744,537.5939147949218,538.8930883789062,500.33027145385745,543.3503431601965,536.6412850595692,568.0360950355476,537.5939147949218,507.151734554296,0.1132534405722904,1.6903808155613165,0.009546034367994505,0.0027572864824967347,7.086149847532136
2024-09-03 04:00:00+00:00,550.4181325533738,550.7520611429293,539.6547347846964,542.1786499023438,60600100,50.60761059793936,4.367221147175883,3.8916810577439134,0.47554008943196946,539.2977935791016,539.0417712402344,500.86048355102537,543.2387533261153,536.8584366220309,566.5989282864499,539.2977935791016,511.99665887175337,0.10124697349923005,-1.3456029930867939,-0.020579068703587944,-0.015531738681206386,7.573987922071614
2024-09-04 04:00:00+00:00,540.3324815937721,544.4865997200234,539.6057626718821,541.0690307617188,47224900,49.6433870041369,3.644309787649945,3.84220680372512,-0.19789701607517474,540.7119720458984,539.2030297851562,501.38053085327147,543.0321130818871,537.0235579608423,565.1537203130495,540.7119720458984,516.2702237787473,0.09040579654513856,-1.3871294428700276,-0.0020465932047026847,-0.01889361956441138,7.381620002505164
2024-09-05 04:00:00+00:00,541.0100633006934,543.8678474559043,537.2879967926923,539.7529907226562,44264300,48.463987578074956,2.9314123970117407,3.6600479223824443,-0.7286355253707035,542.2317199707031,539.2969140625,501.8913252258301,542.7198157143413,537.130594539737,562.0239038808161,542.2317199707031,522.4395360605902,0.07300267830580745,-1.9639007563467343,-0.002432295999661549,-0.015565054341824536,7.324350763984226
2024-09-06 04:00:00+00:00,540.0770882862281,541.7072905965744,529.7654008260863,530.6688842773438,68493800,41.18976454567936,1.6148100822473452,3.2510003543554244,-1.6361902721080792,542.7085113525391,539.19576171875,502.35397735595706,541.5721079584367,536.8771941372902,560.8339172469098,542.7085113525391,524.5831054581683,0.06679609961965972,-2.851379514860216,-0.01683011785289068,-0.03221982782609856,7.654174978734498
2024-09-09 04:00:00+00:00,534.8819058967794,537.8870234085998,532.947206027845,536.6102905273438,40445800,46.81274720845082,1.0388399913949797,2.8085682817633355,-1.7697282903683558,543.3674743652343,539.1965466308594,502.8294735717773,541.0995539173803,536.866727329057,559.4891000252858,543.3674743652343,527.2458487051829,0.059339678654431224,-2.796524662561602,0.011196070517853984,-0.03063805521262497,7.623029561057467
2024-09-10 04:00:00+00:00,538.5254119078065,539.3012819984793,533.6347450012723,538.9476928710938,36394600,48.88338814620472,0.7622021870502067,2.39929506282071,-1.6370928757705032,544.1295532226562,539.2863073730468,503.32146820068357,540.8946147701149,536.9483338209016,557.7007302585614,544.1295532226562,530.558376186751,0.04988215381990801,-2.139839287631961,0.00435586567199997,-0.005959211104738182,7.483280092211005
2024-09-11 04:00:00+00:00,538.8592992301786,545.3998284478084,530.2760571886295,544.4766845703125,75248600,53.49539885637035,0.9778362686317905,2.115003303982926,-1.1371670353511356,544.7374542236328,539.4646496582031,503.83260314941407,541.2357642748956,537.243563262055,557.1802575019357,544.7374542236328,532.2946509453299,0.045683670846670736,-1.2714609671310895,0.01025886514100205,0.006298001945881815,8.029029461280144
2024-09-12 04:00:00+00:00,545.0561445387712,549.367426167289,542.8268368290717,549.06298828125,51819600,56.9640542468508,1.5014959018701575,1.9923018235603724,-0.490805921690215,545.4906982421875,539.6626330566406,504.3653089904785,541.9812141802627,537.7070701255528,557.0331929614911,545.4906982421875,533.9482035228839,0.0423196756846583,0.14150960199199925,0.008423324342266225,0.01724862616532974,7.922712309632796
2024-09-13 04:00:00+00:00,549.6718037364791,552.9322678030146,549.4164571619145,551.9305419921875,39310500,59.02206993813268,2.1234102022671095,2.01852349930172,0.10488670296538949,545.9296783447265,539.8698474121094,504.9163372802734,542.9287692099698,538.2648533360091,557.7473682182643,545.9296783447265,534.1119884711887,0.04329381728932325,0.6555030420951163,0.005222631596265348,0.04006577047342352,7.633181396213639
2024-09-16 04:00:00+00:00,551.6654196124157,553.0108444429941,549.8584528057411,552.7457275390625,36656100,59.61333862076376,2.651495635636252,2.1451179265686267,0.5063777090676251,546.3485290527344,540.0309057617187,505.4692549133301,543.8637176222643,538.8327307557366,558.5042039942479,546.3485290527344,534.192854111221,0.0444978774358159,-0.14901263007457466,0.0014769712578917016,0.030069190428424264,7.313124984859308
2024-09-17 04:00:00+00:00,554.96524166877,556.4187395034558,550.7325413678777,552.9716796875,49321000,59.786539858163366,3.0530459826169363,2.3267035377782888,0.7263424448386475,546.5184265136719,540.1839135742188,506.0248573303223,544.7311425808582,539.387199341296,558.9417035662933,546.5184265136719,534.0951494610505,0.04546334194757706,1.990677756695191,0.00040878135674327076,0.02602105362339957,7.196915924196359
2024-09-18 04:00:00+00:00,553.6295424523687,558.4907782007374,550.771758494403,551.33154296875,59044900,57.847244431987434,3.2020212913469095,2.501767088492013,0.7002542028548966,546.6510070800781,540.2935107421876,506.56356018066407,545.3597521416098,539.8556049737451,559.2194715614336,546.6510070800781,534.0825425987226,0.04598350435130303,1.8967103315049563,-0.002966041081302495,0.012589810716775007,7.234209051491932
2024-09-19 04:00:00+00:00,560.7692368305202,562.6056945402063,557.8917920771589,560.73974609375,75315500,64.88379005406702,4.032761497145657,2.807965970222742,1.224795526922915,547.159716796875,540.4832470703125,507.1361831665039,546.824513470385,540.6745909000199,561.0724785107661,547.159716796875,533.246955082984,0.05085448101091109,3.888214744858629,0.017064510900899554,0.021266699926455024,7.522776374346529
2024-09-20 04:00:00+00:00,559.3665913435013,560.8146268159833,556.7363903893743,559.7704467773438,77503100,63.703916209990695,4.560345912378352,3.158441958653864,1.4019039537244882,547.8360198974609,540.7486608886719,507.71567123413087,548.0574594996192,541.4234479932483,562.7817192974433,547.8360198974609,532.8903204974786,0.05456267516976977,5.483939865746987,-0.0017286081879492876,0.014204513410071895,7.276737806650992
2024-09-23 04:00:00+00:00,560.844157105768,561.8193743965802,559.6226102686882,561.169189453125,44116900,64.7014348453582,5.0333063837782674,3.533414843678745,1.4998915400995223,548.2920562744141,540.9731079101563,508.30259033203123,549.3061956856674,542.1977907955963,564.2466105576771,548.2920562744141,532.3375019911512,0.05819728409589751,4.576673120011629,0.0024987790688735245,0.01523930714320576,6.913882543882496
2024-09-24 04:00:00+00:00,561.9670704323123,562.8339435617671,559.1300420312542,562.7748413085938,46805700,65.86129734029394,5.474586030652972,3.921649081073591,1.5529369495793812,548.894174194336,541.1994201660157,508.90647903442385,550.5889238402318,543.0047339529688,566.0364230099372,548.894174194336,531.7519253787348,0.0624610339170114,4.421050271236435,0.0028612616046035377,0.01772814410067758,6.684598185784667
2024-09-25 04:00:00+00:00,562.6173129912877,563.3561212938423,560.4205487537844,561.53369140625,38428600,64.10774988909742,5.658920393907351,4.269103343640343,1.3898170502670082,549.3964263916016,541.3355065917968,509.48729919433595,551.631282656043,543.7313597354504,567.3812223632322,549.3964263916016,531.4116304199711,0.06547110650046803,3.1327341131968702,-0.0022054111364639972,0.018504561488654536,6.416810639661329
2024-09-26 04:00:00+00:00,565.8089271560161,566.1340196278296,561.3957983542562,563.7599487304688,48336000,65.86342054445399,5.916445959142266,4.598571866740728,1.3178740924015377,550.170068359375,541.6716760253906,510.06967727661134,552.7863937107502,544.5167945980002,569.1983325080339,550.170068359375,531.1418042107161,0.06917229868721059,2.6767348670186513,0.0039646015159722214,0.005386104084396104,6.296911399226481
2024-09-27 04:00:00+00:00,564.8337142422162,565.651285439919,561.908002221962,562.9423217773438,42100900,64.61336518320749,5.98556331502698,4.875970156397979,1.1095931586290009,550.9003753662109,542.0755578613281,510.63926834106445,553.7536249551877,545.2393642913078,570.6967110521231,550.9003753662109,531.1040396802988,0.07186902231733834,1.9951386899897487,-0.0014503104645270382,0.0056663852446317,6.1145093862786615
2024-09-30 04:00:00+00:00,561.9079952356186,565.8089245059994,559.6029471264981,565.1981811523438,63557400,66.50240083314681,6.151458135848088,5.131067752288001,1.0203903835600876,551.4817535400391,542.5966381835938,511.2098846435547,554.8435826882502,546.0220629917405,572.2182507255941,551.4817535400391,530.7452563544841,0.0752028405380395,2.2528357964379264,0.0040072655540939195,0.007179638110825559,6.1210428143659925
2024-10-01 04:00:00+00:00,564.8435880512217,565.4937128909536,557.5539888818164,560.1348876953125,72668800,58.90199700502722,5.807421173983471,5.266338436627095,0.5410827373563762,552.3795654296875,542.905283203125,511.7240827941894,555.3475164984466,546.575507097763,572.9816005100586,552.3795654296875,531.7775303493165,0.07459376258549687,1.2954023272693878,-0.00895843905001259,-0.004690958833807657,6.250948613992507
2024-10-02 04:00:00+00:00,559.2384735935616,561.3957961263619,556.8348816397765,560.3712768554688,38097800,59.136803885072716,5.490552362802987,5.311181221862274,0.17937114094071305,553.344677734375,543.2357446289062,512.2321249389648,555.825969865782,547.1165176764965,573.5413589918917,553.344677734375,533.1479964768582,0.07299855612675415,1.6396184840146415,0.0004220218475032844,-0.002070070894357623,6.130231890606283
2024-10-03 04:00:00+00:00,558.893583405642,561.297175028606,557.0514932001644,559.3467407226562,40846500,57.60076312261724,5.097993547291367,5.268543686948092,-0.17055013965672572,554.324365234375,543.7922143554688,512.7388211059571,556.1612813759605,547.596134266542,573.6718442506512,554.324365234375,534.9768862180988,0.06980562367340962,-0.24842279877568257,-0.0018283166449245547,-0.007828168740526165,5.995621171880239
2024-10-04 04:00:00+00:00,563.8092058002762,564.804143911743,559.6226255139783,564.4298095703125,42939100,62.76785668524638,5.1378234027886265,5.2423996301162,-0.10457622732757343,556.0124114990234,544.5057336425781,513.2580509948731,556.9487602516131,548.2562783961016,572.4876835363075,556.0124114990234,539.5371394617393,0.0592622455778148,0.8323702724560009,0.009087509549245087,0.002642344935574137,5.957177030252135
2024-10-07 04:00:00+00:00,562.7747978261029,563.4249826851416,558.1745024571716,559.3270263671875,49964700,55.460833486185074,4.70341880724186,5.134603465541332,-0.43118465829947183,557.1482482910156,544.9987609863281,513.7377629089356,557.1752617864297,548.6904253753598,571.0472756863138,557.1482482910156,543.2492208957175,0.04989346170586279,-0.328272314403565,-0.009040598346514717,-0.010387780748313702,5.978472036172763
2024-10-08 04:00:00+00:00,561.9079798048728,565.2178864241666,561.0313063853904,564.616943359375,37398700,60.58362092903337,4.731460792361304,5.053974930905326,-0.32251413854402244,558.4317108154297,545.5913012695313,514.2760305786132,557.8839933648054,549.3149947080664,569.8989727386195,558.4317108154297,546.96444889224,0.0410695227405518,0.327324875877162,0.009457645961693295,0.008001743441662823,5.972214037658932
2024-10-09 04:00:00+00:00,564.6071207773316,569.0892725126486,564.0062377966648,568.5277709960938,37912200,63.8903040881128,5.01148608172457,5.045477161069175,-0.03399107934460499,559.6342651367188,546.3162670898438,514.8121881103516,558.8976864725472,550.06843691544,569.9856458739133,559.6342651367188,549.2828843995243,0.03699337721812181,1.2455316033359392,0.006926514839335152,0.014555517881636115,5.90870122896785
2024-10-10 04:00:00+00:00,567.1782233614125,568.9612116462271,565.9172950083815,567.5328369140625,44138100,62.454840188478144,5.094400201243502,5.055261769104041,0.03913843213946144,560.5577575683594,546.8482946777344,515.3387356567383,559.7200817526915,550.7533153467585,570.2462475660084,560.5577575683594,550.8692675707105,0.03456732108989664,0.6692366479899678,-0.0017500184384802164,0.014635101262644445,5.7040737581734
2024-10-11 04:00:00+00:00,567.4539823983677,571.6701437051296,567.3160570940822,570.9313354492188,42268000,65.32100576433893,5.372410859497336,5.1186915871827,0.253719272314636,561.5077972412109,547.6014953613281,515.8725169372559,560.7878201999798,551.5446102527374,571.3512209751093,561.5077972412109,551.6643735073126,0.03506068404485522,1.4191531463919378,0.005988197182801747,0.011518750017572188,5.607646104807254
2024-10-14 04:00:00+00:00,572.54680911459,576.5364217400751,572.0641306807273,575.6005859375,36217200,68.84051681625812,5.901477244835519,5.275248718713264,0.6262285261222544,562.6505401611328,548.6466516113281,516.4254481506348,562.1985597940294,552.4879818482183,573.4225460484097,562.6505401611328,551.8785342738558,0.03829021788263818,1.8404880150087357,0.008178304812447301,0.02909489226009465,5.607463260953616
2024-10-15 04:00:00+00:00,575.8666396343095,576.1720113378304,569.9068710302905,571.12841796875,54203600,62.317051553925836,5.89198050370635,5.3985950757118815,0.4933854279944683,563.5583770751953,549.9071984863281,516.9551403808593,563.0490224773362,553.2189793431411,573.968864758102,563.5583770751953,553.1478893922886,0.03694555207194672,1.9626576588847422,-0.007769568131113069,0.011532552619892833,5.654440192852638
2024-10-16 04:00:00+00:00,571.1284236895626,574.1328988912752,570.320652695686,573.6107788085938,30725400,64.33719064255047,6.015418046983541,5.521959669966214,0.4934583770173271,564.6723388671875,551.1237048339843,517.5039779663086,564.054904032694,554.018657753551,574.3535408570486,564.6723388671875,554.9911368773263,0.03428962718196193,2.362630366677366,0.0043464145045915,0.008940649994272576,5.52285490733382
2024-10-17 04:00:00+00:00,577.1667859347198,577.3736738739761,573.472744961771,573.659912109375,34393700,64.37789600967403,6.047496065887003,5.627066949150372,0.4204291167366314,565.3183471679688,552.4097424316407,518.0660403442383,564.9696667066637,554.7889030224069,575.5710835072185,565.3183471679688,555.0656108287191,0.03627243442783016,2.5589085167863206,8.56561672069045e-05,0.010795983592118086,5.407003050538914
2024-10-18 04:00:00+00:00,575.3543175241635,576.6546272535265,573.8865614270069,575.8665771484375,37416800,66.24154388053388,6.179741342322018,5.737601827784701,0.4421395145373168,566.1231536865234,553.5044128417969,518.6579704284668,566.0074677011183,555.6154784783297,577.0146613740866,566.1231536865234,555.2316459989603,0.03847752071837729,2.0262515168771027,0.003846643268044403,0.008644194831827878,5.234696771511245
2024-10-21 04:00:00+00:00,575.1375866701346,576.1226643625554,571.936084169767,574.9208984375,36439000,64.67981746108005,6.137489153558704,5.817579292939501,0.31990986061920257,566.8107391357422,554.5342102050781,519.2525401306152,566.856365866488,556.3725537708461,578.0937154684234,566.8107391357422,555.527762803061,0.03981214734881405,2.7879704243140613,-0.0016421837079351187,-0.0011808318417413366,5.159831301602468
2024-10-22 04:00:00+00:00,572.379393899403,575.7779240387921,571.7194086656112,574.6155395507812,34183800,64.15386202074615,6.010083577056548,5.856080149762911,0.15400342729363725,567.4027740478516,555.5523986816406,519.8424598693848,567.5953347888017,557.0879649779024,579.0143553882504,567.4027740478516,555.7911927074529,0.04092888463537715,1.7708636464071197,-0.0005311320001563091,0.0061056698849506486,5.081165878143781
2024-10-23 04:00:00+00:00,572.5862132138965,573.0295101570803,565.8482560008526,569.364990234375,49314600,55.75798449592417,5.4229261733365774,5.769449354477644,-0.34652318114106695,567.7943389892578,556.2933251953125,520.3735330200195,567.7638734026658,557.5694169487444,579.1123052850674,567.7943389892578,556.4763726934482,0.03986642880574302,0.14726092215590333,-0.00913749969329225,-0.007401863303610479,5.344459997556982
2024-10-24 04:00:00+00:00,571.3253834738008,571.4042065299044,567.966294746531,570.596435546875,34979900,57.17361457360158,4.9993377916661075,5.615427041915337,-0.6160892502492299,568.1361633300781,557.0252917480469,520.9142761230469,568.0336412259238,558.080280423181,579.3586440551572,568.1361633300781,556.913682604999,0.03950630658432144,0.5398099340772416,0.0021628398893882572,-0.005340231202901169,5.208277982258152
2024-10-25 04:00:00+00:00,572.832526139626,575.7385172942365,569.4537169426869,570.3993530273438,47268200,56.860040820408265,4.594772359549552,5.41129610544218,-0.8165237458926287,568.5090148925781,557.5702600097657,521.44095703125,568.2589471117733,558.5633813096188,579.509797045694,568.5090148925781,557.5082327394622,0.03870046688773979,-0.0931780038761451,-0.0003453973899124607,-0.00949390768286329,5.285172437207542
2024-10-28 04:00:00+00:00,573.8866057690544,574.0146706850179,571.8573480325817,572.1627197265625,30174700,59.02543809577291,4.3661104914808675,5.202258982649918,-0.8361484911690509,568.8572418212891,558.1261401367187,521.9774797058105,568.6307349798485,559.0966886985185,579.8576848940237,568.8572418212891,557.8567987485545,0.038675584185286535,-0.5972659331710255,0.0030914598515230374,-0.004797492521899205,5.1658970958123
2024-10-29 04:00:00+00:00,571.1972915711463,574.2116269876768,569.798498044357,573.0886840820312,42899700,60.15641207600645,4.211069312758127,5.00402104867156,-0.7929517359134328,569.504931640625,558.5964392089844,522.5170220947266,569.0553015610087,559.6453943998328,579.8826417835032,569.504931640625,559.1272214977469,0.03644467173614165,0.34322685609885173,0.0016183584206801438,-0.0026571774754711175,5.11212794206284
2024-10-30 04:00:00+00:00,572.615787609554,574.6155241758808,570.645632233565,571.3549194335938,41435800,56.98481509526535,3.903302898068432,4.783877418550935,-0.8805745204825026,570.0541137695312,559.0499389648437,523.0564344787598,569.2743127869692,560.1045914599803,579.5667487770725,570.0541137695312,560.54147876199,0.03337449823715201,-0.3932735329146857,-0.0030252990446227868,0.0034949974679678864,5.030539656366616
2024-10-31 04:00:00+00:00,566.9713229521994,567.0402856066526,559.957574484397,560.1546020507812,60182500,41.69235472647956,2.72422066914919,4.371946068670586,-1.6477253995213959,570.0945068359375,559.2417199707031,523.5527268981933,568.4057689073322,560.1065526596195,579.430148074138,570.0945068359375,560.7588655977371,0.03275120572556945,-2.3542363294890305,-0.01960308208060202,-0.018299857562352306,5.4853114629973385
2024-11-01 04:00:00+00:00,562.7946494686686,566.9615092751701,562.1050829916865,562.518798828125,45667500,45.04482394330684,1.9579899401925331,3.8891548429749756,-1.9311649027824425,569.9989562988281,559.5672082519532,524.0403468322754,567.8451050902648,560.2011505485806,579.5999035984186,569.9989562988281,560.3980089992377,0.033687596068358465,-2.3178595268382676,0.004220614752941776,-0.013815854028223273,5.579711160239589
2024-11-04 05:00:00+00:00,562.6566193804057,563.9569290343258,559.4157357037399,561.3070678710938,38217000,43.65927125985406,1.2386911452616687,3.3590621034323145,-2.120370958170646,570.0979583740234,559.7523803710938,524.4929246520996,567.2224348789152,560.2445198553459,579.2887554341704,570.0979583740234,560.9071613138764,0.03224286958108075,-2.3679484609805357,-0.0021541163771870986,-0.01897301498541648,5.505531315264325
2024-11-05 05:00:00+00:00,562.2232148100805,568.1336807780868,562.0065265842841,568.0942993164062,39478300,52.47693840129148,1.2024533882295145,2.9277403603917547,-1.7252869721622401,570.271826171875,560.0996166992187,524.974461517334,567.3054695872477,560.5523543440149,579.1681431267705,570.271826171875,561.3755092169795,0.031200268176019706,-1.1348875527231874,0.01209183321181917,-0.008714854968083996,5.599894286102094
2024-11-06 05:00:00+00:00,580.4077666623799,583.0970094221752,576.6546231997903,582.2202758789062,68182000,64.81820512333655,2.2872173398342284,2.7996357562802494,-0.512418416446021,570.9564514160156,560.7142492675781,525.5197485351563,568.7259273293104,561.4020767571479,581.2138561975067,570.9564514160156,560.6990466345245,0.03593060295947956,2.2578286099465763,0.02486554887013992,0.019016824876704863,6.271523987506872
2024-11-07 05:00:00+00:00,584.2298916492671,587.7466262080364,584.1510685994552,586.7221069335938,47233200,67.69726085552801,3.4701588978490463,2.933740384594009,0.5364185132550374,571.9159149169922,561.48294921875,526.0849583435058,570.439849196385,562.3950191170086,584.1183336747926,571.9159149169922,559.7134961591918,0.04267207272793395,2.8261079779202394,0.00773217842317786,0.04742887907293136,6.218297297622824
2024-11-08 05:00:00+00:00,587.2737955457643,590.6920466620936,587.2737955457643,589.263671875,46444900,69.22827977262766,4.560164912726691,3.2590252902205457,1.3011396225061453,572.8325317382812,562.3014990234375,526.6499946594238,572.2325942133959,563.4486917741848,587.1689654964227,572.8325317382812,558.4960979801397,0.05005453763122394,3.307212525318544,0.004331803610893914,0.04754485201666436,6.057700328399755
2024-11-11 05:00:00+00:00,590.8594538392326,591.214067381988,588.0913879024889,589.8251342773438,37586800,69.57138516309,5.406979561461981,3.688616144468833,1.7183634169931477,573.5437591552734,563.0265893554688,527.2208633422852,573.9080742194863,564.4830620684263,589.6598144588208,573.5437591552734,557.4277038517259,0.05619817161739673,3.0869565495672537,0.0009528203232980204,0.050806533604524695,5.848055982049707
2024-11-12 05:00:00+00:00,589.7462657959629,590.3471487178498,585.5005836337616,587.9928588867188,43006100,66.94796472851814,5.862655912512878,4.123424098077642,1.739231814435236,574.3869812011719,563.9428735351562,527.7637364196777,575.2494822830322,565.4050148848299,591.6343481559458,574.3869812011719,557.1396142463981,0.06005486725588985,2.600675116899383,-0.0031064722137856826,0.03502686014321332,5.776520917909599
2024-11-13 05:00:00+00:00,588.4558712273305,590.2881013518266,586.0818603831444,588.278564453125,47388600,67.15593763037626,6.175647732308676,4.533868824923849,1.6417789073848263,575.1203704833985,564.8870642089844,528.3098919677734,576.4903472516124,566.3020168286847,593.3904264913538,575.1203704833985,556.8503144754432,0.06353472054067225,2.9620196560674255,0.00048589972154977623,0.010405492259906834,5.664358064393356
2024-11-14 05:00:00+00:00,588.4066394793019,588.8893179492193,583.8063432948493,584.495849609375,38904100,61.626912785632946,6.048736461338763,4.8368423522068325,1.2118941091319302,575.6621673583984,565.7819213867188,528.8762178039551,577.2527760475898,567.0155004671432,594.3644160241245,575.6621673583984,556.9599186926723,0.06497647309896029,4.345451678782615,-0.006430142235875125,-0.0037943982302863777,5.622830677963116
2024-11-15 05:00:00+00:00,580.9199456029655,581.3928237454572,575.1474051756758,577.0092163085938,75988800,52.426944810045235,5.283148775344671,4.926103636834401,0.3570451385102702,575.7192993164062,566.7087280273438,529.3742729187012,577.2295798819712,567.4074108922981,594.4306755462442,575.7192993164062,557.0079230865683,0.06500173349080121,2.575988128868957,-0.012808702244480719,-0.020796217637875647,5.888945946229981
2024-11-18 05:00:00+00:00,577.4721604131028,580.6933833970946,576.6053474416191,579.3734130859375,37001700,54.725481730986836,4.811719433509552,4.903226796169431,-0.09150736265987902,575.9419250488281,567.5639904785156,529.8590203857422,577.4337544728251,567.876665880284,594.7158530406748,575.9419250488281,557.1679970569814,0.06519382311074169,3.218620653284336,0.004097329315584597,-0.017720033589636253,5.760309518318951
2024-11-19 05:00:00+00:00,575.9848429931217,582.2203419709091,575.3149973262474,581.4913940429688,49412000,56.74190164610593,4.556487296923137,4.833878896320172,-0.27739159939703484,576.2857177734375,568.4148645019532,530.363140411377,577.8201963366482,568.4105767886246,595.2011892192821,576.2857177734375,557.3702463275928,0.0656461573225424,2.358251920972163,0.0036556405751346777,-0.011057047284655175,5.8420977416291455
2024-11-20 05:00:00+00:00,581.5702110064499,581.9740664321081,575.9060139035164,581.6884155273438,50032600,56.934050318350316,4.320310131149768,4.731165143286091,-0.4108550121363237,576.901889038086,569.1590991210937,530.861268157959,578.1885981643335,568.9312763470057,595.6778025066519,576.901889038086,558.12597556952,0.06509222391305562,-0.0913503657631325,0.0003388209806600706,-0.011202429127954994,5.858237369269327
2024-11-21 05:00:00+00:00,584.5451050737219,586.2394097822103,578.6838809961135,584.81103515625,46750300,59.969033065111546,4.335134599802586,4.651959034589391,-0.31682443478680433,577.6126190185547,569.8740600585937,531.3549060058593,578.819306449278,569.5540119865839,596.4560143568756,577.6126190185547,558.7692236802338,0.0652457883289962,-0.32572009044139333,0.005368199787983308,0.0005392434301896287,5.979472470471284
2024-11-22 05:00:00+00:00,584.8012273246769,587.2541214128702,584.2988881794737,586.6236572265625,38226400,61.65818131904976,4.441942601081905,4.609955747887894,-0.1680131468059889,578.4238342285156,570.5679223632812,531.8565333557129,579.5625779518765,570.223409839132,597.3519822645492,578.4238342285156,559.495686192482,0.06544733088766777,-0.44801924409104316,0.0030995004562939243,0.016662543069029256,5.7634553821087975
2024-11-25 05:00:00+00:00,590.5738204551704,591.8937909448966,586.3182774428572,588.613525390625,42441400,63.4799961223435,4.633739576982862,4.614712513706888,0.019027063275974143,579.2463745117187,571.2852783203125,532.3540576171876,580.424572946043,570.9445908411514,598.4425759129999,579.2463745117187,560.0501731104375,0.06627991903259756,-0.20541832083897515,0.003392069412048837,0.01594845758536212,5.750030962103847
2024-11-26 05:00:00+00:00,589.8645208450938,592.3567963116076,589.1454333564441,591.6869506835938,45621300,66.15491244054289,4.976375241563915,4.687045059278294,0.2893301822856209,580.1762878417969,572.0595837402344,532.8680223083496,581.4971803496193,571.7580167173256,599.8842900197142,580.1762878417969,560.4682856638797,0.06793797882098639,0.6282545342249972,0.005221465631339628,0.017533460933510492,5.606690959166614
2024-11-27 05:00:00+00:00,591.4997854868443,591.8839201005825,588.3672455728715,589.8941040039062,34000200,63.244802480483145,5.045092050003404,4.758654457423316,0.2864375925800884,581.1032470703125,572.8308349609375,533.4066905212402,582.2968873643133,572.4692358266033,600.8083788453839,581.1032470703125,561.398115295241,0.06781972695701406,0.2746215225916121,-0.003030059523226214,0.014106673362445088,5.457404071205496
2024-11-29 05:00:00+00:00,590.7117045866185,594.3466439350991,590.4359140778026,593.55859375,30177400,66.48956153956856,5.333760047187184,4.873675575376089,0.46008447181109435,582.7734466552735,573.4872119140625,533.9417729187012,583.3694308296168,573.2962694706581,600.6729421288862,582.7734466552735,564.8739511816607,0.06142865834517274,1.550523266620581,0.006212114549409842,0.014957923274161233,5.385628061204593
2024-12-02 05:00:00+00:00,593.9722515940274,595.3021425181648,593.4797127608734,594.6224365234375,31746000,67.38961486531798,5.584005792751327,5.015741618851138,0.5682641739001895,584.378628540039,574.1842517089843,534.4653894042968,584.4411456575997,574.1325897472377,600.3822238590906,584.378628540039,568.3750332209875,0.05477132303429218,3.052502406724803,0.0017923129824746198,0.01363528251603685,5.131113896639364
2024-12-03 05:00:00+00:00,594.3859938864347,595.1444627620236,593.3516744201837,594.898193359375,26906600,67.6322946303386,5.738429576983208,5.160279210477552,0.578150366505656,586.0581848144532,574.8588317871094,535.0025830078125,585.4370549625306,574.9469271437921,598.727213683224,586.0581848144532,573.3891559456823,0.04323471353883364,2.6795810651281537,0.0004637511452640908,0.010677070263683142,4.892662071296547
2024-12-04 05:00:00+00:00,596.5926087018526,598.8385545797807,595.9227630847732,598.59228515625,42787600,70.77039391449239,6.088707048972765,5.345964778176595,0.7427422707961702,587.5830841064453,575.5751806640625,535.5716654968262,586.6899340285992,575.8741960854571,598.4497081872319,587.5830841064453,576.7164600256588,0.03698753206046339,2.9408674467876295,0.006209620130151361,0.011670587740152616,4.824640581947205
2024-12-05 05:00:00+00:00,598.592255379496,599.4000262634194,597.2525642119798,597.607177734375,28762200,68.85331404319865,6.215169923014855,5.519805807144247,0.6953641158706079,588.3524291992187,576.296650390625,536.1336264038086,587.7296715243873,576.7264698756107,599.7568362255072,588.3524291992187,576.9480221729302,0.03876726417807276,2.7366476247596765,-0.0016457068463852087,0.013075353149177626,4.633413544053801
2024-12-06 05:00:00+00:00,598.3755773445807,599.9812587434141,597.9618615614095,598.7400512695312,31241500,69.86431639445614,6.333794053082784,5.682603456331955,0.6511905967508289,588.9533264160157,576.9962524414062,536.6510430908203,588.7782791191629,577.5897475773331,601.1870968110252,588.9533264160157,576.7195560210062,0.04154410832334111,2.381797756186268,0.0018956826111948821,0.008729479404544938,4.472032648695605
2024-12-09 05:00:00+00:00,598.6217702493144,598.7892165956112,595.0656547742457,595.6566772460938,34742700,63.79478756782015,6.108586038553199,5.767799972776204,0.340786065776995,589.2729766845703,577.6505395507812,537.151335144043,589.433364655061,578.2982546231669,601.8516949225507,589.2729766845703,576.6942584465899,0.04269233016165826,1.5398322089902636,-0.005149770784332319,0.0017393234078133535,4.418570446743454
2024-12-10 05:00:00+00:00,596.3365277015484,596.7601039297737,593.1448853311992,593.8048706054688,37234500,60.4009027037544,5.714805029757258,5.757200984172415,-0.042395954415156645,589.4719635009766,578.2226733398437,537.651443939209,589.8496985550998,578.9063572107082,602.204300536992,589.4719635009766,576.7396264649611,0.04319912675878895,0.8819615912492985,-0.003108848958407462,-0.0018378316930705019,4.361188171874237
2024-12-11 05:00:00+00:00,596.7404013764967,599.3508212217944,596.4645507592219,598.3953247070312,28677700,65.32546117746682,5.707351232907854,5.747231033919503,-0.03987980101164901,589.9920867919922,578.9878820800782,538.1699183654786,590.6635677124267,579.6706304458581,603.2780951616277,589.9920867919922,576.7060784223567,0.04503792056560118,1.1337708252120675,0.0077305767076008,-0.00032903940478845595,4.445814060763622
2024-12-12 05:00:00+00:00,597.5284365007215,598.0997382660831,595.31201171875,595.31201171875,31543800,59.934051933409,5.390508034226627,5.675886433980928,-0.28537839975430046,590.3437591552735,579.6866967773437,538.6762452697753,591.1062766654098,580.2840179467559,603.8009658891298,590.3437591552735,576.8865524214172,0.04559108663437828,0.9184542917228197,-0.005152635491914692,-0.0038405931205952593,4.34849255558631
2024-12-13 05:00:00+00:00,597.3511090725724,598.0701965149426,593.8146538658189,595.1937866210938,35904700,59.73049183235387,5.071407707991284,5.554990688783,-0.4835829807917156,590.8786560058594,580.4036376953125,539.1731007385254,591.495563327856,580.8687147575142,604.2134562888454,590.8786560058594,577.5438557228734,0.045135494902201104,0.27548971378931364,-0.00019859350278339516,-0.005922878619725291,4.3418532765532705
2024-12-16 05:00:00+00:00,596.9571007701239,598.7105679786196,596.1789110129041,597.7352905273438,43695200,62.666037796929665,4.966347562203055,5.437262063467011,-0.4709145012639562,591.9149597167968,581.0697473144531,539.6593890380859,592.0898230611405,581.5301491014292,603.9337621925401,591.9149597167968,579.8961572410535,0.04060989599416017,0.5235009331477781,0.004270044418101415,0.00348961635225864,4.28291956805131
2024-12-17 05:00:00+00:00,595.1741603124011,596.1395173197234,593.8935711931338,595.2726440429688,55773500,58.23606976840328,4.630988496952114,5.276007350164032,-0.6450188532119183,592.7099212646484,581.7886596679688,540.1360478210449,592.3929488689337,582.0690704716857,603.3269117953366,592.7099212646484,582.0929307339602,0.03582524992338593,0.06294365788526546,-0.004119961667651162,0.0024718110446002584,4.251405265634072
2024-12-18 05:00:00+00:00,594.9672618142333,597.360993618748,577.147238339165,577.5314331054688,108248700,37.60935353089764,2.9002146987133983,4.800848819873906,-1.9006341211605076,592.5119232177734,582.0469494628907,540.5489828491211,590.9775664152703,581.8911239083046,604.0648408136631,592.5119232177734,580.9590056218838,0.03899640545003333,-3.5183968408954276,-0.02980350452022351,-0.03486640142413755,5.39157312377328
2024-12-19 05:00:00+00:00,582.5354605374066,584.1510021908508,577.1076734772528,577.3539428710938,85919500,37.4663799954204,1.4969856962261474,4.1400761951443545,-2.643090498918207,592.295199584961,582.2234729003907,540.9484904479981,589.680078458682,581.7131952401787,604.7773964404206,592.295199584961,579.8130027295014,0.04214856667488195,-3.389054820269148,-0.00030732566956681584,-0.030165809683242895,5.50955566590362
2024-12-20 05:00:00+00:00,575.0175026728227,588.8352196171104,574.1674387147792,584.2886352539062,125716700,46.08960509066974,0.9337249220091053,3.498805940517305,-2.5650810185081996,592.2690795898437,582.5585888671875,541.3579820251465,589.1666076772748,581.8141928877759,604.8158313750722,592.2690795898437,579.7223278046152,0.042368417388654885,-2.413637769008957,0.012011163114825862,-0.018322018159994347,6.163714611362731
2024-12-23 05:00:00+00:00,584.0316546408188,588.3904419763173,580.8391036798633,587.7875366210938,57635800,49.847445994046446,0.7608976447543228,2.9512242813647087,-2.190326636610386,592.3272735595704,582.895712890625,541.8000450134277,589.0352675766861,582.0484416616315,604.7791859007277,592.3272735595704,579.875361218413,0.04204402835050302,-1.3210866134131976,0.005988309811411963,-0.016642406871231752,6.2628305888692495
2024-12-24 05:00:00+00:00,589.141569721849,594.3603140779195,588.5583912679473,594.3207397460938,33160100,56.01296585365014,1.1379876609249777,2.5885769572767625,-1.4505892963517848,592.6126342773438,583.2701159667969,542.2769209289551,589.5386458785345,582.529708253179,604.9722780582044,592.6126342773438,580.2529904964831,0.0417123870331672,0.08687519523021053,0.011114905842604772,-0.0015991064034286406,6.284969650866143
2024-12-26 05:00:00+00:00,592.5416816588521,595.4870738828115,591.1381803052061,594.3603515625,41219100,56.04824646752696,1.4236199534110483,2.3555855565036197,-0.9319656030925714,592.746304321289,583.7347546386719,542.7271585083008,589.997855943674,582.993655049623,605.1208285055069,592.746304321289,580.3717801370711,0.041753188822955374,-0.6742989087534624,6.66505705710918e-05,0.029139398294807606,6.14667850277609
2024-12-27 05:00:00+00:00,590.6043628183209,590.8416278253472,583.9030892928905,588.103759765625,64969300,49.3195858925857,1.132081008418254,2.1108846468865465,-0.9788036384682925,592.656787109375,584.0246142578125,543.150065460205,589.8174658314789,583.1940513129957,605.1379901812365,592.656787109375,580.1755840375135,0.04211949763618615,-1.2108359668930175,-0.010526596837132862,0.018619110559934926,6.45457734326419
2024-12-30 05:00:00+00:00,581.066451827259,584.8717412480703,577.6268027117767,581.392578125,56578800,43.31296330973455,0.35540117980235664,1.7597879534697087,-1.404386773667352,592.048486328125,584.179267578125,543.544393157959,589.015095573719,583.1234053056234,605.4467750443936,592.048486328125,578.6501976118565,0.04526078193144119,-2.3187756334693956,-0.01141156050983183,-0.004956552214382404,6.741890179734484
2024-12-31 05:00:00+00:00,583.0629066605094,583.7844745956663,577.6366385699235,579.2774047851562,57052700,41.59359455147705,-0.4258905897253271,1.3226522448307017,-1.7485428345560288,591.2812347412109,584.2474841308593,543.9453984069825,588.0876964509987,582.9725817558011,605.719188244663,591.2812347412109,576.8432812377589,0.0488361634198358,-3.0879698814341854,-0.0036381154824253192,-0.01447824478357973,6.6994577401636475
2025-01-02 05:00:00+00:00,582.5489929538754,584.2687872048679,573.7621642800276,577.8541259765625,50204000,40.430567871752054,-1.1466982276223234,0.8287821503400967,-1.9754803779624202,590.4290313720703,584.3061486816406,544.3244569396973,587.1130706915286,582.7718579997526,605.8883480149489,590.4290313720703,574.9697147291918,0.052366383837709904,-2.9261411960918067,-0.0024569900307463977,-0.027706611377160018,6.971398110497691
2025-01-03 05:00:00+00:00,580.7106042287589,585.7217039617416,579.623335665357,585.0792846679688,37888500,48.329178105827054,-1.1219998348923355,0.4386257532936103,-1.5606255881859457,589.7533813476563,584.5154235839843,544.7256916809082,586.9193767845229,582.8623453200748,604.9046411874665,589.7533813476563,574.602121507846,0.05138168027180379,1.3069161486006273,0.012503430133333104,-0.015615218730745561,7.035410958689218
2025-01-06 05:00:00+00:00,589.3491785436146,592.7393596690575,586.7101255067332,588.44970703125,47679400,51.55609644532493,-0.8209973177637266,0.18670113908214292,-1.0076984568458696,589.2955078125,584.8971179199219,545.1204315185547,587.0651225223064,583.0814575440426,604.0171100298031,589.2955078125,574.5739055951968,0.04996339534964591,1.9218304988061041,0.00576062501545227,0.0005882418873888184,7.080029818860616
2025-01-07 05:00:00+00:00,590.4858054370367,590.8119920606497,579.9693484070148,581.7978515625,60393100,45.514698595162415,-1.1064453851244025,-0.07192816575916618,-1.0345172193652363,588.4483978271485,585.1211462402343,545.4734936523438,586.5634776689915,583.0311200545704,602.8448654550654,588.4483978271485,574.0519301992316,0.04893026365973967,-0.4262933661757539,-0.011304033954420367,0.0006970736344915629,7.348787949915924
2025-01-08 05:00:00+00:00,581.8670792861259,583.7252632975457,578.4077031433151,582.6478881835938,47304700,46.37940476022348,-1.2496687799763322,-0.3074762886025994,-0.9421924913737327,587.7979583740234,585.3661169433594,545.8356517028809,586.1905643846679,583.0160913537478,602.0072271174039,587.7979583740234,573.588689630643,0.048347458649520884,-0.8744058213696319,0.0014610514954822573,0.005818427182892716,7.203700250224115
2025-01-10 05:00:00+00:00,579.0797727939155,579.148967552338,571.8348342474784,573.7523193359375,73105000,39.34263400509333,-2.0572576295453473,-0.657432556791149,-1.3998250727541983,586.7953308105468,585.3979089355469,546.1603797912597,585.0059696181222,582.6528061765788,601.9650923902097,586.7953308105468,571.6255692308839,0.05170375694267628,-3.460828309465275,-0.015267486638264827,-0.007098342741246322,7.461511227787774
2025-01-13 05:00:00+00:00,569.0871420731995,574.9977137931114,568.6719735158341,574.6419067382812,47910100,40.3178311286514,-2.595575167573088,-1.0450610789475367,-1.5505140886255513,585.6076599121094,585.4289733886719,546.4942547607421,584.0189160105183,582.3386532574299,600.6777823199801,585.6076599121094,570.5375375042387,0.05146832406574908,-3.3175908810844117,0.0015504728649695654,-0.017839253932243837,7.380384731322741
2025-01-14 05:00:00+00:00,577.5774134567713,578.2099995586356,571.6371609030458,575.4326171875,48420600,41.222384845389655,-2.9246781012174097,-1.4209844834015115,-1.5036936178158982,584.6136901855468,585.51052734375,546.8107431030273,583.2011732654689,582.0678283135111,599.6146266966794,584.6136901855468,569.6127536744143,0.05131914206925763,-2.1545760195742987,0.001376005543533898,-0.02212098959046427,7.322702868770385
2025-01-15 05:00:00+00:00,583.4781439602939,587.0462287462195,582.3612548768964,585.8997192382812,56900200,51.66570945555588,-2.3142101152500345,-1.5996296097712162,-0.7145805054788184,584.1489868164062,586.0254296875,547.1800564575195,583.458177643832,582.218098545855,598.3654345215705,584.1489868164062,569.932539111242,0.04867404729277517,0.7752319659492127,0.01818997001237177,0.007050331424849787,7.629196346623895
2025-01-16 05:00:00+00:00,587.2734912712623,587.4513947839769,584.0711073889483,584.7728881835938,43319700,50.62293315146609,-1.8994401235953546,-1.659591712536044,-0.23984841105931065,583.5008666992187,586.4705114746093,547.5481898498535,583.5833881714283,582.318286374786,596.2909983438299,583.5008666992187,570.7107350546075,0.0438392892780541,0.948679053082638,-0.0019232490094934773,0.0036471427136288703,7.325702850081369
2025-01-17 05:00:00+00:00,590.0311830207747,592.4032903303786,588.6968161028142,590.6439819335938,58070600,55.64597383881657,-1.084482479152598,-1.544569865859355,0.460087386706757,583.26943359375,587.0572497558594,547.961927947998,584.2558256725869,582.6447842398373,595.3468129883622,583.26943359375,571.1920541991378,0.041412694370760214,2.2133364428983935,0.010039955457300076,0.02944068725893212,7.347467085560187
2025-01-21 05:00:00+00:00,593.6980347606263,596.0603086218102,591.721248666258,596.0504150390625,42532900,59.71049884810715,-0.0023417125102014325,-1.2361242351895243,1.2337825226793229,584.1953826904297,587.6163720703125,548.3999087524414,585.3791198979656,583.1704952515717,597.1768823550761,584.1953826904297,571.2138830257833,0.044442322035692795,1.8751527628122815,0.009153454992920862,0.03725538992152155,7.209528485749923
2025-01-22 05:00:00+00:00,598.887139322545,600.7651103716523,598.3336415912388,599.401123046875,48196000,62.03268519965225,1.1128090051406616,-0.7663375871234872,1.8791465922641488,585.2977416992187,587.9599890136719,548.8856741333008,586.7145487692902,583.8069904592306,599.4589704666453,585.2977416992187,571.1365129317921,0.04838982882904729,1.86106236179049,0.005621517783177543,0.041653019212786635,7.031326117667058
2025-01-23 05:00:00+00:00,598.7685644436611,602.6727294921875,598.4918457286775,602.6727294921875,41152100,64.20223793059631,2.2348038535798196,-0.16610929898282584,2.4009131525626453,586.2169464111328,588.2790014648438,549.3615632629394,588.2343755048042,584.5468233624839,602.2586119104299,586.2169464111328,570.1752809118357,0.05472944989907051,3.5879950181364673,0.005458125317954421,0.02862778339561678,6.8277230923701255
2025-01-24 05:00:00+00:00,602.7319999441287,603.6907726306447,599.7569270310084,600.913330078125,34604700,62.145595680514056,2.9480408459237424,0.4567207299984878,2.4913201159252547,586.8732360839844,588.5119946289062,549.8272357177734,589.4418949879777,585.1886471552542,604.1450499814456,586.8732360839844,569.6014221865231,0.05886045856413723,3.134902273734109,-0.0029193280664033816,0.02760121445552355,6.621017557174848
2025-01-27 05:00:00+00:00,587.9061375768574,592.7295010606359,587.7381276298589,592.4132080078125,70361100,53.26756162470954,2.7951764343628156,0.9244118708713533,1.8707645634914623,586.7778594970703,588.5637561035156,550.2474711608887,589.7248771803429,585.4719632671192,603.9045744231482,586.7778594970703,569.6511445709923,0.05837546406661405,3.252429322372616,-0.014145337846320327,0.0029954187773602037,7.089173620824221
2025-01-28 05:00:00+00:00,593.6486607361097,598.3435279756633,590.3177808049226,597.50341796875,44433300,57.209825797404946,3.0496136423103053,1.3494522251591439,1.7001614171511614,586.9350128173828,588.7539672851562,550.718609008789,590.4656905887626,585.9437850201243,604.3916522195193,586.9350128173828,569.4783734152463,0.059484062190605404,3.978392623718087,0.008592330306164131,0.0024377181745478538,7.156071731532542
2025-01-29 05:00:00+00:00,596.7126945442042,597.1179695261326,592.2649252873389,594.8248901367188,37177400,54.599692836514905,3.0005338654426623,1.6796685532158477,1.3208653122268146,587.2710693359375,588.8848937988281,551.15736328125,590.8808524504727,586.2920636521477,605.0603740502484,587.2710693359375,569.4817646216266,0.060582942505328356,3.370033670319376,-0.004482866125079421,-0.007634675235332122,7.019101799381011
2025-01-30 05:00:00+00:00,596.9499738076877,599.5592859855939,593.747529191958,598.0173950195312,39281300,57.11131783894533,3.182559684868238,1.9802467795463259,1.2023129053219122,588.1023101806641,589.1553247070312,551.6470761108399,591.5605231713355,586.7518805685157,606.2649335651588,588.1023101806641,569.9396867961693,0.06176688331292291,2.068216690222005,0.005367133984724104,-0.00772448170432205,6.932862870399212
2025-01-31 05:00:00+00:00,600.4488437325783,602.880312619884,594.0736957955036,594.8347778320312,66566900,53.90948463821511,3.035020027753035,2.1912014291876676,0.8438185985653672,588.8801788330078,589.5118359375,552.1522009277344,591.8723569485446,587.0688569317908,606.7952563581878,588.8801788330078,570.9651013078278,0.06084455945072746,1.720649136058869,-0.005321947511904845,-0.010115522392061926,7.066702438540726
2025-02-03 05:00:00+00:00,585.7909458950113,593.3224968021361,583.6362560871698,590.831787109375,65857200,50.10462043175164,2.5655122612229206,2.2660635955947184,0.29944866562820227,589.5290618896485,589.7410034179687,552.641813659668,591.7732550590999,587.2164228211079,606.7253635996872,589.5290618896485,572.3327601796097,0.05833911446169762,0.0317966798148745,-0.006729584200247607,-0.002669455841059931,7.3618323889922035
2025-02-04 05:00:00+00:00,590.8910622510958,595.3091504392034,590.3474581129256,594.7952270507812,33457800,53.59678300032818,2.4845995362048825,2.3097707837167514,0.17482875248813112,590.014859008789,590.007080078125,553.1658294677734,592.0610619154505,587.5136308301147,607.2298290283727,590.014859008789,572.7998889892053,0.0583543609342464,-0.21058419835157577,0.006708237484643886,-0.004532511173200304,7.190393813084039
2025-02-05 05:00:00+00:00,593.668444292325,597.35513123978,591.6323569254649,597.2068481445312,30653100,55.63161795598064,2.5852718812197963,2.3648710032173605,0.2204008780024358,590.4527160644532,590.3174487304688,553.706944885254,592.5511367944106,587.8937569993076,607.9296528376282,590.4527160644532,572.9757792912782,0.059198429603860896,-0.36607787639599587,0.004054540090558056,0.004004469293921176,7.085563848886255
2025-02-06 05:00:00+00:00,598.9563451128535,599.4110276717307,595.6353586638426,599.2825317382812,35771500,57.36457753304947,2.800266035006757,2.45195000957524,0.3483160254315174,591.3269500732422,590.6068786621094,554.2797785949707,593.1922220271601,588.3403756165222,608.7337869950493,591.3269500732422,573.9201131514351,0.05887381564344759,-0.56252715412606,0.0034756526992263392,0.0021155517034896487,6.849142788814961
2025-02-07 05:00:00+00:00,599.8458969203407,601.0714946997704,593.0852616403969,593.7969360351562,50788500,51.62568615797634,2.499199506413788,2.4613999089429495,0.03779959747083872,591.8844024658204,590.7503442382813,554.8028652954101,593.2498138374455,588.5543583780374,608.8523104693417,591.8844024658204,574.916494462299,0.05733520914838147,-1.184262968845032,-0.009153605207235849,-0.0017447564190136156,6.930363522426284
2025-02-10 05:00:00+00:00,597.0190995725444,598.4720084396736,595.7440338934362,597.8295288085938,26048700,55.17579793222356,2.556528578401185,2.4804256428345965,0.07610293556658831,593.0882629394531,590.9346643066406,555.3170904541016,593.6859771680311,588.9180905517846,608.0357443184872,593.0882629394531,578.140781560419,0.05040558821701068,0.9142808984619771,0.006791198352021688,0.011843881544449264,6.769271299718501
2025-02-11 05:00:00+00:00,595.5563267993089,598.8279059672569,595.4377244382205,598.2843017578125,30056700,55.57178500990969,2.6085884731619444,2.5060582089000665,0.10253026426187795,594.2703826904296,591.066611328125,555.834764251709,594.1239128432484,589.2853929520211,606.727658621156,594.2703826904296,581.8131067597033,0.04192460635284828,0.13069109992996575,0.0007607067354553632,0.005866009928040983,6.5279077446697835
2025-02-12 05:00:00+00:00,592.2451230112299,597.5330016568429,591.5631293989743,596.3568115234375,45076100,53.41782854160448,2.4658887312931483,2.498024313378683,-0.032135582085534686,595.3165924072266,591.1958654785157,556.3521980285644,594.3365698604092,589.5627034842335,604.3001251062567,595.3165924072266,586.3330597081965,0.030180689782907655,0.2575415743558818,-0.0032216961546740475,-0.0014233537738804758,6.541712359967527
2025-02-13 05:00:00+00:00,597.4638899085884,602.860538386905,596.198778008583,602.6529541015625,40921300,59.007134729775586,2.8282420311461465,2.564067856932176,0.2641741742139705,596.1542541503907,591.3777526855469,556.8777656555176,595.1286064548048,590.0760466456974,604.5760171188388,596.1542541503907,587.7324911819426,0.02825363707401659,0.7751545558101788,0.010557676975368135,0.005624095789184658,6.550287218421419
2025-02-14 05:00:00+00:00,602.8604957096632,603.8982964094444,602.0005985304107,602.623291015625,26910400,58.9712338703133,3.0775401021682,2.666762305979381,0.41077779618881927,597.0467742919922,591.5377697753906,557.3943748474121,595.8423859367877,590.5680954445181,604.1321332823882,597.0467742919922,589.9614153015962,0.023734686444954585,1.3093574003827095,-4.92208421706275e-05,0.014864264944516536,6.217959408465151
2025-02-18 05:00:00+00:00,603.7895507730377,604.3924560546875,601.3185681498265,604.3924560546875,26749000,60.51427375258245,3.378917396231259,2.8091933240297564,0.5697240722015025,597.7341979980469,591.7276550292969,557.9593775939942,596.6566783289686,591.1102272331523,604.8689555083627,597.7341979980469,590.599440487731,0.023872676297296683,2.2951826968649782,0.0029357727546190926,0.010977924190484378,5.993382872493422
2025-02-19 05:00:00+00:00,602.9988995994843,606.1123017730542,602.4849158656623,605.8157958984375,31011100,61.760302561812864,3.6900758062239447,2.9853698204685943,0.7047059857553504,598.2224670410156,591.8721252441406,558.5394750976562,597.5289752403467,591.6869162004184,606.1247805004937,598.2224670410156,590.3201535815376,0.026419313532523078,1.8528341093623735,0.002354992736079531,0.012588486976002455,5.824383089271889
2025-02-20 05:00:00+00:00,604.4419196559093,604.5803091740476,599.9744236813096,603.29541015625,36554000,58.25470505059619,3.690752326856,3.1264463217460756,0.5643060051099242,598.4171813964844,591.9858898925781,559.0840644836426,598.0781595180517,592.1421512575099,606.6125464075742,598.4171813964844,590.2218163853945,0.02739013940731079,1.0195063955872865,-0.004160316979602174,0.011634978420196784,5.8255965984044575
2025-02-21 05:00:00+00:00,603.0779110877393,603.216300601011,592.5119863702242,592.9765625,76519800,46.593856287578376,2.826066570421176,3.0663703714810957,-0.24030380105991966,597.932373046875,591.8706201171875,559.5464195251465,597.5922931353801,592.1748732670194,606.2101734792351,597.932373046875,589.6545726145149,0.027688082483907108,-1.0522531367617427,-0.017104137512959805,-0.0160563248478357,6.179727111805979
2025-02-24 05:00:00+00:00,595.0324276294365,596.0307143030876,589.5665848823073,590.2782592773438,50737200,44.107540805526625,1.9011510731686485,2.8333265118186066,-0.9321754386499581,597.4006195068359,591.7630517578125,559.9694401550292,596.8957184822339,592.1004962478164,606.1944129569664,597.4006195068359,588.6068260567055,0.02944018858698167,-0.5925724004753324,-0.004550438235332854,-0.02048548723942556,6.200041562447002
2025-02-25 05:00:00+00:00,590.2189701372146,590.9503713867966,582.7170398838512,587.3427124023438,58266500,41.512245644540876,0.9206619605273545,2.450793601560356,-1.5301316410330017,597.1470947265625,591.63380859375,560.3749928283692,595.9859083793872,591.9139164891704,606.7560045689488,597.1470947265625,587.5381848841762,0.03218272324270888,-1.7541482815592986,-0.004973157708016984,-0.02820972280766032,6.345276558196893
2025-02-26 05:00:00+00:00,589.0131632782663,592.620822655363,584.9903956410146,587.6392822265625,43321600,41.884286053739714,0.16563860229268812,1.9937626017068226,-1.8281239994141345,596.6538879394532,591.4186877441406,560.7817840576172,595.1909916029277,591.7462837729897,607.1139282393827,596.6538879394532,586.1938476395236,0.0350623385227686,-1.779257704067111,0.0005049348837677936,-0.030003367021684935,6.43707301935057
2025-02-27 05:00:00+00:00,589.9224264999975,591.0788899188873,577.8640783507352,578.2593994140625,74196700,34.42560715085257,-1.1760442942135114,1.3598012225227558,-2.5358455167362672,595.8256134033203,591.0776354980469,561.12708984375,593.578459013512,591.2173863471495,609.0040307315503,595.8256134033203,582.6471960750903,0.04423582011842586,-3.0346617594831904,-0.015961973775748373,-0.04149875885132848,6.9211972014078205
2025-02-28 05:00:00+00:00,578.7635029554216,587.8171578604871,575.6797210871997,587.283447265625,88744100,44.63966203678184,-1.4939510734687929,0.7890507633244461,-2.2830018367932388,595.288916015625,590.9194287109375,561.5142364501953,592.9789340851418,591.0631142263054,608.9326488650809,595.288916015625,581.6451831661691,0.04583902868803884,-2.5503080556288693,0.015605535959651196,-0.009600911055190342,7.293785742256361
2025-03-03 05:00:00+00:00,589.2601945949107,590.4067643806418,573.1691862018861,576.9942626953125,74249200,37.47258858152198,-2.5467879052923763,0.12188302960108165,-2.668670934893458,594.3968902587891,590.5046081542969,561.8495945739746,591.4565844289675,590.5113945584234,610.2040476878784,594.3968902587891,578.5897328296998,0.05318721442909028,-4.2529103508626225,-0.01751996351713747,-0.022504634675677093,8.004056630577743
2025-03-04 05:00:00+00:00,572.9814465763258,578.5955127414016,565.608011549554,570.1644897460938,109648200,33.614616263377314,-3.887462035515796,-0.6799859834222939,-3.2074760520935017,593.363525390625,590.0024450683594,562.1391059875489,589.4287658877414,589.7134767226457,612.3502236031457,593.363525390625,574.3768271781043,0.06399684982328924,-5.663202107455935,-0.011836812583395306,-0.029247358132678314,8.360016956382735
2025-03-05 05:00:00+00:00,569.9964212260836,578.0913631561872,566.4283366011412,576.29248046875,71230500,39.621185787249935,-4.404703623649766,-1.4249295114677885,-2.9797741121819774,592.4383880615235,589.977666015625,562.427540435791,588.1776910859327,589.1871631440616,612.8085955646086,592.4383880615235,572.0681805584384,0.06876734497147308,-4.873315557232014,0.01074775934465011,-0.019309127386480274,8.595946213430112
2025-03-06 05:00:00+00:00,568.8004912077067,573.4360576617548,563.5027182107181,566.0626831054688,80094900,34.0779745602929,-5.575806040784073,-2.2551048173310457,-3.3207012234530273,590.8811798095703,589.7518408203125,562.6701612854004,586.0714998496981,588.280320789607,614.1155010527671,590.8811798095703,567.6468585663736,0.07864295576543738,-6.17155814945421,-0.017751051262998363,-0.021092119420717426,8.895504502330244
2025-03-07 05:00:00+00:00,564.2736590980126,570.6883208259039,559.0648080255879,569.2353515625,81158800,37.020857874473954,-6.176704114151335,-3.0394246766951034,-3.137279437456231,589.3788208007812,589.4507751464844,562.9249256896973,584.4680571556792,587.5334592512891,614.0850383688597,589.3788208007812,564.6726032327027,0.08383815873977449,-4.003735128654432,0.005604800584319891,-0.030731490538608575,9.090362237900655
2025-03-10 04:00:00+00:00,561.0021324297065,562.9294509409499,549.1414138289008,554.073486328125,99326600,30.10438232967529,-7.786596935467287,-3.9888591284495405,-3.7977378070177465,587.3926483154297,588.776494140625,563.1008949279785,581.5733361244835,586.2213034503807,616.3755232928253,587.3926483154297,558.4097733380341,0.09868313830796116,-6.133509472895535,-0.02663549477866589,-0.039724444156719496,9.876331916164835
2025-03-11 04:00:00+00:00,552.9071786453155,557.4735503902486,545.6128320238284,549.467529296875,88102100,28.37035826257008,-9.326599599270708,-5.056407222613775,-4.270192376656933,584.9745483398438,587.8794299316406,563.2474717712403,578.5156402361398,584.7799789737726,617.8758469102075,584.9745483398438,552.07324976948,0.11248796606189994,-6.448566110670212,-0.008312899181972977,-0.03629998153416314,10.01807380546879
2025-03-12 04:00:00+00:00,555.6449862636414,556.5740782812179,547.2634312637055,552.38330078125,69588200,31.076862579209106,-10.194271202080813,-6.083980018507183,-4.11029118357363,582.6794982910156,587.0398889160156,563.4161158752441,576.0268460023408,583.5095210054384,617.8708950377406,582.6794982910156,547.4881015442907,0.12079160790774508,-5.999595757405419,0.005306540111853719,-0.04148792583247407,9.967543320614766
2025-03-13 04:00:00+00:00,552.0076609148241,552.6204598197313,543.2999199883595,545.0197143554688,74079400,28.18090939850292,-11.345305463865316,-7.13624510757881,-4.209060356286506,580.1126434326172,586.1782080078125,563.5668836975098,573.0737858454959,582.0001168230866,618.300567116577,580.1126434326172,541.9247197486575,0.1316569259997363,-5.748230827250675,-0.013330573924604017,-0.03717427305851795,9.921328785668837
2025-03-14 04:00:00+00:00,549.655280917059,557.2857071377122,545.0889095501292,556.2775268554688,62660300,37.73420493176262,-11.219762586757838,-7.952948603414615,-3.266813983343223,577.7938720703125,585.6759069824219,563.7569075012207,571.47414213216,580.9913878047487,615.8572422338714,577.7938720703125,539.7305019067537,0.13175414971838553,-5.279549518127734,0.02065578951270286,-0.022763562859304476,10.088804785424164
2025-03-17 04:00:00+00:00,556.2577597204585,563.097483760462,555.8228643209595,560.5671997070312,49008700,40.95702731313769,-10.651346115546062,-8.492628105840906,-2.158718009705156,575.6910675048828,585.3017028808594,563.9665690612793,570.4353857107192,580.190439251897,612.6665274635707,575.6910675048828,538.7156075461949,0.1284559099342784,-2.8470062963096954,0.007711389808988445,0.011719949680213837,9.887791546429755
2025-03-18 04:00:00+00:00,558.244456671408,558.4619345411708,552.571089463648,554.5083618164062,66041400,37.967843590846485,-10.567948813244243,-8.907692247321574,-1.6602565659226691,573.1968627929688,584.8347875976563,564.1640950012207,568.9185262922132,579.1832989603092,608.7958497686728,573.1968627929688,537.5978758172647,0.12421207890861034,-2.7458967037143096,-0.010808406010539895,0.0091740316775073,9.752671453355003
2025-03-19 04:00:00+00:00,556.2973457432603,564.3230934716701,555.111261871823,560.5474243164062,66556000,42.474451976764094,-9.900428005876847,-9.10623939903263,-0.7941886068442177,570.9334442138672,584.344150390625,564.4088977050782,568.1212784849935,578.4524803468229,603.5830738963938,570.9334442138672,538.2838145313407,0.11437280479332458,-2.7321293763085186,0.01089084117725081,0.014779815978523514,9.757104324919919
2025-03-20 04:00:00+00:00,556.7915499004863,563.9475069089323,556.0699818531248,558.9264526367188,62958200,41.600826112471914,-9.393924510098145,-9.163776421245734,-0.23014808885241145,568.7149963378906,583.7536853027344,564.6222979736328,567.2455807851578,577.6867537699561,598.1375468036128,568.7149963378906,539.2924458721684,0.10347028179380523,-1.2606784869831065,-0.0028917654588535013,0.02551602798019137,9.62284866284046
2025-03-21 04:00:00+00:00,554.4514658625183,560.0130172119408,553.2122577806573,559.11083984375,83763000,41.74760093270718,-8.875329065151163,-9.106086950026821,0.23075788487565774,567.0217102050781,583.2999450683594,564.8345156860352,566.4708435526428,576.9582865571638,594.4978971687523,567.0217102050781,539.5455232414039,0.096914056266864,-1.778616119142833,0.00032989529509896975,0.005093344331735583,9.42127086058639
2025-03-24 04:00:00+00:00,565.8719462913679,570.1844265679264,565.2771506364932,569.1236572265625,58766800,49.21231929651536,-7.569135474439577,-8.798696654909373,1.229561180469796,565.963980102539,583.0294604492187,565.0939099121093,566.7234924739685,576.6510461912578,591.3248929309369,565.963980102539,540.6030672741412,0.08962023634013988,2.716277040826443,0.017908465851977917,0.01526392825695666,9.539293422271388
2025-03-25 04:00:00+00:00,570.3331077369899,571.4335099767462,568.7370222712309,570.4917602539062,38355700,50.152242621491716,-6.350370049627372,-8.309031333852973,1.9586612842256006,565.1214324951172,582.9642492675781,565.3294070434571,567.0823751196768,576.4095055662636,588.6379474001151,565.1214324951172,541.6049175901194,0.08322641313095495,3.826291789058921,0.0024038765740486134,0.028824449797552276,9.05052158536024
2025-03-26 04:00:00+00:00,570.2240241043976,571.3541962868256,562.2930931538029,563.6810302734375,51848300,45.625353750918464,-5.866434059403105,-7.820511878963,1.9540778195598953,563.9235198974609,582.7450317382812,565.5308987426757,566.758437515273,575.9103496724273,585.0491142161292,563.9235198974609,542.7979255787926,0.07492361489908979,2.045269919675129,-0.011938349429337136,0.005590260201182362,9.051277410193274
2025-03-27 04:00:00+00:00,562.2831944691987,565.971108987233,560.062543386952,562.18408203125,42164200,44.67094928571627,-5.539842655505595,-7.364378034271519,1.8245353787659244,563.1197540283204,582.4800610351563,565.7280871582032,566.3227846120327,575.372064666891,583.1997992858028,563.1197540283204,543.0397087708379,0.07131714031993472,3.149311341164887,-0.0026556654593491436,0.005828368614803292,8.82679799519954
2025-03-28 04:00:00+00:00,560.6475137101825,561.3811152230641,550.2777985606353,550.8626708984375,71662700,38.168080410019954,-6.1239666014454315,-7.116295747706302,0.9923291462608708,561.298715209961,581.7793200683594,565.8605932617188,564.8503928297855,574.4109119700889,578.7117531766087,561.298715209961,543.8856772433132,0.06204552939385992,-0.9734090801115771,-0.020138263417040614,-0.014752296606550419,9.046761243443475
2025-03-31 04:00:00+00:00,545.0830251203251,555.869096797962,542.1485586831927,554.5604858398438,95328200,41.179939018999,-6.216842385970494,-6.936405075359141,0.7195626893886464,560.1770263671875,581.1750720214844,566.0052743530273,563.8704016878863,573.6324638865499,576.2391511526505,560.1770263671875,544.1149015817246,0.05734660305377997,-1.0715421577157536,0.006712770962271408,-0.025588764764563843,9.380602448538175
2025-04-01 04:00:00+00:00,552.6372015020189,558.0797932554686,548.8997308809147,556.1267700195312,54609600,42.45847596613679,-6.093815360811618,-6.767887132449637,0.6740717716380189,559.4751403808593,580.4847277832031,566.1362017822265,563.1329129575668,572.9459660878433,574.9461554483951,559.4751403808593,544.0041253133236,0.05530546024620127,0.29186362453102976,0.0028243703251151775,-0.025180013516727495,9.3662781575393
2025-04-02 04:00:00+00:00,550.2579679431105,562.5211668014963,550.0200496625995,559.646240234375,76014500,45.333871201618834,-5.647226017855701,-6.5437549095308505,0.8965288916751497,558.6428283691406,579.7566442871093,566.279391784668,562.8008488886913,572.4244082112367,572.060078593614,558.6428283691406,545.2255781446672,0.04803516502178209,-0.16076857067539896,0.006328539470811911,-0.007157931209970436,9.590195227636267
2025-04-03 04:00:00+00:00,540.4037097995117,543.2390031081819,532.0663452148438,532.0663452148438,125986000,31.88681263686634,-7.433083816039698,-6.72162069083262,-0.7114631252070778,556.9430114746094,578.4099487304687,566.28306640625,559.8737533007059,570.8417390741233,574.2264178574635,556.9430114746094,539.6596050917553,0.062065259916245556,-4.805660439788321,-0.049280943990584136,-0.053572731386464456,10.875173784200195
2025-04-04 04:00:00+00:00,519.1488461365848,521.3298644038904,500.69953122991006,500.9176330566406,217965100,23.43282927998108,-11.232350196854782,-7.623766592037053,-3.6085836048177287,553.5271255493165,576.3748468017578,566.1098536682128,554.258884706033,568.0996172695162,582.6748752048983,553.5271255493165,524.3793758937346,0.10531642736263669,-10.408170015693514,-0.058542909992973846,-0.09066694927855301,12.338862369966874
2025-04-07 04:00:00+00:00,484.9665325599909,518.653143533525,477.6403203280687,500.025390625,256611400,23.242736770929653,-14.15215544478258,-8.929444362586159,-5.222711082196421,550.8247207641601,574.3570880126953,565.9253764343262,549.0937900316488,565.430039754045,588.1450472559711,550.8247207641601,513.5043942723491,0.13550708631971503,-12.141169273878061,-0.001781215858176255,-0.09833930943033942,14.387002429644694
2025-04-08 04:00:00+00:00,517.3544895320528,520.4475480659574,484.93682423959376,492.1936340332031,165816600,21.587346038161854,-16.90322953586906,-10.52420139724274,-6.379028138626319,547.9610260009765,572.3526965332031,565.7090325927734,543.6747275556064,562.5580238434237,593.206536841097,547.9610260009765,502.71551516085606,0.16514134653087473,-13.7246725852544,-0.015662717811204874,-0.11496144302509081,15.89583967226748
2025-04-09 04:00:00+00:00,489.17988772825765,543.8834838867188,488.7932402716448,543.8834838867188,241867300,47.94096015455432,-14.74259324244133,-11.367879766282458,-3.374713476158872,547.53603515625,571.2802978515625,565.7547274780273,543.6946091109504,561.8256889431608,592.7670836672376,547.53603515625,502.30498664526243,0.16521670029655677,-3.5121895759229487,0.10501933848666689,-0.02816557177451051,18.695439953896514
2025-04-10 04:00:00+00:00,527.5754628052078,528.8939971161361,504.92276379554966,520.051025390625,162331200,41.08476603272896,-14.782945049359455,-12.050892822897858,-2.7320522264615974,546.2876007080079,569.7848205566406,565.6899520874024,541.4428392328242,560.1874668430613,593.0789692860468,546.2876007080079,499.4962321299689,0.17130672018693335,-7.494530348207718,-0.04381905169427358,-0.022582371413412905,20.142959963701703
2025-04-11 04:00:00+00:00,518.4945124649533,531.7986316335475,515.5798930426869,529.3301391601562,97866300,44.41776168525747,-13.905878898812944,-12.421890038080875,-1.4839888607320688,544.9402313232422,568.4110754394532,565.6613088989258,540.289248749713,558.9773755613788,592.0541563551571,544.9402313232422,497.8263062913272,0.17291410075380687,-3.908874729732994,0.01784269872857469,0.056720914235220965,19.8626584370702
2025-04-14 04:00:00+00:00,539.3528832417228,539.580938661594,529.2508571038156,534.4654541015625,68034000,46.23071519540862,-12.650592501790243,-12.467630530822749,-0.18296197096749367,543.6351440429687,567.2036889648438,565.6550036621094,539.7346016403653,558.0161237394253,590.3899585979592,543.6351440429687,496.8803294879782,0.17200806484760678,-3.6235960280957817,0.00970153513184413,0.06887662931179284,19.181760088549357
2025-04-15 04:00:00+00:00,535.0106570692674,538.5399188279399,532.175363851926,532.9684448242188,56892900,45.76211889824634,-11.642359255571591,-12.302576275772518,0.6602170202009265,542.5581481933593,566.0464221191406,565.6369906616211,539.0902057531133,557.033861821182,589.2537938717969,542.5581481933593,495.86250251492174,0.17213139581048548,-4.164216945445582,-0.002800946751292277,0.08284302756395467,18.266245437653968
2025-04-16 04:00:00+00:00,527.0896882471153,533.2460954669957,515.7980102587055,521.1216430664062,83484800,42.12336556570506,-11.664800479179348,-12.175021116453884,0.5102206372745357,540.5868591308594,564.5729504394532,565.5703005981445,537.378914068665,555.6255395170731,587.4069546281968,540.5868591308594,493.7667636335219,0.17321951026561574,-6.883740906011444,-0.022227960909993016,-0.04185058288155963,18.20780542127084
2025-04-17 04:00:00+00:00,523.0845951885916,526.5840872057769,519.3867572764926,521.8651733398438,79868100,42.43275406231338,-11.49013747894901,-12.03804438895291,0.5479069100039009,538.7337951660156,563.0661169433594,565.5018286132813,535.9014149516345,554.3016035885543,585.4373081380401,538.7337951660156,492.0302821939912,0.17338252543682484,-1.9172744088673483,0.0014267883196374953,0.003488403753951097,17.421342886128944
2025-04-21 04:00:00+00:00,516.6604751455176,517.1958517151049,504.0701402922449,509.443359375,69368100,38.70975939893935,-12.213265444864874,-12.073088600135303,-0.14017684472957015,536.2504211425781,561.2693334960937,565.3532263183594,533.3816001348122,552.5424567566502,583.6328089419785,536.2504211425781,488.86803334317773,0.1767173914696185,1.7020216011032974,-0.02380272645010273,-0.0375697099294382,17.448035040519652
2025-04-22 04:00:00+00:00,515.6493966065633,524.7302873126982,514.7075863102422,522.697998046875,75948100,44.323245606848026,-11.583286088839031,-11.97512809787605,0.3918420090370187,533.9291381835938,559.8473547363282,565.2588671875,532.3641142216753,551.372085826855,579.1413152987958,533.9291381835938,488.7169610683917,0.16935647029496134,4.534291227398609,0.02601788486974521,-0.022017243517578944,17.29367024746098
2025-04-23 04:00:00+00:00,535.7641184612734,540.7209502963145,529.2706808590098,530.79736328125,90590700,47.48819007888016,-10.311606049451711,-11.642423688191183,1.3308176387394717,531.9444183349609,558.5067114257813,565.1893899536133,532.2148998463967,550.5652339623215,573.9322861572576,531.9444183349609,489.95655051266414,0.15786562044855348,7.843199622822161,0.015495305634686263,-0.004073564887476233,17.345761819030876
2025-04-24 04:00:00+00:00,532.086198348384,542.7037553366079,530.8272040401201,541.9701538085938,64150400,51.577367348420466,-8.30648761698751,-10.97523647395045,2.6687488569629387,530.8588745117188,557.3804284667968,565.1726342773437,533.1439716523203,550.2281719955087,570.5694271342235,530.8588745117188,491.1483218892142,0.14960869839099972,-0.35179043578449837,0.021049069381725127,0.0400069945656254,16.957235407339947
2025-04-25 04:00:00+00:00,541.9305048307399,546.2924809922215,538.9960382976576,545.8860473632812,61119600,52.95997946378569,-6.328486081583378,-10.045886395477035,3.7174003138936573,530.0439727783203,556.3710131835937,565.1728060913086,534.3575026724118,550.0578925981664,567.7690465330279,530.0439727783203,492.3188990236126,0.14234695871350048,4.967785988548112,0.007225293730972693,0.046028888783108846,16.2671787849988
2025-04-28 04:00:00+00:00,546.6295538469604,548.770878725811,540.3145544882295,546.0941772460938,47613800,53.036733019965894,-4.690047325796286,-8.974718581540886,4.2846712557446,529.8055480957031,555.2398376464844,565.1470123291016,535.4752812032386,549.9024527804381,567.0586282219042,529.8055480957031,492.55246796950195,0.1406292563756686,3.1670288248720526,0.0003812698342773313,0.07194287097207042,15.709260603040422
2025-04-29 04:00:00+00:00,544.1709145104755,550.6544896169489,543.8140371215516,549.5342407226562,47775100,54.36221035558619,-3.0785013870829516,-7.795475142649299,4.716973755566348,529.5542358398437,554.178056640625,565.1621847534179,536.8142297288974,549.8880130918976,566.1987746075768,529.5542358398437,492.90969707211076,0.13839767973762607,2.8194126496771266,0.006299396001456126,0.0513417743631277,15.075774309637344
2025-04-30 04:00:00+00:00,542.8425846178815,551.7153272696712,536.8448291409326,549.7523803710938,93101500,54.450002407487695,-1.7634100798159125,-6.589062130082622,4.82565205026671,529.2355163574218,553.0852551269531,565.1612124633789,538.0464345519638,549.8826941616701,565.0515600672023,529.2355163574218,493.4194726476413,0.13535011390124452,3.1491424510902517,0.00039695369691727933,0.03571045826729202,15.061111725287436
2025-05-01 04:00:00+00:00,555.5319968692943,559.2000647311057,553.0436574695955,553.6483764648438,63186100,56.07521012956947,-0.40218033496500993,-5.3516857710591,4.94950543609409,528.9356231689453,552.0419067382812,565.172158203125,539.5323337817618,550.0303679774809,563.8163394130792,528.9356231689453,494.0549069248115,0.1318902139173663,6.2416777025498895,0.007086819871739536,0.02154772282972317,14.66015262776776
2025-05-02 04:00:00+00:00,559.8543184862792,563.4728299899488,557.52463168794,561.8668212890625,60717300,59.368564747768474,1.3244958936732019,-4.01644943811264,5.340945331785842,530.4256469726563,551.2133349609375,565.2078454589844,541.6594278300762,550.4945426171507,568.1445568161397,530.4256469726563,492.70673712917295,0.14222128985941662,7.665130764180978,0.014844159530811085,0.02927492652169983,14.314745549006135
2025-05-05 04:00:00+00:00,557.7129496783965,561.7577411466406,556.850465833372,558.6448364257812,38659200,57.54689667025743,2.4051865008781306,-2.732122250314486,5.1373087511926165,533.3120071411133,550.5267004394532,565.2663122558594,543.277085791572,550.8141619821951,570.3864162843124,533.3120071411133,496.2375979979143,0.139034593809133,9.657889566200854,-0.005734428055191421,0.02298259110357015,13.650574828055015
2025-05-06 04:00:00+00:00,553.1130409863903,558.486229861133,552.151444635027,553.9755249023438,48264700,54.91702973269849,2.851991196951076,-1.6152995608613738,4.467290757812449,536.0095138549805,549.8006457519531,565.3224487304688,544.2959847545026,550.9381369986714,570.7830967717216,536.0095138549805,501.2359309382394,0.12974987203734312,5.983861995328288,-0.008358282792537475,0.008081906186313548,13.139347468247816
2025-05-07 04:00:00+00:00,555.3139314189718,558.9522292842823,551.239369394788,556.3052978515625,55588000,55.99755301001014,3.355401365641569,-0.6211593755607853,3.9765607412023543,539.2150970458985,549.1798974609375,565.4082543945312,545.4397288589845,551.1486138948633,568.6517496950667,539.2150970458985,509.77844439673026,0.1091833400453271,4.805588033186363,0.004205552130898571,0.011919761904523929,12.751741212622566
2025-05-08 04:00:00+00:00,560.3599572530266,565.3861923682981,556.850541835946,560.1815185546875,65130800,57.80938147997517,4.020787036908814,0.3072299069331347,3.7135571299756793,540.0299987792969,548.6307421875,565.4856488037109,546.8437088300038,551.5028454501505,570.8101816716244,540.0299987792969,509.2498158869694,0.11399434461753653,3.360215432181421,0.0069677939758885366,0.011800164811390124,12.48953787720207
2025-05-09 04:00:00+00:00,561.5891904044281,562.6004034437263,557.9013366275524,559.4677124023438,37603400,57.34114731087406,4.439337860798446,1.133651497706197,3.305686363092249,542.0008331298828,548.2549084472656,565.5637463378906,548.0459948845124,551.8151931737659,572.4576217554192,542.0008331298828,511.5440445043465,0.11238650114118101,2.488003696863871,-0.0012742408107025982,-0.0042698888701322435,11.933075658557204
2025-05-12 04:00:00+00:00,576.4498296839446,577.9666494201874,572.0580835025086,577.9567260742188,78993600,65.20299736283064,6.191578624157387,2.1452369229964354,4.0463417011609515,544.432162475586,548.0683740234375,565.7959136962891,550.8946359501988,552.8403513267249,578.0539779259971,544.432162475586,510.81034702517485,0.12351149607888498,5.8346252635040186,0.03304750794730138,0.034569172377919566,12.402065755649094
2025-05-13 04:00:00+00:00,578.3731191340623,583.9942109104026,577.8080934606628,581.7735595703125,67947200,66.57259319809093,7.798334274635067,3.2758563933241622,4.5224778813109054,546.7975677490234,548.1639599609375,566.0610122680664,553.8354858187811,553.9749869441205,583.7712724320238,546.7975677490234,509.823863066023,0.13523726828269683,5.866662431309185,0.006604012591080455,0.050179174743990806,11.958069448084142
2025-05-14 04:00:00+00:00,582.7351614378528,583.8950433433344,580.4847400372229,582.51708984375,66283500,66.84634821488363,9.027631466769208,4.426211408013171,4.6014200587560365,549.275,548.4110119628906,566.3002194213867,556.5670671544924,555.0942850970472,588.7646452163636,549.275,509.78535478363636,0.14378824893309777,5.959903156861171,0.0012780406761467855,0.04711763863011331,11.347514723657524
2025-05-15 04:00:00+00:00,580.5045239452851,585.8677897044162,580.0484736048338,585.3622436523438,71268100,67.92869832055175,10.114840893009728,5.563937305012483,4.550903587997245,552.4870300292969,548.5924072265625,566.5520809936523,559.3094649161925,556.2812638639216,592.7374842035855,552.4870300292969,512.2365758550083,0.14570642200289932,5.72816042376922,0.00488424092305495,0.04495101009869895,10.95264339336644
2025-05-16 04:00:00+00:00,586.1453424794305,589.367283051199,584.1923798537092,589.0698852539062,76052100,69.33369260472638,11.14714058955633,6.680577961921252,4.466562627635077,555.847265625,549.0525512695312,566.8360330200195,562.1437906626414,557.567092153725,596.5296422278615,555.847265625,515.1648890221385,0.14637969499451559,4.841550156393493,0.006333926797924105,0.0529113158728165,10.539947665089539
2025-05-19 04:00:00+00:00,583.0225710566098,590.3983396880136,583.0225710566098,589.7142944335938,68168500,69.5831069771823,11.880295322386473,7.720521434014297,4.159773888372176,559.8608123779297,549.4621301269531,567.0799472045899,564.7695529265417,558.8277667529355,597.1348269312068,559.8608123779297,522.5867978246526,0.13315457602742714,5.561576153929105,0.0010939435130175035,0.020343336843293702,10.313934876969132
2025-05-20 04:00:00+00:00,587.9695461543464,588.9212192076606,584.5096264657933,587.7315673828125,60614500,67.7571071016549,12.161150059756437,8.608647159162725,3.552502900593712,563.1124908447266,550.1352917480468,567.3522485351563,566.9564114461865,559.9612491305778,598.1296202619096,563.1124908447266,528.0953614275436,0.12436992603255424,6.093417662525678,-0.0033621824491902874,0.01024111136453243,9.948987240599939
2025-05-21 04:00:00+00:00,583.3597230362551,587.4639949903343,576.7968814516564,577.827880859375,95197700,59.37557534552917,11.452566669105295,9.177431061151239,2.2751356079540557,565.4640167236328,550.7024987792969,567.6246740722656,567.9917894855378,560.6619013552365,597.6903367672085,565.4640167236328,533.2376966800571,0.11398185946578497,3.8688437969101126,-0.016850696938976673,-0.00804990800464378,10.019394289925376
2025-05-22 04:00:00+00:00,577.629506378804,581.5553390131786,576.3902984080268,578.0558471679688,70860400,59.49976475158715,10.785080508236774,9.498960950568346,1.2861195576684281,567.2683013916015,551.2159497070312,567.9744479370117,568.9502711695789,561.3440168773045,598.0389440685486,567.2683013916015,536.4976587146544,0.10848708662712755,3.190810125153437,0.00039452286077779064,-0.012481837637472237,9.67265474101298
2025-05-23 04:00:00+00:00,571.0072475595028,576.7869310981343,570.6305234552773,574.1102294921875,76029000,56.29220605506771,9.824464237029702,9.564061607860618,0.26040262916908397,568.6795104980469,551.7977600097656,568.2810717773438,569.441695771732,561.8446526661235,597.9504627330577,568.6795104980469,539.408558263036,0.10294357962492981,2.6172229004903715,-0.006825668653144379,-0.0253953836992884,9.512131096132872
2025-05-27 04:00:00+00:00,581.0101669642168,586.2049176986301,573.4361124467979,586.0463256835938,72588500,62.82171740304578,9.912052162469308,9.633659718782356,0.27839244368695226,570.6771179199219,552.3931359863282,568.6645132446289,571.0230890966712,562.7937378824948,598.9459824428207,570.6771179199219,542.4082533970231,0.09907130892486729,1.3996894999948781,0.02079060009427791,-0.006219908156581133,9.744750678682824
2025-05-28 04:00:00+00:00,586.4527734503207,587.6523487169525,581.9222212137981,582.6558227539062,68445500,60.07628134221538,9.597249851400306,9.626377745305946,-0.02912789390564008,572.3331970214844,552.8349084472657,568.9721270751953,572.1309684925984,563.5726431715698,599.304513862078,572.3331970214844,545.3618801808907,0.09425040162254018,0.15165061544656203,-0.005785383818817769,-0.008636161320224267,9.457991880430788
2025-05-29 04:00:00+00:00,587.9397721452495,588.0785779673218,581.0101304856973,584.9557495117188,69973300,61.31142873546614,9.424709436212765,9.58604408348731,-0.16133464727454516,574.0933654785156,553.4438562011719,569.2797506713868,573.3523762087051,564.4111963613796,599.4891578520803,574.0933654785156,548.6975731049508,0.08847269068297615,0.41864173781113917,0.003947316182205007,0.012335626037537128,9.28731013765891
2025-05-30 04:00:00+00:00,583.8454633007033,586.0264816938155,578.2045855174352,584.301513671875,90601200,60.735806434661804,9.12993434949749,9.494822136689347,-0.3648877871918579,575.6260223388672,553.9189379882813,569.5827276611328,574.3951512051975,565.1912088049285,599.5590928654119,575.6260223388672,551.6929518123225,0.08315492906071396,-0.1812091558639602,-0.0011184364635955513,0.01080460743456757,9.182637711853292
2025-06-02 04:00:00+00:00,582.6855584091887,587.6721002233023,580.008856873824,587.5928344726562,61630500,62.636300889426636,9.057495877067822,9.407356884765042,-0.3498610076972195,576.9123229980469,554.492265625,569.8590985107422,575.6520734211459,566.0697039291531,600.512140436083,576.9123229980469,553.3125055600108,0.08181422548020696,-0.250742877581214,0.00563291506828012,0.023484348976666736,9.074109543112222
2025-06-03 04:00:00+00:00,587.226040295674,591.9251076728165,586.7402198994458,590.9436645507812,63606200,64.5192129768177,9.164825446187706,9.358850597049575,-0.19402515086186867,578.5272644042968,555.1289221191406,570.1438262939453,577.1084154334922,567.0451533652954,601.312231732482,578.5272644042968,555.7422970761116,0.07876886269706448,0.20846876678956547,0.005702639449530089,0.008356572940671603,8.79630798813068
2025-06-04 04:00:00+00:00,591.8061095833268,592.7875526407612,590.3487695069823,590.7849731445312,57314200,64.35381121303861,9.13181396569837,9.313443270779334,-0.1816293050809641,580.3677368164062,555.5621484375,570.381996459961,578.4109447393054,567.9761266899714,600.7416928275802,580.3677368164062,559.9937808052323,0.07021050523219924,0.5195238661955259,-0.0002685389754887302,0.013951890761518149,8.342199069962694
2025-06-05 04:00:00+00:00,592.4702844558809,593.8284515327539,585.9470768439928,587.9298095703125,92278700,61.30848427919128,8.774121677733888,9.205578952170246,-0.43145727443635806,581.9489624023438,555.9109094238281,570.5998019409179,579.3175032946393,568.7586240578279,599.2906399800889,581.9489624023438,564.6072848245987,0.05959862014757087,1.7482591348678775,-0.004832830393470822,0.005084247929995289,8.309283042734007
2025-06-06 04:00:00+00:00,593.4913881340742,595.6426968087642,591.7069406984755,593.96728515625,66588700,65.0723810854146,8.875510425611651,9.139565246858528,-0.2640548212468765,583.6382507324219,556.5166345214843,570.8217697143555,580.7127206147927,569.747199002864,598.5862504311492,583.6382507324219,568.6902510336945,0.05122350935693042,2.7525779846765874,0.010269041453009553,0.016542437865055826,8.266683342428127
2025-06-09 04:00:00+00:00,594.5422573867003,596.0590770966814,593.322896017802,594.5026245117188,53016400,65.39384613809267,8.896505770104682,9.090953351507759,-0.19444758140307705,585.3899963378906,557.1630053710937,571.0508831787109,582.0260447954523,570.7180000032113,596.2496548600606,585.3899963378906,574.5303378157206,0.03710230304619596,3.5519999421659407,0.000901294345408088,0.011759486558857946,7.871647466460364
2025-06-10 04:00:00+00:00,595.0378762584654,598.2598168672969,593.9176879604769,597.8732299804688,66247000,67.4266287115728,9.080450641273387,9.088852809460885,-0.00840216818749795,586.3858215332032,558.1032165527344,571.2874215698242,583.5353005273587,571.7829109827115,597.9651580863975,586.3858215332032,574.8064849800088,0.03949391724008015,2.0180835163635757,0.0056696225210415285,0.011726270785820336,7.619538997914623
2025-06-11 04:00:00+00:00,598.9737360301211,599.8362200559476,594.0962297274801,596.1681518554688,73658200,65.33584013042073,8.985068446134619,9.068095936795633,-0.08302749066101356,587.1055511474609,558.9353698730469,571.5370404052734,584.7384292252739,572.739194938506,599.225501533725,587.1055511474609,574.9856007611968,0.04128712584160187,2.319092777224273,-0.0028519057878803045,0.009111908656519896,7.48528552152554
2025-06-12 04:00:00+00:00,594.8297748594797,598.5374755859375,594.3440149953893,598.5374755859375,64129000,66.87302215022079,8.996950745295294,9.053866898495565,-0.056916153200271324,587.9065704345703,559.783583984375,571.7694854736328,586.0526241167656,573.7508922187974,600.8005090732678,587.9065704345703,575.0126317958728,0.043863903848417624,2.3218382049506907,0.003974254114539111,0.01804240207411434,7.250155169312871
2025-06-13 04:00:00+00:00,593.3328138188501,596.6538671866508,590.338867810054,591.8457641601562,89506000,58.92528022054859,8.369919148047757,8.917077348406004,-0.5471582003582469,588.230746459961,560.4275744628907,571.9750518798828,586.6043517399456,574.4604950400271,601.1784112271432,588.230746459961,575.2830816927788,0.04402240054639354,1.2911571015573065,-0.01118010433553962,-0.003571780886106657,7.317901784067915
2025-06-16 04:00:00+00:00,595.2164006808653,599.2314224312138,595.0379014846701,597.4766845703125,79984100,62.91894622901163,8.232461614284603,8.780154201581723,-0.5476925872971208,588.6510864257813,561.73578125,572.2049920654297,587.6398120095043,575.3630907078815,602.2117620616358,588.6510864257813,575.0904107899268,0.046073730087523725,1.6820916658261593,0.009514168641802545,0.005002602067629924,7.322741533138602
2025-06-17 04:00:00+00:00,595.0280706090336,596.5547531382241,591.6078443016146,592.3712158203125,82209400,57.46350178539966,7.623675878552376,8.548858536975855,-0.9251826584234788,588.7839324951171,563.5648529052735,572.4254125976563,588.090421896248,576.0300760064082,602.4354203875464,588.7839324951171,575.1324446026879,0.04637180853281003,0.24157146529634668,-0.008545051015123262,-0.009202643443888547,7.21889144282141
2025-06-18 04:00:00+00:00,593.2733488854554,596.0293161899417,591.3203254879343,592.281982421875,76605000,57.36987306663977,7.052709166310706,8.249628662842825,-1.1969194965321197,589.0114532470703,565.4099847412109,572.6451416015625,588.489618136784,576.6674056697599,602.7366794783193,589.0114532470703,575.2862270158214,0.046604276217670326,0.2533932556503121,-0.0001506376340618676,-0.006518579399954039,7.039612818477555
2025-06-20 04:00:00+00:00,594.9675241520906,596.041382049652,589.4789845501997,590.8909301757812,94051400,55.8423719333662,6.414030689324022,7.882509068139066,-1.4684783788150435,589.6646057128906,567.3839306640625,572.8317431640625,588.7183145214503,577.2251909445058,602.4069536503581,589.6646057128906,576.9222577754232,0.04321896825420701,0.5036520613970705,-0.002348631711546645,-0.012775382865827578,7.005526009975754
2025-06-23 04:00:00+00:00,591.6465733053511,597.1152078061239,588.5145735944315,596.7274780273438,87426000,60.58438992235773,6.30614076315635,7.567235407142523,-1.2610946439861737,590.5981872558593,568.440810546875,573.1044873046875,589.4810919982021,577.9899865163818,602.510588820833,590.5981872558593,578.6857856908856,0.04034012234383314,0.46470452835927645,0.009877538397528252,0.008248287244422059,7.119462310098372
2025-06-24 04:00:00+00:00,600.8836010096178,604.3834856367664,599.9688039561656,603.3196411132812,67735300,65.13809732787337,6.675617326283032,7.388911790970625,-0.7132944646875936,592.0586578369141,570.1061828613281,573.4157403564453,590.7990490567811,578.9833063044955,602.6118536172766,592.0586578369141,581.5054620565517,0.03564915617962091,1.4830912830375065,0.011047192108078807,0.00977938837424408,7.157786974335822
2025-06-25 04:00:00+00:00,604.4431877891288,605.1392079707367,602.086708265907,603.65771484375,62114800,65.35912866080498,6.915986699524751,7.294326772681451,-0.37834007315669993,592.9392272949219,571.592734375,573.7352639770507,592.0236838936353,579.95093016878,604.2505635556097,592.9392272949219,581.6278910342342,0.038153442174139116,0.9675102635838398,0.000560355916550126,0.019053084825885858,6.864552169371103
2025-06-26 04:00:00+00:00,605.517034479532,608.8181084243395,604.9005750782753,608.380615234375,78548400,68.37565003936221,7.402251206023038,7.315911659349769,0.08633954667326904,594.2254669189454,573.0710375976563,574.123822631836,593.5814868784677,581.0658197791955,606.3854952507058,594.2254669189454,582.0654385871849,0.0409273213913572,2.0484930872098923,0.007823805236792936,0.027180689756375553,6.7428265558867
2025-06-27 04:00:00+00:00,609.3848675360332,612.8748603878714,607.3465704310272,611.4032592773438,86258400,70.16621024531547,7.939994133846426,7.440728154249101,0.4992659795973253,595.5478424072265,574.6397338867188,574.4977874755859,595.2787985355035,582.2555232889268,609.0645490771543,595.5478424072265,582.0311357372988,0.04539251327078187,2.149536865475517,0.0049683437757206406,0.03471423921748196,6.656073941669381
2025-06-30 04:00:00+00:00,613.8592475033348,615.6887204777686,611.5325652115941,614.3265380859375,92502500,71.82755504192185,8.504014462213036,7.653385415841888,0.8506290463711474,597.0490936279297,576.5038317871093,574.8746817016602,597.0928689688782,583.5132101437116,611.8449794940826,597.0490936279297,582.2532077617767,0.04956338104877348,3.7984176430969345,0.004781261408467019,0.029492625539505157,6.486744460151913
2025-07-01 04:00:00+00:00,612.8450033281383,615.3009489521946,612.0098276707645,614.127685546875,70030100,71.53573174448485,8.833136004544144,7.88933553358234,0.9438004709618042,598.3758361816406,578.34908203125,575.222936706543,598.7152324524969,584.7137778065808,614.260695271143,598.3758361816406,582.4909770921381,0.053093250525846854,2.7868871550255396,-0.00032369192397596613,0.017914292353635508,6.258485661671787
2025-07-02 04:00:00+00:00,613.7199664131181,616.9514321677677,613.0935543503272,616.9116821289062,66510400,73.17870630509248,9.212417441637513,8.153951915193375,1.058465526444138,599.6742370605468,580.4984484863281,575.5621801757812,600.448227659774,585.9764407211818,617.088410910891,599.6742370605468,582.2600632102027,0.05807877935761941,4.142751310866826,0.004533253666217929,0.02195609690598732,6.087013672798128
2025-07-03 04:00:00+00:00,618.9002703953504,622.7084454552534,618.880365032573,621.7738037109375,51065800,75.80529977957687,9.792451999275613,8.481651932009823,1.3108000672657898,601.2236785888672,582.4799645996094,575.911396484375,602.479234902742,587.3802588776429,620.6021393462279,601.2236785888672,581.8452178315065,0.0644633983905754,4.979354794564027,0.007881390031799329,0.022014489188487474,6.066281505194484
2025-07-07 04:00:00+00:00,619.8050900817584,620.471312902668,614.3464081455963,617.140380859375,74814500,68.88248444422177,9.765682356852949,8.738458016978448,1.0272243398745005,602.6842071533204,584.2068249511718,576.2333697509765,603.8755345176594,588.5473224847697,622.2370856654816,602.6842071533204,583.1313286411591,0.06488598267578975,4.442351260288413,-0.007451942851096072,0.009383531237324938,6.163503938062104
2025-07-08 04:00:00+00:00,617.8065573856337,618.5622329876766,615.9870371559156,616.8023681640625,59024600,68.39179923638315,9.60645518715944,8.912057451014647,0.6943977361447935,603.825961303711,585.7034692382813,576.5525231933593,605.1066615316025,589.6553634918008,623.8701174644488,603.825961303711,583.7818051429732,0.06639050801148315,3.36416385635234,-0.0005477079539696339,0.004030153224112709,5.907196216183453
2025-07-09 04:00:00+00:00,619.2184771119485,621.1573080723725,617.3690382262929,620.5010986328125,66113300,70.83968283577802,9.667284704853728,9.063102901782463,0.6041818030712651,605.1258850097656,587.1957702636719,576.8983709716797,606.5727983983844,590.8650001639974,625.9402096164226,605.1258850097656,584.3115604031086,0.06879337051106682,2.8478200192234753,0.005996621705197658,0.010377993430245702,5.796320765621066
2025-07-10 04:00:00+00:00,620.6403419781,623.2950985850023,619.4571258490619,622.2510986328125,57529000,71.9466770376275,9.74437581182383,9.199357483790736,0.5450183280330929,606.3447784423828,588.7189086914062,577.205927734375,608.0659698492823,592.0958275549314,628.1490828652067,606.3447784423828,584.5404740195589,0.07192048220102151,3.080120295302643,0.002820301211159615,0.008655074394896323,5.656438763501019
2025-07-11 04:00:00+00:00,619.1886122649546,621.2965174183169,617.9855515244625,620.0635986328125,63670200,68.44873027339742,9.519226384956255,9.26333126402384,0.25589512093241495,607.53955078125,590.1294958496094,577.5073934936523,609.2086011619995,593.1926028913189,629.5996103310757,607.53955078125,585.4794912314243,0.07262098252355144,1.9203411656922533,-0.003515461852628743,-0.0027505261043774265,5.557089359561661
2025-07-14 04:00:00+00:00,619.6061506560952,621.5947448449341,618.2539211725837,621.2467651367188,51898500,69.31763814312009,9.32872970171104,9.27641095156128,0.05231875014976062,608.675015258789,591.5593835449218,577.8077813720703,610.3550929691156,594.2927661166287,631.0995371608449,608.675015258789,586.2504933567332,0.07368307007811606,1.6099858334104507,0.0019081373370650745,0.006653890111072647,5.398784667618002
2025-07-15 04:00:00+00:00,623.9413645164026,624.2793915612978,618.5124802515571,618.592041015625,74317300,64.99270204121942,8.861396989204309,9.193408159089886,-0.3320111698855772,610.0123291015625,592.8582568359375,578.0868673706054,611.1395642116403,595.2456788577658,631.430318987256,610.0123291015625,588.594339215869,0.07022149836623237,0.6943380539895875,-0.00427322003118924,0.002901533690425895,5.425079427769618
2025-07-16 04:00:00+00:00,620.1829130237127,621.1672575214722,614.5253596449445,620.66015625,88987500,66.73401315370091,8.559246398510027,9.066575806973916,-0.5073294084638889,611.1715026855469,594.0341235351563,578.3824996948242,612.0462872629126,596.2423250300103,632.2570978866852,611.1715026855469,590.0859074844086,0.06900058366100559,1.063699106368718,0.0033432619517372864,0.00025633736594166123,5.511995031252335
2025-07-17 04:00:00+00:00,620.8391784397268,624.8163671275224,620.6204015046147,624.4583740234375,68885700,69.7135949865048,8.52796918945387,8.958854483469906,-0.43088529401603637,612.7758605957031,595.3503942871093,578.685991821289,613.2283907639151,597.3488367552428,632.748955010882,612.7758605957031,592.8027661805241,0.06518890739515201,1.2233018296052203,0.006119641699551259,0.003547242255537597,5.417992930656289
2025-07-18 04:00:00+00:00,625.7111996075373,625.8802131347736,622.8874296174818,624.0010375976562,65621600,68.9132116988327,8.369796741675714,8.84104293511107,-0.47124619343535556,614.3618133544921,596.7509045410156,578.9912854003907,614.2543571290332,598.3940211020041,632.5294941951911,614.3618133544921,596.1941325137932,0.05914326198596604,0.35820645280099167,-0.0007323729567987325,0.006350056628909417,5.244763686844544
2025-07-21 04:00:00+00:00,625.1842651367188,627.9384270926762,624.7567246264017,625.1842651367188,63375000,69.87681564896863,8.244878681812565,8.72181008445137,-0.4769314026388045,616.0764801025391,598.1284838867188,579.2912158203125,615.2953007488128,599.444618907287,631.293343116316,616.0764801025391,600.8596170887622,0.04939926617956337,1.3034124045071478,0.00189619482624237,0.006338061171446752,5.151379815999929
2025-07-22 04:00:00+00:00,625.5123643014988,626.1387764125508,622.6189860590433,625.2737426757812,60046300,69.95266626319403,8.060187484958306,8.589485564552758,-0.5292980795944526,617.503793334961,599.4303283691406,579.6169100952148,616.2456285513812,600.4575257217377,630.3663428191539,617.503793334961,604.641243850768,0.041659823382544876,1.3734341742127456,0.00014312186670739635,0.010801467230625805,5.0348377115361815
2025-07-23 04:00:00+00:00,627.9483971288857,630.59326171875,626.1387689061065,630.59326171875,70511000,74.12419394590827,8.247981513814011,8.52118475440501,-0.2732032405909983,618.8674743652343,600.8528393554687,579.9680200195312,617.6120698054164,601.6393192902481,631.1977410731561,618.8674743652343,606.5372076573126,0.0398478421266807,1.6264537013994287,0.008507504281572098,0.01600409719993201,5.055172092352794
2025-07-24 04:00:00+00:00,630.9809681636451,632.5221773472229,630.3744614468128,630.802001953125,71307100,74.27511889831862,8.317771139006481,8.480502031325305,-0.1627308923188231,620.2246887207032,601.9097448730469,580.3252963256836,618.8682538194838,602.7829539044785,631.4890833635885,620.2246887207032,608.9602940778178,0.03632359320013422,1.374188545283445,0.0003310219868288833,0.010158608153198356,4.847496650071169
2025-07-25 04:00:00+00:00,631.4682494008442,633.9440397736063,631.2196750953526,633.4667358398438,56865400,76.18477111553734,8.490231569775801,8.482447939015405,0.007783630760396676,621.4789947509765,602.9436083984375,580.6704809570313,620.2585854404705,603.9862394705713,632.7753392584506,621.4789947509765,610.1826502435025,0.03635310156218689,2.1615745927650045,0.0042243586394272725,0.015169362984762902,4.7256781622433195
2025-07-28 04:00:00+00:00,633.8445768779104,634.4013808975731,631.9156378299562,633.3076782226562,54917100,75.8229558166081,8.515907008240788,8.489139752860481,0.026767255380306665,622.5742156982421,603.9594201660157,581.0403842163086,621.5013561816311,605.1360998137903,633.9973862303636,622.5742156982421,611.1510451661206,0.03669657446160039,1.9414045694520816,-0.0002510907174575472,0.012993630100656794,4.565682798341433
2025-07-29 04:00:00+00:00,634.7095511904303,635.0277335557481,630.7224706603868,631.63720703125,60556300,71.95780986854695,8.305718758057196,8.452455553899824,-0.146736795842628,623.4397491455078,604.8849194335937,581.375485534668,622.4666753101662,606.1753589203574,634.8553068451437,623.4397491455078,612.0241914458719,0.036621205867229834,2.1088480210975575,-0.0026376929395429682,0.010177085524552876,4.547081376699999
2025-07-30 04:00:00+00:00,632.2934318863223,634.0434045947875,627.9384054781906,630.841796875,80418900,70.1247636206761,7.9829377660123555,8.358551996322332,-0.3756142303099761,624.2754547119141,605.7203576660156,581.6870556640625,623.2643059353885,607.1426702126964,635.2816574559927,624.2754547119141,613.2692519678355,0.0352607255691564,1.6404533982843368,-0.0012592832521511887,0.00039412910244651655,4.658361215264064
2025-07-31 04:00:00+00:00,635.8133211591798,636.2010509521909,627.1728759033415,628.4754028320312,103385200,64.83331787044546,7.4503008512559745,8.176901767309062,-0.7266009160530871,624.8536407470704,606.4955798339844,581.9917684936523,623.7606008779259,607.9792479624742,635.4594026711494,624.8536407470704,614.2478788229913,0.03394638754572631,0.6432820786294685,-0.0037511687632163504,-0.003688319177634236,4.970490774805877
2025-08-01 04:00:00+00:00,622.7282752516747,622.7680859762785,615.7582427178595,618.1743774414062,140103600,47.89209227112925,6.126354794559347,7.766792372759119,-1.640437578199772,624.6736694335938,607.1044360351563,582.2279837036133,623.2285795982573,608.3790569616481,635.5996961461274,624.6736694335938,613.7476427210602,0.03498155035873525,-0.9337580877560844,-0.016390498886999505,-0.024140744151566307,5.5238242990462965
2025-08-04 04:00:00+00:00,622.1018614509808,627.6201983240026,622.0124086950358,627.5704956054688,73218000,58.53540263429227,5.7688069991859265,7.367195298044481,-1.5983882988585547,625.1951751708984,608.0992883300781,582.4878332519531,623.6420954084679,609.1316623986606,635.6171912816301,625.1951751708984,614.7731590601668,0.033340040117496965,0.381684345211114,0.015199785864552506,-0.009059076361253915,5.803966912157011
2025-08-05 04:00:00+00:00,628.1869551885334,629.0022861088522,623.4640438716077,624.3887329101562,68051400,54.477564024220094,5.169119742225348,6.927580186880655,-1.7584604446553067,625.5744934082031,609.0259460449219,582.7541348266601,623.713203741962,609.7299788893075,635.2742417783891,625.5744934082031,615.8747450380172,0.031010690085334452,-0.14153956982708257,-0.005069968581366768,-0.011475692122638215,5.7849865782346885
2025-08-06 04:00:00+00:00,625.462617040701,629.8275961427472,624.5478806448895,629.17138671875,64357500,59.07057655746479,5.021894192389254,6.546442987982375,-1.5245487955931205,626.0080078125,610.1271691894531,583.0319378662109,624.2330306921323,610.4923870394817,635.5354965098477,626.0080078125,616.4805191151522,0.030438871638847724,-0.2254821112621036,0.007659737526496846,-0.002647906598016614,5.76026348211728
2025-08-07 04:00:00+00:00,632.6115839056886,633.347354057562,625.5222406525087,628.6443481445312,74205800,58.371648880635256,4.807274012752146,6.198609192936329,-1.3913351801841838,626.327670288086,610.9791296386719,583.3068600463868,624.6531561637893,611.2042286514445,635.7580196579275,626.327670288086,616.8973209182444,0.03011314944940554,-0.34204929627887987,-0.0008376709197908117,0.0002688177003247194,5.907752762326998
2025-08-08 04:00:00+00:00,630.4440623273716,634.0136158764692,630.125879949944,633.5462646484375,64051600,62.78244567116331,4.975376624313867,5.953962679211838,-0.9785860548979706,627.0018035888672,611.9969384765625,583.5952584838867,625.5001188766129,612.0803869258364,636.4721556718555,627.0018035888672,617.531451505879,0.030208372699348986,0.012554535872876025,0.007797598941873041,0.024866587435497856,5.869289545870638
2025-08-11 04:00:00+00:00,633.824713555593,635.3062066703783,631.0406328520911,632.29345703125,58742300,61.00340818497834,4.950442431724014,5.753258629714273,-0.8028161979902597,627.5541381835938,612.9436926269532,583.8821212768555,626.1471034627688,612.8730563417349,636.9052611253235,627.5541381835938,618.203015241864,0.029801804729694938,-0.16014667534943,-0.0019774524562664597,0.007525786280351943,5.754738422471819
2025-08-12 04:00:00+00:00,634.6499701667667,639.1839632015094,633.1585242910344,639.02490234375,64730800,66.49681307844071,5.411473189732305,5.68490154171788,-0.2734283519855749,628.57578125,614.0381604003907,584.2041680908203,627.3735604990527,613.8986189300492,638.2463722869923,628.57578125,618.9051902130077,0.030769849317964882,1.1696105343798244,0.01064607776285631,0.0234407968340129,5.835864690170934
2025-08-13 04:00:00+00:00,641.2321859855442,642.5049155421342,639.0149226306152,641.2123413085938,60092800,68.07084898025178,5.885506969529956,5.725022627280296,0.16048434224966002,629.6033905029296,615.1105505371094,584.5634048461914,628.691539623771,614.9697452978353,640.0293923297417,629.6033905029296,619.1773886761176,0.03311926836506926,1.6439215798582625,0.003423088766683291,0.01913779749686273,5.668302420267227
2025-08-14 04:00:00+00:00,639.1242567818475,641.9381347685223,638.6768716045066,641.27197265625,59327500,68.11482750411221,6.194586568676982,5.818935415559634,0.37565115311734854,630.4440704345703,616.1171166992187,584.9167825317382,629.8896761030546,616.0012051942438,641.7494437624059,630.4440704345703,619.1386971067348,0.03586479390643708,2.0361289823841857,9.299781650273786e-05,0.02008707236291829,5.496371044820693
2025-08-15 04:00:00+00:00,642.3060757523746,642.4055418903916,638.8558933981693,639.7706298828125,68592500,65.66259722377643,6.246384135156973,5.904425159479102,0.3419589756778709,631.2325500488281,617.0968298339844,585.2636389160157,630.8307193201745,616.9333394957563,642.826474038321,631.2325500488281,619.6386260593353,0.03673423998365109,3.4935534744730266,-0.002341195058344292,0.009824641990161531,5.35731943392081
2025-08-18 04:00:00+00:00,639.1938544805789,640.327367802147,638.5177396976476,639.63134765625,43804900,65.42726635872685,6.204671576460669,5.9644744428754155,0.2401971335852533,631.9549041748047,618.1308605957031,585.6009820556641,631.6688743998008,617.8234574628345,643.749966773848,631.9549041748047,620.1598415757614,0.03732881103104989,1.9218322300421655,-0.0002177065030134484,0.011605197781822563,5.1039129103907115
2025-08-19 04:00:00+00:00,639.4523760102862,640.4367204754008,634.8388226855677,636.1612548828125,69750700,59.68774020119496,5.824465771322366,5.936472708564806,-0.11200693724244015,632.4992797851562,618.9747399902344,585.9163449096679,632.0967201600876,618.5425867734219,644.0122818243859,632.4992797851562,620.9862777459265,0.03640479098455382,1.8854475348693085,-0.005425144946620719,-0.004481276786608035,5.139197544636592
2025-08-20 04:00:00+00:00,635.7536294439067,636.0120957287904,629.3404006137462,634.470947265625,88890300,57.06187372509432,5.325368697876229,5.814251906427091,-0.4888832085508623,632.6931640625,619.7741064453126,586.2319250488281,632.3228370272816,619.1672283613515,644.2018462225093,632.6931640625,621.1844819024908,0.036379979470972656,0.8423079400532228,-0.0026570426982367445,-0.010513512620812682,5.259315882095859
2025-08-21 04:00:00+00:00,632.6514152909955,634.3317192031022,630.1954697904521,631.925537109375,54805800,53.26189778993786,4.670597602821545,5.585521045705982,-0.9149234428844375,632.7493408203125,620.4551525878907,586.5907797241211,632.2849989398619,619.6675541946073,644.2314875338276,632.7493408203125,621.2671941067973,0.03629287609728486,0.5219467850984917,-0.004011862429981972,-0.014574838672834267,5.189041710172793
2025-08-22 04:00:00+00:00,634.1230118894028,642.8131599802851,633.6159105915494,641.6299438476562,84083200,63.2971902174044,4.878514831085226,5.444119802781831,-0.5656049716966045,633.1575012207031,621.3643884277344,586.9863354492187,633.1749936929851,620.5288243770798,645.27539725937,633.1575012207031,621.0396051820362,0.038277667137494475,1.2759414190066263,0.015356883316778536,0.002906219632470952,5.596083221654033
2025-08-25 04:00:00+00:00,640.3670840067143,641.6099553847616,638.6867194761113,638.8060302734375,51274300,59.306669344438,4.760547874874533,5.307405417200371,-0.5468575423258386,633.4324188232422,622.1697595214844,587.3738302612305,633.7112828911235,621.245577549486,645.7984105391025,633.4324188232422,621.0664271073819,0.03904439163007548,1.029992192670377,-0.004401156151292773,-0.0012903016492806785,5.406593303789099
2025-08-26 04:00:00+00:00,638.5376929659955,641.8288143683822,637.9112808564007,641.4807739257812,51581600,61.765432968138356,4.827242227604529,5.211372779281203,-0.384130551676674,633.9245971679687,623.1624597167969,587.7407626342773,634.4512344182338,622.0391146622819,646.7409710670224,633.9245971679687,621.108223268915,0.04043501058741153,0.38431547393909943,0.004187098314019977,0.008361903530180737,5.300231890088552
2025-08-27 04:00:00+00:00,640.8941330732226,643.6781530071313,640.7449642231398,642.9423828125,48341100,63.078265499394575,4.941079911132874,5.157314205651538,-0.21623429451866372,634.5296264648438,624.0717736816406,588.0443731689453,635.2599152176876,622.8588506681729,647.8397188077581,634.5296264648438,621.2195341219294,0.04195262691537002,0.26980789240200226,0.0022784921171898898,0.013351967624970484,5.131157382510188
2025-08-28 04:00:00+00:00,643.548887361664,645.7761033013204,641.6597591604225,645.2192993164062,61519500,65.08926848649672,5.15559474143231,5.156970312807693,-0.0013755713753829113,635.3668212890625,625.1287353515625,588.3368591308594,636.2084279889942,623.7357310073193,649.1464466053609,635.3668212890625,621.5871959727641,0.04337533800818127,0.6155464184417414,0.0035414005434608598,0.021036912462568003,5.058670722395027
2025-08-29 04:00:00+00:00,643.777581165663,644.1455269630451,639.472317969575,641.3713989257812,74522200,59.21905995598228,4.957953682825746,5.117166986811304,-0.15921330398555789,636.5266723632812,626.1105236816406,588.5973977661133,636.7001395067834,624.4273258276511,648.0415332494671,636.5266723632812,625.0118114770954,0.03618029341467727,0.25020983586914025,-0.005963709384858351,-0.00040295021196268266,5.107835766997615
2025-09-02 04:00:00+00:00,633.8644298326893,636.8373685858147,631.2991262066306,636.61865234375,81983500,52.875876938148124,4.367469323438399,4.967227454136723,-0.5997581306983237,636.9790802001953,627.025078125,588.8313653564453,636.6923788245898,624.9054170635766,647.7369796914775,636.9790802001953,626.2211807089132,0.03377787379736576,-0.47100495051394503,-0.0074102876897714776,-0.003424166062977241,5.462438406437117
2025-09-03 04:00:00+00:00,639.0049424066366,640.5361988813526,636.8075845104526,640.06884765625,70820900,56.51710506765149,4.130296652853531,4.799841293880085,-0.6695446410265546,637.7630859375,627.8919055175782,589.0917453002929,637.0139472847479,625.5000614005442,646.8998088231828,637.7630859375,628.6263630518173,0.028652404277214993,0.6142456403066104,0.005419563658397131,-0.0022010422243685657,5.35208898723465
2025-09-04 04:00:00+00:00,640.7449431803722,645.4480098993379,639.8401594892221,645.4181518554688,65219200,61.486017413109515,4.324133822528438,4.704699799609756,-0.3805659770813179,638.5754241943359,628.7338757324219,589.3774432373046,637.8143477200547,626.2811629870118,647.3956667683398,638.5754241943359,629.7551816203321,0.02762474796186202,1.7254067561364064,0.008357388769671292,0.0038506857055196075,5.37035766029759
2025-09-05 04:00:00+00:00,647.7646994415851,648.4905776412766,639.6612139364762,643.5488891601562,85178900,58.950939324038195,4.277607699741338,4.619281379636073,-0.3416736798947344,639.3206512451172,629.53169921875,589.6727084350586,638.3604945238739,626.958328719292,647.1178970465043,639.3206512451172,631.5234054437302,0.024392285111395646,1.8393546973825583,-0.002896204096427546,-0.0025889029637206074,5.617429520619217
2025-09-08 04:00:00+00:00,644.9209975333657,646.1340715853498,643.5389099622073,645.1298217773438,63133100,60.436654932875065,4.318522225997299,4.559129548908318,-0.2406073229110195,639.8998291015625,630.2666833496094,590.0133114624024,639.0051923575377,627.670936290196,647.6157761251347,639.8998291015625,632.1838820779903,0.02411610903039498,0.5454667387715441,0.002456585107699638,0.005859978879409589,5.401553242228025
2025-09-09 04:00:00+00:00,645.2689866211995,647.148222783044,643.5289666240282,646.6212768554688,66133900,61.83986865820872,4.420340311478412,4.531371701422337,-0.11103138994392481,640.6162200927735,630.9710437011719,590.34955078125,639.730533738293,628.4140869005988,648.0288557258466,640.6162200927735,633.2035844597003,0.023142204023493648,1.2234146535351234,0.002311868135340678,0.01571211348409829,5.274246307712873
2025-09-10 04:00:00+00:00,649.8925329397852,650.8172220560821,646.9195940128865,648.4906005859375,78034500,63.58324477683493,4.598857908955665,4.544868942929003,0.05398896602666259,641.0895050048828,631.6543249511719,590.6845468139649,640.564825819021,629.201401162769,649.2102123503752,641.0895050048828,632.9687976593904,0.025334082938795122,1.0927570934444375,0.002890909713888945,0.013157573533730815,5.197224800062905
2025-09-11 04:00:00+00:00,650.4493620868353,654.5757199134183,649.8627606991871,653.8796997070312,69934400,68.10694383190821,5.116213131351856,4.659137780613573,0.45707535073828254,641.7228729248047,632.449365234375,591.0455032348633,641.8329090464506,630.1691775762695,651.5745766584467,641.7228729248047,631.8711691911627,0.030703919555619165,1.7011348430145221,0.008310219325036394,0.013110179543660117,5.260645837735614
2025-09-12 04:00:00+00:00,653.8498075653706,655.3512060315065,653.1538480823614,653.660888671875,72780100,67.73901057943533,5.445788985053127,4.816468021501485,0.6293209635516428,642.342318725586,633.1843493652344,591.3897525024414,642.9593832964911,631.0904211486462,653.4771198392141,642.342318725586,631.2075176119579,0.034669367995929845,1.3083287131076835,-0.0003346350028212708,0.015712869188407863,5.041839559979152
2025-09-15 04:00:00+00:00,655.8782140097094,657.2701936656516,655.5799369896564,657.1409301757812,63772400,70.47127213003843,5.919553560372378,5.037085129275663,0.882468431096715,643.2108337402344,633.8916918945313,591.7423388671875,644.3100068088045,632.1120097379456,655.9953394399997,643.2108337402344,630.4263280404691,0.03975214666526722,2.4587206845225773,0.005323924934497848,0.018618126139862357,4.939515662393257
2025-09-16 04:00:00+00:00,657.6977327581834,658.0060231465056,655.450672087237,656.2361450195312,61169000,68.83888140169327,6.151100738709374,5.259888251162406,0.8912124875469685,644.0410736083984,634.6736071777344,592.080451965332,645.4458294955404,633.0580542587921,657.8994860604795,644.0410736083984,630.1826611563173,0.043035803211853976,3.081513965002167,-0.0013768510142991852,0.01486939652035546,4.7692181907415
2025-09-17 04:00:00+00:00,656.2461210913638,657.9463305061431,650.5686620900484,655.4208374023438,101952200,67.32548664312701,6.197375547275101,5.447385710384945,0.7499898368901556,645.004052734375,635.4459765625,592.3991213989258,646.3958302485693,633.9350261467746,659.2106630505377,645.004052734375,630.7974424182123,0.044051228068835914,2.398490381512609,-0.001242399741884448,0.010686718990444044,4.955536063981015
2025-09-18 04:00:00+00:00,658.1153912564865,661.0982828700095,656.5046346401509,658.4832763671875,90459200,69.99393099254462,6.407302502209973,5.639369068749951,0.7679334334600219,646.2046691894532,636.2056201171876,592.7420672607421,647.5470155931996,634.8977026260064,660.7033066761961,646.2046691894532,631.7060317027102,0.044873205589581605,2.0242883585097062,0.004672477269690223,0.007040403092830161,5.007101021387066
2025-09-19 04:00:00+00:00,660.3786700487054,662.5921003065068,658.4244226642126,661.74462890625,97945600,72.56367547062887,6.758922370278242,5.863279729055609,0.8956426412226328,647.6956237792969,636.9954907226562,593.0829974365234,648.8991692420616,635.9505232644474,662.1468539561345,647.6956237792969,633.2443936024592,0.044623522674168595,2.8274059753004224,0.0049528251606558715,0.012366871529976065,4.947142208594724
2025-09-22 04:00:00+00:00,660.2490220888672,665.3239917254978,660.2190812650523,664.8753662109375,69452200,74.79518108616463,7.207128691557159,6.13204952155592,1.0750791700012394,648.8578948974609,637.8917260742187,593.4342620849609,650.420711810526,637.0848308309764,664.8298945347118,648.8578948974609,632.8858952602101,0.04923111751541504,3.060708677083697,0.004731035459799804,0.01176982847969521,4.958411369441206
2025-09-23 04:00:00+00:00,664.7557113987294,665.3739407705357,660.0296859026699,661.256103515625,81708900,67.91793323647008,7.187438857131951,6.343127388671126,0.844311468460825,649.9803985595703,638.6919128417969,593.7660516357422,651.4526538776782,638.0327238774332,666.1235033857957,649.9803985595703,633.8372937333448,0.049672589702706084,2.263276385108403,-0.005443520514135325,0.007649622066983719,4.985971619328673
2025-09-24 04:00:00+00:00,662.5522091075384,662.6518901422049,657.7264420940938,659.1522216796875,68082200,64.22130235152017,6.922273183907691,6.45895654771844,0.46331663618925134,650.8639709472657,639.5031164550782,594.0688513183594,652.1859460492982,638.8609394775217,666.9839206016408,650.8639709472657,634.7440212928906,0.049534005180573014,1.6440671744689581,-0.00318164448653413,0.005693112065421113,4.981648507098845
2025-09-25 04:00:00+00:00,656.0016057727498,657.4672457066506,652.4819765077987,656.1112670898438,89622100,59.205323906117954,6.39305272411309,6.44577578299737,-0.05272305888427997,651.5224151611328,640.212138671875,594.3613717651367,652.5597861483977,639.537422913299,667.3677644275482,651.5224151611328,635.6770658947174,0.04864099499169665,0.3412810313292104,-0.0046134329671143615,-0.003602231616921192,5.102262554583845
2025-09-26 04:00:00+00:00,657.5669862915963,660.4185456623683,655.9417836675868,659.8701782226562,69179200,63.04733908891118,6.205422166787571,6.397705059755411,-0.19228289296783974,652.2549591064453,640.9203747558594,594.6670223999023,653.2560139649938,640.3347858666071,668.221166752699,652.2549591064453,636.2887514601916,0.04895695287047426,0.9499252071509806,0.005729075724434596,-0.002832589191833601,5.057583943169388
2025-09-29 04:00:00+00:00,662.4026597035332,663.3199930316334,659.9100251593522,661.7246704101562,73499000,64.80827587161124,6.13563780587117,6.345291608978563,-0.20965380310739334,653.2726226806641,641.6748474121093,594.9973623657227,654.0625526740569,641.173604868315,668.9257993549375,653.2726226806641,637.6194460063907,0.04792234093644249,0.6975277332289859,0.002810389450384143,-0.004738776560089364,4.942743290727088
2025-09-30 04:00:00+00:00,660.976860345401,664.6859320813617,659.6607420426623,664.21728515625,86288000,67.07910529730395,6.209882713036791,6.318209829790209,-0.10832711675341855,654.652554321289,642.4555078125,595.3494244384766,655.0296700533133,642.0772786050968,669.001466350051,654.652554321289,640.303642292527,0.04383672509653078,1.2161994119481503,0.00376684572535102,0.00447811615632987,4.9486323441536815
2025-10-01 04:00:00+00:00,661.2161783670498,667.3979243492374,661.1065170498754,666.4806518554688,72545400,69.0331116963924,6.377837374565274,6.330135338745222,0.04770203582005195,655.97314453125,643.2796459960938,595.6898510742187,656.1202397487567,643.0342736345232,669.5510427719865,655.97314453125,642.3952462905135,0.04139772597074576,1.6874371124602654,0.003407569706178837,0.011117963248468588,5.04454484095428
2025-10-02 04:00:00+00:00,668.4747085274895,668.5943501107935,664.8155382515555,667.248291015625,56896000,69.69020084279047,6.497980049512535,6.363704280898685,0.1342757686138496,657.0646514892578,644.0127465820312,596.0495324707031,657.1800541551252,643.983842943586,670.5827128314006,657.0646514892578,643.546590147115,0.0411468226498068,1.331091458661419,0.0011517801124745208,0.016974291533170982,4.954135342260258
2025-10-03 04:00:00+00:00,668.0160736487628,670.6981508367895,666.1914481336265,667.2384033203125,70494400,69.66969426132069,6.517269109181143,6.394417246555177,0.12285186262596604,658.2491271972656,644.741474609375,596.4097555541993,658.1379921708573,644.8957864877714,670.9492032062944,658.2491271972656,645.5490511882367,0.03858744503955225,0.8301955428248452,-1.4818614668121732e-05,0.011166173803311308,4.922175868039026
2025-10-06 04:00:00+00:00,669.6412668959266,670.5286593813627,667.4876574687494,669.6312866210938,54623300,71.8300198952258,6.64899602483365,6.445333002210872,0.20366302262277802,659.4742004394532,645.464765625,596.7692355346679,659.2325916423084,645.8658061008429,671.5893227471255,659.4742004394532,647.3590781317808,0.0367417627546284,0.7153100643899315,0.003586249365854499,0.011948498468459245,4.805610167539821
2025-10-07 04:00:00+00:00,670.5585274945992,671.0072138668005,665.7028804529681,667.1486206054688,72020100,66.5349270485917,6.478381407362463,6.451942683241191,0.026438724121272017,660.5005676269532,646.1415844726563,597.1286154174804,659.9864991626094,646.7004262774949,671.514299336111,660.5005676269532,649.4868359177954,0.033349651004019425,0.891109671202379,-0.003707511977453004,0.00441321765441427,4.84123325656072
2025-10-08 04:00:00+00:00,668.2753327277967,671.2266339865188,667.4477610054765,671.1268920898438,60702200,70.31164481230388,6.588236268127275,6.4792014002184075,0.10903486790886774,661.6323822021484,646.9313781738281,597.5965927124023,661.0474889652032,647.658326897587,672.1163777135778,661.6323822021484,651.148386690719,0.031691301071253224,1.816677546749633,0.005963096319924199,0.006971305500677261,4.786717551167099
2025-10-09 04:00:00+00:00,671.5456907353398,671.9544560264949,667.2384109165724,669.1826171875,66501900,66.369442904268,6.444126423033822,6.472186404781491,-0.028059981747668772,662.3975280761719,647.6981945800782,598.0557360839844,661.8222630816124,648.5024167128778,672.7393248998535,662.3975280761719,652.0557312524902,0.031225348481350012,1.9922459426178916,-0.002897030241612586,0.002898960099142034,4.781669519649624
2025-10-10 04:00:00+00:00,670.1497521868876,671.9643973425017,650.9166069608107,651.0960693359375,159422600,42.498558814791664,4.814980973072011,6.1407453184395955,-1.3257643453675847,662.269287109375,648.1506079101563,598.3897732543945,660.8007208201195,648.6041285804488,673.09360227826,662.269287109375,651.44497194049,0.03268856152496589,-1.3296719834121906,-0.027027820787662193,-0.024192753150969026,5.943535295509723
2025-10-13 04:00:00+00:00,658.7036354539871,663.170417127303,657.8262232173948,661.0865478515625,79560500,52.63284038408299,4.28067463633613,5.768731182018903,-1.488056545682773,662.4665679931641,649.0088513183593,598.7562683105468,660.8279424421617,649.0936352185317,673.0509850932998,662.4665679931641,651.8821508930283,0.031954569819876426,-0.09643324287701455,0.015344092809244536,-0.01276036371097189,6.381450473785138
2025-10-14 04:00:00+00:00,655.2338407773344,663.8683609233883,651.2456255038628,660.2789306640625,88779600,51.83748341239314,3.7488506409010824,5.364755073795339,-1.615904432894257,662.6687072753906,649.6630200195312,599.0860592651367,660.7756556061522,649.5322742556114,672.9185834464782,662.6687072753906,652.418831104303,0.030935144691623444,-0.592931647549799,-0.0012216512196846496,-0.010297090826886013,6.827256541338022
2025-10-15 04:00:00+00:00,664.855429242796,668.2553559603689,656.988660072404,663.2102661132812,81702600,54.52366514058659,3.523296200074583,4.996463299051189,-1.4731670989766057,663.0581787109375,650.4394506835938,599.4303088378906,661.0075232734978,650.068666093167,672.7538242893327,663.0581787109375,653.3625331325422,0.029245233343610007,-0.4906947760723154,0.004439541098594013,-0.01179601960504173,7.1443593518113735
2025-10-16 04:00:00+00:00,664.8554499895176,666.7398963555108,655.1740352792065,658.6936645507812,110563300,49.905148477529714,2.9461295340415745,4.586396546049266,-1.6402670120076914,663.0686981201172,651.0298962402344,599.7832583618164,660.7871557760963,650.406901326799,672.7449035246054,663.0686981201172,653.392492715629,0.02918613239298267,-1.2820754402866543,-0.006810210567109287,-0.015674275403032234,7.4601809035608735
2025-10-17 04:00:00+00:00,657.5570092911896,663.7985760836355,656.2010306703355,662.4326171875,96500900,53.422505576013585,2.758623330431533,4.220841902925719,-1.4622185724941863,663.1030975341797,651.7056616210938,600.1884585571289,660.9438663867061,650.8784980272187,672.7651110761409,663.1030975341797,653.4410839922185,0.029141813928755346,-0.7202502297376682,0.005676314860669995,0.017411482552989188,7.469992654256521
2025-10-20 04:00:00+00:00,665.3539499346838,670.2295576279439,665.3041094156895,669.3222045898438,60493400,59.118598642502185,3.129876173597154,4.0026487570600064,-0.8727725834628526,663.325439453125,652.4211804199218,600.6386825561524,661.7418033584335,651.6017806375178,673.3386324119567,663.325439453125,653.3122464942933,0.03019089081548582,-0.04615704753127701,0.01040043503835153,0.012457758768569693,7.4933460675556205
2025-10-21 04:00:00+00:00,669.4617772299453,671.0071983826805,668.0060568363804,669.3121948242188,56249000,59.107288778804886,3.3842771813995114,3.8789744419279075,-0.49469726052839613,663.7282440185547,653.1615551757812,601.0959729003906,662.4627930218415,652.2963066840551,674.0203208201186,663.7282440185547,653.4361672169908,0.03101292402218814,0.3243016851007583,-1.4955077773270986e-05,0.01368098199206691,7.172474316037371
2025-10-22 04:00:00+00:00,670.0201576878661,670.0201576878661,661.3457774038759,665.83251953125,80564000,55.15696158436031,3.267446013926474,3.756668756327621,-0.48922274240114705,664.0622589111329,653.6977075195313,601.499739074707,662.783719356071,652.8271385604157,674.1705812295463,664.0622589111329,653.9539365927194,0.030443899446982992,-0.7888780230676545,-0.005198882255361581,0.003953879413442163,7.279753313748288
2025-10-23 04:00:00+00:00,666.1515932793667,670.7280970890292,665.8325287543602,669.7808837890625,65604500,58.54272031287243,3.45364499998891,3.696064005059879,-0.24241900507096892,664.7457397460937,654.2690783691406,601.9063949584961,663.4501159687368,653.4919913144803,674.4517417961837,664.7457397460937,655.0397376960037,0.029202148941329907,0.08940259148944243,0.005929966083050742,0.016832132803102917,7.1094550454647845
2025-10-24 04:00:00+00:00,674.4670490970213,676.4710761570719,673.6594379369009,675.2546997070312,74356500,62.74255072468427,3.996827298764856,3.7562166638008745,0.2406106349639816,665.5149658203125,654.9487329101562,602.3736791992187,664.5743620390506,654.3454308592862,675.9635575264548,665.5149658203125,655.0663741141701,0.03140002026329618,3.710455570056427,0.008172547247097484,0.01935605552451536,7.079507711360831
2025-10-27 04:00:00+00:00,680.7185156175003,683.5202343374859,680.1103274099472,683.2211303710938,63339800,67.8476272487202,5.012348328856319,4.007442996811964,1.0049053320443555,666.5897888183594,655.8177429199219,602.8765454101563,666.3502447373404,655.4778112322983,679.4108837596566,666.5897888183594,653.7686938770621,0.038467720797298016,3.3482125133941243,0.011797667854098304,0.020765672625140397,7.164223919867534
2025-10-28 04:00:00+00:00,685.0257863269245,686.8802917495992,682.8123561492805,685.0357666015625,61738100,68.8932016266601,5.895620991001124,4.385078595649796,1.5105423953513277,667.630712890625,656.7258312988281,603.4329626464844,668.1298182482187,656.6369467369753,682.6962845142709,667.630712890625,652.565141266979,0.04513145166260222,3.7494511467451037,0.0026560013292959983,0.02349213401299699,6.94306046847119
2025-10-29 04:00:00+00:00,686.6908448301914,687.6679989086465,680.8581046045199,685.3648071289062,85657100,69.08948910043765,6.546705415193287,4.8174039595584945,1.7293014556347925,668.5749206542969,657.70990234375,603.9865771484375,669.7712457606651,657.7635294974432,685.4876503794719,668.5749206542969,651.6621909291218,0.05059337167066781,3.340500313039611,0.0004803260550556576,0.029335136126134476,6.933548599589434
2025-10-30 04:00:00+00:00,681.8851035842282,683.919071384824,677.8270874023438,677.8270874023438,76335800,59.782918798878484,6.380908385701332,5.130104844787063,1.2508035409142693,669.1038604736328,658.5770251464844,604.4985494995117,670.5384687741583,658.5503356897923,686.473081702404,669.1038604736328,651.7346392448617,0.05191786284561608,2.9047528284048694,-0.010998113191920567,0.012013187906711353,6.97670368008751
2025-10-31 04:00:00+00:00,683.0217380676526,683.0616591685175,677.2388379885472,680.050537109375,87164100,61.43321946990068,6.355662730840322,5.375216421997715,0.9804463088426072,669.7444671630859,659.5395251464844,604.9693035888672,671.444380044179,659.3934808435014,687.7255210300601,669.7444671630859,651.7634132961117,0.05369526662351878,2.6595791729996123,0.003280260922519762,0.007102264381757761,6.894283501507712
2025-11-03 05:00:00+00:00,683.6498738048132,683.7794956694769,677.9367749059246,681.3267822265625,57315000,62.387286012657036,6.365262894005923,5.573225716399357,0.7920371776065664,670.3292419433594,660.3334619140625,605.4520730590821,672.3855612044059,660.2536103095038,689.0048381713614,670.3292419433594,651.6536457153575,0.05572066697809366,1.7935424156554132,0.0018766915803232198,-0.0027726720681228167,6.819171877368039
2025-11-04 05:00:00+00:00,674.1180423048241,677.9567360174515,672.5925816080086,673.2506103515625,78427000,53.38698884729193,5.655992753819305,5.589779123883346,0.0662136299359588,670.6343414306641,661.022353515625,605.8651062011719,672.4679468374684,660.7632965856629,689.2914891210006,670.6343414306641,651.9771937403276,0.055640299154782955,0.5884272777038068,-0.011853595199365574,-0.01720370938946114,6.955959644595603
2025-11-05 05:00:00+00:00,672.9913638051393,678.8540450990596,672.1837526501265,675.583740234375,74402400,55.38923943507854,5.221959640292653,5.516215227165207,-0.2942555868725547,670.8571838378906,661.7044128417969,606.2627728271484,672.7646890657452,661.3444904542399,689.6385925565799,670.8571838378906,652.0757751192014,0.05599227129459401,1.4645155376294803,0.0034654701339136285,-0.014271329360352691,6.935554844905423
2025-11-06 05:00:00+00:00,674.4769688014325,675.384321857154,666.7498016918889,668.3351440429688,85035300,48.42910836680238,4.2441601014311345,5.261804202018393,-1.0176441005872583,670.814810180664,662.2122680664063,606.607442932129,672.3428276350046,661.6186337322293,689.6149546908337,670.814810180664,652.0146656704944,0.05605166798600155,-0.2158526439146723,-0.01072938225080955,-0.014003487815382631,7.071153680446898
2025-11-07 05:00:00+00:00,665.9421818455136,669.1028862313885,659.2619700189845,668.9931640625,100592400,49.05494920576222,3.4822029702467034,4.905883955664056,-1.4236809854173522,671.7096649169922,662.6877453613281,606.9390451049804,672.0238120566709,661.9078310000831,688.236621818443,671.7096649169922,655.1827080155414,0.04920863213571054,-0.9272850151576738,0.0009845659403016072,-0.016259634311702076,7.268993861300982
2025-11-10 05:00:00+00:00,675.2447347362015,680.1701831536659,673.0412846911101,679.432373046875,75842900,57.80371256642111,3.678302197043763,4.6603676039399975,-0.9820654068962344,672.6269561767579,663.44896484375,607.3316403198243,672.7293892938332,662.5950679430946,688.7245501689092,672.6269561767579,656.5293621846065,0.04786484943645677,-0.554543347065521,0.01560435822838957,-0.0027804707360785663,7.548138520577048
2025-11-11 05:00:00+00:00,677.9467300747958,681.5560598909952,676.7302928180768,680.9877319335938,58953400,58.93523132274079,3.9140974318275994,4.511113569517518,-0.597016137689919,673.6623962402343,664.3363464355468,607.7745129394531,673.5158981166675,663.3163488838985,689.1003285912559,673.6623962402343,658.2244638892128,0.045832845761265444,-0.5909231116574982,0.0022892033827353053,0.011492186509851177,7.353683417172862
2025-11-12 05:00:00+00:00,682.7724572806613,682.9420002443612,678.9438047256676,681.3666381835938,62312500,59.222109890417734,4.084458328802725,4.42578252137456,-0.3413241925718351,674.57021484375,665.1623022460938,608.1938290405274,674.263587646851,664.0242033662395,689.5720440906576,674.57021484375,659.5683855968424,0.04447818452933762,-0.5833636194512841,0.0005564068664263289,0.008559853656650462,7.1140057101386285
2025-11-13 05:00:00+00:00,678.4950944095032,678.8540191634994,668.5445172010542,670.0599975585938,103457800,48.364342891882025,3.269431194480603,4.194512255995769,-0.9250810615151659,675.1385314941406,665.6551391601563,608.5700045776367,673.8632457336836,664.2609011777043,688.458380879316,675.1385314941406,661.8186821089652,0.03945812233734439,-1.1458807103026882,-0.016594062566875234,0.0025808212107338857,7.521728229595838
2025-11-14 05:00:00+00:00,663.4196879466924,673.669369761962,661.3159189526839,669.9503784179688,96846700,48.271939295089275,2.584874149882353,3.872584634773086,-1.287710484890733,675.5144195556641,666.1831689453124,608.9296694946289,673.4905917036155,664.4840179322246,687.7597678601996,675.5144195556641,663.2690712511285,0.03625488353776447,-1.4852070751003326,-0.00016359600785664785,0.001430828305712506,7.866851271001715
2025-11-17 05:00:00+00:00,667.7269573864955,671.7251529532939,660.2191128892804,663.7088012695312,90456100,43.20975427146944,1.5211794375737782,3.4023035953332244,-1.8811241577594462,675.2337493896484,666.5547485351562,609.2740396118164,672.558992614655,664.4536172787856,688.2659890865699,675.2337493896484,662.201509692727,0.03860067631009693,-2.585834201241295,-0.009316476786200845,-0.023142217534958376,8.126793327645414
2025-11-18 05:00:00+00:00,660.1493223141129,663.1604443809363,653.9277160969795,658.1353149414062,114467500,39.251391395447776,0.22585641528701217,2.767014159323982,-2.54115774403697,674.6749053955078,666.785029296875,609.6105572509765,671.1853090267266,664.2058407165355,689.508933017862,674.6749053955078,659.8408777731537,0.04397385319573474,-2.2451216794683995,-0.008397487448507768,-0.033557751366974586,8.244957030853012
2025-11-19 05:00:00+00:00,658.8332701356088,665.3739409367662,656.8092216159307,660.6777954101562,94703000,41.86757152564881,-0.588752711963707,2.0958607850664444,-2.6846134970301514,674.4171691894531,667.0287731933594,609.9399700927735,670.1845934441961,664.0674859986383,690.0161731232638,674.4171691894531,658.8181652556425,0.04625921357416888,-2.2063800438784313,0.0038631576379948296,-0.03036374488277027,8.267797194423189
2025-11-20 05:00:00+00:00,670.9274443593279,673.5696612658603,649.969414909385,650.6075439453125,165293500,35.37021901120674,-2.0235947067264988,1.2719696867078558,-3.2955643934343546,673.4585021972656,666.963330078125,610.2069735717773,668.3201125395406,663.539645133802,692.132906511993,673.4585021972656,654.7840978825382,0.0554582182979329,-2.6525015563922674,-0.01524230348712119,-0.029030913178159423,9.362972134569768
2025-11-21 05:00:00+00:00,653.1200634979649,662.5920743656175,648.9324254696204,657.08837890625,123956200,41.64648069067519,-2.6077080709047777,0.49603413518532913,-3.1037422060901068,672.5501861572266,667.0318798828125,610.4960028076172,667.2504236220843,663.286654301349,692.5097489432532,672.5501861572266,652.5906233712,0.05935486509957047,-1.7795077432417243,0.009961204755846165,-0.019198436072371927,9.66987761752886
2025-11-24 05:00:00+00:00,660.7375826041805,668.0858642133718,659.6408477705503,666.759765625,80437900,49.5240986011333,-2.2641226428147547,-0.055997220414687646,-2.2081254224000673,671.7271179199219,667.2242565917969,610.8608169555664,667.2036942890287,663.4228547454138,691.210607474445,671.7271179199219,652.2436283653986,0.05801013249206317,-1.8651756855572583,0.014718547807599958,0.004596841792112727,9.76470673821407
2025-11-25 05:00:00+00:00,666.6600618545837,674.2177464111714,662.5222643995295,673.03125,81077100,53.87272352338073,-1.4688404610598127,-0.3385658685437127,-1.1302745925161,671.1268920898438,667.5601586914063,611.2368255615235,667.7586995948354,663.7996545593192,689.649348924266,671.1268920898438,652.6044352554215,0.05519807670571663,-1.1683737548402156,0.009405913041440561,0.022633544683618556,9.902619257744634
2025-11-26 05:00:00+00:00,675.6336030547216,679.6916195137131,674.7262499751725,677.6775512695312,71879600,56.839443832686754,-0.4583720924736099,-0.3625271133296921,-0.09584497914391776,670.742529296875,668.00529296875,611.633791809082,668.7033521352827,664.3438858028569,688.3643637746566,670.742529296875,653.1206948190934,0.052544258662870776,-0.5414246467800319,0.006903544626688962,0.02573078129380968,9.671029990313812
2025-11-28 05:00:00+00:00,678.8540116786253,681.6557303234264,678.4950869285864,681.3765869140625,49212000,59.09503630478557,0.633608784386638,-0.1632999337864261,0.7969087181730641,670.9200042724609,668.4631591796875,612.0588906860352,669.9103268761188,665.0118348660415,688.8916904611766,670.9200042724609,652.9483180837452,0.053573260818788715,1.6888919494823542,0.005458400735868674,0.0472927854204781,9.26439778056962
2025-12-01 05:00:00+00:00,676.8100876493213,680.9777652313311,676.7402865806703,678.2658081054688,61201200,56.424452231604995,1.2337754492253907,0.11611514281593727,1.1176603064094535,670.8307678222657,668.7935827636719,612.4369549560547,670.7060869931997,665.5315985224896,688.6371849998709,670.8307678222657,653.0243506446604,0.05308765796598935,1.2412008344761571,-0.004565432491131505,0.03222919454833373,8.933819391485521
2025-12-02 05:00:00+00:00,679.91089945233,681.8053259843603,677.3285642303521,679.5220947265625,62953800,57.264394427988734,1.7901479746510631,0.4509217091829624,1.3392262654681006,670.7405334472656,669.0865173339844,612.8214489746093,671.5457067773295,666.0802454324532,688.3504878120452,670.7405334472656,653.1305790824861,0.05250899114229272,2.3825649783133573,0.001852203967944055,0.019140820666645242,8.61545813166571
2025-12-03 05:00:00+00:00,678.5648962284573,682.8920755410956,677.6874840363832,681.8751220703125,57238500,58.86378239299339,2.3933577131651873,0.8394089099794074,1.5539488031857798,671.1717590332031,669.4988977050781,613.2088623046875,672.5294606147565,666.6996523594281,689.4173718278875,671.1717590332031,652.9261462385188,0.05436942943179387,3.607131632348251,0.003462767968857472,0.013140358743093383,8.371824801169039
2025-12-04 05:00:00+00:00,683.2809493981625,683.3507504660292,679.3326553413237,682.3736572265625,61970300,59.2120788300377,2.878452390127336,1.2472176060089932,1.6312347841183428,671.5112548828125,669.9633264160157,613.5916516113281,673.4670031492143,667.3143192169628,690.316699454237,671.5112548828125,652.7058103113881,0.05600932057261276,3.2838793686016365,0.0007311238379490437,0.006929705651653517,8.060844109993072
2025-12-05 05:00:00+00:00,683.4504163312143,686.3618571461667,682.5630847287977,683.6697998046875,79241000,60.156623456915945,3.32910543511764,1.6635951718307227,1.6655102632869172,672.2779876708985,670.5144970703125,613.9935235595703,674.4386980687832,667.9557106125599,691.7418448365702,672.2779876708985,652.8141305052268,0.05790419297559948,5.081751075138791,0.001899461628388499,0.003365558686145853,7.769940953536724
2025-12-08 05:00:00+00:00,684.5672069678625,684.6170474876437,679.5619773329797,681.6159057617188,55231500,57.86969770140156,3.480399259700903,2.026955989404759,1.4534432702961437,672.9091247558594,670.9494116210938,614.4367202758789,675.1222416585866,668.4914045399779,692.7214877979634,672.9091247558594,653.0967617137553,0.05888570183765077,3.732759190825411,-0.003004219352025661,0.004939210581184295,7.576021610760102
2025-12-09 05:00:00+00:00,681.1373100558188,683.3707007727439,680.5789623765876,681.027587890625,58310100,57.198925320647085,3.5123402976809075,2.324032851059989,1.1883074466209185,672.9888854980469,671.3354699707031,614.8904669189453,675.6846555854474,668.9830195733366,692.9181508454955,672.9888854980469,653.0596201505983,0.059226135161800975,2.1398745097120226,-0.000863122274760153,0.002215517605308026,7.234287095431262
2025-12-10 05:00:00+00:00,680.5490620813229,686.9401503769751,679.3027447895911,685.5443115234375,85671300,60.94201280329843,3.8576470953233866,2.6307556999126684,1.2268913954107181,673.2167144775391,671.7620104980468,615.3814749145508,676.6236704366846,669.6324820027523,693.605422842449,673.2167144775391,652.8280061126292,0.06057101057193124,1.8592095869898315,0.006632218302348614,0.005381028482142947,7.263081273427888
2025-12-11 05:00:00+00:00,683.1214313379483,687.2193077079016,680.1601500103427,687.1395263671875,86173700,62.19935884107217,4.211478424654956,2.9469002448611263,1.2645781797938298,673.5053588867188,672.1751879882812,615.8789761352539,677.6251805253039,670.319032762142,694.5018074747431,673.5053588867188,652.5089102986944,0.06234975954083204,1.3962355813514264,0.002326931778056762,0.0069842513557680785,7.248515303722963
2025-12-12 05:00:00+00:00,686.1424918468441,686.8504219479569,677.1690077077839,679.7514038085938,113160300,53.594141055827436,3.851336744389755,3.127787544766852,0.7235491996229029,673.9899291992188,672.4252502441407,616.3864361572265,677.8276779808554,670.6889296659244,695.0930126766509,673.9899291992188,652.8868457217866,0.06262136142747762,-0.23851466819973427,-0.010751997629438903,-0.005731415951404029,7.44294411484301
2025-12-15 05:00:00+00:00,683.7196756361553,683.7396361862291,677.2488060921288,678.7244262695312,90811000,52.506708600000216,3.4433604476826076,3.1909021253500036,0.252458322332604,674.4286315917968,672.654970703125,616.8436410522461,677.9130825797769,671.0040471797914,695.5423662566388,674.4286315917968,653.3148969269548,0.06261221328937075,0.06761628827251541,-0.0015108134140046081,-0.004242095097467313,7.374935970504242
2025-12-16 05:00:00+00:00,677.2288588584025,679.0734449717613,672.9913800472318,676.8699340820312,122030600,50.51355108021548,2.936543625360059,3.140030425352015,-0.20348679999195562,675.0866882324219,672.7997436523438,617.3430194091796,677.8137351038012,671.2340819602714,695.6358165952114,675.0866882324219,654.5375598696324,0.06087848781789259,-0.390297926309294,-0.0027323197983205594,-0.006104971197233633,7.282588038648903
2025-12-17 05:00:00+00:00,677.8869129385677,678.4352803496147,669.2225131069573,669.4219360351562,110625200,43.38972998691852,1.9118577394551721,2.8943958881726464,-0.9825381487174742,675.6510192871094,672.8452099609375,617.839306640625,677.0145161448826,671.1630174141885,694.8848662895755,675.6510192871094,656.4171722846434,0.056934264741463764,-1.8263147652822158,-0.011003588240296014,-0.023517627113634143,7.4204579817923655
2025-12-18 05:00:00+00:00,675.603604329658,678.7343677454887,672.9116078583543,674.4769287109375,108650100,48.67977442651645,1.4905008885725692,2.613616888252631,-1.1231159996800617,676.3409759521485,672.9122106933594,618.330228881836,676.7728411511736,671.2929747199433,694.3263289038723,676.3409759521485,658.3556230004247,0.05318427713596433,-1.157244045398886,0.007551280296730134,-0.01842798612269536,7.555598962402373
2025-12-19 05:00:00+00:00,676.5900268554688,681.0900268554688,676.469970703125,680.5900268554688,103599500,54.247804295605945,1.6310467874326378,2.4171028680886324,-0.7860560806559946,677.8401000976562,673.1403588867188,618.902865600586,677.1363826468207,671.6575649997679,691.4655325725985,677.8401000976562,664.2146676227139,0.040202497529961,-0.4504766701847277,0.00906346515990486,0.0012337202132666203,7.488277475411579
2025-12-22 05:00:00+00:00,683.9400024414062,685.3599853515625,680.5900268554688,684.8300170898438,69556700,57.677623424608676,2.060806507088728,2.3458435958886517,-0.28503708879992384,679.227182006836,673.8150378417969,619.4808389282226,677.8691097366325,672.1741317483984,689.3069353107852,679.227182006836,669.1474287028867,0.029680064552680994,0.47154288815094025,0.006229874178387496,0.0089956845282122,7.2941118340317335
2025-12-23 05:00:00+00:00,683.9199829101562,688.2000122070312,683.8699951171875,687.9600219726562,64840000,60.05804271974185,2.6237148649115625,2.401417849693234,0.22229701521832856,680.2871948242188,674.3525073242188,620.1502716064454,678.8301489972062,672.7931862669967,689.3023000650088,680.2871948242188,671.2720895834287,0.02650382164879488,1.0179373354761392,0.0045704843606495515,0.016384370662977377,7.082390780875449
2025-12-24 05:00:00+00:00,687.9500122070312,690.8300170898438,687.7999877929688,690.3800048828125,39445600,61.84489258066593,3.2278871168374508,2.5667117031220776,0.6611754137153731,681.1546325683594,674.9545288085938,620.854833984375,679.9301352720258,673.4828654284013,690.5410879941326,681.1546325683594,671.7681771425862,0.0275604245408437,0.7053801305168698,0.003517621421107009,0.0313077115037288,6.792936389161132
2025-12-26 05:00:00+00:00,690.6400146484375,691.6599731445312,689.27001953125,690.3099975585938,41613300,61.758818268642166,3.6588717770487165,2.7851437179074057,0.8737280591413108,681.7862548828125,675.4965234375,621.5444674682617,680.9186935850323,674.1427529629186,691.828957766833,681.7862548828125,671.743551998792,0.029459974624295365,0.4614013704273565,-0.0001014040437492536,0.023474589231564202,6.478437619455426
2025-12-29 05:00:00+00:00,687.5399780273438,689.2000122070312,686.0700073242188,687.8499755859375,62559500,58.66882656374763,3.758600207862173,2.9798350158983595,0.7787651919638137,682.1099243164062,676.0796496582032,622.2586187744141,681.5788156803566,674.6802911049978,692.4905317067239,682.1099243164062,671.7293169260886,0.03043675812434734,1.191401993724189,-0.003563648189011559,0.010667139458407693,6.3185485205211105
2025-12-30 05:00:00+00:00,687.4500122070312,688.5599975585938,686.5800170898438,687.010009765625,47160700,57.608949237301815,3.7268961471029343,3.1292472421392747,0.5976489049636595,682.5471343994141,676.5711975097656,622.9122811889648,682.0960722599059,675.163809483846,692.9797333449536,682.5471343994141,672.1145354538745,0.030569607342119724,1.220758112631035,-0.0012211468345215692,0.0031832609864927974,6.00865080253746
2025-12-31 05:00:00+00:00,687.1400146484375,687.3599853515625,681.7100219726562,681.9199829101562,74144800,51.53346764667238,3.2535430039395123,3.1541063944993226,0.09943660944018973,682.6670288085937,676.8231530761718,623.5190451049805,682.0793018456441,675.4287574613484,693.0125646997253,682.6670288085937,672.3214929174621,0.030309171102599924,0.7460885132937481,-0.007408955885817803,-0.008779636707930805,5.9830302722780875
2026-01-02 05:00:00+00:00,685.7100219726562,686.8699951171875,679.8200073242188,683.1699829101562,89377200,52.848572037152884,2.9453199658036056,3.1123491087601796,-0.167029142956574,682.7317718505859,677.1003088378907,624.1623532104492,682.1831762327405,675.732334929929,693.072879892666,682.7317718505859,672.3906638085058,0.0302933259252017,2.0537192068169676,0.0018330596423725698,-0.01044355560946486,6.0592415237559925
2026-01-05 05:00:00+00:00,686.5399780273438,689.4299926757812,686.3800048828125,687.719970703125,71927200,57.381712498451684,3.0332317688023522,3.0965256407686144,-0.06329387196626213,682.9990875244141,677.5380578613281,624.7982159423829,682.7104899918247,676.2024382935838,693.5633414593489,682.9990875244141,672.4348335894794,0.030934899117437343,1.9634536673474725,0.006660110816910869,-0.0037519764520705934,6.0735821124609215
2026-01-06 05:00:00+00:00,687.9299926757812,692.3200073242188,687.780029296875,691.8099975585938,69273800,61.01043171268875,3.3938117423140284,3.1559828610776974,0.23782888123633095,683.4060974121094,677.9786401367187,625.4626336669921,683.5771097600884,676.8144994412313,694.6478628046336,683.4060974121094,672.1643320195851,0.03289922473648993,1.6485652537350053,0.005947227112347964,0.005757101276747001,5.968328863077552
2026-01-07 05:00:00+00:00,692.1900024414062,693.9600219726562,689.3200073242188,689.5800170898438,75588300,58.10551103657513,3.459751322432112,3.2167365533485803,0.2430147690835316,683.8043029785156,678.265146484375,626.1149795532226,684.1488152200651,677.315107976471,695.3249591254754,683.8043029785156,672.2836468315558,0.033695769672048376,0.6936027746249974,-0.0032234001772446508,0.0037408586304230607,5.873449276317548
2026-01-08 05:00:00+00:00,688.8200073242188,690.6199951171875,687.489990234375,689.510009765625,64019200,58.01212626391556,3.466401391277145,3.2666695209342933,0.1997318703428519,684.2284240722656,678.3909240722656,626.716911315918,684.6594051767851,677.793339419183,695.9320556411444,684.2284240722656,672.5247925033868,0.03420972048843939,0.2253020151555196,-0.00010152168346500012,0.011130377530627067,5.677488962495759
2026-01-09 05:00:00+00:00,690.6300048828125,695.3099975585938,689.1799926757812,694.0700073242188,80125500,62.26611272472013,3.7958688984221,3.372509396431855,0.42335950199024497,684.6547088623047,678.5716088867188,627.3348025512695,685.5556530003502,678.4316401213413,697.115573889877,684.6547088623047,672.1938438347323,0.036400436209015986,0.5344886026982494,0.006613388484590255,0.015955069289828483,5.709811528232669
2026-01-12 05:00:00+00:00,690.6799926757812,696.0900268554688,690.6300048828125,695.1599731445312,63976000,63.225194326324214,4.097689786855085,3.5175454745165013,0.5801443123385837,685.0557312011719,678.7675122070312,627.992197265625,686.4703501569388,679.0876531810742,698.3021319761622,685.0557312011719,671.8093304261815,0.03867247633054372,0.7025793633426021,0.0015703975230316747,0.010818360318662235,5.6919694171200685
2026-01-13 05:00:00+00:00,695.489990234375,696.0900268554688,691.3499755859375,693.77001953125,78309700,61.092711586789065,4.176582333862939,3.649352846385789,0.5272294874771499,685.7566619873047,679.0863708496094,628.650126953125,687.1655567640161,679.6634322536302,699.2867212638298,685.7566619873047,672.2266027107796,0.03946023429744113,0.8606591779362316,-0.001999473023445053,0.002833179600718605,5.623975263720867
2026-01-14 05:00:00+00:00,691.0,691.719970703125,686.0399780273438,690.3599853515625,94676700,56.094033915542866,3.9187708354595543,3.703236444200542,0.2155343912590122,686.3384399414062,679.2925598144532,629.3476135253907,687.469788058068,680.0829049241373,699.607060481458,686.3384399414062,673.0698194013545,0.038664949441516105,0.48761670693566045,-0.004915222744839132,0.0011310772388828383,5.774408566591252
2026-01-15 05:00:00+00:00,694.5700073242188,695.4500122070312,691.25,692.239990234375,77862000,58.12813693753893,3.8220953121433467,3.7270082177891033,0.09508709435424345,687.1069427490235,679.5108239746094,630.0360110473633,687.9240930272401,680.5596533676761,699.8634721871153,687.1069427490235,674.3504133109316,0.03713113241747991,1.5133751148011778,0.0027232240029890775,0.003959305057337659,5.725524158653931
2026-01-16 05:00:00+00:00,693.6599731445312,694.25,690.0999755859375,691.6599731445312,79289200,57.24694958799166,3.6565265694762275,3.7129118881265284,-0.05638531865030094,688.2188446044922,679.8790112304688,630.7136770629883,688.2798911336488,680.994960025592,698.1876893230492,688.2188446044922,678.2499998859353,0.02896998475618869,1.2427346702513888,-0.0008378844014015341,-0.0034723214578579187,5.612988462611686
2026-01-20 05:00:00+00:00,681.489990234375,684.77001953125,676.5700073242188,677.5800170898438,111623300,40.99895327302806,2.3619502730584827,3.4427195651129194,-1.0807692920544367,688.3739990234375,679.9189367675781,631.3033459472656,687.2608555104292,680.8610406947784,697.5473546330281,688.3739990234375,679.2006434138468,0.02665224317770412,-1.4744305887924354,-0.020356759970762806,-0.02528907982887052,6.289915416733173
2026-01-21 05:00:00+00:00,679.6500244140625,688.739990234375,678.1300048828125,685.4000244140625,127844500,49.56145303622719,1.944582530810635,3.143092158252463,-1.1985096274418279,688.6144989013671,680.260234375,632.0700143432617,687.0836335012515,681.039040056319,697.1917917626358,688.6144989013671,680.0372060400985,0.024911740531031852,-0.9265511003240957,0.011541083159159804,-0.012064509681238067,6.637776683004465
2026-01-22 05:00:00+00:00,689.8499755859375,691.1300048828125,686.9199829101562,688.97998046875,77112200,52.92925935182635,1.8810050672490206,2.8906747400517747,-1.009669672802754,688.8219970703125,680.659970703125,633.0103260803222,687.2642379743465,681.3504494842575,697.2219962195014,688.8219970703125,680.4219979211235,0.024389462545957287,-0.0870147925147275,0.005223163010167564,-0.0019989641811434256,6.572934096272003
2026-01-23 05:00:00+00:00,688.1500244140625,690.9600219726562,687.1599731445312,689.22998046875,63059600,53.164443055646224,1.8297007289344265,2.678479937828305,-0.8487792088938786,688.8854949951171,680.8559228515625,633.956349029541,687.4514515452421,681.6594506993357,697.2776668020716,688.8854949951171,680.4933231881627,0.024364489796708418,-0.04061279646544744,0.00036285524556167736,-0.004348217104021779,6.374870862832931
2026-01-26 05:00:00+00:00,690.489990234375,694.1300048828125,689.9199829101562,692.72998046875,60473800,56.44541693944779,2.0478560111216666,2.5523551524869776,-0.504499141365311,689.0029937744141,681.0907678222657,634.9590307617187,687.9541685855762,682.0935891216657,697.5401259354742,689.0029937744141,680.465861613354,0.024781117754780632,-0.19306796739925797,0.00507813081145958,0.0015470135120789763,6.269524687920757
2026-01-27 05:00:00+00:00,694.1799926757812,696.530029296875,693.5700073242188,695.489990234375,55506100,58.89104696924105,2.415609720507746,2.5250060660911315,-0.10939634558338573,689.2619934082031,681.3732348632813,635.717063293457,688.6718658854618,682.6189381849092,698.2446920634031,689.2619934082031,680.2792947530031,0.02606468582659879,0.04747354603156012,0.003984250492172103,0.026432262895610847,6.093133555078203
2026-01-28 05:00:00+00:00,697.0499877929688,697.8400268554688,693.9400024414062,695.4199829101562,61172200,58.800857029442774,2.6706229003397084,2.5541294329408473,0.11649346739886113,689.640493774414,681.8804345703124,636.5939080810547,689.3145436973374,683.1209399388405,698.9840066628515,689.640493774414,680.2969808859766,0.027096764104730067,0.23782569618979182,-0.0001006589961060067,0.014619139391860436,5.93648290214851
2026-01-29 05:00:00+00:00,696.3900146484375,697.0599975585938,684.8300170898438,694.0399780273438,97486200,56.94937454323775,2.7298992426008226,2.5892833948728424,0.1406158477279802,689.9919921875,682.3622265625,637.4174572753906,689.7645850621,683.5491375109386,699.4415546997566,689.9919921875,680.5424296752435,0.027390354146859978,0.5330541679508309,-0.001984419367757506,0.007344186626658145,6.386018442620045
2026-01-30 05:00:00+00:00,691.7899780273438,694.2100219726562,687.1199951171875,691.969970703125,101835100,54.19289818500561,2.5801020690205405,2.587447129702382,-0.007345060681841709,690.4944915771484,682.9274499511719,638.2049798583985,689.9746217898166,683.8793662635734,699.2143093604284,690.4944915771484,681.7746737938685,0.025256733803518523,-0.03900663571293797,-0.002982547677011782,0.003975436809222188,6.436304757823523
2026-02-02 05:00:00+00:00,689.5800170898438,696.9299926757812,689.4199829101562,695.4099731445312,79286500,57.84455954949371,2.7077528876777706,2.61150828129746,0.0962446063803104,691.1064910888672,683.6729431152344,639.0171875,690.4922742997894,684.3315469255717,699.391402369594,691.1064910888672,682.8215798081404,0.023975787776710174,0.5421739215226192,0.004971317523953855,0.003868740708995677,6.5129979726664855
2026-02-03 05:00:00+00:00,696.2100219726562,696.9600219726562,684.030029296875,689.530029296875,107904600,50.44248780191018,2.3078512804005413,2.5507768811180767,-0.24292560071753533,691.1969940185547,684.2499877929688,639.8592294311524,690.4006319185595,684.5354089793483,699.3707528907076,691.1969940185547,683.0232351464018,0.023651025519169134,1.7636311440168604,-0.008455363130712823,-0.008569441719055604,6.971354737174683
2026-02-04 05:00:00+00:00,690.3499755859375,691.4500122070312,681.760009765625,686.1900024414062,105204600,46.780498425950256,1.7017968670786559,2.3809808783101927,-0.6791840112315368,690.9159942626953,684.9616369628907,640.6808535766602,689.9996195874021,684.6002949974683,699.3678182617878,690.9159942626953,682.4641702636029,0.024465561860705545,0.11525795144508341,-0.0048439179057576665,-0.013272526955761088,7.165543858905509
2026-02-05 05:00:00+00:00,680.9400024414062,683.6900024414062,675.7899780273438,677.6199951171875,113610800,38.9641830373709,0.5239269063664551,2.0095700839214454,-1.4856431775549903,690.3179931640625,685.3722692871094,641.5217367553711,688.8206077330959,684.3265577472612,700.56507369024,690.3179931640625,680.070912637885,0.02968800068272916,-1.6488121097268593,-0.0124892628772314,-0.023658554881559435,7.396578184273865
2026-02-06 05:00:00+00:00,681.4600219726562,692.3099975585938,680.8499755859375,690.6199951171875,89127600,52.05170068876455,0.6321606761063094,1.7340882023584183,-1.1019275262521089,690.3734924316407,685.8494738769531,642.3613467407226,688.9919779601522,684.5733592127485,700.6144890743833,690.3734924316407,680.132495788898,0.029667989153730933,0.20167646327458674,0.019184793975496328,-0.0019509164314829297,7.917537059783322
2026-02-09 05:00:00+00:00,689.4199829101562,695.8699951171875,688.3400268554688,693.9500122070312,73885200,54.729485897585896,0.9753974923161195,1.5823500603499587,-0.6069525680338392,690.3674926757812,686.2678491210937,643.1771099853515,689.4641716979502,684.9410710948773,700.5999568227463,690.3674926757812,680.1350285288162,0.029643528281742448,0.17611937878820985,0.004821779145387506,-0.00209942479095937,7.88985357420728
2026-02-10 05:00:00+00:00,694.9500122070312,696.5399780273438,691.6599731445312,692.1199951171875,65185700,52.978449627239925,1.0872153156004742,1.483323111400062,-0.39610779579958777,690.2154937744141,686.5566979980468,643.9278591918945,689.717107261687,685.2225975271248,700.2470234188709,690.2154937744141,680.1839641299573,0.029067819354792482,-0.484549765561951,-0.0026371021797716443,0.0037561320178520763,7.674864381964796
2026-02-11 05:00:00+00:00,696.3900146484375,697.1400146484375,689.1799926757812,691.9600219726562,76353900,52.81935939251275,1.1496705637313198,1.4165926018663135,-0.2669220381349937,690.1249938964844,686.7683666992187,644.6582290649415,689.9307181865413,685.4868102504789,700.058803394944,690.1249938964844,680.1911843980248,0.02878843567850731,-0.49753544944465655,-0.00023113498477123073,0.008408778196593802,7.6952327812999
2026-02-12 05:00:00+00:00,694.239990234375,695.3499755859375,680.3699951171875,681.27001953125,118829000,43.43331397619629,0.3327373518272907,1.1998215518585091,-0.8670842000312184,689.6704956054688,686.8284509277344,645.3341082763671,689.1058897431802,685.3214459085484,700.3253239180481,689.6704956054688,679.0156672928895,0.030898315588302253,-1.8399456660104154,-0.015448872914552103,0.005386535876101606,8.21557190183205
2026-02-13 05:00:00+00:00,681.6900024414062,686.280029296875,677.52001953125,681.75,96267500,43.915222895439385,-0.27281287482776406,0.9052946665212546,-1.1781075413490187,689.14599609375,686.8730090332032,645.9951870727539,688.4053288152583,685.1813892062524,700.2658592681342,689.14599609375,678.0261329193658,0.03227142938481653,-1.4769384707172013,0.0007045377823615695,-0.0128435249194927,8.254460320674402
2026-02-17 05:00:00+00:00,680.1400146484375,684.9400024414062,675.780029296875,682.8499755859375,81354700,45.07015581170997,-0.6563904942710224,0.5929576343627992,-1.2493481286338217,688.7054962158203,686.8925061035156,646.6606750488281,687.876247555323,685.0899612211421,700.0870231420192,688.7054962158203,677.3239692896213,0.03305194161724043,-1.8061284772491075,0.0016134588719287635,-0.01599544120734475,8.319139808092748
2026-02-18 05:00:00+00:00,684.02001953125,689.1500244140625,682.8300170898438,686.2899780273438,73570300,48.632689474414974,-0.6750178874631274,0.33936252999761396,-1.0143804174607414,689.1409942626954,686.9708325195312,647.3238830566406,687.725174266944,685.1370207037382,699.3973196009306,689.1409942626954,678.8846689244601,0.029765535423439328,-0.46989269964575486,0.005037713354905549,-0.008423419538481358,8.176344630673176
2026-02-19 05:00:00+00:00,683.8400268554688,686.1799926757812,681.5499877929688,684.47998046875,58649400,46.90880215776371,-0.8263067570318299,0.10622867259172518,-0.9325354296235551,689.0949920654297,686.9870361328125,647.9369488525391,687.4161081909256,685.1112544200132,699.4260028325766,689.0949920654297,678.7639812982827,0.02998428630625143,-0.2492053172695807,-0.002637365569283623,-0.010809933040035968,7.930890745223307
2026-02-20 05:00:00+00:00,682.3200073242188,690.0599975585938,681.72998046875,689.4299926757812,100034000,51.92749173457417,-0.5405485527764995,-0.023126772481919754,-0.5174217802945797,689.1174926757812,687.1433178710937,648.5908746337891,687.6079067132928,685.2806167045532,699.4493636539418,689.1174926757812,678.7856216976207,0.029985803837434988,1.7428643847133423,0.007231785221302411,0.01197759025143319,7.959399769839052
2026-02-23 05:00:00+00:00,687.8300170898438,690.0,680.3699951171875,682.3900146484375,90558100,45.36011838369549,-0.8720975111364169,-0.1929209202128192,-0.6791765909235976,688.7754943847656,687.17056640625,649.2329470825196,687.110964611878,685.1672597611761,699.5146269384727,688.7754943847656,678.0363618310585,0.031183259686959768,-1.1916800160634649,-0.010211302238274489,0.0009387820292445781,8.078728706480012
2026-02-24 05:00:00+00:00,681.9000244140625,688.3499755859375,680.0,687.3499755859375,73798700,50.14423122265348,-0.7262532582999484,-0.2995873878302451,-0.4266658704697033,688.506494140625,687.2066796875,649.8881704711914,687.1337275617884,685.2528564601863,699.1045294402538,688.506494140625,677.9084588409962,0.030785578320091177,-0.9510824274075683,0.007268513358970052,0.006590027327948,8.098103483584119
2026-02-25 05:00:00+00:00,690.1799926757812,693.6799926757812,690.0999755859375,693.1500244140625,56369500,55.09553187526719,-0.1410294698364396,-0.267875804231484,0.1268463343950444,688.3894958496094,687.3268896484375,650.5530130004882,687.7067082143859,685.5625493211227,698.7249798224846,688.3894958496094,678.0540118767342,0.030028011860114574,0.14882235799308166,0.008438276037153747,0.009995842291675494,7.971811598316949
2026-02-26 05:00:00+00:00,693.280029296875,693.2999877929688,684.3499755859375,689.2999877929688,71671000,51.443360833333614,0.01196094132080816,-0.21190845512102557,0.22386939644183373,688.08349609375,687.517861328125,651.2021743774415,687.8584491266319,685.7091155357049,697.9185321895301,688.08349609375,678.2484599979699,0.02858675190326053,-0.38442021146022437,-0.005554405951797015,0.007041852883583166,8.04168307036797
2026-02-27 05:00:00+00:00,683.0900268554688,686.8599853515625,681.6400146484375,685.989990234375,83308900,48.468660368214906,-0.13235647274655093,-0.19599805864613065,0.06364158589957972,687.6809967041015,687.6631726074219,651.7423406982422,687.6805006607026,685.7201302297703,697.1604761160856,687.6809967041015,678.2015172921174,0.027569409238926527,0.6928193767241645,-0.004801969559279806,-0.004989632708108704,8.014418075665347
2026-03-02 05:00:00+00:00,678.7000122070312,688.6199951171875,678.02001953125,686.3800048828125,87477200,48.844020584313036,-0.21280505628294577,-0.19935945817349368,-0.01344559810945209,687.401498413086,687.8533740234375,652.2653729248046,687.5566439199512,685.7460076671446,696.6862983083159,687.401498413086,678.116698517856,0.027014197428037574,0.6791352963421342,0.0005685427688300049,0.0058470817988605095,8.1991007549705
2026-03-03 05:00:00+00:00,675.0599975585938,682.6099853515625,669.6599731445312,680.3300170898438,105003100,43.54524192712684,-0.7560295532930468,-0.3106934771974043,-0.44533607609564246,686.6475006103516,688.0715356445312,652.7544375610352,686.8683937456552,685.5336158797994,695.6534705450397,686.6475006103516,677.6415306756635,0.026231712564839492,-0.369035452323394,-0.008814341545397508,-0.010213077392065895,8.80773868234984
2026-03-04 05:00:00+00:00,681.6300048828125,687.0900268554688,679.6199951171875,685.1300048828125,79182200,48.334167851191026,-0.7901120611604711,-0.4065771939900177,-0.3835348671704534,686.4274993896485,688.2845971679687,653.2532763671875,686.702832901575,685.5177879975646,695.3556938682067,686.4274993896485,677.4993049110902,0.02601351049163071,-0.1690208485727054,0.007055381465455479,-0.011570394934386052,8.71218818634494
2026-03-05 05:00:00+00:00,682.0800170898438,685.530029296875,675.6099853515625,681.3099975585938,106606500,45.058336965301294,-1.1125406836591765,-0.5477698919238495,-0.564770791735327,686.1834991455078,688.2989965820312,653.714476928711,686.1892295355768,685.352776607801,695.3868135598087,686.1834991455078,676.9801847312068,0.026824645086224567,-0.4631228086445073,-0.0055755948462250515,-0.011591455644671789,8.798463597699767
2026-03-06 05:00:00+00:00,673.4099731445312,676.1099853515625,669.760009765625,672.3800048828125,100687000,38.490887460585476,-2.0648412630732764,-0.8511841661537349,-1.2136570969195415,685.921499633789,688.0499963378907,654.127805480957,684.8740652829326,684.8440404617231,696.3074031455379,685.921499633789,675.5355961220401,0.030283067427668876,-2.473055708933577,-0.013107091790493297,-0.019839918286435276,8.99500104021898
2026-03-09 04:00:00+00:00,666.3900146484375,679.9199829101562,662.3900146484375,678.27001953125,102667700,44.26155901524023,-2.317556032675384,-1.1444585394580649,-1.173097493217319,685.3040008544922,687.8561962890625,654.5804977416992,684.2451085446771,684.5862357193516,695.9640022792593,685.3040008544922,674.6439994297251,0.031110285104056962,-0.6037595845112259,0.008759949144329537,-0.011815590917376939,9.604641556040393
2026-03-10 04:00:00+00:00,677.719970703125,683.3599853515625,674.760009765625,677.1799926757812,81381400,43.44915192324482,-2.5760947490941817,-1.4307857813852882,-1.1453089677088935,684.4654998779297,687.5921960449218,655.0772583007813,683.5722403666871,684.2957948156823,694.9092776494624,684.4654998779297,674.021722106397,0.030516593673151703,-1.4795931143354968,-0.001607069196751576,-0.004630141747290484,9.532879701033043
