,Open,High,Low,Close,Volume,RSI_14,MACD,MACD_Signal,MACD_Hist,SMA_20,SMA_50,SMA_200,EMA_20,EMA_50,BB_Upper,BB_Middle,BB_Lower,BB_Width,Momentum_10,Returns_1d,Returns_5d,ATR_14
2,28.299999237060547,28.713333129882812,28.11400032043457,28.68400001525879,142981500,,,,,,,,,,,,,,,,,0.0
3,29.36666679382324,30.266666412353516,29.128000259399418,29.534000396728516,266677500,,,,,,,,,,,,,,,0.02963325829792085,,0.0
4,29.364667892456055,30.104000091552734,29.333332061767575,30.1026668548584,151995000,,,,,,,,,,,,,,,0.01925463704513497,,0.0
5,30.760000228881836,31.441999435424805,30.224000930786133,31.270666122436523,268231500,,,,,,,,,,,,,,,0.03880052465815398,,0.0
6,31.579999923706055,33.232666015625,31.215333938598633,32.80933380126953,467164500,,,,,,,,,,,,,,,0.04920482578812169,,0.0
7,33.13999938964844,33.253334045410156,31.524667739868164,32.089332580566406,426606000,,,,,,,,,,,,,,,-0.021945011900097344,0.1187188873063767,0.0
8,32.11933135986328,32.3293342590332,31.579999923706055,31.87666702270508,194392500,,,,,,,,,,,,,,,-0.006627297633174156,0.07932100611185966,0.0
9,32.900001525878906,35.04199981689453,32.79999923706055,34.990665435791016,397764000,,,,,,,,,,,,,,,0.0976889588509331,0.16237759280599162,0.0
10,36.28400039672851,36.49399948120117,34.99333190917969,35.861331939697266,434943000,,,,,,,,,,,,,,,0.024882822120200876,0.14680422218338895,0.0
11,35.31733322143555,35.85599899291992,34.452667236328125,34.56666564941406,260532000,,,,,,,,,,,,,,,-0.03610201351305786,0.05356194852321372,0.0
12,32.91666793823242,34.297332763671875,32.81133270263672,34.232666015625,326050500,,,,,,,,,,,,,,19.344115177152883,-0.009662477636014799,0.06679270843908469,0.0
13,33.840667724609375,34.37799835205078,33.54399871826172,34.03333282470703,204436500,,,,,,,,,,,,,,15.234415817495917,-0.005822894156913949,0.0676565652383232,0.0
14,35.349998474121094,36.571998596191406,35.227333068847656,36.47999954223633,267052500,,,,,,,,,,,,,,21.18527477358261,0.07189030619278935,0.04256375487280417,0.0
15,38.125999450683594,39.633331298828125,37.27333450317383,37.97066879272461,470535000,81.17583158231814,,,,,,,,,,,,,21.425839296339365,0.04086264444061727,0.05881925569787283,1.653285299028669
16,37.616668701171875,38.79999923706055,37.040000915527344,38.14666748046875,294765000,81.51813345930515,,,,,,,,,,,,,16.267729517240898,0.004635122144013071,0.10356804059044,1.6609076577789927
17,38.04199981689453,38.25733184814453,36.95066833496094,37.654666900634766,215304000,77.28714709653217,,,,,,,,,,,,,17.343253575298032,-0.012897603180825445,0.09996302605960761,1.635604504593607
18,36.132667541503906,37.62933349609375,35.95199966430664,37.20133209228515,204121500,73.5016524447372,,,,,,,,,,,,,16.70395799469066,-0.012039272835579706,0.09308519044829655,1.640394699717501
19,37.89933395385742,38.45399856567383,37.2053337097168,37.793331146240234,176827500,75.20927255398382,,,,,,,,,,,,,8.009752531263516,0.01591338322204483,0.0360014150351986,1.6126998264082995
20,38.37933349609375,39.31999969482422,37.82866668701172,38.732666015625,267022500,77.66837646891065,,,,,,,,,,,,,8.006769187368821,0.024854513769903885,0.0200680484997513,1.6065547351351341
21,42.16133117675781,43.391998291015625,41.20000076293945,42.72066879272461,435085500,84.63629717597689,,,,34.837566471099855,,,35.565503433667864,,41.862756339042114,34.837566471099855,27.812376603157595,0.40331117121915705,23.589209401945208,0.10296225866535558,0.11990565924527385,1.824610273724812
22,42.66666793823242,43.53333282470703,42.167999267578125,43.371334075927734,235789500,85.43481702041046,,,,35.5719331741333,,,36.308915875787854,,42.933174696043395,35.5719331741333,28.210691652223208,0.4138791943566867,26.695753278846357,0.015230690473505337,0.15181829095390564,1.7918047939679618
23,44.91266632080078,52.409332275390625,44.90133285522461,52.0,705975000,91.6401000766036,,,,36.69523315429687,,,37.80330483999853,,46.48428902523192,36.69523315429687,26.90617728336183,0.5335328340754135,52.79138328247942,0.19894859376394902,0.3977994086610628,2.3093900372175997
24,58.86399841308594,64.59933471679688,55.59199905395508,59.137332916259766,914082000,93.93994748728689,,,,38.14696645736694,,,39.835117037737696,,51.542214822888106,38.14696645736694,24.75171809184578,0.702296911629484,62.10891901956005,0.13725640223576474,0.5647557683504933,3.0443860857589766
25,54.88399887084961,56.39866638183594,46.94066619873047,48.97999954223633,726357000,66.07927256785636,,,,39.032433128356935,,,40.70605822864233,,52.82774732472822,39.032433128356935,25.237118931985652,0.7068641686264254,28.994302970036617,-0.1717583947927872,0.26456566461181596,3.6981204165997137
26,46.66133117675781,53.05533218383789,45.79999923706055,49.930667877197266,598212000,67.06384621400775,,,,39.88849983215332,,,41.584592480885654,,54.1499234655924,39.88849983215332,25.627076198714242,0.715064426762083,30.891297130377044,0.01940931694254422,0.16877074465886,3.9522070258981157
27,48.70333480834961,51.31666564941406,48.66666793823242,49.871334075927734,255952500,66.93326434409431,5.205681331596779,,,40.77759990692139,,,42.373805966127755,,55.199534667025326,40.77759990692139,26.35566514681745,0.7073459346809683,32.443965598025315,-0.001188323805631053,0.1498685742204937,3.8591920748469386
28,53.33333206176758,54.66600036621094,50.15999984741211,51.41866683959961,370338000,68.64773321556605,5.271915551307288,,,41.754699897766116,,,43.23522128741079,,56.27965926113585,41.754699897766116,27.229740534396385,0.6957281167836543,38.217273274101025,0.031026496329857656,-0.0111794838538537,3.9260116616638148
29,51.25266647338867,52.23400115966797,50.53333282470703,51.62533187866211,175462500,68.8798189104715,5.280215748768569,,,42.586433219909665,,,44.034279438958535,,57.36962522741556,42.586433219909665,27.80324121240377,0.6942676758660585,36.5990515069956,0.004019260937028868,-0.12702637517039994,3.7670585668993235
30,51.858001708984375,52.650001525878906,50.891334533691406,51.15266799926758,180337500,67.6464457495145,5.188839972938744,,,43.351000022888186,,,44.71222120660701,,58.24513291336262,43.351000022888186,28.456867132413755,0.6871413754059063,32.06596204514368,-0.009155657933695438,0.04435827842664053,3.6236020258484793
31,49.45600128173828,54.53333282470703,49.0,53.599998474121094,394339500,70.58353943735001,5.2533458277847345,,,44.302666664123535,,,45.5586761844655,,59.26221227047891,44.302666664123535,29.343121057768155,0.6753338673615182,25.466197016206944,0.047843652551780025,0.0734885142323436,3.7600113686240904
32,52.4813346862793,54.198001861572266,52.366668701171875,53.33533477783203,235405500,69.8450944447616,5.222904640535198,,,45.25780010223389,,,46.29931033621469,,59.96071550186023,45.25780010223389,30.554884702607545,0.649740613393209,22.973701211175303,-0.004937755668348531,0.06945875353224862,3.622248639465255
33,56.106666564941406,57.33333206176758,55.490665435791016,57.22666549682617,245725500,74.13049387407216,5.449953971236262,,,46.417466735839845,,,47.3400108277015,,61.054728401810465,46.417466735839845,31.78020506986923,0.6306790393913893,10.051279801588791,0.0729597130158357,0.11295506115210263,3.64908782835599
34,61.56666564941406,62.98533248901367,60.06800079345703,61.16133117675781,381345000,77.59728977450024,5.879610350426958,,,47.65153331756592,,,48.656327051421144,,62.87925161845408,47.65153331756592,32.423815016677764,0.6391281556211632,3.4225389625942197,0.06875580895325561,0.18471550595565556,3.799772054343955
35,60.79666519165039,60.79999923706055,57.3293342590332,59.96066665649414,264523500,74.32412069346643,6.0534521062912034,5.525581469082049,0.5278706372091548,48.75103321075439,,,49.73293082333286,,64.19794001153994,48.75103321075439,33.304126409968845,0.6337058225620534,22.41867541217306,-0.019631105097986157,0.17219040573509625,3.802073830299716
36,60.46533203125,60.87066650390625,58.6966667175293,60.06666564941406,214722000,74.42667968706937,6.129123463098217,5.646289867885283,0.48283359521293434,49.84703311920166,,,50.7170960448644,,65.23924736874767,49.84703311920166,34.45481886965566,0.6175779494333332,20.300144586781673,0.0017678087791648256,0.12064677909301014,3.685782827162376
37,55.93333435058594,57.56666564941406,54.813331604003906,55.58599853515625,227883000,62.97560165118176,5.761130443355526,5.669257982979332,0.09187246037619445,50.74359970092773,,,51.180801043939816,,65.25433086684866,50.74359970092773,36.2328685350068,0.5719236022451767,11.458816101707036,-0.07459490327646512,0.042198361868343914,3.797750771322932
38,56.599998474121094,57.106666564941406,52.46666717529297,53.32733154296875,259357500,58.12108854489743,5.226984352233266,5.580803256830119,-0.35381890459685295,51.549899673461915,,,51.38523252003781,,64.68829272726768,51.549899673461915,38.411506619656144,0.5097349611552964,3.7120073714147725,-0.040633739641448896,-0.06813840925387626,3.857911386917611
39,52.16666793823242,54.22066879272461,51.740665435791016,51.91999816894531,211282500,55.26261454882087,4.636661141577399,5.391974833779575,-0.7553136922021766,52.256233024597165,,,51.43616258183852,,63.78014311948381,52.256233024597165,40.73232292971052,0.4410539921414659,0.5707784910240843,-0.026390470576789893,-0.15109764339668819,3.7594893847758954
40,48.66666793823242,49.31800079345703,44.599998474121094,45.26666641235352,364158000,44.196090416114686,3.590567646759041,5.031693396375469,-1.441125749616428,52.582933044433595,,,50.848591518078045,,62.857513698618554,52.582933044433595,42.308352390248636,0.3907952660420346,-11.506734286075426,-0.12814583958462689,-0.24506065498438145,4.013811549779347
41,41.97999954223633,46.03466796875,40.76800155639648,44.53266525268555,363343500,43.169033796933675,2.6715077774348615,4.559656272587348,-1.8881484951524863,52.67353286743164,,,50.24707473089781,,62.62555202825054,52.67353286743164,42.72151370661274,0.3778755142878329,-16.916666939483953,-0.016215047800994253,-0.2586126635927234,4.103301182820359
42,47.41733169555664,49.5793342590332,45.77799987792969,49.574668884277344,302925000,51.50569845853561,2.323213209089225,4.112367659887723,-1.789154450798498,52.98369960784912,,,50.18303607883872,,62.10906441566631,52.98369960784912,43.858334800031926,0.344459329014667,-7.050983947545684,0.11322034293215233,-0.10814467328633026,4.170684598786594
43,53.66666793823242,53.79866790771485,47.740665435791016,49.70066833496094,386760000,51.69639246393083,2.033908723299291,3.6966758725700366,-1.6627671492707456,52.86873302459717,,,50.1370962937075,,62.098117592310544,52.86873302459717,43.639348456883795,0.34914339874267103,-13.15120686576196,0.0025416095259802596,-0.06800758828679832,4.3054930182963975
44,50.930667877197266,51.10133361816406,48.31533432006836,49.96666717529297,225735000,52.12440480693529,1.8052864983530483,3.318397997726639,-1.5131114993735908,52.41019973754883,,,50.12086494909659,,61.25134540515377,52.41019973754883,43.56905406994389,0.33738263589447,-18.3034995904716,0.0053520173720666975,-0.03762193880085074,4.196957752567776
45,48.2513313293457,49.71666717529297,47.871334075927734,48.30266571044922,162790500,49.1881364826714,1.4728525984406389,2.9492889178694393,-1.4764363194288004,52.37633304595947,,,49.947703116844465,,61.2747813031212,52.37633304595947,43.47788478879774,0.3397888985222953,-19.442747381098844,-0.033302230445070524,0.06706920431116958,4.046841705910452
46,46.0,47.133331298828125,45.61800003051758,46.89866638183594,189943500,46.79298355734256,1.0836140968143013,2.576153953658412,-1.4925398568441106,52.22473297119141,,,49.657318665891275,,61.384163185337734,52.22473297119141,43.06530275704508,0.35076982468053663,-21.922307697974535,-0.029066704869448956,0.05312956490983223,3.9495434183405362
47,40.35933303833008,44.20000076293945,40.33333206176758,40.53333282470703,256105500,37.80502004862352,0.25853038190230393,2.1126292393071906,-1.8540988574048867,51.75783290863037,,,48.788367633397534,,62.210260826541884,51.75783290863037,41.305404990718856,0.40389743273693446,-27.079959175202944,-0.13572525720249962,-0.18237814317379697,4.136385625606809
48,43.96200180053711,44.53333282470703,40.53333282470703,43.02199935913086,233916000,42.45863997676555,-0.19232283793969884,1.6516388238578128,-1.8439616617975116,51.337999534606936,,,48.23918970251499,,62.464012296050115,51.337999534606936,40.21198677316376,0.433441616825881,-19.324672519070866,0.061398023823663106,-0.13437785043087846,4.126643795206323
49,42.68000030517578,43.571998596191406,40.866668701171875,42.28200149536133,199837500,41.46514157559413,-0.6023948729549033,1.2008320844952696,-1.803226957450173,50.870833015441896,,,47.671838444690835,,62.6734128123955,50.870833015441896,39.068253218488294,0.46402148725855996,-18.56316836187548,-0.017200452670558586,-0.1537958425958712,4.025121373764409
50,38.72600173950195,39.633331298828125,36.41666793823242,37.369998931884766,283636500,35.52322813632185,-1.3086521433671692,0.6989352389227819,-2.007587382289951,50.18169956207275,,,46.69071087204264,,63.36653510128118,50.18169956207275,36.99686402286432,0.525483817976285,-17.444773618924394,-0.11617242301113506,-0.22633671698577518,4.156565101147588
51,39.66666793823242,40.50466537475586,33.46666717529297,36.44133377075195,339604500,34.51617793797749,-1.9211557482150994,0.17491704149520562,-2.096072789710305,49.3237663269043,43.88627979278564,,45.71457971953876,43.717698457147485,63.687549511615245,49.3237663269043,34.95998314219335,0.5824284824281973,-18.16943009366736,-0.0248505535904755,-0.22297718502149466,4.362381751027252
52,31.299999237060547,32.9913330078125,29.47800064086914,29.67133331298828,307342500,28.232637972285403,-2.9192009936786434,-0.44390656553956415,-2.475294428139079,48.14056625366211,43.906026458740236,,44.18665149034348,43.16686060835693,64.71595481954796,48.14056625366211,31.565177687776256,0.6886245782214888,-40.14819668841283,-0.18577806455584012,-0.26797696500046586,4.548163992374078
53,29.333999633789062,31.456666946411133,26.399999618530273,28.68000030517578,359919000,27.444764032370173,-3.74695872230118,-1.1045169968918873,-2.6424417254092925,46.71323299407959,43.88894645690918,,42.709827567946554,42.59874843960473,64.76387483004237,46.71323299407959,28.66259115811681,0.7728277697349917,-42.294537948896334,-0.03341046380880208,-0.33336430820505736,4.584485659195991
54,25.933332443237305,26.99066734313965,23.367332458496097,24.08133316040039,356793000,24.086763112969066,-4.719631715280393,-1.8275399405695885,-2.8920917747108046,44.85923309326172,43.76851978302002,,40.93568524341835,41.872575291400636,64.16642030316765,44.85923309326172,25.55204588335579,0.8607898922287218,-51.80520430566581,-0.1603440409986845,-0.4304590059900002,4.636498672587684
55,24.979999542236328,30.13333320617676,23.8973331451416,28.50933265686035,452932500,32.63394061980273,-5.074681744645872,-2.4769683013848454,-2.5977134432610267,43.28666639328003,43.713293113708495,,39.752223092317585,41.348526560634355,62.54098548219858,43.28666639328003,24.032347304361476,0.889618937803335,-40.977724029228916,0.1838768421567878,-0.23710640964092544,4.750748771762503
56,29.213333129882812,31.799999237060547,28.38599967956543,28.50200080871582,424282500,32.62739006430314,-5.295608590358036,-3.0406963591794836,-2.2549122311785523,41.70843315124512,43.62714645385742,,38.68077335102218,40.84474123702971,60.36772346988118,41.70843315124512,23.049142832609057,0.8947490427642222,-39.22641514651945,-0.0002571736151377735,-0.21786614650225267,4.655266685029119
57,28.906667709350582,29.46666717529297,27.36666679382324,28.952667236328125,246817500,33.51084791556937,-5.372400009834585,-3.5070370893105043,-1.8653629205240811,40.37676658630371,43.564413146972655,,37.754287054384655,40.37838539386494,58.68251214480802,40.37676658630371,22.071021027799397,0.9067464834944878,-28.57072138247642,0.015811747064244486,-0.024220889202359097,4.472747663346305
58,31.81999969482422,34.24599838256836,31.600000381469727,33.66666793823242,343428000,42.06818633947613,-4.995294655599238,-3.8046886025682514,-1.190606053030987,39.39373340606689,43.6002131652832,,37.36498999570349,40.1151807877617,56.906487665546585,39.39373340606689,21.8809791465872,0.8891137115114158,-21.745459439957177,0.16281749323562988,0.17387264923273782,4.5313607692673
59,36.349998474121094,37.133331298828125,34.07400131225586,35.95000076293945,318340500,45.71278519562203,-4.460769099676405,-3.935904701989882,-0.5248643976865228,38.5952335357666,43.619399871826175,,37.23022911639263,39.95184039463142,55.18247413518422,38.5952335357666,22.00799293634898,0.859548658206514,-14.975640954737079,0.06782176450892674,0.49285758074457564,4.455310954362186
60,36.49266815185547,37.33333206176758,34.150001525878906,35.21066665649414,260710500,44.73148445884219,-4.0501245147846205,-3.95874866454883,-0.09137585023579042,38.092433547973634,43.60638656616211,,37.037889834497534,39.765912012743684,54.448312450030926,38.092433547973634,21.736554645916346,0.8587468627573341,-5.778250835185984,-0.020565621439638027,0.23505755396983008,4.364455210185506
61,33.66666793823242,35.0533332824707,32.935333251953125,34.29066848754883,215661000,43.48067369007337,-3.755629329103968,-3.918124797459858,0.1624954683558899,37.5803337097168,43.600866622924805,,36.7762497062167,39.5511965803831,53.73772076066814,37.5803337097168,21.42294665876545,0.8598852354934612,-5.901719450590645,-0.026128393930185068,0.2030968884494191,4.215232224068042
62,34.017333984375,34.44333267211914,32.7486686706543,33.47533416748047,179971500,42.350436393368405,-3.5471412025607094,-3.8439280784800283,0.29678687591931885,36.775366973876956,43.585719985961916,,36.46187679776563,39.31292746615163,52.04188784549102,36.775366973876956,21.508846102262893,0.830257975805299,12.82045809794139,-0.02377714859552571,0.15620899084135376,4.035191636739242
63,33.41666793823242,36.19733428955078,33.133331298828125,34.93333435058594,266572500,45.09872500806593,-3.227064835789797,-3.720555429941982,0.4934905941521852,36.037000274658205,43.60372001647949,,36.31630132660566,39.1411787165216,50.11364233785826,36.037000274658205,21.96035821145815,0.7812327305776876,21.803814431207098,0.04355446239344318,0.03762375340135948,3.9658210191666288
64,33.599998474121094,34.26333236694336,31.67333221435547,32.104000091552734,200298000,41.01274262074173,-3.1652189641310144,-3.6094881367797886,0.4442691726487742,35.14386692047119,43.51620002746582,,35.91512978041015,38.86521092730714,47.763204348305564,35.14386692047119,22.524529492636812,0.7181530396977261,33.31487869760012,-0.08099239055277141,-0.10698193573757941,3.915405384671189
65,32.068668365478516,32.95066833496094,29.760000228881836,30.29800033569336,297876000,38.60821348082755,-3.2247617065850704,-3.532542850740845,0.30778114415577473,34.2436336517334,43.36274665832519,,35.3801650713895,38.52924188449876,45.47179845447121,34.2436336517334,23.01546884899558,0.6557811543559398,6.273972457936827,-0.05625466454987249,-0.13952210472830406,3.8636384362003255
66,33.96666717529297,34.36600112915039,31.22599983215332,32.000667572021484,338431500,42.05731984180669,-3.0988372756202196,-3.4458017357167203,0.3469644600965007,33.49873371124268,43.23982666015625,,35.05830816668778,38.27321936244083,43.13348279147422,33.49873371124268,23.86398463101114,0.5752306438376191,12.275161967702223,0.05619734693587186,-0.0667820435276395,3.878235747432947
67,34.08000183105469,34.733333587646484,33.19733428955078,34.41600036621094,223527000,46.63732327637926,-2.7721880281697366,-3.3110789942073238,0.5388909660375871,33.19286708831787,43.17505332946777,,34.997135995213796,38.1219558723926,42.28821375355155,33.19286708831787,24.097520423084184,0.5480301922116734,18.86987849957996,0.0754775752334993,0.028100278074125296,3.7964093380180937
68,36.33333206176758,37.66666793823242,35.48933410644531,36.36333465576172,268797000,50.06441392411564,-2.329331460451833,-3.1147294874562257,0.7853980270043928,32.859933853149414,43.158293380737305,,35.12725015336122,38.05299033448551,40.92032822838155,32.859933853149414,24.79953947791728,0.49059102865233545,8.009900838647944,0.05658223700690801,0.04093512204774119,3.75742778330405
69,36.9466667175293,37.14733123779297,35.55533218383789,36.589332580566406,189840000,50.462039882074905,-1.9377906517374157,-2.879341720312464,0.9415510685750483,32.57530040740967,43.13421340942383,,35.26649609880933,37.995591991194566,39.62317270571841,32.57530040740967,25.52742810910093,0.4327126510063195,1.7783916663669026,0.006214994497730331,0.13971257401640313,3.6027543026362663
70,37.4726676940918,38.345333099365234,37.14066696166992,38.20000076293945,204750000,53.315201526356574,-1.4804584747862464,-2.5995650712072207,1.1191065964209743,32.616800498962405,43.123560104370114,,35.54587749539315,38.00360802145907,39.785847781039074,32.616800498962405,25.44775321688574,0.43959230656634923,8.489853758261546,0.04402015748241661,0.2608093055546288,3.4708433180764495
71,39.34400177001953,43.46666717529297,38.70199966430664,43.39666748046875,337131000,61.09990968679725,-0.6907295555510942,-2.2177979680759954,1.5270684125249012,32.96456718444824,43.137080078125,,36.29357177968606,38.215100549263376,41.40418611784237,32.96456718444824,24.524948251054113,0.5120418470032699,26.55532654963076,0.13603839302984921,0.3561175679475794,3.599116396239097
72,46.597999572753906,49.45866775512695,46.1619987487793,47.32600021362305,458647500,65.75042104369444,0.24932653430699503,-1.7243730675993973,1.9736996019063924,33.84730052947998,43.21617340087891,,37.34427924958482,38.57239073217944,44.200626998352156,33.84730052947998,23.493974060607805,0.611766746943659,41.375736465680376,0.09054457315006381,0.37511621658648453,3.775036673269033
73,49.46666717529297,50.20866775512695,47.33333206176758,48.65533447265625,353655000,67.1799388209574,1.0890401463488075,-1.1616904248097564,2.250730571158564,34.846067237854,43.149280090332034,,38.42152260416305,38.96780029062951,46.75054558639398,34.846067237854,22.94158888931402,0.68326094117203,39.280533556740636,0.028088878270565276,0.3380327996114316,3.7112960210000954
74,47.79600143432617,50.630001068115234,47.11466598510742,49.680667877197266,309868500,68.27967263073415,1.816317690660064,-0.5660888017157923,2.382406492375856,36.12603397369385,42.960146789550784,,39.493822153975835,39.38791274500472,48.61605081297528,36.12603397369385,23.63601713441242,0.6914690302498401,54.74915192972895,0.021073401625000487,0.3577910383526379,3.697298811143504
75,51.48533248901367,51.663333892822266,49.84400177001953,50.259334564208984,196923000,68.91278109569711,2.4115847025098773,0.029445899129341587,2.3821388033805357,37.21353406906128,42.98573348999023,,40.51910905018852,39.8142430124245,50.61566465125743,37.21353406906128,23.81140348686513,0.7202826024168697,65.88333885850429,0.011647723586206471,0.31568936022035765,3.5748250400350394
76,48.8466682434082,51.03799819946289,47.48066711425781,49.75733184814453,221199000,67.65130533743249,2.8104337435322577,0.5856434680099248,2.224790275522333,38.27630062103272,42.98226676940918,,41.398939792850996,40.20416806480568,52.11069339272913,38.27630062103272,24.441907849336303,0.7228698984611096,55.48841828427318,-0.009988248360573104,0.14657034138712333,3.5735754718328994
77,48.67466735839844,50.22200012207031,44.919334411621094,45.78133392333984,303136500,58.514990871504715,2.7737209498356634,1.0232589643750727,1.7504619854605907,39.1177339553833,42.900466766357425,,41.816310662421365,40.42288045141486,52.62467514175902,39.1177339553833,25.61079276900758,0.6905789175713192,33.02340026788004,-0.0799077799617377,-0.032638851441296524,3.697081917448351
78,46.93199920654297,48.93333435058594,45.91400146484375,48.807334899902344,212482500,62.64928505064398,2.954738400769685,1.409554851653995,1.5451835491156898,39.8747673034668,42.84824012756348,,42.48212249456241,40.751682586649665,53.76648826956412,39.8747673034668,25.983046337369473,0.6967675001273073,34.22128460424047,0.06609682849410858,0.0031240238895391403,3.658147525291047
79,48.50666809082031,48.93333435058594,46.87533187866211,47.04199981689453,198550500,58.957855087995355,2.9220645064094555,1.7120567826050872,1.2100077238043683,40.429367256164554,42.75657348632812,,42.91639652526071,40.99836169371809,54.534071183243526,40.429367256164554,26.324663329085578,0.6977454699060782,28.56752637756454,-0.03616946277907396,-0.05311257221471144,3.5438514500505316
80,47.387332916259766,48.71533203125,46.54533386230469,48.34333419799805,198180000,60.79186280244601,2.9669755710709893,1.9630405402982678,1.0039350307727215,41.08600063323975,42.70038681030273,,43.43324773218807,41.286399831140834,55.37925815783809,41.08600063323975,26.79274310864141,0.6957726380909747,26.553228357260572,0.02766324531628772,-0.03812227883286323,3.44571907282873
81,49.17399978637695,53.29933166503906,49.0,53.25,310221000,66.81350273659956,3.3597655509960376,2.242385542437822,1.1173800085582157,42.03396720886231,42.69338684082031,,44.368176519598734,41.75556062207649,56.90205102875495,42.03396720886231,27.165883388969668,0.7074318608098404,22.705274601940054,0.10149622245552825,0.07019404019722808,3.5535961009867507
82,53.042667388916016,53.66666793823242,50.44599914550781,51.27466583251953,228330000,62.64244632102739,3.471642546967402,2.488236943343738,0.9834056036236642,42.923933792114255,42.65217346191406,,45.02593740654357,42.12885886562327,57.767107869830184,42.923933792114255,28.080759714398326,0.6916036237313754,8.343543931607893,-0.037095477323576875,0.11999064768139345,3.5298155789680266
83,52.678001403808594,53.54666519165039,52.21066665649414,53.367332458496094,243240000,65.12628931108908,3.6866689550346408,2.7279233456819187,0.958745609352722,43.84563369750977,42.57498680114746,,45.82035598292,42.569583320245734,58.8777550745131,43.84563369750977,28.81351232050644,0.6856838462278666,9.684442696592567,0.040812876924676944,0.09342853011633867,3.4399715632653716
84,57.01266860961914,57.987998962402344,50.900001525878906,52.12533187866211,427078500,62.471476441670426,3.7140466478067253,2.9251480061068804,0.7888986416998449,44.846700286865236,42.394266815185546,,46.42082987775258,42.94431855783069,59.27215086126854,44.846700286865236,30.42124971246193,0.6433227186004699,4.920755106408121,-0.023272674923369818,0.10805943798209805,3.700544839926662
85,50.33333206176758,51.51800155639648,45.5359992980957,46.75466537475586,487977000,52.50446633215389,3.2647418523985223,2.993066775365209,0.2716750770333132,45.66953353881836,42.13014678955078,,46.452623734610036,43.09374392320031,58.46721059889257,45.66953353881836,32.87185647874414,0.5604470231427434,-6.973170695238161,-0.1030337133662409,-0.03286221047012472,3.906886821400929
86,46.73333358764648,50.79999923706055,46.53333282470703,50.74599838256836,288556500,57.882463303269006,3.1939143255378326,3.033236285399734,0.1606780401380985,46.6068000793457,41.94373344421387,,46.86151655822511,43.393832333371606,57.92285873774331,46.6068000793457,35.290741420948095,0.48559689311999943,1.9869765875733865,0.08536758793631605,-0.047023504552706874,3.932585363611828
87,52.65266799926758,53.26133346557617,50.8120002746582,51.2140007019043,254875500,58.47618073292523,3.139358307738874,3.0544606898675624,0.08489761787131167,47.44670009613037,41.856293487548825,,47.27603885762313,43.70050560272583,57.43437226704504,47.44670009613037,37.4590279252157,0.42100597726201994,11.866554145541892,0.009222447764407393,-0.0011831404384650135,3.831353200711541
88,51.76666641235352,52.6533317565918,50.740665435791016,52.172000885009766,166848000,59.7276664598183,3.137260492927716,3.071020650479593,0.06623984244812275,48.23713340759277,41.83318687438965,,47.742320955469474,44.03272110399187,57.02075178080952,48.23713340759277,39.453515034376025,0.3641849236353734,6.893771176008536,0.018705825945557253,-0.022398188525085794,3.6943041378607724
89,51.81399917602539,53.09333419799805,51.4900016784668,52.00266647338867,172915500,59.386957153128556,3.086356491303306,3.074087818644336,0.012268672658970026,49.00780010223389,41.83484024047851,,48.14806814765225,44.34526798122312,56.11257583001725,49.00780010223389,41.903024374450524,0.28994469096602077,10.545186590287305,-0.003245695176505081,-0.002353278163465311,3.5449490222658064
90,52.917999267578125,54.93333435058594,52.46733474731445,54.62799835205078,241297500,62.91868514181532,3.2207304690543452,3.1034163487263378,0.11731412032800748,49.829199981689456,42.02206687927246,,48.76520435759497,44.74851230949087,55.3730855735807,49.829199981689456,44.28531438979821,0.22251553683095202,13.000063521297193,0.05048456274844226,0.16839673461861526,3.5010717976180534
91,52.70066833496094,54.93333435058594,52.33333206176758,54.08599853515625,247794000,61.725289454431646,3.2460692927930026,3.131946937539671,0.1141223552533317,50.36366653442383,42.213133544921874,,49.271946660219854,45.11468823990912,55.357725142522,50.36366653442383,45.369607926325656,0.19831989812277495,1.569950300762911,-0.0099216488475673,0.0658180006117528,3.436709689846647
92,55.133331298828125,56.21933364868164,53.866668701171875,53.96066665649414,238603500,61.435108736916696,3.2189314202984676,3.1493438340914306,0.06958758620703698,50.695399856567384,42.30085350036621,,49.718491421769784,45.461589354285,55.71960447355574,50.695399856567384,45.67119523957903,0.1982114602588539,5.2384560296267955,-0.002317270311292141,0.05363115392169937,3.3592779225368696
93,54.72200012207031,55.06666564941406,50.88666534423828,52.73066711425781,285982500,58.52713318882593,3.0628669536323514,3.132048457999615,-0.06918150436726345,50.89916648864746,42.361453475952146,,50.005365297244836,45.746651227225115,55.90642500802599,50.89916648864746,45.89190796926893,0.1967520831798041,-1.192987010796197,-0.02279437261341355,0.010708161844882769,3.4179009498682205
94,52.0,53.557334899902344,50.93333435058594,53.55533218383789,205233000,59.897701595200274,2.971475004346118,3.0999337672689156,-0.12845876292279756,51.09289970397949,42.43322677612305,,50.34345738168227,46.05287400983738,56.195507185634085,51.09289970397949,45.990292222324896,0.1997384181057614,2.743388394158431,0.01563919280204029,0.029857424931157395,3.3611937784002337
95,52.689998626708984,53.66999816894531,52.436668395996094,53.27799987792969,157776000,59.18928729944308,2.843885287432933,3.048724071301719,-0.2048387838687864,51.243832969665526,42.53273345947266,,50.62293761942012,46.33621227917433,56.416979603452944,51.243832969665526,46.07068633587811,0.20190318850074043,13.952264337445044,-0.005178425650618879,-0.024712574409573085,3.20920349229659
96,55.185333251953125,55.64799880981445,53.59199905395508,54.242000579833984,174987000,60.91949750292334,2.7884132257590366,2.996661902193183,-0.20824867643414624,51.46806640625,42.679600143432616,,50.96761028231668,46.646243192925695,56.751643626771354,51.46806640625,46.18448918572865,0.20531477436190385,6.889217492401388,0.018093785504579962,0.0028843332637435992,3.1492603094100313
97,54.34466552734375,54.80466842651367,53.73866653442383,53.867332458496094,144547500,59.857322559169475,2.683287364617101,2.9339869946779666,-0.2506996300608657,51.87236633300781,42.9462801361084,,51.24377429909567,46.929423164124536,56.55700770386659,51.87236633300781,47.187724962149034,0.18062184943653944,5.180871871416087,-0.006907343337870575,-0.0017296709581480219,3.0004561367443037
98,54.70000076293945,55.06666564941406,54.119998931884766,54.37066650390625,109639500,60.84501349072983,2.6104970284318725,2.869289001428748,-0.2587919729968755,52.15053291320801,43.173253479003904,,51.541573556696676,47.2212366284297,56.73373871262372,52.15053291320801,47.5673271137923,0.17576832079715654,4.214263554396688,0.00934395713390801,0.031101434504798853,2.8718044977567083
99,54.400001525878906,55.5,53.06666564941406,55.17333221435547,183819000,62.43243010201053,2.5877486219586885,2.8129809255347364,-0.22523230357604795,52.55709953308106,43.43108009338379,,51.88745533361656,47.53308351415228,56.67445678962259,52.55709953308106,48.439742276539526,0.15668129684173077,6.097121467010393,0.01476284478490908,0.030211744835481724,2.8404852015302247
100,54.81133270263672,55.45199966430664,54.133331298828125,54.45866775512695,149812500,60.09626526455027,2.4834255133365843,2.7470698430951064,-0.26364432975852203,52.8628662109375,43.772853469848634,,52.13233270709374,47.80467505301404,56.571058009325924,52.8628662109375,49.15467441254907,0.14029476886825293,-0.30997034859775585,-0.012953077701596039,0.022160514281737376,2.7317839989551027
101,55.633331298828125,55.63999938964844,54.38066864013672,54.591331481933594,121345500,60.392546980281416,2.3839726000208046,2.674450394480246,-0.29047779445944144,52.92993278503418,44.135853424072266,,52.3665230666023,48.070818442383434,56.71149841803225,52.92993278503418,49.148367152036116,0.14288949310992874,0.9343137974033595,0.0024360442933191173,0.006440228943721538,2.626608766852004
102,54.7239990234375,55.180667877197266,52.33333206176758,54.68199920654297,173242500,60.607818484469256,2.2861186248844447,2.596784040561086,-0.3106654156766413,53.10029945373535,44.63606674194336,,52.58704460373951,48.33008043313479,56.875230584459864,53.10029945373535,49.32536832301084,0.14218116167173375,1.3367747189647001,0.0016608447192643094,0.01512357695964539,2.642374984607553
103,54.23400115966797,54.98333358764648,53.44599914550781,53.72066879272461,108834000,57.066265594954196,2.1067124446880072,2.4987697213864704,-0.39205727669846313,53.11796627044678,45.13688011169434,,52.695008812214276,48.54147605507949,56.90102943067652,53.11796627044678,49.334903110217034,0.14244006033546228,1.8774685257094175,-0.017580381620416863,-0.011954933661424638,2.563443517288347
104,53.91666793823242,55.66666793823242,53.61399841308594,55.66666793823242,176467500,61.917429819989096,2.0973803271422753,2.4184918425376316,-0.3211115153953563,53.295033073425294,45.768586807250976,,52.97802396707315,48.820895344614904,57.20505451768148,53.295033073425294,49.38501162916911,0.14673117620057757,3.9423446149993207,0.03622440280883765,0.008941561150598742,2.526959660706786
105,57.20000076293945,59.93333435058594,56.939998626708984,59.87333297729492,224092500,69.8485637868724,2.4017414879972705,2.4151417716295596,-0.013400283632289067,53.95096645355225,46.395866813659666,,53.634720063284746,49.25432427138667,57.6478296233456,53.95096645355225,50.254103283758894,0.13704529919685782,12.37909289852553,0.07556883131087,0.09942705992212253,2.651224428681552
106,59.64666748046875,60.57733154296875,58.06666564941406,58.77066802978515,203484000,65.97021170224355,2.5248689374356275,2.4370872047907732,0.08778173264485423,54.352199935913085,47.00124015808105,,54.123857964856214,49.62751422269642,58.30370403641558,54.352199935913085,50.40069583541059,0.1454036489842815,8.349005201763939,-0.018416628784101996,0.07655677988426901,2.6411845333153474
107,59.20800018310547,59.862667083740234,58.67333221435547,58.86399841308594,119242500,66.14157612147947,2.600008035949095,2.4696713710224376,0.13033666492665752,54.73469982147217,47.59946678161621,,54.57529991230666,49.989729288986204,58.87363280229396,54.73469982147217,50.59576684065038,0.15123616259234907,9.275874127310265,0.0015880436011632693,0.0764785352991002,2.5374809858917344
108,59.32533264160156,59.71666717529297,57.22933197021485,57.62533187866211,133315500,61.70071071423897,2.530436973224134,2.481824491462777,0.04861248176135691,55.00736637115479,48.0786400604248,,54.86577914719766,50.289164684659774,59.15357471139684,55.00736637115479,50.86115803091273,0.15075102168193522,5.986068562396653,-0.021042854169221026,0.0726845583587803,2.5338991444050474
109,58.522666931152344,59.10133361816406,57.74666595458984,59.04399871826172,117178500,64.6298540222087,2.560262846063246,2.497512162382871,0.06275068368037484,55.359432983398435,48.54052001953125,,55.26370482063233,50.63249150950691,59.619535781322526,55.359432983398435,51.099330185474344,0.15390702427178543,7.015466256176469,0.024618805538279664,0.060670611429029186,2.4583350440548264
110,61.26666641235352,63.33333206176758,60.61066818237305,63.327999114990234,212620500,71.6747868948932,2.89619753197465,2.577249236301227,0.31894829567342287,55.79443302154541,49.102866668701175,,56.031732848666415,51.1303545528592,61.27021475850796,55.79443302154541,50.318651284582856,0.1962841609967805,16.28635390007,0.0725560681818036,0.057699579527423106,2.5891206368727575
111,62.66733169555664,63.62933349609375,61.595333099365234,62.711334228515625,170823000,69.52802297081772,3.0771964826197973,2.6772386855649413,0.399957797054856,56.22569980621338,49.671279983520506,,56.66788536103301,51.58451061857122,62.40835103810101,56.22569980621338,50.043048574325745,0.21992260667974475,14.87416138452175,-0.009737634144336038,0.06705158084528384,2.549469191148169
112,66.12533569335938,68.49866485595703,65.5,68.336669921875,278451000,76.45569921179404,3.6326817387764976,2.868327296207253,0.7643544425692448,56.94449996948242,50.3685066986084,,57.779198176351294,52.24145804223019,64.97366717106215,56.94449996948242,48.9153327679027,0.2819997438166179,24.971052473330534,0.08970205725269786,0.1609247037945558,2.7807450080262575
113,66.01333618164062,67.9306640625,64.80000305175781,64.85600280761719,238747500,66.39715456027272,3.7488328478612942,3.0444284065380613,0.7044044413232329,57.55076675415039,50.96696006774902,,58.45317956980519,52.73614607224537,66.03394930902718,57.55076675415039,49.0675841992736,0.29480693423654547,20.72821181332842,-0.0509341048991272,0.1254772977998675,2.834739426747038
114,65.33333587646484,65.8653335571289,60.84000015258789,62.35200119018555,251451000,60.25558481649567,3.597363270421944,3.155015379314838,0.44234789110710615,57.990600204467775,51.57192008972168,,58.82449591460332,53.11323842981165,66.51164728473425,57.990600204467775,49.4695531242013,0.29387683694330824,12.009580417802539,-0.03860863311078977,0.056026057579679156,2.9912104251608937
115,61.18600082397461,66.5893325805664,60.56666564941406,66.05999755859375,235458000,65.36462370824574,3.733489513834826,3.2707102062188356,0.4627793076159903,58.629700088500975,52.287160034179685,,59.513591309269074,53.62095447407762,67.54910382761103,58.629700088500975,49.710296349390916,0.3042623013812557,10.33292164250306,0.059468762792361796,0.043140451013504943,3.207743032731712
116,67.4566650390625,67.52532958984375,64.15933227539062,65.47533416748047,210766500,63.96832177535456,3.7509544253220923,3.3667590500394873,0.38419537528260506,59.1913667678833,52.956653366088865,,60.08137634338444,54.08583210911303,68.34647709050219,59.1913667678833,50.03625644526442,0.3093393791199417,11.408184324699823,-0.008850490655781473,0.0440749662396438,3.219046909997527
117,65.84733581542969,67.0,65.50466918945312,66.11933135986328,148362000,64.85878522969455,3.7732648365597896,3.448060207343548,0.3252046292162416,59.80396671295166,53.59071998596191,,60.656419678287186,54.557734040515,69.09079613211142,59.80396671295166,50.51713729379191,0.3105757002285442,12.32558633863449,0.009835722116904755,-0.03244727266556391,3.09801969017767
118,66.86666870117188,67.94667053222656,66.2979965209961,66.9306640625,146278500,65.9988382690058,3.812466031482735,3.520941372171386,0.2915246593113494,60.431966590881345,54.202066574096676,,61.25396676249793,55.04294698255363,69.86178515032042,60.431966590881345,51.002148031442275,0.312080479633504,16.147988880014644,0.012270733625858066,0.03198873142146752,3.007256796048071
119,67.51866912841797,67.73133087158203,66.0893325805664,66.72666931152344,130195500,65.4241254201832,3.7834592264985076,3.5734449430368103,0.21001428346169737,61.009633445739745,54.80481330871582,,61.77517652907179,55.50113217192499,70.4954487217289,61.009633445739745,51.52381816975058,0.31096122825997907,13.011772169972534,-0.0030478518902198326,0.07016082944947222,2.909738331402896
120,66.663330078125,67.2586669921875,66.00133514404297,66.28800201416016,95436000,64.13087470034205,3.6826233501371632,3.595280624456881,0.08734272568028212,61.60110015869141,55.366573333740234,,62.20496943241354,55.92414667554206,70.8515360734454,61.60110015869141,52.350664243937416,0.30033346452981596,4.6740824604219435,-0.0065740925163715325,0.0034514753859047342,2.7917092968844415
121,66.59200286865234,67.46666717529297,66.267333984375,66.78533172607422,95479500,64.97615824674872,3.601326690688957,3.5964898377032966,0.004836852985660389,62.21080017089844,55.83434661865235,,62.641194412762175,56.35007550105313,71.13444898749518,62.21080017089844,53.2871513543017,0.2868842320652589,6.496429310072144,0.0075025599927995845,0.02000749710177696,2.677968146458265
122,66.27400207519531,66.72533416748047,63.542667388916016,64.0566635131836,164394000,57.0345147223532,3.2789204283756987,3.5329759558377773,-0.2540555274620786,62.67953338623047,56.168959884643556,,62.77600099375469,56.65229463878374,70.93165665220442,62.67953338623047,54.42741012025651,0.2633115730177658,-6.2631181964009475,-0.040857298187609414,-0.031196138924233008,2.7183035886511178
123,63.61800003051758,65.73200225830078,62.47666549682617,65.73200225830078,138817500,60.247148557720834,3.1226015708646813,3.450901078843158,-0.32829950797847696,63.28010005950928,56.510493240356446,,63.05752492371146,57.00836160425499,70.52344730803003,63.28010005950928,56.03675281098853,0.2289297027567601,1.3506836881114568,0.02615401198303724,-0.01790900809052043,2.756663100995653
124,66.31866455078125,66.33333587646484,63.65800094604492,63.982666015625,132823500,55.57440771104421,2.8249961381185003,3.3257200906982267,-0.5007239525797265,63.695899963378906,56.796533203125,,63.1456335991318,57.28186373803421,70.04258186606646,63.695899963378906,57.349218060691356,0.19928070429451467,2.6152565985261855,-0.026613159231048233,-0.04112303707364218,2.750853945954529
125,64.60066986083984,67.33333587646484,63.23466873168945,67.29000091552734,135396000,61.633131033222405,2.8234687838153434,3.22526982932165,-0.4018010455063066,64.06673336029053,57.13714653015137,,63.540335248312324,57.67433970577904,70.34299101904456,64.06673336029053,57.7904757015365,0.1959287552077423,1.8619488380129112,0.05169110801188981,0.015115841040934441,2.8471263172988763
126,67.0999984741211,72.51266479492188,66.91533660888672,71.98733520507812,253777500,68.25500782727303,3.1648119819315568,3.2131782598436316,-0.04836627791207482,64.72756671905518,57.58174659729004,,64.34481143467097,58.23563364692802,71.40455199735094,64.72756671905518,58.050581440759416,0.20631040580520138,9.945731656657909,0.0698073149894527,0.07789140735783673,3.0435693079228963
127,72.19999694824219,75.68866729736328,72.03333282470703,74.64199829101562,199903500,71.27261974498435,3.607947873556867,3.292132182586279,0.31581569097058804,65.51646671295165,58.15895988464356,,65.32549589717999,58.87902049571577,72.92427230086786,65.51646671295165,58.10866112503545,0.22613568647931342,12.88982625182126,0.03687680726581788,0.16524954934084968,3.0905523639487718
128,81.43199920654297,81.86666870117188,79.04000091552734,80.57733154296875,258751500,76.62312703005429,4.387491775999649,3.5112041012689534,0.8762876747306958,66.664066696167,58.79435981750488,,66.7780516729694,59.729934654431574,75.74809492341733,66.664066696167,57.58003846891667,0.2725314754244549,20.389260545398834,0.0795173412803385,0.2258462966993109,3.385846510106449
129,85.11266326904297,91.85266876220705,84.40266418457031,91.43866729736328,308548500,82.89973063942361,5.8146769816714965,3.9718986773494622,1.8427783043220343,68.28380012512207,59.68229316711426,,69.12668173243549,60.97341436591909,81.81777600444747,68.28380012512207,54.74982424579667,0.3964037108223612,37.03466431160858,0.1347939370342961,0.4291162433749376,3.9493815607587237
130,93.6673355102539,95.3000030517578,89.11399841308594,92.65733337402344,322345500,83.43708553596701,6.963793431185891,4.570277628116748,2.3935158030691435,69.75026683807373,60.56857315063476,,71.36769617449148,62.21592099368789,86.73461953395343,69.75026683807373,52.76591414219403,0.4870046658117919,39.77994593083433,0.013327688522591696,0.37698517035749535,4.109140352038233
131,93.66666412353516,94.48400115966795,87.42266845703125,91.05867004394533,244669500,79.89050051194891,7.657210173777145,5.187664137248827,2.4695460365283175,71.16763362884521,61.32474655151367,,73.24302701920138,63.3470091917372,90.17638995323762,71.16763362884521,52.15887730445281,0.5341966665219537,36.34531369467519,-0.01725350030984485,0.2649262510486965,4.320011234223839
132,93.1326675415039,93.90399932861328,90.08533477783205,92.9520034790039,175764000,80.92463919977757,8.264258890868675,5.802983087972797,2.4612758028958774,72.39840030670166,62.15829330444336,,75.12007239632543,64.5079893598653,93.57816785477699,72.39840030670166,51.21863275862633,0.5850893792777573,45.109030631720806,0.02079245649145589,0.2453043274190072,4.284200756835081
133,93.06666564941406,103.2613296508789,91.73400115966795,102.97666931152344,350064000,85.2498050718411,9.4453757140802,6.531461613194278,2.913914100885922,74.30443363189697,63.150480041503904,,77.77308162634428,66.01656504424406,98.99611758222515,74.30443363189697,49.612749681568786,0.6646086308294983,56.66139136742836,0.10784776505418647,0.27798559892257035,4.801567023576214
134,110.5999984741211,119.66600036621094,98.0739974975586,99.8040008544922,584781000,79.13427502858968,10.010022172000347,7.227173724955492,2.782848447044856,76.17703361511231,64.10405342102051,,79.87126440997741,67.34156252699889,102.58018098370337,76.17703361511231,49.773886246521236,0.6932049232054398,55.98599913001342,-0.03080958510547016,0.09148573360025503,6.00088386965308
135,103.73332977294922,106.0,95.4000015258789,101.12000274658205,351271500,79.78215142100075,10.443314879175716,7.870401955799537,2.5729129233761796,77.93003387451172,65.19136016845704,,81.89495377536834,68.66620724149234,106.01550359525223,77.93003387451172,49.84456415377122,0.7207867961655361,50.274931447130264,0.013185863099901995,0.09133296917145173,6.32939205568651
136,102.86666870117188,103.33333587646484,97.13333129882812,103.06732940673828,245517000,80.73535709552746,10.819119384705346,8.4601454415807,2.3589739431246457,79.80963363647462,66.23778678894043,,83.91137050216547,70.01527085581571,109.3056476849928,79.80963363647462,50.313619587956424,0.7391592394188843,43.174252961467744,0.019257581163604653,0.13187826438709815,6.320150092968667
137,98.47733306884766,102.11399841308594,97.73332977294922,100.04266357421876,214512000,74.83372267029588,10.748974422230361,8.917911237710632,1.8310631845197296,81.50580024719238,67.21436004638672,,85.44768412807531,71.19281566830212,111.5540471989275,81.50580024719238,51.45755329545726,0.7373278186485922,34.02999097662223,-0.029346504366899562,0.07628302596852055,6.249710774455839
138,100.89666748046876,102.50066375732422,99.33333587646484,100.05599975585938,139950000,74.84245470758094,10.572585962732902,9.248846182715086,1.3237397800178154,83.16206703186035,68.17204002380372,,86.83895228310236,72.32470524036319,113.4648610882883,83.16206703186035,52.85927297543238,0.7287648116013906,24.173880966141713,0.0001333049437524103,-0.028362439523349714,6.029540567770377
139,101.267333984375,110.0,99.1999969482422,109.53333282470705,256821000,80.12115568018255,11.06993113571012,9.613063173314094,1.4568679623960268,85.30240020751953,69.32265335083008,,89.00032185849328,73.78386710641588,116.68710182268927,85.30240020751953,53.91769859234977,0.7358456863773721,19.78885526458842,0.09472028755869455,0.09748438827016148,6.370287888055193
140,109.32866668701172,111.66666412353516,103.86666870117188,104.55733489990234,241608000,71.62360603482341,10.936490269987502,9.877748592648777,1.058741677338725,87.21586685180664,70.32124008178711,,90.48194214815129,74.99066976498398,118.39591033074524,87.21586685180664,56.03582337286804,0.7150085094474462,12.843021801461733,-0.045429074387502655,0.033992603441028724,6.4724098547914855
141,106.5999984741211,108.4280014038086,104.13333129882812,106.15533447265624,212416500,72.62762103500825,10.834785964812113,10.069156067081444,0.765629897730669,89.18436698913574,71.36262680053711,,91.97464617905652,76.21281347901034,119.92447879493969,89.18436698913574,58.444255183331784,0.6893609910254485,16.579052188468367,0.015283476518254124,0.029961046664279456,6.31685701551927
142,111.93000030517578,112.5999984741211,98.71800231933594,100.87133026123048,364927500,64.50082358195746,10.21011375483377,10.09734760463191,0.11276615020186043,91.02510032653808,72.30084007263184,,92.82194942497784,77.17981413713662,119.87710203638852,91.02510032653808,62.17309861668763,0.6339350707958239,8.519802140698777,-0.049776153385742705,0.008283132989526543,6.857224096895405
143,94.40066528320312,97.66666412353516,91.10266876220705,94.46666717529295,290949000,56.280426208480534,9.093430338396075,9.896564151384744,-0.8031338129886691,92.46183357238769,73.13556007385255,,92.97858921072215,77.85772994255451,118.89291201204449,92.46183357238769,66.03075513273089,0.5717186739318576,-8.264009889935512,-0.0634933937061315,-0.05586204319785537,7.065183911333122
144,95.66666412353516,103.1959991455078,94.1999969482422,102.63999938964844,240730500,62.79666474453987,8.766910797450208,9.670633480597838,-0.9037226831476293,94.39470024108887,74.11725341796875,,93.89872351347704,78.82958364636212,117.67912482454992,94.39470024108887,71.11027565762782,0.4933417771123048,2.841567984124142,0.08652080631985237,-0.06293365916374005,7.203099503185442
145,100.26667022705078,104.3133316040039,98.29467010498048,98.43267059326172,237130500,58.004061848535876,8.075555460559215,9.351617876590113,-1.2760624160308982,95.95183372497559,75.0203468322754,,94.33052799726606,79.59833215408368,115.6696902323018,95.95183372497559,76.23397721764937,0.4109948865353221,-2.657567326273793,-0.040991122577997974,-0.0585770889484134,7.118496788602441
146,100.06666564941406,102.32066345214844,99.13333129882812,99.94066619873048,141403500,59.20580469340954,7.562162120006121,8.993726725273316,-1.4315646052671944,97.3495002746582,75.93432014465333,,94.864826873596,80.39607074406983,113.75994503236672,97.3495002746582,80.93905551694968,0.3371449203418345,-3.0336123250743556,0.01532007204904584,-0.05854315569536017,6.88774650790846
147,99.1999969482422,100.8826675415039,98.06666564941406,99.16600036621094,114315000,58.283135178398744,7.011955679998508,8.597372516218355,-1.5854168362198475,98.57570037841796,76.84029350280761,,95.27446244432123,81.13214641552635,111.25727108622293,98.57570037841796,85.894129670613,0.25729608126794407,-0.8762893516499145,-0.007751257440881343,-0.016905991926578046,6.596907606778559
148,101.0,101.13666534423828,94.73200225830078,95.38400268554688,183123000,53.8693127352328,6.19927611082278,8.11775323513924,-1.9184771243164604,99.31603393554687,77.66056022644042,,95.28489484824748,81.69104273984088,109.10781575495922,99.31603393554687,89.52425211613452,0.19718431015412724,-4.669382227664866,-0.03813804798718812,0.00971067930820202,6.583175855289912
149,96.61333465576172,100.65399932861328,96.29199981689452,99.0,132139500,57.20621992809788,5.780369953666295,7.650276578844651,-1.8699066251783565,99.69410057067871,78.53709358215332,,95.63871438650962,82.36982537749418,108.7999584729186,99.69410057067871,90.58824266843882,0.18267596277242582,-9.616554662464429,0.03790989277703116,-0.0354637510843121,6.48937734013109
150,99.6673355102539,101.82733154296876,97.46666717529295,99.13333129882812,126225000,57.32878814665665,5.39693007712637,7.199607278500995,-1.8026772013746246,100.01790046691895,79.43058685302735,,95.97153504482567,83.0272177665661,108.54180430048191,100.01790046691895,91.49399663335598,0.17044756576113615,-5.1875878495438625,0.0013467807962437295,0.00711817226276068,6.337326413527141
151,99.5326690673828,99.98933410644533,97.88733673095705,99.00133514404295,74217000,57.154262321179644,5.024481134986843,6.7645820497981655,-1.7401009148113227,100.41503372192383,80.31878692626952,,96.26008743522732,83.65365374215342,107.91031199105127,100.41503372192383,92.9197554527964,0.14928597823078715,-6.7391802438868735,-0.001331501252462508,-0.009398887263965983,6.03480291081008
152,99.38866424560548,101.15399932861328,98.48400115966795,99.30533599853516,89884500,57.475351654299416,4.699668144381334,6.3515992687148,-1.6519311243334656,100.73270034790039,81.21125366210937,,96.5501111079233,84.267445203188,107.43213836289299,100.73270034790039,94.0332623329078,0.1330141650497754,-1.552467146650896,0.003070674289896047,0.0014050746405993575,5.794459714962597
153,99.96932983398438,99.98332977294922,94.33399963378906,96.84733581542967,133446000,53.95457618953898,4.195547773666263,5.920388969705093,-1.7248411960388301,100.42623367309571,82.07378700256348,,96.5784182229239,84.76077424680533,107.24671126588642,100.42623367309571,93.605756080305,0.13583059611679776,2.520114990104536,-0.024751944680412197,0.015341494261956967,5.784093316690994
154,96.53333282470705,97.16666412353516,92.38933563232422,94.5713348388672,112834500,50.848513816709186,3.57120782954928,5.450552741673931,-1.879344912124651,100.16460037231445,82.85188034057617,,96.38726742444231,85.1455021131607,107.44633368198393,100.16460037231445,92.88286706264498,0.14539534491433265,-7.861130747039917,-0.023500914685975927,-0.044733991526593964,5.712181543442418
155,93.06666564941406,94.66666412353516,91.0,91.6259994506836,129387000,47.07199633806702,2.806399548012209,4.921722102941587,-2.115322554929378,99.68990020751953,83.48693367004394,,95.93381333170339,85.39963926365179,107.84595693903805,99.68990020751953,91.53384347600101,0.16362854641323663,-6.915052798581775,-0.031144060652225525,-0.07572964360003587,5.566073156306186
156,98.0,105.66666412353516,95.66666412353516,103.65066528320312,327441000,60.10070563756096,3.134441621219622,4.564266006597194,-1.4298243853775716,99.71906700134278,84.3845336151123,,96.6687516127986,86.11536577422244,107.92723275247772,99.71906700134278,91.51090125020784,0.16462580322827156,3.7122016748371136,0.1312363947417745,0.04696229735079416,6.171401121773713
157,107.4000015258789,110.07866668701172,104.48400115966795,108.06666564941406,306379500,63.640474134449484,3.708008042590194,4.393014413795794,-0.6850063712056,100.12026710510254,85.36858695983886,,97.7542672353334,86.97620106344564,109.10056089731994,100.12026710510254,91.13997331288515,0.17939012852992522,8.975521096276733,0.042604650478076156,0.08822617196530258,6.189729713347633
158,110.99933624267578,111.25333404541016,108.44266510009766,110.04733276367188,188664000,65.13454783178724,4.273128877079557,4.3690373064525465,-0.09590842937298927,100.61983375549316,86.41702697753907,,98.92503538088944,87.88095132619962,110.58757721634136,100.61983375549316,90.65209029464496,0.1981268123553032,15.372944797112053,0.01832819678811437,0.1362969547597941,5.97522533353681
159,111.8000030517578,123.05733489990234,111.52200317382812,122.3759994506836,303634500,72.66419981742578,5.650674122699456,4.625364669701929,1.0253094529975275,101.261967086792,87.6836669921875,,101.15846053039364,89.2336983114735,114.54664340428515,101.261967086792,87.97729076929885,0.26238234748307443,23.612120657256156,0.11203058154519474,0.29400731901681,6.4777093908720715
160,126.59933471679688,128.25999450683594,123.00733184814452,125.80599975585938,247117500,74.32548639980124,6.939170574550161,5.088125850671576,1.8510447238785854,102.32440032958985,88.93322700500488,,103.50584521853324,90.66790621125334,119.36193493428746,102.32440032958985,85.28686572489224,0.33301020186425173,26.905853064323033,0.028028374195693928,0.37303822615951576,6.435301224106376
161,124.33333587646484,127.4000015258789,122.74732971191406,125.23533630371094,183079500,73.5248825217856,7.824074464295421,5.635315573396345,2.1887588908990763,103.27840042114258,90.18370704650879,,105.57532055997873,92.0234917050752,122.99347350921128,103.27840042114258,83.56332733307387,0.38178502005599896,26.498633701756212,-0.004536059116861502,0.2082444040424858,6.307970551953409
162,124.04533386230467,134.79933166503906,123.8040008544922,133.45533752441406,309177000,77.31531817055404,9.083938583960517,6.32504017550918,2.758898408451337,104.90760078430176,91.48608039855957,,108.23056027087733,93.64826997250026,128.55157762430548,104.90760078430176,81.26362394429805,0.45075812740427806,34.38888875657462,0.06563643667445929,0.23493527557669824,6.642781998995799
163,136.3173370361328,139.69932556152344,135.00332641601562,136.6653289794922,322344000,78.60359366740745,10.223558638986873,7.104743868204719,3.118814770782154,107.01753387451171,92.92226692199706,,110.9386334812216,95.33521346297053,133.87155426864177,107.01753387451171,80.16351348038164,0.5018620673060729,41.114185360707395,0.024052926729070556,0.24187770432367328,6.614296716003912
164,141.7519989013672,141.93333435058594,128.50132751464844,134.27999877929688,300954000,75.18658765622261,10.809632812692954,7.845721657102366,2.963911155590588,108.59953384399414,94.3608268737793,,113.16162065246687,96.86245994596372,137.85604342080933,108.59953384399414,79.34302426717893,0.5387962275941789,41.988054845674114,-0.017453806448256226,0.09727397023965056,7.101276010284883
165,131.65933227539062,135.19667053222656,131.1999969482422,134.8893280029297,159883500,75.47982220671088,11.194228495827176,8.515423024847328,2.6788054709798477,110.42236671447753,95.73741348266601,,115.23092611441571,98.35370967368787,141.40962389602626,110.42236671447753,79.4351095329288,0.5612496472145615,47.21730601752614,0.004537751185374361,0.07220107359503936,6.879518694120561
166,137.3333282470703,144.39999389648438,136.90866088867188,143.54466247558594,213591000,79.23387695036352,12.058434376490936,9.22402529517605,2.8344090813148863,112.60256652832031,97.29880004882813,,117.92747243452716,100.12590390121329,146.34632311941772,112.60256652832031,78.85880993722292,0.5993425839474203,38.48889641314029,0.06416619165356252,0.14619936123677313,7.0674577797944265
167,145.36399841308594,153.0399932861328,142.8333282470703,149.25,355395000,81.2695472149872,13.053227340480007,9.989865704236841,3.0633616362431653,115.10676651000976,98.96141342163087,,120.91057029790552,102.05233904234218,151.79539761901333,115.10676651000976,78.4181354010062,0.637471318522584,38.10919315692723,0.039746079206424145,0.11835167306587868,7.291686869742145
168,153.00799560546875,154.5659942626953,145.76800537109375,147.55999755859375,301218000,78.80522387582789,13.549053800239832,10.70170332343744,2.847350476802392,117.7155662536621,100.57400009155273,,123.44861098939964,103.83695310180303,155.81644900939455,117.7155662536621,79.61468349792966,0.6473380533825047,34.087754653246186,-0.011323299439907841,0.07971786743905174,7.399279871303532
169,148.20333862304688,166.7133331298828,146.70333862304688,166.10667419433594,355123200,84.39692070749582,15.26262362084887,11.613887382919728,3.6487362379291426,121.0708999633789,102.56160018920899,,127.51128367558405,106.27890294856903,163.5553629005277,121.0708999633789,78.5864370262301,0.7018113014770577,35.73468240500492,0.1256890549105465,0.2370172453408308,8.30004520241299
170,167.3800048828125,167.49667358398438,156.836669921875,158.35000610351562,269523300,75.43351747182598,15.812465500168301,12.453603006369443,3.358862493798858,124.03173370361328,104.4028402709961,,130.44830485919658,108.32090699386106,168.20818005738727,124.03173370361328,79.8552873498393,0.7123410281329807,25.86840564902432,-0.04669690804684601,0.17392538348234932,8.468613663819875
171,159.663330078125,159.67999267578125,135.0399932861328,149.1233367919922,288528300,66.39978112184882,15.327023659967494,13.028287137089054,2.298736522878441,126.53783378601074,106.04960037231446,,132.22687932898663,109.92100228006228,170.43600915418136,126.53783378601074,82.63965841784011,0.693834785292867,19.07448903267201,-0.05826756524083643,0.03886368340136004,9.623712644236202
172,135.7433319091797,143.93333435058594,134.0,135.6666717529297,262788300,55.88754199730588,13.698558640626075,13.162341437796458,0.5362172028296168,128.35590057373048,107.48180053710938,,132.55447860745738,110.93063637703747,170.5716995434587,128.35590057373048,86.14010160400227,0.6577928833973398,1.656984478504719,-0.09023849203316048,-0.09101057451973404,10.016542940504488
173,134.27000427246094,142.6666717529297,124.00666809082033,139.44000244140625,330965700,57.90024750535557,12.567593240044715,13.04339179824611,-0.4757985582013955,130.48553390502929,108.95596054077149,,133.21024278211917,112.04865073250292,170.36091305515632,130.48553390502929,90.61015475490225,0.6111846724580113,2.0302687467502647,0.027813247275265907,-0.05502843081820452,10.633932992047692
174,118.66666412353516,122.913330078125,109.95999908447266,110.06999969482422,346397100,41.882128259021705,9.19538259894972,12.273789958386834,-3.0784073594371133,131.26046714782714,109.87770721435547,,131.0064101071387,111.97105657416259,168.8508468313052,131.26046714782714,93.67008746434908,0.5727601082074973,-18.029490098718504,-0.21062824320390794,-0.33735353965339043,11.980080875253828
175,118.86666870117188,123.0,113.836669921875,122.09333038330078,238397400,48.199942239441896,7.407672634791368,11.300566493667741,-3.8928938588763735,132.783833694458,110.97377380371094,,130.1575453715351,112.36800848824645,166.04617178983528,132.783833694458,99.52149559908071,0.5009998155636255,-9.486293548256826,0.10923349433825735,-0.2289654204150352,12.047932263105396
176,128.73666381835938,132.99667358398438,120.1866683959961,123.77999877929688,254791800,49.036898156969855,6.0571762940653855,10.25188845374727,-4.194712159681885,133.7903003692627,112.00962707519531,,129.55015998179812,112.81553751926803,164.59284479665382,133.7903003692627,102.98775594187155,0.46046005341756124,-13.768999386968245,0.013814582587770685,-0.16994883938283922,12.102366043454174
177,127.3133316040039,127.5,120.16666412353516,124.23999786376952,182152500,49.27760257195749,4.966762549020729,9.194863272801962,-4.228100723781234,134.59896697998047,113.00158706665039,,129.0444302562716,113.26355557199359,163.44479086146274,134.59896697998047,105.75314309849823,0.42861880040688016,-16.757120359283405,0.003716263443279244,-0.08422609430538652,11.761721031526363
178,126.98332977294922,140.0,124.43333435058594,139.8733367919922,249061800,56.75343092375712,5.302952463285308,8.416481110898632,-3.1135286476133235,136.09026718139648,114.18750717163086,,130.07575468824498,114.30707640415041,162.70216108399214,136.09026718139648,109.47837327880083,0.3910918018424391,-5.2091765341411795,0.1258317707423402,0.003107676011179228,12.047312539005228
179,145.52000427246094,153.97999572753906,143.56666564941406,149.9199981689453,291894600,60.75640718060359,6.307359685861684,7.9946568258912425,-1.6872971400295587,137.46746711730958,115.3571337890625,,131.96568263878788,115.70366157139728,163.9484459962852,137.46746711730958,110.98648823833399,0.38526903032813903,-9.744747526792981,0.07182685140266343,0.36204232383581036,12.194408710186774
180,146.6233367919922,152.59666442871094,145.10333251953125,147.25332641601562,216837900,59.19032496050261,6.809683726838955,7.757662206080785,-0.9479784792418302,138.5398334503174,116.44905364990234,,133.42164871280957,116.94090333000976,164.780965446069,138.5398334503174,112.29870145456579,0.37882436180583534,-7.007691354458139,-0.01778729846250804,0.20607183008054042,11.85861751011484
181,138.53334045410156,145.92999267578125,136.0,141.14332580566406,230337600,55.6507595108025,6.638231758951633,7.5337761166549555,-0.8955443577033222,139.33523292541503,117.45074676513671,,134.15704653117666,117.89001793689816,164.86991664663182,139.33523292541503,113.80054920419823,0.36652156364335065,-5.351282473955911,-0.04149312452942333,0.14027570849573578,11.815382431964895
182,149.31333923339844,150.3333282470703,142.93333435058594,147.38333129882812,259220400,58.387605339005816,6.926032145287195,7.412227322381404,-0.486195177094209,140.03163261413573,118.5393733215332,,135.41669269952442,119.04661846089542,165.646470621374,140.03163261413573,114.41679460689747,0.365843595894097,8.636358063855443,0.04421041843491591,0.1862792484948006,11.627855289782135
183,151.0433349609375,151.89332580566406,135.69000244140625,149.79666137695312,328430400,59.4303590590885,7.265103996707779,7.382802657246679,-0.11769866053889988,140.68819923400878,119.47577316284179,,136.7862135259462,120.25250249681925,166.5957341330944,140.68819923400878,114.78066433492316,0.36829719962501234,7.427322686614855,0.016374511668703073,0.07094507654248683,11.95467443795897
184,143.1999969482422,145.9199981689453,139.1999969482422,141.41000366210938,238742400,54.334776952551,6.7789442449647765,7.262030974790299,-0.4830867298255228,141.04469947814943,120.30789321899414,,137.22657449129508,121.08220842486985,166.78539077741297,141.04469947814943,115.3040081788859,0.36500047707572697,28.47279372597186,-0.055986946823462835,-0.05676357130985288,11.857673723012681
185,135.05332946777344,137.38333129882812,125.2933349609375,126.7866668701172,285222600,46.79995293620085,5.154262937600208,6.840477367352282,-1.6862144297520736,140.6395664215088,120.82122650146485,,136.23229757499243,121.30591267762465,167.0025563232707,140.6395664215088,114.27657651974685,0.37490146724073076,3.844056405114122,-0.10341090738483927,-0.13898945473107094,12.161887650024052
186,121.26667022705078,133.1666717529297,117.0999984741211,129.26333618164062,289683300,48.1123505905549,4.020195500127272,6.27642099390728,-2.2562254937800077,139.9255001068115,121.3451466369629,,135.56858696610178,121.61796850131155,166.70540824762998,139.9255001068115,113.14559196599305,0.38277380635232516,4.429905846194659,0.0195341463945935,-0.08416968748760134,12.440800909222947
187,131.1566619873047,136.2433319091797,130.43333435058594,135.77999877929688,201625500,51.50246963675823,3.6057146608931134,5.742279727304447,-2.1365650664113334,139.25200004577636,122.05989334106445,,135.5887214245013,122.17334223770314,165.7358979330113,139.25200004577636,112.7681021585414,0.3803736805005155,9.28847481805424,0.05041385121376596,-0.07872893370828227,12.050743396245526
188,141.5399932861328,142.69332885742188,138.51666259765625,140.39999389648438,149158800,53.806725318406215,3.608434814307003,5.315510744704959,-1.7070759303979557,138.8939998626709,122.86677322387695,,136.04693785040445,122.88811289098868,165.11123091819488,138.8939998626709,112.67676880714694,0.37751423504896986,0.3765243016082382,0.034025594039789775,-0.06272948538434164,11.68378530209406
189,138.6666717529297,142.8333282470703,137.1999969482422,139.69000244140625,150657900,53.3869255031363,3.5128067293765355,4.954969941639274,-1.4421632122627388,137.57316627502442,123.46990661621093,,136.3938963828808,123.54701052041682,160.64664875857093,137.57316627502442,114.4996837914779,0.3354357991211745,-6.823636507793209,-0.005056919415549199,-0.012163221668623714,11.251610016146495
190,140.44000244140625,144.64332580566406,140.1566619873047,143.00332641601562,144436800,55.14568078769978,3.662163199506665,4.696408593212753,-1.0342453937060876,136.80583229064942,124.23882644653321,,137.023365909846,124.31000330063638,158.00942399874987,136.80583229064942,115.60224058254897,0.30998081518999243,-2.8861826781372866,0.02371912031427703,0.12790508612795293,10.801732398154446
191,146.9199981689453,149.6266632080078,144.80667114257812,149.3866729736328,152224500,58.40208587190664,4.246659154210505,4.606458705412304,-0.35979955120179863,136.81899909973146,125.10345321655274,,138.20082372544474,125.29340211134213,158.05347424969415,136.81899909973146,115.58452394976877,0.3104024337217121,5.840408762450988,0.04463774876849502,0.15567706502418366,10.503275569142856
192,140.4633331298828,146.3766632080078,138.3333282470703,138.3633270263672,214290000,51.45487643772509,3.7768473718836617,4.440536438706576,-0.6636890668229141,136.9538318634033,125.85329315185547,,138.2163002302945,125.80594818644116,158.19157264447287,136.9538318634033,115.71609108233375,0.31014452815386606,-6.1200979737473595,-0.0737906918190171,0.019025837901717635,10.54256622324426
193,141.11666870117188,144.54666137695312,139.77667236328125,141.89332580566406,134168400,53.367868218435206,3.6473155661654175,4.281892264198344,-0.6345766980329266,137.0764980316162,126.8018263244629,,138.56649314223446,126.43682574013617,158.39843407835338,137.0764980316162,115.75456198487905,0.311095429966694,-5.276042535688332,0.025512531789757986,0.010636267621782824,10.23119251805438
194,141.26333618164062,142.92666625976562,135.35000610351562,137.9933319091797,147438900,50.97773512472415,3.1931550592174176,4.064144823202159,-0.870989763984741,138.472664642334,127.50889297485351,,138.511906358134,126.89002206049082,155.825640132157,138.472664642334,121.119689152511,0.2506339505294365,-2.416145721269916,-0.02748539351192436,-0.012145969665497303,10.04158306363978
195,139.9566650390625,143.3000030517578,137.9499969482422,141.76666259765625,129383100,53.1633501940417,3.1019485054561073,3.8717055596529484,-0.769757054196841,139.45633125305176,128.3755728149414,,138.82188314285042,127.47341972861496,155.13335025215807,139.45633125305176,123.77931225394546,0.2248305094253401,11.81511912674923,0.027344297266189477,-0.008647797567741589,9.706470423630913
196,146.14666748046875,146.3333282470703,141.76666259765625,141.97332763671875,121263300,53.286193752802866,3.011626638753995,3.699689775473158,-0.6880631367191627,140.36599769592286,129.21622604370117,,139.12202071369504,128.04204356814844,154.31506672373743,140.36599769592286,126.4169286681083,0.19875282129269883,9.832634550927933,0.0014577830589765917,-0.04962521213805027,9.33934151118685
197,143.3766632080078,144.8633270263672,142.15333557128906,144.6666717529297,86777100,54.944717880097,3.121394773670829,3.5840307751126925,-0.46263600144186334,141.38733139038087,130.12623947143555,,139.65008271743167,128.6939897714732,153.30763432414037,141.38733139038087,129.46702845662136,0.1686191091738858,6.544905769278746,0.01897077543397918,0.04555646978163019,8.87867421679125
198,147.3333282470703,149.5800018310547,146.19332885742188,147.43333435058594,116373300,56.64742697073702,3.39252642820594,3.545729905731342,-0.15320347752540187,141.76533126831055,131.16722610473633,,140.3913447777321,129.42886602947763,153.94623767267586,141.76533126831055,129.58442486394523,0.17184605425583582,5.009501965710326,0.01912439516394837,0.0390434751843749,8.595435349743662
199,147.78334045410156,149.6300048828125,145.53334045410156,148.88333129882812,103391100,57.55282410362661,3.6819595160552865,3.572975827796131,0.10898368825915528,141.7134979248047,132.1648927307129,,141.20010539878885,130.19178623611884,153.7632780258995,141.7134979248047,129.6637178237099,0.1700583258129524,6.581236091879996,0.009834932884270176,0.07891685227816425,8.274094569669895
200,149.92666625976562,155.3000030517578,149.11666870117188,153.76666259765625,143639100,60.54162648224903,4.256317172640848,3.709644096765075,0.5466730758757734,142.0391647338867,133.25755935668946,,142.39692037010954,131.11629119147327,154.9887122466903,142.0391647338867,129.0896172210831,0.1823377029436191,7.52663343671367,0.032799718116372834,0.0846461345715448,8.141421511331309
201,150.10333251953125,152.19000244140625,147.5,149.6266632080078,107017200,56.88472837804928,4.327551087057685,3.8332254948235973,0.4943255922340879,142.4633316040039,134.27006591796874,75.65274651527405,143.08546730705223,131.84218813329815,155.81715621695403,142.4633316040039,129.1095069910538,0.1874703400881973,0.16065036431821397,-0.02692390743031925,0.05390685489088787,8.007510160354519
202,151.47999572753906,151.98333740234375,146.28334045410156,146.55667114257812,98327700,54.267047917471594,4.089144660517405,3.8844093279623593,0.20473533255504606,142.4219985961914,135.21509262084962,76.24210987091064,143.41605814853088,132.41922668268168,155.71965269153807,142.4219985961914,129.12434450084473,0.186735956894545,5.921615425342854,-0.02051768046956881,0.013064511450683547,7.842687788060781
203,148.74667358398438,149.0,142.9566650390625,143.61000061035156,108863400,51.8029690470229,3.6206970227881072,3.831666866927509,-0.2109698441394019,142.11266555786133,136.15034591674805,76.81248987197876,143.43452885918046,132.85808056219815,154.99094169468256,142.11266555786133,129.2343894210401,0.18124037131057574,1.2098347790076074,-0.020106014344170586,-0.025932627496185856,7.714162586123403
204,143.9166717529297,143.9166717529297,139.68333435058594,140.64666748046875,94968900,49.37491500629879,2.9760268914392896,3.6605388718298655,-0.6845119803905759,142.0744987487793,137.07185256958007,77.36520987510681,143.1690182516841,133.1635153433068,154.96539680747142,142.0744987487793,129.18360069008716,0.18146673994586787,1.922799844441292,-0.020634587544658856,-0.05532294143679073,7.465532215853428
205,140.89999389648438,144.31666564941406,140.4166717529297,140.8800048828125,97111500,49.57533235236925,2.455642428701225,3.4195595832041374,-0.9639171545029126,142.77916564941407,138.05693267822267,77.9132565689087,142.95101697845823,133.46612277622862,153.62954967051263,142.77916564941407,131.9287816283155,0.15198833767863654,-0.6254345687463538,0.0016590325709362475,-0.08380657742805275,7.210850907327067
206,147.30667114257812,148.41000366210938,141.50332641601562,141.92999267578125,119979600,50.52450296195387,2.103708984927323,3.156389463548775,-1.0526804786214519,143.4124984741211,138.8225192260742,78.45885986328125,142.85377656867948,133.79803924287773,152.34194869489892,143.4124984741211,134.48304825334327,0.12452820103945335,-0.030523311426767053,0.007453064711647084,-0.05143916443239005,7.2336471838963385
207,140.6133270263672,140.9633331298828,135.7933349609375,140.2100067138672,101151000,48.90066989128891,1.6667969054084608,2.858470951920712,-1.1916740465122513,143.6339988708496,139.46538604736327,78.99946323394775,142.60198896345926,134.04948894762242,151.99695360700275,143.6339988708496,135.27104413469647,0.11644812233728594,-3.080643927907498,-0.012118551755604834,-0.04330518958455709,7.155290793249725
208,137.2100067138672,141.9199981689453,136.6666717529297,140.0933380126953,84717600,48.78613182121256,1.296185130131704,2.5460137875629107,-1.2498286574312067,143.61866607666016,140.06630615234374,79.54054658889771,142.36306982529126,134.2865026364488,152.00636956261417,143.61866607666016,135.23096259070616,0.11680519970122621,-4.978518847329762,-0.0008320996760948773,-0.024487588487641654,7.019436194875861
209,141.25332641601562,143.5,140.03334045410156,141.55999755859375,68059500,50.360204109565785,1.1080469209109935,2.2584204142325275,-1.150373493321534,143.71216583251953,140.44998611450194,80.07339324951172,142.28658675227246,134.5717377314349,151.96318665254927,143.71216583251953,135.4611450124898,0.11482703321923879,-4.918840595751781,0.010469159823756513,0.006493791104235314,6.765666434234617
210,138.82666015625,139.53334045410156,135.3333282470703,135.33999633789062,76354200,44.16117652172639,0.45183544114166807,1.8971034196143557,-1.4452679784726876,143.3289993286133,140.64066604614257,80.57078657150268,141.62500671280753,134.60186551992336,152.35176121394431,143.3289993286133,134.30623744328227,0.12590281000489445,-11.98352487364611,-0.043938975190562446,-0.039324306877545845,6.7271666397552465
211,136.65333557128906,139.35333251953125,135.48666381835938,136.94332885742188,67965900,46.00618315198851,0.06046168571643307,1.5297750728347712,-1.4693133871183381,142.70683212280272,140.8748258972168,81.08266988754272,141.17913263134224,134.69368761158998,151.68893317917332,142.70683212280272,133.72473106643213,0.12588186455770076,-8.476653878830295,0.011846701366300838,-0.035134672554734014,6.533321607032773
212,135.63333129882812,135.8633270263672,126.37000274658205,129.34666442871094,127533900,39.368787113040995,-0.8528609168155015,1.0532478749047167,-1.9061087917202182,142.25599899291993,140.79265243530273,81.55823987960815,140.0522308977583,134.48400042794768,152.82911330239148,142.25599899291993,131.68288468344838,0.1486491168642775,-11.742902305091508,-0.05547305218949494,-0.077479079701676,6.821893357304705
213,131.3333282470703,135.66000366210938,130.76666259765625,133.50332641601562,87063300,44.11939391607457,-1.2271222740362475,0.5971738451165239,-1.8242961191527716,141.8364990234375,140.7294123840332,82.0555898475647,139.4285257090209,134.4455426235582,153.0784905900202,141.8364990234375,130.5945074568548,0.1585204322439605,-7.037583839135113,0.03213582666134873,-0.04704014973276249,6.785568062739971
214,136.57666015625,142.58999633789062,135.56333923339844,141.3000030517578,103055100,51.75516881869836,-0.88440557414674,0.30085796126387115,-1.1852635354106111,142.0018325805664,140.8698124694824,82.5796898651123,139.60676164642442,134.71434499329152,153.10933511419512,142.0018325805664,130.89433004693768,0.15644167869913575,0.4645226104484769,0.05840061701119437,-0.0018366382545911275,6.949932481249617
215,143.5399932861328,145.13333129882812,139.03334045410156,140.32666015625,96429300,50.8215260552131,-0.683462230294964,0.10399392295210413,-0.7874561532470681,141.9298324584961,140.97855911254882,83.09146982192993,139.67532340926496,134.93443578399578,153.06114217525095,141.9298324584961,130.79852274174124,0.15685651880142867,-0.39277733346388366,-0.006888484603579825,0.036845455543752514,6.8892223643551125
216,142.76666259765625,146.6666717529297,141.3333282470703,146.02999877929688,85243500,55.847604420153175,-0.06327205956637272,0.07054072644840877,-0.13381278601478147,142.132666015625,141.02826583862304,83.63088647842407,140.28053058736324,135.36955590145857,153.4066797023415,142.132666015625,130.8586523289085,0.15864071226915732,2.888752423796358,0.040643300543862226,0.06635350548061791,6.849993023806868
217,145.36666870117188,145.52333068847656,141.42666625976562,143.31666564941406,65118000,53.06883564485433,0.2069047425758015,0.09781352967388732,0.10909121290191418,142.0651657104492,140.90959915161133,84.15919647216796,140.56968630755856,135.6812072641235,153.29375838516583,142.0651657104492,130.83657303573258,0.158076649100628,2.21571841294236,-0.01858065570474754,0.10800434075671617,6.689517273501466
218,146.5,150.8333282470703,140.3333282470703,140.4199981689453,104499000,50.19733616626746,0.18515064618171095,0.11528095297545204,0.06986969320625891,141.7144989013672,140.76679916381835,84.67528980255128,140.5554302943573,135.86704220156747,152.6857017957114,141.7144989013672,130.743296007023,0.15483529179297487,0.23317322642451271,-0.02021165833954497,0.05180898437973247,6.961694611108505
219,140.02999877929688,140.02999877929688,132.00999450683594,136.7866668701172,90852600,46.77829293980484,-0.12384153461681535,0.06745645545699858,-0.19129799007381393,141.10966567993165,140.180399017334,85.17025648117065,140.1965004444297,135.9031059140596,151.76247160902486,141.10966567993165,130.45685975083845,0.15098619754731976,-3.3719488349813025,-0.02587474253102262,-0.03194151510377108,7.065145257608568
220,138.81666564941406,139.56666564941406,136.86000061035156,139.0433349609375,52073100,49.097351275764744,-0.1844990190560054,0.017065360554397783,-0.2015643796104032,140.3734992980957,139.79426559448243,85.67180982589721,140.08667516028757,136.02625215119207,149.3249539692056,140.3734992980957,131.4220446269858,0.1275376722225993,2.7363223904640117,0.0164977197153513,-0.009145269999895622,6.759063366300589
221,138.35000610351562,141.0,136.5066680908203,137.25332641601562,59565300,47.335450340870345,-0.37271284071519517,-0.060890279699520815,-0.31182256101567435,139.75483245849608,139.5568653869629,86.14447311401368,139.81683242273786,136.07437271059692,147.7185271656862,139.75483245849608,131.79113775130597,0.11396664526151747,0.2263692296515612,-0.012873745767280065,-0.060101845077366045,6.597225405077667
222,136.9499969482422,137.50999450683594,133.8866729736328,136.1666717529297,59313300,46.250375208993006,-0.6026110747887685,-0.16923443871737037,-0.43337663607139815,139.23533248901367,139.5668653869629,86.60844980239868,139.46919807323232,136.07799228088447,146.69608915768328,139.23533248901367,131.77457582034407,0.10716757787407578,5.272658057585689,-0.007917146283160204,-0.04988947980393943,6.384803699943772
223,136.30999755859375,137.48333740234375,134.69667053222656,136.02999877929688,80515800,46.10721643187921,-0.7867660985289149,-0.2927407706796793,-0.4940253278492356,138.85633239746093,139.4986653137207,87.02859979629517,139.1416552833337,136.076110182783,146.15808659732753,138.85633239746093,131.55457819759434,0.10516991301435397,1.8925913167195358,-0.0010037182511209997,-0.03126334885980164,6.12779392638473
224,153.38999938964844,154.0,144.336669921875,147.20333862304688,183564900,57.648551220711305,-0.030760547273729344,-0.24034472599848933,0.20958417872475998,139.18416595458984,140.24133209228515,87.4689298248291,139.90943464902068,136.5124720824012,147.31922327919762,139.18416595458984,131.04910862998207,0.1168963045302425,4.177873633255823,0.08213879250177958,0.07615268352741289,6.973665875978901
225,149.4499969482422,165.3333282470703,147.8333282470703,162.2133331298828,234132000,67.66617496665343,1.7592805210330482,0.1595803234078182,1.59970019762523,140.25083236694337,141.0437321472168,88.03509649276734,142.03361545672183,137.520348986224,153.1783759447893,140.25083236694337,127.32328878909745,0.18434890345638916,15.596945690336096,0.10196775866118779,0.166638682648504,7.770546143696369
226,164.0,169.5366668701172,162.52333068847656,166.42333984375,187425900,69.82227950960066,3.477526560031663,0.8231695707325871,2.654356989299076,141.4754997253418,141.89659896850586,88.6175598526001,144.35644635072453,138.65379960808778,158.72537671210154,141.4754997253418,124.22562273858203,0.24385673873212504,13.965172385760749,0.025953518324515645,0.2125268231337425,7.738602400591941
227,165.99667358398438,167.5,163.02000427246094,163.20333862304688,98735700,66.18695596095617,4.527234595088089,1.5639825756036876,2.9632520194844014,142.6251663208008,142.6758657836914,89.1842198753357,146.1513884718981,139.61652662828226,162.28148400891303,142.6251663208008,122.96884863268855,0.2756360352828632,13.876036595967314,-0.019348255020757876,0.19855568563190262,7.5058447810881646
228,167.8333282470703,175.3333282470703,167.26333618164062,173.9499969482422,150780900,71.517062725732,6.155346288437471,2.4822553181704445,3.6730909702670265,144.31799926757813,143.3573989868164,89.7968765258789,148.79887499345466,140.962937229065,168.19005538690828,144.31799926757813,120.44594314824798,0.3308257631131552,23.878364347331424,0.06584827501609536,0.27876202682666307,7.836140841297827
229,180.13333129882812,186.663330078125,175.39999389648438,185.1266632080078,160945500,75.79119965818168,8.252371888980974,3.6362786323325507,4.616093256648424,146.49633255004883,144.06153228759766,90.46438318252564,152.25866434722164,142.69484805176864,176.2022682471718,146.49633255004883,116.79039685292588,0.4055519367622975,35.339698995510155,0.06425217853318599,0.25762543798054516,8.184511719053898
230,183.35333251953125,191.3333282470703,181.7899932861328,191.3333282470703,146790600,77.78482735907616,10.296415118859272,4.9683059296378955,5.328109189221377,149.2959991455078,144.94313232421874,91.16528648376465,155.98006090911198,144.60223943197656,184.3426616478045,149.2959991455078,114.2493366432111,0.46949231999364305,37.60697576825458,0.03352658623835669,0.17951665596977384,8.281570522045584
231,193.72000122070312,199.5933380126953,192.8166656494141,195.2533264160156,112683300,78.96314876161253,12.093241832453486,6.393293110201014,5.699948722252472,152.2114990234375,146.02533233642578,91.87355312347412,159.72037190976948,146.58855656860555,192.0381921791282,152.2114990234375,112.38480586774683,0.5233072850765128,42.257627931145095,0.020487795852708768,0.1732328326022854,8.280030468015543
232,200.73666381835935,202.6000061035156,184.836669921875,189.1999969482422,189009300,72.56256167435485,12.880310646729669,7.690696617506745,5.189614029222923,155.20416564941405,146.86166564941405,92.55287643432617,162.52795524676688,148.25959344623837,196.6699459642522,155.20416564941405,113.7383853345759,0.534338497183174,38.94736098972872,-0.03100243964538618,0.159289990906621,8.95740944756019
233,199.19667053222656,199.28334045410156,190.6833343505859,194.9199981689453,120310500,74.65331596502915,13.80647222940408,8.913851739886212,4.892620489517867,158.27499923706054,147.7641323852539,93.24134309768677,165.61291171554578,150.0894132392857,201.89810145691052,158.27499923706054,114.65189701721057,0.551231747656019,43.2919208396047,0.030232565079099327,0.12055189185742043,9.037833308867274
234,185.47999572753903,190.51333618164065,180.40333557128903,189.6066741943359,143327100,69.36570947181988,13.950903782192626,9.921262148347495,4.029641633845131,160.69033279418946,148.72806579589843,93.88356981277465,167.89803195162102,151.6391097473269,205.6163205356089,160.69033279418946,115.76434505277001,0.5591622963275606,28.80596049514475,-0.027258998689319358,0.024199706885519534,9.42917825806649
235,196.67333984375,199.6566619873047,194.1433258056641,197.7933349609375,127656000,72.5874107113028,14.558144703426024,10.848638659363202,3.709506044062822,163.56366653442382,150.14819915771486,94.57273315429687,170.74520366679403,153.44907936354693,210.2296167412631,163.56366653442382,116.89771632758453,0.5706151151486679,21.934079735952462,0.04317707064578724,0.03376310218952194,9.473521796273795
236,197.0033264160156,199.67999267578125,195.1666717529297,199.67999267578125,88203900,73.28469296408457,15.018501086734034,11.682611144837368,3.3358899418966654,166.24616622924805,151.55653228759766,95.27079978942871,173.50089785812614,155.26205635618356,214.70562961934988,166.24616622924805,117.78670283914622,0.5829844319330385,19.983166341484882,0.00953853028069096,0.022671399975711548,9.119221733886492
237,201.63999938964844,216.26333618164065,201.01666259765625,213.9199981689453,168929100,77.86190056593355,16.343983009444457,12.614885517758786,3.729097491685671,169.7763328552246,153.11933227539063,96.06246978759765,177.35033598296607,157.5623677998213,221.23386619508423,169.7763328552246,118.31879951536499,0.6061802899670311,31.075748801340055,0.07131413268972531,0.13065539967987183,9.652373289027414
238,208.5033264160156,217.0933380126953,206.1666717529297,216.6266632080078,192795000,78.61200136535433,17.41212608010352,13.574333630227734,3.837792449875785,173.58666610717773,154.6438656616211,96.87896644592286,181.09093857582718,159.8786146785737,227.03229261720588,173.58666610717773,120.1410395971496,0.6157803212492043,24.53387008248343,0.01265269756091203,0.11136191895635261,9.743394215508715
239,217.89666748046875,218.1066741943359,196.0,201.4933319091797,213873600,65.29149798571754,16.84334421042729,14.228135746267647,2.615208464159643,176.82199935913087,155.87993225097657,97.62683311462402,183.0340236551941,161.5105643738916,228.77846073317022,176.82199935913087,124.86553798509152,0.5876696515405212,8.840794954955964,-0.06985904262531573,0.06269113555918726,10.6264856425678
240,191.4566650390625,209.25,188.77999877929688,209.02333068847656,201249600,68.18063624174056,16.806454110192647,14.743799419052648,2.0626546911399988,180.3209991455078,157.2003323364258,98.44561643600464,185.50919575360194,163.37381011171848,231.0402413680211,180.3209991455078,129.60175692299453,0.5625439351252265,9.245646121078813,0.03737095767859411,0.05677641124639954,11.329593898148895
241,205.0033264160156,208.0,198.9333343505859,203.3300018310547,139425000,63.852822126049006,16.131856383659567,15.021410811974032,1.1104455716855348,183.62483291625978,158.27919891357422,99.23960311889648,187.20641538002602,164.94071959090815,231.20317058516855,183.62483291625978,136.046495247351,0.5182124543101029,4.136511046081007,-0.027237767375868138,0.018279293315079048,11.241051215273306
242,206.3333282470703,214.25,203.3999938964844,213.27667236328125,156121800,67.70922314494112,16.21295317730946,15.259719285041118,0.9532338922683401,187.48033294677734,159.7774658203125,100.05811313629151,189.6892969974789,166.83624715060907,231.40788236297954,187.48033294677734,143.55278353057514,0.46860968002091746,12.725515752320815,0.048918853305726984,-0.0030073196109322575,11.218118854821308
243,214.4266662597656,215.63333129882812,207.9333343505859,211.0833282470703,135214500,66.03619382977587,15.916759930274054,15.391127414087707,0.5256325161863469,191.232999420166,161.16126586914064,100.86502643585204,191.72682378315426,168.57142680145068,229.38129525773857,191.232999420166,153.08470358259345,0.39897189243740666,8.292289262241614,-0.010284031966116491,-0.025589347492347758,10.966824432922802
244,209.41000366210935,210.8333282470703,201.6666717529297,207.58999633789065,126287400,63.35128876382077,15.224641764710356,15.357830284212238,-0.13318851950188204,194.2523323059082,162.55319915771486,101.65314308166504,193.23760212170058,170.10156678327186,227.18582672515677,194.2523323059082,161.31883788665962,0.33907952639029293,9.484540678733111,-0.016549539644792555,0.030257400435757198,10.856098151581218
245,209.39666748046875,219.6066741943359,206.5,218.63333129882812,168810300,67.80732797215478,15.389833549090383,15.364230937187868,0.02560261190251545,197.07333221435547,164.0905325317383,102.50479640960694,195.65624299571272,172.0047732348623,228.15982480305263,197.07333221435547,165.98683962565832,0.3154814732100289,10.536248019684963,0.053197818564254984,0.04597573188934634,11.016853583206553
246,222.96665954589844,231.6666717529297,209.51333618164065,231.6666717529297,666378600,72.11636188585119,16.383571267674398,15.568099003285175,0.8154722643892232,200.33549880981445,165.8843994140625,103.4286364364624,199.08580763925718,174.3444555296885,231.56462815252254,200.33549880981445,169.10636946710636,0.3117683039525112,16.01897047797119,0.059612778969587055,0.13936295513054553,11.812316582355303
247,222.0800018310547,222.8333282470703,215.3566741943359,216.6199951171875,174135900,61.827362556668795,15.775128651546538,15.60950493293745,0.16562371860908875,203.00633163452147,167.32346588134766,104.30906974792481,200.75573025620292,176.0023198272375,229.9136285549347,203.00633163452147,176.09903471410826,0.26508825319650864,1.262152660505279,-0.06494968189377415,0.01567598892489963,12.13357950922948
248,216.0,216.6266632080078,204.7433319091797,213.44667053222656,155148000,59.886794019954216,14.86551234835494,15.460706416020948,-0.5951940676660072,204.9811653137207,168.64373260498047,105.16119310379028,201.96439123487184,177.47072573723707,228.67396534877042,204.9811653137207,181.288365278671,0.2311705077760508,-1.4679599587091359,-0.01464926902636221,0.011196252706371812,12.115704637057954
249,210.73333740234375,217.1666717529297,207.52333068847656,215.32666015625,99519000,60.67429378840358,14.133413136678456,15.19524776015245,-1.0618346234739935,206.4911651611328,169.9725991821289,106.02641639709472,203.23698827500309,178.9552721850415,228.73513012420364,206.4911651611328,184.247200198062,0.21544713494849063,6.865402500418968,0.008807772074100217,0.03726896264194979,11.939107239014751
250,214.3300018310547,222.02999877929688,213.6666717529297,220.58999633789065,68596800,62.87192987650047,13.8186338698072,14.919924982083401,-1.1012911122762006,207.95399856567383,171.3090658569336,106.94251638412476,204.8896557095638,180.5880064655454,229.86376476999558,207.95399856567383,186.04423236135207,0.21071743131116033,5.533672060107384,0.02444349518922251,0.008949527628923981,11.683694366682783
251,224.836669921875,227.13333129882812,220.26666259765625,221.22999572753903,96835800,63.141653033674416,13.465588710380786,14.629057727742879,-1.1634690173620932,209.25283203125,172.7411325073242,107.8664596939087,206.4458785684186,182.18180996601575,231.0766490017203,209.25283203125,187.42901506077968,0.20858802013452446,8.803419925878577,0.002901307404113096,-0.04505039912051423,11.339621104860575
252,220.3333282470703,223.3000030517578,218.3333282470703,221.9966735839844,68732400,63.48388335737679,13.096691862223167,14.322584554638938,-1.225892692415771,210.8926658630371,174.24993255615234,108.82808639526367,207.92690666513917,183.74317716672041,231.32745550492166,210.8926658630371,190.45787622115256,0.19379326974941644,4.088586493814985,0.003465523985226593,0.02482078565225798,10.884410654848212
253,224.0,232.1999969482422,222.7866668701172,231.5933380126953,128538000,67.54592143013349,13.42396594573222,14.142860832857595,-0.7188948871253746,212.7263328552246,176.0095993041992,109.84265308380127,210.18085250776357,185.61965406264102,233.67411631771705,212.7263328552246,191.77854939273215,0.1969458428707922,9.716546510778103,0.04322886588244468,0.08501733681401658,10.835761562663182
254,233.3300018310547,239.5733337402344,230.3733367919922,235.22332763671875,148949700,68.95278446496917,13.81696941768297,14.07768254982267,-0.26071313213970093,215.00716552734374,177.9011325073242,110.89836305618286,212.56585013909265,187.56489616358525,235.31283155432158,215.00716552734374,194.7014995003659,0.1888836214102403,13.311494670412635,0.01567398119122254,0.09240224812863818,10.718921233061684
255,239.82000732421875,248.163330078125,239.06333923339844,243.2566680908203,145914600,71.86002955072067,14.608256055376899,14.183797250933518,0.4244588044433808,217.28033218383788,179.94866577148437,111.97209973335266,215.48878518211433,189.74888721955526,239.46128375651307,217.28033218383788,195.0993806111627,0.20416897700532036,11.26238924582684,0.03415197180829077,0.10275475828110436,10.877569890800581
256,241.22000122070312,246.94667053222656,239.73333740234375,245.0366668701172,96735600,72.47505579845266,15.203728325931422,14.387783465933099,0.8159448599983232,219.54816589355468,182.0107992553711,113.05477306365967,218.30286915240032,191.91703544114594,243.28739011451924,219.54816589355468,195.80894167259012,0.21625527249883053,5.771220787186201,0.007317368906131216,0.10761050310690146,10.615838693592169
257,252.8300018310547,258.0,249.6999969482422,251.9933319091797,134100000,74.79375414964491,16.051952206821767,14.720617214110833,1.331334992710934,221.45183258056642,184.24646575927736,114.16997638702392,221.51148465304598,194.2729686359708,248.89736927346613,221.45183258056642,194.0062958876667,0.24786913138697775,16.329672970796558,0.028390302267496503,0.13512210719611129,10.78351686761293
258,259.2099914550781,272.3299865722656,258.3999938964844,272.0133361816406,154496700,80.01209877507512,18.130624224048177,15.402618616098302,2.728005607949875,224.22116622924804,186.88486572265626,115.36170972824097,226.32118479862643,197.3216105005069,259.2813619833498,224.22116622924804,189.16097047514626,0.31272868965685036,27.438547297729603,0.07944656360858104,0.17453005563886115,11.46588385300386
259,285.3333435058594,294.8299865722656,279.46331787109375,293.3399963378906,225166500,83.84819161240713,21.253868646316164,16.572868622141876,4.681000024174288,228.8134994506836,189.9204656982422,116.64865970611572,232.70392875474684,201.08703739609058,273.5016508242918,228.8134994506836,184.1253480770754,0.390607647546074,36.23022626414718,0.07840299470467449,0.24707017490598493,12.276652891405368
260,283.1333312988281,284.80999755859375,267.8733215332031,270.39666748046875,177904800,68.5958069705128,21.62840862788488,17.58397662329048,4.044432004594402,231.8821662902832,192.62159912109374,117.8245897102356,236.29371339529177,203.80506210528188,279.0718455141562,231.8821662902832,184.6924870664102,0.4070143036769659,22.578843995394195,-0.07821411721500826,0.11156939541536293,13.218797313782662
261,277.0,289.3333435058594,275.7799987792969,283.14666748046875,138812100,71.67893825098253,22.692468059280515,18.60567491048849,4.086793148792026,235.8729995727539,195.54566589355468,119.0688697052002,240.75589949864195,206.91649761019116,286.1295754757387,235.8729995727539,185.61642366976912,0.426132503457509,27.987466866466264,0.047152947996006445,0.15552774650886003,13.62721722175466
262,284.2533264160156,286.8233337402344,277.3333435058594,284.8033447265625,99937500,72.06273446038179,23.399685820782793,19.56447709254735,3.8352087282354432,239.44933319091797,198.6547994995117,120.3255097579956,244.95089428225344,209.97088377161748,292.8467086657621,239.44933319091797,186.05195771607382,0.4460014547818289,28.291717226482433,0.005850950889994211,0.13020190879180804,13.3317010083704
263,281.1300048828125,287.6666564941406,279.5833435058594,281.6666564941406,93798900,70.12505256890424,23.436890580390127,20.338959790115904,3.097930790274223,242.97849960327147,201.61806610107422,121.55917636871338,248.44763354052841,212.7824827019125,297.7233082650984,242.97849960327147,188.23369094144456,0.45061442680082986,21.62122577062231,-0.011013523157297866,0.03548840820824273,12.956816149792603
264,284.0,286.6333312988281,273.0333251953125,275.38665771484375,116332800,66.28230184410305,22.69798397284069,20.810764626660863,1.8872193461798261,246.36833267211915,204.29979919433595,122.77558965682984,251.0132548904632,215.23754838869414,300.3184829244177,246.36833267211915,192.41818241982062,0.43796335078582066,17.07455229106938,-0.02229585445953386,-0.061203173270537925,13.002758289344246
265,279.26666259765625,283.3333435058594,277.6666564941406,281.51666259765625,76101000,68.11879648543206,22.34940529406944,21.11849276014258,1.2309125339268618,249.51249923706055,207.12359924316405,124.03168296813965,253.9183413387673,217.8367293380652,303.9579814901254,249.51249923706055,195.06701698399573,0.43641486834963295,15.728240794842877,0.022259629183487784,0.04112474913541875,12.641610253749345
266,286.2466735839844,286.5,279.09332275390625,283.48333740234375,76997700,68.70767538174334,21.978494002596165,21.290493008633298,0.6880009939628664,252.10333251953125,209.872666015625,125.28909631729125,256.7340552495841,220.41110612489965,307.8219983936373,252.10333251953125,196.38466664542523,0.4420303795055095,15.69017038278822,0.00698599786790699,0.001189030140706926,12.26768646748823
267,285.0,285.239990234375,280.47332763671875,281.663330078125,61563300,67.46573765107377,21.292241050335008,21.29084261697364,0.001398433361366358,255.35549926757812,212.6395993041992,126.52533296585084,259.10827189992136,222.81315412306535,309.99256193618214,255.35549926757812,200.7184365989741,0.4279293990167938,11.774120348406125,-0.006420156263490129,-0.011025202851645544,11.731899048214517
268,278.10333251953125,282.6666564941406,276.2066650390625,282.21331787109375,60199500,67.6560000167731,20.55580552933776,21.143835199446467,-0.5880296701087069,258.7938316345215,215.47546569824217,127.75458288192749,261.30875246860444,225.14257230926253,311.0520233179767,258.7938316345215,206.5356399510663,0.40385963879739,3.749809414727353,0.0019526425140830028,0.00194080969241206,11.355334220133345
269,285.0,300.1333312988281,279.6066589355469,293.6000061035156,123520200,71.38684145728264,20.652911740495057,21.045650507656188,-0.39273876716113065,262.70749893188474,218.61173248291016,129.03963624954224,264.3841099576436,227.827177556096,313.0470101346752,262.70749893188474,212.3679877290943,0.3832361954452055,0.08863767944058389,0.040347806114603646,0.06613736678387427,12.010429801786767
270,297.1266784667969,298.6333312988281,290.5333251953125,294.36334228515625,69394800,71.62315050088549,20.55452420258115,20.94742524664118,-0.39290104406003223,266.396166229248,221.71813262939452,130.32045295715332,267.23927494121625,230.43643891801992,314.6173545300735,266.396166229248,218.17497792842255,0.36202614311895603,8.863524476099046,0.0025999188207492807,0.04563381637505581,11.731113823338829
271,290.1166687011719,297.1666564941406,286.2200012207031,288.0533447265625,82002000,66.71796581010905,19.73983872857184,20.705907943027313,-0.966069214455473,269.7373336791992,224.73413299560548,131.54373634338378,269.22156730172543,232.69592542031572,314.0818878653023,269.7373336791992,225.3927794930961,0.3287980464642869,1.732910116779746,-0.02143608477064074,0.016120902787780444,11.675081069774448
272,273.3333435058594,282.6666564941406,267.0,278.4766540527344,79134000,60.00158073656079,18.11264442904468,20.187255240230787,-2.0746108111861084,272.5613327026367,227.58033264160156,132.69948961257936,270.10300413515483,234.49124811178314,311.21337822262984,272.5613327026367,233.9092871826436,0.28362090203134094,-2.2214242883637243,-0.033246240146660666,-0.011313776715295987,12.344957045259308
273,276.6666564941406,280.8033447265625,260.0333251953125,264.510009765625,104972400,51.81000059740114,15.517216935810438,19.253247579346716,-3.736030643536278,274.2071662902832,230.14993286132812,133.7787629890442,269.5703380047234,235.6684544511495,308.2723243335232,274.2071662902832,240.14200824704326,0.24846293044856213,-6.091117401705135,-0.05015373491403896,-0.06273023625892482,12.946747222830071
274,271.42999267578125,280.6666564941406,265.1866760253906,279.9366760253906,76174200,58.542452967565836,14.53754521755053,18.31010710698748,-3.7725618894369504,276.4428337097168,232.804599609375,134.93004302978517,270.557608292406,237.40446314033542,305.478323690035,276.4428337097168,247.40734372939863,0.21006505823050095,1.6522290325547688,0.058321672867634566,-0.04653722681908823,13.176025758950468
275,281.55999755859375,293.5,280.73333740234375,290.92999267578125,73038600,62.5569314837654,14.481285852363271,17.54434285606264,-3.0630570036993703,278.82649993896484,235.37893280029297,136.13339632034302,272.49783537653695,239.50350351427448,304.16507639684755,278.82649993896484,253.48792348108216,0.18175156567563924,3.3437914442664933,0.039270726531715816,-0.011663645285183044,13.203689917211818
276,292.3399963378906,292.6933288574219,284.35333251953125,284.89666748046875,55030500,59.17049142820398,13.790888204771534,16.793651925804422,-3.0027637210328884,280.8194999694824,237.74839935302734,137.30909299850464,273.6786765292924,241.28362759138014,300.94843644058443,280.8194999694824,260.6905634983804,0.14335853794547376,0.49855843065621924,-0.020738065332563282,-0.01095865506817928,12.85628323297459
277,285.0,285.5,277.8066711425781,283.3299865722656,47438100,58.288109860907085,12.967839853385499,16.02848951132064,-3.0606496579351408,282.3863327026367,240.15093231201172,138.49683626174928,274.5978489143374,242.93250441415998,297.56609356344455,282.3863327026367,267.20657184182886,0.10751059171686399,0.5917193742182713,-0.005499119810906672,0.01742814863974984,12.487500777577967
278,281.6666564941406,288.25665283203125,279.65667724609375,284.07666015625,55699800,58.60494593582191,12.234783455399338,15.26974830013638,-3.0349648447370416,282.9894989013672,242.35346557617189,139.673182888031,275.50059284213864,244.54600071777136,297.41245047007595,282.9894989013672,268.56654733265844,0.10193276870486075,0.6602602241497925,0.0026353496607176563,0.07397319446610906,12.209820406746505
279,289.8900146484375,292.5899963378906,284.9166564941406,287.8066711425781,60485100,60.230095407209404,11.818574521921846,14.579513544493475,-2.7609390225716286,282.71283264160155,244.4070657348633,140.8770062446594,276.67260029932334,246.24249759717557,296.53056853861995,282.71283264160155,268.89509674458316,0.09775103427678718,-1.9732066895444555,0.0131302972383458,0.02811348348107723,11.945785819238944
280,285.0400085449219,286.6000061035156,280.5833435058594,283.1533203125,45473100,57.212400064946905,10.986592818115014,13.860929399217783,-2.874336581102769,283.3506652832031,246.24346557617187,142.05105617523193,277.2898117291497,247.6899808409138,295.96033317840806,283.3506652832031,270.74099738799816,0.08900397592221532,-3.8082262164956853,-0.016168321643152184,-0.02673039067494065,11.60846737763036
281,281.21331787109375,281.6066589355469,266.67333984375,268.2733459472656,108648300,48.79367312019089,9.022545461858897,12.893252611746007,-3.87070714988711,282.606999206543,247.70386596679688,143.12617290496826,276.4311007023036,248.4971716293982,296.82840406485167,282.606999206543,268.3855943482343,0.1006443923769559,-6.866783233526844,-0.052550944303998315,-0.05834859944208626,11.956432598424621
282,270.8133239746094,276.6266784667969,267.24334716796875,270.5533447265625,64868400,50.007558603805656,7.562821134230546,11.827166316242916,-4.26434518201237,281.89449920654295,249.33093292236327,144.22256629943848,275.87131441889966,249.36211959399287,297.0044648477949,281.89449920654295,266.784533565291,0.10720298327056713,-2.8452328806965124,0.008498789811735685,-0.04509456270504686,11.772639648453444
283,267.086669921875,272.4433288574219,261.77667236328125,272.0400085449219,71304900,50.82612028238502,6.451570741863975,10.752047201367128,-4.3004764595031535,281.41316680908204,250.8733331298828,145.3159296798706,275.5064281451875,250.25144857246067,297.1229138774504,281.41316680908204,265.7034197407137,0.11164898392281876,2.8467727122950843,0.005494900903412869,-0.04237113884930788,11.693640851716813
284,272.6666564941406,273.6666564941406,264.14666748046875,265.40667724609375,59406900,47.11892046827695,4.978256162845639,9.597288993662831,-4.619032830817192,280.9141677856445,252.38933319091797,146.38233640670776,274.5445471071786,250.84577126554433,297.9370327649588,280.9141677856445,263.8913028063302,0.12119620105671454,-5.1904591372582365,-0.024383660823671716,-0.07783000236776139,11.538380006142175
285,259.6966552734375,266.61334228515625,254.0033264160156,266.04998779296875,77989500,47.51871528479402,3.8185358250423747,8.44153835993874,-4.623002534896365,280.14083404541014,253.75446624755858,147.47881301879883,273.7355414582062,251.44201505093352,298.3480282603368,280.14083404541014,261.9336398304835,0.12998600705226207,-8.551887226883247,0.0024238672272682837,-0.06040307950708568,11.61492542492778
286,260.29998779296875,264.89666748046875,258.75665283203125,262.4599914550781,53871300,45.45351426615522,2.580025472743273,7.2692357824996465,-4.6892103097563735,279.08966674804685,255.01006622314452,148.53738298416138,272.6616795531464,251.8740925569784,298.7713862774597,279.08966674804685,259.407947218634,0.1410422661558509,-7.875373279657189,-0.013493691045324274,-0.02166951946590412,11.306240391785618
287,265.0,265.5966796875,259.1233215332031,260.4333190917969,56874900,44.283440563333784,1.418608735007922,6.099110373001302,-4.68050163799338,278.02816619873045,255.94033264160157,149.58347957611085,271.49707379492264,252.20974849952032,299.2684595808034,278.02816619873045,256.7878728166575,0.1527923855519781,-8.081272214590943,-0.007721833533733569,-0.03740491785453082,10.961034517679279
288,254.2133331298828,256.1666564941406,236.73333740234375,238.1666717529297,111809100,33.94458944643061,-1.2837564026146993,4.622537017878102,-5.906293420492801,275.8258338928223,256.3711328125,150.51345293045043,268.3227497909233,251.65903960749716,303.1394503066245,275.8258338928223,248.51221747902005,0.19804973325606245,-16.161126499469738,-0.08549845855559934,-0.12451601135131818,11.870959315663125
289,220.7100067138672,237.8699951171875,206.3333282470703,232.94667053222656,199820700,32.055165536629744,-3.8027746972455816,2.9374746748533656,-6.740249372098948,272.7931671142578,257.0001995849609,151.41817295074463,264.9535993853331,250.92522121238852,304.63316807196736,272.7931671142578,240.95316615654826,0.23343693901521773,-19.061406878638394,-0.021917429429917368,-0.12230290153464829,13.296843900677143
290,237.28334045410156,248.3333282470703,231.38999938964844,247.33999633789065,110301000,41.69252991712274,-4.584842531080085,1.4330112336666756,-6.017853764746761,270.4419998168945,257.7665328979492,152.38173294067383,263.27611338081476,250.78462415848665,302.5074329104879,270.4419998168945,238.3765667233011,0.23713353040802568,-12.648032498818749,0.06178807266392283,-0.07032509796481401,13.557307111873195
291,242.0500030517578,245.73666381835935,223.52667236328125,227.4066619873047,117071700,34.41266085832754,-6.735448360130164,-0.20068068509269227,-6.534767675037472,267.40966567993166,258.24806610107424,153.24833625793457,259.8599751528614,249.86784132824422,303.4622379144183,267.40966567993166,231.357093445445,0.2696429999477936,-15.233225580298267,-0.08059082496045278,-0.1335568490779787,14.289879744925782
292,233.3333282470703,235.5666656494141,219.836669921875,225.1666717529297,123267600,33.70054107768419,-8.522327380388703,-1.8650100241518945,-6.657317356236808,264.7441665649414,258.48586608886717,154.10436628341674,256.5558510195346,248.89916801156522,304.7912249269412,264.7441665649414,224.69710820294162,0.3025340190238057,-16.77549875404546,-0.009850152211020369,-0.13541526660970937,14.392745172255305
293,230.0366668701172,239.6666717529297,228.3500061035156,239.47666931152344,81408600,41.96314247321075,-8.68364501403235,-3.228737022127986,-5.454907991904365,263.4924995422363,259.05373291015627,155.0380962944031,254.9292622854383,248.52965825862242,305.02776792605044,263.4924995422363,221.9572311584222,0.31526717804850657,-11.970055216352952,0.06355291148192554,0.005500339526735898,14.400406231379927
294,239.4266662597656,240.3699951171875,228.3333282470703,228.81333923339844,71196600,38.14795362142121,-9.561710573529155,-4.49533173240822,-5.066378841120935,260.9363327026367,259.4781997680664,155.91438632965088,252.44203151857738,247.75646927724108,304.3585529127018,260.9363327026367,217.51411249257166,0.33281850603418317,-13.787647843827521,-0.044527636486599076,-0.017743680514447635,14.231567705575445
295,229.3300018310547,233.5666656494141,217.23666381835935,217.73333740234375,90624000,34.62527568322949,-11.024563102979386,-5.801178006522453,-5.223385096456933,257.27649993896483,259.4601998901367,156.73666301727295,249.1364416027456,246.5790915566569,302.27969468562367,257.27649993896483,212.273305192306,0.34984302691722874,-18.1607414424027,-0.048423758283395624,-0.11970024813577385,14.381455857395395
296,218.6000061035156,222.8166656494141,200.0,207.14666748046875,197758500,31.620736333786425,-12.889557265370854,-7.2188538582921336,-5.670703407078721,253.38899993896484,258.9697998046875,157.5011863517761,245.1374154958621,245.0327219850417,301.50201482958386,253.38899993896484,205.27598504834583,0.37975614491716886,-21.074954574200937,-0.04862218183112754,-0.0890914730895922,14.983970842539588
297,208.68666076660156,209.27999877929688,179.8300018310547,199.3166656494141,268189500,29.576555001878518,-14.828461017124994,-8.740775290058705,-6.0876857270662885,249.18833389282227,258.62373321533204,158.2284330177307,240.77353455810513,243.23993546207592,300.66406362955496,249.18833389282227,197.71260415608958,0.4131471881735264,-23.46729429840755,-0.03779931353128296,-0.11480387351410615,16.017258421518346
298,200.1833343505859,206.7100067138672,186.26333618164065,187.6666717529297,155361000,26.800437522454544,-17.107904084832825,-10.41420104901353,-6.693703035819295,244.36783447265626,258.1081332397461,158.89491304397583,235.71573810046937,241.06059178720744,299.77853573051976,244.36783447265626,188.95713321479272,0.45350241268405356,-21.203638455504763,-0.0584496728285433,-0.21634674353682726,16.333645000854645
299,202.72666931152344,226.02999877929688,198.40333557128903,224.52667236328125,202569900,44.53819079067706,-15.758431749193164,-11.483047189049458,-4.275384560143706,241.2038345336914,258.29213348388674,159.74167974472047,234.65011279216574,240.41220279019075,293.46902436359625,241.2038345336914,188.93864470378657,0.43336947715567453,-3.6145604269456446,0.1964120760817838,-0.01873433989678641,17.907193716962684
300,233.4333343505859,239.28334045410156,218.35333251953125,222.68666076660156,181817100,43.96545854287219,-14.668351137823805,-12.120107978804327,-2.548243159019478,238.18050155639648,258.3340667724609,160.58281970977782,233.51073640877868,239.71708349514805,287.2896979683967,238.18050155639648,189.07130514439626,0.4123695776194519,-9.967387376205108,-0.00819506910832657,0.022749494511741686,18.123109018220372
301,233.13333129882812,234.1666717529297,225.72666931152344,233.1999969482422,108761700,48.07418354245565,-12.80846798749954,-12.25777998054337,-0.5506880069561699,236.4268341064453,258.573466796875,161.47586303710938,233.48114217444189,239.46151147370077,283.5782604120842,236.4268341064453,189.27540780080642,0.39886696012187967,2.5475660696611087,0.04721134236531421,0.12577238043296024,17.648602015942355
302,223.3333282470703,231.6266632080078,222.04666137695312,231.2433319091797,100751400,47.377897557839084,-11.361416371558192,-12.078507258746335,0.7170908871881423,234.46133346557616,258.7583999633789,162.35866970062256,233.26801738727406,239.13922992215092,278.96138093930233,234.46133346557616,189.96128599185,0.379593912701684,2.6987387204966917,-0.008390501992574073,0.1601806158844874,17.184654412752835
303,231.3633270263672,237.72666931152344,228.01333618164065,235.97999572753903,88006800,49.292542852091806,-9.720358118611841,-11.606877430719436,1.8865193121075947,232.65833282470703,258.8461331176758,163.26996633529663,233.52630103872787,239.01533838510733,273.7105055173838,232.65833282470703,191.60616013203025,0.35289664629039463,-1.4601312077861548,0.020483461206222575,0.2574422166884043,16.650988606833543
304,234.4499969482422,235.97332763671875,223.6666717529297,225.6266632080078,96587100,45.40383799761591,-9.149762273917219,-11.115454399358994,1.965692125441775,230.66933212280273,258.6541998291016,164.11976631164552,232.7739545786593,238.4902922997309,268.94274914652794,230.66933212280273,192.3959150990775,0.3318466019865127,-1.3926967877253398,-0.04387377195940423,0.004899154444095499,16.34115541881753
305,218.9566650390625,234.57666015625,217.0033264160156,233.93666076660156,121117500,48.88915464522413,-7.9355376641527755,-10.47947105231775,2.543933388164975,229.06366577148438,258.46779968261717,164.99008295059204,232.88468850132048,238.31171851411798,263.79576506173896,229.06366577148438,194.33156648122983,0.3032528024318232,7.441820144572585,0.03683074261011732,0.05051941576236185,16.42916815606159
306,228.09666442871097,229.7433319091797,217.3333282470703,217.72000122070312,99674400,43.10602075682514,-8.187425267979904,-10.021061895450181,1.833636627470277,226.82666625976563,257.9214663696289,165.78482961654663,231.44043256983312,237.50420018888605,258.2746373406092,226.82666625976563,195.37869517892204,0.2772863667169437,5.104274120765812,-0.06932072763951169,-0.06638077156997046,16.441608467737993
307,215.53334045410156,219.07666015625,208.2066650390625,218.2899932861328,128682000,43.35963221912461,-8.245999661565406,-9.666049448673226,1.4200497871078195,224.71949996948243,257.24739959716794,166.58195959091188,230.18800978090928,236.75070187897416,252.28592556619634,224.71949996948243,197.15307437276851,0.24534075236423644,9.519187758283921,0.0026180050626212203,-0.056016052511015824,16.043636085555814
308,228.19667053222656,233.2066650390625,222.9166717529297,223.3333282470703,118536600,45.667423636831494,-7.795602455535487,-9.29196005004568,1.496357594510192,223.97783279418945,256.27379943847654,167.4104995727539,229.53518296816273,236.22453036399753,250.84652364427797,223.97783279418945,197.10914194410094,0.23992276838197493,19.005322661179356,0.023103830299388672,-0.05359211674480446,15.963138633225375
309,225.2566680908203,225.9333343505859,219.1699981689453,220.72000122070312,91475700,44.65217197794448,-7.5623589092617465,-8.946039821888894,1.3836809126271472,223.3664993286133,254.82139953613282,168.2188795852661,228.69564184935706,235.6165096132801,249.94593342362535,223.3664993286133,196.78706523360123,0.23798944044790543,-1.6954204605228285,-0.01170146456365928,-0.021746818029131476,15.306009886683606
310,222.6366729736328,222.67333984375,210.0366668701172,210.08999633789065,101385600,40.68961795418585,-8.1414151082829,-8.785114879167695,0.6436997708847958,221.50399932861328,253.61526611328125,168.9526895713806,226.9236756101698,234.61546987699032,246.26077792302766,221.50399932861328,196.7472207341989,0.2235334681942817,-5.656676688826685,-0.04816058727810213,-0.10193641454300617,15.115342964322835
311,204.3333282470703,215.1666717529297,203.1666717529297,213.4633331298828,117674700,42.43543510742413,-8.23321386646495,-8.674734676627146,0.4415208101621957,220.80683288574218,252.22159942626953,169.70644956588745,225.64173823109485,233.78597431828024,245.6446286709565,220.80683288574218,195.96903710052786,0.22497307226055627,-8.463406550875662,0.016056627401557888,-0.019551111826907053,14.892818466871205
312,213.9566650390625,214.6066741943359,199.9633331298828,206.23666381835935,101558400,39.736916826814046,-8.787796612210997,-8.697347063743917,-0.09044954846707931,219.86033248901367,250.65026580810547,170.39594953536988,223.7936359060724,232.7056092006363,245.3944072481436,219.86033248901367,194.32625772988374,0.23227541294113038,-10.814006131273725,-0.03385438241576766,-0.055217049972483445,14.874998652412769
313,205.2133331298828,205.4933319091797,198.67333984375,203.76333618164065,85911000,38.82688331168304,-9.319455422636764,-8.821768735522488,-0.49768668711427644,218.07466583251954,249.09219940185548,171.09048620224,221.8859883132694,231.57061810185218,242.85564797870296,218.07466583251954,193.29368368633612,0.22727061900179743,-13.652284146617042,-0.011992667021112458,-0.08762683213935574,14.352736175426811
314,200.5833282470703,212.55332946777344,197.0033264160156,211.8733367919922,118297200,43.40381369984515,-8.982840989835324,-8.853983186385056,-0.1288578034502681,217.22766571044923,247.82193298339843,171.83809288024904,220.93240245410013,230.79817569754394,241.63780529206448,217.22766571044923,192.81752612883398,0.22474245627766798,-6.095612203127019,0.0398010788512122,-0.04008093684208047,14.438255238021885
315,215.5399932861328,224.0,213.70333862304688,222.6433258056641,100011900,48.87436928191291,-7.757598752335156,-8.634706299575077,0.8771075472399215,217.47316513061523,246.6444662475586,172.62100952148438,221.09534753520146,230.47837766256828,241.9972057563791,217.47316513061523,192.94912450485137,0.2255362459182918,-4.82751823674393,0.05083220558444035,0.059752152347053,14.273141521592308
316,229.4566650390625,230.80667114257812,219.80667114257812,220.5833282470703,105895200,47.92025689589624,-6.873575736149235,-8.28248018688991,1.4089044507406747,218.1449981689453,245.38646606445312,173.39654949188233,221.04658379347467,230.09033650901935,242.23297114856825,218.1449981689453,194.05702518932236,0.22084368820565572,1.3151419301456957,-0.009252455923120073,0.03335465165277496,14.03934569862143
317,235.90333557128903,236.05332946777344,228.23333740234375,230.3500061035156,125528400,52.640756497291825,-5.323525558439286,-7.690689261199785,2.3671637027604993,219.6966651916504,244.36019958496092,174.2177028656006,221.93262401347857,230.10051963037216,242.70733625342135,219.6966651916504,196.68599412987945,0.2094767441435472,5.5247666811618865,0.04427659122771899,0.11692073484273302,14.141535378770124
318,230.1000061035156,232.1833343505859,227.1233367919922,230.5399932861328,84815400,52.73051222055896,-4.03327615041286,-6.9592066390424,2.9259304886295405,221.84033126831054,243.3267330932617,175.03574951171876,222.75237346801708,230.1177538913824,239.99084703553189,221.84033126831054,203.68981550108919,0.16363585163663263,3.226865016353437,0.0008247761127986308,0.13141057467091466,13.492854105900381
319,229.0,230.4600067138672,222.6133270263672,223.6566619873047,78928200,49.0997661824979,-3.5255313770746284,-6.272471586648846,2.746940209574218,221.7968307495117,241.9278662109375,175.82039947509764,222.8384961841397,229.86437773828132,239.92554220940468,221.7968307495117,203.66811928961874,0.1634713300332663,1.3304914599312303,-0.029857428208930892,0.055614950770709104,13.095269259747898
320,225.7933349609375,229.8500061035156,223.88333129882812,227.9333343505859,71772900,51.34150269448105,-2.7463895983048303,-5.5672551889800435,2.820865590675213,222.05916442871094,240.5992660522461,176.6286261367798,223.3237188666584,229.788650546607,240.38258875814302,222.05916442871094,203.73574009927887,0.16503191279290394,8.49318783555861,0.01912159613436404,0.023760014030419496,12.602274606638113
321,225.92333984375,226.9900054931641,223.1433258056641,225.67333984375,64311300,50.08614220142413,-2.2849374576680646,-4.910791642717648,2.625854185049583,221.68283157348634,239.35166595458983,177.42306617736816,223.54749229304807,229.6272658131616,239.37379526756536,221.68283157348634,203.99186787940732,0.15960607836439136,5.719955054968597,-0.009915155733034586,0.02307523255328925,12.044255602229807
322,228.5666656494141,234.9333343505859,227.3633270263672,233.9933319091797,87407100,54.49715802311874,-1.2336586361928141,-4.1753650414126815,2.9417064052198674,221.82033157348633,238.46199951171874,178.27274951934814,224.54233416125106,229.79848409143685,239.845969476054,221.82033157348633,203.79469367091866,0.16252466827276377,13.458648708198034,0.03686741230129442,0.01581647800793573,11.84537980970167
323,237.5666656494141,254.3333282470703,236.8866729736328,254.1066741943359,133958400,63.00798055197803,1.2085347952454697,-3.0985850740810514,4.307119869326521,222.72666549682617,238.25393280029297,179.21462287902833,227.35798559297342,230.7517464484133,244.86306590988258,222.72666549682617,200.59026508376976,0.1987763823759293,24.70676960639166,0.0859569036478478,0.10222382924663975,12.452138133143738
324,256.8999938964844,260.2633361816406,242.6766662597656,244.07666015625,147052200,57.25673908056221,2.3080466510806446,-2.0172587290487125,4.3253053801293575,223.64916534423827,237.53673248291017,180.11509284973144,228.9502403132855,231.27429208401472,247.65122059831552,223.64916534423827,199.64711009016102,0.2146402399233957,15.199327981450352,-0.03947166704647498,0.09130064799994386,12.818890403767401
325,247.6999969482422,247.89666748046875,240.43666076660156,246.28334045410156,83546700,58.1615629607811,3.319216514585463,-0.9499636803218774,4.2691801949073405,224.2664993286133,236.64379943847655,181.0100595474243,230.60101175526796,231.862882216175,249.87643715740316,224.2664993286133,198.65656149982343,0.22838843880346238,10.617886057393806,0.009040931223980753,0.08050602232357718,12.436112997345958
326,242.88333129882812,249.80332946777344,241.53334045410156,246.5933380126953,83938500,58.295126141710455,4.098346936369239,0.05969844301634591,4.038648493352893,225.71016616821288,235.8777328491211,181.8830895614624,232.1240904464515,232.44054714937187,252.88843758949858,225.71016616821288,198.53189474692718,0.24082452184303305,11.791466731561774,0.0012587029151958085,0.0927003525690262,12.13853271279781
327,239.86666870117188,241.8000030517578,230.6000061035156,238.2100067138672,119058600,53.33631730617951,3.9933161724885338,0.8464219889107836,3.14689418357775,226.7061668395996,234.97533325195312,182.70092960357667,232.7037015195387,232.66680046562658,254.1821159171625,226.7061668395996,199.23021776203672,0.24239260414122588,3.412199002425653,-0.03399658468630862,0.018020491311795617,12.413875512539375
328,239.13999938964844,245.75,236.89666748046875,239.663330078125,106827000,54.065794367418924,3.9814538632066956,1.473428363769966,2.5080254994367293,227.52266693115234,234.08706665039062,183.49635959625243,233.3665232870231,232.94117417592065,255.5148711301524,227.52266693115234,199.5304627321523,0.2460607954061157,3.9573770528694485,0.006101017267521991,-0.056839688142803046,12.159551013038795
329,234.92333984375,248.27999877929688,232.6666717529297,248.0399932861328,93646500,58.12874964490197,4.595011183203525,2.0977449276566777,2.497266255546847,228.88866653442383,233.2917330932617,184.2793662261963,234.76399662027166,233.5332847292623,258.0611974539669,228.88866653442383,199.71613561488078,0.2549058576052793,10.902126090128352,0.034951793439894185,0.016238066873520918,12.40624929970511
330,247.1666717529297,251.2566680908203,239.34666442871097,239.89666748046875,106770900,53.20211694878205,4.373743649607292,2.5529446720468005,1.8207989775604911,230.37900009155274,232.4266000366211,185.0155628967285,235.2528224164809,233.78282915087826,258.5873215683741,230.37900009155274,202.17067861473143,0.24488622196998272,5.2486105922014685,-0.03283069676699324,-0.025932216778678407,12.370803182733983
331,239.9333343505859,245.7866668701172,238.48666381835935,243.13333129882812,85110000,54.84040297486527,4.408738067204638,2.9241033510783683,1.4846347161262696,231.8625,231.92379974365235,185.77593620300294,236.00334707194256,234.1495155096214,259.47070435637926,231.8625,204.25429564362076,0.2381429024217305,7.7368427600561684,0.013491908213451476,-0.014031225424626315,12.008603173378544
332,247.0,249.76666259765625,244.20333862304688,246.0666656494141,93115500,56.332411772393066,4.619911498506241,3.263264980563943,1.356646517942298,233.85400009155273,231.4340661621094,186.54150951385498,236.96175836503508,234.61685473078975,259.45407090556654,233.85400009155273,208.2539292775389,0.21894062794727917,5.159691364590018,0.012064715006025573,0.03298206924188607,11.624655182339229
333,239.32000732421875,241.3333282470703,234.4499969482422,234.913330078125,88311000,49.61962723457908,3.8429874290413295,3.37920947025942,0.4637779587819093,235.41149978637696,230.69153259277343,187.201192817688,236.76666995675794,234.628481214999,256.97060991600074,235.41149978637696,213.8523896567532,0.18316106179339145,-7.553262493818721,-0.045326479073682924,-0.01981946924651179,11.624084719398706
334,232.1366729736328,236.1666717529297,231.1999969482422,231.46665954589844,66813000,47.72690317191724,2.915543429835168,3.28647626217457,-0.3709328323394021,236.39116592407225,230.01273223876953,187.859506111145,236.2619070604856,234.5044882083676,255.18636680329658,236.39116592407225,217.59596504484793,0.1590177941358541,-5.166409849380537,-0.014672094304228334,-0.06681718347377874,11.148555439776477
335,233.1699981689453,234.0833282470703,222.8333282470703,225.6666717529297,86536200,44.64101716228154,1.6930108608774503,2.9677831819151463,-1.274772321037696,236.54233322143554,229.20506591796874,188.48223945617676,235.25283703119456,234.15790717089945,254.93718313504826,236.54233322143554,218.14748330782282,0.15553114457861253,-8.371117860898954,-0.02505755171974844,-0.059317188008447874,11.155801479792443
336,222.52999877929688,238.4900054931641,222.04666137695312,236.47999572753903,122276100,51.00183889328118,1.5784939702284078,2.689925339577799,-1.1114313693493911,237.337166595459,228.68546600341796,189.14930278778075,235.36970928798928,234.24896946723825,254.2163334058427,237.337166595459,220.4579997850753,0.14223787241173427,-4.101222833779724,0.04791723957558203,-0.027364966932944546,11.533483096679479
337,234.6000061035156,235.3333282470703,226.8333282470703,228.3000030517578,81129300,46.63639438630913,0.8182491960652101,2.315590110875281,-1.4973409148100711,237.2346664428711,228.0427996826172,189.79058948516845,234.69640393215772,234.01567666663118,254.30611130623055,237.2346664428711,220.16322157951163,0.14392032260150703,-4.1601962062043265,-0.034590632711300584,-0.07220263886929534,11.398710552664426
338,226.31333923339844,227.8166656494141,219.23333740234375,224.53334045410156,89217900,44.737491503063495,-0.0871834603835282,1.8350353966235193,-1.9222188570070475,236.93433380126953,227.77013305664062,190.41297618865966,233.7284931247238,233.6438203445712,254.66494116762235,236.93433380126953,219.20372643491672,0.14966684719678064,-6.313018190597365,-0.01649874089928205,-0.04418646494250189,11.23213591671797
339,227.02000427246097,228.4333343505859,222.44667053222656,223.64666748046875,65705700,44.280423324344106,-0.8663062237556005,1.2947670725476954,-2.1610732963032957,236.93383407592773,227.58413299560547,190.98354286193847,232.76831925384238,233.25177513421426,254.66593880355612,236.93383407592773,219.20172934829935,0.149679802353141,-9.834432537467668,-0.003948959080373515,-0.033784528971780636,10.857459338263782
340,226.9199981689453,227.0066680908203,216.6666717529297,221.17999267578125,83353800,42.96531811102946,-1.663629384905306,0.7030877810570951,-2.366717165962401,236.5961669921875,227.0609329223633,191.56665615081786,231.66466910355084,232.7783719005502,255.23500726042394,236.5961669921875,217.95732672395107,0.15755826060235284,-7.801973658600874,-0.011029338520784915,-0.019881886156679185,10.820497695379984
341,221.9333343505859,230.0,220.0733337402344,224.1233367919922,70407600,45.06201330890974,-2.0345573522062637,0.15555875440442338,-2.190116106610687,236.5186668395996,226.99526641845702,192.15649616241456,230.9464469786405,232.43895875903814,255.3504221881559,236.5186668395996,217.6869114910433,0.15924117618443598,-7.81875294731651,0.013307460953421169,-0.05225244908150117,10.7566525928361
342,221.63333129882812,221.6833343505859,209.20333862304688,209.67999267578125,94177200,37.7318199284086,-3.4541601922428526,-0.5663850349250319,-2.8877751573178205,235.3029998779297,226.68553283691406,192.7005394744873,228.92107037836817,231.54645028518493,257.473048315704,235.3029998779297,213.1329514401554,0.18843829827308317,-14.787323133591412,-0.06444373139784076,-0.08155939608881746,11.054034419701043
343,199.7466735839844,209.03334045410156,198.53334045410156,205.73333740234375,139511700,36.00815884949294,-4.84185388995607,-1.4214788059312395,-3.4203750840248306,232.88433303833008,226.01066619873046,193.25687282562257,226.71271485684204,230.53417134860294,256.80646933160165,232.88433303833008,208.96219674505852,0.20544221228771328,-12.42159934733243,-0.018822278764288325,-0.08372922708821884,11.060649976985232
344,200.8300018310547,206.80332946777344,195.58999633789065,196.6300048828125,101470800,32.338544030551645,-6.600092242828396,-2.457201493310671,-4.142890749517725,230.5120002746582,225.36699951171875,193.72682285308838,223.84769485931542,229.20459619308176,258.57582714495834,230.5120002746582,202.44817340435804,0.24349124415962478,-15.050398502933437,-0.044248212926854213,-0.12080064908642396,11.071555916477916
345,200.51333618164065,202.15333557128903,186.5500030517578,190.56333923339844,132554700,30.13451122678123,-8.386365223603804,-3.643034239369298,-4.743330984234506,227.72600021362305,224.82359954833984,194.18747619628905,220.6777562282757,227.6892527828981,259.7566615060874,227.72600021362305,195.69533892115868,0.28130877688465394,-15.555390721570086,-0.030853203980896415,-0.13842415433688215,11.395254245267438
346,194.47000122070312,197.6233367919922,190.15333557128903,196.5800018310547,100112700,34.87512704185367,-9.21033404435724,-4.756494200366887,-4.453839843990353,225.225333404541,224.61226623535157,194.67067287445067,218.38273199996894,226.46928215733564,258.74800156799313,225.225333404541,191.7026652410889,0.2976811503103871,-16.87246051139785,0.03157303299711356,-0.12289365023375654,11.114879029227131
347,191.8500061035156,196.57666015625,187.0666656494141,192.27667236328125,97171200,33.14293269386246,-10.094218131614866,-5.824038986616483,-4.270179144998384,222.9286666870117,224.4714663696289,195.13622623443604,215.8964406059987,225.12839549874528,258.79052767391084,222.9286666870117,187.06680570011258,0.3217339566045906,-15.778944462085587,-0.02189098294684022,-0.08299943208892602,11.000483111542378
348,189.3333282470703,198.75,187.7933349609375,192.6233367919922,110491800,33.429779606909946,-10.644031942057808,-6.788037577704748,-3.8559943643530596,220.57666702270507,224.57059967041016,195.62242290496826,213.67995452847427,223.85368731416673,257.8810672458222,220.57666702270507,183.27226679958795,0.33824430051141524,-14.211699517574461,0.0018029458511532592,-0.06372326807061368,10.997353249222387
349,184.1833343505859,188.73666381835935,182.32666015625,187.82000732421875,118735200,31.41835360275448,-11.33666982012403,-7.6977640261886044,-3.6389057939354252,217.56566772460937,223.8364663696289,196.06652294158937,211.21710241378327,222.44060182436485,255.2367003882378,217.56566772460937,179.89463506098093,0.34629574654500855,-16.019313213946624,-0.02493638386588848,-0.04480495010842489,10.947304919688088
350,191.6666717529297,196.28334045410156,190.3566741943359,195.5933380126953,92463300,37.927434821909785,-11.130047250068088,-8.3842206709645,-2.7458265791035874,215.3505012512207,223.2945999145508,196.54882297515869,209.72912485177488,221.38776794939741,252.7176097358149,215.3505012512207,177.98339276662648,0.34703525896141746,-11.5682500725065,0.04138712802336375,0.02639541687048319,10.769878363273426
351,198.70333862304688,198.8933258056641,193.3333282470703,193.6266632080078,78091800,36.97136982217861,-10.99821106421507,-8.907018749614615,-2.0911923146004554,212.8751678466797,222.5031332397461,197.02194961547852,208.195557076178,220.29909717522528,249.09394189301628,212.8751678466797,176.6563938003431,0.34028181316500616,-13.607094210045693,-0.010054917128925145,-0.01502359647745366,10.39774402008202
352,193.86666870117188,204.82666015625,191.21665954589844,202.14666748046875,103674300,43.603841623915415,-10.089926406108674,-9.143600280913427,-0.9463261251952471,210.6791679382324,221.92119995117187,197.53615627288818,207.61947235277714,219.58723718719563,243.7728980055995,210.6791679382324,177.58543787086532,0.31416233879440436,-3.5927725383703835,0.0440022264046771,0.05133225469254765,10.627190919386988
353,202.43666076660156,204.663330078125,198.57000732421875,201.56333923339844,84017700,43.26813217170699,-9.309855763129406,-9.176851377356623,-0.13300438577278229,209.01166839599608,221.23286682128906,198.05973628997802,207.04269776997916,218.88041765959574,240.36822264784232,209.01166839599608,177.65511414414985,0.3000459686531732,-2.026894727707755,-0.002885668382965889,0.04641183456945441,10.303343193281222
354,202.52000427246097,208.72332763671875,200.5,206.3766632080078,85917900,46.900939955293104,-8.208625218511514,-8.983206145587602,0.7745809270760873,207.75716857910157,220.84786682128907,198.61876293182374,206.97926590693427,218.39007434776877,237.37948686019377,207.75716857910157,178.13485029800938,0.2851628993953465,4.956851997742727,0.023879957500782645,0.0988002084983215,10.154770653526759
355,206.7466735839844,210.3766632080078,205.40333557128903,210.28334045410156,79111800,49.715414553922116,-6.94064839932463,-8.574694596335007,1.6340461970103775,206.98800201416014,220.37480041503906,199.21204963684082,207.29393967333115,218.0721632146838,235.48785323499234,206.98800201416014,178.48815079332795,0.275376842556145,10.348265988638262,0.018929840154243482,0.07510481998345342,9.784667580897617
356,209.5,211.8633270263672,207.4600067138672,208.4066619873047,68211000,48.3885692181368,-6.017830103588523,-8.06332169778571,2.0454915941971876,205.58433532714844,220.1885336303711,199.73582962036133,207.39991322704293,217.69312395086502,230.7002143586008,205.58433532714844,180.4684562956961,0.2443365054198823,6.016207165576334,-0.008924522802159385,0.07633245615258644,9.400285633154928
357,209.26666259765625,211.26666259765625,206.8500061035156,207.96665954589844,54254700,48.064673555201715,-5.2613449657469005,-7.5029263513779485,2.241581385631048,204.56766815185546,219.9820669555664,200.23532958984376,207.45388906693393,217.31169397419967,227.47198461497985,204.56766815185546,181.66335168873107,0.22392899787196058,8.160109590919609,-0.002111268599623961,0.028790937481034673,9.044312123225337
358,206.7100067138672,207.7866668701172,199.7133331298828,201.7066650390625,69908400,43.59381642202731,-5.108071613672735,-7.023955403836906,1.9158837901641714,203.42633438110352,219.54953369140625,200.6936262512207,206.90653439761283,216.69973205517468,224.4336806010348,203.42633438110352,182.41898816117222,0.20653516943952452,4.715590747386496,-0.030100952337768105,0.0007110708038930991,8.98781314413893
359,200.6000061035156,201.51666259765625,190.4066619873047,190.94667053222656,90335700,37.19031597458405,-5.788121151895865,-6.776788553448698,0.9886674015528332,201.7913345336914,218.95406707763672,201.0364796066284,205.38654736281413,215.6898080738826,221.28471097355543,201.7913345336914,182.2979580938274,0.19320330563163382,1.664712536514016,-0.05334476431283097,-0.07476616995318552,9.152969566111706
360,193.23666381835935,200.20333862304688,192.3999938964844,199.6833343505859,72110700,44.33952098635056,-5.5580201589890805,-6.533034874556775,0.9750147155676947,200.71650161743165,218.74593383789062,201.40586627960204,204.84338421879238,215.06210322198862,218.06802552396425,200.71650161743165,183.36497771089904,0.17289583832628613,2.0910713930477165,0.04575447057551507,-0.05040820675867719,9.16037660359089
361,197.27667236328125,203.3333282470703,194.2933349609375,201.7100067138672,67631100,45.87846855421558,-5.15273047278626,-6.2569739942026725,1.1042435214164126,199.5958351135254,218.5108673095703,201.78823963165283,204.54496731356141,214.53849159421915,213.2586764038494,199.5958351135254,185.9329938232014,0.13690507402173893,4.17470578273389,0.010149431698305955,-0.03213263534658717,9.151777795201028
362,207.6699981689453,207.69667053222656,198.5,201.19667053222656,78160200,45.53504846149855,-4.817425137997134,-5.969064222961565,1.1516390849644313,199.17166900634766,218.41006744384765,202.1269462966919,204.22608190581525,214.0152829251214,212.06073618121107,199.17166900634766,186.28260183148424,0.12942671253563312,-0.4699542960973994,-0.002544921741878703,-0.03255324208435306,9.154984419274282
363,200.72332763671875,203.92999267578125,199.2100067138672,199.5933380126953,49753800,44.416719236488056,-4.627723265996764,-5.700796031568605,1.0730727655718413,198.86466903686522,218.32666748046876,202.4415863418579,203.78486820170858,213.44971645796744,211.40163514655353,198.86466903686522,186.32770292717692,0.1260854044150419,-0.9773608773279848,-0.007968981371759054,-0.010477229525151843,8.838198815177124
364,201.2933349609375,205.52999877929688,200.1666717529297,203.3733367919922,71758800,47.679221420140344,-4.124820491967142,-5.385600923648313,1.2607804316811704,199.20183563232422,218.15666748046874,202.78705303192137,203.74567473411653,213.0545643142037,211.84255025579554,199.20183563232422,186.5611210088529,0.12691363594462915,-1.455264548486551,0.018938501740255687,0.06507925079357868,8.630946097421727
365,203.41000366210935,204.18666076660156,200.5066680908203,203.29666137695312,48615900,47.61816540555944,-3.6899184030642402,-5.046464419531499,1.3565460164672585,199.83850173950196,217.76973419189454,203.12908969879152,203.70291155724382,212.67190145391936,211.94614754010462,199.83850173950196,187.7308559388993,0.1211743052035637,-3.3225071762988363,-0.0003770180312155924,0.018095285909154768,8.277306567304551
366,204.07666015625,208.4966735839844,203.05999755859375,205.89666748046875,61272000,49.95826618505385,-3.0997249017565593,-4.6571165159765116,1.5573916142199522,200.30433502197266,217.4760009765625,203.44084972381592,203.91184069278904,212.40620600398012,212.5902535608104,200.30433502197266,188.01841648313493,0.12267251767157224,-1.2043734508778978,0.012789221849023313,0.02075584069827774,8.074404385739273
367,205.56333923339844,205.59666442871097,199.41000366210935,199.7866668701172,53292300,44.88375085433168,-3.0894055417087145,-4.3435743211229525,1.254168779414238,200.67983474731446,216.86473419189454,203.6935330581665,203.51896699539174,211.91132211637765,212.40778071746496,200.67983474731446,188.95188877716396,0.11688215694334925,-3.933319260713479,-0.029675082579620482,-0.007008086457790164,7.96099434521214
368,199.17999267578125,202.8333282470703,197.8333282470703,201.6233367919922,66432300,46.63840120713902,-2.8995986927272384,-4.0547791954438095,1.1551805027165711,201.12983474731445,216.28640106201172,203.9638497543335,203.33843078554415,211.5078717114998,212.26227940424442,201.12983474731445,189.99739009038447,0.1106990881876476,-0.04131159823309515,0.009193155632698069,0.01017067402904881,7.749494749125559
369,200.6300048828125,207.1566619873047,200.44667053222656,205.53334045410156,68104200,50.26814776193344,-2.405936639223313,-3.7250106841997104,1.3190740449763974,202.0155014038086,215.92393463134766,204.16098308563232,203.54746980159723,211.2735763680724,211.46227723629931,202.0155014038086,192.56872557131788,0.09352525689211902,7.63913289570198,0.019392614586788648,0.010620879296082908,7.675244513836456
370,204.4566650390625,209.4499969482422,203.9333343505859,207.77000427246097,73682700,52.268298010778565,-1.813322969181911,-3.3426731411961508,1.5293501720142397,202.62433471679688,215.52066802978516,204.40808307647706,203.9496159416795,211.1361813839308,211.90511516598045,202.62433471679688,193.3435542676133,0.09160578330490352,4.049747039819164,0.010882243306209016,0.0220040155367498,7.521060091252158
371,208.16000366210935,210.4633331298828,202.9600067138672,206.94332885742188,74438100,51.44475164697039,-1.3943054776804331,-2.9529996084930072,1.5586941308125741,203.29016799926757,215.14606781005858,204.6971830368042,204.23473145746448,210.97175579465593,211.76947654814705,203.29016799926757,194.81085945038808,0.08342074417401275,2.5944781961057295,-0.003978800587379427,0.0050834303913753764,7.5197934001638345
372,206.0833282470703,209.52333068847656,205.1666717529297,207.90333557128903,57476700,52.3830378111634,-0.9735441669627392,-2.557108520186954,1.5835643532242147,203.5780014038086,214.62426788330077,205.058366355896,204.58412232544777,210.85142558981804,212.27064343682903,203.5780014038086,194.88535937078817,0.08539863809526337,3.333387685452894,0.004638983624973836,0.04062667858835911,7.293855224119766
373,210.6666717529297,219.0666656494141,210.01333618164065,218.8566741943359,93297600,61.519818005066874,0.24097725343764864,-1.9974913654620334,2.238468618899682,204.44266815185546,213.9192678833008,205.45544971466063,205.9434129796276,211.16535690764226,215.3260144612102,204.44266815185546,193.5593218425007,0.10646844328279693,9.651292159067621,0.05268476618207507,0.08547293024974967,7.5702462851201435
374,224.9966735839844,232.5399932861328,222.5366668701172,226.6066741943359,137947200,66.42827529751997,1.808012813541211,-1.2363905296613846,3.0444033432025956,205.45416870117188,213.5698681640625,206.0381330871582,207.91134261912362,211.7708987620224,220.00941719918984,205.45416870117188,190.89892020315392,0.14168851953730097,11.423983973920091,0.035411302984154513,0.10253000167114168,8.006894342739912
375,229.86000061035156,231.27000427246097,222.8999938964844,223.9566650390625,97490100,63.44800125701871,2.8037463503692948,-0.42836315365524874,3.2321095040245433,206.13783493041993,213.1233346557617,206.54744976043702,209.4394685638797,212.24877194935732,222.68443442910453,206.13783493041993,189.59123543173533,0.16053918005173348,10.16249038335241,-0.011694312026312104,0.07790662960845407,8.032831202256816
376,223.8800048828125,231.5666656494141,223.44000244140625,229.5733337402344,64884600,66.84338969099431,3.999981281591687,0.4573057333941384,3.5426755481975487,207.1961685180664,212.7829345703125,207.0764164352417,211.35697953305635,212.92816652939172,226.64159679026088,207.1961685180664,187.75074024587192,0.18770065500027758,11.499295520172325,0.025079265670402195,0.10935363322779046,8.039533488381888
377,228.21665954589844,229.1699981689453,225.29666137695312,226.9199981689453,52143900,63.827043943407894,4.679956452428428,1.3018358772009964,3.3781205752274315,208.14383544921876,212.55713439941405,207.5898164367676,212.8391717840934,213.47686580937423,229.40928983359638,208.14383544921876,186.87838106484114,0.20433422242347207,13.581152197943073,-0.011557681931349095,0.09146877102958051,7.770757693731845
378,226.58999633789065,230.93666076660156,226.04666137695312,226.5666656494141,56774700,63.41664894495365,5.13118162514499,2.0677050267897954,3.0634765983551944,209.38683547973633,212.29520111083986,208.0232830810547,214.1465521522192,213.99019129329736,231.87309919360723,209.38683547973633,186.90057176586544,0.21478201972298333,12.371250895006797,-0.0015570796861551495,0.0352284959252922,7.564989243440173
379,227.97332763671875,229.3300018310547,224.26666259765625,225.97332763671875,55903500,62.687723562971975,5.3788988093074295,2.729943783293322,2.6489550260141073,211.13816833496094,211.85386779785156,208.40354972839356,215.27291172217153,214.46011820872565,233.05569092504953,211.13816833496094,189.22064574487234,0.20761307879982607,9.944852322964955,-0.0026188230779432553,-0.0027949157273011727,7.38629995700862
380,226.32666015625,233.3333282470703,224.4199981689453,226.3000030517578,81163500,62.940292960244975,5.537740809388708,3.2915031885123995,2.246237620876309,212.46900177001953,211.58193450927735,208.79878311157228,216.32311089641783,214.92442741825633,234.67321146173205,212.46900177001953,190.264792078307,0.2090112864157641,8.918514895440525,0.0014456370513082906,0.010463354650716017,7.495373537088361
381,227.23666381835935,228.0,217.13333129882812,219.86000061035156,69853500,55.03174855496668,5.085349123991051,3.65027237560813,1.435076748382921,213.37650146484376,211.1164678955078,209.1923664855957,216.65995753584008,215.11797930814242,235.22843234284653,213.37650146484376,191.52457058684098,0.20482040644576913,6.241646843242243,-0.028457809785947474,-0.042310371904402566,7.736180334522898
382,221.42333984375,221.8999938964844,212.77333068847656,214.88333129882812,56376000,49.82189544590522,4.275959235948392,3.7754097476761825,0.5005494882722092,214.06083450317382,210.4928012084961,209.5298664855957,216.49075503707704,215.10877742542422,235.18944276751296,214.06083450317382,192.9322262388347,0.1974075109384465,3.357327436983658,-0.02263562857139878,-0.05304365841372738,7.8355005397718225
383,209.4566650390625,218.1433258056641,206.82000732421875,217.60333251953125,68319900,52.47034570312286,3.810073133453102,3.7823424248315667,0.02773070862153526,214.96133422851562,210.14660125732422,209.8688998413086,216.59671479731077,215.2066031153892,235.05667338129717,214.96133422851562,194.86599507573408,0.18696701176425623,-0.5726769263119398,0.012658037290573132,-0.039561570561101767,8.084630392748503
384,217.72666931152344,219.6366729736328,214.89666748046875,218.98333740234375,54421500,53.80261246424451,3.5117288770392463,3.7282197152731027,-0.2164908382338564,215.7418342590332,209.89693481445312,210.25676651000975,216.8240121882663,215.35471034232862,235.17800928044738,215.7418342590332,196.305659237619,0.18017993671155955,-3.3641272125349895,0.006341837079579804,-0.030932810997996718,7.845728614206757
385,220.73333740234375,229.0800018310547,220.72000122070312,228.5666656494141,77781000,61.808563890377854,4.002445700104772,3.783064912239437,0.21938078786533532,217.00533447265624,209.9549346923828,210.76566650390626,217.94236013694703,215.87282623672414,236.32625481121957,217.00533447265624,197.68441413409292,0.17806862108265692,2.0584342107199687,0.0437628194032984,0.010016184565131647,8.006509743814197
386,228.77333068847656,231.0933380126953,222.1000061035156,222.84666442871097,62898300,55.613571704501766,3.8850021370361674,3.803452357198783,0.08154977983738432,217.85283432006835,209.68226806640624,211.2335831451416,218.40943673616263,216.1463100873903,236.629646334521,217.85283432006835,199.0760223056157,0.1723806997788777,-2.930074326112615,-0.0250255268170938,0.013584389202529579,8.076997041340306
387,223.5833282470703,226.20333862304688,217.6133270263672,217.7933349609375,64923600,50.77203878293534,3.3455998194017695,3.7118818496393806,-0.3662820302376111,218.75316772460937,209.47213470458985,211.6436498260498,218.3507603766174,216.21089929811765,235.60694164137874,218.75316772460937,201.89939380784,0.1540894158660757,-4.021973947493547,-0.022676262535623604,0.013542249389565608,8.113640938150262
388,219.4633331298828,222.04666137695312,212.6266632080078,216.86666870117188,60628800,49.913906807669214,2.810942577519995,3.5316939952155035,-0.7207514176955083,219.51533432006835,209.31880126953126,212.02598320007326,218.20941831228924,216.23661574529626,234.47366503300947,219.51533432006835,204.55700360712723,0.13628506417807562,-4.28129924604701,-0.004254796226577984,-0.003385351730738062,8.206952168921337
389,218.22666931152344,218.8999938964844,214.0666656494141,214.7400054931641,49113000,47.912486765540834,2.190369695321152,3.2634291352366334,-1.0730594399154811,219.97566757202148,209.14066802978516,212.40123321533204,217.87899804380115,216.17792514717343,233.70030066342792,219.97566757202148,206.25103448061503,0.12478319300395269,-4.971083207489723,-0.009806316575730611,-0.019377419120173878,7.965979031646263
390,209.9633331298828,215.73333740234375,207.09666442871097,215.4066619873047,63891300,48.60814993743598,1.7323849672584117,2.957220301640989,-1.2248353343825773,220.35750045776368,209.02520141601562,212.7632498931885,217.64353746699197,216.14767953306094,233.09178045992238,220.35750045776368,207.62322045560498,0.11557836675134642,-4.813672522117321,0.003104482057777691,-0.057576215782465856,8.013885741788158
391,217.3300018310547,220.79666137695312,213.5,220.1666717529297,46461300,53.39438521052263,1.733538623529654,2.712483966018722,-0.9789453424890682,221.01866760253907,208.94606811523437,213.11714988708496,217.88383597041462,216.30528707109502,232.17360383607672,221.01866760253907,209.8637313690014,0.10094112279780576,0.13948473652632482,0.02209778342837665,-0.012026173614272828,7.962655430014228
392,219.8699951171875,221.6199951171875,216.76333618164065,218.42999267578125,41859900,51.5095057359158,1.5761485574906828,2.4852168843131146,-0.9090683268224318,221.54500045776368,209.12106811523438,213.51748321533202,217.93585089473527,216.3886088595141,231.04565085621715,221.54500045776368,212.0443500593102,0.08576722903990532,1.6505055815711225,-0.007888019850240235,0.0029232194592085925,7.740798537552272
393,218.81333923339844,220.72332763671875,214.86666870117188,216.4199981689453,45317100,49.33862952946384,1.2745340031257797,2.2430803080756476,-0.9685463049498679,221.42316665649415,209.3348013305664,213.89011657714843,217.79148396846955,216.38983981282513,231.11907786511495,221.42316665649415,211.72725544787335,0.08757810987016183,-0.5438034137090827,-0.009202007847976312,-0.002059655063185617,7.60621713740903
394,215.45333862304688,216.26666259765625,212.4333343505859,214.4600067138672,43814700,47.247548111239546,0.8673491051057169,1.9679340674816617,-1.1005849623759447,220.8158332824707,209.6914013671875,214.27244995117186,217.4742004204122,216.31416008345423,230.65751241029213,220.8158332824707,210.97415415464926,0.08913925221323983,-2.065604964347461,-0.009056424875986235,-0.001303896675674654,7.347677614619771
395,216.9900054931641,222.73333740234375,215.70333862304688,219.2066650390625,76009800,52.49819105418048,0.9170960843921421,1.757766470863758,-0.8406703864716158,220.5783332824707,210.2642678833008,214.6596499633789,217.63919705075983,216.42759165034084,230.33425162558285,220.5783332824707,210.82241493935857,0.0884576304293568,-4.095085599537241,0.022133069927244398,0.01764106558589984,7.413795691323828
396,221.13333129882812,222.1666717529297,209.0800018310547,214.9266662597656,98439900,47.871337489360016,0.6041959964886416,1.5270523759887347,-0.922856379500093,219.84599990844725,210.631201171875,215.02441665649414,217.38086078495087,216.3687318311026,228.9695384442737,219.84599990844725,210.7224613726208,0.0829993590024458,-3.554012436869564,-0.01952494819687267,-0.023800175800651635,7.819000993506054
397,215.6666717529297,218.3233337402344,213.13333129882812,215.66000366210935,48019800,48.705512139383764,0.4106607802670226,1.3037740568443923,-0.8931132765773697,219.28300018310546,211.09886779785157,215.37938331604005,217.21696963039454,216.34093856957347,227.97019209354093,219.28300018310546,210.59580827266998,0.07923269841420906,-0.9795209294218202,0.0034120354402995545,-0.012681358359899919,7.631215382641784
398,216.59666442871097,227.89666748046875,216.26666259765625,225.78334045410156,91183800,58.563128226141444,1.061910360306257,1.2554013175367653,-0.19349095723050835,219.24383392333985,211.76206787109376,215.7711333465576,218.03281447074758,216.71122883955496,227.80547485880584,219.24383392333985,210.68219298787386,0.07810154367634006,4.111591608951342,0.04694118807423009,0.043264681472951816,7.960175985193042
399,223.9199981689453,232.5099945068359,223.0,229.0666656494141,88969200,61.169571527482724,1.8219647720963223,1.3687140084486769,0.4532507636476455,219.39850082397462,212.58700103759764,216.17205001831056,219.0836574401444,217.19575577327493,228.53340069224421,219.39850082397462,210.26360095570502,0.08327221775866747,6.671630711449369,0.014541928508582602,0.06810901090306842,8.070877308167534
400,233.3333282470703,242.31333923339844,232.8000030517578,236.55667114257812,100847400,66.36691009796179,2.99417918224583,1.6938070432081076,1.3003721390377223,219.9113342285156,213.40626770019531,216.58600006103515,220.74775398323334,217.95500735638487,231.38952303757785,219.9113342285156,208.43314541945338,0.10438924259479,9.81864207919435,0.032697928666004517,0.07914908107572316,8.440577042154448
401,239.6666717529297,240.88333129882812,233.6699981689453,236.5800018310547,64860900,66.38200432038184,3.8803202230990337,2.131109679186293,1.7492105439127408,220.7473342895508,214.26533447265626,217.0207667541504,222.25558711159726,218.685399296568,234.33120718460523,220.7473342895508,207.16346139449635,0.12307168228121558,7.454956714131549,9.862621233169833e-05,0.10074755240058653,8.352916762706474
402,237.0,241.63333129882812,236.30999755859375,236.97332763671875,51007800,66.65371145988209,4.561746513414789,2.6172370460319923,1.944509467382797,221.85183410644532,214.96186767578126,217.47285003662108,223.65727668541837,219.40257295696605,236.8658671839479,221.85183410644532,206.83780102894275,0.13535189499762068,8.48937214792734,0.001662548831768751,0.09882835765876452,8.136517975387038
403,238.6666717529297,240.3166656494141,237.1366729736328,238.2100067138672,38758800,67.54197249756812,5.142294256843087,3.122248488194211,2.0200457686488758,222.8821678161621,215.69480102539063,217.94585006713868,225.04325097384205,220.1401193788053,239.34676158894817,222.8821678161621,206.41757404337605,0.14774258465007756,10.068389580112557,0.005218642492307302,0.05503801225888849,7.794147978051917
404,237.3000030517578,238.77667236328125,232.5433349609375,233.03334045410156,46869000,60.301021398326775,5.1255842771905975,3.5229156459934887,1.6026686311971088,223.58466796875,216.2279345703125,218.40778343200682,225.8042118767239,220.64573589156203,240.5162333928692,223.58466796875,206.65310254463083,0.15145551417224795,8.660511591335974,-0.021731523084098314,0.01731668286802779,7.682661508358477
405,236.72332763671875,239.6766662597656,235.0433349609375,237.9199981689453,44145900,64.20243341242133,5.4439000450037724,3.9071125257955455,1.536787519208227,224.05233459472657,216.78066772460937,218.8929833984375,226.9580962855069,221.3231579416555,241.9950026691997,224.05233459472657,206.10966652025346,0.16016497312494798,8.536844957040019,0.020969779282747014,0.005763215299666946,7.608423243880302
406,237.9966735839844,238.8633270263672,233.9600067138672,236.663330078125,40296900,62.5013514367619,5.531006966444323,4.231891413925301,1.299115552519022,224.74316787719727,217.34580108642578,219.3666500854492,227.88240426575626,221.92473331955625,243.4927558310872,224.74316787719727,205.99357992330732,0.1668534632753328,10.113525788413776,-0.005281893495678203,0.00035222016411107226,7.415201605924566
407,237.57000732421875,238.3933258056641,234.73666381835935,235.94000244140625,29401800,61.49143020490012,5.478520361607451,4.481217203461732,0.9973031581457192,225.6505012512207,217.90526794433595,219.84530006408693,228.64979456819913,222.47435171649155,244.720577768452,225.6505012512207,206.58042473398942,0.16902312568763347,9.403690269370065,-0.0030563570472872392,-0.004360512660296467,7.146734490308865
408,235.44667053222656,240.9333343505859,233.13333129882812,240.75,52377300,65.48532287875005,5.75866860623438,4.736707484016262,1.0219611222181184,226.84466781616212,218.68613464355468,220.34858337402343,229.8021950855135,223.1910438060409,246.54572141421056,226.84466781616212,207.14361421811367,0.17369642220565165,6.628770535415539,0.020386528392057013,0.010662832016052892,7.193396530412359
409,241.23666381835935,243.3000030517578,238.1133270263672,239.05667114257812,50194500,63.00781767356755,5.777451753925703,4.94485633799815,0.8325954159275533,228.0605010986328,219.64833465576172,220.83606674194337,230.68357375761488,223.81322527021885,247.6242570173781,228.0605010986328,208.4967451798875,0.17156636791115584,4.361178203228273,-0.007033557040173943,0.025847506098222617,7.050059351482235
410,235.02333068847656,236.5,225.46665954589844,228.72332763671875,68032200,50.46152963340626,4.902015686789952,4.936288207756511,-0.034272520966559306,228.72633438110353,220.22913452148438,221.3029833984375,230.49688365086286,224.00577830419925,247.408709732244,228.72633438110353,210.04395902996305,0.16336007309076994,-3.311402493120999,-0.0432254973537064,-0.038654466219758765,7.517198797567767
411,224.22000122070312,224.86000061035156,216.27999877929688,221.90333557128903,71163900,44.20517173993198,3.6162243504893183,4.672275436303073,-1.0560510858137544,228.81316757202148,220.6330010986328,221.72778343200685,229.67845050042726,223.92332956957534,247.35118489963332,228.81316757202148,210.27515024440964,0.16203628072913936,-6.203680000918455,-0.02981764971635037,-0.06236705323956837,7.869065230414489
412,223.25,231.92333984375,223.11666870117188,229.663330078125,61048200,51.56375000371326,3.1866583428163153,4.375152017605721,-1.188493674789406,229.37483444213868,221.20233428955078,222.2293667602539,229.677010460208,224.14842762873417,247.29071284145422,229.37483444213868,211.45895604282313,0.15621485628873505,-3.084734316513465,0.03497015710402862,-0.02660283249272244,8.02270373341781
413,226.07000732421875,228.8500061035156,222.52999877929688,224.4900054931641,42940500,47.10362250942595,2.401101722131841,3.9803419585109454,-1.5792402363791043,229.7783348083496,221.70026763916016,222.68430015563965,229.1830099871562,224.16182283910396,246.8527075006634,229.7783348083496,212.7039621160358,0.14861603646449056,-5.7596242114141205,-0.022525688289902868,-0.06753891799308787,7.959177130947118
414,227.61666870117188,230.7100067138672,224.5666656494141,226.7533264160156,44525700,49.174917547699316,1.9388239678956154,3.5720383603878796,-1.6332143924922642,230.39300079345702,222.16786743164062,223.11156677246095,228.95161155180946,224.2634504303554,246.0430118406012,230.39300079345702,214.74298974631284,0.135854917408486,-2.6948993761357865,0.010082056516856452,-0.051466226262410264,7.834950280215403
415,228.47999572753903,237.3766632080078,226.9166717529297,235.4333343505859,60794700,56.2502980387223,2.2469679675577936,3.3070242818218625,-1.0600563142640689,231.2043342590332,222.81060089111327,223.58710014343262,229.56891848502627,224.70148509389384,246.1155370528287,231.2043342590332,216.2931314652377,0.12898722544785435,-1.0451680554375429,0.03827951753459802,0.02933678336704104,8.034120745342317
416,236.8933258056641,238.4066619873047,234.2133331298828,236.163330078125,39249300,56.79503921308366,2.5210181339622295,3.149823052249936,-0.6288049182877065,232.26616744995118,223.4159341430664,224.03776679992677,230.196957684369,225.1509692109225,245.2953593920569,232.26616744995118,219.23697550784547,0.11219190539158698,-0.21127058418173397,0.0031006472789960604,0.0642621908774994,7.759778467633715
417,235.6766662597656,238.9900054931641,234.6666717529297,237.0666656494141,37936800,57.50024362646775,2.779061208667258,3.0756706835334007,-0.29660947486614253,233.3365005493164,224.16153411865236,224.50651679992677,230.85121558580187,225.6182514241967,244.04319996289524,233.3365005493164,222.62980113573758,0.09177046358690837,0.4775210631302924,0.0038250458739308435,0.032235601429147165,7.514318129962335
418,236.10333251953125,238.46665954589844,232.5399932861328,233.72000122070312,39642900,53.984644172137095,2.682591113810588,2.9970547695888383,-0.3144636557782503,233.73333358764648,224.80346740722655,224.97301681518556,231.12443326531627,225.93596710249108,243.86362852706904,233.73333358764648,223.60303864822393,0.08668250081346525,-2.9200410298221704,-0.014116975997208181,0.04111539712987389,7.400914424948285
419,235.0,238.3333282470703,234.03334045410156,237.30667114257812,41501400,57.017718767687924,2.8625544108808754,2.9701546978472457,-0.10760028696637036,234.14533386230468,225.4389340209961,225.47561683654786,231.7132178250555,226.38187706484743,244.15243578951458,234.14533386230468,224.13823193509478,0.0854776967974501,-0.7320439925963268,0.015346011908018431,0.04654108009511937,7.20180103933535
420,238.2400054931641,243.6666717529297,237.57666015625,243.6366729736328,55812600,61.80299219844441,3.4758870043861236,3.0713011591550217,0.40458584523110197,234.49933395385742,226.15626739501954,225.99858352661133,232.84878498206285,227.05853572793706,245.29261977661264,234.49933395385742,223.7060481311022,0.09205387188757666,6.520255494271633,0.02667435264494311,0.034843573216489565,7.141672437265079
421,244.3333282470703,246.79666137695312,242.14666748046875,245.2400054931641,62566200,62.92878524833912,4.04470816034987,3.2659825593939917,0.7787256009558785,234.93233413696288,226.92220092773437,226.53851692199706,234.02890122121536,227.7715345422597,246.67761537997387,234.93233413696288,223.1870528939519,0.09998863107675615,10.516592669413876,0.006580834075438302,0.03843388985087759,6.963695398637886
422,244.69332885742188,247.3300018310547,243.7566680908203,244.69667053222656,39612900,62.2591151665952,4.400929261040432,3.4929718997232797,0.9079573613171519,235.3185012817383,227.6580676269531,227.08116691589356,235.04487925083546,228.43526536539565,247.79209151780807,235.3185012817383,222.8449110456685,0.10601453067334987,6.545816630363952,-0.0022155233598405433,0.03218506010497535,6.721526708751921
423,244.8333282470703,246.9900054931641,243.51333618164065,244.1300048828125,38331900,61.523758009914125,4.5846627295935605,3.711310065697336,0.8733526638962243,235.61450119018554,228.16353424072267,227.62166694641112,235.91012931102375,229.05074534647082,248.61820635462675,235.61450119018554,222.61079602574432,0.11038119554402775,8.74871883338542,-0.002315788147756681,0.044540491219145384,6.489751180378458
424,244.0833282470703,244.6666717529297,241.3999938964844,244.52333068847656,45738300,61.860487193687334,4.707743001651465,3.910596652888162,0.7971463487633033,236.1890007019043,228.52186737060546,228.1082669067383,236.7304342041145,229.6575133990985,249.69148638805405,236.1890007019043,222.68651501575454,0.11433627853984048,7.83671161668386,0.0016111325842673718,0.030410689725458795,6.259531657240374
425,246.6666717529297,253.3999938964844,246.4199981689453,250.97332763671875,60119400,66.96601686473852,5.265053592420969,4.181488040794724,1.0835655516262452,236.84166717529297,229.0622006225586,228.55206687927247,238.0869002453149,230.49342768292675,251.7992478533188,236.84166717529297,221.88408649726713,0.12630869269261918,6.600591767940599,0.02637783858939624,0.030113096577541576,6.446469625152337
426,253.86000061035156,254.8166656494141,246.92333984375,251.2899932861328,56379000,67.19817812837181,5.66695341086978,4.478581114809735,1.1883722960600451,237.57300033569337,229.49653381347656,228.97640014648437,239.34433767777375,231.30897927520934,253.80057845538323,237.57300033569337,221.3454222160035,0.13661129923653034,6.405170185821725,0.0012617502122473923,0.02466966097477674,6.549816495188891
427,251.1366729736328,254.03334045410156,250.5433349609375,251.6199951171875,42233100,67.45487163486038,5.9435764527486015,4.771580182397509,1.1719962703510927,238.35699996948242,229.9905337524414,229.41848342895508,240.51344791009888,232.10548970038496,255.6719052819936,238.35699996948242,221.04209465697124,0.14528547778943393,6.1389185307459435,0.001313231087076927,0.02829349729157493,6.331258566472831
428,253.1999969482422,254.20333862304688,244.83999633789065,245.42333984375,45552600,58.238632117860156,5.598250763430741,4.936914298604155,0.6613364648265856,238.5906669616699,230.36766723632812,229.77585014343262,240.9810566656847,232.6277583334581,256.1528105364958,238.5906669616699,221.02852338684403,0.14721567946031416,5.007418518706641,-0.024627038366134335,0.005297730451274685,6.547835974950217
429,246.73666381835935,248.2599945068359,236.28334045410156,247.6666717529297,68857500,60.35064905069357,5.442853970954673,5.038102233074259,0.40475173788041374,239.0211669921875,230.80153411865234,230.08855018615722,241.617781912089,233.21751964402563,257.0244696462164,239.0211669921875,221.01786433815857,0.1506419107611282,4.365659237673554,0.00914066245943812,0.012854974024780308,6.93560869479194
430,247.52333068847656,251.4900054931641,245.46665954589844,248.163330078125,55574700,60.82304076799418,5.298696988876998,5.090221184234807,0.20847580464219106,239.9931671142578,231.23880065917967,230.3727001953125,242.24116745171148,233.80362985712756,257.7652378884561,239.9931671142578,222.2210963400595,0.14810480638173543,1.85795391524743,0.0020053498586631857,-0.011196399175378513,6.870447069968634
431,248.3333282470703,252.2866668701172,246.1199951171875,251.94332885742188,46073100,64.30842402020045,5.426907837291367,5.157558514846119,0.26934932244524745,241.49516677856445,231.8804672241211,230.65615020751954,243.1651828236839,234.51499060223713,257.92487644501216,241.49516677856445,225.06545711211677,0.13606657131579517,2.7333727018875944,0.015231899000174076,0.0025999267330361064,6.820177404465852
432,250.94332885742188,252.97000122070312,249.20333862304688,252.3300018310547,41770200,64.6548310678258,5.496358535942392,5.225318519065374,0.2710400168770173,242.62850036621094,232.62940063476563,230.9718002319336,244.03802272914777,235.21361849356333,258.7616289475487,242.62850036621094,226.49537178487324,0.1329862613583087,3.119507626411621,0.0015347617076681974,0.0028217420222764744,6.602069203979452
433,252.38333129882812,253.67999267578125,250.0,253.163330078125,84612600,65.43346584865554,5.5546112393703595,5.291177063126372,0.2634341762439876,244.062166595459,233.3406005859375,231.26301689147948,244.90709961952655,235.91752875178145,258.50002552794365,244.062166595459,229.6243076629743,0.11831296209392335,3.7002109591767245,0.0033025333532406,0.03153730300998547,6.393349451965294
434,244.85333251953125,247.3333282470703,239.5399932861328,243.38999938964844,74273100,51.1904012195011,4.757311493523844,5.1844039492058664,-0.4270924556820228,244.8940002441406,233.8287338256836,231.53193351745605,244.76261388334768,236.21056681601152,256.97105095021215,244.8940002441406,232.81694953806908,0.09863084186653519,-0.46348595679485177,-0.03860484330594227,-0.017267855755527806,6.909777119110073
435,244.92999267578125,248.2466735839844,243.47999572753903,246.4600067138672,48992100,54.538001137424885,4.323332943655572,5.012189748095808,-0.6888568044402357,245.4453338623047,234.18660064697266,231.7752668762207,244.92427034339715,236.61250563553529,256.7249133822027,245.4453338623047,234.16575434240664,0.09191113428317119,-1.7983269239608388,0.012613531089680885,-0.006863719002003998,6.763126910197636
436,247.8433380126953,251.22332763671875,246.3733367919922,250.64666748046875,45378900,58.69816730998212,4.268031144443171,4.8633580273652806,-0.5953268829221097,246.16950073242188,234.7426007080078,232.03010025024415,245.46926054692779,237.1628649235719,256.8142599572323,246.16950073242188,235.52474150761145,0.08648316865525052,-0.2560093210442868,0.0169871810945057,-0.005146639059004143,6.626474334092559
437,251.6666717529297,252.73333740234375,249.30667114257812,251.2133331298828,35842500,59.241819000581735,4.221269089806157,4.734940239853456,-0.5136711500472995,246.8768341064453,235.41100067138672,232.21656692504882,246.0163150786378,237.71386367676058,256.8680975244123,246.8768341064453,236.8855706884783,0.08094127951802138,-0.16161751657108647,0.00226081461648886,-0.004425429766847677,6.397916614497778
438,248.6300048828125,258.26666259765625,248.18666076660156,258.1300048828125,64119000,65.25375394767875,4.688283812591408,4.7256089544010464,-0.03732514180963875,248.0973342895508,236.23626739501952,232.42408363342284,247.16999982189253,238.51449666523322,257.293702164267,248.0973342895508,238.90096641483458,0.07413516071062069,5.177447689837593,0.027533059916662994,0.019618460553330497,6.660922701394701
439,257.7066650390625,266.3333435058594,256.4366760253906,263.78668212890625,84212100,69.24870779653988,5.451995711184594,4.8708863057577565,0.5811094054268375,249.42133483886718,237.21720092773438,232.73555038452147,248.75254099398907,239.50556276184787,259.5950616468429,249.42133483886718,239.24760803089146,0.08157864133433673,6.5087523734553026,0.02191406322043732,0.08380246842683259,6.892047328471419
440,262.3999938964844,265.21331787109375,255.3933258056641,259.1866760253906,76144200,62.91391679805311,5.621262430187301,5.020961530643666,0.600300899543635,250.19883499145507,238.0928012084961,232.98636711120605,249.74626813983684,240.27737112512406,260.8509055100468,250.19883499145507,239.54676447286334,0.08514884187174991,4.441972125291571,-0.01743835612317879,0.05163786807122306,7.10118623825415
441,259.9333190917969,264.5,256.8933410644531,260.4366760253906,62828700,63.88084556356485,5.789533934475031,5.1746760114099395,0.6148579230650917,250.95866851806642,238.8982012939453,233.27190048217773,250.76440222417529,241.06793210160512,262.2370504139327,250.95866851806642,239.68028662220013,0.08988238551364774,3.37113397940981,0.004822778775393388,0.0390590014354959,7.137291430917917
442,260.3333435058594,263.0433349609375,258.3333435058594,258.49334716796875,53868000,61.20895039560377,5.7003696038009934,5.279814729888151,0.42055487391284263,251.64850234985352,239.69946838378905,233.49798385620116,251.50049221882227,241.75128171205077,262.99795907886124,251.64850234985352,240.2990456208458,0.09020086845761698,2.4425733334083177,-0.0074618094773734045,0.028979409442101645,6.963912861215074
443,259.4666748046875,260.260009765625,254.52999877929688,258.40667724609375,51094200,61.08623504117982,5.558636193080019,5.335579022526525,0.22305717055349472,252.3623359680176,240.53920196533204,233.7346006011963,252.15822412618147,242.40443447809167,263.52481593705625,252.3623359680176,241.19985599897893,0.08846391381044516,2.071132168450572,-0.0003352887910832436,0.001071833409707068,6.875777013008864
444,265.5,268.989990234375,258.7066650390625,260.510009765625,91449900,63.023690604741546,5.55203242620334,5.378869703261888,0.17316272294145207,253.161669921875,241.4602020263672,233.99920066833496,252.95363228231895,243.11445703838712,264.2536551764605,253.161669921875,242.0696846672895,0.08762768280054758,7.033982669340805,0.008139621398127295,-0.012421674729128362,7.140601011242606
445,261.6000061035156,265.7699890136719,258.0666809082031,260.1966552734375,55297800,62.524243366590945,5.458590570427987,5.394813876695108,0.06377669373287898,253.62283630371093,242.28000183105468,234.20701728820802,253.64344399575882,243.78434716525183,265.0736823226276,253.62283630371093,242.1719902847943,0.09029822539484857,5.573581183708299,-0.001202850103416031,0.0038967251848545104,7.1807943751159025
446,258.73333740234375,262.2200012207031,257.739990234375,260.9166564941406,43898400,63.24499276426857,5.380610973732132,5.391973296102513,-0.01136232237038115,254.10416946411132,243.19980163574218,234.35326721191407,254.3361309003666,244.4562024330514,265.92561943392747,254.10416946411132,242.28271949429515,0.09304412434275915,4.097396991911791,0.0027671424905384434,0.001842983392643216,6.987881275916775
447,261.82000732421875,268.3333435058594,261.1266784667969,264.53668212890625,57587400,66.71149341923437,5.546975317855043,5.42297370045302,0.12400161740202353,254.75000381469727,244.17733520507812,234.59285064697266,255.30761196975135,245.2436722250457,267.3441100163425,254.75000381469727,242.15589761305205,0.09887423759024594,5.303599467841531,0.013874260399496352,0.023379073493178026,7.018510257045487
448,265.4033203125,265.4599914550781,260.3033447265625,261.8299865722656,50215800,62.002819054091255,5.398185624910468,5.41801608534451,-0.019830460434041797,255.57033615112306,244.8982681274414,234.83476722717285,255.92879050332414,245.8941159249367,267.75834786155707,255.57033615112306,243.38232444068908,0.09537892303140393,1.4333791575810284,-0.010231834522373306,0.013247758775643659,6.88552000500764
449,262.54998779296875,267.0799865722656,261.8333435058594,263.9800109863281,42600900,64.16641856963795,5.391606637828829,5.412734195841374,-0.02112755801254451,256.386003112793,245.59653503417968,235.07803398132324,256.69557340646736,246.60336671165794,268.5324973834523,256.386003112793,244.23950884213366,0.09475161766389932,0.07328984763810016,0.008211528565575943,0.013320030289143192,6.768697147507095
450,266.9766540527344,270.7733459472656,265.5233459472656,268.5733337402344,66060000,68.31709389503914,5.691428259226569,5.468473008518413,0.22295525070815625,257.40650329589846,246.23686828613282,235.31795066833496,257.8267886763499,247.46493404611192,270.0380263936801,257.40650329589846,244.77498019811682,0.09814455296229437,3.6215818879224364,0.01740026730336086,0.03219364391134816,6.770456991323553
451,270.15667724609375,271.8033447265625,268.59332275390625,270.3599853515625,42360300,69.78322965590763,6.003996572516201,5.575577721317971,0.42841885119822987,258.3273361206055,246.91246795654297,235.5636006164551,259.02042645494157,248.3627791953453,271.8828858287434,258.3273361206055,244.77178641246758,0.10494862767298628,3.810258016503185,0.006652379022320076,0.03619289387005442,6.517567990966738
452,271.8299865722656,273.4166564941406,271.1166687011719,272.7733459472656,36741600,71.68900348350337,6.372983457257703,5.735058868505917,0.6379245887517859,259.349503326416,247.62846832275392,235.8174839782715,260.3302283113534,249.32005632287158,273.9822563472774,259.349503326416,244.7167503055546,0.1128419590797882,5.524319652999713,0.008926471099504285,0.031136187813626925,6.270361073224693
453,274.5799865722656,281.07000732421875,274.1166687011719,281.010009765625,56773800,77.01679987754517,7.246504956941294,6.037348086192993,1.2091568707483011,260.741837310791,248.48446838378905,236.06456733703612,262.2997313069983,250.56279959513643,277.8457796990937,260.741837310791,243.63789492248836,0.1311944608867326,8.747193671781536,0.030195999501915205,0.07325373019513037,6.415096809205296
454,283.92999267578125,291.7533264160156,283.8233337402344,290.03668212890625,72621600,81.1937216783813,8.568383073058442,6.543555083566083,2.0248279894923584,263.0741714477539,249.62453521728514,236.33863410949706,264.9413456709895,252.1107949886176,282.62426213428984,263.0741714477539,243.5240807612179,0.14862797498475508,11.334179592502313,0.03212224493643445,0.09870698559796498,6.7242553692899625
455,292.510009765625,292.6499938964844,287.5033264160156,288.0899963378906,52143300,77.90545830026258,9.351106000384732,7.105065266929813,2.246040733454919,265.1556709289551,250.62793518066405,236.56280075073244,267.14597906783723,253.52174406113812,286.00819333073355,265.1556709289551,244.30314852717663,0.1572851323807109,10.72009977804686,-0.006711860640270406,0.07266790908040366,6.611570520088447
456,288.45001220703125,289.8299865722656,285.7933349609375,288.6000061035156,42096300,78.15506839937065,9.898469688278453,7.6637461511995415,2.234723537078912,267.05333786010743,251.6666687011719,236.7806174468994,269.18921973790185,254.89736218044706,289.1496784062727,267.05333786010743,244.95699731394217,0.16548260151490904,10.61003539649324,0.0017703140411262641,0.0674656818324455,6.427647740891281
457,285.3333435058594,300.0,285.1666564941406,298.0,94444500,82.15631611265826,10.964369872093869,8.323870895378407,2.6404989767154614,269.3926712036133,252.90786865234375,237.0106507873535,271.9331035723874,256.5876617027825,294.04457525002283,269.3926712036133,244.74076715720378,0.1830183719272529,12.649783614805976,0.03257101073349511,0.09248210804882429,7.028054581246145
458,298.5,303.3333435058594,296.9866638183594,303.2266540527344,68642400,83.91996674927563,12.091467833738989,9.077390283050525,3.014077550688464,271.6475036621094,254.15740173339844,237.166717376709,274.91344171337283,258.4166417949375,299.77146931430747,271.6475036621094,243.52353800991128,0.20706220578548207,15.810514304496282,0.01753910755951127,0.07905997478751403,6.9793849459785635
459,316.84332275390625,348.3399963378906,314.73333740234375,341.6199951171875,188556300,90.9758481109975,15.899443953175307,10.441801017075482,5.457642936099825,275.53916931152344,256.20866821289064,237.40811737060548,281.2664467994504,261.6795183958101,316.7368465148504,275.53916931152344,234.34149210819643,0.2990331814258253,29.41131180378671,0.12661598362581983,0.17785099667274196,9.703239041634115
460,341.5633239746094,364.9800109863281,333.8133239746094,339.4766540527344,187245000,88.63753818036844,18.530732007954725,12.059587215251332,6.471144792703393,279.5536682128906,258.4237347412109,237.7535173034668,286.81027606166793,264.7303864607875,328.5118481719652,279.5536682128906,230.59548825381603,0.35025961399147937,26.39998518284696,-0.006274050392506725,0.1783701564374145,11.236342468068731
461,346.5533447265625,356.9599914550781,343.59332275390625,345.9533386230469,115579500,89.51455695730198,20.897764643285996,13.827222700858265,7.070541942427731,283.8295013427734,260.9047348022461,238.0675506591797,292.4429486865612,267.91560027107215,339.7979188399907,283.8295013427734,227.86108384555618,0.3943805505237151,27.96025941974608,0.019078438805710585,0.19872949170680076,11.68255639194552
462,356.10333251953125,360.3333435058594,351.3999938964844,359.0133361816406,81639600,91.01977289278177,23.55594939480619,15.77296803964785,7.782981355158341,288.85550079345705,263.4917349243164,238.4386006164551,298.7829855908545,271.4880605028592,352.3658049792461,288.85550079345705,225.34519660766802,0.43973754359070616,31.615988701127527,0.03775074872979922,0.20474273886456595,11.875231284150304
463,360.6199951171875,371.7366638183594,357.7366638183594,371.3333435058594,89755200,92.16272874110378,26.352921514939965,17.888958734706275,8.46396278023369,294.5018341064453,266.4286016845703,238.88693405151366,305.6925434875216,275.4035617970945,365.7838595747264,294.5018341064453,223.21980863816418,0.48408544336954323,32.14239016452407,0.03431629436179362,0.22460653950717835,12.027000478139568
464,381.6666564941406,403.25,372.88665771484375,402.86334228515625,168146100,94.1979834518968,30.75917682205494,20.46300235217601,10.296174469878931,301.6195007324219,269.95080200195315,239.52431747436523,314.94690527777254,280.4019845613322,385.2606204560127,301.6195007324219,217.97838100883106,0.5546134750603677,38.90082431232075,0.0849102277797451,0.1792733096520307,13.447690193568215
465,386.4533386230469,402.86334228515625,382.0,390.6666564941406,128213400,85.00224039794868,32.88788422951916,22.94797872764464,9.93990550187452,308.143000793457,273.0554684448242,240.07006744384765,322.15831015552186,284.726089343011,397.9668365003413,308.143000793457,218.31916508657272,0.5830009799060253,35.605769537357155,-0.03027499529203259,0.15079093607849203,13.977379628681646
466,392.4433288574219,405.1300048828125,384.2066650390625,404.6199951171875,103885500,86.61240001729816,35.29397107162714,25.41717719644114,9.876793875186,315.3281677246094,276.42460174560546,240.67575073242188,330.0118039613948,289.4278111380767,411.64696928150147,315.3281677246094,219.0093661677173,0.6109114973896764,40.20096554400543,0.03571673801973452,0.16957968010265168,14.473519644043673
467,411.4700012207031,414.4966735839844,405.6666564941406,409.9700012207031,76192200,87.18068751774028,37.203652462486446,27.774472249650202,9.429180212836243,322.5998336791992,279.88266845703123,241.31728408813476,337.6268703670432,294.15495584719935,424.2918361082603,322.5998336791992,220.9078312501381,0.6304529129434457,37.57382591298762,0.013222297879683653,0.14193529850735476,14.145173845668902
468,409.3333435058594,413.2900085449219,402.6666564941406,407.36334228515625,64886400,85.28121347112132,38.06792973439832,29.833163746599826,8.234765987798493,329.8765014648437,283.3555352783203,241.94303421020507,344.2684391211492,298.59450041339375,433.9334060725633,329.8765014648437,225.81959685712417,0.6308840074733806,34.34285437661802,-0.006358169933862068,0.09702871936876933,13.893615146034069
469,383.2633361816406,399.0,377.6666564941406,387.6466674804687,100337100,72.42694445709049,36.738407330714324,31.21421246342273,5.524194867291595,336.0598342895508,286.3623352050781,242.41326751708985,348.3996989648939,302.0867422591614,438.40197566871683,336.0598342895508,233.71769291038476,0.609070950686642,13.473061595089728,-0.04840070953386322,-0.03777130656359606,15.022405906389894
470,391.2000122070313,391.5,337.17333984375,341.1666564941406,177317400,52.3823850771752,31.57028027101876,31.285426024941938,0.2848542460768222,339.6895004272461,288.3129348754883,242.64728408813477,347.7108377772031,303.6192879154351,437.2371624818334,339.6895004272461,242.1418383726588,0.5743342784036378,0.49782582137260156,-0.11990303254359835,-0.12670648794093442,17.82985263852276
471,336.8033447265625,359.3666687011719,329.10333251953125,355.98333740234375,128408100,56.51395972222272,28.343360051444222,30.697012830242397,-2.3536527787981747,343.97066802978514,290.5278015136719,242.98693405151369,348.49869488435934,305.6727800521766,436.35039676233873,343.97066802978514,251.59093929723159,0.5371372463919174,2.899234567071379,0.043429451929624774,-0.12020329766638804,18.71795860588832
472,367.5899963378906,368.3233337402344,351.55999755859375,354.5033264160156,67189800,55.99136178666904,25.3740813955867,29.632426543311258,-4.258345147724558,348.05716705322266,292.7239346313477,243.3670674133301,349.0705645540409,307.58770343899386,434.5186730996579,348.05716705322266,261.5956610067874,0.49682359239115526,-1.256223463337637,-0.004157528824601631,-0.13529447188704813,18.57834271844206
473,349.1666564941406,351.5,339.73333740234375,344.47332763671875,76719300,52.451468056520405,21.958446290847462,28.0976304928185,-6.139184201971037,351.23033294677737,294.7308010864258,243.76688400268554,348.6327324666769,309.03419850557134,432.0933073020951,351.23033294677737,270.3673585914596,0.46045552886556124,-7.2333972531386195,-0.02829310201599211,-0.15438309764361224,18.306317453815616
474,339.2099914550781,343.99334716796875,326.20001220703125,337.7966613769531,104326800,50.177313029428454,18.49952864343976,26.17801012294275,-7.678481479502992,353.6183319091797,296.5962677001953,244.05618392944336,347.600725696227,310.1621382260177,429.79687607810115,353.6183319091797,277.4397877402582,0.4308517816801789,-16.15105522858602,-0.01938224449936754,-0.1285965036859945,18.303960166377895
475,334.4366760253906,352.3999938964844,334.05999755859375,351.57666015625,79627200,54.556637020958746,16.677988752298518,24.278005848813905,-7.600017096515387,356.7926651000977,298.60833435058595,244.3594172668457,347.97938612099114,311.7862371252425,426.82770032554123,356.7926651000977,286.7576298746541,0.3925811378762247,-10.00597201939012,0.04079376842602822,0.030512957418182385,18.3065341786288
476,354.5033264160156,373.21331787109375,351.8333435058594,363.0033264160156,94336200,57.8640453520383,15.972322741473477,22.61686922734582,-6.644546485872343,360.51283111572263,300.8426010131836,244.74995056152343,349.41023757766015,313.79475043076303,423.1803213549628,360.51283111572263,297.84534087648245,0.3476574747439392,-10.285371262761917,0.032501208284666294,0.019719993258385804,18.5444001455013
477,368.8500061035156,370.6666564941406,358.3399963378906,365.4599914550781,62696700,58.562316199075504,15.433403018256854,21.180175985528027,-5.746772967271173,363.8858306884766,303.1194009399414,245.1606005859375,350.93878556598565,315.82083831406953,419.6086258146919,363.8858306884766,308.16303556226126,0.3062652646891311,-10.85689431741214,0.006767610267700563,0.030907086683312768,18.100275860554778
478,366.2900085449219,379.5733337402344,364.23333740234375,379.0199890136719,64926900,62.278197704586646,15.917002436157247,20.127541275653872,-4.210538839496625,367.6754974365234,305.79133392333983,245.63531723022462,353.6131858943367,318.29923638072063,416.22943659752605,367.6754974365234,319.1215582755208,0.2641129990958134,-6.957757443880136,0.03710391800920432,0.10028834921403851,17.90311303750734
479,387.4433288574219,400.6499938964844,377.4766540527344,385.6233215332031,99217500,63.97249199395811,16.64126209634196,19.43028543979149,-2.7890233434495286,369.8756637573242,308.5504669189453,246.12440048217775,356.6617702408954,320.9393965827788,417.4862625608689,369.8756637573242,322.26506495377953,0.25744109963818573,-0.5219562341181516,0.017422122080461122,0.14158417067029383,18.279557809381817
480,389.1700134277344,393.5,354.23333740234375,369.6766662597656,108515100,57.28134264491107,15.7469601319807,18.693620378229333,-2.9466602462486335,371.38566436767576,310.9807336425781,246.55701721191406,357.9012841474545,322.8506620603077,416.91408047076357,371.38566436767576,325.85724826458795,0.24518133289072888,8.356622554676484,-0.041352932727292124,0.051482388209363794,19.77863672282999
481,360.1300048828125,377.5899963378906,354.0,372.0,67680600,57.971077835508055,15.052180827135373,17.965332468010544,-2.9131516408751708,372.68799743652346,313.3818670654297,247.07565048217774,359.244018990554,324.77808707755054,416.6967150986492,372.68799743652346,328.67927977439774,0.23616922447104738,4.499273116132878,0.006284772484400847,0.02478399763663286,20.05087669533432
482,366.489990234375,369.59332275390625,360.3333435058594,360.6400146484375,35042700,53.428632554720046,13.430093585013594,17.058284691411156,-3.628191106397562,372.76933135986326,315.54806732177735,247.5260838317871,359.3769709579715,326.18443717836965,416.6825671231453,372.76933135986326,328.8560955965812,0.23560541100892862,1.7310664738926507,-0.030537595031082,-0.013188794722645003,19.452003823820487
483,366.9966735839844,380.8900146484375,366.7300109863281,378.9966735839844,58393500,59.01697364061653,13.470526873537153,16.340733127836355,-2.8702062542992017,373.15249786376955,318.06473419189456,248.06086715698243,361.2455140652108,328.25550527270747,417.1425939643082,373.15249786376955,329.1624017632309,0.2357754341850798,10.022066493250795,0.050900227900227524,-6.151503974283212e-05,19.509003550690448
484,381.4566650390625,389.3333435058594,372.6666564941406,381.586669921875,81276000,59.75082996175345,13.555304492656091,15.783647400800303,-2.228342908144212,372.08866424560546,320.82866760253904,248.64176712036132,363.1827670039407,330.34692349424347,414.13960696370464,372.08866424560546,330.0377215275063,0.2260264649736414,12.963422541366047,0.006833823403773698,-0.010467861734292372,19.3059809407639
485,386.8999938964844,390.9466552734375,363.586669921875,365.0,68450400,53.18296391416559,12.144096143580896,15.055737149356423,-2.911641005775527,370.8053314208984,323.19946746826173,249.13651718139647,363.3558368130892,331.7058676709398,412.0693046164722,370.8053314208984,329.54135822532464,0.22256407715311594,3.8180406622511036,-0.04346763456194869,-0.012650693664499224,19.881266970106655
486,366.3533325195313,371.0,352.2166748046875,361.5333251953125,73114800,51.89892757833983,10.623510459531701,14.16929181139148,-3.5457813518597785,368.6509979248047,325.4172006225586,249.63188385009767,363.1822642780628,332.8755718875819,407.0262320784395,368.6509979248047,330.2757637711699,0.20819275884050278,-0.40495530308679534,-0.00949773919092467,-0.028136222593245996,19.802842557621357
487,361.5966796875,363.5266723632813,333.4033203125,338.3233337402344,92322000,44.2038736886865,7.459593463252986,12.827352141763782,-5.367758678510796,365.06866455078125,327.15940063476563,250.02133392333985,360.8147470839839,333.08920960729375,400.6190173344154,365.06866455078125,329.5183117671471,0.19475981499194964,-7.425342951166614,-0.06419876077133224,-0.061880767529243985,20.54002180713278
488,333.836669921875,340.5466613769531,316.8333435058594,336.336669921875,81663000,43.60786554084758,4.73725119902582,11.209331953216191,-6.472080754190371,361.5173309326172,328.72353393554687,250.51218391418456,358.4835016399735,333.2165609921793,393.4659968094735,361.5173309326172,329.5686650557609,0.17674763085043452,-11.261495522405605,-0.005872086315763081,-0.11256036433959904,20.76668581170142
489,348.0666809082031,352.5566711425781,342.2699890136719,350.5833435058594,56084700,48.926068776637926,3.6868629736497383,9.7048381573029,-6.017975183653162,359.6641647338867,330.45946716308595,251.10036727905273,357.73110562720075,333.89761128683347,389.56972144152974,359.6641647338867,329.7586080262437,0.16629711625438118,-9.086581664207444,0.04235837141187604,-0.08124845247440948,20.441922626630117
490,350.9033203125,357.4599914550781,344.3333435058594,356.32000732421875,41906400,50.93270710915226,3.2795193070999744,8.419774387262315,-5.140255080162341,360.4218322753906,332.4021337890625,251.64526733398438,357.59671531263103,334.77692093535836,389.1594591280118,360.4218322753906,331.6842054227694,0.15946662648706245,-3.6130651876635818,0.016363195584229162,-0.02378080185145548,19.91940300681502
491,353.5466613769531,354.163330078125,334.1199951171875,334.6000061035156,59438400,43.900042777443495,1.1903522993812885,6.97388996968611,-5.783537670304821,359.35266571044923,333.885400390625,252.18123405456544,355.40655253081053,334.76998309881554,390.1859597700957,359.35266571044923,328.5193716508028,0.1716046491470336,-10.053761800130207,-0.06095644581905246,-0.07449747288786335,20.082303663973324
492,336.25,340.32666015625,327.510009765625,339.010009765625,59664300,45.54415485624833,-0.10822956324295774,5.557466063100296,-5.665695626343254,358.5779998779297,335.4957336425781,252.7504507446289,353.8449770293643,334.93625865437673,390.61474605821036,358.5779998779297,326.54125369764904,0.178687739856806,-5.99767191777043,0.013179927022311633,0.002029644298545019,19.56332843016273
493,333.6966552734375,335.0,317.1400146484375,322.13665771484375,78595500,40.63692069029312,-2.47042600595114,3.9518876492900095,-6.422313655241149,357.46116638183594,336.7703332519531,253.1637506866455,350.8251370946481,334.4343135194931,392.77645719914,357.46116638183594,322.1458755645319,0.19758952377825942,-15.002774386234986,-0.04977243020772948,-0.04221963727692746,19.728090336378784
494,315.0,322.13665771484375,310.0,319.5033264160156,70806300,39.91411844462184,-4.503063026145242,2.2608975142029593,-6.763960540348201,356.54649963378904,337.95019958496096,253.61720062255858,347.8421075062069,333.8487846134744,394.686298742169,356.54649963378904,318.40670052540906,0.21394011242602903,-16.269788333688425,-0.008174578197676419,-0.08865229243078487,19.185845149126283
495,317.7366638183594,326.25,309.4166564941406,325.3299865722656,75169200,42.35722523554348,-5.579463151711593,0.6928253810200489,-6.2722885327316416,355.23416595458986,339.2528662109375,254.15518386840822,345.6980959886887,333.5147141020544,395.7027917521492,355.23416595458986,314.7655401570305,0.2278419683467751,-10.868496829516266,0.018236618133556703,-0.08697244082551625,19.017809317464362
496,331.5,331.6600036621094,307.2833251953125,308.97332763671875,82771500,37.720541013162276,-7.664017659173737,-0.9785432270187083,-6.685474432155029,352.532666015625,340.21399963378906,254.66431716918945,342.2004990027868,332.5523067896883,397.52664703288264,352.532666015625,307.5386849983674,0.2552613437261635,-14.538078206261918,-0.050277132790258694,-0.07658899581391132,19.400585685273825
497,304.92333984375,320.2200012207031,303.0133361816406,310.8566589355469,100437300,38.55457998429046,-9.059639147915107,-2.5947624111979883,-6.464876736717118,349.80249938964846,341.14039916992186,255.22201713562012,339.2153713773354,331.70149706991805,397.85036982303177,349.80249938964846,301.75462895626515,0.27471427744066695,-8.118468951295121,0.006095449446181567,-0.08304578041675514,19.2438770676873
498,303.5666809082031,307.2300109863281,297.7966613769531,299.9800109863281,56480100,35.590256077357424,-10.917483864126893,-4.259306701783769,-6.658177162343124,345.8505004882812,341.9033996582031,255.7835838317871,335.4786703877156,330.45751722350275,396.5638951890047,345.8505004882812,295.13710578755774,0.2932677248066718,-10.809603051606558,-0.03498927121736173,-0.06878027134722664,18.80217138846633
499,305.6233215332031,313.1666564941406,295.3733215332031,312.84332275390625,71517900,41.335005883726524,-11.22251130574955,-5.651947622576926,-5.570563683172623,342.2115005493164,342.8806658935547,256.22516708374025,333.3229229940195,329.76676449920484,391.40904538106247,342.2115005493164,293.0139557175703,0.28752712724601254,-10.764921223738163,0.04288056302579579,-0.020844864862025192,18.730111643642847
500,321.88665771484375,338.5533447265625,319.01666259765625,336.2900085449219,93634200,50.07568218424945,-9.463210163512485,-6.414200130764038,-3.0490100327484475,340.5421676635742,344.23499938964846,256.7931838226318,333.6055025702959,330.02257799119377,388.1383594896974,340.5421676635742,292.94597583745104,0.2795318544700405,-5.6213511359387125,0.07494705523716627,0.03368893869308809,19.228676667143805
501,335.6000061035156,357.6600036621094,332.5199890136719,355.6666564941406,92713200,55.92066107169378,-6.431281965941594,-6.41761649779955,-0.013665468142043835,339.7255004882812,345.9411328125,257.4055171203613,335.70656484875735,331.02822812856425,385.6663394517151,339.7255004882812,293.78466152484737,0.2704585843417932,6.2960699361456625,0.05761886305530961,0.1511241414091331,19.650915094379066
502,357.8900146484375,372.3333435058594,356.90667724609375,364.6466674804687,71145900,58.35412917410658,-3.2661945305771383,-5.787332104355068,2.5211375737779296,339.9258331298828,347.7785992431641,258.07253379821776,338.4627650993965,332.3465982992272,386.2629638603717,339.9258331298828,293.58870239939387,0.2726308283418042,7.562212612119515,0.025248391499066436,0.17303798068573673,19.437755945617614
503,369.8299865722656,373.0,359.47332763671875,362.8233337402344,60324000,57.65810403364736,-0.8946547068706536,-4.808796624858186,3.914141917987532,339.11716613769534,349.41486572265626,258.7067504882813,340.78281925566677,333.54176439495296,383.20874024431623,339.11716613769534,295.02559203107444,0.2600374060021363,12.630253357072633,-0.005000275342793237,0.20949170095460268,19.015535689736446
504,366.21331787109375,368.0,354.71331787109375,362.0633239746094,56154000,57.35103763068637,0.9129572501358325,-3.664445849859382,4.577403099995214,338.14099884033203,350.8553985595703,259.38893379211424,342.80953399080414,334.66025692748855,379.1876647023762,338.14099884033203,297.09433297828787,0.242778403108853,13.320674321611808,-0.0020947102761840197,0.15733115473722714,18.606331863962858
505,353.77667236328125,365.1833190917969,351.04998779296875,356.7799987792969,47040900,55.152129507760115,1.8973115342027427,-2.552094373046957,4.4494059072497,337.72999877929686,352.22919860839846,260.0031504821777,344.1400544468511,335.52769778442223,377.84675798633594,337.72999877929686,297.6132395722578,0.23756704676539545,9.667111396153226,-0.014592268383646134,0.06092952426101572,18.286831823596092
506,357.8133239746094,360.6666564941406,351.5299987792969,352.260009765625,40733700,53.27036113719279,2.2863385700966887,-1.584407784418228,3.8707463545149166,337.2663330078125,353.5023986816406,260.67585052490233,344.91338352482956,336.1838668817243,376.47601293055675,337.2663330078125,298.0566530850682,0.23251463953169624,14.009844299505811,-0.012668840823859995,-0.00957820101016904,17.63324795868521
507,382.5833435058594,400.3566589355469,378.6799926757813,399.9266662597656,103931400,66.32085464846332,6.367545015755923,0.005982775616602139,6.36156224013932,340.34649963378905,355.54093200683593,261.5840338897705,350.15274378529966,338.6835845043926,388.1428312546199,340.34649963378905,292.5501680129582,0.2808686539879767,28.65308004956926,0.1353166841897706,0.09675118937206961,19.80920518805926
508,396.51666259765625,402.6666564941406,374.3500061035156,383.1966552734375,100248300,59.98845380584757,8.157919046741881,1.6363700298416581,6.521549016900223,342.6894989013672,357.14033203125,262.38335052490237,353.2997829746461,340.42919512278655,393.9393004126088,342.6894989013672,291.43969739012556,0.29910342555312636,27.740729795126935,-0.041832696836128,0.05615218107165498,20.416879845385385
509,382.2166748046875,390.11334228515625,360.336669921875,362.7066650390625,80119800,53.27876138150092,7.833136869453199,2.8757233977639665,4.957413471689232,343.29566497802733,357.5620654296875,263.09328384399413,354.19567650459055,341.30282139401305,395.1873525320136,343.29566497802733,291.40397742404105,0.30231484313853846,15.938758687964881,-0.05347121367683638,0.0017768744356394528,21.08543645380652
510,359.0,362.6666564941406,340.1666564941406,354.8999938964844,90336600,50.94094314257881,6.866656988472073,3.673910115905588,3.192746872566485,343.22466430664065,357.8705322265625,263.8173338317871,354.2627543514376,341.8360438450904,395.04871725542665,343.22466430664065,291.40061135785464,0.3019832683264617,5.533909684704939,-0.02152337383085412,-0.005269367367130573,21.18933446031476
511,360.1233215332031,360.30999755859375,336.6666564941406,342.32000732421875,84164700,47.33639539723384,5.027659212839183,3.9446599352923073,1.0829992775468753,343.6106643676758,357.79786560058596,264.4616172027588,353.12534987265485,341.8550228050562,395.28680213818956,343.6106643676758,291.934526597162,0.3007830846321955,-3.752572507493896,-0.035446567451716815,-0.028217799823544554,21.364620646324646
512,333.3333435058594,353.0333251953125,326.6666564941406,352.7066650390625,91815000,50.45367375838014,4.358119015874024,4.027351751408651,0.33076726446537297,344.29549713134764,357.6717321777344,265.1939672088623,353.08547512659845,342.2805774024682,396.0725332797178,344.29549713134764,292.5184609829775,0.30077091672574136,-3.274403280278361,0.03034195341380186,-0.11807164964096739,21.72190979309945
513,351.22332763671875,358.6166687011719,346.2733459472656,354.79998779296875,66063300,51.08213365135677,3.9508740212314706,4.012056205373216,-0.06118218414174503,345.9286636352539,357.34106506347655,265.9491504669189,353.24876204720516,342.77153467268397,396.8605649638558,345.9286636352539,294.996762306652,0.29446476503782487,-2.21136437520581,0.005935024657598653,-0.07410468512624613,21.052010718871365
514,359.6166687011719,371.61334228515625,357.5299987792969,368.739990234375,83739000,55.16094741312132,4.698806211396004,4.1494062065777735,0.5494000048182306,348.3904968261719,356.6585980224609,266.73348373413086,354.72411711264994,343.7899054790248,398.73161041257447,348.3904968261719,298.0493832397693,0.28899246130424777,1.8440603666981314,0.039289748931841784,0.016634172395654012,20.749249559822516
515,369.69000244140625,371.8666687011719,342.17999267578125,343.85333251953125,97209900,47.53992452588186,3.2459848764501658,3.968721940552252,-0.7227370641020863,349.31666412353513,355.72233154296873,267.3395337677002,353.6888042942577,343.79239281394666,398.5970488523829,349.31666412353513,300.03627939468737,0.2821530707817584,-3.6231476831642753,-0.06749107331435766,-0.0311261244489488,21.38763716450595
516,339.9599914550781,350.6666564941406,337.7933349609375,349.8699951171875,72924300,49.361455376011826,2.550704950861757,3.6851185426141533,-1.1344135917523963,351.3614974975586,354.62733154296876,267.9859671020508,353.32510818215576,344.0307301591718,397.03835400250193,351.3614974975586,305.6846409926153,0.2599992135180417,-0.6784802651960659,0.017497758575059086,0.02205535064100994,20.77947176227003
517,342.2033386230469,356.92999267578125,338.6866760253906,343.5033264160156,66743400,47.48264146285569,1.4690197002262835,3.2418987741365797,-1.7728790739102962,352.993830871582,353.297998046875,268.5517337036133,352.3897003949043,344.0100476594402,394.9454572090653,352.993830871582,311.04220453409874,0.23769042214647165,-14.10842151923452,-0.01819724123253097,-0.02609346387607281,20.598317825707216
518,347.2366638183594,351.5566711425781,331.6666564941406,331.8833312988281,75442500,44.177604279158764,-0.3221466416737826,2.5290896909745073,-2.85123633264829,354.58899688720703,351.78839782714846,269.05845039367676,350.43671286194467,343.5344901551025,390.32131212939674,354.58899688720703,318.8566816450173,0.2015421547530759,-13.39085904546681,-0.0338278969185718,-0.06459035310765804,20.547724741616523
519,336.57666015625,347.2200012207031,331.3333435058594,332.0899963378906,70488600,44.251926229447314,-1.705324807947477,1.6822067911901106,-3.3875315991375876,355.55133056640625,350.67726440429686,269.6006170654297,348.68940652632045,343.08568647599617,387.57936128172844,355.55133056640625,323.52329985108406,0.180159813573474,-8.441165176238089,0.0006227038828787723,-0.09939251197894006,20.214791382561323
520,332.11334228515625,334.8500061035156,313.5,314.6333312988281,103416000,39.47145499149746,-4.162131980560673,0.513339036839954,-4.675471017400627,354.46849670410154,350.14659790039065,270.0341170501709,345.4459707903688,341.96990784159743,390.27019306638925,354.46849670410154,318.6668003418138,0.20200213387185026,-11.345918086829004,-0.05256606712507206,-0.08497809518552035,20.295878148343775
521,301.586669921875,311.1700134277344,283.8233337402344,310.0,151565700,38.289146060983796,-6.40915967547113,-0.871160705622263,-5.537998969848868,352.1851638793945,349.22693115234375,270.45575035095214,342.0701640484289,340.71618596545636,392.88048731725337,352.1851638793945,311.48984044153565,0.23110186124589244,-9.441460222220597,-0.014726129872195681,-0.11395660009036557,21.046886677647343
522,304.73333740234375,317.086669921875,301.07000732421875,306.1333312988281,86595900,37.285420078540106,-8.405064806614462,-2.377941525820703,-6.027123280793759,349.2594970703125,348.25953125,270.8164503479004,338.64760854846696,339.3599955863729,394.1478885207384,349.2594970703125,304.3711056198866,0.25704893826488573,-13.204551644941652,-0.012473124842489969,-0.10879078088440064,20.687584957647978
523,317.4766540527344,329.2300109863281,302.0,312.4700012207031,104867400,40.058582462260034,-9.367534590162734,-3.7758601386891093,-5.591674451473624,346.74183044433596,347.61946472167966,271.10826698303225,336.1545030886799,338.30548600340546,393.8959498187921,346.74183044433596,299.58771106987984,0.27198402519840176,-11.930661789358862,0.02069905258271132,-0.058494441411536924,21.154901102553705
524,311.1199951171875,311.7966613769531,276.3333435058594,276.3666687011719,147109500,31.509504985465597,-12.89489174874393,-5.599666460700074,-7.295225288043857,342.4569976806641,346.39086486816404,271.26971702575685,330.460423623203,335.8765127758669,398.0776310104416,342.4569976806641,286.8363643508865,0.3248328035722777,-25.051072294732577,-0.11554175561970448,-0.16779586332381446,22.225026574860134
525,277.1866760253906,285.8333435058594,264.0033264160156,282.1166687011719,134789100,33.928006281565686,-15.052850870153804,-7.49030334259082,-7.562547527562985,338.7238311767578,345.0016650390625,271.4488836669922,325.8562564877715,333.7682835964671,399.75718362931764,338.7238311767578,277.690478724198,0.3603723554999029,-17.95435960035451,0.020805692766870276,-0.10334780000397681,22.196811611644677
526,290.9033203125,312.663330078125,287.3500061035156,312.239990234375,104436000,44.90425154333561,-14.169017115103657,-8.826046097093387,-5.342971018010269,336.7228302001953,343.9863983154297,271.7771169281006,324.55946922554324,332.9240367979537,398.46979151830317,336.7228302001953,274.9758688820874,0.36675244907746124,-10.7554249887043,0.10677611383930952,0.007225774949596753,22.793229452023848
527,311.7366638183594,314.5666809082031,301.6666564941406,310.4166564941406,73138200,44.423197137203545,-13.46053561546654,-9.752944000768018,-3.707591614698522,332.24732971191406,342.8855316162109,272.13815017700193,323.21253467969535,332.0413944330983,387.67317918685757,332.24732971191406,276.82148023697056,0.33364210645727266,-9.632125041433763,-0.0058395266373975074,0.01399169824840607,22.086571949312322
528,309.3933410644531,310.5,296.4700012207031,301.88665771484375,66792900,42.14833718915418,-13.432516843267763,-10.488858569267967,-2.9436582739997963,328.18182983398435,341.3428649902344,272.4492668151855,321.1814987782809,330.85885573826477,379.86450544948644,328.18182983398435,276.49915421848226,0.31496366292824035,-9.038318817215721,-0.02747919159891432,-0.03386995060170328,21.511102437168365
529,294.0,312.3333435058594,293.50665283203125,297.0466613769531,78855600,40.86947239586227,-13.64358427270713,-11.1198037099558,-2.5237805627513303,324.8988296508789,339.5713317871094,272.69430015563967,318.8829428352973,329.5328873319388,375.72671069809655,324.8988296508789,274.07094860366124,0.31288435912086804,-10.552360910408774,-0.016032495024879134,0.07482809983190108,21.319358739786917
530,299.0733337402344,312.1666564941406,293.72332763671875,307.7733459472656,73625400,44.862449453990905,-12.79777811326619,-11.455398590617879,-1.3423795226483115,322.542497253418,338.33326538085936,273.0336835479736,317.8248859888181,328.67957198352025,371.9379094845047,322.542497253418,273.1470850223313,0.30628777697022225,-2.180311069791623,0.03611110968421327,0.09094349995061868,21.1139280339037
531,307.92999267578125,315.92333984375,300.9033203125,302.4466552734375,60994500,43.2988063428559,-12.414187037960971,-11.647156280086499,-0.7670307578744726,320.54882965087893,336.94219848632815,273.33025016784666,316.3602925873533,327.6508301517523,369.80881848053735,320.54882965087893,271.2888408212205,0.30734780022943287,-2.436562815020161,-0.01730718642133755,-0.031364768342409866,20.678648855142722
532,301.84332275390625,308.7633361816406,298.26666259765625,307.3333435058594,50729100,45.18630045980602,-11.582359219247053,-11.634196867918611,0.051837648671558156,318.28016357421876,335.8760650634766,273.6365835571289,315.5005831510205,326.85406596956045,365.5460461521169,318.28016357421876,271.0142809963206,0.2970080324649347,0.391990052811294,0.0161571905234128,-0.009932820690436883,19.95136490720284
533,311.6666564941406,315.42333984375,306.6666564941406,310.6666564941406,52259400,46.494688152739144,-10.532744260001493,-11.413906346335189,0.8811620863336955,316.07349700927733,334.5094647216797,274.01535018920896,315.0402091836986,326.2192655979754,360.33905622149473,316.07349700927733,271.80793779705994,0.2800966207610765,-0.5771257143141768,0.010845920427172029,0.029083758937072046,19.151744795946165
534,302.7900085449219,314.60333251953125,298.8999938964844,301.51666259765625,66126900,43.43013005849968,-10.320279126864818,-11.195180902441116,0.8749017755762978,312.7123306274414,332.90806457519534,274.3656002044678,313.75225236598027,325.2505360685511,350.1539967025028,312.7123306274414,275.27066455238,0.23946395717710645,9.1002268886768,-0.029452771017468238,0.015048144961409493,18.905430069310505
535,303.2099914550781,305.32000732421875,283.5666809082031,286.6666564941406,79645800,38.94378021979399,-11.220823693185025,-11.200309460589898,-0.020514232595127524,309.8529968261719,331.3413977050781,274.6706001281738,311.1726718067574,323.73744275190757,346.05932538584574,309.8529968261719,273.646668266498,0.2337000379569392,1.6128036014023195,-0.04925102969626416,-0.06857867885915458,19.108851236932303
536,287.19000244140625,299.6266784667969,284.3833312988281,291.9200134277344,67756500,41.255648471624,-11.379434709779616,-11.236134510427842,-0.14330019935177418,306.9554977416992,329.9491314697266,274.9478002166748,309.3390852944695,322.48970042546944,338.91426136393693,306.9554977416992,274.9967341194615,0.20823059927162976,-6.507807277148565,0.01832566437213501,-0.034804953740308786,18.832743803434905
537,300.0,307.6666564941406,297.7933349609375,307.4766540527344,57286200,47.58491073578259,-10.133036855718046,-11.015514979485884,0.8824781237678376,305.15416412353517,329.3321978759766,275.3436834716797,309.1617108904947,321.9009535088916,332.3807857587109,305.15416412353517,277.92754248835945,0.17844502770182483,-0.9471149114905002,0.053290764282768466,0.0004663032824236968,18.612308036504285
538,304.6833190917969,308.80999755859375,300.4033203125,307.7966613769531,51294300,47.70971710575339,-9.015510467205445,-10.615514077029797,1.600003609824352,303.94983062744143,328.76139770507814,275.7600000762939,309.0317061749193,321.34784401352147,328.32182545256137,303.94983062744143,279.5778358023215,0.16036853697078238,1.9576895868289246,0.0010407532409399955,-0.009238182010181784,17.883334408617817
539,304.4200134277344,306.1666564941406,291.3666687011719,292.1166687011719,55178400,42.384273545256285,-9.288040370943577,-10.350019335812554,1.0619789648689775,301.95116424560547,327.59206420898437,276.10235008239744,307.4207502250386,320.2015234130372,323.1088205790583,301.95116424560547,280.7935079121526,0.14013959102501305,-1.6596694448368414,-0.05094269900666093,-0.03117570291306826,17.779524284843777
540,295.3333435058594,295.6233215332031,279.2033386230469,285.6600036621094,68501700,40.38524607213683,-9.910775935439176,-10.26217065573788,0.35139472029870333,300.5024978637695,326.1788641357422,276.4247501373291,305.3482981714263,318.84695401104005,321.9539499073802,300.5024978637695,279.05104582015883,0.1427705406517821,-7.184943912896598,-0.022103035296720752,-0.003511579771230955,17.682414186651812
541,278.0433349609375,285.57666015625,267.0333251953125,273.84332275390625,83288100,36.95041578551599,-11.228372066277416,-10.455410937845787,-0.7729611284316285,298.69466400146484,324.96373046875,276.6733500671387,302.34782432213865,317.08210572644657,322.5943199786264,298.69466400146484,274.7950080243033,0.16002733799787164,-9.457314875468338,-0.04136624223452856,-0.06192343738810857,17.749861635233604
542,276.80999755859375,278.4333190917969,253.52000427246097,254.67999267578125,95256900,32.171647171855156,-13.661416766855496,-11.096612103647729,-2.5648046632077666,296.1219970703125,323.2771301269531,276.89835006713867,297.80803083200936,314.6349640381852,326.4718010140204,296.1219970703125,265.7721931266046,0.20498175916665537,-17.1323261672303,-0.06997917599526948,-0.17170949625300047,18.261536862669484
543,233.4633331298828,267.49334716796875,233.3333282470703,266.92333984375,135322200,37.71407983375696,-14.435285441751262,-11.764346771268436,-2.670938670482826,293.8446640014648,322.17286376953126,277.2043000793457,294.86663169027037,312.76391995212896,325.7417874551911,293.8446640014648,261.9475405477385,0.21710194100082272,-14.080467194011744,0.04807345500262783,-0.1327932582190886,19.39714272397155
544,269.74334716796875,273.1666564941406,260.79998779296875,269.9566650390625,76067700,39.043051926610005,-14.635113471268653,-12.33850011126848,-2.2966133600001726,293.5241638183594,321.1819305419922,277.570933380127,292.4942539139649,311.0852040731852,326.23573421928796,293.5241638183594,260.81259341743083,0.2228884325937224,-10.467082411530736,0.011364031324829549,-0.07586011356571543,18.89496600805729
545,271.6700134277344,292.28668212890625,271.57000732421875,290.1433410644531,99006900,47.12808080790968,-13.01455884312412,-12.473711857639609,-0.5408469854845119,293.9254974365234,320.47819763183594,278.06883338928225,292.2703574521066,310.263954543431,326.26220052962753,293.9254974365234,261.5887943434193,0.2200333307258422,1.2127969861690429,0.07477746853358713,0.01569466269295039,19.140326799613465
546,289.8933410644531,296.6266784667969,284.59332275390625,288.1233215332031,74766900,46.463955578602125,-11.757720634471013,-12.330513613005891,0.5727929785348778,292.7196640014648,320.06119750976563,278.526549987793,291.8754016503063,309.3956944253828,324.016551220376,292.7196640014648,261.4227767825536,0.21383522234949395,-1.3005932172824908,-0.006962143345558558,0.052146602063143366,18.632686007704688
547,290.7099914550781,295.49334716796875,281.42333984375,293.2966613769531,74643300,48.46684547594204,-10.226339137198977,-11.909678717844509,1.6833395806455318,291.8636642456055,319.7099975585937,279.03164993286134,292.01075971951076,308.76435979603264,322.0959993158944,291.8636642456055,261.6313291753166,0.207167515342699,-4.611729862700172,0.01795529711451649,0.1516281993549944,18.306780387455692
548,292.92333984375,295.4800109863281,277.5333251953125,279.7633361816406,61623600,43.84563881532498,-9.989580838538416,-11.52565914198329,1.5360783034448744,290.7574981689453,319.3056640625,279.4673499298096,290.8443384301898,307.627064752331,321.0608177639969,290.7574981689453,260.45417857389367,0.2084439423635693,-9.107741802624878,-0.04614210448825773,0.04810368529558651,18.28105934485283
549,283.0333251953125,285.2166748046875,275.0533447265625,279.42999267578125,66999600,43.73502428669972,-9.716836572664477,-11.163894628119529,1.4470580554550523,289.87666473388674,318.6373974609375,279.92539985656737,289.7572578821509,306.5212972199173,320.42072257967254,289.87666473388674,259.33260688810094,0.21073830053775408,-4.343016809618892,-0.0011915196265851469,0.0350920309203997,17.701221540086557
550,285.4333190917969,288.71331787109375,268.19000244140625,268.1933288574219,72494100,40.06568078298961,-10.288786907445342,-10.988873083984691,0.7000861765393491,287.89766387939454,317.2754638671875,280.288399810791,287.70355035598624,305.0182396370744,318.67507220781033,287.89766387939454,257.12025555097875,0.21380797547081865,-6.114497857861759,-0.04021280504200253,-0.07565230388022315,17.902799675058052
551,265.1766662597656,283.3299865722656,260.72332763671875,274.79998779296875,80399100,43.089002597771405,-10.092618087615222,-10.809622084710798,0.7170039970955759,286.5153305053711,315.65813049316404,280.6942664337158,286.47463963569885,303.8332101529918,317.0371370515518,286.5153305053711,255.99352395919038,0.21305531185605114,0.34934758658410764,0.02463394210323222,-0.0462417747696936,18.238789622235824
552,279.82666015625,286.85333251953125,277.336669921875,286.3233337402344,59184000,48.01473132421373,-8.904667704916733,-10.428631208751986,1.5239635038352528,285.46483001708987,314.0916638183594,281.1151497650146,286.4602295504165,303.1465483328837,314.45613749420835,285.46483001708987,256.4735225399714,0.20311649232154352,12.424745553034658,0.04193357517885765,-0.02377568024123,17.796972129687727
553,283.8166809082031,284.8166809082031,270.1199951171875,279.4333190917969,58648500,45.480060557048716,-8.422090451624683,-10.027323057326527,1.6052326057018433,283.90316314697264,312.42386352539063,281.50449966430665,285.7909999829289,302.2166177744097,310.567560924392,283.90316314697264,257.2387653695533,0.18784149836059125,4.686731124887727,-0.024063755330148706,-0.0011796295195360962,17.683141164927665
554,280.0666809082031,281.26666259765625,264.5899963378906,265.1166687011719,67037100,40.67518100701647,-9.090093598279054,-9.839877165517033,0.7497835672379782,282.0831634521484,310.48493041992185,281.7981996917725,283.822016051333,300.76171781075334,308.6590908190039,282.0831634521484,255.507236085293,0.1884261863885662,-1.7928789930747893,-0.0512345859010529,-0.0512232915212395,17.611250100273235
555,260.2033386230469,266.8999938964844,252.01333618164065,255.4566650390625,71152200,37.77523941333655,-10.280465659463971,-9.92799486430642,-0.35247079515755075,280.52266387939454,308.4584637451172,282.0240663146973,281.12055405016434,298.9850490746086,309.40400182619555,280.52266387939454,251.64132593259353,0.20591090607365686,-11.95501364881755,-0.036436802368687404,-0.047490606394353985,17.41663635845684
556,258.42333984375,268.5233459472656,252.19000244140625,267.2966613769531,66841200,43.12731737659972,-10.151435906549636,-9.972683072755064,-0.1787528337945723,279.29149627685547,306.75919677734373,282.3185163116455,279.80399284319185,297.7423672041123,308.2237291673302,279.29149627685547,250.35926338638075,0.2071830562416755,-7.228384028555617,0.046348355546253384,-0.02730468249390372,17.339258297557024
557,269.6666564941406,280.6666564941406,267.4200134277344,280.07666015625,84028800,48.29672931402328,-8.91517125840727,-9.761180709885506,0.8460094514782366,277.92149658203124,304.36219665527346,282.67906631469725,279.8299611587212,297.049594378706,303.8214806759772,277.92149658203124,252.02151248808525,0.18638345297123396,-4.507382102011863,0.047812040425278646,-0.021816851258275927,17.055739498959202
558,276.9966735839844,291.6666564941406,275.239990234375,290.5333251953125,66582900,52.13064101801775,-7.010840533716305,-9.211112674651666,2.200272140935361,277.0583297729492,302.5089300537109,283.12319961547854,280.84932916220606,296.79405441072976,299.8867221428656,277.0583297729492,254.22993740303278,0.16479123647806876,3.849678503504582,0.037335010469022656,0.03972327330037961,17.01080569615966
559,291.4966735839844,302.6166687011719,289.1300048828125,301.7966613769531,100414200,55.92207714661337,-4.54044815619261,-8.276979770959855,3.7365316147672445,277.5423294067383,301.29072998046877,283.67744956970216,282.84431318265814,296.9902350760719,301.9809212538009,277.5423294067383,253.10373755967572,0.1761071321935028,8.00439082683712,0.03876779427650434,0.13835415500458548,16.759081276316785
560,304.99334716796875,314.2833251953125,302.36334228515625,307.0533447265625,81981600,57.60957547602678,-2.1338759902870947,-7.048359014825303,4.9144830245382085,278.61199645996095,300.3337969970703,284.21429962158203,285.14993523445855,297.3848668270715,306.06502359771815,278.61199645996095,251.15896932220375,0.19706995740725364,14.48955350034063,0.017417963888751054,0.2019782090226936,16.4539086007484
561,310.0,332.6199951171875,307.25,331.32666015625,105868500,64.38920374234512,1.7122655527796837,-5.296234101304306,7.00849965408399,281.4861633300781,300.11393005371093,284.86238288879395,289.54771856034347,298.71591754586285,317.149091731668,281.4861633300781,245.8232349284882,0.2533902766635859,20.570114583071895,0.07905243778179138,0.23954657139918045,17.10481872859673
562,326.64666748046875,346.8999938964844,325.4666748046875,333.03668212890625,120676200,64.81611653034122,4.842523323054934,-3.2684826164324585,8.111005939487391,285.40399780273435,299.7205303955078,285.52158294677736,293.6895246144923,300.0618298824528,325.38178907504715,285.40399780273435,245.42620653042155,0.28014878263859966,16.31489399709643,0.005161136057840299,0.1890911650514211,17.413997325968168
563,336.57666015625,341.4966735839844,329.6000061035156,337.97332763671875,68920800,66.08034015795772,7.63362551038324,-1.0880609910693189,8.72168650145256,288.9564971923828,299.3839971923828,286.2134828948975,297.90702966422816,301.54855528458086,334.03579101425026,288.9564971923828,243.87720337051536,0.3120143984293549,20.94954486286256,0.014823128420135223,0.1632859239452633,17.019902337003924
564,336.0,340.6000061035156,332.44000244140625,336.8800048828125,62031600,65.51884311030997,9.646176970110787,1.0587866011667022,8.587390368944085,292.3026641845703,298.7467974853516,286.8810162353516,301.6187415898076,302.93410232764876,341.0313948351825,292.3026641845703,243.57393353395813,0.33341283964379553,27.06858702367341,-0.003234937980317265,0.11624828235604379,16.387052431654315
565,355.0333251953125,365.9599914550781,351.20001220703125,363.9466552734375,102506100,71.88747170974936,13.27219735325076,3.501468751583514,9.770728601667246,295.99282989501955,299.1486639404297,287.684266204834,307.5547333692009,305.32675146277774,353.8345073905637,295.99282989501955,238.1511523994754,0.39083161248236314,42.469038816343094,0.0803450783611821,0.1852880339002323,17.293690584555122
566,369.3299865722656,371.5899963378906,357.7033386230469,366.5233459472656,73614900,72.40990370442056,16.167394375523372,6.034653876371486,10.132740499151886,299.91283111572267,299.48173095703123,288.48739959716795,313.17079170996897,307.7266179131498,365.2329575987997,299.91283111572267,234.59270463264562,0.4355940773862589,37.122306002310594,0.007079858095940583,0.10622956140751616,17.050331093861452
567,363.7233276367187,371.3166809082031,361.3333435058594,364.663330078125,59865000,71.37871620298398,18.10308998602744,8.448341098302677,9.654748887724764,303.4811645507813,299.9049310302734,289.311782913208,318.0748429831267,309.95943015491355,374.5132530215825,303.4811645507813,232.44907607998005,0.4681153018240477,30.201256282721147,-0.00507475414515135,0.0949644578100175,16.545545830181617
568,364.8566589355469,367.71331787109375,358.8800048828125,359.20001220703125,48992700,68.30193114990543,18.97753737222081,10.554180353086304,8.423357019134505,307.45299835205077,300.4512646484375,290.0996662902832,321.9915257663557,311.89043337264366,381.5533806578296,307.45299835205077,233.3526160462719,0.4820273843674135,23.63470247881451,-0.014981813142339484,0.0628057980750738,15.994672055760162
569,360.3833312988281,364.9166564941406,355.5466613769531,361.5299987792969,54263100,68.91729066949527,19.632245365775645,12.369793355624173,7.262452010151472,311.55799865722656,301.0400646972656,290.8796495819092,325.75709462473105,313.837082996434,388.051587757594,311.55799865722656,235.06440955685915,0.4910391607985967,19.792577270341308,0.006486599368272561,0.07317143653289593,15.521480845862115
570,363.1266784667969,383.3033447265625,357.510009765625,381.8166809082031,82035900,73.70391648730647,21.539774757154134,14.203789635930166,7.335985121223969,317.2391662597656,302.3837316894531,291.74988296508786,331.0961028422046,316.50294958120924,396.8213507051729,317.2391662597656,237.65698181435835,0.5017172714433553,24.34864738184792,0.05611341298759176,0.04910067279321373,16.255184711224643
571,378.76666259765625,384.2900085449219,362.4333190917969,363.7533264160156,80075100,64.22066107285642,21.3478589674653,15.632603502237194,5.715255465228106,321.686833190918,303.45879821777345,292.53393295288083,334.20631461113896,318.3559055355154,401.2273496702689,321.686833190918,242.14631671156707,0.49452143061226506,9.78691731129441,-0.047308971544201106,-0.007557552777684551,16.655292192788956
572,357.8233337402344,359.6666564941406,342.5666809082031,348.586669921875,89348400,57.52767622134493,19.744341417977466,16.45495108538525,3.289390332592216,324.8,304.30786499023435,293.2373496246338,335.5758722597805,319.54142570752947,403.42907449555764,324.8,246.17092550444238,0.48416917792831055,4.669151666286996,-0.041694894294368345,-0.04408630874073838,16.978960286719207
573,350.7966613769531,358.86334228515625,340.5133361816406,352.4200134277344,79447200,58.69926557255882,18.568811293712486,16.877723127050697,1.691088166661789,328.4493347167969,305.106865234375,293.9051663208008,337.18007618053804,320.830782088714,405.066608627785,328.4493347167969,251.8320608058088,0.4665393764737006,4.274504704863603,0.010996816105212748,-0.018875274356586313,17.076892130776095
574,347.7366638183594,349.4800109863281,340.8133239746094,341.8299865722656,55013700,54.247302564164265,16.59141305638809,16.820461112918178,-0.22904805653008609,332.2850006103516,306.4161315917969,294.48128288269044,337.622924789274,321.65428030375523,403.31288514909863,332.2850006103516,261.2571160716045,0.42751183115867886,1.4693604897016763,-0.03004944796541842,-0.054490670963815435,16.68616336808673
575,326.79998779296875,336.15667724609375,324.8800048828125,325.30999755859375,59357100,48.11658821835431,13.53525960945774,16.16342081222609,-2.62816120276835,335.7776672363281,307.2799981689453,294.9880495452881,336.45026505301877,321.7976417647293,397.6272994550587,335.7776672363281,273.92803501759755,0.3683963423046796,-10.616022198587197,-0.048328086073804455,-0.1479942762458688,16.705007533898616
576,332.5466613769531,340.39666748046875,325.5333251953125,328.98333740234375,65976000,49.48368921039875,11.279619379489986,15.18666052567887,-3.9070411461888828,338.8620010375977,307.6148651123047,295.4850995635986,335.7391290862878,322.0794337505181,392.3281351458149,338.8620010375977,285.3958669293805,0.3155628777762248,-10.242187560495267,0.011291813566499442,-0.09558672454284667,16.589411990182644
577,327.02667236328125,342.0799865722656,324.3666687011719,340.7900085449219,55121100,53.70597881636375,10.32567992431359,14.214464405405813,-3.888784481092223,341.8976684570313,308.22233215332034,296.0544496154785,336.22016522520533,322.8131817816712,388.0643942650701,341.8976684570313,295.7309426489924,0.27006165918818453,-6.546674580108873,0.03588835603591267,-0.022366493184322045,16.669690981676293
578,333.0966796875,337.57000732421875,327.39666748046875,328.3333435058594,58422300,49.0480079471013,8.46692581900163,13.064956688124978,-4.598030869123347,343.7876693725586,308.75126586914064,296.56328300476076,335.4690393471724,323.0296587120315,384.1140526535637,343.7876693725586,303.46128609155346,0.2346005216219893,-8.593170281793123,-0.03655231880843268,-0.06834648715775649,16.435665987588923
579,329.6766662597656,338.3066711425781,324.4700012207031,334.7633361816406,51715200,51.3915836111947,7.4270816955972805,11.93738168961944,-4.510299994022159,345.43600311279295,309.5055993652344,297.10723304748535,335.40182952188366,323.489802926526,381.19894397984825,345.43600311279295,309.67306224573764,0.20705971899158332,-7.403718277330698,0.019583733431163042,-0.02067299730338623,16.2500234114665
580,335.0199890136719,344.9800109863281,331.77667236328125,342.7166748046875,49847700,54.19784062420862,7.162204261770285,10.982346204049609,-3.8201419422793244,347.2191696166992,310.2044659423828,297.68931640625,336.09848145357927,324.2437979021402,378.41375992765734,347.2191696166992,316.0245793057411,0.17968241986981495,-10.240518044028594,0.023758093445249484,0.05350796894263454,16.032403069436526
581,343.3333435058594,344.6666564941406,325.0833435058594,325.73333740234375,70711200,47.845738378582475,5.518262499334071,9.889529463106502,-4.371266963772431,346.9395034790039,310.6701995849609,298.21868309020994,335.1113248772711,324.3022112158737,378.79234382131597,346.9395034790039,315.08666313669187,0.18362187080399578,-10.45213507413795,-0.04955503671370076,-0.009878919782570272,16.28603949221115
582,358.24334716796875,364.0733337402344,332.1400146484375,336.260009765625,105416400,51.62986409242938,5.007122304190375,8.913048031323278,-3.905925727132903,347.10066986083984,311.24873291015626,298.82556648254393,335.2207234380667,324.77114449233454,378.7021281872931,347.10066986083984,315.4992115343866,0.18208814370264959,-3.5361823098435297,0.03231684066245499,-0.013292639648206594,17.861322124045397
583,338.3033447265625,344.95001220703125,331.3333435058594,335.01666259765625,69696600,51.15772176447388,4.450410727026849,8.020520570463992,-3.5701098434371428,346.95283660888674,311.73573303222656,299.41263313293456,335.20128907231333,325.17292951607266,378.7507566787454,346.95283660888674,315.1549165390281,0.18329822797041342,-4.9382413503729055,-0.003697576672395231,0.0203552859433469,17.558132593840146
584,326.3233337402344,336.2066650390625,325.1000061035156,332.67333984375,68341200,50.22549711403831,3.7765920269201274,7.171734861755219,-3.3951428348350916,346.7425033569336,312.35886657714843,299.9810831451416,334.96053200292636,325.46706325441295,378.85821879717184,346.7425033569336,314.6267879166953,0.1852424501139316,-2.678713713894681,-0.006994645387893739,-0.006243205608264746,17.0973130468192
585,331.80999755859375,333.3333435058594,291.6666564941406,292.1400146484375,136133700,37.497140295056305,-0.027794343751565975,5.731829020653862,-5.759623364405428,343.1521713256836,312.46833374023436,300.2989498901367,330.88238749297506,324.16012017182567,382.10017548326437,343.1521713256836,304.2041671681028,0.22700135632022841,-10.196422845621823,-0.12184121881948873,-0.1475757203383039,18.85226833002631
586,299.52667236328125,306.0,292.4533386230469,293.836669921875,76956300,38.20310150413008,-2.872776471681675,4.010907922186755,-6.88368439386843,339.51783752441406,312.5066668701172,300.65389991760253,327.35422391477505,322.9709652600629,382.4279164598581,339.51783752441406,296.60775858897,0.25277068944784664,-10.683418728129894,0.005807678470473254,-0.09792263737828644,18.49567668870747
587,299.99334716796875,300.0,273.8999938964844,292.5033264160156,124948500,37.84137446418705,-5.175376464439864,2.173651044861431,-7.349027509301296,335.9098373413086,312.2072003173828,301.0274498748779,324.0350908196551,321.77615589362966,381.7881318252961,335.9098373413086,290.03154285732114,0.2731583858758612,-14.169042788278006,-0.004537702888526063,-0.1301275265533598,19.03884307547948
588,300.75,311.4666748046875,290.0,290.2533264160156,88133100,37.201249114423284,-7.0999163281171604,0.3189375702657128,-7.418853898382873,332.46250305175784,311.85633361816406,301.3943831634522,320.8177799240704,320.5399665023507,381.1009487389188,332.46250305175784,283.82405736459685,0.2925950760804381,-11.59797438884369,-0.007692220213591394,-0.13361525314757217,19.212259627565768
589,286.92333984375,302.1199951171875,282.6766662597656,300.9800109863281,75781500,42.21944391570888,-7.671146041023235,-1.279079151992077,-6.392066889031158,329.43500366210935,312.0336004638672,301.825583190918,318.9284685966664,319.77290942329097,377.9971389982072,329.43500366210935,280.8728683260115,0.29482073730031705,-10.091704061935225,0.03695628471433299,-0.09526861657236374,19.228764572555487
590,301.05999755859375,308.02667236328125,296.1966552734375,303.0833435058594,63709500,43.178266162877854,-7.863483010647769,-2.5959599237232154,-5.2675230869245535,325.4983367919922,312.3820672607422,302.26396659851076,317.4194090642086,319.1184166422152,368.93110760610995,325.4983367919922,282.0655659778744,0.2668693870584858,-11.564459570406067,0.006988279761963367,0.03745919185562818,18.700282609504647
591,301.3133239746094,318.5,295.09332275390625,317.5400085449219,81643800,49.3941383311568,-6.771323789879659,-3.4310326969545044,-3.340291092925155,323.1876708984375,313.2560009765625,302.7508332824707,317.4308947290384,319.0565182854586,363.00006877367133,323.1876708984375,283.37527302320365,0.24637324663133567,-2.51534857400903,0.04769864576468552,0.08066841565196436,19.0364536549753
592,313.00665283203125,315.20001220703125,285.8999938964844,291.09332275390625,92519100,40.636421982865194,-7.948184534260577,-4.334463064415719,-3.613721469844857,320.31300354003906,313.984267578125,303.1141499328613,314.9225545409306,317.95992238226046,360.6733774379121,320.31300354003906,279.952629642166,0.2520058408607692,-13.432072116812273,-0.08328615317548016,-0.004820470520406905,19.936708011651174
593,295.6666564941406,296.0,281.03668212890625,288.54998779296875,72903000,39.903689404008375,-8.982535945867255,-5.264077640706027,-3.718458305161228,317.11950225830077,314.4168005371094,303.47479988098144,312.4108815173152,316.80659161405293,356.9161327251414,317.11950225830077,277.32287179146016,0.2509882248391358,-13.869959316170617,-0.008737180698190294,-0.005868455132209238,19.581465858754218
594,278.8166809082031,281.8766784667969,260.3833312988281,262.3699951171875,90810300,33.256255457816266,-11.778992610625778,-6.567060634689978,-5.2119319759358005,313.14650268554686,314.2650671386719,303.71434982299803,307.64508281254115,314.6718231239798,357.8456413072996,313.14650268554686,268.4473640637941,0.2854838756838259,-21.1328460403778,-0.09072948807249681,-0.1282809969426656,20.19469376128182
595,273.10333251953125,275.1199951171875,258.0833435058594,266.67999267578125,84401700,35.17096423492828,-13.491897683917728,-7.9520280445355285,-5.539869639382199,310.2150024414062,313.7958001708984,303.95171646118166,303.7436456566592,312.78979055738375,358.8552677346104,310.2150024414062,261.5747371482021,0.3135906704086072,-8.715006741988066,0.016427173986372612,-0.12011003445121471,19.96911932199941
596,265.0,269.92333984375,242.3999938964844,244.6666717529297,97224600,30.377615137362596,-16.43621190118114,-9.64886481586465,-6.787347085316489,305.99916915893556,312.92666717529295,304.10041648864745,298.11726718963735,310.11829570230714,361.5297828643405,305.99916915893556,250.4685554535306,0.36294617307645327,-16.733785535351522,-0.08254582843646041,-0.229493401873745,20.50870693808985
597,233.6666717529297,253.22000122070312,226.6666717529297,242.6666717529297,140313000,29.977868654681075,-18.715247690761544,-11.46214139084403,-7.253106299917514,301.09300231933594,311.9140673828125,304.2354498291016,292.8362581004271,307.47313397880214,360.65379236418846,301.09300231933594,241.5322122744834,0.3956305167244173,-17.0379787723184,-0.008174386751047313,-0.16636125673661373,20.940465690210107
598,257.82666015625,262.45001220703125,250.52333068847656,256.5299987792969,92150700,36.24104082290786,-19.1816314361555,-13.006039399906324,-6.175592036249174,297.5028350830078,311.44940063476565,304.3891831207275,289.3785191174623,305.47536397097844,358.69675248447874,297.5028350830078,236.3089176815369,0.41138375964986607,-11.618584377008526,0.05712909369145702,-0.11096860290510857,20.857813887630925
599,255.72000122070312,256.586669921875,239.69667053222656,241.4566650390625,86098500,32.80523430875975,-20.53086889759504,-14.511005299444069,-6.019863598150973,292.8375015258789,310.68993408203124,304.4511331176758,284.81453301475756,302.96482675796216,356.1478468498121,292.8375015258789,229.52715620194573,0.43239233359145607,-19.776511321201806,-0.05875856161837267,-0.07970930543633259,20.574398566346463
600,249.1199951171875,254.82666015625,242.9499969482422,253.8699951171875,80236200,38.016772175183384,-20.36375660163492,-15.68155555988224,-4.682201041752679,288.3951675415039,310.4034674072266,304.53769973754885,281.86743416736994,301.03953924263766,349.5128362295971,288.3951675415039,227.2774988534107,0.4238466906994727,-16.23756284967882,0.05141017778952928,-0.048035090409529246,20.05979831997797
601,248.17333984375,253.5,233.60333251953125,236.60333251953125,87811800,34.05968299795464,-21.378160148469135,-16.82087647759962,-4.557283670869516,283.9386672973633,309.6395343017578,304.5378163909912,277.55656734376623,298.5126291750649,346.4972710017354,283.9386672973633,221.38006359299118,0.4406487098064437,-25.48865460962556,-0.06801379812405906,-0.032956426699346286,20.07457433981213
602,235.6666717529297,244.6666717529297,231.3699951171875,236.47332763671875,90296700,34.03096125713438,-21.939665765290442,-17.844634335137783,-4.095031430152659,278.94933319091797,308.6425341796875,304.5353163909912,273.64387784785697,296.0797153892474,339.917293599821,278.94933319091797,217.98137278201497,0.4371256938418665,-18.763740301718943,-0.0005494634476534976,-0.025522021921974836,19.590438789521418
603,237.9966735839844,240.52667236328125,211.0,221.3000030517578,144973200,30.76960768888101,-23.339974796468795,-18.943702427403988,-4.396272369064807,273.26350021362305,307.47986785888673,304.4507663726807,268.6587469148952,293.14717765052234,333.46115280553744,273.26350021362305,213.06584762170866,0.4405831920095807,-23.306181800798417,-0.06416505716141863,-0.13733284955046854,20.300169759075693
604,218.33999633789065,226.65333557128903,212.68666076660156,224.96665954589844,88903500,32.4542051604804,-23.878603578668873,-19.930682657656966,-3.9479209210119066,267.87816619873047,306.67686767578124,304.4104329681397,264.4975957368955,290.47343184249786,325.04774939198285,267.87816619873047,210.70858300547806,0.42683272029598757,-14.255950096192544,0.01656871415985961,-0.06829385095042351,19.847777262333675
605,217.8433380126953,217.97332763671875,206.8566741943359,209.3866729736328,89092500,29.202568980417354,-25.27133327899307,-20.998812781924187,-4.272520497068882,263.74049911499026,305.75546783447265,304.2677663421631,259.24893642610857,287.29355894567965,325.111531245856,263.74049911499026,202.36946698412456,0.4653895199015915,-21.48392128231507,-0.06925464690507588,-0.17522087288425314,19.723649268707163
606,207.9499969482422,223.1066741943359,207.6699981689453,219.6000061035156,92139300,33.879411859572585,-25.259772044908885,-21.85100463452113,-3.4087674103877568,260.02866592407224,304.8015347290039,304.18244972229,255.47284782395687,284.6389098146144,322.6370797952982,260.02866592407224,197.4202520528463,0.48155009101579166,-10.245230978875217,0.048777379117957986,-0.07186427272579543,19.417436894184554
607,220.47332763671875,239.55667114257812,217.8866729736328,235.91000366210935,106003200,40.62486281074685,-23.66177102156584,-22.21315791193007,-1.4486131096357688,257.19899978637693,303.9182015991211,304.18229972839356,253.60971980854282,282.72797231843776,318.78801426717024,257.19899978637693,195.60998530558362,0.478921104140744,-2.7843411878577298,0.07427138936829314,-0.0023821882164859476,19.578334128096035
608,241.0833282470703,253.26666259765625,240.1766662597656,253.2100067138672,89295000,46.821899511647345,-20.760068882093435,-21.922540105962746,1.1624712238693107,255.34683380126953,303.1717352294922,304.2445997619629,253.5716518947642,281.57040503982716,315.0473307902272,255.34683380126953,195.64633681231183,0.46760318974952464,-1.2941925237702945,0.073333062537426,0.14419341718059653,19.419643042913954
609,257.9466552734375,259.6000061035156,244.7433319091797,252.7533264160156,101914500,46.68338586327681,-18.286503880545155,-21.19533286087923,2.908828980334075,252.9354995727539,302.19086853027346,304.3130830383301,253.49371613488336,280.4403235251679,308.84398813927646,252.9354995727539,197.02701100623136,0.4420770406760648,4.678546096511993,-0.001803563389055407,0.1235145995686886,19.09371669658695
610,251.72000122070312,257.32666015625,243.63999938964844,246.7899932861328,77247900,44.8188706649797,-16.61583988250743,-20.27943426520487,3.6635943826974398,250.12083206176757,300.9856015014648,304.4034163665772,252.85526633976426,279.12070273148026,301.0979041656,250.12083206176757,199.14375995793512,0.4076195627819087,-2.788829703087412,-0.02359349020027346,0.17863276483317558,18.707498415873708
611,244.1566619873047,264.2099914550781,242.0666656494141,258.3333435058594,93473100,49.0600765300921,-14.196723742499614,-19.06289216066382,4.866168418164207,247.16049880981444,299.525735168457,304.58556640625,253.37698797463045,278.3055121736128,288.00199224160974,247.16049880981444,206.31900537801914,0.33048560452390163,9.184152545499057,0.04677398003874078,0.17638131295900594,18.95291465800159
612,243.22666931152344,247.79666137695312,233.4166717529297,234.51666259765625,112393800,41.903812492910795,-14.039524973147877,-18.058218723160635,4.018693750012758,244.33166580200196,297.55533477783206,304.60983306884765,251.5807665101567,276.5883023863204,280.136317956247,244.33166580200196,208.52701364775695,0.29308237257515285,-0.8274358290709297,-0.09219359988526965,-0.005906239849195916,19.37889730763931
613,244.35333251953125,244.86666870117188,234.3500061035156,238.27999877929688,84204600,43.31094126010481,-13.456159803489015,-17.137806939226312,3.681647135737297,241.81816635131835,295.5614682006836,304.67878303527834,250.3140267262653,275.0860159703587,271.3643155546157,241.81816635131835,212.27201714802098,0.24436666317593456,7.6728402590974065,0.0160472016783606,-0.05896294592907436,18.74588054264052
614,234.0,239.9966735839844,230.0933380126953,238.8866729736328,72808500,43.548313712925165,-12.797365107444733,-16.269718572869998,3.4723534654252646,240.6440002441406,293.6016015625,304.7394497680664,249.22570732125268,273.6664338920557,268.65655932243425,240.6440002441406,212.63144116584698,0.23281327645712377,6.187589510300022,0.0025460558898939833,-0.054862397417311026,18.11427018754399
615,240.086669921875,249.9633331298828,239.1766662597656,241.86666870117188,76210500,44.77162818658248,-11.897656041310682,-15.395306066558135,3.4976500252474523,239.40333404541016,291.1600018310547,304.77161643981935,248.5248465002926,272.41938427672693,264.76611896543176,239.40333404541016,214.04054912538857,0.21188330581236406,15.511968964533446,0.012474516432601446,-0.01994944981117097,17.61158375673728
616,249.33999633789065,255.54666137695312,239.32666015625,239.7066650390625,96491400,44.02689150122155,-11.229477936430214,-14.562140440532552,3.3326625041023377,239.15533370971679,288.6236682128906,304.789333114624,247.68501969446115,271.13653254191655,264.404149511788,239.15533370971679,213.90651790764556,0.21114992846212535,9.156037512161532,-0.008930555308462429,-0.07210326864512706,17.51218500416341
617,235.1566619873047,239.5,227.913330078125,232.22999572753903,97536600,41.456323973650655,-11.174434774421115,-13.884599307310266,2.7101645328891504,238.63349990844728,285.9750015258789,304.76514976501466,246.21311264999238,269.6107860001763,264.0015826031459,238.63349990844728,213.26541721374866,0.21261124447683316,-1.5599202566420782,-0.031190911234383334,-0.009750551814905695,17.10369571536156
618,223.1666717529297,226.63333129882812,214.6833343505859,215.73666381835935,102767400,36.40651436900082,-12.31967319267423,-13.571614084383059,1.2519408917088288,236.59383316040038,283.1057345581055,304.6752330780029,243.31059371364637,267.49807532637953,262.4336230986549,236.59383316040038,210.75404322214587,0.21843164374226315,-14.79931357446451,-0.07102153990705962,-0.09460859105433328,17.135336119760957
619,218.2866668701172,226.3300018310547,211.73666381835935,220.88999938964844,97988700,38.91040950459994,-12.66545232729763,-13.390381732965974,0.7249294056683446,235.56549987792968,280.2929345703125,304.5931497192383,241.17529901612275,265.6703076425862,262.1748500943034,235.56549987792968,208.956149661556,0.2259189077361727,-12.606491664494332,0.023887157055640706,-0.07533561148457524,16.953764826399127
620,220.9166717529297,235.663330078125,218.1499938964844,233.0,119131800,44.44594565013758,-11.825986331919864,-13.077502652756753,1.2515163208368882,234.52200012207032,277.31660095214846,304.5399663543701,240.39669910982533,264.3891191075828,259.7808085006863,234.52200012207032,209.26319174345434,0.21540672828535146,-5.587744098742465,0.05482367080362738,-0.036659324531098214,16.993734208916376
621,222.73666381835935,225.1666717529297,208.69332885742188,213.1000061035156,107390700,38.30370628410841,-12.62097987905662,-12.986198098016727,0.3652182189601074,233.34683380126953,274.30353454589846,304.3792663574219,237.79701406160535,262.37778134271747,260.24288023597654,233.34683380126953,206.4507873665625,0.2305242029348734,-17.509678304967945,-0.08540769912654256,-0.11099674233593415,17.516086847035073
622,213.4333343505859,220.97000122070312,213.19667053222656,216.7599945068359,92641800,39.94746246575796,-12.808044353852665,-12.950567349183915,0.1425229953312499,232.36116714477538,271.66700103759763,304.2395829772949,235.79348838972254,260.5888485256241,260.15650512801045,232.36116714477538,204.5658291615403,0.23924254060849037,-7.571601904161586,0.017174980283869212,-0.06661500023818245,16.827080294903105
623,224.60333251953125,243.57666015625,224.3333282470703,237.0366668701172,122793000,48.18398664078955,-11.191131895110857,-12.598680258369304,1.4075483632584476,233.14800033569335,269.3593341064453,304.20411628723144,235.91188634023632,259.6652335587415,260.534248290438,233.14800033569335,205.76175238094874,0.23492586610490412,-0.5217944920048888,0.09354434802147882,0.09873149364028122,17.540622105939605
624,234.5033264160156,246.8333282470703,233.82666015625,236.086669921875,101107500,47.852832285230434,-9.872569105413817,-12.053458027778207,2.1808889223643906,233.7040008544922,267.2444677734375,304.16193298339846,235.92853239563047,258.74058400435456,260.85377652750157,233.7040008544922,206.5542251814828,0.23234326818318585,-1.1721051730947183,-0.004007805884153504,0.06879745834676632,17.216768247716796
625,237.9066619873047,239.3166656494141,228.6366729736328,235.07000732421875,104202600,47.47677992650987,-8.80810047050224,-11.404386516323015,2.5962860458207757,234.9881675720215,265.43966796875,304.0824163818359,235.84676810311507,257.81232609532964,259.7393431025517,234.9881675720215,210.2369920414913,0.210658909223114,-2.8100859921920254,-0.004306310889948484,0.00888415160608913,16.74985570686426
626,237.47000122070312,246.0666656494141,236.086669921875,245.7066650390625,95770800,51.74905776988055,-7.025229551703632,-10.528555123399139,3.503325571695507,236.29350051879882,263.77413452148437,304.0544997406006,236.78580590653863,257.33759428920155,260.4062201631977,236.29350051879882,212.18078087439997,0.2040912643932881,2.503059311689244,0.04524889345059324,0.15301106523529562,16.33891303674505
627,249.36666870117188,252.07000732421875,242.5666656494141,244.9199981689453,89178300,51.41595639624922,-5.611087818047906,-9.545061662328893,3.9339738442809864,236.74400024414064,261.85673431396486,304.02099975585935,237.5604908839107,256.85062973546604,261.14615848912024,236.74400024414064,212.34184199916106,0.20614806051950654,5.464411434728985,-0.0032016505127857586,0.129913288317699,15.850657939463593
628,244.48333740234375,249.97000122070312,232.3433380126953,232.663330078125,90391200,46.404121240938736,-5.416937899288513,-8.719436909720818,3.302499010432305,235.7166664123535,259.94333404541015,303.95719970703124,237.094094616693,255.9021081802762,258.96205666061206,235.7166664123535,212.47127616409497,0.1972316222018342,7.845984989374431,-0.0500435578248114,-0.018450043403574035,15.977515458645323
629,230.5,231.17333984375,222.27333068847656,228.4900054931641,82897200,44.80272889515005,-5.536009435251259,-8.082751414826907,2.546741979575648,234.50350036621094,257.81786743164065,303.86131637573243,236.2746575573093,254.82712376117377,256.56832416255907,234.50350036621094,212.4386765698628,0.188183321459089,3.4406293288585217,-0.0179371823809088,-0.032177439036370714,15.578407168002688
630,224.5099945068359,229.4566650390625,218.8633270263672,224.47332763671875,94600500,43.255508646175876,-5.886629419949884,-7.643527015851503,1.756897595901619,233.38766708374024,255.45300048828125,303.74286636352537,235.1507213743959,253.6367788151167,255.10874912053677,233.38766708374024,211.6665850469437,0.18613735942613402,-3.659516035743026,-0.017579227799377484,-0.045078824849333454,15.222330799766448
631,227.0,230.22999572753903,222.1199951171875,227.26333618164065,74460300,44.68446192473673,-5.871682806999786,-7.28915817408116,1.4174753670813738,231.83416671752929,253.4836004638672,303.6194664001465,234.39954183222875,252.60252616282355,250.4136199566922,231.83416671752929,213.25471347836637,0.16028226988475291,6.646330207632686,0.012429131666980009,-0.07506238731655779,14.71430721480824
632,223.0,233.14666748046875,216.1666717529297,233.0666656494141,84581100,47.63815676929157,-5.330115072279142,-6.8973495537207565,1.5672344814416146,231.76166687011718,251.41973358154297,303.5231497192383,234.27260124338926,251.8364139858271,250.3099743845181,231.76166687011718,213.21335935571625,0.1600636357590204,7.52291546218134,0.025535704813974602,-0.04839675244221919,14.876142108574728
633,230.77999877929688,234.56333923339844,227.18666076660156,231.73333740234375,71853600,47.01697640842518,-4.951430182195622,-6.50816567941573,1.5567354972201075,231.43433380126953,249.35406707763673,303.4159997558594,234.03076659186112,251.04805804137678,249.74044082141558,231.43433380126953,213.1282267811235,0.15819698589635645,-2.23734561314911,-0.005720802000385494,-0.003997160512870579,14.340466134162025
634,233.9199981689453,245.3633270263672,232.2100067138672,244.5433349609375,81930600,53.315415267669586,-3.5764330393398325,-5.921819151400551,2.3453861120607185,231.71716690063477,247.59146697998048,303.42176643371585,235.0319635793922,250.7929708617517,250.63951576216624,231.71716690063477,212.7948180391033,0.16332280525116016,3.58201716423081,0.055279044880592876,0.07025834426816391,14.289717812009268
635,242.3333282470703,254.97999572753903,241.16000366210935,250.76333618164065,101854200,56.04756931922858,-1.9622165703301846,-5.129898635186478,3.1676820648562938,232.1620002746582,246.76393341064454,303.4432830810547,236.5301895415111,250.79180871743364,252.39100457569205,232.1620002746582,211.93299597362434,0.17426628196778132,6.676023468947692,0.025435169687600512,0.11711862973523912,14.25616597296787
636,252.10333251953125,253.06333923339844,233.6266632080078,234.3433380126953,99241200,48.05261435141107,-1.9850130189669244,-4.500921511942568,2.515908492975644,231.89383392333986,245.57406677246092,303.36176643371584,236.32191796733818,250.14677065058117,251.85610372983624,231.89383392333986,211.93156411684348,0.17216731871443866,-4.624753270148632,-0.06548005948146862,0.03115329533575073,14.62620240528378
637,236.84666442871097,239.77333068847656,228.3699951171875,233.07000732421875,87930900,47.4869146139906,-2.0818284906950737,-4.0171029076930695,1.9352744169979958,231.93583450317382,244.385400390625,303.2710498046875,236.012212191803,249.4770936573905,251.9042905139574,231.93583450317382,211.96737849239025,0.17218948554075475,-4.838310849795313,-0.005433611636988744,1.4337849624901366e-05,14.395997631427013
638,225.5,242.05999755859375,225.03334045410156,237.0399932861328,97954500,49.48370685031516,-1.8172624902074972,-3.5771348241959555,1.7598723339884583,233.0010009765625,243.32113372802735,303.1655997467041,236.1100961055487,248.98936423106667,251.62702519515662,233.0010009765625,214.37497675796837,0.1598793493635481,1.8811143150655463,0.017033448479672808,0.02289983799169759,14.583901879503097
639,234.89666748046875,238.65333557128903,229.3333282470703,238.31333923339844,78557400,50.13860221328732,-1.487694437163782,-3.159246746789521,1.671552309625739,233.87216796875,242.06780029296874,303.0382330322266,236.31992878439155,248.5706965840993,251.76635602358806,233.87216796875,215.97797991391195,0.15302537459035379,4.2992400122850185,0.005371861218914864,-0.02547603977239543,14.2079094112685
640,240.0,243.6233367919922,236.88999938964844,240.0666656494141,69683100,51.07905357558348,-1.072665571112168,-2.7419305116540507,1.6692649405418827,234.2255012512207,240.80746673583985,302.9426329803467,236.67676086677466,248.23720517489596,252.31485760842455,234.2255012512207,216.13614489401684,0.15446103230067976,6.94663289258631,0.0073572315408600986,-0.04265643732095836,13.674011410631016
641,244.93666076660156,250.51666259765625,239.60333251953125,240.54666137695312,82537500,51.349584999935125,-0.6969861385773299,-2.3329416370387066,1.6359554984613767,235.59783401489258,239.26759979248047,302.8431829071045,237.045322820125,247.93561522203547,251.03887441315624,235.59783401489258,220.15679361662893,0.13107964649019307,5.844904602076135,0.001999426810217919,0.02647108903058193,13.476819886880586
642,245.0,247.13999938964844,236.97666931152344,245.52999877929688,80890200,54.18242823329679,0.0028236499327078945,-1.8657885796444238,1.8686122295771317,237.0363342285156,238.35633331298828,302.7783661651611,237.853387197189,247.84127732232022,250.4118841999236,237.0363342285156,223.66078425710762,0.11285653750039225,5.347539981813833,0.020716718219316865,0.05346029546283626,13.240142043398043
643,246.78334045410156,250.663330078125,243.48333740234375,247.5,88864200,55.290746017182535,0.7082265884518222,-1.3509855460251747,2.059212134476997,237.55950088500975,237.5353335571289,302.72383277893067,238.77211222602813,247.82789389791552,251.69131548502133,237.55950088500975,223.42768628499817,0.11897494772774472,6.803795592984363,0.008023464466653252,0.044127602978965896,12.807274231425414
644,255.1066741943359,273.26666259765625,254.86666870117188,271.7066650390625,142032300,66.13191328044016,3.183837764613372,-0.44402088389746536,3.6278586485108377,239.34050064086915,237.72206695556642,302.77981605529783,241.90873630345996,248.76431629560756,259.82933323599735,239.34050064086915,218.85166804574095,0.17121074402590752,11.107777720649787,0.09780470722853529,0.14012361168318588,13.73294482901333
645,276.2200012207031,280.78668212890625,270.71331787109375,272.24334716796875,103472700,66.32686587456656,5.129948368588742,0.6707729665997763,4.459175401988966,241.19916763305665,237.83333404541017,302.8400495147705,244.79774686198462,249.6850626043276,266.0757777004164,241.19916763305665,216.3225575656969,0.2062744271589299,8.56584990190473,0.0019752262198982073,0.13403227570771725,13.4715462167847
646,272.2166748046875,274.14666748046875,267.3999938964844,268.4333190917969,64073400,63.530978794118084,6.29228408507322,1.7950751902944653,4.497208894778755,242.33550033569335,238.3086669921875,302.8776328277588,247.04875374101437,250.42028834893426,269.86651947704786,242.33550033569335,214.80448119433885,0.22721408215649277,14.547023767859265,-0.013994935471540293,0.11593034613414743,12.991198171584676
647,266.5133361816406,267.30999755859375,256.2633361816406,258.8599853515625,66820800,57.026310801571604,6.367554287256638,2.7095710096869,3.657983277569738,243.03249969482422,238.63253326416014,302.8492493438721,248.17363294201894,250.75125685884126,271.48051505148896,243.03249969482422,214.58448433815948,0.23410873354293682,11.065335400049076,-0.0356637312112531,0.054290663619673385,12.932539938625501
648,263.80999755859375,275.9266662597656,261.7900085449219,274.82000732421875,88110000,63.69915898191385,7.6271260926292825,3.693082026275377,3.9340440663539056,245.1403335571289,238.99833343505858,302.91419944763186,250.71138288318082,251.69512942611098,276.3188985644943,245.1403335571289,213.96176854976352,0.2543731955892061,15.938244645696303,0.061655036992220635,0.11038386797664135,13.227835722166759
649,280.0666809082031,283.29998779296875,272.79998779296875,280.8999938964844,84723000,65.87315415135188,9.01206445767312,4.756878512554926,4.2551859451181935,247.7608329772949,239.78720001220702,302.99879936218264,253.58648869397163,252.84041822887073,281.5977776334519,247.7608329772949,213.9238883211379,0.27314199948026385,17.870025572247794,0.02212352234272652,0.033835492611490325,13.032990313440562
650,280.70001220703125,298.32000732421875,279.1000061035156,297.1499938964844,95313000,70.89087471391522,11.290724835326586,6.063647777109258,5.227077058217327,251.3946662902832,240.65279998779297,303.1416826629639,257.7353939513538,254.57804864720853,289.7550118015054,251.3946662902832,213.03432077906098,0.30518026557435285,23.77811517173859,0.05784976985791013,0.09148670477206822,13.474919663959316
651,301.27667236328125,311.8766784667969,295.0,297.27667236328125,117042900,70.92676177091037,12.957436235849968,7.442405468857401,5.515030766992568,254.89533309936525,241.86626678466797,303.27626609802246,261.501229990585,256.2525044792114,296.4533036104668,254.89533309936525,213.33736258826372,0.32607870850974807,23.58378647269118,0.00042631152414229767,0.10745071948993301,13.71790243559057
652,294.0033264160156,307.8333435058594,292.6666564941406,300.586669921875,95577600,71.90152903355886,14.379646554485703,8.829853685983062,5.5497928685026405,258.2713333129883,243.1485336303711,303.4153327178955,265.22365284118405,257.9910992024531,303.03422989966543,258.2713333129883,213.50843672631117,0.34663464978849073,22.423602580663765,0.011134400598203698,0.16119403125841458,13.821387048171156
653,305.0,309.54998779296875,301.1499938964844,307.39666748046875,80091000,73.84453419001885,15.873290950632509,10.238541138912952,5.634749811719557,262.0544998168945,244.8704669189453,303.5472660064697,269.24013042587785,259.92857246825764,309.8904085222498,262.0544998168945,214.2185911115392,0.36508366571670936,24.20067372948232,0.02265568716125621,0.11853816784822979,13.47438210695134
654,311.0,313.6066589355469,305.0,308.6333312988281,72256200,74.19352130793834,16.96128420434161,11.583089751998685,5.378194452342925,265.2589996337891,246.5438003540039,303.64024925231934,272.9918638423493,261.838563010633,316.4428663779415,265.2589996337891,214.07513288963665,0.3859161560197075,13.590636893083497,0.004023022853486102,0.09873028837645292,13.126687594708164
655,302.6700134277344,304.6066589355469,285.5433349609375,288.1700134277344,113172900,59.94131015988436,15.98800815750974,12.464073433100896,3.523934724408843,267.12933349609375,248.11946716308594,303.64064933776854,274.43740189810023,262.8711689093428,318.78931490033835,267.12933349609375,215.46935209184912,0.3867787990793609,5.850158112381416,-0.0663030068235908,-0.030220362285715785,13.838352504935482
656,295.0,305.20001220703125,289.086669921875,290.42333984375,98994000,60.83351304689496,15.223022955628323,13.015863337606383,2.20715961802194,269.9333335876465,249.53593383789064,303.64976600646975,275.9598721786383,263.9516462008882,320.240806780112,269.9333335876465,219.62586039518095,0.37273998378663264,8.19198631017677,0.007819434052879659,-0.023053717821344133,14.06632723881844
657,290.2933349609375,292.39666748046875,279.35333251953125,283.3333435058594,86244600,56.564591949520825,13.884610078702849,13.189612685825677,0.6949973928771715,272.44650039672854,250.48440063476562,303.576432723999,276.66210754313556,264.7117127618675,320.08796256877366,272.44650039672854,224.80503822468341,0.3497307699138806,9.454283991038306,-0.024412625864385085,-0.05739884080854252,13.993256361826946
658,297.0666809082031,297.510009765625,283.3699951171875,294.3566589355469,94918800,61.13151553804668,13.557119624463382,13.263114073553218,0.294005550910164,275.31233367919924,251.30733367919922,303.5320827484131,278.3473029138414,265.8742596706392,320.9428473357804,275.31233367919924,229.68182002261807,0.33148179775883907,7.10888985177843,0.03890581776676605,-0.04242078696494134,14.006357068822567
659,296.5133361816406,298.2366638183594,285.8333435058594,286.6300048828125,70155000,56.63641402567043,12.529670431043826,13.11642534505134,-0.5867549140075141,277.7281669616699,251.98486724853515,303.2571327972412,279.13613167279107,266.6882104632735,320.2796838918947,277.7281669616699,235.1766500314451,0.3064256491931369,2.0398757959531015,-0.026249292544206493,-0.07129277425551728,13.891854443370956
660,289.4166564941406,300.1600036621094,285.0333251953125,300.0299987792969,79657200,61.87253941344006,12.650845984283137,13.0233094728977,-0.3724634886145637,280.72633361816406,253.04966735839844,303.059899520874,281.12602377817257,267.99573157370577,320.60705808661487,280.72633361816406,240.84560914971323,0.28412528282932975,0.9692091340966956,0.046750143628413676,0.04115620917835949,13.98005615932995
661,301.78668212890625,313.1333312988281,301.2300109863281,309.32000732421875,89359200,65.02559335240058,13.342698213518133,13.087187221021788,0.2555109924963457,284.16500091552734,254.06940063476563,302.8767328643799,283.8111650682722,269.61629140705924,321.36463634277465,284.16500091552734,246.96536548828007,0.2618171506511844,4.051220993963554,0.03096359891583922,0.06506593957164508,13.91743304220147
662,311.6666564941406,314.6666564941406,302.8833312988281,306.5633239746094,88136400,63.35140159216423,13.512787775901302,13.172307331997692,0.3404804439036102,287.21666717529297,255.5103338623047,302.61448280334474,285.97803734506624,271.0651946450024,321.10422396587086,287.21666717529297,253.32911038471508,0.23597207727430222,1.98832970679896,-0.008912075793144236,0.08198816341667037,13.764996767423685
663,303.39666748046875,309.65667724609375,300.0333251953125,303.9966735839844,68766000,61.75709353194441,13.287309905856489,13.195307846769452,0.09200205908703651,290.0415008544922,256.8246673583984,302.2777994537353,287.69409793924893,272.3566251916292,319.3208238775171,290.0415008544922,260.7621778314673,0.20189747285657403,-1.1060607534726778,-0.008372333511224461,0.032749436290307576,13.469165001949225
664,306.0,306.5,301.85333251953125,302.8699951171875,47500500,61.03101339457725,12.869353635326377,13.130117004480837,-0.26076336915446063,291.59966735839845,258.10433380126955,301.77783271789554,289.139421480005,273.55322793380793,320.11717141125877,291.59966735839845,263.08216330553813,0.19559352938362656,-1.8673732216111127,-0.0037062197211366055,0.05665837476092106,12.838986607557763
665,299.0,300.3599853515625,292.5,296.6666564941406,61395300,57.05368384401597,11.900382494635778,12.884170102511826,-0.9837876078760477,292.82083282470705,259.2003335571289,301.3078327178955,289.8563010051608,274.4596368969582,319.9774987934512,292.82083282470705,265.6641668559629,0.18548315505270835,2.948482725645217,-0.020481852686155544,-0.011210019994135068,12.662630072531314
666,291.913330078125,292.3999938964844,286.2966613769531,289.913330078125,55843200,53.003952721688165,10.46687328290676,12.400710738590814,-1.9338374556840527,293.89483337402345,260.2044668579102,300.7342993927002,289.8617323454431,275.0656640805334,318.70634576339467,293.89483337402345,269.08332098465223,0.16884619647460763,-0.17560908358790628,-0.022764022407583906,-0.06273980598271589,12.4988704328639
667,291.4533386230469,298.82666015625,287.92333984375,296.4533386230469,63984900,56.24312505146077,9.746183006270599,11.86980519212677,-2.1236221858561724,295.77450103759764,261.48893371582034,300.16671607971193,290.48950437188154,275.90439641553394,314.67687177717545,295.77450103759764,276.87213029801984,0.1278160941748999,4.630586345696434,0.0225584954757323,-0.032978456850239035,12.384902567123621
668,297.5633239746094,303.64666748046875,296.5,297.0966796875,57259800,56.5603060192226,9.121792669246872,11.320202687550792,-2.1984100183039192,296.8883346557617,263.11613403320314,299.61538276672366,291.1187591638452,276.7354663477679,313.16311846938834,296.8883346557617,280.61355084213506,0.10963572437089554,0.9308506088707467,0.002170125887066332,-0.022697596704386758,12.014075873573498
669,302.3599853515625,302.9599914550781,291.6000061035156,296.07000732421875,53230000,55.864367318029856,8.446746117878206,10.745511373616274,-2.2987652557380684,297.64683532714844,264.6197341918945,299.1574994659424,291.5903066076903,277.49368364096205,312.19248137617853,297.64683532714844,283.10118927811834,0.0977376160108858,3.2934453060019853,-0.003455684406709514,-0.022451837100395777,11.967355122001283
670,297.42999267578125,302.0,287.4700012207031,288.0899963378906,57163900,50.647894651988054,7.1850222041600205,10.033413539725025,-2.8483913355650046,297.19383544921874,265.72153411865236,298.89211616516116,291.25694372485225,277.9092253153514,312.32566440139504,297.19383544921874,282.06200649704243,0.10183137836156006,-3.979602869708158,-0.026953121859416895,-0.02891009140563594,12.150401097522396
671,282.8299865722656,287.739990234375,280.70001220703125,284.82000732421875,41864700,48.64345071041321,5.853757652957881,9.197482362371597,-3.3437247094137152,296.5710021972656,267.1559341430664,298.5362995147705,290.6439021628872,278.1802363745227,312.634672839479,296.5710021972656,280.50733155505225,0.10832934119114275,-7.920599838315641,-0.01135058160727187,-0.01756843244335715,11.810371314189323
672,287.8699951171875,288.4800109863281,272.6499938964844,277.70001220703125,50541800,44.512651650175435,4.17605780830354,8.193197451557985,-4.0171396432544455,295.4266693115234,268.37473449707034,298.1522829437256,289.41115073851995,278.1614040542289,313.3375949904311,295.4266693115234,277.51574363261574,0.12125462958810167,-9.415122263604072,-0.0249982267189629,-0.06325894828211498,12.09748886959321
673,280.6199951171875,281.25,271.80999755859375,275.6099853515625,52107300,43.34894091841699,2.6473044166617115,7.084018844578731,-4.436714427917019,293.83733520507815,269.14620086669925,297.8079662322998,288.0967540350002,278.0613484188302,312.82631486351676,293.83733520507815,274.84835554663954,0.1292482430470288,-9.337828568239106,-0.007526203685978228,-0.07232222978236647,11.907668410437
674,272.5799865722656,277.5799865722656,266.1499938964844,277.1600036621094,54287000,44.507623668344515,1.5430426284199825,5.975823601346981,-4.432780972926999,292.2636688232422,269.9676675415039,297.50478294372556,287.0551587613915,278.0260015656255,311.30357487187797,292.2636688232422,273.2237627746064,0.13029266432805162,-8.48878788574957,0.005623955563764049,-0.06387004152501508,11.873548715104446
675,281.07000732421875,282.3500061035156,269.0799865722656,270.2099914550781,50890100,40.50706446874791,0.10587879914072573,4.801834640905731,-4.695955841765005,291.36566772460935,270.67046722412107,297.09794960021975,285.4508571131712,277.71949136521187,312.6544848040216,291.36566772460935,270.0768506451971,0.14613126691051215,-8.917977285251482,-0.02507581222110289,-0.062063956090449124,11.973296630543414
676,272.67999267578125,275.989990234375,265.739990234375,274.4200134277344,55860000,43.8023132768611,-0.6854686453435761,3.7043739836558696,-4.389842628999446,290.5655014038086,271.2447341918945,296.65503303527834,284.400300571701,277.59010007354607,313.102273835098,290.5655014038086,268.02872897251916,0.1551235251425758,-5.344120136254352,0.015580556255471167,-0.036514267358492725,11.850204014076027
677,273.1000061035156,283.8399963378906,272.2699890136719,283.70001220703125,50028900,50.33273593568265,-0.5573737930116636,2.852024428322363,-3.4093982213340266,290.5838348388672,272.02033447265626,296.2462331390381,284.33360644173246,277.82970447093766,313.09762914303553,290.5838348388672,268.0700405346988,0.1549555866839776,-4.301967545803904,0.03381677109982606,0.02160604874416383,11.830189964800509
678,281.29998779296875,289.5,279.760009765625,289.260009765625,53713100,53.796951050513826,-0.007130171347967007,2.280193508388297,-2.287323679736264,290.3290023803711,273.15226806640624,295.79743324279787,284.8027877106746,278.277951737396,312.78150419809293,290.3290023803711,267.87650056264926,0.15466936912011264,-2.637750758479688,0.01959815762903916,0.04952659605801579,11.68088998405583
679,291.6700134277344,299.8500061035156,291.25,299.67999267578125,54338100,59.49838439696127,1.2552773446842025,2.075210275647478,-0.8199329309632755,290.9815017700195,274.5760678100586,295.36771659851075,286.21966437401807,279.1172474604699,313.7227309246721,290.9815017700195,268.24027261536696,0.15630704368710244,1.2193012673550876,0.03602289482946186,0.08125266530565645,11.602969009329742
680,300.7200012207031,305.489990234375,300.3999938964844,304.4200134277344,48674600,61.80721797457742,2.608159220994139,2.18180006471681,0.426359156277329,291.2010025024414,276.1750015258789,295.0414333343506,287.9530309505625,280.1095127925195,314.3681007382544,291.2010025024414,268.0339042666284,0.15911413790973314,5.668373528211943,0.01581694096302666,0.1266053182875868,11.189185334277171
681,292.8999938964844,297.3999938964844,290.3999938964844,292.1300048828125,68229600,53.31997147385362,2.657987254736156,2.2770375027206793,0.38094975201547676,290.3415023803711,277.47233489990236,294.64208335876464,288.3508379917292,280.5809046391977,311.98110544435275,290.3415023803711,268.7018993163894,0.14906310593951547,2.5665323258954107,-0.04037188096320543,0.06453607823228924,11.391387776918089
682,292.239990234375,306.0,291.6400146484375,302.6099853515625,72628700,58.547231804934206,3.502745697428736,2.5221791416622907,0.9805665557664454,290.1438354492187,278.86320129394534,294.3519332122803,289.708852025999,281.44479015732963,311.25283276363,290.1438354492187,269.03483813480744,0.14550712257407794,8.970101566275892,0.03587437200418364,0.06665481963649555,11.603430460821262
683,301.8299865722656,309.1199951171875,300.7200012207031,303.75,64795500,59.08398054682591,4.215617489756369,2.8608668112811064,1.3547506784752623,290.13150177001955,280.30353454589846,293.97569984436035,291.0461042139991,282.3195042688069,311.2083724348084,290.13150177001955,269.0546311052307,0.14529184549905214,10.210085317679136,0.003767273730617582,0.0500933061784643,11.374613563368627
684,299.6099853515625,303.7099914550781,295.6000061035156,303.3500061035156,87087800,58.796310141367094,4.694185705794837,3.2275305901838527,1.4666551156109842,290.15550231933594,281.47966796875,293.58451652526855,292.21790439395306,283.1442298309523,311.291351053809,290.15550231933594,269.01965358486285,0.1456863548374943,9.449416256082513,-0.0013168523341049454,0.012246441262112828,11.144283587162608
685,300.0899963378906,309.8399963378906,297.79998779296875,309.07000732421875,60231200,61.670318887760075,5.471933713678311,3.6764112148827444,1.7955224987955667,290.77566986083986,282.64580139160154,293.30486656188964,293.82286657778786,284.160926987551,313.32025556975725,290.77566986083986,268.23108415192246,0.15506514502885912,14.381413381451894,0.018856110452001085,0.015274928360083706,11.20826394128827
686,306.9100036621094,313.3299865722656,305.5799865722656,308.7300109863281,61642800,61.39618912369816,5.991800009553856,4.139488973816967,1.8523110357368893,291.71650390625,284.1335348510742,293.0408499908447,295.24259461669646,285.1244204776992,315.5710761525222,291.71650390625,267.8619316599778,0.16354626445090284,12.502731535514966,-0.0011000625419275156,0.056824036648254195,10.961245088339108
687,308.2900085449219,313.79998779296875,300.6300048828125,300.79998779296875,62555700,55.22970492799138,5.698225599050943,4.451236298863762,1.246989300187181,291.93383636474607,285.4881344604492,292.8532332611084,295.77187015729385,285.73914860770975,316.03500021091253,291.93383636474607,267.8326725185796,0.16511387748869327,6.027484966570507,-0.025685948599634356,-0.0059812882793373046,11.119012075611762
688,299.8599853515625,301.2900085449219,285.82000732421875,288.5899963378906,70545400,47.344837064765315,4.429263701539014,4.446841779398813,-0.017578077859798924,291.5085021972656,286.5191345214844,292.61449989318845,295.08788217449353,285.85094655791295,315.53031988689173,291.5085021972656,267.4866845076395,0.16481040867460123,-0.23163016148594415,-0.040591728559117746,-0.0499094770769033,11.42979701454686
689,283.0899963378906,284.5,272.82000732421875,275.3299865722656,63748400,40.57078841297622,2.3268082882642602,4.022835081171903,-1.6960267929076425,290.471501159668,287.25946746826173,292.2382331085205,293.2061778314242,285.4383598918091,315.39004141119057,290.471501159668,265.5529609081454,0.17157304693946704,-8.1253359245305,-0.04594757245188685,-0.09236861370521421,11.739810728770076
690,271.8299865722656,284.0899963378906,270.30999755859375,276.010009765625,58076900,41.03671971329444,0.7073159167840117,3.3597312482943247,-2.652415331510313,289.8675018310547,287.97833435058595,291.8366831207275,291.56844753944335,285.0686206711745,315.5612174272011,289.8675018310547,264.17378623490833,0.17727903565486003,-9.332501941057028,0.0024698479153155706,-0.10696604903468798,11.885538446664848
691,283.8399963378906,288.6700134277344,277.510009765625,282.94000244140625,61925200,45.708154157511245,-0.01675778949038431,2.684433440737383,-2.701191230227767,289.77350158691405,288.826201171875,291.578383102417,290.7466908634398,284.9851454464777,315.55400364469926,289.77350158691405,263.99299952912884,0.17793553873353504,-3.145860503132092,0.02510775852537339,-0.08353580030178531,11.94085739062517
692,283.0799865722656,289.0,277.57000732421875,287.80999755859375,54664800,48.77926080059736,-0.19537139287001537,2.1084724740159033,-2.3038438668859187,290.2790008544922,289.67180114746094,291.32238304138184,290.4670057867878,285.09592396067836,315.4827586847444,290.2790008544922,265.07524302424,0.17365195385170865,-4.890779719570259,0.017212112374233923,-0.043184809712544237,11.904367053850605
693,282.760009765625,283.6499938964844,265.7799987792969,268.2099914550781,77620600,39.17468537350292,-1.8966176215205905,1.3074544549086047,-3.2040720764291954,289.909001159668,290.0860009765625,291.052749710083,288.3472901361488,284.4337305290862,316.1588400482891,289.909001159668,263.65916227104685,0.18109019577604613,-11.700414335776749,-0.06810050474193607,-0.07061923539078918,12.627626462811053
694,266.1499938964844,275.57000732421875,262.4700012207031,265.25,67726600,37.95912079661982,-3.444013641848244,0.35716083555723493,-3.8011744774054788,289.3135009765625,289.95686767578127,290.7814830780029,286.14754821842035,283.6814273710828,317.18358242614215,289.3135009765625,261.4434195269829,0.19266353872533176,-12.559751223645705,-0.011036096899372572,-0.036610565735163525,12.661367865718521
695,254.5,255.16000366210935,241.0099945068359,242.3999938964844,98363500,30.17513141076894,-6.439905442193435,-1.002252419992899,-5.437653022200536,287.9230010986328,289.36000061035156,290.366833114624,281.98111447347407,282.0625476269809,321.6304794152784,287.9230010986328,254.21552278198726,0.23414231018728862,-21.571168941603762,-0.08614516909902203,-0.12177100351425907,13.488413410536063
696,250.52000427246097,257.5,242.0099945068359,249.44000244140625,109578500,34.623294203264265,-8.152128758627441,-2.4322276877198075,-5.719901070907634,286.6740005493164,288.9801342773437,290.06916648864745,278.88196094661043,280.7832321295074,323.9523613890944,286.6740005493164,249.39563970953844,0.26007493367620543,-19.204484965845285,0.029042940273044104,-0.11839965968381394,13.631384273580922
697,245.0099945068359,246.6699981689453,233.27000427246097,240.80999755859375,86982700,31.937378662584138,-10.089145948666157,-3.9636113399090775,-6.12553460875708,284.52949981689454,288.6191345214844,289.7189331817627,275.2560596715612,279.215654303197,326.8404095928596,284.52949981689454,242.21859004092948,0.2974096520971901,-19.94348160534642,-0.034597517632881325,-0.16330217990579532,13.81271383753552
698,239.44000244140625,244.5800018310547,235.3500061035156,238.1300048828125,69298400,31.12975883752867,-11.705564576551808,-5.512001987237624,-6.193562589314184,281.9729995727539,287.88533447265627,289.40968315124513,271.7202449297756,277.6044523651427,328.77233069221825,281.9729995727539,235.17366845328957,0.33194193196068267,-17.485010601683474,-0.011129075632041241,-0.11215088002157314,13.485376829678632
699,233.94000244140625,234.57000732421875,222.02000427246097,223.07000732421875,83916800,26.998162461395054,-14.039960006759713,-7.217593591142042,-6.8223664156176715,278.14250030517576,286.7287347412109,288.96081657409667,267.0868889673416,275.46584667726336,330.70381186500714,278.14250030517576,225.58118874534438,0.377945200766956,-18.980852721005835,-0.06324275500689214,-0.15901976503593307,13.672849956869554
700,223.92999267578125,226.9900054931641,218.36000061035156,222.9600067138672,67925000,26.97000600141199,-15.717677728611477,-8.91761041863593,-6.800067309975548,274.0694999694824,285.2449349975586,288.39416656494143,262.884328752725,273.4067941296792,330.34786283267476,274.0694999694824,217.79113710629008,0.4106867992933101,-19.220318530043688,-0.0004931214719139376,-0.08019796894433484,13.31264673729405
701,220.9499969482422,225.75,215.0,216.5,77013200,25.301193981072686,-17.368338271583184,-10.607755989225382,-6.760582282357802,270.2879997253418,283.629401550293,287.6983332824707,258.46677363341786,271.1751551442016,331.1786250134579,270.2879997253418,209.39737443722572,0.4505610707836918,-23.48201098046051,-0.02897383620084637,-0.13205581349825357,13.129600541773046
702,215.3300018310547,219.3000030517578,211.5099945068359,217.2400054931641,66860700,25.867073762460848,-18.4046292756353,-12.167130646507367,-6.237498629127934,266.0195007324219,281.96246826171875,286.96129997253416,254.5404147629175,269.0600512363178,329.17536903311617,266.0195007324219,202.8636324317276,0.4748213429978593,-24.519645830253925,0.003418039229395431,-0.09787796314268316,12.748201113426536
703,208.3000030517578,222.9900054931641,206.22000122070312,221.72000122070312,91483000,29.3561634530691,-18.64942024042361,-13.463588565290616,-5.185831675132993,261.91800079345705,280.2489349365234,286.25578330993653,251.4146610922304,267.2035786866859,325.39355128511437,261.91800079345705,198.44245030179974,0.484697884829327,-17.333429669103694,0.020622332969329582,-0.06891195282251383,13.035472767643281
704,224.0099945068359,226.2599945068359,204.16000366210935,204.9900054931641,94124500,24.683987211886247,-19.963265581523842,-14.763523968537262,-5.19974161298658,257.00000076293946,278.17606842041016,285.4704167175293,246.99326532089074,264.7638307183125,322.09405371708993,257.00000076293946,191.905947808789,0.5065685039759527,-22.718188315489503,-0.07545550981161042,-0.08105079677868332,13.682938344577801
705,210.0399932861328,221.86000061035156,209.4499969482422,219.3500061035156,79428800,34.34322345664998,-19.61960287322364,-15.734739749474539,-3.8848631237491027,252.5140007019043,276.79966827392576,284.7832667541504,244.36057396685501,262.982896419693,314.9478556743462,252.5140007019043,190.0801457294624,0.4944981648454875,-9.509071111120646,0.07005219876844371,-0.016191247316315494,13.910585256907064
706,229.5,229.82000732421875,217.25,220.19000244140625,75891900,34.869420048265994,-19.059757990783794,-16.39974339773639,-2.6600145930474035,248.0870002746582,275.3950015258789,284.1229167175293,242.05861477395513,261.30474371466215,306.3666118539902,248.0870002746582,189.8073886953262,0.4698320469416808,-11.726266722945073,0.0038294794370521412,0.017043891184324478,13.814829690286471
707,219.8000030517578,222.92999267578125,217.77999877929688,222.0399932861328,66571500,36.084353608840374,-18.25635024637799,-16.77106476746471,-1.4852854789132799,244.1490005493164,274.16913452148435,283.23348335266115,240.1520793941625,259.76494958021004,298.1345473417829,244.1490005493164,190.16345375684995,0.4422344279190425,-7.794528658592687,0.008401793106927569,0.022095321633196052,13.195912847872036
708,208.27999877929688,215.5500030517578,202.0,207.27999877929688,117798100,31.09979793687667,-18.596285618156628,-17.136108937603094,-1.4601766805535341,240.08350067138673,272.4276013183594,282.35390007019043,237.0214050498896,257.70671621546836,292.28685633382787,240.08350067138673,187.8801450089456,0.43487666179854867,-12.955110851611243,-0.0664744863679374,-0.06512719809627132,13.684775736319235
709,206.4199981689453,214.66000366210935,203.8000030517578,214.44000244140625,75713800,35.73724129423806,-18.07952488376185,-17.324792126834847,-0.7547327569270017,237.03900146484375,270.9838012695312,281.61256675720216,234.8707952776531,256.00998234197573,287.7457001087783,237.03900146484375,186.3323028209092,0.4278342241620948,-3.868742815913082,0.03454266549727758,0.04609979362412031,13.483006084464398
710,205.82000732421875,213.5,198.58999633789065,211.25,100446800,34.61925047341143,-17.723094020131555,-17.404452505494188,-0.3186415146373669,233.8010009765625,269.2082012939453,280.89431678771973,232.62119572740042,254.2546889168002,282.3653636351333,233.8010009765625,185.2366383179917,0.4154333168440041,-5.252066003431311,-0.014875967194030837,-0.036927311958646736,13.652077514396625
711,210.1000061035156,224.3500061035156,210.0,222.4199981689453,96507900,41.5182248208993,-16.350812503580755,-17.1937245051115,0.8429120015307454,230.77500076293944,267.47020111083987,280.29481674194335,231.64965310278563,253.0062696717863,273.9588839052741,230.77500076293944,187.5911176206048,0.3742509630555237,2.734410239697604,0.05287573097725584,0.010127597542183953,13.701929556476552
712,219.3999938964844,230.6000061035156,218.1999969482422,224.63999938964844,85012500,42.80986210706716,-14.91223500715489,-16.73742660552018,1.82519159836529,227.6165008544922,265.8317346191406,279.6544834136963,230.9820670348678,251.89386691562405,261.9948770965163,227.6165008544922,193.23812461246808,0.30207279448515095,3.406367938393927,0.009981122376490958,0.011709629715963343,13.6089352421049
713,229.77000427246097,233.80999755859375,222.8500061035156,225.08999633789065,61638800,43.08426797310101,-13.579307183518097,-16.105802721119765,2.5264955376016687,225.46050109863282,264.25360107421875,279.0059334564209,230.4209174446795,250.8427347361051,254.3566905089273,225.46050109863282,196.56431168833834,0.25633039285806597,1.5199328426094445,0.00200319154854367,0.08592241250231347,13.41972497160299
714,225.3999938964844,228.86000061035156,216.3500061035156,228.52000427246097,69152400,45.24100863831073,-12.10662170658884,-15.305966518213582,3.1993448116247425,223.62400131225587,262.7666012573242,278.30483352661133,230.2398780949444,249.96733354145238,246.13466776049586,223.62400131225587,201.11333486401588,0.20132603223396733,11.478607809531253,0.015238384603380561,0.06565939969573509,13.354744224119631
715,226.19000244140625,229.8500061035156,221.94000244140625,227.5399932861328,61554300,44.71959312579472,-10.893018614381702,-14.423376937447207,3.5303583230655047,222.8810012817383,261.3840679931641,277.72326683044435,229.98274620839092,249.08783000202808,243.78749134788316,222.8810012817383,201.97451121559342,0.18760226260575255,3.7337528856745044,-0.00428851290042731,0.07711239425388317,12.96583418397604
716,234.0500030517578,237.3999938964844,227.27999877929688,227.82000732421875,62688800,44.91494563539437,-9.795715714436142,-13.497844692844994,3.7021289784088527,221.8000015258789,260.14220153808594,277.1130168914795,229.776771076565,248.2537977401532,239.01074621095353,221.8000015258789,204.5892568408043,0.15519156507369564,3.465191333944821,0.0012306146011606955,0.024278433592880955,12.762559964919719
717,226.0399932861328,227.8699951171875,214.82000732421875,214.97999572753903,63070300,38.24146270458666,-9.848647806641992,-12.768005315604395,2.9193575089624026,220.50850143432618,258.51273468017575,276.4704002380371,228.36755437665778,246.94894275926637,235.56055606663512,220.50850143432618,205.45644680201724,0.13652130901439985,-3.179606274575897,-0.05636033352596037,-0.04300215317109968,12.783090524066079
718,211.36000061035156,221.1999969482422,210.13999938964844,215.30999755859375,56538800,38.49439946735117,-9.751558584022348,-12.164715969287986,2.413157385265638,219.36750106811525,256.87700103759767,275.8875335693359,227.12397753684215,245.7081998102204,232.19942349086378,219.36750106811525,206.5355786453667,0.11699018642478064,3.8739863115528497,0.0015350350619272035,-0.04344928223560762,12.66001245510377
719,222.6000061035156,223.8000030517578,203.0800018310547,207.47000122070312,98622200,34.84333984728717,-10.189775469789993,-11.769727869388388,1.5799523995983957,218.58750076293944,255.10500091552734,275.26443359375,225.25217026863842,244.2086626106315,232.29126014376908,218.58750076293944,204.8837413821098,0.12538465678960772,-3.2503269638824097,-0.03641259777431871,-0.09211448738929762,13.235725938360867
720,208.6499938964844,208.8999938964844,196.66000366210935,197.0800018310547,93916500,30.689114265149158,-11.245816850465502,-11.664945665603812,0.41912881513830946,217.29350051879882,253.28480102539064,274.67666694641116,222.56910660791615,242.36047983496184,233.71866459844068,217.29350051879882,200.86833643915696,0.1511795248401446,-6.707691440920859,-0.05007952633400592,-0.13386653930667258,13.164601959504738
721,194.02000427246097,195.1999969482422,186.75,191.3000030517578,128803400,28.643194231490924,-12.406124765292333,-11.813181485541516,-0.5929432797508163,216.03350067138672,251.4144009399414,274.0831669616699,219.5910967454249,240.35810819640483,235.9945144252117,216.03350067138672,196.07248691756175,0.1847955404304456,-13.991545442577264,-0.02932818513088775,-0.16030200640143089,12.962130521758306
722,190.77999877929688,195.88999938964844,177.1199951171875,177.58999633789062,127062700,24.47521603204372,-14.267493327983175,-12.30404385402985,-1.9634494739533253,214.05100021362304,249.4122006225586,273.44045028686526,215.59099194470735,237.89661361371802,240.08963136295898,214.05100021362304,188.0123690642871,0.2432937115299566,-20.94462392253991,-0.07166757185130745,-0.17392315625978372,13.376978646808494
723,189.8999938964844,191.0,180.02999877929688,190.72000122070312,132703000,34.330706420733605,-14.515830207496862,-12.746401124723253,-1.769429082773609,212.50100021362306,247.7144009399414,272.8317002868652,213.22232616146886,236.0465503826194,240.1687558082385,212.50100021362306,184.83324461900762,0.260401179917286,-15.269445855600575,0.07393437216942544,-0.1142074061433157,13.379337576472844
724,186.0,196.52000427246097,182.58999633789065,195.97000122070312,114403600,37.82442299784593,-14.126170153469161,-13.022354930472435,-1.103815222996726,212.05,246.09060089111327,272.4297169494629,211.57924759568164,234.4749210037207,240.47644670153576,212.05,183.62355329846426,0.26811079180887293,-14.243830930857573,0.027527264924482875,-0.05542970035348138,13.418671173479806
725,192.77000427246097,195.72999572753903,186.33999633789065,190.9499969482422,92226600,35.85987105371353,-14.060355122578613,-13.229954968893672,-0.8304001536849412,210.62999954223633,244.50540100097658,271.9738835906982,209.61455705783027,232.7680612368392,240.26749732476887,210.62999954223633,180.9925017597038,0.2814176313625212,-16.080687974653536,-0.02561618738169713,-0.03110414464105493,13.148052152717854
726,195.8800048828125,200.82000732421875,192.05999755859375,194.4199981689453,91293800,38.247442506253286,-13.571749458291123,-13.298313866773164,-0.27343559151795915,209.34149932861328,242.90540069580078,271.3847836303711,208.1674562112698,231.26421562633357,239.44157310635654,209.34149932861328,179.24142555087002,0.28756910478121445,-14.660700588838404,0.018172303095892017,0.016309435794119365,12.913906311522046
727,191.5099945068359,192.57000732421875,185.66000366210935,186.9199981689453,66567600,35.197738899678086,-13.632565539452884,-13.365164201309108,-0.26740133814377565,207.58549957275392,240.96980041503906,270.76730033874514,206.14388877866747,229.525226706436,238.60121645868193,207.58549957275392,176.5697826868259,0.29882353969582276,-13.052376089055445,-0.03857627852399581,0.052536753327608654,12.61719832547304
728,183.9600067138672,186.16000366210935,180.8999938964844,183.1699981689453,64336000,33.748741829519545,-13.824001893189859,-13.45693173968526,-0.36707015350459926,206.37999954223633,238.84800018310546,270.1737170410156,203.95589919678918,227.70737460692658,239.1727799712674,206.37999954223633,173.58721911320526,0.3177902946193187,-14.927313991029129,-0.020062058831236462,-0.03958684460693174,12.145970178829318
729,185.0500030517578,185.19000244140625,176.5500030517578,180.19000244140625,76048900,32.6002121424295,-14.054169614204085,-13.576379314589026,-0.4777902996150587,204.66749954223633,236.45820037841796,269.5894337463379,201.69248045818128,225.8439482474944,239.13235531660473,204.66749954223633,170.20264376786793,0.33678875103720163,-13.148888330258826,-0.016269016527425406,-0.08052252222790623,11.895543693887827
730,175.85000610351562,176.77000427246094,167.5399932861328,167.8699951171875,92882700,28.310636933094486,-15.057131579731788,-13.872529767617578,-1.1846018121142095,202.4984992980957,233.72720001220702,268.8899169921875,198.47129137808665,223.57045988944316,240.3290879696812,202.4984992980957,164.6679106265102,0.3736382126555469,-14.821395596955211,-0.06837231343190053,-0.12086934904382651,11.9494340839868
731,168.6300048828125,170.9199981689453,166.19000244140625,169.91000366210938,78452300,29.9541825865781,-15.508601024014894,-14.199744018897043,-1.3088570051178507,199.8729995727539,231.28279998779297,268.22723373413083,195.75116873846977,221.46612827268498,239.0726070978134,199.8729995727539,160.67339204769442,0.3922451517598885,-11.181389988719024,0.012152311933396831,-0.12606724996230823,11.433759915669103
732,173.57000732421875,183.6199951171875,172.5,183.1999969482422,109536700,39.65957064411057,-14.625409801992333,-14.284877175516103,-0.3405326264762305,197.8009994506836,228.89460021972656,267.6065670013428,194.55581904416238,219.96549567172644,235.910754624558,197.8009994506836,159.69124427680921,0.3853343034636793,3.1589620620734324,0.07821783885404354,-0.019901568891204757,11.596347882769749
733,185.05999755859375,185.1999969482422,180.6300048828125,182.86000061035156,50672700,39.50875091457299,-13.793901745572839,-14.186682089527451,0.3927803439546125,195.68949966430665,226.4768002319336,266.9675337219238,193.44193157427563,218.5103782183392,232.16179782425988,195.68949966430665,159.21720150435343,0.37275682366728125,-4.121225125861807,-0.0018558752377418886,-0.0016924035687756467,11.094465324388315
734,179.9600067138672,188.5,179.0,182.9199981689453,92905200,39.55243597853951,-12.98045372808491,-13.945436417238945,0.9649826891540343,193.40949935913085,224.0682000732422,266.3745503997803,192.43984267852989,217.11467703993162,226.9725527754236,193.40949935913085,159.8464459428381,0.34706726947233824,-6.659184043715337,0.0003281065208000644,0.015150650372108165,10.980574944074863
735,184.9900054931641,186.3800048828125,178.75,180.8300018310547,83357100,38.50915557673625,-12.36193486124563,-13.628736106040282,1.266801244794653,191.07399978637696,221.5033999633789,265.84536712646485,191.33414355019892,215.69174860036782,221.1294643490673,191.07399978637696,161.01853522368663,0.31459502178520055,-5.299814233529717,-0.011425739989130657,0.07720263948789663,10.741248511127552
736,182.42999267578125,194.7599945068359,180.6300048828125,194.6999969482422,109186400,48.26240850468048,-10.630025199972039,-13.028993924826635,2.398968724854596,189.41799926757812,219.2227996826172,265.3592670440674,191.65470101667924,214.86854265322563,214.41674636209132,189.41799926757812,164.41925217306493,0.2639532377194961,0.14401747862046796,0.07670184691003823,0.1459007283375222,10.983301447762969
737,197.0800018310547,198.9199981689453,191.8000030517578,194.6999969482422,80046200,48.26240850468048,-9.151976032877627,-12.253590346436834,3.1016143135592067,188.40399932861328,217.10079986572265,264.7953837585449,191.94472920063762,214.07761929224588,210.66879980125273,188.40399932861328,166.13919885597383,0.23635167567547546,4.162207819125388,0.0,0.06277292680986779,10.707350995579008
738,191.77999877929688,196.25,191.11000061035156,194.86000061035156,73645900,48.37196738541208,-7.8769004556083075,-11.378252368271129,3.5013519126628214,187.38149948120116,215.22619995117188,264.2307004547119,192.22237409680085,213.32398718707356,206.2252984265899,187.38149948120116,168.53770053581243,0.20112763530616543,6.382050858909806,0.0008217959148295595,0.06562397440635626,10.309683023726823
739,189.44000244140625,191.27000427246097,180.5500030517578,182.4499969482422,93122700,41.10202073814791,-7.7781161734646105,-10.658225129309827,2.880108955845216,186.13049926757813,213.3686001586914,263.68236709594726,191.29167151122383,212.11324247182526,202.6526999555983,186.13049926757813,169.60829857955795,0.17753351280993596,1.2542285788418461,-0.06368676805520912,-0.0025694359578389836,10.595419776217318
740,181.22000122070312,183.6499938964844,175.3300018310547,179.82000732421875,92150800,39.73894309873565,-7.821881322152024,-10.090956367878267,2.269075045726243,185.26749954223632,211.44480010986328,263.1531671142578,190.1991320648424,210.84684109348777,201.20456896880842,185.26749954223632,169.33043011566423,0.17204387672905191,7.1186111601952025,-0.01441485156488942,-0.005585325978039624,10.432889225446774
741,175.02999877929688,179.3800048828125,172.22000122070312,174.0399932861328,84213300,36.846818767347635,-8.228115748553279,-9.71838824401327,1.4902724954599904,184.40449905395508,209.2667999267578,262.65415046691896,188.66016646687004,209.40343529712092,200.80401923486204,184.40449905395508,168.00497887304812,0.17786464283725106,2.4306924460060158,-0.032143331123685615,-0.10611198760111695,10.230540431023119
742,172.1999969482422,175.1999969482422,169.05999755859375,173.44000244140625,97624500,36.54945913232166,-8.500485400742662,-9.474807675359148,0.9743222746164868,184.19699935913087,206.97940002441408,262.24795051574705,187.21062703587347,207.9931045968968,201.03530644180503,184.19699935913087,167.3586922764567,0.1828293310016884,-5.327508007324552,-0.003447430865732959,-0.10919360472556949,9.938358928067785
743,173.83999633789062,182.5,173.36000061035156,179.0500030517578,104872300,41.318044510387594,-8.169487382677886,-9.213743616822896,1.04425623414501,183.6134994506836,205.19620025634765,261.80858383178713,186.433424751672,206.85808100689138,200.31544845007318,183.6134994506836,166.91155045129403,0.18192506596036548,-2.083559852278634,0.0323454827685834,-0.08113516118789277,9.881333246752117
744,176.10000610351562,177.3699951171875,167.52000427246094,167.82000732421875,109794500,35.55723423135805,-8.712898994850462,-9.11357469242841,0.4006756975779471,182.20599975585938,203.24760040283203,261.2979005432129,184.6607183300098,205.3271761565905,199.2465728191613,182.20599975585938,165.16542669255747,0.187047331988352,-8.25496992995822,-0.0627198857086465,-0.08018629689631462,9.999095070505314
745,174.8699951171875,175.0500030517578,156.91000366210938,160.9499969482422,175862700,32.56587197130122,-9.587391552957001,-9.208338064534129,-0.3790534884228727,180.70599975585938,201.61860046386718,260.65193382263186,182.40255438888906,203.5868946190082,199.585967023234,180.70599975585938,161.82603248848477,0.20895783530023526,-10.993753625787125,-0.04093677795344208,-0.10493832503272893,10.580588236158395
746,159.25,161.6199951171875,155.30999755859375,156.8000030517578,140682300,30.8760626576056,-10.494330915831739,-9.46553663479365,-1.0287942810380883,178.825,199.76580047607422,259.9953172302246,179.96421616630514,201.7521145575474,199.29412574780469,178.825,158.3558742521953,0.22892912901221527,-19.465842059853482,-0.025784367661833008,-0.09905763559776382,10.275546044903777
747,153.44000244140625,160.92999267578125,153.27999877929688,157.6699981689453,122334500,31.676448616578526,-11.01590110912511,-9.775609529659944,-1.2402915794651665,177.3625,198.10300048828125,259.31718391418457,177.8409573094137,200.02340411093556,199.42673588758018,177.3625,155.29826411241984,0.24880384396453778,-19.019003266415403,0.005548438139381551,-0.09092483885191693,10.088006605730962
748,159.63999938964844,160.99000549316406,150.0399932861328,150.22999572753906,139032200,28.62403873637369,-11.892505858636667,-10.19898879545529,-1.6935170631813783,175.7154998779297,196.34500030517577,258.66951721191407,175.21134192066376,198.07072142923374,200.5442980429022,175.7154998779297,150.88670171295718,0.2826022540097053,-22.903625548096,-0.047187179094365206,-0.16096066368615347,10.149578434395268
749,154.0,155.25,145.82000732421875,149.8699951171875,139390600,28.481025304765737,-12.472495316673644,-10.653690099698961,-1.818805216974683,174.19949951171876,194.88100006103517,258.0217172241211,172.7978803203327,196.18049686797704,201.3448486254239,174.19949951171876,147.0541503980136,0.3116581757099598,-17.856948411074544,-0.00239632976495896,-0.10695990599233407,10.098179451637124
750,146.0500030517578,148.47000122070312,137.66000366210938,137.8000030517578,159563300,24.128301601083677,-13.747614682843164,-11.272475016327803,-2.4751396665153607,172.69599990844728,193.17779998779298,257.3697505950928,169.464749151897,193.89106573792924,204.07752437123344,172.69599990844728,141.31447544566112,0.36343082039448166,-23.36781368087596,-0.08053641461716088,-0.14383345346647558,10.249023166168625
751,139.33999633789062,141.25999450683594,135.88999938964844,137.57000732421875,145417400,24.05286713853195,-14.608319091208784,-11.939643831304,-2.6686752599047843,171.07900009155273,191.59920013427734,256.683600692749,166.4271546921181,191.68239678052882,206.00114263701562,171.07900009155273,136.15685754608984,0.40825750123363297,-20.954945626753208,-0.0016690545895901021,-0.12264027648769538,9.900521162669973
752,136.0,136.6300048828125,122.26000213623048,125.3499984741211,210090300,20.403025259001595,-16.090999101859637,-12.769914885415128,-3.3210842164445094,168.18650016784667,189.76139999389648,255.87873401641846,162.51504457611838,189.0811262587089,207.87194361448726,168.18650016784667,128.50105672120608,0.471921865393897,-27.727169793791685,-0.08882756559936855,-0.20498509589752734,10.286912878764136
753,126.37000274658205,128.6199951171875,121.0199966430664,123.1500015258789,166989700,19.819923419876375,-17.24476810776369,-13.664885529884842,-3.5798825778788483,165.20100021362305,187.79,255.09731742858887,158.76599285704796,186.49559195546067,208.8115092749512,165.20100021362305,121.5904911522949,0.5279690680435949,-31.22032983697853,-0.017550833466474902,-0.18025690588964083,10.094990421289634
754,117.5,119.66999816894533,108.76000213623048,109.0999984741211,208643400,16.564125885300385,-19.0729945739796,-14.746507338703793,-4.326487235275806,161.51000022888184,185.87219985961914,254.3172340774536,154.03589815391206,183.46047064246696,210.6430286167771,161.51000022888184,112.37697184098658,0.6084208819053558,-34.98987384540743,-0.1140885333144338,-0.27203575079312714,10.401776776172406
755,110.3499984741211,116.2699966430664,108.23999786376952,112.70999908447266,221070500,20.191721761553993,-20.00003241678192,-15.79721235431942,-4.2028200624625,158.10400009155273,183.7393997192383,253.60350074768067,150.1000982425369,180.68594234607502,210.72801229872914,158.10400009155273,105.47998788437633,0.6656885616645196,-29.972040247557384,0.03308891531476843,-0.18207549645598575,10.23236406210987
756,120.38999938964844,123.56999969482422,117.5,121.81999969482422,221923300,28.625201200859493,-19.77169982422828,-16.59210984830119,-3.1795899759270867,154.46000022888182,181.77199966430663,252.87611743927002,147.40675552370712,178.3774740068103,206.5332569021058,154.46000022888182,102.38674355565787,0.6742620302481005,-22.30867517610131,0.0808269069678893,-0.11448721953089402,10.277195244127133
757,119.9499969482422,124.4800033569336,119.75,123.18000030517578,157777300,29.81752148093078,-19.258998173689776,-17.12548751337891,-2.133510660310865,150.8840003967285,179.7947998046875,252.09163414001466,145.0994455028946,176.2128671949815,201.20605493753402,150.8840003967285,100.56194585592301,0.6670296970983094,-21.87480070039265,0.011164017515666869,-0.017311513325573125,9.880967252184737
758,118.47000122070312,118.8000030517578,104.63999938964844,108.0999984741211,231402800,24.858748094417223,-19.84079619271168,-17.668549249245466,-2.172246943466213,146.546000289917,177.81119979858397,251.17946750640868,141.57568864301143,173.54177430396737,195.90542328741603,146.546000289917,97.18657729241798,0.6736372592885452,-28.043665347515557,-0.12242248574195735,-0.12220871185775162,10.49946965670921
759,109.11000061035156,114.58999633789062,107.5199966430664,113.63999938964844,180389000,29.497492162772176,-19.62857751700058,-18.06055490279649,-1.5680226142040894,143.1055004119873,175.79519973754884,250.23868419647218,138.91514680935782,171.19268509164115,191.55904584312563,143.1055004119873,94.65195498084896,0.6771723699179295,-24.174282316623703,0.05124885285593783,0.04161320787373102,10.254507516574566
760,110.51000213623048,111.75,107.16000366210938,110.33999633789062,157986300,28.37384647736215,-19.501869937401352,-18.348817909717464,-1.1530520276838878,139.6314998626709,173.77699966430663,249.2551174545288,136.19370390731333,168.80630514051367,187.00866729029426,139.6314998626709,92.25433243504753,0.678602857868308,-19.927435490370186,-0.029039097760312105,-0.021027440030460753,9.98489953164346
761,103.0,114.38999938964844,101.80999755859376,113.05999755859376,220911100,30.716528657908967,-18.963373930794276,-18.471729113932827,-0.4916448168614487,136.58250007629394,171.5897996520996,248.16378414154053,133.99049377886385,166.62017543141877,182.53715661597857,136.58250007629394,90.6278435366093,0.672921589720714,-17.81639053624596,0.024651090365942707,-0.07190939220304926,10.170263981601405
762,118.95999908447266,123.5199966430664,117.11000061035156,119.7699966430664,190284000,36.255422448449345,-17.790097942459937,-18.33540287963825,0.5453049371783116,133.89899978637695,169.49239959716797,247.09745071411132,132.63616071831171,164.78291351815005,177.11777719476794,133.89899978637695,90.68022237798596,0.6455429462108369,-4.451537214981855,0.05934901140427806,-0.027683095093855914,10.190959346092209
763,121.06999969482422,122.76000213623048,114.91999816894533,118.8499984741211,167642500,35.83244325422817,-16.741518626701207,-18.01662602905084,1.275107402349633,130.8889995574951,167.36759963989257,246.00183406829834,131.32319288553165,162.9816227321097,169.21906848633662,130.8889995574951,92.5589306286536,0.5856881641455959,-3.491679251708498,-0.007681374256751861,0.0994449597755871,10.023033961891704
764,122.08999633789062,125.9499969482422,120.51000213623048,123.22000122070312,183810800,39.44626244792816,-15.380591380989642,-17.489419099438603,2.1088277184489606,128.65899925231935,165.2615995788574,244.9335340499878,130.5514603460242,161.4223434571526,163.1305153026788,128.65899925231935,94.1874832019599,0.5358586068706425,12.942257510600557,0.036769060182475055,0.08430131892386594,9.814245712765231
765,122.55999755859376,124.12999725341795,117.0,123.55999755859376,169400900,39.73065916002164,-14.111938231258662,-16.813922925802615,2.7019846945439525,126.78949928283691,163.18199966430663,243.73160076141357,129.8856067472213,159.93754557877776,157.94978739898747,126.78949928283691,95.62921116668636,0.4915278992724695,9.626473748783699,0.0027592625752508315,0.11981150679233266,9.62251367995471
766,116.5500030517578,122.62999725341795,115.5999984741211,122.4000015258789,180714100,39.0566808841321,-13.04969469796795,-16.061077280235683,3.011382582267732,125.06949920654297,161.07359954833984,242.51098403930663,129.1726919642363,158.46548502768368,153.04908864689205,125.06949920654297,97.08990976619391,0.4474246657715141,0.47611380110628104,-0.009388119582672938,0.08261103988123342,9.503762637420278
767,125.6999969482422,131.6999969482422,125.0199966430664,131.49000549316406,186477000,46.688580150272585,-11.343609622381635,-15.117583748664874,3.773974126283239,123.7604995727539,159.40379974365234,241.34511741638184,129.39338849080085,157.40762308515352,147.67053049622285,123.7604995727539,99.85046864928493,0.3863919587592356,6.746229231531436,0.07426473736900463,0.09785429722458083,9.489207836344779
768,136.55999755859375,136.67999267578125,127.01000213623048,128.77999877929688,195680300,44.88394854344681,-10.093844248343231,-14.112835848600547,4.018991600257316,122.6879997253418,157.6731997680664,240.19301734924318,129.33497042303856,156.28497115159053,143.47262828083217,122.6879997253418,101.90337116985143,0.33882088879141137,19.13043533495195,-0.020609982513142944,0.08355069779271385,9.502120886573778
769,127.26000213623048,129.99000549316406,124.30999755859376,127.16999816894533,170291900,43.80077012980133,-9.128086875795958,-13.11588605403963,3.9877991782436712,121.5529998779297,156.06719970703125,239.0212173461914,129.1287825893154,155.14320750521227,138.37837871135963,121.5529998779297,104.72762104449976,0.27684020715781466,11.906017997153691,-0.012501946153228083,0.032056459252644,9.22911281857353
770,128.67999267578125,133.50999450683594,127.3499984741211,133.4199981689453,138858100,48.95108861707881,-7.768840081056098,-12.046476859442924,4.277636778386826,121.33399963378906,154.79399963378907,237.77923393249512,129.5374697873754,154.29131694300574,137.40489368864536,121.33399963378906,105.26310557893278,0.2649033923444632,20.917167479666702,0.049146812062518475,0.07979929431186505,9.022747355667606
771,135.8699951171875,145.3800048828125,134.27000427246094,143.75,203119200,56.11038805575943,-5.791323613400209,-10.795446210234381,5.004122596834172,121.64299926757812,153.8429995727539,236.67921730041505,130.89104409333964,153.87793196484864,139.1262923774743,121.64299926757812,104.15970615768194,0.2874525162181866,27.144881570956187,0.07742468874848996,0.1744280899343542,9.232551595539006
772,143.0,146.5,141.10000610351562,143.88999938964844,158699100,56.200041745069825,-4.164821317191894,-9.469321231625884,5.30449991443399,122.56999931335449,153.16899963378907,235.6557339477539,132.12903983584525,153.48624833444865,142.53160385532163,122.56999931335449,102.60839477138734,0.3257176250924928,20.138601839042767,0.0009739087975544347,0.09430369897679425,8.95879747417796
773,141.91000366210938,146.41000366210938,138.07000732421875,144.42999267578125,192734300,56.568558779138144,-2.7999574176540705,-8.135448468831521,5.335491051177451,123.63399887084961,152.24319946289063,234.61578384399414,133.3005591539344,153.1311010537166,145.75733173694928,123.63399887084961,101.51066600474994,0.3578842885962157,21.522923458202698,0.003752820129427681,0.1215250352914301,8.914597393014578
774,159.97000122070312,161.4199981689453,154.75999450683594,160.27000427246094,234815100,65.6882238532883,-0.4351205893049155,-6.5953828929262,6.160262303621285,126.1924991607666,151.52919952392577,233.70798393249513,135.8690777366512,153.411058042687,152.44988111368002,126.1924991607666,99.9351172078532,0.4161480615335474,30.06817293029921,0.10967259156647335,0.26028156467803254,9.49141225731097
775,162.42999267578125,180.67999267578125,161.1699981689453,177.89999389648438,306590600,72.5875128077696,2.829011375441212,-4.710504039252718,7.53951541469393,129.45199890136718,151.26819946289064,232.97093391418457,139.8720221328258,154.3714084683261,163.29472623668525,129.45199890136718,95.6092715660491,0.5228614099826102,43.97863176722861,0.11000180416824756,0.3333832734071509,10.271310553454494
776,178.0500030517578,179.77000427246094,166.5,166.66000366210938,230878800,63.781943431397444,4.457502880401108,-2.8769026553219526,7.334405535723061,131.69399909973146,150.71299957275392,232.1593172454834,142.42325846894806,154.85331416219998,168.98289255625778,131.69399909973146,94.40510564320513,0.5662960151781489,36.16013201345641,-0.06318150994943417,0.15937393851902182,10.485502961954953
777,164.57000732421875,174.3000030517578,162.77999877929688,173.22000122070312,196813500,66.34779473176977,6.205893433059202,-1.0603434376457215,7.266236870704924,134.1959991455078,150.43899963378905,231.32146720886232,145.35628158816283,155.57357639978835,175.376160554023,134.1959991455078,93.01583773699265,0.613731581727169,31.736249132416784,0.03936155894904236,0.20383627740264432,10.559395912705382
778,173.88999938964844,183.80999755859375,169.92999267578125,181.41000366210935,213806300,69.27444676376244,8.158326186928463,0.7833904872691153,7.374935699659347,137.86149940490722,150.40379974365234,230.58685050964357,148.78996940472916,156.58676962576172,182.03948395960666,137.86149940490722,93.68351485020779,0.6409038744739912,40.86815140681105,0.04728092820511631,0.2560410777652078,10.796582267713033
779,187.3300018310547,196.75,182.61000061035156,188.27000427246097,217448300,71.50947406784893,10.142274106176814,2.6551672110506552,7.487106895126159,141.59299964904784,150.56539978027342,229.85438385009766,152.54997272546552,157.82924941582837,189.4141790889757,141.59299964904784,93.77182020912,0.6754737813092079,48.04592827181163,0.0378148970391341,0.17470518034303972,11.12111184415429
780,183.9499969482422,199.0,183.69000244140625,189.97999572753903,232662000,72.05515563780364,11.717477360053692,4.467629240851263,7.249848119202429,145.57499961853028,151.00759979248048,229.0907004547119,156.1147368209011,159.09006299667976,195.5384877143837,145.57499961853028,95.61151152267686,0.6864295136772036,42.392443662736135,0.009082654784473343,0.06790332909220731,11.42031796661425
781,193.0099945068359,198.1699981689453,189.9199981689453,194.7599945068359,186188100,73.57855548018514,13.199388901923328,6.213981173065676,6.985407728857652,149.65999946594238,151.504599609375,228.4358337402344,159.7952375528949,160.4888838402153,201.6406585646115,149.65999946594238,97.67934036727326,0.6946499971156045,35.48521356997281,0.025160537355481072,0.16860668563104775,11.193866683284662
782,196.42999267578125,197.5,189.5500030517578,196.80999755859375,186010300,74.22746005767418,14.373543328862581,7.845893604225058,6.527649724637524,153.51199951171876,151.77679962158203,227.73858367919922,163.3204527915329,161.91324124093603,207.44324567939512,153.51199951171876,99.58075334404239,0.7026323198084509,36.778093261116815,0.010525791279409225,0.13618517591299484,10.9621617022102
783,196.1000061035156,203.0,194.30999755859375,201.2899932861328,180673600,75.63572861833107,15.487042401409383,9.374123363661923,6.11291903774746,157.63399925231934,152.14539947509766,227.0699503326416,166.93659950530432,163.45742759564965,212.92298785211165,157.63399925231934,102.34501065252704,0.7014855787715328,39.368554658859395,0.022763049555982517,0.10958596120780384,10.799864612152774
784,207.77999877929688,214.0,204.77000427246097,207.32000732421875,215431400,77.42387500769416,16.663978208848533,10.832094332699246,5.831883876149288,161.83899955749513,152.63339965820313,226.44318367004394,170.78263834520092,165.17752876147588,218.78651379334218,161.83899955749513,104.89148532164808,0.7037551442057179,29.356711672492526,0.029956849516678652,0.10118448302677563,10.936303333703803
785,202.22999572753903,206.1999969482422,192.88999938964844,196.88999938964844,204754100,68.11224264913001,16.564152602131742,11.978505986585745,4.585646615545997,165.50549964904786,152.954599609375,225.96693359375,173.26905368276735,166.42115506061992,221.55819454409212,165.50549964904786,109.45280475400361,0.6773514477029854,10.674539710335166,-0.05030873801899527,0.03637226980476105,11.185853662337125
786,194.4199981689453,196.3000030517578,187.61000061035156,194.63999938964844,172475500,66.26088339404427,16.117689205392026,12.806342630347002,3.3113465750450235,169.11749954223632,152.95339965820312,225.47095024108887,175.30438184532744,167.52777640685633,222.8563630715393,169.11749954223632,115.37863601293333,0.6355210273893857,16.788668614376366,-0.011427700782035255,-0.0006161178916199717,11.049721170691393
787,191.94000244140625,209.82000732421875,189.44000244140625,209.25,216455700,71.64951416254236,16.74968871013519,13.59501184630464,3.1546768638305487,173.00549926757813,153.2443997192383,225.05468360900878,178.53729786005817,169.16394203796,226.54387002052414,173.00549926757813,119.46712851463212,0.6189210282864032,20.800137700836476,0.0750616556523096,0.0632081835055287,11.716170007271472
788,211.7599945068359,214.66000366210935,206.11000061035156,214.2400054931641,181006400,73.22258692201142,17.452028490113605,14.366415175066434,3.085613315047171,177.27849960327148,153.63199981689453,224.67461700439452,181.93755572987777,170.93163080090918,229.64452807068866,177.27849960327148,124.9124711358543,0.5907769818066626,18.097128696498597,0.02384709913101113,0.06433510178830848,11.49001522473478
789,210.77999877929688,217.6499938964844,201.83999633789065,202.0399932861328,229586500,63.88881728158664,16.83019083694191,14.85917030744153,1.9710205295003789,181.02199935913086,154.02379974365235,224.17991691589356,183.85207359237825,172.15156658464343,229.04907199992766,181.02199935913086,132.99492671833406,0.5306213919946331,7.31395798650122,-0.056945537220967624,-0.025467942560067347,11.798585391438992
790,199.9900054931641,208.44000244140625,197.5,208.30999755859375,213738500,66.26860678263014,16.651370328847662,15.217610311722758,1.4337600171249036,184.7664993286133,154.59359954833985,223.70605018615723,186.18139968439877,173.5695442698964,228.8828392951523,184.7664993286133,140.65015936207428,0.47753613481713103,9.648385221222345,0.031033480898909227,0.058001920891598724,11.737258037865226
791,204.9900054931641,209.7100067138672,197.22000122070312,197.3699951171875,180018600,58.966675519538654,15.448802837677647,15.263848816913738,0.1849540207639091,187.44749908447267,155.06019958496094,223.10520011901855,187.24698020180722,174.50289528351567,227.60717277666382,187.44749908447267,147.28782539228152,0.4284898319618904,1.3401112569142026,-0.05251789433835996,0.014025872051478538,11.791025713243714
792,197.92999267578125,201.9900054931641,191.77999877929688,200.86000061035156,191828500,60.46333601957688,14.608970593763473,15.132873172283686,-0.5239025785202127,190.2959991455078,155.60859954833984,222.65403350830078,188.5434583359543,175.53650725711708,225.46518259033374,190.2959991455078,155.12681570068187,0.36962609411387776,2.0578238412670355,0.017682553475729224,-0.04009557653356477,11.67809578471682
793,203.91000366210935,205.13999938964844,196.3300018310547,202.07000732421875,146360000,60.99453641444389,13.881023125207435,14.882503162868437,-1.0014800376610022,193.1779998779297,156.06899963378908,222.22163360595704,189.8317010967414,176.57703667151324,221.6496541170386,193.1779998779297,164.70634563882078,0.2947711877863972,0.38750760797987166,0.006024129792842503,-0.056805441826473735,11.47323162570803
794,196.3300018310547,197.6699981689453,192.8000030517578,196.8800048828125,142228100,57.43031997536118,12.738488325454966,14.453700195385743,-1.7152118699307763,195.00849990844728,156.65019958496094,221.89418365478517,190.50296812398628,177.3732315033289,219.16188283758981,195.00849990844728,170.85511697930474,0.24771620663183486,-5.0356946134386265,-0.025684180003413215,-0.02553944058002733,11.315858243333237
795,202.02999877929688,209.4199981689453,201.2599945068359,207.6300048828125,161028300,62.33925842763391,12.555721877495557,14.074104531807706,-1.5183826543121484,196.49500045776367,157.58379974365235,221.59893371582032,192.13411448196973,178.55977163585766,219.9015690520842,196.49500045776367,173.08843186344313,0.2382408564064381,5.454825296590824,0.0546017865369246,-0.003264330487018463,11.403296460676064
796,210.58999633789065,211.22999572753903,203.75,205.7100067138672,153144900,60.986567962343045,12.11628139479103,13.682539904404372,-1.5662585096133412,198.44750061035157,158.56199981689454,221.404150390625,193.4270565992933,179.62448673695607,217.72381476212536,198.44750061035157,179.17118645857778,0.19427117088889437,5.687426715439811,-0.009247209573726933,0.04225572175612524,11.123060694023419
797,206.2100067138672,207.1999969482422,198.52000427246097,202.77000427246097,156852800,58.87971580078781,11.399383028174839,13.225908529158467,-1.826525500983628,199.92500076293945,159.46399993896483,221.20466705322266,194.316861139595,180.5321540912896,215.39418700414598,199.92500076293945,184.45581452173292,0.15474989303162817,-3.096772151751032,-0.014291975817664615,0.009509129026712637,10.948555835577547
798,186.7400054931641,193.75,186.0099945068359,190.8999938964844,181500700,51.19057264181649,9.760907605213305,12.532908344369435,-2.7720007391561303,200.3995002746582,160.27739990234375,220.8765170288086,193.99144521167972,180.9387360444345,214.04223644002516,200.3995002746582,186.75676410929125,0.13615539107302022,-10.894329256084907,-0.05853928157947308,-0.05527793845136153,11.363659687723798
799,194.8000030517578,200.47999572753903,192.8800048828125,197.7899932861328,154193300,54.87431162398868,8.915595956138901,11.80944586672333,-2.8938499105844286,200.8754997253418,161.23579986572267,220.65818367004394,194.35321169496098,181.59956966175602,213.41164422278501,200.8754997253418,188.33935522789858,0.12481506718921878,-2.1035439226040116,0.036092192823141245,0.004622045818527765,11.236255555104572
800,198.5399932861328,198.6000061035156,192.3000030517578,193.80999755859375,128100100,52.41351063428069,7.8342199798109675,11.014400689340858,-3.180180709529891,201.06699981689454,162.3559997558594,220.35788368225099,194.30147701530694,182.07840997143595,213.03571288142047,201.06699981689454,189.0982867523686,0.11905198839616112,-6.960779688896794,-0.020122331071529054,-0.06656074266346446,10.883666090579803
801,191.3800048828125,194.1999969482422,186.1000061035156,187.7100067138672,148125800,48.80132329004515,6.411100273082269,10.093740606089142,-3.682640333006873,200.7145004272461,163.35879974365236,220.11341705322266,193.67371793897934,182.29925690251167,213.77127104240154,200.7145004272461,187.65772981209065,0.13010291321615988,-4.894355090592539,-0.03147407730028162,-0.08750182009880125,10.68483214444743
802,185.0399932861328,186.5,180.0,182.0,151897800,45.63116673784426,4.767560363022426,9.028504557475799,-4.260944194453373,199.9740005493164,164.49179977416992,219.84105041503906,192.56193527812417,182.2875213377073,215.31295016583013,199.9740005493164,184.63505093280267,0.1534094389708519,-9.389624889496087,-0.03041929843714275,-0.10243134504525842,10.4723446136917
803,180.25,185.17999267578125,172.50999450683594,172.9199981689453,170023800,41.06307724282781,2.7012248416888838,7.763048614318416,-5.061823772629532,198.55550079345704,165.48719970703124,219.599150390625,190.69127460105952,181.92016748795191,217.87575572684776,198.55550079345704,179.23524586006633,0.1946081056045703,-14.425698074283048,-0.04989011995084991,-0.09418541803248437,10.629319867638387
804,175.1300048828125,178.2899932861328,168.44000244140625,173.44000244140625,191488900,41.42473100000386,1.09299963341374,6.429038818137482,-5.336039184723742,196.86150054931642,166.77399978637695,219.34151710510253,189.04829630014015,181.58761199593053,218.60059068509335,196.86150054931642,175.12241041353948,0.22085669442848732,-11.905730323075863,0.0030071956856769777,-0.12311032747496309,10.573653508858971
805,167.4600067138672,177.35000610351562,163.91000366210938,174.47999572753906,167790300,42.1887882558198,-0.09649928053954682,5.123931198402076,-5.220430478941623,195.74100036621093,168.00939971923827,219.16698371887207,187.66083910274958,181.3088819461897,219.56855052292542,195.74100036621093,171.91345020949643,0.24345998142581923,-15.965904915324488,0.005996271168666301,-0.09973686638745627,10.778392718326634
806,177.30999755859375,183.8000030517578,177.13999938964844,183.2599945068359,143717900,48.31793568670943,-0.32694440417111537,4.033756077887438,-4.3607004820585535,195.1720001220703,169.23819961547852,218.98528366088868,187.24171104599588,181.38539616425427,219.61314907586723,195.1720001220703,170.73085116827338,0.2504575342621914,-10.91342738530857,0.0503209479269322,-0.023706845921190434,10.674222333033214
807,180.8000030517578,182.33999633789065,176.02999877929688,180.4499969482422,145995600,46.61457774178402,-0.7279260652042296,3.0814196492691046,-3.8093457144733343,193.73199996948242,170.38359954833984,218.70798362731932,186.5948811319241,181.34871384205772,218.07917269654294,193.73199996948242,169.3848272424219,0.2513490051297236,-11.007548875043422,-0.01533339322723215,-0.008516500284383555,10.428206146926486
808,180.3699951171875,185.80999755859375,178.83999633789062,184.1300048828125,121136800,49.14314519247926,-0.740228145988624,2.317090090217559,-3.057318236206183,192.22649993896485,171.90419967651368,218.36258361816405,186.3601310129611,181.45778407895006,214.98705138770572,192.22649993896485,169.46594849022398,0.23680971620424582,-3.546353708813072,0.020393505108375454,0.06482770548560168,10.181191509339103
809,184.52000427246097,186.22000122070312,177.3300018310547,180.1300048828125,133197100,46.56162284331455,-1.0605191990705407,1.6415682323599392,-2.70208743143048,191.13100051879883,173.23399978637696,217.99946701049805,185.76678566723265,181.4057143065525,214.00557886521136,191.13100051879883,168.2564221723863,0.23936021141858344,-8.928656151867347,-0.02172378153438792,0.03857243050758341,10.08896350078977
810,178.0800018310547,186.44000244140625,176.35000610351562,183.25,129684400,48.819976874996605,-1.0504852945690857,1.1031575269741343,-2.1536428215432197,189.87800064086915,174.69219985961914,217.68176704406739,185.52709179416289,181.4780392357073,211.5658946309873,189.87800064086915,168.190106650751,0.22844030289889267,-5.448634070283806,0.017320796272765726,0.05026366624948708,10.089037274868403
811,188.27999877929688,198.0,188.0399932861328,197.5800018310547,153391400,57.668645718791176,0.1124814182107059,0.9050223052214487,-0.7925408870107428,189.8885009765625,176.38259994506836,217.37800033569337,186.6749879881526,182.10948874925035,211.59109236373308,189.8885009765625,168.18590958939194,0.22858247103492876,5.258108126453095,0.07819919143822474,0.07814038935641587,10.421963183806374
812,199.3000030517578,200.66000366210935,190.9499969482422,191.1499938964844,150376400,53.22213160397201,0.5094207292466706,0.8259019900264931,-0.3164812607798225,189.40300064086915,177.81019989013672,217.1611669921875,187.10117902704133,182.46401836286736,210.52888861390386,189.40300064086915,168.27711266783444,0.22307870415518843,5.027469173892529,-0.032543819591966616,0.05929618802549075,10.371109150239288
813,195.2599945068359,199.30999755859375,188.6499938964844,192.22000122070312,144193900,53.859690559391446,0.8999644121413439,0.8407144744494633,0.05924993769188058,188.91050033569337,179.27759994506835,216.93086700439454,187.58868590262816,182.84660592591976,209.27786155989156,188.91050033569337,168.54313911149518,0.21562974199957602,11.16123250990405,0.0055977366381616545,0.04393632826458349,10.391744472515722
814,191.6499938964844,192.36000061035156,187.1499938964844,190.41000366210935,116312400,52.554817170791914,1.0513026557505896,0.8828321107096886,0.16847054504090098,188.5870002746582,180.6213999938965,216.6884836578369,187.85738283210256,183.14320975871152,208.6408751017057,188.5870002746582,168.53312544761073,0.21267504968890757,9.78436403472499,-0.009416281069083876,0.05706988564167714,10.021620346897967
815,194.4199981689453,197.38999938964844,189.94000244140625,191.80999755859375,120851600,53.493356239794565,1.2695722724774043,0.9601801430632319,0.3093921294141725,187.79599990844727,181.9863999938965,216.43820030212402,188.2338223298636,183.48308379007946,205.94002114572316,187.79599990844727,169.65197867117138,0.19323117900403963,9.93237176490795,0.007352522816861828,0.04671212855985685,9.837932961279696
816,192.0,192.3500061035156,185.42999267578125,189.19000244140625,98654600,51.442472288177775,1.2171107118754207,1.0115662568256696,0.20554445504975116,186.96999969482422,183.32220001220702,216.18561698913575,188.32488710239147,183.70688452150404,203.17748937998368,186.96999969482422,170.76251000966477,0.1733699493139393,3.235844217134439,-0.013659325116185062,-0.042463808644067624,9.629510137455028
817,193.1300048828125,195.2899932861328,189.44000244140625,193.8800048828125,123660000,54.784326602141846,1.5362693909247866,1.116506883645493,0.41976250727929365,186.5254997253418,184.57,215.9938670349121,188.85394593862205,184.10583041802593,201.4088463386545,186.5254997253418,171.6421531120291,0.15958511447741344,7.442509371957702,0.024789906342217005,0.014282035435515095,9.377401616545853
818,195.5800018310547,197.3300018310547,194.4199981689453,195.27999877929688,110252200,55.763036569549094,1.8804955683505398,1.2693046205865024,0.6111909477640374,186.74449996948243,185.9,215.8915837097168,189.46595097106726,184.5440330988601,202.00304422739708,186.74449996948243,171.48595571156778,0.16341626404427637,6.0555007879246325,0.007220929756684091,0.015919246379986873,8.954015568809877
819,197.52999877929688,207.7899932861328,197.1999969482422,207.4600067138672,170222100,63.22172514740251,3.1003828580560935,1.6355202680804208,1.4648625899756726,187.22800064086914,187.50580017089842,215.8244337463379,191.17967056561963,185.44269873082118,204.35441125977908,187.22800064086914,170.1015900219592,0.18294710791427954,15.172376111817027,0.06237201971890638,0.08954363071182847,9.208014064383166
820,199.91000366210935,202.69000244140625,192.1999969482422,194.77000427246097,169545900,53.164119370278115,3.008495122664158,1.9101152389971683,1.0983798836669896,187.2760009765625,188.73280029296876,215.6332837677002,191.52160710912833,185.80847541872862,204.4811325258825,187.2760009765625,170.0708694272425,0.18374091137788873,6.286496192338863,-0.061168427796825964,0.015431973054287784,9.640299471614725
821,197.32000732421875,198.7400054931641,190.32000732421875,192.5800018310547,126463800,51.637396604893,2.7275174130265043,2.0735956738030357,0.6539217392234686,187.51950073242188,189.70940032958984,215.5306837463379,191.62240660645463,186.07402547411397,204.87946029233674,187.51950073242188,170.159541172507,0.18515364527006076,-2.5306204846963025,-0.011244043709845108,0.01791849117766331,9.553135092852626
822,190.52000427246097,190.67999267578125,183.7599945068359,185.52000427246097,133882500,46.95598186192432,1.913104673872425,2.041497473816914,-0.1283927999444887,187.69550094604492,190.54200042724608,215.37448379516601,191.04122543178858,186.05229915248051,204.89872480591308,187.69550094604492,170.49227708617676,0.18330992243456504,-2.9453255578298942,-0.036660076287605814,-0.04311945739533374,9.500768823664496
823,183.0800018310547,186.38999938964844,179.74000549316406,185.05999755859375,123857900,46.65916128092817,1.2165345600515138,1.876504891063834,-0.6599703310123202,188.30250091552733,191.35460052490234,215.1146004486084,190.4715846819605,186.01338536448498,204.1834075168133,188.30250091552733,172.42159431424136,0.16867440978290735,-3.7249004352509623,-0.00247955316555315,-0.052335115140253796,9.297142043151629
824,179.94000244140625,185.1000061035156,176.11000061035156,184.5099945068359,142154600,46.28245308724849,0.6130502153501425,1.6238139559210958,-1.0107637405709533,188.85600051879882,191.83940032958984,214.8567170715332,189.9038141890915,185.95442886026345,203.33617993857206,188.85600051879882,174.3758210990256,0.15334624666407537,-3.098581504017643,-0.0029720256079852625,-0.11062378995622213,9.275203718152515
825,186.69000244140625,189.19000244140625,185.6499938964844,186.7899932861328,115770900,48.151243852617235,0.3151287628317334,1.3620769173032234,-1.04694815447149,189.47150039672852,192.01720031738282,214.61531700134276,189.60725981738113,185.9871960926505,202.4206320299818,189.47150039672852,176.52236876347524,0.13668685376048098,-2.61717550511278,0.012357047570192403,-0.04097145767458643,8.946975447896644
826,190.7400054931641,191.5800018310547,180.30999755859375,180.5399932861328,150256300,43.666637341799074,-0.4204521901422993,1.0055710958141189,-1.4260232859564181,189.33550033569335,192.29480010986327,214.28948364257812,188.7437106239289,185.77358029631648,202.59611226569885,189.33550033569335,176.07488840568786,0.14007528336201425,-4.5721280425229756,-0.03346003653646468,-0.06251951620337115,9.112906078222666
827,182.9600067138672,186.5,180.94000244140625,185.8999938964844,112933000,48.128490036721274,-0.5643921793658251,0.6915784407781301,-1.2559706201439553,189.60800018310547,192.5483999633789,213.99438362121583,188.4728804594104,185.7785376924015,202.34051411005382,189.60800018310547,176.87548625615713,0.13430355169246536,-4.115953571979472,0.029688716127604264,0.00204824070327958,8.887698980768704
828,183.9499969482422,186.27999877929688,182.0099945068359,185.0,96438700,47.44891834852557,-0.7425282403930566,0.4047571045438928,-1.1472853449369493,189.65149993896483,192.62019989013672,213.7560669708252,188.14212993946654,185.7480068025034,202.3146112715082,189.65149993896483,176.98838860642147,0.13354085084081813,-5.2642353766681484,-0.00484127986031857,-0.000324205983925574,8.557863644461008
829,186.32000732421875,189.69000244140625,182.69000244140625,187.0399932861328,116662200,49.19986051993766,-0.7108971629263863,0.18162625104983698,-0.8925234139762233,189.99699935913085,192.59559967041017,213.54881690979005,188.03716454391096,185.79867293911633,201.9598221448173,189.99699935913085,178.0341765734444,0.12592643911259274,-9.842867428370447,0.011026990735853115,0.013711987722178298,8.446587669856651
830,187.1499938964844,187.69000244140625,183.5800018310547,184.30999755859375,92067000,46.94560572076932,-0.8957910245105722,-0.03385720406224486,-0.8619338204483273,190.04999923706055,192.48219970703124,213.3480002593994,187.68219625959503,185.74029351242916,201.90166118292015,190.04999923706055,178.19833729120094,0.12472151532162154,-5.37044025487357,-0.014595786064655836,-0.013276919624597316,8.136831451320573
831,179.10000610351562,183.5,177.64999389648438,180.58999633789065,125732700,43.988007219862865,-1.3271946769815202,-0.2925246986460999,-1.0346699783354203,189.20049896240235,192.19879974365233,213.11463356018066,187.00674864800413,185.53832107421198,201.2060573071736,189.20049896240235,177.1949406176311,0.12690831589357474,-6.225986799856066,-0.020183393575926245,0.0002769638507662542,8.031343752091201
832,166.1699981689453,169.6999969482422,160.55999755859375,162.99000549316406,210970800,33.299146548481474,-3.054052139585309,-0.8448301868339418,-2.209221952751367,187.79249954223633,191.52239990234375,212.7642502593994,184.7194397761146,184.65407340436695,204.31041312663154,187.79249954223633,171.2745859578411,0.1759166486910749,-12.144242270611736,-0.09745828230593878,-0.12323824182628762,8.888390539748752
833,164.8000030517578,166.0,161.32000732421875,165.0800018310547,123539000,35.309423603858676,-4.205475775473502,-1.516959304561854,-2.6885164709116482,186.4354995727539,190.79820007324219,212.43098358154296,182.84901711468032,183.88646275443315,205.53331698067691,186.4354995727539,167.3376821648309,0.2048731861870581,-10.796496266683993,0.012822849668400638,-0.10767566577808274,8.587790692322502
834,164.64999389648438,165.64999389648438,158.61000061035156,162.5500030517578,140006600,33.97455720835326,-5.261485925295943,-2.265864628708672,-2.9956212965872715,185.04249954223633,189.90279998779297,212.02101692199707,180.91577768011626,183.0497388445243,206.6737012117211,185.04249954223633,163.41129787275156,0.23379711928877617,-11.901789663900566,-0.015325895028073244,-0.1309345119410389,8.477233734737524
835,159.82000732421875,163.47000122070312,158.75,160.6699981689453,121999300,32.97690222213852,-6.178856250705451,-3.048462953108028,-3.130393297597423,183.4854995727539,189.1783999633789,211.5705502319336,178.98760820286188,182.17210195528594,207.31522573156613,183.4854995727539,159.65577341394166,0.25974506120973884,-13.983615855253973,-0.011565701922588656,-0.12826216538868473,8.208859983735067
836,160.2899932861328,160.6699981689453,153.13999938964844,153.75,153364100,29.538570798610863,-7.379202014851501,-3.9146107654567226,-3.464591249394778,181.7134994506836,188.36059997558593,211.16758354187013,176.58402646925597,181.0575097217453,208.65097571417323,181.7134994506836,154.77602318719397,0.29648293984674884,-14.838813715736709,-0.04306963495243776,-0.14862393755007342,8.160369897703768
837,152.63999938964844,160.47999572753906,152.3699951171875,160.19000244140625,127015200,36.20494421774688,-7.721817994114673,-4.676052211188313,-3.0457657829263596,180.02899932861328,187.37940002441405,210.80318351745606,175.022690847556,180.2391761029085,207.90954592685478,180.02899932861328,152.1484527303718,0.3097339506659163,-13.830011995263632,0.041886194740853755,-0.017178986179463895,8.156772091464324
838,160.89999389648438,165.0,157.32000732421875,164.30999755859375,122515800,40.10882355598129,-7.573590811891506,-5.2555599313289525,-2.318030880562554,178.48049926757812,186.38079986572265,210.43953353881835,174.0024343438453,179.614502434504,206.24076359162294,178.48049926757812,150.7202349435333,0.31107336026023324,-11.183785103462837,0.025719427270091355,-0.004664430966320077,8.122716418915534
839,163.1699981689453,163.27999877929688,158.8300018310547,161.8300018310547,109015000,38.57846490961293,-7.568984093977434,-5.7182447638586495,-1.8507393301187847,176.1989990234375,185.5766000366211,210.05711685180665,172.84315505691285,178.91707103829032,201.44373598969656,176.1989990234375,150.95426205717843,0.28654801793625495,-13.478396257484896,-0.015093395194377579,-0.004429413763061385,7.933950655245786
840,161.8800048828125,165.49000549316406,158.92999267578125,160.30999755859375,128259700,37.63075634679846,-7.600372515135888,-6.094670314114097,-1.5057022010217906,174.47599868774415,184.6166000366211,209.65833351135254,171.64952100945388,178.1873818822238,199.1120992352439,174.47599868774415,149.8398981402444,0.2824010263049468,-13.021539969566867,-0.00939259874721976,-0.0022406212389012303,7.835812238255573
841,160.00999450683594,165.0,159.91000366210938,160.61000061035156,119728000,37.95472584061247,-7.514418783821981,-6.378620008055674,-1.1357987757663066,172.87749862670898,183.88140014648437,209.25865020751954,170.59813811430126,177.49807281273863,196.74418744145348,172.87749862670898,149.0108098119645,0.27611099193746863,-11.063733392051113,0.0018713932775662467,0.04461789014862805,7.639682531086648
842,162.7100067138672,162.9499969482422,159.64999389648438,161.1999969482422,95108500,38.62987383642508,-7.31437647981187,-6.5657713024069135,-0.748605177404956,171.66149826049804,183.08820007324218,208.83700019836425,169.70307705086705,176.85893258275837,195.3048995959001,171.66149826049804,148.01809692509596,0.27546539643412615,-1.0982320906768417,0.003673471985857102,0.006304978409656714,7.329705425420302
843,163.97000122070312,170.7899932861328,163.50999450683594,170.05999755859375,107607300,47.81356056870416,-6.367512785760965,-6.526119599077724,0.15860681331675863,170.91149826049804,182.44799987792967,208.44980018615723,169.73706948017437,176.59230767984997,193.74501377866383,170.91149826049804,148.07798274233224,0.2671969498899794,3.016716544888135,0.05496278398315546,0.03499482737165471,7.49115477631104
844,173.72000122070312,173.8000030517578,169.19000244140625,171.7899932861328,112249400,49.40561647955533,-5.415098405766258,-6.303915360415431,0.8888169546491724,170.2754981994629,181.9461996459961,207.95021682739258,169.9325860331228,176.4039816251944,192.25098402520635,170.2754981994629,148.30001237371945,0.2581168289990975,5.684398684036247,0.010172855182730478,0.06154601336207133,7.2853580501710775
845,168.9499969482422,169.82000732421875,166.55999755859375,169.14999389648438,88965000,47.04690310903343,-4.817792521972962,-6.006690792726937,1.1888982707539757,169.39349822998048,181.17659942626952,207.43475006103515,169.85805344868103,176.1195115181862,190.02158403275087,169.39349822998048,148.7654124272101,0.2435522734734984,5.27789619977608,-0.015367597024416146,0.05514313812312044,7.1385464556973615
846,172.5500030517578,174.42999267578125,166.67999267578125,168.5399932861328,119840700,46.49455600994648,-4.343575225559277,-5.6740676792934055,1.330492453734128,168.79349822998046,180.43319915771485,206.93528343200683,169.73252390939072,175.82227550908607,188.7778608071788,168.79349822998046,148.80913565278212,0.2367906677302194,9.619507828379065,-0.0036062703657255835,0.04937421484120308,7.182221708861836
847,168.6999969482422,173.57000732421875,166.7899932861328,172.0800018310547,103889900,50.15207700641163,-3.6401441809045423,-5.267282979615633,1.6271387987110906,168.10249862670898,179.81939910888673,206.5013835144043,169.95609323526347,175.67551967857503,186.57135371294513,168.10249862670898,149.63364354047283,0.2197332608035574,7.422435363279003,0.021003967520705658,0.06749382809421411,7.153492589520701
848,176.07000732421875,177.3800048828125,167.22999572753906,167.97999572753906,157849600,46.21196834417421,-3.3746058814594164,-4.88874755998439,1.5141416785249735,167.25149841308593,179.3609991455078,205.9671834564209,169.76789347262306,175.37373442559323,184.0175263744735,167.25149841308593,150.48547045169835,0.2004888221686125,2.2335817804613947,-0.023826162598143963,-0.012230988244828267,7.367529487074468
849,167.66000366210938,169.75999450683594,164.5500030517578,166.35000610351562,105592500,44.708164684215724,-3.25813366949194,-4.5626247818859005,1.3044911123939604,166.21699905395508,178.73219940185547,205.39443351745606,169.4423803898509,175.01986272668822,180.31184100818015,166.21699905395508,152.12215709973,0.16959567354058414,2.7930570483337673,-0.009703474612936969,-0.03166649627581253,7.213419627646158
850,165.64999389648438,169.52000427246094,164.35000610351562,166.52000427246094,98288800,44.90951732733516,-3.1161896760460763,-4.273337760717936,1.15714808467186,165.32749938964844,178.18639953613283,204.74128356933593,169.1640588548614,174.6865349441695,176.7313046562291,165.32749938964844,153.92369412306778,0.13795412509934427,3.873748866846195,0.001021930644472091,-0.015548269103887291,7.067460952024669
851,168.41000366210938,174.5,167.19000244140625,173.86000061035156,125473600,52.887117849686895,-2.383941088118064,-3.8954584261979623,1.5115173380798983,164.9909996032715,177.9093994140625,204.1242002105713,169.61129140300332,174.6541218330394,174.86853972874832,164.9909996032715,155.11345947779466,0.11973429034587135,8.249797615121867,0.04407876621166107,0.0315652517867786,7.132642007418554
852,174.22000122070312,177.05999755859375,172.4499969482422,176.88999938964844,109520300,55.736635944277275,-1.5413653278531285,-3.4246398065289956,1.883274478675867,165.6859992980957,177.80719940185546,203.50571685791016,170.3045016874457,174.7418033058476,176.78330276897032,165.6859992980957,154.5886958272211,0.13395583836759528,9.733252319132468,0.01742780840135616,0.027952100810157532,6.952453336199484
853,177.1699981689453,181.9499969482422,176.30999755859375,180.13999938964844,136196700,58.627135628182415,-0.6044029478409811,-2.8605924347913927,2.2561894869504115,166.4389991760254,177.95159942626952,202.86943351745606,171.24121575432216,174.95349726991824,179.19016720892915,166.4389991760254,153.68783114312163,0.15322332020776172,5.927320931297584,0.018373000232992265,0.07238959382897425,6.858706625731552
854,180.6999969482422,189.32000732421875,180.11000061035156,188.8699951171875,132001400,65.20087123823137,0.8329820853949172,-2.121877530754131,2.954859616149048,167.75499877929687,178.26019927978516,202.27061683654784,172.9201471222141,175.49924228353666,183.66945522592673,167.75499877929687,151.840542332667,0.18973451238335207,9.942372954521453,0.04846228354123516,0.1353771457012043,7.026656632026954
855,186.1999969482422,192.9600067138672,185.2599945068359,185.77000427246097,156952100,61.46610519125351,1.7023530601697132,-1.357031412569362,3.059384472739075,169.00999908447267,178.4859994506836,201.7586167907715,174.14394304128524,175.90201726349449,186.383497833479,169.00999908447267,151.63650033546634,0.20559137143504633,9.825605069869306,-0.01641335799687549,0.11560172655594614,7.074753458812977
856,182.22999572753903,184.22000122070312,178.22000122070312,182.8999938964844,137605100,58.145379867413304,2.1351374342296765,-0.6585976432095544,2.793735077439231,170.46749877929688,178.47879943847656,201.22100006103517,174.97785264654232,176.17644771969017,187.35992649422278,170.46749877929688,153.57507106437097,0.19818942421154914,8.520233287284169,-0.015449266889003499,0.05199581993786451,7.108699858309039
857,186.5399932861328,186.77999877929688,180.5800018310547,184.47000122070312,96870700,59.43641046040317,2.575124209750186,-0.011853272617606365,2.586977482367792,171.6814987182617,178.55919952392577,200.72668334960937,175.8818667964624,176.50168511188676,188.93106565271017,171.6814987182617,154.43193178381324,0.20094846635461758,7.200139038708714,0.00858396597381672,0.04285150012555361,7.043792507589978
858,184.6199951171875,198.6000061035156,184.52999877929688,193.1699981689453,162061500,65.7423867848965,3.584513899151659,0.7074201617362468,2.8770937374154126,173.1244987487793,178.73999938964843,200.22075004577636,177.52835549860362,177.15534444745768,192.3781186404447,173.1244987487793,153.8708788571139,0.2224251337137941,14.99583467204276,0.047162123329924865,0.07233262364519377,7.549950534391584
859,200.1000061035156,204.47999572753903,197.52999877929688,201.16000366210935,128818700,70.3077171149588,4.971876471223993,1.560311423633796,3.411565047590197,175.09099884033202,179.16059936523436,199.79340003967286,179.77898865703273,178.096703632346,197.15722107062328,175.09099884033202,153.02477661004076,0.2520543303361215,20.925756706574628,0.04136255924264187,0.06507125992827123,7.818525321834594
860,199.77999877929688,203.9499969482422,195.1199951171875,203.92999267578125,150711700,71.71501708384707,6.223149672984135,2.492879073503864,3.730270599480271,177.2719985961914,179.57419921875,199.31290000915527,182.07908427786592,179.10977379091207,201.57288411681458,177.2719985961914,152.9711130755682,0.2741649635933565,22.465762336944145,0.013770078361723836,0.09775522412480431,7.890773643921743
861,202.58999633789065,209.8000030517578,199.3699951171875,207.52000427246097,148029900,73.4700376513947,7.418955531956016,3.478094365194295,3.940861166761721,179.61749877929688,179.77299926757811,198.8038999938965,184.50202903925592,180.223900476463,205.99914934845089,179.61749877929688,153.23584821014288,0.2937536793290968,19.36040696189052,0.01760413732955568,0.13460913722015055,8.072147521825212
862,210.1499938964844,217.25,209.75,213.97000122070312,164398400,76.3136639221285,8.785823633495113,4.5396402188544585,4.2461834146406545,182.25599899291993,180.2293994140625,198.34093338012696,187.30850258034613,181.54727697623713,211.17524454500472,182.25599899291993,153.33675344083514,0.31734752997851345,20.96218099327135,0.03108132621168269,0.15991760071983574,8.19056525080477
863,217.8000030517578,221.2899932861328,214.52000427246097,217.61000061035156,151143100,77.76227788871432,10.04697866568722,5.641107908221011,4.405870757466209,184.6334991455078,180.73719940185546,197.90900001525878,190.19435953558474,182.96150143247692,216.78851945766763,184.6334991455078,152.478478833348,0.34831187689097276,20.800489257055197,0.017011727666879306,0.1265206951031348,8.128381451849407
864,216.13999938964844,221.91000366210935,212.52999877929688,221.30999755859375,146911600,79.15763845258745,11.215724060960355,6.75603113876888,4.459692922191475,187.10949935913087,181.35519927978515,197.5012000274658,193.15775363301415,184.46536402565798,222.40064558110876,187.10949935913087,151.81835313715297,0.3772245272725722,17.175836967263283,0.017002881015874438,0.10016898752065329,8.217783125489627
865,228.0,230.8300018310547,223.1999969482422,224.57000732421875,185710800,80.32883159472654,12.263651015073663,7.857555114029838,4.406095901043825,189.88050003051757,182.01039947509764,197.14071678161622,196.1493968417003,186.03809513540546,227.70774400738748,189.88050003051757,152.05325605364766,0.3984321083080181,20.88604304215414,0.014730512862447087,0.10121127538729469,8.310798921701863
866,224.22000122070312,235.22999572753903,223.0099945068359,234.86000061035156,164489700,83.483663301719,13.765773865024016,9.039198864228673,4.726575000795343,193.1965003967285,182.92379943847655,196.86545013427735,199.83612101014327,187.95267966383472,234.4331903952193,193.1965003967285,151.95981039823772,0.42688858145785613,28.408971267257055,0.045820870777622646,0.13174631734295295,8.59002765734481
867,249.07000732421875,252.4199981689453,242.02000427246097,244.3999938964844,200242400,85.76333346110579,15.546800931371536,10.340719277657247,5.206081653714289,196.8125,183.93419921875,196.60518341064454,204.080299380271,190.16629982982099,242.4561308425314,196.8125,151.1688691574686,0.46382857636106845,32.48766318599412,0.04061991510406382,0.14221616349103883,9.230739793148306
868,247.94000244140625,250.97000122070312,244.58999633789065,249.8300018310547,150337900,86.87386814703761,17.198184013103855,11.712212224746569,5.485971788357286,200.90500030517578,185.02519927978517,196.3688500213623,208.43741389939325,192.50605284947721,250.01971542248774,200.90500030517578,151.79028518786382,0.48893472081537487,29.331678935232414,0.02221770896144193,0.1480630537674399,9.04068747393905
869,253.5099945068359,259.67999267578125,251.33999633789065,258.7099914550781,162384300,88.45931625592952,19.004387206541537,13.170647221105563,5.833739985435974,205.52299957275392,186.05019897460937,196.1820499420166,213.2252784285061,195.10228573597138,258.02467047593575,205.52299957275392,153.02132866957209,0.510907986087431,28.60906081988153,0.035544128242966044,0.16899369350262816,9.09849485756673
870,260.1700134277344,261.57000732421875,250.5,256.7900085449219,170575500,86.03949812523629,20.04976842558665,14.546471462001781,5.503296963584868,210.03649978637696,187.29059906005858,196.02555000305176,217.37430034435522,197.5214121206361,263.8542777433314,210.03649978637696,156.21872182942255,0.5124611961415391,25.920667762284623,-0.007421371317580694,0.14347419588487664,9.239317176613302
871,248.3999938964844,258.95001220703125,247.2899932861328,255.8999938964844,160171200,84.8803714654808,20.56931358621003,15.751039886843431,4.818273699366598,214.13849945068358,188.5569989013672,195.8809499359131,221.04341401598657,199.8107682687086,268.80102609473056,214.13849945068358,159.47597280663663,0.5105343203979612,23.31341009443287,-0.0034659239799891273,0.08958525603105816,9.412224444062238
872,258.9200134277344,263.6000061035156,257.2099914550781,260.5400085449219,167915600,85.94357130061967,21.112100124622657,16.823251934399277,4.28884819022338,218.32099990844728,190.0573989868164,195.79514991760254,224.80499444731373,202.19230710306994,273.73894318207954,218.32099990844728,162.90305663481502,0.507673959874421,21.764736672681185,0.01813214052015355,0.06603934145462209,9.289923569988593
873,261.5,274.75,261.1199951171875,274.45001220703125,165611200,88.5442655297491,22.40639642121539,17.9398808317625,4.466515589452889,223.0365005493164,191.84519927978516,195.7893500518799,229.53309137681063,205.02594259734295,280.662363629213,223.0365005493164,165.41063746941978,0.5167393044454153,26.12012841195491,0.05338912722001776,0.09854705277801523,9.641356990352133
874,275.1300048828125,276.989990234375,257.7799987792969,259.4599914550781,211797100,72.89269328407958,21.969317546068538,18.74576817462371,3.223549371444829,226.56600036621094,193.34419921875,195.70084999084472,232.38327233664563,207.16061117999922,284.0357727612435,226.56600036621094,169.0962279711784,0.5073115321993682,17.23826050216454,-0.054618400747766804,0.002898998974804723,10.324830880689705
875,250.77000427246097,265.0,248.25,264.6099853515625,166875900,74.55671818997966,21.787339962740617,19.35408253224709,2.4332574304935264,230.50799942016602,194.9005990600586,195.67284996032714,235.45248309997106,209.41352781417817,287.0519965571583,230.50799942016602,173.9640022831737,0.4906033394001644,17.829619593651604,0.019848894111198723,0.030452807922519476,10.78377153206901
876,259.2900085449219,262.45001220703125,252.8000030517578,256.6000061035156,177460800,67.6054430951423,20.757503455015666,19.634766716800808,1.1227367382148579,234.19300003051757,196.42179931640624,195.58374992370605,237.46653290983244,211.2639779431718,287.3508857935842,234.19300003051757,181.03511426745092,0.4539664785552059,9.256580701978361,-0.030270888067223778,0.002735491300223991,10.857072301192987
877,250.07000732421875,258.3699951171875,240.6999969482422,241.0500030517578,179990600,56.57727260203371,18.4736426604469,19.40254190553003,-0.9288992450831302,237.02200012207032,197.52479949951172,195.3704998779297,237.807815780492,212.43205735919477,285.07068614661966,237.02200012207032,188.97331409752098,0.405436508001818,-1.3707000525317032,-0.060600166336257755,-0.07480619042738545,11.343709863175295
878,243.2400054931641,250.38999938964844,240.8500061035156,250.2100067138672,164968200,60.649414123626045,17.20447973563455,18.962929471550932,-1.7584497359163827,239.8740005493164,198.82899963378907,195.1752498626709,238.98897682176585,213.91354556918193,283.76392754232194,239.8740005493164,195.98407355631085,0.36594151006358927,0.15210538367184376,0.03800042956291749,-0.08832211482970753,11.21487296481512
879,249.6999969482422,259.8800048828125,248.88999938964844,256.239990234375,159770800,63.102474129839905,16.495083198051304,18.46936021685101,-1.9742770187997039,242.62799987792968,200.21299957275392,194.95804985046388,240.6319304801096,215.57340614428756,283.24575529253997,242.62799987792968,202.0102444633194,0.3348150702725636,-0.9547374675446236,0.0240996896954786,-0.01241039592518689,11.198811002554331
880,258.0299987792969,260.739990234375,253.61000061035156,257.5,131283400,63.61291646428165,15.851823633407179,17.945852900162244,-2.094029266755065,245.30650024414064,201.67679962158203,194.7234497833252,242.23841329152773,217.21758629549197,282.2636744234066,245.30650024414064,208.34932606487467,0.3013142671921407,0.2764871807517861,0.004917303362650394,-0.026869678943204356,10.908180904087839
881,260.6000061035156,264.45001220703125,259.8900146484375,261.7699890136719,112620800,65.36172868629566,15.50782368346998,17.458247056823794,-1.9504233733538143,248.01899948120118,203.30039947509766,194.5716497039795,244.09856336030336,218.96473934326374,281.2612549973621,248.01899948120118,214.77674396504028,0.2680621693152223,2.293862937551291,0.016582481606492783,0.020148023332745346,10.625454568583796
882,276.489990234375,284.25,275.1099853515625,279.82000732421875,119685900,71.57983448831388,16.50146821830961,17.26689128912096,-0.7654230708113481,251.31149978637694,205.63699951171876,194.45769981384277,247.500605642581,221.3512204405561,283.43749054496766,251.31149978637694,219.18550902778622,0.2556666987853629,7.400014641502804,0.06895373445427366,0.16083801610297566,11.472208598422677
883,278.82000732421875,283.8500061035156,277.6000061035156,282.4800109863281,131530900,72.36709366866286,17.304107753200554,17.27433458193688,0.02977317126367396,254.55500030517578,207.9849996948242,194.3513498687744,250.83197758008072,223.74842791293932,285.49260054341715,254.55500030517578,223.6174000669344,0.24307202923652274,2.925851128488728,0.009506123909958086,0.1289716774172185,11.099193698535343
884,278.0899963378906,279.9700012207031,272.8800048828125,276.5400085449219,120332100,67.84735695020017,17.261912233892332,17.27185011232797,-0.009937878435639647,257.3165008544922,210.2647998046875,194.21729988098144,253.28036148149417,225.81868597693864,285.6405832456664,257.3165008544922,228.99241846331793,0.22014975562869935,6.5829097557805625,-0.021028045208104085,0.07922267828678531,10.99210887031965
885,278.42999267578125,280.7799987792969,273.7699890136719,274.42999267578125,113879200,66.2641616384731,16.86381576357536,17.19024324257745,-0.32642747900208846,259.8095001220703,212.53999969482422,194.04409980773926,255.29461207142626,227.72501172983442,284.7394262083479,259.8095001220703,234.87957403579267,0.1919092725598132,3.711125002018282,-0.007630056425625198,0.06574754437196595,10.707673219984317
886,276.4700012207031,277.5199890136719,265.1000061035156,269.6099853515625,119425400,62.66678714883046,15.975234574203284,16.947241508902618,-0.9720069346993334,261.54699935913084,214.85719940185547,193.84849967956544,256.6579809552488,229.36755971500023,284.00006144967364,261.54699935913084,239.09393726858804,0.17169428168214193,5.07013988253706,-0.01756370459810941,0.029949943335487283,10.829981054996598
887,268.6499938964844,270.8999938964844,266.3699951171875,269.7900085449219,91972400,62.74813020129384,15.111359599958092,16.580065127113713,-1.4687055271556204,262.8165000915527,217.04919952392578,193.6934497833252,257.90865024950335,230.95275378676186,284.0880526823603,262.8165000915527,241.5449475007451,0.16187379851263217,11.922839713465203,0.000667717084456676,-0.03584446614525105,10.379982321018046
888,276.3299865722656,276.5199890136719,271.4599914550781,271.989990234375,95672100,63.786543791694235,14.437822366304005,16.15161657495177,-1.7137942086477658,263.92449951171875,219.2027993774414,193.61044975280763,259.2497302480626,232.56205717686436,284.6770669584047,263.92449951171875,243.17193206503282,0.15726139471765468,8.70468124219139,0.008154422401772665,-0.037135444434901355,10.1192679029989
889,274.5899963378906,279.45001220703125,270.6000061035156,277.8999938964844,112681500,66.48902520288836,14.217041949833884,15.764701649928194,-1.547659700094309,264.8839996337891,221.52419921875,193.6232997894287,261.02594583362657,234.34001547959457,286.345853316484,264.8839996337891,243.42214595109414,0.16204718829651216,8.453014551826053,0.02172875427149612,0.004917861103419963,10.028606345892952
890,277.010009765625,285.29998779296875,276.30999755859375,281.3800048828125,120062400,68.00320273448264,14.159655981995002,15.443692516341557,-1.284036534346555,266.1134994506836,223.9455993652344,193.65014976501465,262.9644276478347,236.18472094638744,288.3819880339769,266.1134994506836,243.84501086739036,0.16736083384916803,9.273788304004855,0.012522529912772917,0.025325264703272232,9.954419480784527
891,286.6300048828125,292.2300109863281,283.57000732421875,290.3800048828125,131569600,71.57975175026914,14.671280582896259,15.289210129652497,-0.6179295467562387,267.8375,226.5409994506836,193.68734977722167,265.5754350035469,238.31002619879627,291.93949971463917,267.8375,243.7355002853608,0.17997479602101407,10.929448397404473,0.03198521516746822,0.07703727851239117,10.018389953836747
892,290.1499938964844,295.260009765625,286.010009765625,293.3399963378906,112120300,72.66207227425292,15.141056661695245,15.259579436061047,-0.11852277436580216,269.4774993896484,229.18379943847657,193.71499977111816,268.219678940151,240.46806424346664,295.73721732106793,269.4774993896484,243.2177814582289,0.1948935847400716,4.831673454288307,0.010193509901870401,0.08729006652241345,9.963504957134122
893,296.0400085449219,299.2900085449219,289.5199890136719,291.260009765625,142355400,70.62666426558467,15.17064233405847,15.241792015660533,-0.07114968160206203,270.3179992675781,231.60779968261718,193.8302498626709,270.41399616162477,242.4599052443356,298.1872906215149,270.3179992675781,242.44870791364133,0.20619634230386533,3.1081840972180586,-0.007090702250741598,0.07084826730073757,9.949684569570971
894,279.55999755859375,280.92999267578125,261.20001220703125,262.8999938964844,175158300,50.04316896771019,12.758599730718629,14.745153558672152,-1.9865538279535233,270.48999938964846,233.42999969482423,193.81849983215332,269.69837689827807,243.26147734834143,298.1306426239963,270.48999938964846,242.84935615530063,0.20437460384278922,-4.932383824028768,-0.09737009860008494,-0.05397625163528208,11.386135497358312
895,268.0,268.0,255.8000030517578,260.0199890136719,161796100,48.497414695505135,10.493681635105872,13.894859173958897,-3.401177538853025,270.26049957275393,235.24739959716797,193.90659980773927,268.7766256711727,243.91867388423674,298.167555816322,270.26049957275393,242.3534433291858,0.20651968221538455,-5.2508851243288595,-0.010954754468143868,-0.0759116337283331,11.444268458135733
896,255.8500061035156,269.8500061035156,254.1199951171875,269.05999755859375,136508500,53.36656680740585,9.320727322923233,12.980032803751765,-3.6593054808285324,270.8834991455078,237.2577996826172,194.0046997833252,268.8036134699747,244.90460814597623,298.09044125526447,270.8834991455078,243.6765570357512,0.20087559556473505,-0.20399385143379767,0.03476659075024635,-0.0734210584947913,11.75039292443519
897,272.3800048828125,272.8999938964844,265.0,265.2799987792969,112757300,51.18737877823457,7.993988545253046,11.982823952052023,-3.9888354067989766,272.0949989318848,239.12179962158203,194.12704978942872,268.4680311184816,245.70364307277313,295.814592466972,272.0949989318848,248.37540539679762,0.17434788311581614,-1.6716741253499952,-0.014048906614123058,-0.0956569097596639,11.475364422438702
898,263.25,268.0400085449219,261.75,264.3500061035156,95856200,50.63949635279355,6.7892338074690315,10.944105923135425,-4.154872115666393,272.8019989013672,241.04919982910155,194.25814979553223,268.0758382599134,246.43487299554735,294.6383476700629,272.8019989013672,250.96565013267153,0.16008936046389247,-2.8089210651744816,-0.0035057022016762307,-0.09239168701451217,11.104981859758928
899,268.30999755859375,269.1300048828125,255.3000030517578,255.7100067138672,103697300,45.741140472389965,5.078736739005649,9.77103208630947,-4.692295347303821,272.7754997253418,242.8363998413086,194.42134979248047,266.8981400174328,246.7986037295991,294.69331284374397,272.7754997253418,250.85768660693955,0.16070221218893413,-7.984882213017531,-0.032683938680391544,-0.027348753706887496,11.29962614342291
900,259.8599853515625,267.25,258.2300109863281,266.44000244140625,111446000,51.95649823534567,4.5366804415346,8.724161757354496,-4.1874813158198965,273.2224998474121,244.8347998046875,194.63874977111817,266.85450786733503,247.5688546594739,294.2213289160018,273.2224998474121,252.2236707788224,0.15371229734240066,-5.309546585454206,0.04196157931177735,0.024690461114498463,11.316795225045047
901,267.4800109863281,269.0799865722656,263.7799987792969,267.42999267578125,84582200,52.49716668827669,4.139265977123841,7.807182601308366,-3.6679166241845245,273.50550003051757,246.7061996459961,194.89339973449708,266.90931594432993,248.34772281697616,294.0264428164762,273.50550003051757,252.9845572445589,0.1500587211860013,-7.903440946732229,0.00371562162326855,-0.0060581465011628755,10.887023265611024
902,266.260009765625,266.4700012207031,260.25,261.07000732421875,83166000,48.705061628591956,3.2733809871944572,6.900422278485585,-3.6270412912911274,272.56800003051757,248.3897998046875,195.11254974365235,266.3531913138431,248.84663593490725,293.5572154308566,272.56800003051757,251.57878463017852,0.15401085525805694,-11.00088273557518,-0.023781870118334214,-0.015869991987525145,10.622235366337469
903,255.57000732421875,259.5199890136719,250.4900054931641,254.11000061035156,101752900,44.8840791828884,2.002463368483234,5.920830496485115,-3.918367128001881,271.1494995117188,249.86919982910158,195.2744997406006,265.18717315160586,249.05304239276782,293.0809505470663,271.1494995117188,249.2180484763712,0.1617664873056475,-12.754929585138655,-0.02665954157355066,-0.03873654343383759,10.619218685245839
904,252.0399932861328,260.489990234375,252.0,259.32000732421875,97569100,48.16245458046276,1.3995231672546424,5.016569030639021,-3.6170458633843783,270.2884994506836,251.27820007324217,195.54614974975587,264.6283954537595,249.455668468511,292.6536312332342,270.2884994506836,247.92336766813304,0.16549081317188105,-1.3617294238794193,0.020502958173047814,0.014117557059044161,10.467130938755064
905,260.9700012207031,264.7699890136719,253.11000061035156,253.86000061035156,99539900,45.132666945557176,0.4756290476103118,4.108381034033279,-3.632751986422967,269.25999984741213,252.64,195.71869972229004,263.6028340401016,249.62838737603417,292.6376942486525,269.25999984741213,245.88230544617173,0.1736440200140264,-2.3690441749062683,-0.02105509239416581,-0.0472151393025948,10.552335043366867
906,251.4499969482422,253.6499938964844,242.7599945068359,251.4499969482422,111097900,43.82225598506734,-0.44589090005837306,3.1975266472149486,-3.6434175472733217,268.3520004272461,254.01100006103516,195.87499969482423,262.44542098373404,249.69982304553253,292.9819311298032,268.3520004272461,243.722069724689,0.18356435326245762,-6.545008834513423,-0.009493435973824349,-0.059753939966308955,10.591454404806067
907,247.4499969482422,250.9199981689453,245.0099945068359,249.6999969482422,96642200,42.84936114401979,-1.3023992248693617,2.2975414727980867,-3.5999406976674484,267.3474998474121,255.31559997558594,196.01329971313476,261.23157107559194,249.69982986524664,293.2658962877799,267.3474998474121,241.4291034070443,0.193892940499991,-5.873040524256287,-0.006959634206558429,-0.043551576423929594,10.294922121706081
908,250.8699951171875,251.1000061035156,241.8999938964844,242.19000244140625,101596300,38.862024996713714,-2.55769848018258,1.3264934822019534,-3.8841919623845333,265.85750045776365,256.29600006103516,196.1878497314453,259.4180883485266,249.4053268290176,293.87806920758544,265.85750045776365,237.83693170794183,0.21079389298082554,-8.382826990906835,-0.03007606967809695,-0.04690881169695982,10.216714270657874
909,245.3999938964844,251.8000030517578,243.0,245.33999633789065,109498600,41.328193436618456,-3.260765922316068,0.4090416012983491,-3.669807523614417,264.229500579834,257.1795999145508,196.34234970092774,258.077317680847,249.24590210387538,293.0347085129632,264.229500579834,235.42429264670477,0.21803173279227428,-4.055379180987745,0.013006292021680244,-0.053910267590149274,10.173377580635995
910,241.77000427246097,243.7899932861328,238.02000427246097,242.6499938964844,99038600,39.84988057585061,-3.989029601110417,-0.4705726391834041,-3.5184569619270127,262.2930000305176,257.95399993896484,196.49934967041017,256.60804874900293,248.98723903691888,291.43140988299325,262.2930000305176,233.15459017804196,0.22218213867000197,-8.928842638842713,-0.01096438608281991,-0.04415822377261136,9.96956432954983
911,235.6999969482422,240.66000366210935,233.75,239.7599945068359,98595300,38.26620896136301,-4.7446887924897965,-1.3253958698446826,-3.4192929226451136,259.7619995117187,258.59879974365236,196.5860496520996,255.00347215451083,248.62538631024896,287.46027334778466,259.7619995117187,232.06372567565276,0.2132588591720968,-10.346632362395889,-0.011910156448968978,-0.046490366209121614,9.893166441473728
912,238.72999572753903,240.5,232.61000061035156,232.9600067138672,88197600,34.765312173684876,-5.825108110616554,-2.225338317999057,-3.599769792617497,256.7430000305176,258.9785998535156,196.6276496887207,252.90409449349715,248.01105769862616,282.2167106248394,256.7430000305176,231.2692894361958,0.1984374303587157,-10.767227112167731,-0.028361644764614113,-0.06704041024816221,9.750083080629064
913,228.02000427246097,233.97000122070312,225.3800048828125,225.6000061035156,112484500,31.41520871984885,-7.192330039768223,-3.2187366623528906,-3.973593377415332,253.45999984741212,259.1383999633789,196.63019973754882,250.30370512302272,247.13219293019046,277.15577990570387,253.45999984741212,229.76421978912038,0.18697845871188407,-11.219548399652622,-0.03159340830287449,-0.06849992225382762,9.667219741862032
914,226.05999755859375,226.7400054931641,218.8300018310547,219.22000122070312,120718400,28.8224022363445,-8.69049769525651,-4.313088868933615,-4.377408826322895,251.27600021362304,259.0966000366211,196.58369972229005,247.34335237042086,246.03759717687723,278.82710506681315,251.27600021362304,223.7248953604329,0.2192895845983498,-15.463521892231011,-0.02828016272253575,-0.106464479934263,9.541704307593989
915,214.1199951171875,217.5800018310547,212.36000061035156,215.4900054931641,136276600,27.398659640518986,-10.062788278872887,-5.46302875092147,-4.5997595279514165,249.04950103759765,258.915,196.5234497833252,244.30970028687258,244.83965240496693,280.3555739294118,249.04950103759765,217.74342814578355,0.25140442170239885,-15.114628151317696,-0.017014851321818014,-0.1119307194992426,9.350154043505244
916,221.5500030517578,232.1300048828125,220.5800018310547,231.27999877929688,135702700,40.743053878103815,-9.763668465104473,-6.323156693758071,-3.4405117713464017,247.1605010986328,258.8433999633789,196.54074974060057,243.06877633377013,244.30790128239164,277.96413667510546,247.1605010986328,216.35686552216012,0.24926018064820202,-8.0214748115893,0.073274828918382,-0.035368685025963575,9.870857282515471
917,240.25,240.82000732421875,229.5500030517578,233.19000244140625,130442800,42.128706453020754,-9.265683493065183,-6.911662053619494,-2.354021439445688,245.55600128173828,258.6192001342773,196.63179977416993,242.12794072497357,243.87190524941184,275.75431271441397,245.55600128173828,215.35768984906258,0.24595865118383087,-6.611932202088945,0.008258403978685713,0.000987275587700065,9.970796353225863
918,229.33999633789065,238.97999572753903,229.2899932861328,236.86000061035156,101077600,44.799700102966135,-8.47716910556224,-7.224763464008044,-1.252405641554196,244.18150100708007,258.3598001098633,196.7395497894287,241.62623214262862,243.5969285968997,273.3167403479862,244.18150100708007,215.04626166617396,0.2386359263150023,-2.200752209969605,0.01573823118710882,0.04991132181826874,9.950739645238745
919,238.66000366210935,238.9199981689453,228.17999267578125,230.0399932861328,99777400,41.011611111651895,-8.306827430612259,-7.4411762573288875,-0.8656511732833714,242.89800033569335,257.78640014648437,196.85239974975585,240.52278082296235,243.06528407490885,272.1501427344326,242.89800033569335,213.64585793695406,0.24085947482739106,-6.236244917313096,-0.02879341090367582,0.04935677404059713,10.00711577723341
920,231.30999755859375,239.0,230.3500061035156,238.58999633789065,106612200,47.05569433288851,-7.39665262781196,-7.432271531425503,0.035618903613542585,241.50550003051757,257.4223999023437,197.05994972229004,240.33870611009837,242.8897825950258,268.72310855103973,241.50550003051757,214.2878915099954,0.2253994920785062,-1.673190876042537,0.037167463490241914,0.10719750455182653,9.932322272707252
921,242.5800018310547,244.3800048828125,235.3500061035156,238.82000732421875,107673700,47.21239212479472,-6.580911918699371,-7.261999608880277,0.681087690180906,240.07500076293945,257.08080017089844,197.29754974365235,240.1940681304908,242.73018356479807,264.56253660039124,240.07500076293945,215.58746492548767,0.20399904829434407,-0.3920533884523253,0.0009640428763089126,0.03260121318193643,9.867870594606513
922,238.5800018310547,257.4800109863281,237.77000427246097,257.17999267578125,134047600,57.91872894369401,-4.402188464213594,-6.690037379946941,2.2878489157333464,239.88050003051757,257.01359985351564,197.6954997253418,241.81177523004226,243.29684274562095,263.7519511555933,239.88050003051757,216.00904890544183,0.1990278586382704,10.396628289791487,0.07687791972402569,0.10287743892623769,10.570880317410845
923,254.1999969482422,260.510009765625,250.58999633789065,256.8999938964844,121988400,57.72644093876747,-2.6673800937858516,-5.8855059227147235,3.218125828928872,240.0199996948242,256.6625994873047,198.02639968872072,243.24874843637008,243.83029965349795,264.25231768407053,240.0199996948242,215.78768170557788,0.2019191569040642,13.87410768890091,-0.0010887269121663268,0.08460691224560013,10.524389825291095
924,255.97999572753903,261.17999267578125,255.0500030517578,258.0799865722656,108861700,58.35394265908326,-1.183671782775491,-4.945139094726877,3.761467311951386,239.95799865722657,256.63499938964844,198.33694961547852,244.66124730645538,244.38911090521432,263.9980574117519,239.95799865722657,215.91793990270122,0.20036888863093005,17.726478029000468,0.004593198535678855,0.12189181926838066,10.210504096629121
925,257.260009765625,259.0799865722656,242.0099945068359,245.0099945068359,132541600,49.575904750582765,-1.0503535638953565,-4.166181988560573,3.1158284246652164,239.51549835205077,256.2429995727539,198.6072496032715,244.69446132553924,244.41345928174852,262.8305707215002,239.51549835205077,216.20042598260133,0.19468529201546592,13.699006107551595,-0.05064318329763229,0.02690807773790005,10.700467522972021
926,245.0,258.0,244.86000061035156,256.489990234375,129469600,55.8570607641333,-0.018148991762274136,-3.336575389200913,3.318426397438639,239.76749801635742,256.2407992553711,198.91759956359863,245.81784503114264,244.88704873087113,263.6940273897024,239.76749801635742,215.84096864301242,0.1995810906089755,10.900203903552946,0.046855214011356505,0.07398870433065396,10.874719799163193
927,255.13999938964844,255.38999938964844,245.05999755859375,251.9199981689453,116959800,53.025383911326315,0.42620734861267806,-2.584018841638195,3.010226190250873,239.87849807739258,256.45819915771483,199.24259956359865,246.39900247283813,245.16285066961913,264.00804985078224,239.87849807739258,215.74894630400289,0.20118144783118247,8.032074930933351,-0.017817428513501543,-0.020452580514173424,10.914382147493054
928,245.07000732421875,252.80999755859375,243.27000427246097,251.4900054931641,115312900,52.7543931167047,0.735191306694702,-1.9201768119716158,2.655368118666318,240.34349822998047,256.4837991333008,199.58419960021973,246.88385990334538,245.41097438818954,264.9862898458952,240.34349822998047,215.70070661406572,0.20506310174727083,6.176646476869572,-0.0017068620153484204,-0.021058733094015514,10.816211514538749
929,251.22000122070312,256.5199890136719,246.6699981689453,248.5,118367700,50.809864387044385,0.7303755501054638,-1.3900663395562,2.120441889661664,240.50149841308593,256.3289993286133,199.9257495880127,247.0377780077887,245.53211264747623,265.3103683581348,240.50149841308593,215.69262846803704,0.2063094833815721,8.02469451079574,-0.011889162304087542,-0.03712022268562509,10.747195752409308
930,264.2699890136719,274.8500061035156,260.6099853515625,273.5799865722656,174667900,63.09714329522277,2.7189618428718063,-0.5682607030705988,3.287222545942405,242.047998046875,256.6505990600586,200.45429954528808,249.56560739488174,246.63202927197779,270.75039259318544,242.047998046875,213.34560350056455,0.23716283363559934,14.66532158574755,0.10092549928477124,0.11660745563843755,11.861682206059758
931,270.760009765625,278.3900146484375,266.6000061035156,267.4800109863281,135999900,59.2223477043559,3.7593779874102893,0.29726703502557883,3.4621109523847107,243.43399887084962,256.7647994995117,200.94214958190918,251.27174107025758,247.44959718234446,274.16596795755953,243.43399887084962,212.70202978413968,0.2524870743549205,12.000671126017073,-0.022296863386701782,0.04284775691211462,11.856562658835625
932,270.07000732421875,274.9800109863281,268.1000061035156,271.29998779296875,111673700,60.84398921121657,4.836404421553823,1.2050945123312278,3.631309909222595,245.3509979248047,256.5943991088867,201.38264953613282,253.1791931390872,248.38490661805523,277.95645985736536,245.3509979248047,212.74553599224402,0.2657862589379287,5.490316322929574,0.014281354305895722,0.07692914323946054,11.545379611775937
933,271.32000732421875,276.7099914550781,270.4200134277344,276.0400085449219,107709800,62.81981383612455,6.003234144510941,2.1647224387671704,3.8385117057437705,247.872998046875,256.4655990600586,201.84854957580566,255.3564136539286,249.46942041910881,281.755396845605,247.872998046875,213.990599248145,0.2733851534108812,7.450375672702353,0.017471511114000693,0.09761820555698031,11.169993784316494
934,277.54998779296875,278.9800109863281,271.0,274.3900146484375,133692300,61.653555240832546,6.717380606429998,3.075254072299736,3.642126534130262,250.63149871826172,256.4225991821289,202.30589965820312,257.16913755816756,250.44669862418053,283.70733934258146,250.63149871826172,217.55565809394196,0.2639400138727236,6.319757022927798,-0.005977372284481253,0.10418516961141844,10.942137870174466
935,271.1600036621094,271.44000244140625,263.760009765625,265.2799987792969,101543300,55.52436257659637,6.473620806618328,3.754927419163455,2.718693387454873,253.12099838256836,256.2395993041992,202.72814964294435,257.94160053160846,251.0283966694792,282.53445789145275,253.12099838256836,223.70753887368394,0.2324063171118561,8.273133638185287,-0.033200974462619715,-0.03033843190417851,10.91984265679147
936,264.3500061035156,267.8500061035156,261.20001220703125,266.5,103704000,56.15301514959965,6.30618948469521,4.265179832269806,2.041009652425404,254.88199844360352,256.17739959716795,203.08714965820312,258.7566861952648,251.63512621185257,283.04475398248405,254.88199844360352,226.719242904723,0.22098661899115615,3.902690220572768,0.004598918977371191,-0.003663866255703918,10.614853459626676
937,267.0400085449219,273.92999267578125,262.4599914550781,262.5899963378906,122514600,53.540994922074766,5.791236567297176,4.57039117927528,1.2208453880218961,256.35199813842775,256.03339935302733,203.42659965515136,259.1217633517054,252.06472896189328,282.8524002358943,256.35199813842775,229.85159604096117,0.2067501114866021,4.235470882224159,-0.014671683535119606,-0.03210465111308736,10.675935442560709
938,257.8500061035156,260.8599853515625,254.2100067138672,255.6999969482422,119951500,49.19810765411437,4.772156848027123,4.6107443130256485,0.16141253500147457,257.29399795532225,255.7075994873047,203.73079963684083,258.79588083708984,252.2072884907697,282.25034553045407,257.29399795532225,232.33765038019044,0.1939909035846639,1.674019389686057,-0.026238620989897266,-0.07368501292221064,10.51193931266519
939,257.3999938964844,257.7900085449219,244.47999572753903,244.8800048828125,127524100,43.263329367122196,3.0562157425472947,4.299838598929978,-1.2436228563826832,258.03599853515624,255.04719970703124,204.04294967651367,257.47055931763487,251.91994403555572,280.46103622850507,258.03599853515624,235.6109608418074,0.17381324947413115,-1.4567384777414487,-0.042315182614647506,-0.10754768100229428,10.711801705859306
940,243.3800048828125,247.1000061035156,238.30999755859375,246.9900054931641,104636600,44.665158536725116,1.8453079081105557,3.8089324607660937,-1.963624552655538,258.45599899291994,254.35939971923827,204.3787996673584,256.47241133435193,251.72661311232469,279.69158483780694,258.45599899291994,237.22041314803295,0.1643265076270775,-9.719271285978312,0.00861646752809131,-0.06894599430901449,10.574530765792344
941,242.97999572753903,249.5500030517578,241.66000366210935,244.1199951171875,101993600,43.105084132051516,0.6466150971992022,3.1764689880527155,-2.5298538908535133,258.7209983825684,253.43419952392577,204.72919967651367,255.29599074224103,251.42831436741736,279.0841753236022,258.7209983825684,238.35782144153458,0.15741418028174867,-8.733368816234512,-0.011619945391094122,-0.0839775042507036,10.38277852463921
942,244.2599945068359,245.3300018310547,234.5800018310547,240.5,136597200,41.15261974801964,-0.5886750642557104,2.4234401775910306,-3.012115241846741,257.8869987487793,252.37739959716797,205.06449966430665,253.8868487667895,250.9997530196755,279.7456988535214,257.8869987487793,236.02829864403722,0.1695215362604281,-11.352742048950063,-0.014828753029631048,-0.08412352582337557,10.409008630022125
943,240.02000427246097,247.5500030517578,238.6499938964844,246.3800048828125,117058900,45.472987468193665,-1.0807262250087888,1.7226068970710668,-2.803333122079856,257.3609992980957,251.47979949951173,205.4011496734619,253.1719112540298,250.81858642607304,279.7882910300718,257.3609992980957,234.9337075661196,0.174286638559396,-10.744820585412567,0.02444908475181906,-0.036448933033488506,10.301222953254358
944,250.0,254.77000427246097,246.3500061035156,250.22000122070312,128522700,48.15017433623263,-1.1475959311231065,1.1485663314322323,-2.296162262555339,256.9680000305176,251.2261996459961,205.81314964294432,252.89077696514153,250.79511249645068,279.60560155766876,256.9680000305176,234.33039850336644,0.1761900433086043,-8.808634475530107,0.015585665483353939,0.021806583761079468,10.166849754375145
945,244.80999755859375,254.27999877929688,242.6199951171875,251.6000061035156,123810400,49.11705684136981,-1.07682285060514,0.7034884950247579,-1.7803113456298978,257.29750061035156,251.05779998779298,206.2663996887207,252.76784640689144,250.8266769516297,279.41516352741445,257.29750061035156,235.17983769328868,0.17192287421833627,-5.156812703080011,0.005515166158101215,0.01866472532419583,10.273503604927589
946,248.61000061035156,250.02000427246097,244.4499969482422,246.52999877929688,101985300,45.74219463023963,-1.4135473991329377,0.28008131619321874,-1.6936287153261564,256.7995010375977,250.60720001220704,206.7150496673584,252.17376568045387,250.65817976840097,279.41048074104833,256.7995010375977,234.18852133414703,0.17609831492733477,-7.493433853922374,-0.020151062008054055,0.00987220920167764,10.050396858523717
947,248.13999938964844,261.8599853515625,247.6000061035156,261.1600036621094,129721600,55.28901074352679,-0.4941882097593293,0.12522741100270915,-0.6194156207620385,257.26150131225586,250.5248001098633,207.2324996948242,253.02959786918296,251.0700159995268,279.83235670396306,257.26150131225586,234.69064592054866,0.17547013662422353,-0.5445724116394711,0.05934371052307452,0.08590438113143195,10.427510409505283
948,260.0,263.6000061035156,256.25,260.04998779296875,119159200,54.50539131333301,0.14319095143966365,0.12882011909010005,0.0143708323495636,257.6895004272461,250.43879974365234,207.78159965515135,253.69820643335305,251.42217175613237,280.13062069153534,257.6895004272461,235.24838016295686,0.1741717860221866,1.701208798061531,-0.00425032873937603,0.05548332916325016,10.207688673363165
949,253.97999572753903,261.6499938964844,250.6499938964844,260.5299987792969,118121800,54.80370684595408,0.6792217581096054,0.2389004468940011,0.44032131121560425,258.29100036621094,250.53519958496094,208.3348996734619,254.34885332344294,251.7793414433153,280.35637986820734,258.29100036621094,236.22562086421453,0.17085674274915966,6.390882711707594,0.001845841218459432,0.041203730750124734,10.26428233955151
950,255.30999755859375,261.3599853515625,252.0500030517578,259.6700134277344,101377900,54.11902244140609,1.0228456753690125,0.3956894925890034,0.6271561827800092,257.5955017089844,250.3997998046875,208.9442497253418,254.8556304762326,252.08877956035136,278.5377034700527,257.5955017089844,236.65329994791608,0.16259757349899318,5.133814183797501,-0.003300907210654902,0.03207475011307648,10.196118050998166
951,257.75,268.94000244140625,257.6499938964844,263.6199951171875,122656000,56.78932379485394,1.5955085866212642,0.6356533113954556,0.9598552752258086,257.40250091552736,250.32359985351562,209.57449966430664,255.69033187060924,252.540984091992,278.0457811008688,257.40250091552736,236.75922073018592,0.16039688901170399,7.987874975435425,0.015211543440507347,0.0693221775139432,10.274253086278431
952,266.20001220703125,268.6000061035156,260.8999938964844,262.989990234375,103706300,56.227231246236165,1.9757368758780558,0.9036700242919756,1.0720668515860803,256.9870010375977,250.36199951171875,210.26269962310792,256.3855374290631,252.95074903875212,276.8130050548521,256.9870010375977,237.16099702034327,0.15429577322748583,9.351347290800415,-0.002389822071472425,0.007007147138170744,10.090378737760775
953,262.9200134277344,265.4100036621094,256.6300048828125,258.8699951171875,111508100,52.563190313853084,1.9224604336012874,1.107428106153838,0.8150323274474494,256.1285003662109,250.45719940185546,210.94129959106445,256.6221524469797,253.18287633594568,273.9674480932218,256.1285003662109,238.28955263920005,0.1392968584246177,5.069400920060743,-0.015665976919941982,-0.00453756097354896,9.996780169299068
954,258.8999938964844,259.6000061035156,250.22000122070312,251.1199951171875,102073800,46.43354750537888,1.2405776320044026,1.134058011323951,0.10651962068045173,254.96499938964843,250.29319915771484,211.6513995742798,256.09813746318997,253.10197903324928,270.8121935295296,254.96499938964843,239.1178052497672,0.12430878103125716,0.3596810375244734,-0.02993780718577166,-0.03611869537557888,9.952724791692885
955,250.0500030517578,255.3999938964844,248.47999572753903,253.9199981689453,88917200,48.75851376255402,0.9155633997595203,1.0903590890110648,-0.17479568925154454,254.39699935913086,250.29439910888672,212.35744956970214,255.89069562564285,253.13405821504128,269.5225284076296,254.39699935913086,239.27147031063214,0.11891279446379077,0.9220953931436724,0.01115006015531006,-0.022143547431167976,9.736101461496634
956,250.1000061035156,257.17999267578125,247.0800018310547,254.8500061035156,93562900,49.541885002845525,0.724677515718497,1.0172227743525513,-0.29254525863405423,253.81449966430665,250.36239929199218,213.0225996017456,255.7915823378212,253.2013502890991,267.89174810065293,253.81449966430665,239.73725122796037,0.1109254865656986,3.374845805952854,0.0036626021631880334,-0.033267541067108164,9.762093560298771
957,252.6999969482422,254.6300048828125,242.0800018310547,242.67999267578125,125147800,40.76030907012303,-0.4039626670470966,0.7329856860726217,-1.1369483531197182,252.81899948120116,250.22199920654296,213.62009956359864,254.54285951286502,252.78874802975332,267.0877913670705,252.81899948120116,238.55020759533184,0.11287752831195202,-7.076126025115887,-0.04775363208267336,-0.07722726458331597,9.976944325453209
958,225.9499969482422,230.61000061035156,216.77999877929688,220.11000061035156,170772700,30.103232262235764,-3.0840765628430518,-0.03042676371051304,-3.053649799132539,251.03949966430665,249.78039916992188,214.1801495742798,251.26353961738755,251.50722852311011,271.1205264217852,251.03949966430665,230.9584729068281,0.1599830049401084,-15.358580679655423,-0.09300310180733784,-0.149727644137706,11.114305009098292
959,217.0099945068359,218.86000061035156,210.4199981689453,211.9900054931641,138010100,27.33426933104552,-5.796483623736975,-1.1836381357158055,-4.61284548802117,249.3949996948242,249.11339935302735,214.67189960479737,247.5232030341282,249.95753350232792,275.6593260491747,249.3949996948242,223.13067334047372,0.21062432195103517,-18.63124918956167,-0.03689062330049164,-0.15582187951924353,11.012569111406004
960,210.0,216.97999572753903,202.5099945068359,212.0800018310547,150683400,27.413960622549652,-7.848352882397791,-2.5165810850522026,-5.3317717973455885,247.64949951171874,248.50199951171874,215.18059963226318,244.1476600624069,248.47214010345448,278.55180960309485,247.64949951171874,216.7471894203426,0.24956489031720275,-18.32711100079482,0.0004245310418349302,-0.16477629426435503,11.25952854778437
961,216.5,222.0500030517578,214.11000061035156,216.52000427246097,118231100,31.410481005735335,-9.012314609585133,-3.8157277899587885,-5.196586819626344,246.2694999694824,248.03719970703125,215.69789966583252,241.51645474907872,247.21911516890572,280.01342962435916,246.2694999694824,212.52557031460566,0.27404067218277767,-17.866623062408102,0.02093550737020089,-0.1504022009537863,11.167419452992855
962,215.8800048828125,220.1000061035156,212.1999969482422,212.4199981689453,107065100,29.779915071200904,-10.148612009689458,-5.082304633904923,-5.066307375784535,244.8654998779297,247.62639953613282,216.16114967346192,238.74536364620886,245.85444391400532,281.6522944104014,244.8654998779297,208.07870534545796,0.30046531300498164,-19.228865714760488,-0.018935922882933,-0.1246909321744668,10.93403300315575
963,211.32000732421875,214.8000030517578,204.8800048828125,205.7599945068359,115112600,27.30071043901404,-11.454502150797708,-6.3567441372834805,-5.097758013514228,242.83449935913086,247.2295993041992,216.5956996536255,235.60389991864952,244.28211256470456,283.3580451631275,242.83449935913086,202.3109535551342,0.33375443695968326,-20.516089779469922,-0.031352997455599496,-0.0651947029381853,10.861601943569292
964,210.6000061035156,212.41000366210935,205.77000427246097,207.3000030517578,94881200,28.77723639898207,-12.224250130694458,-7.5302453359656765,-4.694004794728781,240.6884994506836,246.99119934082032,217.01609966278076,232.90829069323127,242.8318337602753,283.8783994287419,240.6884994506836,197.49859947262533,0.3588862789591471,-17.449821964587358,0.00748448962886572,-0.02212369602281794,10.560773887262446
965,209.27999877929688,210.8800048828125,194.6699981689453,197.36000061035156,136448200,25.217190025423605,-13.480956006216417,-8.720387470015826,-4.760568536200591,237.97649917602538,246.62859924316408,217.38509967803955,229.52273925676653,241.04862461714103,284.74836299413795,237.97649917602538,191.20463535791282,0.39307968627201767,-22.27473139825782,-0.04794984223383958,-0.06940777580919322,10.964290517734213
966,196.1199951171875,202.8000030517578,194.07000732421875,200.83999633789065,118068300,28.549817836028993,-14.03431900157986,-9.783173776328633,-4.251145225251227,235.69199905395507,246.01979919433595,217.7772996520996,226.79104945496883,239.47181566501357,284.96595748339155,235.69199905395507,186.41804062451857,0.4181216046978039,-21.192861868595376,0.017632730628176496,-0.07241828757235358,10.804698032720273
967,204.0399932861328,205.9900054931641,197.8500061035156,205.66000366210935,121661700,33.0032269178368,-13.923428239871924,-10.611224669037291,-3.312203570834633,232.91699905395507,245.46919921875,218.14814964294433,224.77856890326794,238.14586225313496,282.3920511206767,232.91699905395507,183.44194698723348,0.42482989449182057,-15.254652270873581,0.023999240251476373,-0.0318237198244371,10.614362415358002
968,212.97000122070312,219.1999969482422,211.4499969482422,218.5099945068359,125987600,43.172454205006204,-12.65280597183343,-11.01954092959652,-1.6332650422369106,230.83999938964843,245.1021990966797,218.59679962158202,224.18156181789345,237.37582822386835,279.0561544313411,230.83999938964843,182.62384434795572,0.4177452362604264,-0.726912043559554,0.06248172039245192,0.06196539823282521,10.823336048984777
969,221.1499938964844,226.3699951171875,218.3999938964844,219.9600067138672,119534800,44.201675470301495,-11.397442184383863,-11.095121180553988,-0.30232100382987426,228.81149978637694,244.90059936523437,219.06074966430663,223.77950895084334,236.6928548313193,275.2411670242132,228.81149978637694,182.3818325485407,0.40583333688371376,3.7596117808299696,0.006635907937775798,0.061070928488835996,10.619526418393226
970,223.97999572753903,226.32000732421875,215.0,219.27000427246097,117335800,43.79519473794766,-10.339052606244849,-10.943907465692162,0.6048548594473129,226.79149932861327,244.51419952392578,219.4899996948242,223.35003231480692,236.00960578979544,271.14407362725336,226.79149932861327,182.43892502997318,0.39113083541437943,3.390231223750137,-0.0031369449915674696,0.11101542153603039,10.669560768809335
971,219.97999572753903,223.1199951171875,215.72000122070312,222.17999267578125,116900100,46.04855000317967,-9.159870213919561,-10.587100015337642,1.4272298014180809,224.71949920654296,244.18139923095703,219.88214965820313,223.23859996823305,235.46726802061843,265.7434396219269,224.71949920654296,183.69555879115902,0.3651124229115359,2.614071813982582,0.013271256198382542,0.10625371801933547,10.43602027792898
972,223.1499938964844,224.1499938964844,217.63999938964844,222.11000061035156,106584800,46.00077907908587,-8.137206792514718,-10.097121370773058,1.9599145782583403,222.6754997253418,243.47999938964844,220.27324966430663,223.13111431510148,234.94345361237268,259.75228156480034,222.6754997253418,185.59871788588327,0.3330117761962204,4.561718541066666,-0.00031502415940676265,0.0799863690329834,10.15558986570805
973,219.75,220.8000030517578,206.67999267578125,209.97999572753903,142110500,38.53896275731956,-8.210878783005796,-9.719872853219606,1.5089940702138094,220.2309997558594,242.54159942626953,220.60099967956543,221.87862683057173,233.9644944796341,253.71252146836792,220.2309997558594,186.74947804335085,0.3040582093313386,2.050933773991195,-0.05461260118625744,-0.03903711040105318,10.532334013483927
974,210.02999877929688,215.3800048828125,205.69000244140625,214.6499938964844,130994000,42.41200090343481,-7.802492268825006,-9.336396736340687,1.533904467515681,218.40749969482422,241.6729995727539,220.87289962768554,221.19018559875389,233.2070630842165,248.79031070185331,218.40749969482422,188.02468868779513,0.27822131611306655,3.545581638458286,0.022240205086035747,-0.02414081039872973,10.472167472621237
975,215.6000061035156,225.3999938964844,211.61000061035156,223.7100067138672,140447600,49.11185430750645,-6.670877968649137,-8.803292982802377,2.1324150141532403,216.89700012207032,241.24699981689454,221.10194969177246,221.430168562098,232.83462950106554,242.7307875992135,216.89700012207032,191.06321264492715,0.23821249222076687,13.351239370706388,0.04220830689495392,0.020249018811935526,10.709155030729208
976,235.02999877929688,238.13999938964844,230.72000122070312,237.41000366210935,149771600,57.21731477651277,-4.615386917441896,-7.965711769730281,3.3503248522883853,216.025,240.8654000854492,221.45569969177245,222.95205761924194,233.01405593875353,237.48224979590452,216.025,194.5677502040955,0.19865524634560366,18.208528177173324,0.06123998273248876,0.0685480758321595,10.974929148232926
977,239.2899932861328,246.6999969482422,236.4499969482422,242.83999633789065,150354000,59.94081040207375,-2.519200644867425,-6.87640954475771,4.357208899890285,216.03300018310546,240.68380004882812,221.8037996673584,224.846147021018,233.39938693479812,237.53007885912916,216.03300018310546,194.53592150708175,0.19901661929245246,18.07837791195728,0.02287179390936478,0.09333211323476509,10.923148494787716
978,239.4900054931641,240.8800048828125,230.9600067138672,233.58999633789065,136816800,53.67266612892631,-1.5860723612849483,-5.818342108063158,4.2322697467782096,216.7069999694824,240.32579986572264,222.0646996307373,225.67889457500587,233.40686181335076,239.4805048612219,216.7069999694824,193.93349507774292,0.21017784284722277,6.901286993800633,-0.038090924639652135,0.11243928512593615,10.991494289733126
979,232.0,237.38999938964844,226.5399932861328,234.3000030517578,142532800,54.06969411201933,-0.7802753373003384,-4.8107287539105945,4.030453416610256,217.8224998474121,240.04179992675782,222.2948496246338,226.49995252517272,233.44188695995496,241.72036396235143,217.8224998474121,193.92463573247278,0.2194251202853712,6.5193652937757305,0.0030395424675639937,0.09154441981838435,10.98138799071759
980,234.0399932861328,237.1000061035156,231.02000427246097,235.6000061035156,116320100,54.83295340987869,-0.03635690882686049,-3.855854384893848,3.8194974760669873,218.99850006103514,239.2822003173828,222.52294967651366,227.3666242945387,233.52651908323185,243.94221053662244,218.99850006103514,194.05478958544785,0.22779800289623403,7.447439920128457,0.005548455120893081,0.05314916200801045,10.631288979313092
981,235.0399932861328,243.6199951171875,233.33999633789065,241.1999969482422,122288000,58.065687075377795,0.9936224048992415,-2.88595902693523,3.8795814318344717,220.2324996948242,238.75660003662108,222.7551496887207,228.68408835679617,233.8274397838205,246.94299157417555,220.2324996948242,193.52200781547288,0.24256630530338638,8.560628724214652,0.02376906069461704,0.015963915705619947,10.606196822169077
982,242.0399932861328,244.0099945068359,231.3999938964844,234.2100067138672,117950600,52.9694713208979,1.231656863852436,-2.0624358487776973,3.294092712630133,221.3220001220703,238.01480041503908,222.94214973449706,229.21036629556482,233.84244240852823,248.4433834973357,221.3220001220703,194.2006167468049,0.24508529075561017,5.447753847312222,-0.028980059381488954,-0.03553776047671975,10.749325664182107
983,233.75,238.75,232.3300018310547,235.4499969482422,65125200,53.74502711496845,1.5030317223117606,-1.3493423345598057,2.8523740568715663,222.80650024414064,237.20300018310547,223.11294975280762,229.80461683391505,233.9054837630268,249.60648772265938,222.80650024414064,196.0065127656219,0.24056737527094235,12.129727468778468,0.00529435207219775,0.00796267237258319,10.440087985950909
984,236.88999938964844,238.3300018310547,232.1000061035156,236.0800018310547,112031800,54.15864656359898,1.7487755852912983,-0.7297187505895849,2.478494335880883,224.24550018310546,236.4367999267578,223.2567497253418,230.40227254792833,233.99075898138085,250.64821450174102,224.24550018310546,197.8427858644699,0.23548043815440384,9.983698366609305,0.0026757481035388775,0.007597092428990093,10.139367110350065
985,236.67999267578125,247.0,234.0099945068359,246.72000122070312,148549900,60.571294668270795,2.7701557644604122,-0.02974384757958547,2.7998996120399977,226.71350021362304,236.06559997558594,223.50589973449706,231.95634194533545,234.48994495155037,251.79723695102777,226.71350021362304,201.6297634762183,0.22128136801530862,10.285634891722351,0.04506946504203557,0.047198619817954146,10.342984137693923
986,249.2100067138672,252.75,242.7599945068359,244.13999938964844,135401300,58.436636770460964,3.333001562022048,0.6428052343407412,2.690196327681307,228.87850036621094,235.61839996337892,223.75339973449707,233.11669027336526,234.86837845892677,252.05810088506155,228.87850036621094,205.69889984736034,0.20254939176692177,2.8347565914355775,-0.010457205813430348,0.012189065002505384,10.317771377370363
987,245.13999938964844,245.22000122070312,236.91000366210935,240.0800018310547,132353200,55.143239325284824,3.4121202413404035,1.1966682357406737,2.2154520055997295,230.5995002746582,235.1682000732422,223.90754974365234,233.77986280266902,235.07275584606904,251.64044908044403,230.5995002746582,209.55855146887237,0.18248911017348057,-1.1365485704404619,-0.016629792613843564,0.02506295610314746,10.174358961743465
988,233.13999938964844,240.19000244140625,231.8999938964844,238.8300018310547,121331700,54.131707430188555,3.3355081497369383,1.6244362185399268,1.7110719311970115,231.61550064086913,234.83080017089844,224.0304997253418,234.26082842442003,235.2200988258724,252.18026421604947,231.61550064086913,211.0507370656888,0.17757674696450462,2.243249101123451,-0.005206597761023168,0.014355510412495498,10.039762503399063
989,235.75,239.3699951171875,233.2899932861328,235.5800018310547,104099800,51.487201037517394,2.9782136830990282,1.8951917114517471,1.083021971647281,232.39650039672853,234.64480010986327,224.19819976806642,234.38646398695667,235.2342126692129,252.30737693768913,232.39650039672853,212.48562385576793,0.1713526366100209,0.5463076238262439,-0.01360800559009756,-0.00211792611030992,9.756922455374465
990,233.8699951171875,246.66000366210935,233.6999969482422,238.72000122070312,137971100,53.833846461042334,2.9148266456413126,2.09911869828966,0.8157079473516524,233.36900024414064,234.47940002441408,224.35024978637696,234.79918181874206,235.37091025946742,252.50525727759907,233.36900024414064,214.2327432106822,0.16399999154505443,1.3242763312224601,0.013328802806870987,-0.03242542137004778,9.985714188123941
991,242.9199981689453,246.57000732421875,239.1699981689453,239.3699951171875,126436200,54.32636335473599,2.8837984040975186,2.256054639451232,0.6277437646462865,234.22850036621094,234.38440002441405,224.56024978637694,235.23449737097496,235.52773711663292,252.81357451810868,234.22850036621094,215.6434262143132,0.1586918254852881,-0.75870723640489,0.002722829646282676,-0.01953798756609315,9.83316361065192
992,241.5500030517578,244.0800018310547,236.97999572753903,242.63999938964844,107142300,56.82201267334824,3.0874797704450145,2.422339665649989,0.6651401047950256,235.25500030517577,234.42720001220704,224.76914978027344,235.9397832775153,235.80664936263355,253.3096182360671,235.25500030517577,217.20038237428443,0.15348976988774446,3.5993307007074704,0.01366087788429815,0.010663102045439077,9.637938074427902
993,240.27000427246097,245.27000427246097,239.27000427246097,243.83999633789065,103126800,57.734692610209244,3.3076004861560193,2.599391829751195,0.7082086564048242,236.94800033569337,234.3763998413086,224.9779997253418,236.69218452136056,236.12168257734953,251.14234753144584,236.94800033569337,222.7536531399409,0.11980980785356105,3.563389041577604,0.0049455858525417895,0.02097724100165599,9.37808535482591
994,242.7400054931641,243.44000244140625,237.4499969482422,239.7400054931641,97913900,53.5683782422334,3.11530148679293,2.702573761159542,0.4127277256333879,238.20250091552734,234.16679992675782,225.19229972839355,236.98245318534185,236.26357759365598,248.06674167808063,238.20250091552734,228.33826015297404,0.08282231063603655,1.5503234639622725,-0.01681426716823431,0.017658560275811253,9.16465064302752
995,238.5500030517578,238.9900054931641,233.8699951171875,237.0099945068359,95328300,50.93278264357432,2.7113592121797865,2.7043308513635913,0.007028360816195178,238.86750030517578,233.87499969482423,225.33919967651366,236.9850761683413,236.29284884515323,246.20318607670458,238.86750030517578,231.53181453364698,0.061420542871313766,-3.9356382400392174,-0.011387381846064137,-0.007163231841165518,8.929319195381025
996,234.19000244140625,240.3000030517578,228.1999969482422,239.2899932861328,146286300,53.012056147115295,2.5458617861199,2.672637038314853,-0.12677525219495278,238.96149978637695,233.73019958496093,225.507099609375,237.20459208432143,236.4103839212701,246.26819417574532,238.96149978637695,231.65480539700857,0.06115373728320502,-1.9865675905794509,0.009619842336358264,-0.00033421829254542956,9.155796831676353
997,241.22000122070312,253.8800048828125,240.7899932861328,251.0500030517578,160829200,61.96492492268234,3.3253063277909973,2.803170896210082,0.5221354315809155,239.37200012207032,233.5279995727539,225.74849960327148,238.5232026526487,236.9844866322696,248.25634455126786,239.37200012207032,230.48765569287278,0.07423043985651516,4.569310703530718,0.04914543063053567,0.03466041742196024,9.54395502917659
998,251.2100067138672,254.1300048828125,248.3000030517578,253.5,135932800,63.52420141378902,4.09352837394249,3.0612423917565637,1.0322859821859267,240.36750030517578,233.39699981689452,226.06149963378905,239.9495643047774,237.632153823161,250.76948357936266,240.36750030517578,229.9655170309889,0.0865506631385715,6.14244360276088,0.009758999874367902,0.03961615734575141,9.278672657882169
999,253.77999877929688,258.739990234375,251.36000061035156,252.0800018310547,116416500,61.939265064844605,4.535485640225744,3.3560910414503997,1.1793945987753442,241.25650024414062,233.22799987792968,226.33294967651366,241.10484406918476,238.19873609798034,252.44191960531083,241.25650024414062,230.07108088297042,0.09272636674950575,7.003990097526577,-0.005601570686174839,0.0514724120094443,9.143052441177973
1000,253.47999572753903,258.3399963378906,253.0099945068359,257.2200012207031,106737400,65.31291759294461,5.240090450986855,3.732890923357691,1.5071995276291643,242.3375,233.17899963378906,226.64999969482423,242.63962094075794,238.94466806357732,255.18299928534216,242.3375,229.49200071465785,0.10601330198869062,7.749664839728385,0.0203903496997484,0.08527069398874776,8.937119731582113
1001,256.4100036621094,259.8399963378906,247.0,247.13999938964844,125097000,55.01425873174816,4.9283124164735455,3.971975221980862,0.9563371944926833,242.6345001220703,232.84939971923828,226.94714965820313,243.06822841208083,239.2660536057762,255.63480908142392,242.6345001220703,229.6341911627167,0.1071596079932006,3.24602265570378,-0.03918825045959673,0.03280540901737128,9.21589663203272
1002,251.8999938964844,254.8000030517578,248.5500030517578,254.5,109594200,59.97671042134759,5.215001327962966,4.220580443177283,0.9944208847856828,243.64899978637695,232.67959991455078,227.3096496582031,244.15696856331124,239.8634632682948,257.02266025749685,243.64899978637695,230.27533931525707,0.10977808636887863,4.887900033046875,0.029780693649462897,0.013742270090834952,9.104761419895338
1003,256.760009765625,258.2200012207031,251.3699951171875,252.5399932861328,93370100,58.137455926559966,5.223831121009852,4.421230578743797,0.8026005422660543,244.50349960327148,232.5529998779297,227.70774963378906,244.95535187024663,240.36058209252374,257.85637712922426,244.50349960327148,231.1506220773187,0.10922442866968367,3.567912187870327,-0.007701401626197146,-0.0037870087332039226,8.943707468725359
1004,254.4900054931641,257.9700012207031,252.91000366210935,256.6099853515625,86892400,60.82403468933536,5.4958899427645065,4.636162451547939,0.8597274912165673,245.52999877929688,232.6627996826172,228.12359954833985,246.06531696370527,240.9978135928782,259.2852476858262,245.52999877929688,231.77474987276753,0.1120453628877645,7.036781293007619,0.01611622781987765,0.01797042005554972,8.692728930571427
1005,258.3500061035156,263.3399963378906,257.5199890136719,261.44000244140625,106494400,63.79363925355631,6.031710725462801,4.915272106330912,1.1164386191318894,246.26599884033203,232.8131997680664,228.55839958190919,247.52957272348633,241.79946805752635,261.673221505847,246.26599884033203,230.85877617481708,0.1251266739060012,10.307585545244052,0.018822405072142834,0.016406193922230194,8.552534791696905
1006,263.6600036621094,265.1300048828125,252.7100067138672,253.17999267578125,113619900,55.97881535646319,5.723857730883537,5.076989231241438,0.6468684996420997,246.71799850463867,232.7797994995117,228.9079995727539,248.0677079570382,242.2457631405952,262.3775637252024,246.71799850463867,231.05843328407497,0.12694303062992207,5.804672062922149,-0.03159428430420175,0.024439561791088193,8.828782175786078
1007,255.1000061035156,255.19000244140625,247.42999267578125,248.47999572753903,100891600,52.07011772359022,5.0425046853461595,5.070092322062383,-0.02758763671622333,247.13799819946288,232.89579956054686,229.2481495666504,248.10697345899067,242.4902428498871,262.51085449871573,247.13799819946288,231.76514190021004,0.1244070633512662,-1.023703363066254,-0.018563856087400077,-0.02365424075623168,8.752441289346
1008,250.0800018310547,251.25,244.41000366210935,248.4199981689453,104654200,52.02018319715364,4.446430503281249,4.945359958306156,-0.49892945502490704,247.61749801635742,233.46199951171874,229.56959953308106,248.1367853361292,242.7227822741639,262.5147855061229,247.61749801635742,232.7202105265919,0.12032499810478983,-2.003945495485084,-0.00024145830499577858,-0.016314228346872017,8.615838078527762
1009,244.97999572753903,245.67999267578125,236.32000732421875,238.4499969482422,121082600,44.400355669573415,3.133421511085629,4.582972268862051,-1.4495507577764215,247.7609977722168,233.99119934082032,229.8611994934082,247.21423406109236,242.55522206530424,262.2411620709235,247.7609977722168,233.28083347351009,0.11688816584456357,-5.407015544195132,-0.04013364984377277,-0.07076882989740496,8.864706133256247
1010,239.25,242.6999969482422,237.72999572753903,237.92999267578125,102629300,44.038031301332346,2.0275204326609924,4.071881901621839,-2.0443614689608465,247.72149734497071,234.50819915771484,230.1345994567871,246.33002059582464,242.37384052061708,262.3040460074941,247.72149734497071,233.13894868244736,0.11773341287547665,-7.4994201280523365,-0.0021807686270334248,-0.08992506711322434,8.58651292521674
1011,236.86000061035156,240.1199951171875,234.8999938964844,237.4900054931641,92488900,43.71298936356502,1.1028693802088583,3.478079397339243,-2.3752100171303847,247.62749786376952,234.92759918212892,230.33414947509766,245.48811439557124,242.18231757836404,262.44649071401346,247.62749786376952,232.80850501352558,0.11968778086508394,-3.9046669581275966,-0.0018492295892124089,-0.06197167089229494,8.346047803465765
1012,236.13999938964844,241.25,235.3000030517578,240.4499969482422,85166600,46.57012448950349,0.6019840349012213,2.902860324851639,-2.3008762899504176,247.51799774169922,235.48819915771483,230.58064949035645,245.0082936863018,242.11438343600634,262.5140926887598,247.51799774169922,232.5219027946387,0.12117175384320877,-5.5206298828125,0.012463646412957274,-0.032316479867062764,8.174901313806938
1013,238.11000061035156,238.9600067138672,232.0399932861328,234.9600067138672,96705700,42.28310672115853,-0.23525565929168124,2.275237128022975,-2.5104927873146563,247.07399826049806,236.07219940185547,230.79434951782227,244.05131397464137,241.83381964298127,262.97775286026996,247.07399826049806,231.17024366072616,0.12873677288375818,-6.961268329625381,-0.02283214932024613,-0.054182398978701585,8.191694338685684
1014,235.1000061035156,235.5,231.2899932861328,233.94000244140625,91628500,41.51838497802101,-0.969899570672851,1.62620978828381,-2.596109358956661,246.78399810791015,236.60499938964844,231.01199951171876,243.08833192385708,241.52425818409597,263.4073518389923,246.78399810791015,230.16064437682795,0.13471986724044702,-8.834411832843438,-0.004341182513256769,-0.01891379561566897,7.907288079770077
1015,230.57000732421875,230.92999267578125,225.3699951171875,227.22000122070312,105873600,36.79669559319453,-2.0704907716039713,0.8868696763062538,-2.957360447910225,246.29449844360352,237.20219940185547,231.1890495300293,241.5770623330805,240.96330693062959,264.5378867019569,246.29449844360352,228.0511101852501,0.14814288076784435,-13.089045632323417,-0.028725319101363445,-0.04501320466004577,7.954625168659268
1016,220.0800018310547,225.33999633789065,217.1499938964844,218.88999938964844,123043800,31.946680124622944,-3.5736835591799547,-0.005240970790987892,-3.568442588388967,245.2744987487793,237.56319946289062,231.3375495147705,239.41638967180126,240.0976870270617,266.93202198701454,245.2744987487793,223.61697551054405,0.17659824685172681,-13.543721572835377,-0.036660513098772496,-0.07831911100802524,8.105723894056371
1017,215.1000061035156,223.4900054931641,212.17999267578125,219.91000366210935,115355000,33.10931020629516,-4.629305105384418,-0.9300537977096739,-3.699251307674744,243.71749877929688,237.84819946289062,231.46769950866698,237.55863862325916,239.3060131696126,267.82873162634195,243.71749877929688,219.60626593225183,0.19786213930317292,-11.497904280695895,0.004659894354722027,-0.08542313806123336,8.334601674293976
1018,214.86000061035156,215.6699981689453,212.0099945068359,215.5500030517578,103164400,30.695329568312985,-5.751409726109586,-1.8943249833896563,-3.8570847427199295,241.81999893188475,237.78899963378908,231.5690495300293,235.46257809263997,238.37440492969674,268.39990908610247,241.81999893188475,215.24008877766707,0.2198321914781305,-13.231621994793388,-0.019826295019532925,-0.08260981914997456,8.303559351506795
1019,216.8800048828125,217.4499969482422,208.7400054931641,211.8800048828125,108595400,28.79238856089445,-6.857771778888633,-2.8870143424894517,-3.9707574363991816,239.80999908447265,237.62739959716797,231.591149520874,233.21661873932308,237.33540884942678,268.94002385434544,239.80999908447265,210.67997431459986,0.24294253685069897,-11.142794047171641,-0.017026203279914,-0.09429767174649406,8.332590216047603
1020,209.9900054931641,213.19000244140625,207.55999755859375,212.19000244140625,102260300,29.191702331307383,-7.621699259680838,-3.833951325927729,-3.787747933753109,237.55849914550782,237.48579956054687,231.67824951171875,231.21408385380718,236.34931448048482,267.89383404111527,237.55849914550782,207.22316424990038,0.25539254545489143,-10.81830413429633,0.0014630807600990448,-0.06614734045660864,8.13954840653081
1021,212.2599945068359,217.8000030517578,206.27000427246097,208.8000030517578,117952500,27.383281934535987,-8.403788271331223,-4.747918715008428,-3.655869556322795,235.6414993286133,237.2181997680664,231.75934951782227,229.07940949170725,235.2689493264171,268.08502225948376,235.6414993286133,203.19797639774282,0.2753634060495128,-12.080509401576519,-0.015976244642273096,-0.04609619610775051,8.381723433156955
1022,211.3000030517578,215.6499938964844,207.75,209.13999938964844,106605900,27.86594009532223,-8.893644190583615,-5.577063810123465,-3.3165803804601497,233.3734992980957,236.95879974365235,231.8774494934082,227.18041805341593,234.2442846230144,266.56000519884793,233.3734992980957,200.18699339734349,0.2844068071187637,-13.021417324173786,0.0016283349277841364,-0.048974599122871054,8.347314180537486
1023,211.8800048828125,212.72999572753903,206.77000427246097,207.8300018310547,123369900,27.118042219726547,-9.280583599907573,-6.317767768080286,-2.962815831827286,231.13799972534179,236.91579986572265,231.9912995147705,225.33752127033392,233.20843039587874,264.87784997326946,231.13799972534179,197.3981494774141,0.29194550690946786,-11.54664798586393,-0.006263735117226887,-0.03581536122200568,8.176791128718957
1024,189.6999969482422,193.0,180.05999755859375,182.6300048828125,198076800,17.42792589791422,-11.488235787130463,-7.351861371890322,-4.136374415240142,227.4390007019043,236.2754000854492,231.98189956665038,221.27013875723665,231.22496272869967,265.18138830564646,227.4390007019043,189.6966130981621,0.3318901990183268,-21.932972994409155,-0.12125293136804816,-0.13804983635042734,9.576306353271956
1025,185.5,186.77999877929688,182.1000061035156,183.25,107343200,18.202358988116927,-13.037499448260178,-8.488988987164294,-4.5485104610958835,223.52950057983398,235.4661999511719,231.96419960021973,217.64917316130936,229.3435916412997,262.5509176474124,223.52950057983398,184.50808351225555,0.3491388560915417,-19.351289932436107,0.0033948152034783963,-0.1363872100873258,9.226569662022623
1026,185.6300048828125,191.47999572753903,183.6699981689453,190.92999267578125,125013100,27.298390445683083,-13.490085528305059,-9.489208295392448,-4.000877232912611,220.417000579834,234.5365997314453,232.01614959716798,215.10448930554477,227.8371759955931,259.41232865606406,220.417000579834,181.42167250360396,0.35383230852110364,-12.773542323464163,0.04190991910385411,-0.08558433963023893,9.155385809559508
1027,195.3300018310547,196.36000061035156,190.61000061035156,191.58999633789065,109982300,28.03898190001965,-13.638292728761058,-10.31902518206617,-3.3192675466948884,217.57250061035157,233.5115997314453,232.044599609375,212.8650137848158,226.41571796980085,256.2631168738366,217.57250061035157,178.8818843468665,0.3556572283257037,-12.877998659730025,0.0034567835721344142,-0.08391509564394894,8.912143966019544
1028,187.0,193.97000122070312,185.8500061035156,187.2899932861328,103221400,26.16863227506687,-13.942007528360989,-11.043621651325134,-2.898385877035855,214.51600036621093,232.58559967041015,232.05604957580567,210.429297546846,224.8813758253433,252.63013738544979,214.51600036621093,176.40186334697208,0.3553500620389371,-13.110651526569086,-0.02244377647032414,-0.0988308153969939,8.855561905388686
1029,188.5,189.8800048828125,184.27999877929688,188.86000061035156,91843300,28.05564520833387,-13.895834692743932,-11.614064259608895,-2.281770433135037,212.0365005493164,231.67679962158203,232.06514961242675,208.37507879098936,223.4687728757358,250.05195253361074,212.0365005493164,174.02104856502206,0.35857460282365433,-10.864642128544851,0.008382761388752824,0.034112662547080674,8.623022205254896
1030,185.0399932861328,188.69000244140625,182.0,187.91000366210935,110612700,27.596038956669858,-13.777085536006382,-12.046668514888394,-1.7304170211179883,209.5355010986328,230.7229995727539,232.08314964294433,206.42602401681032,222.07431133794654,246.9851683878082,209.5355010986328,172.08583380945743,0.3574541506601025,-11.44257434371892,-0.0050301649114267155,0.025429760775494303,8.49709209133323
1031,184.2599945068359,184.67999267578125,175.00999450683594,181.05999755859375,134294400,24.481733133556688,-14.073483856951043,-12.452031583300924,-1.6214522736501191,206.7140007019043,229.52019958496095,232.08549964904785,204.01021197317064,220.46590687601113,243.81540390040826,206.7140007019043,169.61259750340034,0.3589636219368297,-13.285443049676493,-0.03645365318513294,-0.05169431464834218,8.811586167328956
1032,177.2100067138672,186.4900054931641,177.11000061035156,185.1000061035156,122676000,29.53273938308783,-13.8230432973333,-12.7262339261074,-1.0968093712259002,203.94650115966797,228.5379995727539,232.19604965209962,202.20923998558445,219.07900880650152,238.75580118690348,203.94650115966797,169.13720113243247,0.3413571679759645,-11.494689373764395,0.0223130928940527,-0.03387436900896024,8.852187504149212
1033,188.17999267578125,189.7899932861328,182.67999267578125,187.5800018310547,111535200,32.51658451703322,-13.271467207717023,-12.835280582429325,-0.43618662528769825,201.57750091552734,227.58059967041015,232.3085496520996,200.81597920896257,217.8437536309938,233.98804973009968,201.57750091552734,169.166952100955,0.32156911031607877,-9.743540307746931,0.013398139631352501,0.0015484465551707238,8.727745583163665
1034,189.0,191.6199951171875,185.5800018310547,189.55999755859375,83034000,34.88715864953265,-12.530130530091839,-12.77425057196183,0.2441200418699907,199.3585006713867,226.65019958496094,232.44359962463378,199.7439809565465,216.7345867261938,228.5161000669486,199.3585006713867,170.2009012758248,0.2925142323740078,3.7945531897828024,0.010555473441792307,0.0037064330508311816,8.53576327623289
1035,190.17999267578125,194.1199951171875,189.47999572753903,193.57000732421875,84476300,39.52085914902299,-11.486630866545426,-12.51672663087855,1.030095764333124,197.6760009765625,225.58719970703126,232.60809967041016,199.15598346775337,215.826171847685,223.94939189006791,197.6760009765625,171.4026100630571,0.2658227684059687,5.6316547471862215,0.021154303741671487,0.030120821413462062,8.257494427191146
1036,192.11000061035156,194.72999572753903,187.27999877929688,188.1300048828125,95498600,35.798917543122556,-10.972132682550921,-12.207807841213025,1.2356751586621044,196.13800125122071,224.46699981689454,232.77999969482423,198.10589026918757,214.74004765298412,220.8168942576657,196.13800125122071,171.45910824477573,0.2516482563196446,-1.466499712134498,-0.028103539988478476,0.03904787042720903,8.199816035837646
1037,183.9900054931641,187.2599945068359,182.11000061035156,184.02000427246097,86759500,33.25105451936865,-10.77186056221231,-11.920618385412883,1.1487578232005724,194.34350128173827,223.34579986572265,232.8991497039795,196.76437731711837,213.5353400694342,216.98228194440776,194.34350128173827,171.70472061906878,0.23297697647064847,-3.9511416097524994,-0.02184659811661449,-0.005834693654470535,8.044115195596452
1038,185.3000030517578,188.88999938964844,183.3500061035156,188.7100067138672,81203000,38.61954457869746,-10.11806471121136,-11.56010765057258,1.4420429393612189,193.00150146484376,222.3433999633789,233.02114974975586,195.997294402523,212.56179758490217,213.53719343280912,193.00150146484376,172.4658094968784,0.2128034425857153,0.7581896943981121,0.025486372853584793,0.006024122357298323,7.86524934492048
1039,189.16000366210935,200.8800048828125,188.86000061035156,200.4499969482422,120831800,49.55641441932157,-8.554002476360637,-10.958886615730192,2.404884139369555,192.43000106811525,221.64079986572267,233.2142497253418,196.42136131163912,212.0868250109155,211.40958569270867,192.43000106811525,173.45041644352182,0.1972622202280729,6.136818966660201,0.06221180550417671,0.05744882638691906,8.172731403779396
1040,202.05999755859375,203.1699981689453,197.3999938964844,199.9499969482422,111346700,49.15470227687174,-7.271002121690003,-10.221309716922155,2.950307595232152,191.81800079345703,220.86539978027344,233.41244972229003,196.75742184845845,211.61087096924206,208.90439865638618,191.81800079345703,174.73160293052788,0.1781521837601382,6.40731895667597,-0.0024943876658132247,0.032959597988428735,8.001108037256648
1041,196.1300048828125,198.6000061035156,189.1300048828125,193.7599945068359,104545800,44.36049341275613,-6.676731359120737,-9.512394045361873,2.835662686241136,191.06600036621094,219.9531997680664,233.57819969177245,196.47195257782772,210.91083659816732,206.32246001897346,191.06600036621094,175.80954071344843,0.15969832019847466,7.014247829166267,-0.030957752117438564,0.029926058990592086,8.202456896411865
1042,193.36000061035156,199.44000244140625,191.9499969482422,194.77000427246097,103500300,45.298000411350316,-6.054475921569349,-8.820810420603369,2.76633449903402,190.34750061035157,218.99579986572266,233.74604972839356,196.30986226303088,210.27786278147295,203.3130177380002,190.34750061035157,177.38198348270294,0.13622996977711344,5.224201971953208,0.005212684735028894,0.058417561952033736,8.151567510465593
1043,194.0,198.32000732421875,191.36000061035156,197.41000366210935,92739500,47.775036480974975,-5.28735873660338,-8.114120083803371,2.826761347199991,189.8265007019043,218.06720001220702,233.88279975891112,196.41463763437167,209.7732408552234,200.59065839555512,189.8265007019043,179.0623430082535,0.11341048435122769,5.240431674538591,0.013554445406056104,0.046102467482996845,8.06645602499428
1044,195.30999755859375,197.57000732421875,191.5,191.97000122070312,78841900,43.41263869685918,-5.0600465073934515,-7.503305368521388,2.443258861127936,190.29350051879882,217.1117999267578,233.98369979858398,195.991338928308,209.07507459504615,200.5675330288623,190.29350051879882,180.01946800873534,0.10798090825018504,1.2713672152081734,-0.027556873210526023,-0.042304793497845106,7.923852546367455
1045,192.2899932861328,201.77999877929688,192.0,199.3999938964844,111747100,50.11282831766778,-4.231582564418574,-6.848960807700825,2.6173782432822517,191.10100021362305,216.35959991455078,234.134949798584,196.315972734801,208.69565966569078,201.57052672656422,191.10100021362305,180.63147370068188,0.10957060927193231,3.0118232947632,0.03870392576202164,-0.0027507029765054813,8.058577190097905
1046,204.0399932861328,205.6000061035156,198.2599945068359,199.72999572753903,108645400,50.39377021991766,-3.5079530320957986,-6.18075925257982,2.6728062204840217,191.54100036621094,215.5683999633789,234.29089981079102,196.64111778172844,208.34406500144954,202.6640686869714,191.54100036621094,180.41793204545047,0.11614294902390672,6.165944051270423,0.001654974128163511,0.030811320138081966,8.007251076282317
1047,200.4199981689453,205.3000030517578,198.44000244140625,202.0399932861328,99806200,52.41393718169057,-2.7167568350651266,-5.487958769076882,2.7712019340117555,192.06350021362306,214.5881997680664,234.4406997680664,197.15529640119553,208.09684650280968,204.09163036138867,192.06350021362306,180.03537006585745,0.12525159787661158,9.792407670522254,0.01156560160219966,0.037326019685772316,7.925304614430121
1048,204.17999267578125,205.27999877929688,198.4499969482422,201.8800048828125,85907000,52.25521327840802,-2.078676190533116,-4.806102253368129,2.727426062835013,192.79300079345703,213.55579986572266,234.61019981384277,197.60526863754,207.85304879222156,205.3334437511184,192.79300079345703,180.25255783579564,0.13009230528131266,6.978961210527861,-0.0007918650199801869,0.022643235589793642,7.847068701331875
1049,200.52000427246097,204.52000427246097,198.5,202.63999938964844,82243100,52.983582718089686,-1.494440497656086,-4.143769902225721,2.6493294045696345,193.48200073242188,212.56699981689454,234.79164978027345,198.08476680440748,207.64861548231673,206.58401600082246,193.48200073242188,180.3799854640213,0.13543394443724155,1.0925430155889333,0.003764585340074067,0.05558159140020158,7.716564099269668
1050,198.72999572753903,199.75,186.72000122070312,188.13999938964844,134334900,40.33925233497842,-2.1763704761979454,-3.750290017020166,1.5739195408222204,193.49350051879884,211.18539978027343,234.89974975585938,197.13764609823994,206.8835717139768,206.57632286384273,193.49350051879884,180.41067817375495,0.13522751213829876,-5.906475488294612,-0.07155546804023882,-0.05646938240470267,8.302523675675072
1051,183.0500030517578,184.58999633789065,177.57000732421875,180.7400054931641,119660800,35.66183384433724,-3.2761570610862236,-3.6554634258333776,0.37930636474715396,193.47750091552734,209.85739990234376,234.93414978027343,195.57596604061368,205.85833382296454,206.62174469233904,193.47750091552734,180.33325713871565,0.13587361542932574,-6.719647699624841,-0.03933237971984116,-0.09507830892000857,8.464485703514688
1052,179.99000549316406,181.5800018310547,173.6999969482422,176.5399932861328,107920900,33.30163895244465,-4.435521802957481,-3.8114751012581984,-0.624046701699283,193.04950027465821,208.2981997680664,234.93239974975586,193.76301625447263,204.7085949783829,207.7252542704166,193.04950027465821,178.37374627889983,0.15204135700821478,-9.359763098236858,-0.02323786698783814,-0.12621263535624072,8.422737073464532
1053,174.35000610351562,180.0399932861328,173.6999969482422,178.64999389648438,102129000,35.60731065343937,-5.124989608407361,-4.074178002688031,-1.0508116057193302,192.60299987792968,206.82039978027345,234.92494972229005,192.32368079180708,203.68668905360258,208.41648712992446,192.60299987792968,176.7895126259349,0.16420810955195148,-9.503069458290957,0.011951969472048907,-0.1150684090770292,8.273969878066396
1054,181.5,182.72999572753903,174.6999969482422,175.33999633789062,85544600,33.64258702861191,-5.870811886771236,-4.4335047795046725,-1.4373071072665633,191.89199981689453,205.195,234.85729972839354,190.70618703429122,202.5750540451433,209.3789829856237,191.89199981689453,174.40501664816534,0.18225859530793836,-8.662814386135986,-0.018527834714126334,-0.13472168937023987,8.256543371011428
1055,175.4499969482422,182.8699951171875,174.8000030517578,177.77000427246094,85391500,36.416368996343586,-6.19439495467725,-4.7856828145391885,-1.4087121401380616,191.10199966430665,203.5216000366211,234.81729972839355,189.47416962840262,201.6023069952342,209.61202908544846,191.10199966430665,172.59197024316484,0.19371884599488098,-10.847537756321277,0.013858834181150304,-0.05511850298091403,8.24321827775559
1056,177.77000427246094,179.42999267578125,172.41000366210938,177.5399932861328,87391700,36.26185831663898,-6.395671511579337,-5.107680553947218,-1.2879909576321191,190.57249908447267,202.00880004882814,234.7904997253418,188.3375814053293,200.65868684977923,209.97659036748405,190.57249908447267,171.16840780146129,0.20363999397846355,-11.109999957981593,-0.0012938683737420131,-0.017705057595299833,8.155844758892467
1057,173.0500030517578,176.0500030517578,169.14999389648438,169.47999572753906,106524500,31.257115420470896,-7.123444442469321,-5.510833331651639,-1.6126111108176815,189.84549865722656,200.42880004882812,234.71554969787599,186.54162086458737,199.43599308027962,211.17145331240525,189.84549865722656,168.51954400204787,0.22466642407659645,-16.11561999632502,-0.04539820808488959,-0.039990924589823895,8.17257008966075
1058,167.77000427246094,171.1699981689453,160.50999450683594,162.5,126325700,27.69260087389287,-8.169266831631603,-6.042520031647633,-2.1267467999839704,188.5349983215332,198.7104000854492,234.56219970703125,184.2519426870076,197.9875227634059,212.9731670010214,188.5349983215332,164.096829642045,0.25924278141515794,-19.50663955336827,-0.04118477639544138,-0.09040019282531975,8.350243916264223
1059,163.16000366210938,165.17999267578125,160.75999450683594,163.57000732421875,97146800,29.028735790465916,-8.810189579822406,-6.596053941282588,-2.214135638539818,186.69099884033204,197.21280029296875,234.3742497253418,182.2822345572182,196.63781627559464,212.76549727663453,186.69099884033204,160.61650040402955,0.27933321475881945,-19.280493576346466,0.006584660456730784,-0.06712666396428113,8.069512077170014
1060,170.02000427246094,174.72000122070312,165.89999389648438,173.8000030517578,108214400,40.373166456390344,-8.395867976010692,-6.956016748228209,-1.4398512277824826,185.3834991455078,195.93020050048827,234.2235997772217,181.4744029852696,195.74221575701281,211.2894172959223,185.3834991455078,159.47758099509332,0.27948461723749096,-7.621981707458016,0.06254200201423088,-0.022332233364963372,8.289546492835326
1061,172.36000061035156,172.82000732421875,167.4199981689453,171.32000732421875,77271400,38.7558407474201,-8.173412042731002,-7.199495807128768,-0.9739162356022337,184.26149978637696,194.60680053710936,234.04259979248047,180.50731768421713,194.78448209298168,210.55987027776365,184.26149978637696,157.96312929499027,0.28544617863064864,-5.211905434683425,-0.014269250195585559,-0.03503428070930248,8.153150663547981
1062,173.0,176.25,170.82000732421875,175.66000366210938,83846700,43.05499867459723,-7.559768375255857,-7.271550320754186,-0.2882180545016704,183.30599975585938,193.31100067138672,233.8510498046875,180.04566872973066,194.03450254667297,209.39553373171472,183.30599975585938,157.21646578000403,0.2846555378504068,-0.4984647431118717,0.025332688257929448,0.036464527321002915,7.958639378707501
1063,176.38999938964844,178.17999267578125,171.8000030517578,172.82000732421875,73178000,41.025513657067286,-7.219394629968804,-7.26111918259711,0.0417245526283061,182.07649993896484,192.06820068359374,233.62709983825684,179.3575105006343,193.20256155755712,207.7050723942562,182.07649993896484,156.44792748367348,0.281514335610389,-3.263356715054639,-0.016167575308454918,0.06350773737980764,7.845878681944353
1064,166.69000244140625,171.1999969482422,166.3000030517578,170.8300018310547,75580600,39.616361048548534,-7.029194616677586,-7.2147342694132055,0.18553965273561968,181.0194999694824,190.80600067138673,233.37469985961914,178.5453668178172,192.32520627416488,206.67247641998557,181.0194999694824,155.36652351897925,0.28342776833244954,-2.572142466653706,-0.01151490226146512,0.044384631544618136,7.751173366981253
1065,168.75999450683594,175.24000549316406,168.72999572753906,172.6300048828125,74228600,41.57130293988057,-6.656482743255907,-7.103083964181746,0.44660122092583876,179.68100051879884,189.7142007446289,233.11499984741212,177.98199901448342,191.55284543528833,204.12311769006473,179.68100051879884,155.23888334753295,0.272061231857496,-2.8913760848936962,0.010536808713131895,-0.0067318650656000845,7.662518824027235
1066,178.5800018310547,184.25,177.3800048828125,177.6699981689453,113186200,46.768014762081265,-5.886563916544503,-6.8597799546542975,0.9732160381097943,178.57800064086913,188.88980072021485,232.82904983520507,177.9522846482417,191.0084200522945,201.22677635182635,178.57800064086913,155.92922492991192,0.25365695247652853,0.0732256887060806,0.029195349264770964,0.03706508623192728,7.945195702110111
1067,181.41000366210935,181.91000366210935,176.0,179.8300018310547,81804000,48.86701641062798,-5.043959826655964,-6.496615929054631,1.4526561023986666,177.46750106811524,188.08820068359375,232.50619987487792,178.13111485612865,190.5700507102851,197.42382050882534,177.46750106811524,157.51118162740514,0.22490111508416977,6.106919025508234,0.012157391142962881,0.023739030411080497,7.7998248421100564
1068,177.4499969482422,179.57000732421875,175.3000030517578,175.7899932861328,77654800,45.27137570623505,-4.648598787430416,-6.127012500729788,1.4784137132993722,176.16300048828126,187.29300048828125,232.13599983215332,177.9081508970814,189.9904406152203,192.68015934020602,176.16300048828126,159.6458416363565,0.1875213161236263,8.178457406850962,-0.022465709302040393,0.017185428978383488,7.5662658376234
1069,176.1699981689453,176.75,170.2100067138672,175.22000122070312,81562100,44.770849285532805,-4.331336955223264,-5.767877391628484,1.4365404364052194,174.792000579834,186.55980041503906,231.71854988098144,177.65213664218825,189.41120769778826,185.9843876756683,174.792000579834,163.5996134839997,0.12806520960577172,7.122328895781271,-0.003242460249155976,0.02569805855291163,7.492960655374072
1070,164.75,167.69000244140625,163.42999267578125,166.6300048828125,116650600,37.95950666526095,-4.718651900474185,-5.558032293397624,0.8393803929234389,173.71650085449218,185.64860046386718,231.2677498626709,176.602409807962,188.5178271952402,183.63277790651304,173.71650085449218,163.80022380247132,0.11416620762269322,-4.125430404515056,-0.049024062767074494,-0.03475641447193967,7.79989264748463
1071,164.02000427246094,168.82000732421875,163.27999877929688,168.3800048828125,82950100,39.963438558673104,-4.82872883022381,-5.4121716007628615,0.5834427705390519,173.0985008239746,184.8402005004883,230.83014991760254,175.81932362461444,187.7281086731842,182.72318621056354,173.0985008239746,163.47381543738567,0.11120472263796628,-1.71608820669869,0.01050231020055925,-0.05228791231988994,7.638472354444433
1072,170.07000732421875,177.19000244140625,168.00999450683594,171.11000061035156,123162000,43.05360959702763,-4.642165753269836,-5.258170431264257,0.6160046779944208,172.82700119018554,184.07960052490233,230.38299987792968,175.37081667087512,187.07641816091626,182.35389854098793,172.82700119018554,163.30010383938315,0.11024778865796113,-2.5902328116251017,0.016213301154368365,-0.04849024707732208,7.748582038739139
1073,169.0800018310547,170.86000061035156,160.50999450683594,164.89999389648438,143157600,38.23282346659174,-4.938481077522965,-5.1942325605159985,0.2557514829930332,172.13950119018554,183.22100036621094,229.83524978637695,174.37359545426648,186.20675446427188,181.8686937696385,172.13950119018554,162.41030861073259,0.11303846603695936,-4.5828104918871135,-0.036292482565110196,-0.06194891521454704,7.952255186223174
1074,169.33999633789062,174.5,167.7899932861328,172.97999572753906,104423300,46.609576891380314,-4.469799421084218,-5.049345932629643,0.5795465115454244,172.02150115966796,183.02800018310546,229.40284980773924,174.24087167076863,185.68805804322355,181.6492809969223,172.02150115966796,162.39372132241363,0.11193693546852572,1.2585575563071463,0.04899940648952894,-0.012783960036289455,8.069951680315492
1075,172.91000366210938,179.22000122070312,171.9199981689453,176.8800048828125,102951700,50.125469894720666,-3.740548966518247,-4.787586539407363,1.0470375728891161,171.97700119018555,182.90060028076172,228.9641999053955,174.4922176909633,185.34264419379568,181.50580896889056,171.97700119018555,162.44819341148053,0.11081490795582973,2.4619126917623935,0.02254601255405486,0.06151353117470415,8.014955349704229
1076,173.0399932861328,174.92999267578125,170.00999450683594,171.75999450683594,84532400,45.856140309145175,-3.535005432773602,-4.537070318080612,1.0020648853070098,171.6880012512207,182.51720031738282,228.5399998474121,174.23200595914165,184.8099912648953,180.8686404442634,171.6880012512207,162.507362058178,0.10694561211192892,-3.3263937203903096,-0.028946236061948905,0.02007358074597887,7.9331735658665385
1077,172.5500030517578,175.8800048828125,168.50999450683594,174.60000610351562,94516000,48.477531548786125,-3.107128457793806,-4.251081946023251,1.143953488229445,171.94400177001953,182.1774005126953,228.2077498626709,174.26705359193917,184.40959968993923,181.149591794769,171.94400177001953,162.73841174527004,0.10707660552256132,-2.9082998800458775,0.01653476762638495,0.020396268369558657,7.89294762373154
1078,172.33999633789062,173.80999755859375,170.36000061035156,171.0500030517578,64722700,45.51136335219891,-3.0196794649123433,-4.00480144980107,0.9851219848887265,172.37150192260742,181.8526007080078,227.81194984436036,173.9606678262076,183.8856939394223,180.516062993478,172.37150192260742,164.22694085173686,0.09450008823996171,-2.696393660280613,-0.020332204625772565,0.03729538740392013,7.632023185833863
1079,170.24000549316406,170.69000244140625,161.3800048828125,161.47999572753906,100245300,38.64647617407888,-3.6801723827928754,-3.939875636399431,0.2597032536065558,172.26700134277343,181.30500061035156,227.33814987182618,172.77203238823918,183.00703910758375,180.89960891863063,172.26700134277343,163.63439376691622,0.10022357745323747,-7.841573677343755,-0.05594859487563397,-0.06648167582402797,7.777592827484681
1080,156.74000549316406,158.19000244140625,153.75,157.11000061035156,97000000,35.97776768745949,-4.504316901787831,-4.052763889477111,-0.4515530123107201,171.43250122070313,180.6890005493164,226.83619987487793,171.28041031415464,181.99146897043738,182.25900883564452,171.43250122070313,160.60599360576174,0.12630636008749924,-5.71325931314481,-0.027062145360474688,-0.11177071306369013,7.7741930346314225
1081,157.63999938964844,158.3300018310547,153.77999877929688,155.4499969482422,82439700,34.98935137204104,-5.2311048723163935,-4.288432086044968,-0.9426727862714257,170.6390007019043,180.1768005371094,226.30459991455078,169.77275189835345,180.9506269303513,183.51456874496733,170.6390007019043,157.76343265884128,0.15091002631404107,-7.679063760313593,-0.010565868854054306,-0.09495806986617372,7.54389375014045
1082,151.25,152.1999969482422,148.6999969482422,149.92999267578125,96098800,31.85532409918318,-6.181254137373372,-4.666996496310649,-1.5142576410627235,169.35250015258788,179.47340026855468,225.6551498413086,167.88296530572754,179.73413146938776,184.84089665829202,169.35250015258788,153.86410364688373,0.18291311308364486,-12.378007047525541,-0.03550983840996058,-0.14129445913712158,7.487187053701846
1083,148.97000122070312,150.94000244140625,146.22000122070312,147.0500030517578,87074500,30.328951808387572,-7.08497419667205,-5.150592036382929,-1.934382160289121,168.06399993896486,178.66280029296874,224.97799980163575,165.89887366249232,178.45240094320621,186.23884654919314,168.06399993896486,149.88915332873657,0.21628482740894867,-10.824737116686528,-0.0192088959161848,-0.14030984841747052,7.289530922773366
1084,140.55999755859375,144.44000244140625,138.8000030517578,142.0500030517578,107097600,27.835287858099974,-8.111136930348522,-5.742701015176048,-2.3684359151724736,166.625,177.71260040283204,224.30554977416992,163.6275526519462,177.0248559278553,187.97582245544837,166.625,145.27417754455163,0.25627393794986786,-17.88067605487695,-0.03400203941675628,-0.12032445621663856,7.358135856860983
1085,143.3300018310547,147.25999450683594,141.11000061035156,144.67999267578125,124545100,31.04675829556504,-8.61287623110914,-6.316736058362667,-2.2961401727464734,165.22749938964844,176.73480010986327,223.6567997741699,161.82302313040668,175.75642991797005,188.40400128842145,165.22749938964844,142.05099749087543,0.2805404909520168,-18.20443878230588,0.018514534090260826,-0.07911659274572835,7.271840002548368
1086,162.83999633789062,167.97000122070312,157.50999450683594,162.1300048828125,181178000,47.68279769113989,-7.515800621387939,-6.556548970967722,-0.9592516504202173,164.45049972534179,176.2148001098633,223.11939987182618,161.85225948777867,175.22206030874818,186.93807553110426,164.45049972534179,141.9629239195793,0.2734874730489754,-5.606654594787012,0.12061109407252757,0.042972068611840886,8.41599489843219
1087,158.9600067138672,170.8800048828125,158.36000061035156,170.17999267578125,126427500,53.28243179640744,-5.928454030613011,-6.43092998289678,0.5024759522837687,163.96799926757814,175.93799987792968,222.62134979248046,162.6453769342551,175.0243321662789,185.50910972509277,163.96799926757814,142.4268888100635,0.2627477380188296,-2.5315081748129313,0.04965143743002587,0.13506303601168024,8.709138425148529
1088,168.85000610351562,172.1199951171875,166.3699951171875,168.2899932861328,109815700,51.878475877029004,-4.768014869144622,-6.0983469601463485,1.3303320910017264,163.59299926757814,175.529599609375,222.10284980773926,163.18295944395774,174.76024044548885,184.55107545999576,163.59299926757814,142.63492307516051,0.25622216459443836,-1.6135689660232582,-0.011105884774887609,0.1444405970321474,8.497771394780777
1089,188.4199981689453,198.8699951171875,184.5399932861328,194.0500030517578,243869700,65.29924491329342,-1.7495729821990835,-5.228592164556896,3.4790191823578125,164.53449935913085,175.40159973144532,221.68359985351563,166.12267788279584,175.51670172416607,188.91038188707063,164.53449935913085,140.15861683119107,0.2963011723727841,20.169685525118087,0.1530691710339953,0.36606827795035746,10.075073568800343
1090,186.97999572753903,190.9499969482422,182.83999633789065,183.27999877929688,127031800,58.01427990525996,-0.22390434627340028,-4.227654600900197,4.003750254626797,165.36699905395508,175.0681997680664,221.19309982299805,167.75670844436738,175.8211447459359,191.0732618525558,165.36699905395508,139.66073625535438,0.3108995500391635,16.65711798566503,-0.05550118063944742,0.2667957427259193,10.156140222019403
1091,182.0,185.86000061035156,179.00999450683594,179.99000549316406,92829700,55.96045066078793,0.711522093193679,-3.239819262081422,3.951341355275101,165.94749908447267,174.79279998779296,220.6411498260498,168.9217843537766,175.98462948112132,192.41285093492579,165.94749908447267,139.48214723401955,0.31896053868195257,15.78643231050856,-0.017950640048260635,0.11015851521907227,9.91998778498342
1092,182.86000061035156,184.6000061035156,176.02000427246094,180.00999450683594,89148000,55.97064954691348,1.4378921070497483,-2.304276988255188,3.7421690953049365,166.3924987792969,174.49759979248046,220.07449981689453,169.97780436835367,176.14248693311012,193.48203957929135,166.3924987792969,139.30295797930242,0.325610120633215,20.062698126119248,0.0001110562423569661,0.05776238250158072,9.824274502559936
1093,182.1000061035156,184.77999877929688,178.4199981689453,181.19000244140625,75491500,56.60947618250669,2.0847308749990248,-1.4264754156043455,3.5112062906033703,167.20699920654297,174.1731997680664,219.52414978027343,171.04563275626344,176.34042871774918,195.0375091862687,167.20699920654297,139.37648922681726,0.3328869020051965,23.216592098697227,0.006555235656792835,0.07665345338353169,9.576826367402195
1094,183.8000030517578,187.55999755859375,182.1999969482422,184.7599945068359,84390300,58.568063664016385,2.8525414605206265,-0.5706720403793512,3.4232135008999776,167.7959991455078,174.02899963378906,219.1334497833252,172.35176244679417,176.6706077683016,196.57282372806634,167.7959991455078,139.01917456294927,0.3429977440356502,30.066871198528688,0.019703030064167848,-0.04787430249328073,9.34776699238686
1095,182.3999938964844,183.2599945068359,177.39999389648438,177.80999755859375,75045900,53.504668682484315,2.8671791546105965,0.11689819861863841,2.750280955991958,167.84249877929688,173.59719970703125,218.7223998260498,172.87159436220367,176.7152897208621,196.68082718071355,167.84249877929688,139.0041703778802,0.3436355942166638,22.89881570360233,-0.03761635178001166,-0.02984505269061044,9.205783679384338
1096,171.58999633789062,176.05999755859375,170.14999389648438,174.72000122070312,79969500,51.37792319365873,2.599477592774008,0.6134140774497124,1.9860635153242954,167.99049911499023,173.09699981689454,218.25069984436035,173.04763311063218,176.63704311301274,196.93790352370615,167.99049911499023,139.0430947062743,0.3446314471498927,7.765370973121644,-0.017378079862311324,-0.029279427254982116,9.095370821007554
1097,175.00999450683594,175.6199951171875,171.3699951171875,171.97000122070312,65950300,49.49244228666133,2.140743006232242,0.9188798632062184,1.2218631430260234,167.8589988708496,172.49559997558595,217.78414985656738,172.9450015020675,176.45402186233395,196.70883810125974,167.8589988708496,139.00915964043946,0.3437389645413905,1.0518325431662894,-0.01573946875450305,-0.04466414938881347,8.7492729052213
1098,173.0500030517578,173.05999755859375,167.75,168.47000122070312,72627200,47.12220808575648,1.477737355736764,1.0306513617123276,0.4470859940244363,167.72999877929686,171.82739990234376,217.30474983215333,172.51881099908042,176.14092301364255,196.54466210830037,167.72999877929686,138.91533545029336,0.3435838972003873,0.10696294595737277,-0.02035238689978358,-0.07020255560080668,8.50361038046219
1099,170.0,175.39999389648438,169.0,171.88999938964844,67018900,49.65917729593256,1.214268539273121,1.0673747972244862,0.1468937420486347,168.25049896240233,171.21239990234375,216.88564979553223,172.4589241791345,175.9742201264271,196.97069663560086,168.25049896240233,139.5303012892038,0.3413980683601588,-11.419738888743417,0.020300339194899042,-0.06965791026104029,8.391209115842122
1100,174.5,179.49000549316406,174.07000732421875,177.5500030517578,86407400,53.624731109525705,1.4455195474055245,1.143003747260694,0.3025158001448305,169.27249908447266,171.00059997558594,216.441199798584,172.94378883367006,176.0360155352636,197.78821110337074,169.27249908447266,140.75678706557457,0.3369207895331868,-3.1263617228844707,0.03292805679333921,-0.0014622040965399652,8.334694614961657
1101,179.89999389648438,180.0,173.11000061035156,173.99000549316406,79663000,50.908352791221255,1.326237545713667,1.1796505069512886,0.14658703876237844,170.19949951171876,170.86559997558595,215.9739998626709,173.04342851552664,175.95577984733814,198.0553278616038,170.19949951171876,142.3436711618337,0.3273314954485762,-3.3335184270705946,-0.02005067585133169,-0.004178089070735247,8.231502098867855
1102,174.10000610351562,175.7899932861328,171.42999267578125,174.83999633789062,59812200,51.539545311330215,1.285474705269877,1.2008153466150062,0.08465935865487073,171.44499969482422,170.8316000366211,215.54284980773926,173.21453021289463,175.9120236312814,197.7485802670223,171.44499969482422,145.14141912262613,0.30684570117552595,-2.8720617336327843,0.004885285464054867,0.016688928864425634,7.9549662782595485
1103,173.5500030517578,179.6300048828125,172.75,177.4600067138672,77445800,53.52319049953432,1.447892399242022,1.2502307571404094,0.19766164210161263,172.9654998779297,170.80780029296875,215.15959983825684,173.61886130822535,175.97272885020632,196.85783248350847,172.9654998779297,149.0731672723509,0.27626703154606885,-2.0586101204702394,0.014985188920464187,0.053362648709112115,7.878183321441902
1104,177.55999755859375,177.75,173.52000427246094,174.9499969482422,61727400,51.35443042981205,1.3584138317430927,1.2718673720609461,0.08654645968214658,174.6104995727539,170.8000003051758,214.73774978637695,173.7456361310841,175.93262171679598,193.83687516136453,174.6104995727539,155.38412398414326,0.22022015440829432,-5.309589656991879,-0.014144086952910362,0.017802068587231767,7.617598493305985
1105,175.50999450683594,186.8800048828125,174.7100067138672,186.6000061035156,115266500,59.54755926439927,2.202174501140462,1.4579287978768494,0.7442457032636125,176.7065002441406,170.97660034179688,214.40144981384276,174.96986184274425,176.3509505162752,190.9073188038152,176.7065002441406,162.50568168446603,0.16072774391496072,4.943483867955892,0.0665905079079252,0.05097157361985283,7.942769898708794
1106,182.8500061035156,183.8000030517578,178.1199951171875,180.11000061035156,88313500,54.08282165143751,2.3204233110296855,1.6304277005074166,0.6899956105222689,177.6055000305176,171.02800048828124,214.04474983215331,175.45939886823066,176.49836424545467,190.18533964976436,177.6055000305176,165.02566041127082,0.14166047354485306,3.0849355265513583,-0.03478030697149992,0.035174406138104075,7.981144262110172
1107,181.8000030517578,181.8999938964844,173.25999450683594,173.74000549316406,71975500,49.30053404313057,1.8784770608706083,1.680037572580055,0.19843948829055336,177.78350067138672,171.11320068359376,213.66494987487792,175.2956471182243,176.39019331399228,190.034476373019,177.78350067138672,165.53252496975443,0.13781904007253035,1.0292517647827115,-0.03536724832380789,-0.006291414251695326,8.028205342648622
1108,174.83999633789062,180.0800018310547,173.72999572753906,179.24000549316406,65584500,53.152406590495275,1.9495621690266773,1.7339424918693795,0.2156196771572978,178.33100128173828,171.44800079345703,213.3501998901367,175.67130029679,176.50195065435196,189.7890256634998,178.33100128173828,166.87297689997675,0.12850288844236837,6.39283207361752,0.03165649721483632,0.01003042213430616,7.908333968424836
1109,176.39999389648438,178.25,173.16000366210938,176.75,59736600,51.253876263230204,1.7844054803036329,1.7440350895562302,0.040370390747402674,177.46600112915038,171.71160064697267,213.00724990844728,175.77403360185764,176.5116780796715,186.37531823870088,177.46600112915038,168.55668401959989,0.10040590369832889,2.827389974756287,-0.01389201861667555,0.01028867152418611,7.77773881575554
1110,174.19000244140625,178.14999389648438,173.92999267578125,176.19000244140625,54782600,50.81428310877772,1.59000193910515,1.7132284594660143,-0.12322652036086423,177.11150131225585,171.75940063476563,212.67494995117187,175.81364968181464,176.49906334875914,185.62257478584658,177.11150131225585,168.60042783866513,0.0961097772931788,-0.7659817442836693,-0.0031683030189180172,-0.055787799151166384,7.523614701823225
1111,178.5800018310547,182.6699981689453,175.3800048828125,178.7899932861328,77618400,52.836825363734405,1.626978469208666,1.6959784614145448,-0.06899999220587882,177.0515007019043,171.90880035400392,212.37009994506835,176.09711097746398,176.58890373846006,185.4972263176973,177.0515007019043,168.6057750861113,0.09540416864370774,2.758772137148612,0.014756744473008343,-0.007328895229279597,7.506927457845338
1112,178.5,180.32000732421875,173.82000732421875,178.0800018310547,67314600,52.20551780066206,1.5807701249335935,1.6729367941183546,-0.09216666918476113,176.95500106811522,171.9572003173828,212.09569992065428,176.285957725425,176.64737817346378,185.3068905702426,176.95500106811522,168.60311156598786,0.09439563111203027,1.8531260358199293,-0.003971091681523098,0.024979833087788172,7.435004067999243
1113,178.1300048828125,182.63999938964844,174.49000549316406,176.2899932861328,68568900,50.56514631860361,1.3837598274031109,1.615101400775306,-0.23134157337219508,176.71000061035156,172.0266000366211,211.84914985656738,176.28634206454,176.63336307984295,184.83498412431587,176.71000061035156,168.58501709638725,0.09195838929206991,-0.6593110466973442,-0.0100517100545634,-0.016458447425922174,7.486074770033895
1114,174.77999877929688,177.75999450683594,174.0,174.77000427246094,60056300,49.15279086025885,1.0923850025788795,1.5105581211360208,-0.41817311855714134,176.21050109863282,172.10540008544922,211.62689987182617,176.14192894148485,176.56029018543583,183.4775221433857,176.21050109863282,168.94348005387994,0.08248113477283861,-0.10288235434179496,-0.008622094682395387,-0.01120223891111205,7.219926179805469
1115,175.35000610351562,176.14999389648438,172.1300048828125,175.0,57953800,49.38317450870512,0.8699982890008755,1.382446154708992,-0.5124478657081164,176.07000122070312,172.15279998779297,211.42444984436034,176.03317380420057,176.49910233502658,183.31651892225887,176.07000122070312,168.82348351914737,0.08231405294843228,-6.216508962534835,0.0013159908560766986,-0.006754086071381948,6.991359239367355
1116,174.60000610351562,179.72999572753906,172.72999572753906,177.94000244140625,69887000,52.35494309011154,0.9203792832157376,1.290032780410341,-0.3696534971946035,176.2310012817383,172.1582000732422,211.1577498626709,176.2147765315535,176.55560822155127,183.49345373483112,176.2310012817383,168.96854882864545,0.08241969233872129,-1.204818256394251,0.01680001395089281,-0.004754129854271261,6.991976436555402
1117,176.1300048828125,179.35000610351562,175.5800018310547,177.47999572753906,56244900,51.842077405910366,0.9126672270560334,1.2145596697394796,-0.30189244268344617,176.5065010070801,172.11119995117187,210.87919982910157,176.33527359783784,176.59185871198216,183.5150949002858,176.5065010070801,169.4979071138744,0.07941456947157507,2.1526361897819513,-0.0025851787543875737,-0.003369306476562417,6.761835567691512
1118,176.05999755859375,178.57000732421875,173.1699981689453,173.7899932861328,50774600,47.79728407604511,0.6018650825787972,1.092020752307343,-0.49015566972854585,176.77250061035156,172.07119995117188,210.56384979248048,176.09286594910404,176.48198163645867,182.88774241100214,176.77250061035156,170.65725880970098,0.06918770486966205,-3.040622651196641,-0.020791089307163446,-0.014181179279656009,6.664562252518793
1119,173.9199981689453,174.75,167.41000366210938,170.66000366210938,64761900,44.61734642346873,0.10181448561522188,0.8939794989689189,-0.792165013353697,176.71100082397462,171.98,210.26694984436034,175.57545049319978,176.2536687747195,183.04233666563923,176.71100082397462,170.37966498231,0.07165751777922849,-3.4455424825406653,-0.018010183238054034,-0.023516624763275762,6.712807544331066
1120,171.1199951171875,180.5500030517578,169.8000030517578,177.2899932861328,90389400,51.914947426478165,0.2377647345189473,0.7627365460789246,-0.5249718115599773,176.69800033569337,172.1931997680664,209.96044982910155,175.73874028300293,176.29430895163767,183.02345676157813,176.69800033569337,170.3725439098086,0.07159624233287955,0.6243208067905984,0.03884911216309472,0.013085675920758932,7.001178434021704
1121,188.38999938964844,191.0800018310547,181.22999572753903,182.47000122070312,118984100,56.71400558247284,0.7547888988449358,0.7611470166321269,-0.0063581177871910866,177.12200012207032,172.47499969482422,209.67869979858398,176.3798127532601,176.53649296218927,183.79199617531157,177.12200012207032,170.45200406882907,0.0753152747670461,2.0582851796861377,0.029217711832219218,0.025458012347665093,7.486094870514573
1122,185.8000030517578,186.0,176.9199981689453,178.00999450683594,82038200,51.91016994997741,0.795479216810719,0.7680134566678454,0.027465760142873608,177.28050003051757,172.6129995727539,209.28284980773927,176.53506815836255,176.59427733648914,183.87629846722072,177.28050003051757,170.68470159381442,0.07441087356553855,-0.039312288577560923,-0.024442410719736185,0.002986245165965018,7.59994536769601
1123,177.9199981689453,188.80999755859375,177.0,187.44000244140625,109786100,59.6855223827107,1.57054515054665,0.9285197954436063,0.6420253551030436,177.77949981689454,173.06379974365234,208.93554985046387,177.57363332817624,177.01959988962315,185.7258956784091,177.77949981689454,169.83310395537998,0.08939608750951618,6.324811152029531,0.052974598199923895,0.07854312493585103,7.9006633813315625
1124,186.55999755859375,187.1999969482422,182.3699951171875,184.86000061035156,68982300,56.971477871591425,1.9540804779132088,1.133631931937527,0.8204485459756818,178.275,173.30139984130858,208.5694499206543,178.2675730693358,177.32706658455368,186.67670259307914,178.275,169.87329740692087,0.09425553322764421,5.7732998176052215,-0.013764414198944475,0.08320635558145684,7.698473662966362
1125,184.67999267578125,185.2100067138672,179.66000366210938,181.57000732421875,55893100,53.622917837416885,1.9698527887463513,1.300876103299292,0.6689766854470593,178.02350006103515,173.39519989013672,208.2522499847412,178.5820906174199,177.49345641748172,185.68155901314384,178.02350006103515,170.36544110892646,0.08603424771991487,3.7542898995535716,-0.017797215597047833,0.02414131761615179,7.5450114764514655
1126,182.3000030517578,183.9499969482422,180.69000244140625,183.0099945068359,61937300,54.873131105099986,2.074632319907039,1.4556273466208414,0.6190049732861975,178.1684997558594,173.62019989013672,207.8848500061035,179.00379574974525,177.70979124451523,186.0845654283457,178.1684997558594,170.25243408337306,0.08886044035094359,2.8492705383092,0.00793075466503601,0.0029593537705940864,7.2389388357646425
1127,184.97000122070312,188.8000030517578,182.5500030517578,182.5800018310547,61992100,54.40152558906111,2.0987806015813817,1.5842579976129496,0.5145226039684321,178.6104995727539,173.7797998046875,207.53815002441405,179.34438680510806,177.90077989496777,186.47514185346336,178.6104995727539,170.74585729204443,0.08806472519277553,2.8735667265537757,-0.0023495584322590357,0.02567275695322402,7.168300347495739
1128,184.3999938964844,187.97000122070312,182.0099945068359,187.3500061035156,62905700,58.64737520856846,2.4742956291683527,1.7622655239240304,0.7120301052443223,179.0159996032715,174.10579986572264,207.21745002746582,180.10682673828973,178.27133778549907,187.75621793258128,179.0159996032715,170.2757812739617,0.09764734268087238,7.802527959741153,0.026125557150967094,-0.0004801341054121444,7.081993659379416
1129,186.5399932861328,197.7599945068359,186.36000061035156,196.3699951171875,95737100,65.2388214166655,3.459848741568777,2.10178216745298,1.3580665741157971,179.99699935913085,174.80359985351564,206.95680000305177,181.65569991723237,178.98108905340843,191.47512009290153,179.99699935913085,168.51887862536017,0.12753680088710234,15.065036272928642,0.0481451226037759,0.06226330449439277,7.390422247744054
1130,195.1699981689453,198.72000122070312,194.0500030517578,197.4199981689453,72746500,65.91982390308766,4.276338189982056,2.5366933719587954,1.7396448180232604,181.05849914550782,175.6097998046875,206.57600006103516,183.15706165549074,179.70418352852752,194.6619421211721,181.05849914550782,167.45505616984354,0.15026572118806597,11.35428148520722,0.0053470646120412635,0.08729410257953107,7.1961062421155715
1131,199.5500030517578,203.1999969482422,195.2599945068359,197.8800048828125,95438100,66.23194173793377,4.904000393805433,3.010154776328123,1.8938456174773095,182.01299972534179,176.4583999633789,206.2280000305176,184.55924672475948,180.4169608365387,197.40691939031888,182.01299972534179,166.6190800603647,0.16915187034120163,8.44522582288499,0.002330091774560339,0.08125244971482237,7.24924168492205
1132,201.02000427246097,213.22999572753903,200.8500061035156,209.86000061035156,135691400,73.13296729304466,6.295541661176657,3.66723215329783,2.628309507878827,183.60199966430665,177.65700012207031,205.9208000946045,186.9688423329111,181.57158984727647,203.06659512884949,183.60199966430665,164.1374041997638,0.2120303210218998,17.89225722508099,0.060541719385108106,0.1494139473420515,7.827866624908085
1133,218.88999938964844,231.3000030517578,218.05999755859375,231.2599945068359,205047900,80.71478955533885,9.021158501586768,4.738017422955618,4.28314107863115,186.3504997253418,179.3411999511719,205.69690002441405,191.18704730185632,183.52015473588665,214.4968542545429,186.3504997253418,158.20414519614067,0.3020797322323842,23.37814313629653,0.10197271435359356,0.23437409646551566,8.80016204037224
1134,234.55999755859375,248.3500061035156,234.25,246.38999938964844,166561500,84.12562412892402,12.260760022456225,6.24256594285574,6.018194079600485,189.93149948120117,181.4279998779297,205.5568999481201,196.44447131021747,185.98563883995575,227.81355018174852,189.93149948120117,152.04944878065382,0.3989022442725126,33.28464707137483,0.06542422054051067,0.25472325465308776,9.392294151537056
1135,249.80999755859375,252.3699951171875,242.4600067138672,251.52000427246097,154501200,85.08860558801375,15.068416759971967,8.007736106278985,7.060680653692982,193.75749969482422,183.56480010986328,205.48809997558592,201.68976016376448,188.55561395495596,239.47987391000964,193.75749969482422,148.0351254796388,0.4719546266565164,38.5250835086087,0.02082067005771515,0.27403508563108536,9.429272312378718
1136,247.7100067138672,259.44000244140625,244.57000732421875,252.94000244140625,157219600,85.35346226764298,17.209704180220996,9.848129721067387,7.3615744591536085,197.50749969482422,185.38100006103517,205.42029998779296,206.57073561877797,191.08049193481676,249.3221750896476,197.50749969482422,145.69282430000084,0.5246856496576997,38.21103220237421,0.0056456669243971636,0.2782494249037497,9.81789536986506
1137,251.0,265.6099853515625,250.3000030517578,262.3299865722656,160210900,86.9980697500341,19.44028759763313,11.766561296380535,7.673726301252595,201.74999923706054,187.22399993896485,205.41899993896484,211.88114047149108,193.87458976373634,259.82698396225703,201.74999923706054,143.67301451186407,0.5757321927615453,43.679474171002234,0.03712336538398886,0.2500237577876283,10.210187293432174
1138,262.79998779296875,267.5899963378906,257.8599853515625,263.260009765625,128519400,87.15194832863185,21.040543833564357,13.6213578038173,7.419186029747056,206.22350006103517,189.1234002685547,205.45680000305177,216.77436611855146,196.5955866265555,268.61926280797127,206.22350006103517,143.82773731409904,0.605127570121437,40.51774816605408,0.003545241645880992,0.1383724639751438,10.175888985781885
1139,263.29998779296875,271.0,239.6499938964844,241.02999877929688,221707300,66.80102773875868,20.28119335473147,14.953324914000136,5.327868440731335,209.74199981689452,190.06300018310546,205.43754997253419,219.08442637195577,198.33811259332967,271.65369388211616,209.74199981689452,147.83030575167285,0.59036048210917,22.742783914343775,-0.08444127539962887,-0.02175413216294997,11.688325922762866
1140,235.8000030517578,251.83999633789065,233.08999633789065,248.22999572753903,155955800,69.30139028645942,20.02949466371382,15.968558863942874,4.060935799770945,213.28899993896485,191.3620001220703,205.44374992370606,221.8601948820113,200.29465702996532,275.48523489600046,213.28899993896485,151.09276498192926,0.5832109014045148,25.73700639745334,0.029871787680814554,-0.013080504488851674,12.19273121399409
1141,255.97000122070312,265.6000061035156,251.72999572753903,252.63999938964844,146912900,70.75427788215323,19.955833649053858,16.76601382096507,3.189819828088787,216.7974998474121,192.815,205.48634994506835,224.7916048351196,202.34741555387447,279.5579288736287,216.7974998474121,154.03707082119544,0.5789774242820062,27.673333917323088,0.01776579679334911,-0.0011860640818460721,12.562536868421413
1142,255.30999755859375,258.6199951171875,245.8000030517578,256.55999755859375,126332500,72.02182549155711,19.983411526839518,17.409493362139962,2.573918164699556,220.725,194.34600006103517,205.56664993286134,227.81716604687907,204.47339916190268,283.1148032734338,220.725,158.3351967265662,0.5653170531062072,22.252929006204656,0.015516142251486675,-0.021995156135466765,12.580926525350575
1143,252.72999572753903,258.4700012207031,246.17999267578125,248.5,115584800,65.71514099907466,19.134324172546258,17.75445952422122,1.3798646483250359,223.7779998779297,195.69220001220702,205.57724990844727,229.7869597567001,206.19993252810258,285.32404956419384,223.7779998779297,162.23195019166553,0.5500634532423864,7.454815317248693,-0.031415644041518975,-0.056066281311641375,12.560146669605668
1144,251.08999633789065,257.1400146484375,247.1999969482422,249.22999572753903,110869000,66.00548703089939,18.309263093487203,17.865420238074417,0.443842855412786,226.99649963378906,196.9816000366211,205.57229988098143,231.63867746820858,207.887385986904,286.77207955082287,226.99649963378906,167.22091971675525,0.5266652130184306,1.1526426985371847,0.002937608561525362,0.034020648839444334,12.372994600362071
1145,247.7899932861328,249.44000244140625,236.8300018310547,239.1999969482422,87403900,58.65548585076,16.654081284554138,17.623152447370362,-0.9690711628162241,229.87799911499025,198.20940002441407,205.51029983520507,232.3588031329737,209.11533151479964,286.0650049616051,229.87799911499025,173.6909932683754,0.4888419601956673,-4.898221658295233,-0.0402439471622098,-0.03637754878426658,12.389923601075607
1146,244.2100067138672,253.2100067138672,243.75,251.5099945068359,101225400,63.95987552729494,16.149490427134822,17.328420043323256,-1.1789296161884337,233.30299911499023,199.74519989013672,205.53519981384278,234.18272612096058,210.7778673184089,285.8798362178829,233.30299911499023,180.72616201209757,0.45071719868443366,-0.5653545982318884,0.05146320115237013,-0.004472786912375293,12.505644041400563
1147,253.6000061035156,255.7599945068359,245.6300048828125,246.3800048828125,111928200,60.47765952204242,15.160885991318537,16.894913232922313,-1.7340272416037763,236.4929992675781,201.2333999633789,205.46129981994628,235.34437171732742,212.1740295758365,283.8560283211255,236.4929992675781,189.12997021403072,0.40054487194319754,-6.0801214142018365,-0.020396762498772092,-0.039678799394501585,12.335954440159338
1148,225.4199981689453,225.9900054931641,214.7100067138672,215.9900054931641,167942900,44.88691796949374,11.789291271304592,15.87378884059877,-4.084497569294179,237.92499923706055,202.18380004882812,205.24099990844726,233.50109874359757,212.32367569024152,280.7749913116794,237.92499923706055,195.07500716244172,0.36019747577617545,-17.955634171154376,-0.12334604589403686,-0.1308249275929011,13.71695756364405
1149,216.8000030517578,226.0,216.22999572753903,220.25,100636500,46.951389236575594,9.353206180428089,14.569672308564634,-5.216466128136545,239.11899948120117,203.15100006103515,205.0395999145508,232.23908933944543,212.63451193768304,278.4577427324586,239.11899948120117,199.78025622994375,0.3290306779185911,-8.621332981179835,0.01972310939623889,-0.11627812151158678,13.452174488157754
1150,221.19000244140625,222.27999877929688,215.3300018310547,219.8000030517578,94604100,46.75216549651106,7.302106068566161,13.11615906056494,-5.8140529919987785,240.2379997253418,203.99600006103515,204.8402498626709,231.05441445490374,212.91551158921538,275.8668006723716,240.2379997253418,204.60919877831202,0.29661253413501043,-11.453085108612903,-0.0020431189477511102,-0.08110365444813161,12.98773323530664
1151,224.8999938964844,234.27000427246097,224.6999969482422,232.1000061035156,129201800,52.66451146728185,6.593100742107254,11.811547396873403,-5.218446654766149,241.94899978637696,205.1582000732422,204.68264991760253,231.15399461191438,213.66784470742326,272.15010596991686,241.94899978637696,211.74789360283705,0.24964853097309966,-8.130143023969005,0.055959976710561854,-0.07717382540355766,13.09360951997782
1152,232.25,232.41000366210935,220.0,222.6199951171875,100560300,48.220474400327554,5.206236994637692,10.49048531642626,-5.284248321788569,242.58699951171874,206.11380004882812,204.4807999420166,230.34123275527372,214.0189094293748,270.5022274489545,242.58699951171874,214.67177157448302,0.23014611659671588,-13.228875414864689,-0.04084450985365362,-0.09643643678360236,13.04478053013007
1153,227.8999938964844,234.67999267578125,226.7899932861328,232.07000732421875,67497000,52.521434502631465,4.814179625020017,9.355224178145013,-4.541044553124996,242.62750015258788,207.20600006103516,204.34680000305175,230.5058779523161,214.72679562132947,270.4791537128066,242.62750015258788,214.7758465923692,0.22958365018559604,-6.611667072748995,0.04244907202543402,0.07444789769017146,12.974438889306047
1154,227.69000244140625,231.8699951171875,214.3300018310547,216.86000061035156,83861900,45.91132182053323,3.2388158554097117,8.131942513597954,-4.893126658188242,241.15100021362304,208.04420013427733,204.17550003051758,229.20627058641472,214.8104507189382,271.1002226440876,241.15100021362304,211.20177778315846,0.24838563724748486,-12.988001312881577,-0.06554059651757449,-0.015391597682853253,13.314836503867335
1155,214.8800048828125,216.1300048828125,205.77999877929688,207.6699981689453,82880100,42.43612868527528,1.2345413014955966,6.752462271177483,-5.517920969681886,238.95849990844727,208.46559997558595,203.94425003051757,227.1551970228462,214.53043297187966,271.8282419881375,238.95849990844727,206.08875782875702,0.27510837314666525,-13.181437784934127,-0.042377581921705376,-0.05518655466058464,13.15520545580929
1156,185.22000122070312,203.8800048828125,182.0,198.8800048828125,100308800,39.36677728487444,-1.0510241672909615,5.191764983483794,-6.2427891507747555,236.25550003051757,208.84100006103515,203.66440002441405,224.46232158093824,213.91669069387703,272.7706445751191,236.25550003051757,199.74035548591604,0.30911572039495205,-20.925605651266853,-0.04232673647438423,-0.14312796358086743,14.049119221033292
1157,200.75,202.8999938964844,192.6699981689453,200.63999938964844,73783900,40.29790209607267,-2.6893334580480257,3.61554529517743,-6.304878753225456,233.1710006713867,209.37899993896485,203.4542000579834,222.1935289912916,213.3960361329269,270.76110899025184,233.1710006713867,195.58089235252154,0.32242524336756406,-18.564820434563963,0.008849529684359148,-0.09873325042509662,13.776324685783706
1158,200.77000427246097,203.4900054931641,191.47999572753903,191.7599945068359,71159800,37.194338414592316,-4.650637896352151,1.9623086568715138,-6.612946553223665,229.59599990844725,209.62939971923828,203.31245002746581,219.29509713562916,212.54756391229589,268.6318592465149,229.59599990844725,190.5601405703796,0.3400395420968435,-11.218116750821158,-0.04425839767656359,-0.173697640992732,13.650159334343803
1159,195.6999969482422,200.6999969482422,192.0399932861328,198.83999633789065,65033900,41.0899232029031,-5.569487234468113,0.4559494786035884,-6.025436713071701,227.48649978637695,210.0711996459961,203.24669998168946,217.3469922977493,212.01001224271138,268.34035439389277,227.48649978637695,186.6326451788611,0.3591760798630246,-9.72077351287598,0.036921162045623346,-0.08309510385383967,13.313719556276837
1160,197.0500030517578,200.8800048828125,195.11000061035156,200.0,58648300,41.72766802100803,-6.133377594881068,-0.8619159360933429,-5.271461658787725,225.075,210.54739959716798,203.1862999725342,215.69489779320173,211.53903137044819,266.4370492812234,225.075,183.71295071877657,0.367540146895243,-9.008190526319224,0.005833854775063152,-0.036933588079995805,12.774882750289988
1161,199.02000427246097,199.2599945068359,194.6699981689453,197.4900054931641,64044900,40.700929695883445,-6.705503477859537,-2.030633444446582,-4.6748700334129545,222.31750030517577,210.92139984130858,203.0911499786377,213.9610985265315,210.98808917918214,263.31292015413817,222.31750030517577,181.32208045621337,0.36880065485342256,-14.911675872561414,-0.012549972534179554,-0.00698913593886652,12.243105541773181
1162,198.47000122070312,208.4900054931641,197.05999755859375,207.8300018310547,76247400,46.53700927991777,-6.252491245513994,-2.8750050046600646,-3.3774862408539295,219.88100051879883,211.51639984130858,203.06819999694824,213.3771845555337,210.86424261651047,258.1477762195827,219.88100051879883,181.61422481801497,0.3480680514505137,-6.643605071659146,0.052357061371637315,0.03583533923085325,12.185027141258692
1163,207.38999938964844,208.44000244140625,198.75,201.3800048828125,70250000,43.651039874685466,-6.340843341450437,-3.568172672018139,-2.7726706694322982,217.52500076293944,212.01820007324218,203.04630004882813,212.23459601527452,210.4923117249929,254.22365366436378,217.52500076293944,180.8263478615151,0.3374200921522472,-13.224458772274728,-0.0310349655555765,0.050166930807007626,12.006811091269231
1164,205.02000427246097,215.8800048828125,204.82000732421875,214.13999938964844,89848500,50.22704763505735,-5.319913446365888,-3.918520826887689,-1.401392619478199,215.77050094604493,212.80559997558595,203.08050003051758,212.41606300331014,210.63535830007743,249.47106996301653,215.77050094604493,182.06993192907333,0.3123742019341067,-1.2542659840669985,0.06336276788880446,0.07694630523809876,12.18489601332143
1165,211.1499938964844,219.8000030517578,210.8000030517578,216.1199951171875,88765100,51.17914258728832,-4.301465425554454,-3.995109746621042,-0.3063556789334121,214.6165008544922,213.62799987792968,203.17430000305177,212.76881844272702,210.85044209682684,246.56392109266147,214.6165008544922,182.6690806163229,0.29771634623592447,4.068954120839295,0.009246267550119258,0.08059997558593746,11.957403440941329
1166,217.07000732421875,222.97999572753903,214.08999633789065,222.72000122070312,76435200,54.316141751179835,-2.9280203021248496,-3.7816918577218037,0.8536715555969541,213.17700119018554,214.52359985351563,203.2837000274658,213.7165501358676,211.31591500364553,240.62251797529933,213.17700119018554,185.73148440507174,0.2574904106154333,11.987125780662584,0.030538618603692225,0.1277532787775042,11.738303151563262
1167,224.8800048828125,228.22000122070312,219.55999755859375,221.1000061035156,74001200,53.408995187648394,-1.9478219349727226,-3.4149178731719876,1.467095938199265,211.9130012512207,215.39600006103515,203.36090003967286,214.41973641850075,211.69960485069927,235.12792142657256,211.9130012512207,188.69808107586883,0.219098592708154,10.197371798298931,-0.007273684933138069,0.06385028222849232,11.518424616602271
1168,222.6699981689453,224.66000366210935,218.86000061035156,223.27000427246097,70146000,54.5050741776888,-0.9845575832997895,-2.928845815197548,1.9442882318977586,212.27700119018556,216.3856002807617,203.38470008850098,215.26261907125885,212.15334600449387,235.95978915386968,212.27700119018556,188.59421322650144,0.22313098292231834,16.432003894588025,0.00981455499340611,0.10869996453911468,11.109965933399094
1169,223.82000732421875,224.8000030517578,210.32000732421875,210.66000366210935,79514500,47.510380380159205,-1.2245692358542044,-2.5879904993288796,1.3634212634746752,211.79750137329103,217.18560028076172,203.33820007324218,214.82427474657794,212.0947835596945,235.2018590793276,211.79750137329103,188.39314366725446,0.22100692930070606,5.944481765194184,-0.05647870456867721,-0.016251030809087186,11.350682347266234
1170,214.4600067138672,221.47999572753903,214.2100067138672,220.32000732421875,81525200,52.53551198201856,-0.6280587656831926,-2.1960041525997425,1.5679453869165498,211.82350158691406,218.04620056152345,203.343450088501,215.3476778492104,212.41734135438173,235.26448856488977,211.82350158691406,188.38251460893835,0.221325648970613,10.160003662109375,0.0458558981020607,0.019433704895069237,11.312775898563624
1171,218.75,219.08999633789065,211.0099945068359,213.2100067138672,59301200,48.83008289607534,-0.7207294287318575,-1.9009492078261656,1.180219779094308,210.87900161743164,218.66100067138672,203.2986001586914,215.14409012203487,212.44842627044,232.42125549076806,210.87900161743164,189.33674774409522,0.20430914133800318,7.959897100335656,-0.0322712435275504,-0.04269932855025471,11.169721392764997
1172,213.25,215.66000366210935,206.94000244140625,209.2100067138672,62821400,46.82895414168451,-1.1042095273741666,-1.7416012717357658,0.6373917443615993,210.20850219726563,219.28500091552735,203.234100189209,214.578939321257,212.3214294250842,231.0713243260877,210.20850219726563,189.34568006844356,0.1984964633756232,0.6640065778059839,-0.018760845523390857,-0.05377656744198234,10.994741380474862
1173,209.72000122070312,211.83999633789065,202.58999633789065,205.75,64116400,45.10695582390395,-1.6680852453383181,-1.7268980664562763,0.05881282111795816,208.8925018310547,219.6512008666992,203.21295021057128,213.73808795732776,212.06372631037502,227.2424469647286,208.8925018310547,190.54255669738077,0.17568792534750471,2.1700243376846164,-0.01653843794670573,-0.07847003151879262,10.870116996155229
1174,209.8000030517578,214.88999938964844,205.97000122070312,206.27999877929688,62308800,45.43792818517404,-2.0485795918866927,-1.7912343715423598,-0.25734522034433294,208.36350173950194,220.07960083007814,203.17110023498535,213.02779374989626,211.836913466019,226.37099876437634,208.36350173950194,190.35600471462755,0.17284694175842316,-3.670496232723682,0.002575935743848623,-0.020791820025968688,10.74653716711903
1175,208.6300048828125,214.57000732421875,207.02999877929688,214.11000061035156,63370600,50.213824160681966,-1.6987265310995951,-1.772732803453807,0.07400627235421187,208.68550186157228,220.73040069580077,203.12310020446776,213.1308610699396,211.9260541383458,226.8614055034952,208.68550186157228,190.50959821964935,0.17419421550405148,-0.9300363465888712,0.03795812428442069,-0.028186304046044497,10.57107083696209
1176,215.2599945068359,219.8999938964844,209.63999938964844,210.6000061035156,76714200,48.17799205900705,-1.685265985089785,-1.7552394397810027,0.06997345469121763,209.27150192260743,221.28220092773438,202.9890502166748,212.8898272636135,211.87405225462697,226.89232483224265,209.27150192260743,191.6506790129722,0.16840155250715158,-5.441808122646914,-0.016393416920415738,-0.012241454566690568,10.548851099095938
1177,210.58999633789065,222.22000122070312,210.57000732421875,219.41000366210935,80651800,53.296274210108486,-0.9527228348513574,-1.5947361187950737,0.6420132839437163,210.21000213623046,222.01880096435548,202.8719002532959,213.51079644442265,212.16957976080275,227.89127883555074,210.21000213623046,192.52872543691018,0.16822488482599987,-0.7643611012000683,0.04183284569452206,0.04875482348314497,10.627504156052254
1178,223.4900054931641,235.0,222.25,230.1699981689453,119355000,58.66584962870399,0.49041136414118114,-1.1777066222078227,1.6681179863490039,212.13050231933593,222.87520080566406,202.85480026245116,215.09738708485338,212.8754785219064,229.72237527035935,212.13050231933593,194.5386293683125,0.1658589666142501,3.0904258361835932,0.04904058305110981,0.11868771892561503,10.981967883326424
1179,232.6000061035156,233.6000061035156,210.5099945068359,210.72999572753903,112177000,47.94153991961793,0.06471390233775765,-0.9292225172987068,0.9939364196364644,212.72500228881836,223.1624008178711,202.73695022583007,214.68144505082344,212.7913419417351,229.25149759073457,212.72500228881836,196.19850698690215,0.15537896461722037,0.03322513254198558,-0.08445932396079381,0.021572605073569395,11.846828148565944
1180,216.1999969482422,219.8699951171875,213.6699981689453,216.27000427246097,67443500,50.707003872358285,0.17239077314266638,-0.7088998592104322,0.8812906323530986,213.53850250244142,223.5394009399414,202.6403002166748,214.8327364052651,212.92776007235182,229.04998817392757,213.53850250244142,198.02701683095526,0.1452804575260034,-1.8382366181560064,0.026289605928169868,0.010088289458465294,11.653483237214695
1181,220.07000732421875,226.3999938964844,218.63999938964844,226.1699981689453,78891100,55.27891893723147,1.0445315294969362,-0.35821358146895854,1.4027451109658946,214.97250213623047,224.10520080566405,202.56515022277833,215.9124756208537,213.4470635271202,229.55951187918734,214.97250213623047,200.3854923932736,0.1357104708555973,6.078509941829671,0.04577608406578726,0.07393158411294931,11.544662264843891
1182,224.5500030517578,228.47000122070312,216.8000030517578,228.1300048828125,83548600,56.14613659567421,1.8722830106015351,0.08788573694514022,1.7843972736563949,215.98750228881835,224.4706008911133,202.53475021362306,217.07604983627837,214.02286514891208,231.2544884218271,215.98750228881835,200.7205161558096,0.14136916230082366,9.043543598190244,0.008666077418469476,0.03974295189444477,11.553614829422566
1183,224.66000366210935,231.4499969482422,223.8300018310547,229.80999755859375,71894900,56.91731191934446,2.633486202006736,0.5970058299574594,2.036480372049277,217.40900192260742,224.44160095214843,202.5065502166748,218.28880676221317,214.6419683806643,232.25941268303194,217.40900192260742,202.5585911621829,0.13661265751738216,11.693801972585055,0.007364189890953776,-0.0015640640101466374,11.272641992834348
1184,228.0,232.6699981689453,226.32000732421875,230.2899932861328,59515100,57.14916837176489,3.238149487475397,1.125234561461047,2.1129149260143496,218.21650161743165,224.11960083007813,202.4776001739502,219.43177690734836,215.2556164161729,233.99538589085583,218.21650161743165,202.43761734400746,0.14461678339145118,11.639516506166316,0.0020886633855721204,0.09282018675634407,10.921024053683793
1185,229.3000030517578,229.9600067138672,223.52999877929688,226.77999877929688,54323000,54.82560985834047,3.394986978536849,1.5791850448762075,1.8158019336606417,218.7495018005371,223.62480072021484,202.37790016174316,220.13160756181966,215.70755297943268,234.9243112572353,218.7495018005371,202.5746923438389,0.14788430897956437,5.917518160210942,-0.015241628421408637,0.04859663522082891,10.623807657480373
1186,229.4499969482422,234.57000732421875,226.5500030517578,227.8699951171875,66761600,55.43161165775782,3.5661273192453677,1.9765734997500397,1.589553819495328,219.00700149536132,223.12340057373046,202.29655014038087,220.8685968528071,216.18451149463874,235.58538932795412,219.00700149536132,202.42861366276853,0.15139596195004693,8.20037441270692,0.004806404196833203,0.00751645647966237,10.437821701407557
1187,230.08999633789065,235.67999267578125,226.8800048828125,227.1999969482422,78010200,54.94370937271395,3.606124856816308,2.3024837711632937,1.3036410856530143,219.31200103759767,222.42080078125,202.2321501159668,221.4715873380866,216.6164913163487,236.25365814323635,219.31200103759767,202.37034393195898,0.15449822194394458,3.5504275812917827,-0.0029402649901351108,-0.0040766576717869984,10.3208335650905
1188,234.0,244.2400054931641,232.1300048828125,243.9199981689453,102694600,63.56290059848295,4.930155790105289,2.828018174951693,2.102137615153596,220.34450073242186,222.0340005493164,202.25760009765625,223.60953122673982,217.68721707527405,240.36281908456212,220.34450073242186,200.3261823802816,0.18170018571463922,5.97384546612694,0.07359155565707187,0.061398549933642466,10.800774635078456
1189,241.52000427246097,243.9900054931641,235.9199981689453,238.25,99879100,59.41223032347063,5.459010305101231,3.3542166009816006,2.10479370411963,221.7240005493164,221.97840057373048,202.27095008850097,225.00386158609794,218.49360071938096,242.6640214368814,221.7240005493164,200.7839796617514,0.1888836646974306,13.059367356530792,-0.02324531900421767,0.034565143714155866,10.605719827159907
1190,242.61000061035156,250.0,241.9199981689453,250.0,86927200,64.57480563871133,6.748466004256443,4.0330664816365696,2.7153995226198733,223.20800018310547,222.01380065917968,202.32735008239746,227.38444619694576,219.72914578920916,247.4811879570898,223.20800018310547,198.93481240912115,0.21749388690434177,15.596243150319339,0.04931794333683115,0.10238998741375305,10.687454125219913
1191,254.0800018310547,257.19000244140625,249.0500030517578,254.27000427246097,88491000,66.2546176889233,8.022444844369147,4.830942154183085,3.191502690186062,225.26100006103516,222.04640075683594,202.40185012817383,229.944975537471,221.0836892591406,252.56129411885124,225.26100006103516,197.9607060032191,0.24238811024028994,12.42428541849543,0.01708001708984397,0.115855574322967,10.505493072679092
1192,252.5399932861328,257.04998779296875,252.27999877929688,257.0199890136719,65034300,67.32909266244039,9.148524543535586,5.6944586320535855,3.454065911482001,227.6514991760254,222.0556005859375,202.47375007629395,232.52354824949015,222.49295591618107,257.19211375901483,227.6514991760254,198.110884593036,0.2595248850977075,12.663824798364335,0.010815214909361437,0.13124996683966894,10.095814211321434
1193,260.6000061035156,261.75,251.52999877929688,254.22000122070312,67142200,65.05770517516282,9.703163178559834,6.4961995413548355,3.206963637204998,230.07499923706055,222.17000061035156,202.52565010070802,234.58987710389138,223.73715377126038,259.98146052397146,230.07499923706055,200.16853795014967,0.2599714126791883,10.621819729964383,-0.01089404681602335,0.04222697248719953,10.104684711991554
1194,257.3800048828125,260.70001220703125,254.1199951171875,260.4599914550781,70988100,67.67492646287556,10.524908758274734,7.301941384738815,3.2229673735359183,232.78399887084962,222.39460052490233,202.62925003051757,237.0536975182901,225.17726505297873,263.3854833397904,232.78399887084962,202.18251440190878,0.2629174223088999,13.100872399374913,0.024545630573566513,0.09322137022068477,9.852922738980997
1195,259.0400085449219,264.8599853515625,255.77000427246097,261.6300048828125,80705700,68.15654240851643,11.14211894449997,8.069976896691047,3.0721420478089225,235.15999908447264,222.84320068359375,202.75235008239747,239.3942982196732,226.60678426199183,266.9490555977463,235.15999908447264,203.370942571199,0.27036108723452223,15.367319115929522,0.004492104223754234,0.04652001953125007,9.798426906132464
1196,262.6700134277344,263.9800109863281,248.52999877929688,258.0199890136719,87397600,64.94150074822733,11.210733990363224,8.698128315425484,2.51260567493774,237.53099822998047,222.97340057373046,202.84600006103517,241.16817353338737,227.83867464441067,268.70686619030835,237.53099822998047,206.3551302696526,0.2624993638105542,13.231225936955425,-0.013798172234708361,0.014748042152831431,10.202111570482376
1197,247.5500030517578,251.16000366210935,241.5,249.02000427246097,93983900,57.64136916900852,10.41878706414397,9.042260065169181,1.3765269989747893,239.01149826049806,223.02620056152344,202.83585006713867,241.91596693710866,228.66931502198128,269.4070996669749,239.01149826049806,208.61589685402123,0.25434426065434507,9.603876592124045,-0.03488095932262836,-0.031125924376198433,10.653388530710199
1198,244.47999572753903,249.7899932861328,237.80999755859375,240.66000366210935,80729200,51.81481801185332,9.01268857395388,9.036345766926122,-0.023657192972240892,239.53599853515624,223.51960052490233,202.7716500854492,241.79635138710873,229.1395381059079,269.66407965471967,239.53599853515624,209.4079174155928,0.25155368131560063,-1.336501529726156,-0.033571602549667734,-0.05333961723500091,10.748146187626546
1199,246.69000244140625,250.9600067138672,244.5800018310547,250.0800018310547,86573200,57.079490261438984,8.559788601396548,8.941034333820207,-0.38124573242365933,241.50349884033204,224.11620056152344,202.76165008544922,242.58527047700835,229.960732761796,268.8621370318397,241.50349884033204,214.1448606488244,0.2265692904896222,4.9653732764133,0.03914235030998836,-0.03985253000291866,10.716135963635924
1200,249.0,249.8300018310547,240.6999969482422,240.8300018310547,68113300,51.167574170166176,7.3695132542203226,8.62673011790023,-1.2572168636799077,242.73149871826172,224.53680053710937,202.67970008850097,242.41810203453656,230.3869786076493,267.53488596508726,242.73149871826172,217.9281114714362,0.20436892103249274,-3.667999267578125,-0.03698816351676526,-0.07950159639019383,10.620698029291393
1201,243.55999755859375,246.2100067138672,240.55999755859375,244.5,56303200,53.23704322603006,6.6457416737078745,8.230532429061759,-1.5847907553538843,243.64799880981445,224.78480041503906,202.66650009155273,242.61637803124736,230.94043042695716,267.26191395560136,243.64799880981445,220.03408366402758,0.19383631518532868,-3.8423738971554022,0.015238957526229946,-0.052398998485948645,10.265648824004398
1202,243.82000732421875,247.42999267578125,239.5099945068359,241.0500030517578,66289500,51.04697233381451,5.727735787991264,7.72997310084766,-2.002237312856396,244.29399871826172,225.15340057373047,202.59925010681152,242.46719946177217,231.33688425538074,266.8580412256151,244.29399871826172,221.72995621090834,0.1847285862586903,-6.213519043090675,-0.014110416966225725,-0.03200546576162977,10.098102348643037
1203,241.80999755859375,242.7899932861328,232.33999633789065,238.77000427246097,83087100,49.59492078585729,4.761346820628461,7.136247844803821,-2.37490102417536,244.74199905395508,225.2874005126953,202.53040016174316,242.11508563421873,231.62837915801134,266.47857748937867,244.74199905395508,223.00542061853153,0.1776285109988955,-6.077412034479978,-0.0094586133600143,-0.007853400485699158,10.12323767718583
1204,220.1300048828125,223.33999633789065,214.3800048828125,217.8000030517578,142628900,38.69319679516454,2.277123494454713,6.164422974733999,-3.887299480279286,244.11749954223632,225.30620056152344,202.33635025024415,239.79936348350816,231.0860898989426,268.08249441168334,244.11749954223632,220.15250467278932,0.19633983564787968,-16.37871066684648,-0.08782510719719316,-0.1290786889913097,11.142292085218875
1205,220.1300048828125,221.91000366210935,213.7400054931641,219.16000366210935,86291900,39.62018685466754,0.413334629538042,5.014205305694809,-4.600870676156767,243.73649978637695,225.53600067138672,202.12495025634766,237.83371016718445,230.61840024259618,268.9990782259798,243.73649978637695,218.4739213467741,0.20729417597893027,-16.23284807861622,0.006244263504570968,-0.08998047587171931,10.929985376913617
1206,220.0099945068359,224.2599945068359,217.1199951171875,219.57000732421875,62988800,39.91514793713264,-1.0189023329439237,3.8075837779670625,-4.826486110910986,243.3215003967285,225.94980072021485,201.95690032958984,236.0943098964258,230.1851299320716,269.8538136947559,243.3215003967285,216.78918709870115,0.21808441304831036,-14.901939123567573,0.0018707960177877236,-0.10196316022814422,10.65927209210896
1207,221.3999938964844,222.82000732421875,218.92999267578125,221.3300018310547,49632800,41.242076829966244,-1.9890154644520806,2.648263929483234,-4.637279393935314,243.02800064086915,226.36360076904296,201.82115036010742,234.68818531877142,229.83787000654152,270.38423772974556,243.02800064086915,215.67176355199274,0.22512827342312433,-11.119589577674947,0.008015641700267029,-0.08180875739905669,10.175753703275285
1208,221.58999633789065,222.0800018310547,217.8999938964844,220.88999938964844,50791800,40.99830862906421,-2.7615086771766073,1.5663094081512658,-4.327818085327873,241.8765007019043,226.94620086669923,201.68350036621095,233.37407237314065,229.48697311960456,270.8751038956249,241.8765007019043,212.8778975081837,0.23978024412929072,-8.214910650553435,-0.001987992760882462,-0.07488379847918258,9.747486148367786
1209,220.7100067138672,222.27999877929688,219.22999572753903,220.6999969482422,49611900,40.88592601181349,-3.3504251078031473,0.5829625049603832,-3.9333876127635303,240.9990005493164,227.38340087890626,201.59475036621095,232.16701757076936,229.14238581876683,271.4111284244468,240.9990005493164,210.586872674186,0.25238385060362173,-11.748242429500861,-0.0008601676940163117,0.013314939650369118,9.269094498609933
1210,218.8999938964844,220.47999572753903,215.72999572753903,218.8500061035156,47329000,39.74358614248303,-3.9212230042231795,-0.31787459687632946,-3.60334840734685,239.44150085449218,227.76040100097657,201.4993504333496,230.89873076436425,228.73876308483543,271.0184907912413,239.44150085449218,207.86451091774308,0.26375536257549886,-9.126768077242444,-0.008382378207102748,-0.0014144805320942533,8.962016407330877
1211,217.30999755859375,218.22000122070312,215.2599945068359,217.97000122070312,43268700,39.18277469601751,-4.393942850996297,-1.133088247700323,-3.2608546032959733,237.6265007019043,228.17000091552734,201.4017504119873,229.66742318877746,228.31645869800673,269.7537095416307,237.6265007019043,205.49929186217787,0.27040089169203474,-10.850715247156186,-0.004021041161845984,-0.007286997541303686,8.578301777998648
1212,217.1300048828125,218.72000122070312,212.11000061035156,213.6499938964844,80938900,36.4626889496155,-5.0588499493916,-1.9182405880385787,-3.1406093613530217,235.45800094604493,228.28640075683595,201.2677503967285,228.1419537323686,227.7413032155941,267.9095198782163,235.45800094604493,203.00648201387352,0.27564592243019714,-11.36693997443764,-0.019819274670942244,-0.03469935332324525,8.437708837452428
1213,244.67999267578125,262.1199951171875,242.6499938964844,260.4800109863281,204491900,64.90472107558354,-1.786409988552606,-1.8918744681413842,0.10546447958877825,235.77100143432617,229.46840087890624,201.39535041809083,231.22176870893617,229.02517410856404,269.0505277262128,235.77100143432617,202.49147514243953,0.2823038125081436,9.092434696735953,0.21919035070290405,0.17922953373205086,11.297158293398905
1214,256.010009765625,269.489990234375,255.32000732421875,269.19000244140625,161611900,67.79251806534259,1.4926395553993075,-1.214971663433246,2.7076112188325534,236.20750198364257,230.5694009399414,201.5716004180908,234.8377909691714,230.60026541573433,270.9669815440078,236.20750198364257,201.44802242327737,0.29431308716665844,23.595040711471505,0.03343823359841336,0.21971004152091478,11.502360051738716
1215,270.0,273.5400085449219,262.239990234375,262.510009765625,107653600,63.47844793033871,3.511808419910153,-0.2696156467645661,3.7814240666747194,236.2515022277832,231.49720123291016,201.74805046081542,237.47324037835747,231.85162793925946,271.14157714335335,236.2515022277832,201.36142731221304,0.29536383545981176,19.780071810160518,-0.024815158866218545,0.19949738379928728,11.487907070225011
1216,264.510009765625,264.9800109863281,255.5099945068359,259.5199890136719,80521800,61.589183357067064,4.815237545283821,0.7473549916451113,4.06788255363871,236.3265022277832,232.23320098876954,201.95120040893553,239.5729307245779,232.93666170688348,271.4093458936782,236.3265022277832,201.24365856188817,0.29690147601034134,18.194644239576256,-0.01139012091242797,0.1906225056671802,11.343772028029813
1217,258.0400085449219,263.3500061035156,255.82000732421875,257.54998779296875,53993600,60.31546864809051,5.624417104021518,1.7227674141203928,3.901649689901125,236.75300140380858,232.96220062255858,202.13940032958985,241.285031397758,233.90189018084763,272.64089048316947,236.75300140380858,200.8651123244477,0.303167342053249,16.364697809726426,-0.007590942139718337,0.20547622349923556,11.071359653120316
1218,257.989990234375,259.75,249.25,249.8500061035156,66575300,55.48538959476687,5.58005021778817,2.494223974853948,3.0858262429342216,237.2125015258789,233.4938006591797,202.31090034484862,242.1007432744968,234.5273064915405,273.52158295484566,237.2125015258789,200.90342009691216,0.30613126370159355,13.110601110909464,-0.029897037679701866,-0.04080929220849294,11.030548249326007
1219,252.0399932861328,254.0,246.6300048828125,248.97999572753903,57544800,54.94994783440436,5.412296983848961,3.0778385766529506,2.3344584071960104,237.15750122070312,234.26020050048828,202.49640029907226,242.75591017478655,235.0940786184424,273.39170557539455,237.15750122070312,200.9232968660117,0.30557080563073746,12.81377397840607,-0.003482130697311736,-0.07507710736124484,10.76908016845897
1220,244.55999755859375,248.8999938964844,238.8800048828125,242.83999633789065,68802400,51.195114233546704,4.729387268239719,3.4081483149703047,1.3212389532694147,237.25800094604492,234.71060028076172,202.6496502685547,242.76391838079647,235.39784009763648,273.5435057991282,237.25800094604492,200.97249609296162,0.3058738142309056,10.961841245290092,-0.024660613282231014,-0.07493052720273863,10.721288073906653
1221,247.33999633789065,255.27999877929688,246.2100067138672,251.44000244140625,69282500,55.755464169148915,4.8264882654845565,3.6918163050731554,1.134671960411401,237.60500106811523,235.4752001953125,202.86285026550294,243.59021210085456,236.0269445032745,274.29141203086346,237.60500106811523,200.918590105367,0.30880167334719677,15.355324601211267,0.03541429020427689,-0.03113435155023825,10.844053385870907
1222,284.6700134277344,289.5899963378906,275.6199951171875,288.5299987792969,165228700,69.14580868776434,7.806307976713413,4.514714639401207,3.2915933373122055,239.9790008544922,237.0616000366211,203.25980026245117,247.87019178451573,238.08588780821657,282.87010389496083,239.9790008544922,197.0878978140236,0.3574571348971906,35.04797894779843,0.14751032444224466,0.12028737120823063,12.794477708057583
1223,288.8900146484375,299.75,285.5199890136719,296.9100036621094,117309200,71.262026712557,10.720454202923776,5.755862552105722,4.964591650818054,242.8860008239746,238.88480010986328,203.70520027160646,252.54065005857225,240.39271588091825,292.42164058290905,242.8860008239746,193.35036106504015,0.4078920941584784,13.985715271523603,0.02904379065700735,0.18835299743437384,12.897015799362622
1224,299.1400146484375,328.7099914550781,297.6600036621094,321.2200012207031,204782800,76.33322555658452,14.820705846903195,7.568831211065216,7.251874635837979,248.05700073242187,241.1836001586914,204.3981502532959,259.08154064544186,243.56241334522355,306.7784134615081,248.05700073242187,189.33558800333563,0.47345096131698206,19.328354807910106,0.08187665372925301,0.29014381369102815,14.247228084620202
1225,346.29998779296875,358.6400146484375,336.0,350.0,210521600,80.67987792871605,20.16009714185202,10.087084397222577,10.073012744629443,254.5990005493164,243.90140014648438,205.2319002532959,267.74044153635214,247.7364363512932,326.6301118726902,254.5990005493164,182.56788922594262,0.5658397021823437,33.328249201806855,0.08959591143118995,0.4412782296084603,15.902427037699786
1226,342.739990234375,345.8399963378906,323.30999755859375,328.489990234375,155726000,70.28930269248576,22.39773800825094,12.54921511942825,9.84852288882269,260.04499969482424,246.25919982910156,205.91970024108886,273.52611284092575,250.90324238592387,336.9632353074765,260.04499969482424,183.12676408217197,0.5915763479622346,26.575988031915987,-0.06145717075892854,0.30643488325181645,16.672968137964535
1227,335.8500061035156,344.6000061035156,322.5,330.239990234375,125405600,70.62081241174315,24.035231701204452,14.846418435783493,9.18881326542096,265.49049911499026,248.47579956054688,206.61295021057128,278.9274344974447,254.01448739958863,346.01067200026523,265.49049911499026,184.97032622971528,0.60657668092597,28.22364817964504,0.005327407385385952,0.14456032867134572,17.060613706932468
1228,327.69000244140625,329.9800109863281,310.3699951171875,311.17999267578125,120726100,62.44800167457136,23.52380693515545,16.581896135657885,6.941910799497563,270.0049987792969,250.0959994506836,207.23240020751953,281.99910670490533,256.25627192022364,350.1401375251476,270.0049987792969,189.86986003344617,0.593582630752355,24.546722062858773,-0.05771559508909463,0.04806166460430705,17.26128380766497
1229,310.57000732421875,324.67999267578125,309.2200012207031,320.7200012207031,114440300,64.65296958046292,23.61606676664752,17.988730261855814,5.627336504791707,275.0059989929199,252.29579956054687,207.8917002105713,285.6868109445051,258.7842613045562,354.69166961621596,275.0059989929199,195.32032836962384,0.5795195080478778,28.81356202273768,0.030657525449785616,-0.0015565655877588513,17.13262006819448
1230,340.7300109863281,348.54998779296875,330.010009765625,338.739990234375,126085600,68.42444013185445,24.856713145498077,19.362326838584266,5.49438630691381,281.00049819946287,254.74519927978517,208.64585014343263,290.7394946863975,261.9197800861177,360.92405693010045,281.00049819946287,201.0769394688253,0.5688499432759394,39.49102097788203,0.056186046847983784,-0.03217145647321429,17.896717675628132
1231,335.760009765625,347.3800048828125,332.75,346.0,88852500,69.821523938709,26.1246082310804,20.714783117083496,5.409825113996906,287.40199813842776,257.14179931640626,209.47055015563964,296.00239995435965,265.21704361215234,366.61233061646453,287.40199813842776,208.19166566039098,0.5512162962756088,37.60738014653389,0.021432396454288627,0.05330454591061273,17.663381047569874
1232,345.0,346.6000061035156,334.29998779296875,342.0299987792969,66340700,68.04844638383199,26.503561739431177,21.872538841553034,4.631022897878143,293.82099838256835,259.41979919433595,210.25520011901855,300.38598079482983,268.2293163638051,368.77721613404685,293.82099838256835,218.86478063108984,0.5102168882693815,18.542266047324723,-0.011473991967350106,0.03570133507015427,17.280283709211087
1233,343.80999755859375,347.989990234375,335.2799987792969,339.6400146484375,58011700,66.94626312774763,26.307773739928848,22.759585821228196,3.548187918700652,297.7789985656738,261.6163995361328,211.01550018310547,304.12446020945913,271.0297359043789,373.62966553711425,297.7789985656738,221.92833159423338,0.5094426896241436,14.391569990668247,-0.006987644766217049,0.09145839270684974,16.9538342624873
1234,341.0899963378906,361.5299987792969,337.70001220703125,352.55999755859375,89140700,69.79448276893966,26.885228801642597,23.584714417311076,3.300514384331521,301.9474983215332,264.06179962158205,211.83050018310547,308.7373685284243,274.22700106728934,380.1814011348772,301.9474983215332,223.7135955081892,0.5181954031626749,9.756551964009741,0.038040225983177356,0.09927661579166669,17.44498799890004
1235,360.1400146484375,361.9299926757813,338.20001220703125,338.5899963378906,95890900,63.4299507740215,25.916850432938986,24.05114162043666,1.8657088125023265,305.75149765014646,266.2979995727539,212.55560012817384,311.5804759388497,276.751040097509,383.3410158681098,305.75149765014646,228.1619794321831,0.5075332014023003,-3.260001046316964,-0.039624464821427674,-0.00044279949462300294,17.893916032460755
1236,341.0,346.9599914550781,335.6600036621094,338.2300109863281,62295900,63.26984197536587,24.834083928753785,24.207730082100085,0.6263538466537,309.6869987487793,268.50519989013674,213.3061001586914,314.1185268957524,279.1619801323647,385.46087913807395,309.6869987487793,233.9131183594846,0.48935783998322185,2.9650890564439107,-0.001063189566898104,-0.022456615646450517,17.422921158211327
1237,341.79998779296875,342.54998779296875,326.5899963378906,332.8900146484375,57896400,60.81745022486527,23.276770476255535,24.021538160931176,-0.7447676846756401,313.45400009155276,270.61900024414064,214.05045021057128,315.90628763410336,281.2689618780931,385.9035836643519,313.45400009155276,241.00441651875363,0.46226612869281153,0.8024541219801236,-0.015788061864523528,-0.02672275579183092,17.3184261794161
1238,336.0799865722656,345.45001220703125,334.6499938964844,345.1600036621094,37167600,64.24668565488112,22.770193299733535,23.771269188691647,-1.0010758889581126,318.2194999694824,272.64380035400393,214.8327001953125,318.6923558272468,283.77449292844665,385.67365273832974,318.2194999694824,250.76534720063506,0.4239473242545869,10.919728705608632,0.03685898787510977,0.016252469601927277,16.97853842078593
1239,352.3800048828125,360.0,351.1499938964844,357.0899963378906,77986500,67.24807366435249,23.065493294546627,23.630114009862645,-0.5646207153160177,323.625,275.0206002807617,215.61590019226074,322.3492739711176,286.6496107092092,385.0786110533349,323.625,262.1713889466651,0.3797828415810577,11.340108187440274,0.034563659025395044,0.012848873413507489,16.825785414864836
1240,351.79998779296875,355.69000244140625,348.20001220703125,351.4200134277344,58267200,64.47767994280495,22.581692735888566,23.42042975506783,-0.8387370191792627,329.0540008544922,277.0490005493164,216.3732502746582,325.1179158241287,289.18962650209255,379.1331312516391,329.0540008544922,278.9748704573453,0.30438244341111614,3.743290889447696,-0.01587830229999254,0.037892487163265764,16.2589424660073
1241,353.0,358.1000061035156,348.6000061035156,357.92999267578125,50810900,66.19942283863514,22.46462007027833,23.229267818109932,-0.7646477478316029,334.3785003662109,279.1222003173828,217.19410026550293,328.2428755242861,291.8853271363549,371.20914184762694,334.3785003662109,297.5478588847949,0.22029311957006298,3.4479747617864884,0.018524782309774723,0.058244333883930244,15.776160861292494
1242,359.8699951171875,375.4299926757813,359.5,369.489990234375,81403600,69.06661768580562,23.039054452946914,23.19122514507733,-0.15217069213041512,338.42649993896487,281.37160034179686,218.0677001953125,332.1711721633422,294.92864725784585,371.8495051055851,338.42649993896487,305.00349477234465,0.19752002383175102,8.028533038938889,0.03229681165351517,0.10994615030610166,15.899292228343034
1243,377.4200134277344,389.489990234375,370.7999877929687,389.2200012207031,81455800,73.23904655755953,24.800460564169896,23.513072228895844,1.287388335274052,343.04199981689453,284.07160034179685,219.02675018310546,337.60439397832897,298.626347413252,377.7285675304289,343.04199981689453,308.35543210336016,0.2022292764853809,14.597804862182107,0.053397958017247005,0.12765093606189026,16.19219992631853
1244,397.6099853515625,404.7999877929687,378.010009765625,389.7900085449219,96359200,73.35088269359284,25.943323935701983,23.99912257025707,1.9442013654449113,346.47050018310546,286.65820068359375,220.01585021972656,342.5744525084807,302.2013929478273,385.1741803719696,346.47050018310546,307.7668199942413,0.22341688639240415,10.559907886356472,0.0014644862094215227,0.09157358800969995,16.949184076391756
1245,392.6799926757813,409.7300109863281,390.8500061035156,400.989990234375,97563600,75.51601406386881,27.436525128674077,24.686603081940476,2.7499220467336016,349.0199996948242,289.445400390625,221.023800201416,348.137837053804,306.07545558651543,394.4508103239497,349.0199996948242,303.5891890656987,0.2603335663792864,18.429367249885694,0.02873337295448497,0.14105621453695072,17.162813959607075
1246,409.7000122070313,424.8800048828125,402.3800048828125,424.7699890136719,104287600,79.3518630024921,30.19072510979356,25.787427487511096,4.403297622282466,353.83399963378906,292.780400390625,222.14900016784668,355.4361372404581,310.7301431718941,408.9209862226553,353.83399963378906,298.7470130449228,0.3113719238167058,25.58613228169213,0.05930322291934931,0.18674041769513106,17.643328294523535
1247,424.8399963378906,429.2999877929687,415.0,418.1000061035156,87752200,75.76633411615347,31.472441841657712,26.92443035834042,4.548011483317293,358.2270004272461,296.1620004272461,223.2293002319336,361.4041247512255,314.9407260319577,418.8246136571591,358.2270004272461,297.6293871973331,0.3383196306120987,25.59704037535272,-0.015702575706076027,0.13155976387426982,17.40451825869819
1248,420.0,436.2999877929687,415.7099914550781,436.2300109863281,89000200,78.59723039723245,33.564243752241055,28.252393037120548,5.3118507151205065,364.47950134277346,300.07340057373045,224.40105026245118,368.53039963075906,319.6971685791879,429.97687077048573,364.47950134277346,298.9821319150612,0.35940221157247193,26.38486683218683,0.04336284290396253,0.12078004629306927,17.632052407211933
1249,441.0899963378906,463.19000244140625,436.1499938964844,463.0199890136719,114083800,81.95219766603948,36.957713653001974,29.993457160296835,6.96425649270514,371.59450073242186,304.3322003173828,225.7029502105713,377.5294081434174,325.31767134132457,446.7375596839207,371.59450073242186,296.451441780923,0.4044357965652885,29.664788642117745,0.06141250567967771,0.1878703375238273,18.304049274191215
1250,475.8999938964844,483.989990234375,457.510009765625,479.8599853515625,131223000,83.68359630489903,40.53860614746975,32.10248695773142,8.436119189738328,378.65050048828124,309.112799987793,227.16155014038085,387.275177401336,331.3781542436868,465.6891702754506,378.65050048828124,291.6118307011119,0.45973091109046654,36.548849529379574,0.036369912179738284,0.1966881893263437,18.888044359516844
1251,466.5,488.5400085449219,427.010009765625,440.1300048828125,149340800,67.28362252022478,39.7128271111842,33.62455498842198,6.08827212276222,383.35700073242185,313.02540008544923,228.4585001373291,392.30897049480996,335.64293270012314,472.9664885996109,383.35700073242185,293.7475128652328,0.46749889891660174,22.965388173404442,-0.0827949436951747,0.03616078411002399,21.93389824664399
1252,451.8800048828125,456.3599853515625,420.0199890136719,436.1700134277344,118566100,65.89740397512722,38.29738464917432,34.55912092057245,3.738263728601872,388.0640014648437,316.92780029296875,229.7566502380371,396.48621267889797,339.58517116002946,478.38285628566257,388.0640014648437,297.7451466440249,0.4654843246469033,18.0465032763304,-0.008997322180141931,0.04321934240714853,22.96290525316161
1253,425.510009765625,447.0799865722656,417.6400146484375,421.05999755859375,132216200,60.75397887566443,35.54662493411638,34.756621723281235,0.7900032108351454,392.13500061035154,320.5736001586914,230.96870025634766,398.8265731436309,342.78026239134573,480.67862856729664,392.13500061035154,303.59137265340644,0.4515976784481285,8.180462524544335,-0.034642491239586515,-0.03477526315402868,23.42555287249493
1254,431.0,434.510009765625,415.4100036621094,430.6000061035156,72698100,62.73181750130294,33.74740789104061,34.55477895683311,-0.807371065792502,396.03700103759763,324.82960021972656,232.24500030517578,401.85261437790564,346.22417390947004,484.1377773034711,396.03700103759763,307.93622477172414,0.44491184427239755,10.469739260617951,0.022657123925894362,-0.07001853846357153,23.116585246139266
1255,435.8999938964844,462.7799987792969,435.1400146484375,462.2799987792969,59551800,68.42282865391748,34.48035796657297,34.53989475878108,-0.05953679220811381,402.221501159668,329.69200012207034,233.66755027770995,407.60760336851433,350.7753827278946,490.68816093484924,402.221501159668,313.7548413844867,0.43989025708530216,15.284672943855387,0.07357174228224572,-0.03663565854399364,23.763971491113693
1256,465.1600036621094,465.3299865722656,451.0199890136719,454.1300048828125,76366400,65.64558710222926,34.01152608567145,34.43422102415916,-0.4226949384877088,408.01650085449216,334.38320007324216,235.05050033569336,412.038308274638,354.8285051653424,494.10911490912423,408.01650085449216,321.9238867998601,0.4220055506300939,6.911979807546062,-0.017629994630971146,0.03180878341554472,23.08868763879084
1257,449.5199890136719,450.0,426.5,431.6600036621094,82666800,58.5851632949449,31.464133191738995,33.84020345767512,-2.3760702659361286,412.95500030517576,338.5898001098633,236.3614003753662,413.9070411686829,357.8415051063921,492.31108606128697,412.95500030517576,333.59891454906455,0.3843328483610402,3.2432426119688906,-0.04947922616674816,-0.01034002711507409,23.413067441935247
1258,419.3999938964844,427.0,415.75,417.4100036621094,64941000,54.576261061544265,27.97299479117379,32.66676172437486,-4.6937669332010685,416.56750030517577,342.5202001953125,237.63595039367675,414.24065664424734,360.17752465759673,489.57383440398297,416.56750030517577,343.56116620636857,0.3505138257080691,-4.314239472352256,-0.03301209257078741,-0.008668583854196332,22.877134314804827
1259,423.7900085449219,427.9299926757813,402.5400085449219,403.8399963378906,76825100,50.997469933962535,23.836484123372486,30.900706204174387,-7.064222080801901,418.9050003051758,346.1830001831055,238.8373003387451,413.25011756745147,361.8897784489808,486.9707947202741,418.9050003051758,350.8392058900775,0.3249700737184412,-12.781304064614327,-0.03251001941775111,-0.062145864807981344,23.056623587380155
1260,390.1000061035156,392.7300109863281,373.0400085449219,379.2799987792969,109710700,45.21813175468165,18.36478525790386,28.393522014920283,-10.028736757016421,420.2979995727539,349.39160003662107,239.8647003173828,410.01486815905577,362.57174787369905,483.76747286453434,420.2979995727539,356.82852628097345,0.3020212961103748,-20.960277923273214,-0.06081615932376483,-0.17954486505834333,23.609721030636482
1261,381.4800109863281,411.8800048828125,379.4500122070313,410.44000244140625,95423300,52.56324233735082,16.354254698085015,25.985668551553232,-9.631413853468217,422.92350006103516,353.24100006103515,241.06030029296875,410.0553571383272,364.44893432733465,479.864551977103,422.92350006103516,365.9824481449673,0.2692735301199876,-6.745734694754884,0.08215567328200035,-0.09620593656365073,24.25188425012785
1262,423.2000122070313,426.4299926757813,401.7000122070313,411.0499877929687,85516500,52.696950287280465,14.641339219740985,23.716802685190785,-9.0754634654498,425.00149993896486,357.18899993896486,242.23725021362304,410.1500838673407,366.27642662010464,476.79125880666436,425.00149993896486,373.21174107126535,0.24371565218069638,-5.759228021512676,0.0014861742226246477,-0.047745947491752316,24.286033980029433
1263,405.8299865722656,414.3299865722656,390.0,394.3599853515625,75699500,48.655855615835016,11.801062348564471,21.333654617865523,-9.532592269301052,425.2584991455078,359.86659942626954,243.34495010375977,408.6462649610761,367.37774264878925,476.3821950442084,425.2584991455078,374.1348032468072,0.24043585725588493,-6.341141965953614,-0.040603340073111394,-0.055221528253562635,24.289173450903444
1264,392.9500122070313,402.5,387.3999938964844,394.94000244140625,73038800,48.80279184652802,9.487558330182196,18.96443536032886,-9.476877030146664,425.51599884033203,362.38159942626953,244.46550010681153,407.3409066258694,368.45861558183304,475.97000305559754,425.51599884033203,375.0619946250665,0.2371426895946047,-8.28146845254265,0.0014707807875757872,-0.022038416147958317,23.632804354661456
1265,391.3999938964844,399.2799987792969,377.2900085449219,394.739990234375,62287300,48.750980876015014,7.550908244220011,16.68172993710709,-9.130821692887078,425.20349884033203,365.02619903564454,245.57605003356935,406.140819350489,369.48925772507,476.3341495096607,425.20349884033203,374.0728481710034,0.2404996704344086,-14.610194843659466,-0.0005064369418008585,0.04076142033546648,23.51546048892671
1266,383.2099914550781,403.7900085449219,380.0700073242187,403.30999755859375,67580500,51.14430558811327,6.631186872315823,14.671621324148838,-8.040434451833015,424.1304992675781,367.901999206543,246.70425003051758,405.87121727507036,370.81556124795327,476.14555111852917,424.1304992675781,372.11544741662703,0.2452785260233572,-11.190629726686474,0.021710512074366584,-0.017371613001660013,23.53007054119646
1267,414.3399963378906,422.6400146484375,394.5400085449219,396.3599853515625,84565000,49.14010491130452,5.2806214405216,12.79342134742339,-7.51279990690179,423.04349822998046,370.67819915771486,247.78689994812012,404.9653856633077,371.8173033696634,476.40833921265124,423.04349822998046,369.6786572473097,0.25229008934518543,-8.17773664714572,-0.017232432245921525,-0.035737751800652084,23.856494509933544
1268,409.8999938964844,429.7999877929687,405.6600036621094,428.2200012207031,81375500,57.38446523338786,6.703847836049931,11.5755066451487,-4.8716588090987685,422.6429977416992,374.24559906005857,249.04904998779296,407.1801109544882,374.0291738736258,475.72545306781626,422.6429977416992,369.5605424155822,0.2511928772498377,2.5897792251630776,0.08038151439752794,0.08586067838235478,24.54103079075302
1269,423.489990234375,424.0,409.1300048828125,413.8200073242187,68335200,53.187887700604016,6.593796663185287,10.579164648756018,-3.985367985570731,420.18299865722656,377.5423992919922,250.24205001831055,407.8124820373197,375.5895987148255,470.0132046432827,420.18299865722656,370.35279267117045,0.23718335175529645,2.471278495649017,-0.03362756026209701,0.04780474190029271,24.151671186977133
1270,421.5,439.739990234375,419.75,426.5,94991400,56.22374200801839,7.443940639627897,9.952119846930394,-2.508179207302497,417.51499938964844,381.21559936523437,251.54139999389648,409.59224565281306,377.5860850397343,459.35145360430823,417.51499938964844,375.67854517498864,0.20040695196972153,12.449905445232943,0.030641323404759335,0.08045804973235082,24.27797916720422
1271,432.6400146484375,433.2000122070313,406.30999755859375,424.0700073242187,87320900,55.48116937624163,7.831331055700105,9.527962088684337,-1.6966310329842322,416.7119995117188,384.66819946289064,252.8198500061035,410.97108009770886,379.4089839528514,457.38159008198136,416.7119995117188,376.0424089414562,0.1951927979895807,3.3208276000724957,-0.005697520927974931,0.05147407674318538,24.464553130149458
1272,416.80999755859375,428.0,414.5899963378906,415.1099853515625,60963300,52.71643133558513,7.330836539924292,9.088536978932328,-1.7577004390080369,415.6589981079102,387.1997991943359,254.03984992980958,411.3652615504568,380.8090232233891,455.3373395310316,415.6589981079102,375.98065668478876,0.19091775519711202,0.9877138253653673,-0.021128638710367187,0.04730548161507575,23.674942453860883
1273,416.05999755859375,420.7300109863281,408.9500122070313,412.3800048828125,50690600,51.868333749063794,6.6373926905708345,8.59830812126003,-1.9609154306891963,415.2249984741211,389.50919921875,255.27724998474122,411.4619037725859,382.04710093552336,454.84738552566137,415.2249984741211,375.6026114225808,0.19084779190629458,4.569434070544856,-0.006576523247056931,-0.03699032341491859,22.82530361996345
1274,414.4500122070313,418.8800048828125,405.7799987792969,406.5799865722656,56427100,50.02689253241114,5.555776901312186,7.989801877270462,-2.434024975958277,414.0239974975586,391.2163989257813,256.4452499389648,410.99695927731733,383.00917488206227,453.16263590661805,414.0239974975586,374.8853590884991,0.18906458874664753,2.9472790952813894,-0.014064741844588391,-0.01749557929489054,22.130639511645747
1275,394.7999877929687,406.69000244140625,389.0,397.1499938964844,58125500,47.0991346107031,3.8927932985393454,7.170400161524239,-3.277606862984894,410.76749725341796,392.1593988037109,257.5465998840332,409.67820066961895,383.5637168041965,443.64046348282807,410.76749725341796,377.89453102400785,0.16005631628214995,0.6105293919368155,-0.023193450212053546,-0.06881595803872365,21.813451149485783
1276,396.9100036621094,400.5899963378906,386.5,398.0899963378906,48910700,47.42941044220748,2.6205095503988787,6.260422039299168,-3.639912488900289,407.9654968261719,393.55139892578126,258.6782498931885,408.5745621618353,384.13337482512566,434.5231600414016,407.9654968261719,381.4078336109422,0.13019563380648108,-1.294290062805783,0.0023668700890153715,-0.06126349550220678,21.261775805800415
1277,395.2099914550781,398.5899963378906,384.4800109863281,389.1000061035156,68033600,44.56383716537297,0.8766924691945519,5.183676125278245,-4.306983656083693,405.8374969482422,394.72859924316407,259.75074989318847,406.71984253723343,384.3281446791802,431.25582416962624,405.8374969482422,380.4191697268581,0.1252635718114817,-1.8316630125029991,-0.02258280870425211,-0.0626580428462078,20.75093363049771
1278,410.7799987792969,412.5,384.4100036621094,400.2799987792969,98092900,48.71368586313615,0.39231448547349146,4.225403797317294,-3.8330893118438025,404.9809967041016,396.5105993652344,260.8968998718262,406.10652408409663,384.95370758506715,429.9319398307966,404.9809967041016,380.0300535774066,0.12322031566792425,-6.524684125393308,0.028732954254456988,-0.029341883603095975,21.27515239531149
1279,401.5299987792969,419.989990234375,401.3399963378906,404.6000061035156,83283600,50.26302370250825,0.35296121371544587,3.4509152805969245,-3.0979540668814787,405.0189971923828,398.1881994628906,262.1124999237061,405.96304618118415,385.724150664222,429.96518810730083,405.0189971923828,380.0728062774648,0.12318528803758137,-2.22802210079693,0.010792463618949588,-0.004869842427421278,21.163355185294822
1280,386.6799926757813,389.1700134277344,374.3599853515625,383.6799926757813,93732100,43.422060873666325,-1.35072645171158,2.490586934135224,-3.841313385846804,405.238996887207,399.0869995117188,263.2453498840332,403.84085060924104,385.6439876058518,429.33651245605324,405.238996887207,381.1414813183608,0.11892989447683122,-10.039861037331464,-0.05170542044525328,-0.03391665977014713,21.811688440056127
1281,382.6300048828125,394.0,381.3999938964844,392.2099914550781,57072200,46.61270404731855,-1.9896758430655836,1.5945343786950623,-3.584210221760646,404.32749633789064,400.0111993408203,264.4291498565674,402.733149737416,385.9014779528803,428.94269140801543,404.32749633789064,379.71230126776584,0.12175869953476642,-7.51291421672797,0.02223206563315605,-0.014770541678775784,21.153711130303233
1282,387.510009765625,388.3900146484375,375.5299987792969,378.1700134277344,57223300,42.3766643229335,-3.5876010966716194,0.5581072836217259,-4.145708380293345,402.6834976196289,400.73399963378904,265.5703499603271,400.39380342220824,385.5982832656197,429.57032162998786,402.6834976196289,375.79667360926993,0.13353824613769502,-8.89883963946161,-0.035797094243459227,-0.028090445911926998,20.83415981212309
1283,373.0299987792969,375.3999938964844,363.1799926757813,374.3200073242187,77918200,41.26912125940374,-5.105775487706978,-0.574669270644015,-4.5311062170629635,401.6814987182617,401.4275994873047,266.70669998168944,397.9105847462092,385.1559979345844,431.10813024860994,401.6814987182617,372.2548671879135,0.1465172362891824,-9.22935086763226,-0.010180622383618498,-0.06485458062917548,20.41672130782523
1284,370.19000244140625,380.5499877929687,360.3399963378906,361.6199951171875,70298300,37.762993990825336,-7.250149269418557,-1.9097652703989236,-5.340383999019633,400.01549835205077,401.6087994384766,267.8045499420166,394.4543381148738,384.2330174319414,434.1727768456256,400.01549835205077,365.85821985847593,0.1707797754551663,-11.058092611522808,-0.03392822173149568,-0.10622839925348848,20.401954889771865
1285,356.2099914550781,362.7000122070313,350.510009765625,350.7300109863281,77514900,35.01588814519825,-9.71630809721654,-3.471073835762447,-6.245234261454094,397.81499938964845,401.85159973144533,268.8348000335693,390.29011648358374,382.91917404191736,438.1584814796828,397.81499938964845,357.4715172996141,0.20282534420236403,-11.688274864296092,-0.030114441341470455,-0.08587881129704023,19.815386857745754
1286,345.79998779296875,349.3699951171875,325.1000061035156,328.5,118543400,30.18816072824727,-13.311090868933832,-5.439077242396724,-7.8720136265371075,394.0744995117187,401.65699951171877,269.66665000915526,384.40534348514717,380.7850887853716,444.338860811787,394.0744995117187,343.81013821165044,0.25510080638228944,-17.480970880469968,-0.06338211812502892,-0.16243847133704437,20.230716716679094
1287,329.94000244140625,346.3999938964844,329.1199951171875,336.510009765625,105382700,33.73343706396433,-15.336847636196012,-7.418631321156583,-7.918216315039429,391.0820007324219,401.7293994140625,270.4983000946045,379.843883130907,379.0488111767541,447.22801775917304,391.0820007324219,334.9359837056707,0.28713168553705054,-13.515804552287685,0.0243835913717656,-0.11016210218389066,20.064236515236615
1288,345.0,358.69000244140625,342.8500061035156,355.94000244140625,89441500,41.49482780658178,-15.199229190413746,-8.974750895008016,-6.22447829540573,387.468000793457,401.94499938964844,271.43655014038086,377.56732306524026,378.14258338321105,442.88710434499876,387.468000793457,332.04889724191526,0.2860577050907662,-11.077245046745004,0.05773971683431944,-0.049102384385487974,20.21536195527552
1289,360.6199951171875,362.0,347.5,355.8399963378906,68277300,41.46790652276798,-14.926175576586559,-10.165035831323726,-4.761139745262833,384.5690002441406,401.9199993896484,272.2455001068115,375.49805385311174,377.26797212653184,440.2362321247144,384.5690002441406,328.9017683635669,0.2895045198403087,-12.05141103066368,-0.0002809633725618932,-0.015983626064216327,19.807121815612984
1290,355.010009765625,359.1000061035156,350.0199890136719,354.1099853515625,51631700,40.97268077330219,-14.680152390000728,-11.068059143059127,-3.612093246941601,380.9494995117187,401.973798828125,273.09965003967284,373.4610949482023,376.3598157824154,434.6183557747102,380.9494995117187,327.28064324872724,0.28176362657927856,-7.706945342132074,-0.004861766535893763,0.009636969347815993,19.040900049486613
1291,354.0,367.3399963378906,353.6700134277344,360.55999755859375,67094400,43.67352798199208,-13.805573108895317,-11.615561936226365,-2.1900111726689513,377.7739990234375,402.0263989257812,274.0025,372.2324190063348,375.74021506775574,428.2842122317686,377.7739990234375,327.2637858151064,0.2674096858910472,-8.06965518116063,0.018214714280444966,0.0975951219439688,18.657263110963015
1292,361.510009765625,362.2999877929687,348.0,354.3999938964844,45965400,41.71062527573923,-13.454429256472224,-11.983335400275537,-1.4710938561966866,374.7384994506836,401.72459899902344,274.8744499969482,370.53409280539665,374.9033436492745,423.16264896146475,374.7384994506836,326.31434993990246,0.25844235156923806,-6.285537902859736,-0.01708454543992588,0.053163304542766854,18.346029159677705
1293,353.44000244140625,354.9800109863281,334.4200134277344,337.79998779296875,74058600,36.89787023349985,-14.35020673355541,-12.456709666931513,-1.8934970666238975,371.0094985961914,400.6961987304687,275.65749992370604,367.41655899468924,373.44831008628216,418.7461785059767,371.0094985961914,323.27281868640614,0.257334004064096,-9.756363223090554,-0.046839747148427646,-0.05096368636291071,18.504169759600277
1294,338.1400146484375,342.3999938964844,324.70001220703125,330.5299987792969,76052300,34.993528090761814,-15.468433718303231,-13.059054477205857,-2.4093792410973744,367.20699920654295,399.51099853515626,276.38634994506833,363.90355325989,371.7652390546357,415.11963491457067,367.20699920654295,319.2943634985152,0.26095709401812517,-8.597421812313094,-0.021521578674915554,-0.07112746689262117,18.44672775458977
1295,327.0199890136719,328.8900146484375,297.25,302.79998779296875,134228800,28.872445726641743,-18.380339682832016,-14.12331151833109,-4.257028164500927,362.4894989013672,397.5471984863281,277.01129989624025,358.08416607256413,369.06071939731544,415.9398259501152,362.4894989013672,309.0391718526192,0.2949068991556733,-13.665788980694824,-0.0838955952220366,-0.14489847697362412,19.506247113497416
1296,303.7099914550781,309.0,288.0400085449219,290.79998779296875,100118300,26.696209747315265,-21.40954988657586,-15.580559191980045,-5.828990694595815,357.12499847412107,394.86779846191405,277.5916998291016,351.67614909355507,365.99167109910576,416.42275660483864,357.12499847412107,297.8272403434035,0.33208405115339223,-11.476411630755328,-0.039630120487999076,-0.19347684223979522,19.610085995038894
1297,291.1600036621094,297.2300109863281,280.8800048828125,281.95001220703125,101748200,25.18832807115733,-24.244860208198418,-17.313419395223722,-6.931440812974696,351.7674987792969,392.14479858398437,278.1415998840332,345.03556462817187,362.6959197700048,417.54886693837653,351.7674987792969,285.98613062021724,0.3740048093547816,-16.213484287315584,-0.030433204805490277,-0.20442997442775024,19.377223145644376
1298,279.5,293.8800048828125,273.6000061035156,292.9800109863281,115697000,30.460248733610726,-25.310076538093256,-18.91275082379763,-6.397325714295626,346.4024993896484,389.27979858398436,278.7641499328613,340.07789285275817,359.96196256280183,412.97994854496187,346.4024993896484,279.825050234335,0.3843935841838385,-17.688371923142412,0.03912040539724382,-0.13268199652544077,19.441707119476696
1299,300.3399963378906,303.94000244140625,277.29998779296875,284.6499938964844,115551400,28.80910678919747,-26.520716603860592,-20.434343979810222,-6.0863726240503695,340.4049987792969,385.71239868164065,279.3279499053955,334.79904533311304,357.00855202686785,406.54092782802354,340.4049987792969,274.2690697305702,0.3885720203045913,-20.006183445946093,-0.02843203214376444,-0.13880738526685965,19.955871942973893
1300,270.92999267578125,284.3500061035156,261.8399963378906,272.0400085449219,126706600,26.469959274372144,-28.172918146636448,-21.98205881317547,-6.190859333460978,334.82299957275393,381.5559991455078,279.80039993286135,328.82199421042816,353.67645228247784,404.17381506307026,334.82299957275393,265.4721840824376,0.4142535941605591,-23.176408517585593,-0.04429996705409467,-0.10158514031737076,20.159738058375314
1301,272.9200134277344,279.54998779296875,267.7099914550781,279.1000061035156,94042900,29.90166600045704,-28.583128460129842,-23.302272742566345,-5.280855717563497,329.1675003051758,378.33539916992186,280.32594993591306,324.0865667716746,350.7518857656558,397.3140626108692,329.1675003051758,261.0209379994824,0.41405401348865717,-22.592631464015987,0.025952056083059283,-0.04023377641192605,19.565470792626407
1302,272.05999755859375,272.6499938964844,260.0199890136719,263.45001220703125,98451600,26.904165959531298,-29.827217210761546,-24.607261636205386,-5.21995557455616,323.43150024414064,374.8809991455078,280.76900001525877,318.3116568131371,347.3282828810039,393.4018908190375,323.43150024414064,253.46110966924377,0.4326751755600803,-25.66308782612971,-0.056073068986891905,-0.06561446781004487,19.53079552814193
1303,259.32000732421875,266.25,250.72999572753903,262.6700134277344,102369600,26.760180946131513,-30.52424143697516,-25.790657596359342,-4.733583840615818,317.84900054931643,371.7131994628906,281.19505004882814,313.012452681194,344.00835074558154,388.50069530105606,317.84900054931643,247.1973057975768,0.44456137744424046,-22.240964203728783,-0.0029607088371812473,-0.10345414848116774,19.244310438450434
1304,252.5399932861328,253.3699951171875,220.0,222.1499938964844,189076900,20.59419003564605,-33.954854665852224,-27.423497010257922,-6.531357655594302,310.87550048828126,367.54419921875,281.43105003356936,304.35888517788834,339.2295916534601,389.90475545543626,310.87550048828126,231.84624552112626,0.5084302548320888,-32.78976349592416,-0.1542620682219511,-0.21956789509972263,20.917574937685004
1305,225.30999755859375,237.05999755859375,217.02000427246097,230.5800018310547,174896400,24.492248880358858,-35.583227876991316,-29.055443183604602,-6.527784693386714,304.8680000305176,362.91019927978516,281.65095001220703,297.33232485914226,334.9688234251305,388.96948582701356,304.8680000305176,220.7665142340216,0.5517239315905725,-23.85072287760213,0.037947369642955975,-0.15240407811934364,20.854890534002703
1306,247.22000122070312,251.83999633789065,241.1000061035156,248.08999633789065,142215700,31.963305478047474,-35.05670330537845,-30.255695207959374,-4.801008097419075,300.8474998474121,358.7893991088867,281.9908499908447,292.64257928568975,331.56181059817993,387.6890583458711,300.8474998474121,214.00594134895312,0.5773128149145628,-14.687067829413017,0.07593891216839133,-0.11110716262085518,20.88382653206222
1307,248.1300048828125,248.2899932861328,232.6000061035156,240.67999267578125,114813500,30.58417803645196,-34.8357888669853,-31.171713939764558,-3.6640749272207387,296.0559989929199,354.96979888916013,282.3255499267578,287.6937615133175,327.99781773847803,385.0463648861063,296.0559989929199,207.0656330997335,0.6011725227382714,-14.637353340827703,-0.02986820819658209,-0.0864301327621737,20.51283800710186
1308,247.30999755859375,251.5800018310547,240.72999572753903,249.97999572753903,100242300,34.40929205334487,-33.523838122041525,-31.64213877621995,-1.8816993458215734,290.75799865722655,351.62119873046873,282.6792498779297,284.1019742956243,324.93829530667654,377.4435847321547,290.75799865722655,204.07241258229843,0.5962730963568189,-14.676774403150555,0.038640532386444715,-0.048311634566107875,19.826207374828403
1309,245.05999755859375,245.3999938964844,232.8000030517578,238.0099945068359,111900600,31.96759559180714,-33.06879033523808,-31.927469088023578,-1.1413212472144991,284.86649856567385,348.30459869384765,282.9855498504639,279.7122619347873,321.5293423341338,369.0382803205318,284.86649856567385,200.69471681081592,0.5909559894102658,-16.385034389499946,-0.04788383640805238,0.0713932074998922,19.637192039182178
1310,228.16000366210935,230.1000061035156,222.27999877929688,225.30999755859375,111477600,29.570074377960722,-33.348524272100946,-32.211680124839056,-1.1368441472618898,278.4264991760254,345.2251986694336,283.23114982604983,274.53109389895934,317.7560346958773,360.09324727597425,278.4264991760254,196.75975107607655,0.5866305710241891,-17.177624437036297,-0.05335909096824676,-0.02285542644900429,19.358106588350527
1311,231.61000061035156,241.41000366210935,229.1999969482422,235.86000061035156,111993800,33.99841007270216,-32.34605318976381,-32.23855473782401,-0.10749845193979723,272.1914993286133,341.7335986328125,283.5164998626709,270.84813263337765,314.5444255160528,346.53634381394403,272.1914993286133,197.84665484328258,0.5462686723774217,-15.492656591747528,0.046824389357219776,-0.04929660973061656,19.125385125148032
1312,233.3500061035156,238.0,230.0500030517578,236.2599945068359,99028300,34.16741900206402,-31.160117037332668,-32.022867197725745,0.8627501603930767,266.28449935913085,338.2377987670898,283.8073998260498,267.5540242403737,311.4744478294169,331.81428341888864,266.28449935913085,200.75471529937306,0.49217873528101613,-10.320750214590296,0.0016958954271570903,-0.018364626489329794,18.3271431125119
1313,234.9900054931641,249.52000427246097,234.5500030517578,248.7100067138672,132728700,39.371379993362325,-28.882700365353287,-31.394833831251255,2.5121334658979677,261.83000030517576,335.3247991943359,284.16949989318846,265.7593559045159,309.01309719743455,318.8708794428025,261.83000030517576,204.789121167549,0.4357092699166848,-5.314655651665339,0.05269623506518384,-0.005080362570515584,18.08734726309699
1314,258.0799865722656,278.6400146484375,256.3299865722656,278.3900146484375,169079900,49.599717299465276,-24.40161601086976,-29.996190267174956,5.594574256305197,259.22300109863284,332.9937994384766,284.68759994506837,266.9622757848894,307.8121919994347,307.56951048951476,259.22300109863284,210.8764917077509,0.37301095339519175,25.316237810998704,0.11933580126800525,0.16965682565251194,18.933251596773655
1315,283.6000061035156,288.20001220703125,271.2799987792969,288.1400146484375,150361500,52.4383521956575,-19.834936063500948,-27.963939426440156,8.129003362939208,258.49000244140626,330.86179992675784,285.25330001831054,268.97920329570354,307.04073406410146,304.5625951925517,258.49000244140626,212.41740969026077,0.3564748525358467,24.96314179906932,0.03502280788451673,0.27886031587881166,18.789448870413707
1316,282.6600036621094,284.8999938964844,266.510009765625,272.05999755859375,153629800,47.66980072155674,-17.313750162461645,-25.833901573644454,8.520151411182809,257.5530029296875,328.23679992675784,285.7238999938965,269.27261227312164,305.6689404756502,301.680249085385,257.5530029296875,213.42575677399003,0.34266535939201853,9.66181691101189,-0.05580626179068926,0.15348086515121206,18.992345728442192
1317,272.4800109863281,291.8500061035156,271.82000732421875,273.1300048828125,162572100,48.00860883743153,-15.055797659573386,-23.678280790830243,8.622483131256857,257.11200256347655,325.77220031738284,286.20215003967286,269.6399829978541,304.392903785735,300.4239144772596,257.11200256347655,213.80009064969352,0.3369108519396333,13.48263802332107,0.0039329829222258805,0.1560569340270166,19.066463803503243
1318,275.5799865722656,276.1000061035156,260.57000732421875,263.54998779296875,123809400,45.18771945049295,-13.879388399126242,-21.718502312489445,7.839113913363203,255.6405014038086,322.47880004882813,286.65095001220703,269.0599834545317,302.7912208056265,295.8679444756018,255.6405014038086,215.4130583320154,0.3147188559785377,5.428431193438403,-0.03507493471452938,0.05966780860640841,18.813859158917076
1319,249.30999755859375,260.55999755859375,243.36000061035156,259.1600036621094,134008900,43.914349094537314,-13.149728728028265,-20.00474759559721,6.855018867568944,254.36600189208986,319.38559997558593,287.09345001220703,268.11712823620576,301.0801926823513,292.3912175833334,254.36600189208986,216.34078620084634,0.2989803307705802,8.886185304569642,-0.016657121359109794,-0.06907579286064758,18.912154017752794
1320,263.79998779296875,277.45001220703125,259.25,268.4599914550781,146486900,47.302248511770486,-11.686324219004973,-18.341062920278763,6.654738701273789,254.18700103759767,316.2247998046875,287.54930000305177,268.14978187609836,299.8009691048112,291.9102414772711,254.18700103759767,216.46376059792425,0.29681486689473663,19.151388914849576,0.035885119854736525,-0.06830020890146471,18.86771505540773
1321,254.6000061035156,284.989990234375,251.27000427246097,282.760009765625,212787800,52.09413306029437,-9.265862539367504,-16.526022844096513,7.260160304729009,254.37000122070313,313.39859985351563,288.05075004577634,269.54123215129135,299.132696189549,292.60690374003434,254.37000122070313,216.1330987013719,0.3006400309457492,19.88468118116975,0.05326685079977622,0.03932960487778714,19.928591548729607
1322,265.2900085449219,276.29998779296875,261.510009765625,267.2799987792969,136174300,47.101097677798776,-8.498768224721971,-14.920571920221605,6.421803695499634,254.5615005493164,310.44200012207034,288.49710006713866,269.32587659205376,297.8835708009117,293.01612723833284,254.5615005493164,216.1068738603,0.30212445013119,13.129605093410529,-0.05474611137253549,-0.02141839416736946,20.02297786667749
1323,255.3800048828125,261.0,236.0,239.42999267578125,181229400,39.7242581282132,-10.0225692545568,-13.940971387088645,3.9184021325318454,253.39949951171874,306.9829998779297,288.75705001831057,266.47864955240874,295.59127361953404,292.20671840243,253.39949951171874,214.5922806210075,0.30629278246791936,-3.7312588104918083,-0.10419786826814681,-0.09151962145463999,20.827050789007444
1324,223.77999877929688,252.0,214.25,233.2899932861328,183453800,38.3000724276494,-11.59201366793718,-13.471179843258353,1.8791661753211724,253.95649948120118,303.517200012207,288.99919998168946,263.31782514609677,293.1480861554791,291.243646999557,253.95649948120118,216.66935196284538,0.29364987779031765,-16.200301371893268,-0.025644236634809525,-0.0998225420991492,22.035832875506912
1325,245.0,250.44000244140625,217.8000030517578,221.86000061035156,171603500,35.73187206176715,-13.60132692699625,-13.497209260005933,-0.10411766699031766,253.520499420166,300.0114001464844,289.20064994812014,259.36946090459725,290.352474957631,292.0732672237695,253.520499420166,214.9677316165625,0.3041392541571876,-23.00271071997926,-0.048994783337158565,-0.17358262805623392,22.793273340802735
1326,224.69000244140625,274.69000244140625,223.8800048828125,272.20001220703125,219433400,51.239611842626985,-11.00484690940712,-12.998736789886172,1.9938898804790508,254.72600021362305,297.4936004638672,289.64660003662107,260.5914181714957,289.64061367329373,294.0247246650868,254.72600021362305,215.4272757621593,0.30855683690323193,0.051464621662118834,0.22689989839624536,-0.03734614936301195,24.938753947249303
1327,260.0,262.489990234375,239.3300018310547,252.3999938964844,181722600,46.48810198528466,-10.424644972713878,-12.483918426451714,2.059273453737836,255.3120002746582,294.75960021972656,289.99569999694825,259.81128252625655,288.18019721145805,294.1016916211074,255.3120002746582,216.522308928209,0.30386108999749517,-7.589796293242257,-0.07274069589492616,-0.055671973027429766,25.505272263586964
1328,251.83999633789065,257.739990234375,241.36000061035156,252.30999755859375,128948100,46.4670101455937,-9.858450627925976,-11.958824866746568,2.100374238820592,255.42850036621093,291.8002001953125,290.32049995422364,259.0968744340982,286.7735227152673,294.16739832718577,255.42850036621093,216.6896024052361,0.30332478877990837,-4.264841872504489,-0.0003565623615964242,0.05379445047326903,24.853466360760997
1329,258.3599853515625,261.79998779296875,245.92999267578125,252.3500061035156,100135200,46.478635666588545,-9.29931248950379,-11.426922391298014,2.127609901794223,256.14550094604493,288.7552001953125,290.6004000091553,258.4543155454713,285.42358088735546,294.090993590302,256.14550094604493,218.2000083017879,0.29628076623723304,-2.6277193480335788,0.00015856900364230597,0.08170094460076327,24.21178984336289
1330,249.91000366210935,258.75,247.5399932861328,254.11000061035156,79594300,47.02366027618478,-8.61486780512908,-10.864511474064228,2.249643668935148,257.5855010986328,286.1638003540039,290.8838500213623,258.0405712659361,284.1955973470808,292.8307704088448,257.5855010986328,222.3402317884208,0.27365879802928916,-5.345299598256067,0.0069744183248166,0.14536193956223786,23.283091048398912
1331,247.61000061035156,251.97000122070312,233.88999938964844,241.5500030517578,112378700,43.6106002444106,-8.98238396529166,-10.488085972309715,1.505702007018055,257.8700012207031,283.1506005859375,291.10220001220705,256.47004095982385,282.52322110020543,292.49561620008717,257.8700012207031,223.24438624131903,0.2685509350872423,-14.574199070096746,-0.049427403598542585,-0.11260105724007641,23.064298917849214
1332,243.47000122070312,244.33999633789065,237.67999267578125,241.3699951171875,83404800,43.561800214072306,-9.182320234099365,-10.226932824667646,1.0446125905682813,258.1255012512207,280.41460021972654,291.25974998474123,255.03194135576325,280.9093691008714,292.18021684079366,258.1255012512207,224.0707856616478,0.2638616907240728,-9.693955320429435,-0.0007452201709629014,-0.04370047165619417,21.892563542439227
1333,230.2599945068359,232.2100067138672,222.7899932861328,227.5,97768000,39.860610733998826,-10.340761989845731,-10.249698657703263,-0.09106333214246831,257.0650009155273,277.4782000732422,291.240950012207,252.4098517028334,278.81488403809215,293.4666350538431,257.0650009155273,220.66336677721156,0.28320956963159294,-4.982664261254847,-0.05746362595919796,-0.09833140897570714,21.655951991626043
1334,230.9600067138672,242.7899932861328,229.8500061035156,237.97000122070312,120858500,43.74607933787726,-10.295315837968758,-10.258822093756363,-0.03649374421239493,255.04400024414062,275.0052001953125,291.1988500213623,251.03462784739241,277.2131239276063,290.9705051341535,255.04400024414062,219.11749535412775,0.2817278967991582,2.006090303594904,0.04602198338770602,-0.056984365108014745,21.20124065551938
1335,254.86000061035156,259.45001220703125,244.42999267578125,250.7400054931641,150381900,48.146474452984144,-9.123694542393395,-10.03179658348377,0.9081020410903751,253.17399978637695,273.0054000854492,291.19495002746584,251.00656857556115,276.1749624203733,285.75254774415697,253.17399978637695,220.59545182859694,0.257360929520955,13.017220230488471,0.05366224400956132,-0.013261953914025515,21.221152822005717
1336,250.5,259.5400085449219,249.1999969482422,259.510009765625,94464200,50.98233544463706,-7.402182422502477,-9.505873751287512,2.1036913287850343,252.5465003967285,271.6256002807617,291.2278000640869,251.81642011747198,275.52143486528513,284.1135653097407,252.5465003967285,220.9794354837163,0.24999011954965206,-4.6620139134139436,0.0349764859229853,0.07435316285224314,20.44392844876814
1337,261.69000244140625,286.8500061035156,259.6300048828125,284.95001220703125,167560700,58.13488625628451,-3.939662106207919,-8.392631422271593,4.452969316063674,253.13750076293945,270.59440032958986,291.34090019226073,254.97200031647762,275.891182996334,286.6090386068037,253.13750076293945,219.66596291907516,0.2644534116279359,12.896204079900425,0.09803091011549903,0.18055275291647255,20.936504726562607
1338,288.9800109863281,294.8599853515625,272.4200134277344,285.8800048828125,151731800,58.37400850729763,-1.1077774044196076,-6.935660618701196,5.827883214281589,254.25400161743164,269.19320037841794,291.4540001678467,257.9156197989857,276.2829015016861,290.4214992773305,254.25400161743164,218.08650395753278,0.2844989453839079,13.305064265803743,0.0032637046356942534,0.2566154060782968,21.043895240653
1339,285.5,293.32000732421875,279.4700012207031,292.0299987792969,108906600,60.001041062266246,1.6141577286602455,-5.225696949228908,6.839854677889154,255.89750137329102,267.9170004272461,291.7090001678467,261.16460827330104,276.9004347282591,295.61997539355974,255.89750137329102,216.1750273530223,0.3104561303419956,15.724189306935973,0.021512501019458785,0.2271714807802867,20.53004601657176
1340,279.8999938964844,284.45001220703125,270.7799987792969,282.1600036621094,128961100,56.204159537739145,2.9409829919111417,-3.592360961000898,6.533343952912039,256.5825019836426,266.47800079345706,291.8786502075195,263.1641697389018,277.10669233350814,297.5993108896172,256.5825019836426,215.56569307766804,0.31971633754346535,11.03852779677462,-0.03379788089732105,0.1253090750602297,20.581471301102347
1341,280.010009765625,290.8699951171875,279.80999755859375,280.5199890136719,99659000,55.57485326954813,3.816175599518317,-2.1106536488970553,5.926829248415372,256.4705009460449,264.8772006225586,292.0180501556396,264.81710490792756,277.2405471052793,297.2120854786445,256.4705009460449,215.72891641344535,0.3177097122851614,16.133299718304627,-0.005812356915055328,0.08096018826796669,19.901366033780306
1342,284.8999938964844,294.7799987792969,279.80999755859375,287.2099914550781,114454700,57.65758099130193,4.992054041265533,-0.6901121108645377,5.682166152130071,257.467000579834,263.5334005737305,292.17130012512206,266.94976076956095,277.6315057072322,300.1462563232975,257.467000579834,214.7877448363705,0.33153185182836464,18.991588542575418,0.023848576584252656,0.007931142836396399,19.549125689989076
1343,284.57000732421875,284.8500061035156,274.3999938964844,280.260009765625,94618900,54.7841509397222,5.302022326196379,0.5083147765476457,4.793707549648733,259.50850143432615,262.3826010131836,292.3301001739502,268.21740353109084,277.7345842977574,302.44666034435545,259.50850143432615,216.57034252429682,0.3309190926132004,23.191213083791208,-0.024198258752220814,-0.019658580597447628,19.06775939488941
1344,273.1099853515625,277.7300109863281,271.3500061035156,275.3500061035156,76715800,52.782816755846554,5.09277186041902,1.4252061933219207,3.6675656670971,261.6115020751953,261.279001159668,292.46070022583007,268.8966990141789,277.641071427395,303.30926776994636,261.6115020751953,219.9137363804442,0.31877624159480455,15.707864306873182,-0.017519458684867262,-0.057117394601597926,18.34220541397655
1345,276.8800048828125,277.9200134277344,271.0,276.2200012207031,71592600,53.109681099046966,4.940193221532411,2.128203598964019,2.811989622568392,264.3295021057129,260.74740142822264,292.64580024719237,269.5941563671812,277.5853431839953,302.2214384904604,264.3295021057129,226.43756572096538,0.2867022869781175,10.161918788118433,0.003159597232260225,-0.021051893834391544,17.526334557816394
1346,279.6300048828125,289.79998779296875,279.4100036621094,284.82000732421875,97539400,56.32805593765034,5.450393427567974,2.79264156468481,2.657751862883164,264.96050186157225,260.6278018188477,292.8123503112793,271.0442374107086,277.8690555032197,303.7650038579786,264.96050186157225,226.15599986516588,0.29290782379842906,9.752994723190959,0.031134624811778533,0.015328741191192874,17.244452558848483
1347,290.2099914550781,307.0400085449219,290.0,298.260009765625,132387800,60.85042275716174,6.860147135000716,3.6061426787479913,3.2540044562527246,267.2535026550293,260.95400177001954,293.07175033569337,273.6362157302244,278.6687007684121,308.1799749913563,267.2535026550293,226.32703031870236,0.3062745440545626,4.670993854502218,0.04718770485146129,0.038473655650225425,17.5998488918381
1348,321.989990234375,322.2099914550781,311.5,318.3800048828125,112826700,66.45125700687069,9.491490566012772,4.783212256200947,4.708278309811824,270.55700302124023,261.4620016479492,293.5837003326416,277.89752898285184,280.2260068121141,316.48570707778833,270.55700302124023,224.62829896469214,0.3395122177114184,11.368406130160222,0.06745790403815088,0.13601653389317425,18.05342980595346
1349,320.0,337.5899963378906,316.79998779296875,334.07000732421875,136992600,70.04964095190934,12.696543413943402,6.3658784877494385,6.330664926193964,274.6430030822754,262.4504019165039,294.1528003692627,283.24728882488677,282.3375362439614,327.39853043329794,274.6430030822754,221.8874757312529,0.3841752876203326,14.395784241568215,0.049280740626853614,0.21325585588920526,18.248899715879777
1350,342.5,350.0,337.0,347.67999267578125,136997300,72.77725256976039,16.14863158878353,8.322429107956257,7.826202480827273,279.3215026855469,263.9632015991211,294.7922003173828,289.38373681068623,284.8999855157975,339.969270687405,279.3215026855469,218.6737346836887,0.434250621013835,23.220863397823383,0.04073991993646375,0.2587067958123015,18.08326349872988
1351,340.3399963378906,346.1400146484375,334.7200012207031,342.82000732421875,97882600,70.31468300574994,18.28153794742218,10.314250875849442,7.967287071572738,284.38500289916993,265.23760162353517,295.34580032348634,294.47290543102264,287.17135892004933,348.39024024195453,284.38500289916993,220.3797655563853,0.4501308908014251,22.208762566118068,-0.013978329078298546,0.20363737977851026,17.7173154956119
1352,346.239990234375,351.6199951171875,342.3299865722656,349.9800109863281,95895700,71.8271522989944,20.315450196353765,12.314490739950308,8.000959456403457,289.815503692627,266.9682015991211,295.982600402832,299.75929643628984,289.63444331480537,356.66751854729915,289.815503692627,222.9634888379548,0.4613418813202913,21.855096061679916,0.0208856061756566,0.1734057517846428,17.11536499913404
1353,336.29998779296875,343.0,333.3699951171875,342.0899963378906,88869900,67.73184024994723,21.04805320921571,14.06120323380339,6.986849975412319,295.5450035095215,268.55660125732425,296.5327003479004,303.7907916650137,291.6915238255146,359.6368386657481,295.5450035095215,231.45316835329493,0.43371963251046297,22.06165147284931,-0.022544186527114873,0.07447073023258843,17.07926863270594
1354,347.8699951171875,354.989990234375,341.6300048828125,343.82000732421875,131715500,68.16050741961294,21.520172648866264,15.552997116815966,5.967175532050298,300.83750381469724,270.9900015258789,297.1675003814697,307.6030979182714,293.7357780803657,362.4722352306943,300.83750381469724,239.20277239870018,0.40975430678989655,24.866533394941122,0.005057180873010214,0.02918549940503201,16.813605541195695
1355,344.42999267578125,347.3500061035156,332.20001220703125,334.6199951171875,102354800,63.34148969056635,20.910918556306626,16.6245814047141,4.286337151592527,305.03150329589846,273.07080139160155,297.80225036621096,310.1761357467396,295.3390807092607,363.80888896619,305.03150329589846,246.25411762560688,0.38538567351368985,21.142565215551524,-0.026758222357769146,-0.037563270345476796,16.69477613800203
1356,331.8999938964844,347.2699890136719,331.3900146484375,341.0400085449219,97113400,65.19097054472572,20.707419485928995,17.44114902095708,3.266270464971914,309.1080032348633,274.9298016357422,298.5130503845215,313.11555220370934,297.131273957718,365.96915759030287,309.1080032348633,252.24684887942377,0.3679047695975435,19.73878230987695,0.019185982671137136,-0.0051922254864590345,16.63657601137577
1357,337.9200134277344,343.17999267578125,333.2099914550781,339.3399963378906,84654800,64.26635858427778,20.176387394491826,17.98819669566403,2.188190698827796,311.82750244140624,276.9030017089844,299.2065503692627,315.6131183117266,298.78651797262677,369.00862822773286,311.82750244140624,254.64637665507962,0.3667484448205219,13.773213044734556,-0.004984788190348977,-0.030401778142846947,16.160392097756294
1358,347.3500061035156,363.7900085449219,347.32000732421875,362.8900146484375,120146400,70.50683010414247,21.409040209227214,18.67236539837667,2.7366748108505448,315.6780029296875,279.16120208740233,300.0622004699707,320.11567986760383,301.30038058736443,375.6546420054034,315.6780029296875,255.70136385397166,0.37998617907548504,13.980152359758897,0.06939947711644767,0.06080276691283948,16.752507819847363
1359,364.8399963378906,365.0,355.9100036621094,356.8999938964844,91404300,67.28798969225059,21.652979759542404,19.26848827060982,2.3844914889325857,318.9215026855469,281.5390020751953,300.85250045776365,323.61894787035436,303.48075757987897,380.42858325313364,318.9215026855469,257.41442211796016,0.3857192447022429,6.833892918171748,-0.016506435862546853,0.038043122254753925,16.205185571136166
1360,365.2900085449219,367.7099914550781,356.0,358.42999267578125,88087800,67.6936878919598,21.719394070422197,19.758669430572297,1.9607246398499,322.7350021362305,284.20140197753904,301.64465042114256,326.9342854708712,305.63562954442415,384.10969107131024,322.7350021362305,261.36031320115075,0.3803410756740462,3.0919236730497164,0.004286911755287504,0.07115533412836017,15.88410027713202
1361,355.5199890136719,363.6799926757813,345.2900085449219,346.4599914550781,123474900,61.28942452438216,20.569041720081998,19.920743888474238,0.6482978316077599,326.0320022583008,286.4134017944336,302.3895003509522,328.79387651698613,307.2365849134694,385.0195022875985,326.0320022583008,267.04450222900306,0.36185098162581314,1.0617770413314571,-0.03339564619395741,0.015892513412960163,16.06309198096969
1362,343.5,348.0199890136719,333.3299865722656,342.69000244140625,81873800,59.3838755313424,19.132623612940392,19.76311983336747,-0.6304962204270765,328.8060028076172,288.542001953125,303.0638003540039,330.11731708121664,308.6269150126042,385.39940289079766,328.8060028076172,272.2126027244367,0.3442358083486268,-2.0829785462252177,-0.01088145559849063,0.009872122766748426,15.96501415671516
1363,346.6000061035156,355.3999938964844,343.0400085449219,344.2699890136719,99324500,59.94593104391817,17.915228029201785,19.393541472534334,-1.4783134433325493,332.00650177001955,290.4532015991211,303.7782502746582,331.4651905985933,310.0246826204892,384.33550371283474,332.00650177001955,279.6774998272044,0.31522877813437167,0.637257066596013,0.004610541775392996,-0.05131038298974533,15.732512535169658
1364,345.1000061035156,345.6000061035156,327.3299865722656,332.04998779296875,98912100,53.75057357535875,15.782451015456388,18.671323381118746,-2.8888723656623583,334.8415008544922,291.5264010620117,304.3678002166748,331.5208855694862,310.88842007823354,380.27479528776473,334.8415008544922,289.4082064212197,0.2713719435454083,-3.4233084987840723,-0.03549540073392177,-0.06962736488788834,15.913763034889682
1365,322.489990234375,324.54998779296875,273.2099914550781,284.70001220703125,287499800,37.554705922293316,10.15440885235654,16.967940475366305,-6.813531623009766,335.26550140380857,291.4576010131836,304.710700302124,327.0617547730619,309.8614236911276,378.6129681128445,335.26550140380857,291.91803469477264,0.2585859059612956,-14.918410028866846,-0.14259893789082123,-0.20570259737008845,18.979922556532607
1366,298.8299865722656,305.5,291.1400146484375,295.1400146484375,164747700,41.72412405249914,6.46207505776249,14.866767391845542,-8.404692334083052,335.78150177001953,291.9192013549805,305.0728003692627,324.0215890469072,309.2841135325907,376.90326252346443,335.78150177001953,294.6597410165746,0.24493166262392652,-13.458829681690679,0.036670186138995975,-0.14812670459034738,19.109927216278045
1367,285.9599914550781,309.8299865722656,281.8500061035156,308.5799865722656,140908900,46.6615289388811,4.5677135766307515,12.806956628802585,-8.239243052171833,336.29750061035156,292.62820098876955,305.51020027160644,322.5509602397985,309.25650071061716,375.74805449257514,336.29750061035156,296.846946728128,0.23461699126888633,-9.064657894024485,0.04553761352840424,-0.09953606941005766,19.74350244859747
1368,314.94000244140625,327.8299865722656,310.6700134277344,326.0899963378906,151256500,52.328388801279075,4.4282834108750535,11.13122198521708,-6.702938574342026,336.6830001831055,293.87900115966795,306.0243002319336,322.88801129675966,309.9166377940397,375.5723696816849,336.6830001831055,297.7936306845261,0.23101474964538973,-10.140818657189614,0.05674382827003055,-0.052807369959451456,19.70825227369765
1369,334.3999938964844,335.5,322.5,326.42999267578125,122611400,52.43406337331232,4.295700699292809,9.764117728032225,-5.468417028739417,336.3009994506836,295.2244009399414,306.60315017700196,323.2253428566665,310.5642203384217,375.4348549726186,336.3009994506836,297.1671439287486,0.2327311282800617,-8.537405923727944,0.0010426457165473302,-0.016925147790372908,19.22909139700496
1370,323.0799865722656,332.55999755859375,316.8599853515625,319.1099853515625,105127500,49.87088010454991,3.558939293137769,8.523082041053334,-4.964142747915565,334.8724990844727,296.2374008178711,307.0971000671387,322.8334040466566,310.89934837815275,374.3250793627574,334.8724990844727,295.419918806188,0.23562747246278146,-10.97006615732232,-0.022424432461661592,0.12086396792813847,18.97701431200684
1371,313.9700012207031,332.989990234375,313.29998779296875,325.30999755859375,128964300,52.01069552473584,3.4357347288406004,7.505612578610787,-4.069877849770187,333.9969985961914,297.0884005737305,307.6576000213623,323.0692700954125,311.464471875425,373.4823857139201,333.9969985961914,294.5116114784627,0.23644156853916679,-6.104599208600591,0.019429076154419578,0.10222261100750396,19.027942035535368
1372,331.2900085449219,332.04998779296875,326.4100036621094,329.1300048828125,83925900,53.332470064342964,3.6047831931740575,6.725446701523442,-3.1206635083493843,332.9544982910156,298.3254006958008,308.257200012207,323.6464829323077,312.1572378757147,371.7925563892302,332.9544982910156,294.11644019280106,0.23329348783429582,-3.9569282622746673,0.011742668079331553,0.06659543458672856,18.150231192595342
1373,326.0899963378906,327.260009765625,314.739990234375,316.3500061035156,88282700,48.517812152664305,2.6766613387544,5.915689628969634,-3.2390282902152343,331.66749877929686,299.86380096435545,308.8102000427246,322.95158037718465,312.3216601591579,370.91313106004486,331.66749877929686,292.42186649854887,0.23665648533661968,-8.109909025223653,-0.03882963749794621,-0.029869024943293687,17.881644296584067
1374,317.30999755859375,329.32000732421875,315.45001220703125,322.04998779296875,95137700,50.657366834595855,2.3736964726126644,5.207290997698241,-2.8335945250855765,330.57899780273436,301.63900085449217,309.389049987793,322.86571441678313,312.70316320362105,369.623112933434,330.57899780273436,291.5348826720347,0.2362165496913894,-3.011594750075685,0.0180179597897272,-0.01341789964491047,17.59509792662717
1375,327.95001220703125,332.3599853515625,317.7799987792969,322.1600036621094,108688000,50.699954151132616,2.1180563593833313,4.589444070035259,-2.4713877106519275,329.9559982299805,303.64500091552736,309.92930000305176,322.79850386871897,313.0740196921892,369.11976175032686,329.9559982299805,290.7922347096341,0.23738779552689993,13.157706304500458,0.0003416111576173275,0.009557890541051828,17.379732829887057
1376,327.5400085449219,357.5400085449219,327.4800109863281,348.67999267578125,190716800,59.724096452112725,4.009185806127562,4.47339241725372,-0.46420661112615846,330.33799743652344,305.17460052490236,310.6196999359131,325.2634075646297,314.47033235821243,370.07165088258034,330.33799743652344,290.60434399046653,0.2405636272811273,18.1405351257162,0.0823193093872907,0.07183915432226518,18.665466547953162
1377,356.1700134277344,356.260009765625,340.44000244140625,340.4700012207031,114736200,56.289020441011175,4.790223110651652,4.536758555933306,0.25346455471834606,330.3944976806641,306.9360006713867,311.22499992370604,326.7116545794938,315.489927215565,370.18236958094894,330.3944976806641,290.6066257803792,0.24085069321427385,10.334440351325004,-0.023545920693855638,0.034454459239984025,18.46221946054356
1378,342.70001220703125,343.0,320.3999938964844,327.54998779296875,119845100,51.28958576433226,4.316901145765485,4.492787073899742,-0.17588592813425752,328.62749633789065,308.44080047607423,311.7118998718262,326.79149583792,315.9628707676201,365.5193937961632,328.62749633789065,291.7355988796181,0.2245210633278278,0.44772653913777194,-0.037947582404945,0.03540376631378428,18.75777564932728
1379,324.6099853515625,331.04998779296875,323.6099853515625,325.7799987792969,80440900,50.62620199167876,3.7556736890430784,4.345364396928409,-0.5896907078853308,327.0714965820313,309.90940032958986,312.287149887085,326.6951627847178,316.3478561798427,361.6125212040638,327.0714965820313,292.53047195999875,0.21121390878137528,-0.19912198972781456,-0.0054037218123500486,0.011582087029067045,17.949363277332917
1380,324.510009765625,329.3399963378906,317.5,323.6300048828125,89067000,49.78388458968534,3.1016563828994776,4.096622794122624,-0.994966411223146,325.3314971923828,311.29980041503904,312.8239498901367,326.40324298453635,316.6334306387827,356.74279624235464,325.3314971923828,293.920198142411,0.1931033381092944,1.4164456578412323,-0.006599526995335614,0.004562953824165383,17.512979924515612
1381,319.8999938964844,325.5799865722656,316.6000061035156,317.6600036621094,76695100,47.42436376307143,2.0776637364585326,3.692830982589806,-1.6151672461312732,323.89149780273436,312.8220004272461,313.2813999176025,325.5705535252576,316.6736884044034,353.90587808408054,323.89149780273436,293.8771175213882,0.1853360182960183,-2.3516012277201788,-0.018446995428822777,-0.08896406351171315,16.903479963389497
1382,298.4599914550781,305.8900146484375,293.2099914550781,300.7099914550781,145085700,41.42170948452694,-0.10042451001999098,2.934179884067847,-3.0346043940878378,321.792497253418,314.0088003540039,313.6442998504639,323.2028809471453,316.0476610730573,352.1246502008827,321.792497253418,291.4603443059533,0.1885199512503085,-8.634889863005164,-0.05335897504131726,-0.11677977390980576,17.44251798079248
1383,312.6300048828125,316.8299865722656,303.82000732421875,315.6499938964844,119483700,47.7047440278707,-0.6139643999975988,2.224551027254758,-2.8385154272523567,320.3614974975586,315.7718002319336,314.07349983215335,322.48355837089184,316.0320662818192,348.9682624938815,320.3614974975586,291.7547325012357,0.17859053113297993,-0.2212777599258819,0.04968242780731846,-0.036330313967240624,17.348052061963553
1384,317.989990234375,318.45001220703125,312.760009765625,315.3500061035156,58042300,47.59435502827782,-1.0332443724961422,1.572991947304578,-2.60623631980072,319.52649841308596,317.3194003295898,314.49879989624026,321.8041724406655,316.0053188238465,347.691316143579,319.52649841308596,291.3616806825929,0.1762909672304009,-2.080416687908784,-0.0009503811144286889,-0.032015448200818364,16.515334231923745
1385,291.3699951171875,296.1499938964844,288.7699890136719,293.94000244140625,131177900,40.40770839524817,-3.0578857328555955,0.6468164112725432,-3.704702144128139,319.9884979248047,318.1834002685547,314.8345999145508,319.1504419645456,315.14001229904494,346.07987792905584,319.9884979248047,293.8971179205535,0.16307698666332987,-8.7596228271406,-0.06789282780315342,-0.09174057409218628,17.234240150346604
1386,297.0,304.04998779296875,294.3500061035156,297.80999755859375,103246700,42.10931016599926,-4.300577949055537,-0.3426624607930729,-3.957915488262464,320.1219970703125,318.94940002441405,315.18429992675783,317.1180186877883,314.4604038778508,345.72622668009484,320.1219970703125,294.51776746053014,0.15996544969796977,-14.589307154336431,0.013165935514200422,-0.0624882134189918,16.72536480757631
1387,297.54998779296875,300.1499938964844,293.54998779296875,295.8800048828125,75586800,41.47329667484568,-5.379147301137152,-1.3499594288618888,-4.029187872275264,319.4869979858398,319.1679998779297,315.52769996643065,315.09535070636207,313.7317607800062,346.77902822064806,319.4869979858398,292.1949677510316,0.17084908247826638,-13.096600633835584,-0.0064806174796113725,-0.016061942434617005,16.002124900143404
1388,300.04998779296875,310.4800109863281,300.0,309.8699951171875,104365300,47.64611569188931,-5.046868828360459,-2.089341308761603,-2.957527519598856,318.6759979248047,319.6477996826172,315.8574499511719,314.59769779310733,313.58031898930744,346.09864297099574,318.6759979248047,291.2533528786136,0.17210361134673066,-5.397647178957023,0.0472826483827995,-0.018311417364362148,15.901973557527134
1389,307.8900146484375,314.0899963378906,305.6499938964844,313.510009765625,79236400,49.14891205147478,-4.438650977980728,-2.5592032426054283,-1.8794477353753,318.0299987792969,320.07739990234376,316.23375,314.49410845715664,313.5775617648493,345.29985029260587,318.0299987792969,290.7601472659879,0.17149232222104582,-3.766342028254568,0.01174690904506881,-0.005834775019115224,15.368975620661356
1390,317.7300109863281,322.6000061035156,312.6700134277344,316.8999938964844,78043400,50.57190999165485,-3.641118019489511,-2.775586197982245,-0.865531821507266,317.919499206543,320.77219970703123,316.5682499694824,314.7232404037593,313.70785322099186,345.1888605658302,317.919499206543,290.65013784725573,0.17154884445493632,-2.079538635104333,0.010813001260769006,0.07811114943313968,14.980476838884204
1391,319.67999267578125,321.20001220703125,310.5,310.7799987792969,77556300,47.9624908400845,-3.4629807762365203,-2.9130651136331003,-0.5499156626034201,317.1929992675781,321.37739990234377,316.8507999420166,314.3476935823819,313.59303539974894,344.4102265398393,317.1929992675781,289.9757719953169,0.1716130389706442,-2.1658392002446325,-0.01931207079538977,0.04355126196913961,14.674729365180422
1392,312.79998779296875,323.5,312.6199951171875,321.6700134277344,97284800,52.64484072160476,-2.4152312743682955,-2.8134983457801397,0.39826707141184414,316.8199996948242,322.06660034179686,317.17405006408694,315.0450573771774,313.9097796361405,343.57315383057505,316.8199996948242,290.0668455590734,0.16888551329790238,6.970178101244562,0.03504091219258654,0.08716374246085468,14.535105926289187
1393,323.1499938964844,324.3399963378906,317.05999755859375,319.4100036621094,73922900,51.60701919997759,-1.7471065886880979,-2.6002199943617317,0.8531134056736338,316.9729995727539,322.84960021972654,317.50000007629393,315.4607665471709,314.12547469598246,343.7486427149007,316.9729995727539,290.1973564306071,0.16894589241504823,1.1911958936574774,-0.007025863995037018,0.03078713233049246,14.016883987218307
1394,321.6600036621094,330.8999938964844,321.4200134277344,329.6499938964844,94255000,55.85357028491537,-0.38687171267866916,-2.157550338025119,1.77067862534645,317.3529998779297,323.93559997558594,317.84595008850096,316.81212153281984,314.73427937051196,344.6173271186117,317.3529998779297,290.08867263724767,0.1718233465646726,4.5346400875840445,0.03205907804067243,0.05148155921058262,13.836391576300928
1395,334.3999938964844,338.0,326.8800048828125,328.489990234375,75768800,55.2619747593166,0.5907122622906513,-1.6078978179619652,2.1986100802526165,317.669499206543,324.9809997558594,318.18025001525876,317.9242995043965,315.2737190122321,345.29426900378536,317.669499206543,290.0447294093006,0.17392144896656417,11.754095225557439,-0.0035188948387289143,0.03657304058414246,13.642363257792825
1396,329.739990234375,335.4100036621094,321.54998779296875,332.1099853515625,77370400,56.79975220528303,1.6386684085831007,-0.958584572652952,2.5972529812360525,316.840998840332,325.92679931640623,318.55069999694825,319.2753172041266,315.9339647510294,341.5342700270977,316.840998840332,292.14772765356633,0.15587169133505696,11.517406424953974,0.0110201078413521,0.06863371727925549,13.657909872889096
1397,330.8999938964844,336.20001220703125,328.6700134277344,332.55999755859375,92553800,56.99763589614163,2.4769407971670603,-0.2714794986889496,2.7484202958560098,316.44549865722655,326.6127990722656,318.9683999633789,320.540524856933,316.58596603760054,339.83103679015034,316.44549865722655,293.05996052430277,0.147801363787165,12.396914989341333,0.0013550095657464123,0.03385452070839645,13.22020193763251
1398,310.0,310.1499938964844,300.4100036621094,305.29998779296875,156966000,43.88415703572459,0.9308919944161289,-0.0310052000679339,0.9618971944840629,315.33299865722654,326.35119873046875,319.2915998840332,319.08904513655546,316.14337865545815,338.6163685906861,315.33299865722654,292.049628723767,0.14767480747404454,-1.4748144048249823,-0.08197020076301287,-0.04417524719753929,14.572329934693357
1399,308.739990234375,323.6300048828125,308.010009765625,316.05999755859375,148227000,48.88329655627871,0.5673400989840047,0.08866385974245383,0.4786762392415509,314.8469985961914,325.9909985351562,319.6214998626709,318.8005644148448,316.1401088085223,337.6384065033706,314.8469985961914,292.05559068901215,0.1447776730208597,0.8133672653307241,0.03524405566934252,-0.041225531895984546,14.840736160061242
1400,318.45001220703125,330.489990234375,315.69000244140625,325.5899963378906,112673800,52.886604808192764,1.0362684014926913,0.27818476809250137,0.7580836334001899,314.9449981689453,325.54919860839846,320.04529983520507,319.4471769789444,316.5106926332034,337.90287304742344,314.9449981689453,291.98712329046714,0.14578974114180346,2.742190788506246,0.030152499060024596,-0.008828256515260202,14.837825562411778
1401,325.54998779296875,326.25,318.25,321.20001220703125,87358900,50.908710507218785,1.0416548798967824,0.4308787904533576,0.6107760894434249,315.1219985961914,325.1167987060547,320.4287998962402,319.61411366733364,316.69458751845156,338.215060140487,315.1219985961914,292.0289370518958,0.14656584844708276,3.3528584428415025,-0.013483166498468035,-0.032850482146696836,14.349409450810937
1402,322.17999267578125,324.45001220703125,311.6199951171875,319.0400085449219,83931900,49.919466232801035,0.8616963599608312,0.5170423043548523,0.34465405560597884,316.0384994506836,324.49799865722656,320.81874992370604,319.5594369890087,316.78656481360724,338.20736425355653,316.0384994506836,293.8696346478107,0.14029217858840182,-0.8176095915149239,-0.006724793213012448,-0.04065428528062753,14.240881425027567
1403,319.6099853515625,321.3699951171875,306.1000061035156,308.2699890136719,85270900,45.202914791442076,-0.14826354117087703,0.38398113524970645,-0.5322446764205835,315.669499206543,323.8215985107422,321.16624984741213,318.48425146754806,316.4525814489039,338.09612814395166,315.669499206543,293.2428702691343,0.14208929905346926,-3.4876849568625476,-0.03375758288237862,0.009728140646756867,14.314389109930731
1404,306.2099914550781,309.30999755859375,297.82000732421875,302.6300048828125,89121400,42.91615012675666,-1.3877663169845391,0.029631644802857345,-1.4173979617873964,315.0334991455078,322.99779846191404,321.5903998565674,316.97432322138275,315.9105196227827,338.17050345593685,315.0334991455078,291.8964948350787,0.14688599385897394,-8.196568940983086,-0.01829559909125389,-0.04249190906638378,14.112646333105321
1405,309.0799865722656,312.1199951171875,303.0,309.260009765625,78683900,46.35196311473468,-1.8141824462211957,-0.3391311734019533,-1.4750512728192424,315.79949951171875,322.4905987548828,322.04089988708495,316.2396267017868,315.6497153146589,337.0280995008703,315.79949951171875,294.5708995225672,0.1344435315570462,-5.854053712574183,0.021907956170373222,-0.05015506236659284,13.782456611767442
1406,308.95001220703125,312.45001220703125,305.5,308.7200012207031,57961300,46.108535938436326,-2.170672318053107,-0.7054394023321842,-1.465232915720923,316.3449996948242,321.8441986083984,322.4866498565674,315.5234718940645,315.3779618207783,336.21363323632715,316.3449996948242,296.47636615332124,0.12561370377701617,-7.042842781766824,-0.0017461311772288823,-0.03885432911591569,13.294424868572
1407,307.8900146484375,320.4700012207031,306.92999267578125,319.9100036621094,78523600,51.76188137465284,-1.5325867258086987,-0.8708688670274871,-0.6617178587812116,317.54649963378904,321.4555987548828,322.9795498657227,315.9412368243545,315.5556889518109,335.0897843467334,317.54649963378904,300.0032149208447,0.11049269781387079,-3.8038230663192056,0.03624644466558724,0.00272691541463832,13.311966559739847
1408,319.7900085449219,322.3999938964844,316.1600036621094,322.2699890136719,66658700,52.88445180616763,-0.8269358009819143,-0.8620822538183727,0.03514645283645834,318.16649932861327,320.6431982421875,323.4864498138428,316.543975128099,315.81899483658975,335.4553907360688,318.16649932861327,300.87760792115773,0.1086782640154643,5.558467703644617,0.007377028928595486,0.045414735455740596,12.806825393642358
1409,321.42999267578125,335.1499938964844,320.9800109863281,329.6499938964844,91200300,56.30859028684595,0.32406671824901423,-0.6248524594048953,0.9489191776539095,318.97349853515624,320.0981982421875,324.031199798584,317.7921673917548,316.36138695658565,336.8155366953376,318.97349853515624,301.1314603749749,0.11187160213697098,4.299815365078334,0.02290006868278205,0.08928390634674455,12.904193787679064
1410,335.0,346.6400146484375,334.1499938964844,339.0299987792969,105320200,60.26160551309938,1.9704187485460238,-0.10579821781471149,2.0762169663607355,320.0799987792969,319.7101983642578,324.6320997619629,319.81481800009215,317.25035212610373,339.9050766015794,320.0799987792969,300.25492095701435,0.12387576791983444,4.127891702009938,0.02845443669493286,0.09626200631705761,13.196038570841496
1411,345.0,345.260009765625,332.94000244140625,340.8399963378906,80522100,60.99495803052261,3.382228050477977,0.5918070358438262,2.7904210146341506,321.58299865722654,319.59779846191407,325.2464497375488,321.8172159370253,318.1754362128405,342.86433263453864,321.58299865722654,300.30166467991444,0.13235360119267842,6.114565188185708,0.005338753399730889,0.10404248182878506,13.133464910368444
1412,341.5,348.9800109863281,338.20001220703125,339.3800048828125,67838900,60.03257828408876,4.333335985199312,1.3401128257149235,2.9932231594843888,322.46849822998047,319.5315985107422,325.87509979248046,323.48986250329074,319.00698792538844,345.1202952819841,322.46849822998047,299.8167011779768,0.14048998383618028,6.375374809779284,-0.004283509772223915,0.06086087023795428,12.965360186720474
1413,335.760009765625,340.4700012207031,330.3999938964844,335.5799865722656,75000700,57.49005285982028,4.725987909450737,2.0172878424620864,2.7087000669886505,323.2769973754883,319.35779846191406,326.25059967041017,324.64130289081214,319.6569094409523,346.5793700812376,323.2769973754883,299.974624669739,0.14416350618775042,8.859116531574712,-0.011196942235471519,0.04130076647636316,12.758549267970352
1414,337.6600036621094,339.29998779296875,327.0199890136719,330.55999755859375,74319800,54.2229471393782,4.579308807309815,2.529692035431632,2.0496167718781826,323.32249755859374,319.32799865722654,326.5574496459961,325.2049880972675,320.08448152399706,346.6779614600686,323.32249755859374,299.96703365711886,0.14447162865455912,9.229089060946414,-0.014959143019665277,0.0027605147245812756,12.724367090207961
1415,329.6199951171875,336.2699890136719,329.5899963378906,335.1600036621094,56956600,56.653816766083686,4.779155481328189,2.9795847246109437,1.7995707567172454,323.65599822998047,320.33719848632813,326.9206996154785,326.15308481772865,320.67567847058973,347.4828217132134,323.65599822998047,299.8291747467475,0.14723548220047075,8.37482800188517,0.013915797850586165,-0.011414904672511939,12.292626060606054
1416,335.7900085449219,340.54998779296875,327.8500061035156,329.30999755859375,75956000,52.81288720230753,4.414600046944429,3.266587789077641,1.148012257866788,323.51599884033203,321.0205981445313,327.26964965820315,326.45374317400154,321.0142792191389,347.17479593604145,323.51599884033203,299.8572017446226,0.1462604457307595,6.669472744388496,-0.017454368181154756,-0.033828185961681134,12.321722891237986
1417,329.2200012207031,331.3699951171875,314.6000061035156,323.8999938964844,77481800,49.472499000647105,3.6471036162254222,3.3426909545071974,0.3044126617182248,323.08299865722654,321.3269982910156,327.6013996887207,326.21052895709516,321.1274445006035,346.3780503047142,323.08299865722654,299.7879470097389,0.1442047507563369,1.2472227153575506,-0.016428300696053943,-0.04561261937536176,12.63945618569755
1418,322.0799865722656,324.8999938964844,318.67999267578125,320.1099853515625,55744400,47.219278514717594,2.7018894504976743,3.214530653705293,-0.5126412032076186,323.82349853515626,321.20739807128905,327.95269958496095,325.62952480418727,321.08754414181755,345.70926417233994,323.82349853515626,301.9377328979726,0.1351709541536414,-0.6702466055620648,-0.011701168929731831,-0.04609929626232856,12.180923688197948
1419,321.6600036621094,340.25,319.69000244140625,340.010009765625,94016300,58.02846083006463,3.518012613508006,3.2752270456658357,0.2427855678421702,325.0209991455078,321.47899841308595,328.4078496551514,326.9990948005147,321.829601617261,347.68367653276204,325.0209991455078,302.35832175825357,0.1394536195927971,3.142732006964285,0.062166209505171155,0.028587888059129707,12.779428964654793
1420,338.8999938964844,349.5299987792969,335.0299987792969,346.6000061035156,86670000,60.88522630636553,4.643031749789316,3.548787986490532,1.0942437632987838,326.0714996337891,322.028798828125,328.9266497039795,328.86584825794336,322.8009900284867,350.6122554891618,326.0714996337891,301.53074377841637,0.15052377090873892,2.2328429199407527,0.019381771561470362,0.03413295833753316,12.902326895750878
1421,344.92999267578125,351.8999938964844,343.7200012207031,351.6700134277344,76651600,62.97328623301461,5.875989984992543,4.0142283861909345,1.8617615988016087,327.5949996948242,322.5559991455078,329.42779975891114,331.03767351220915,323.93310859316307,354.4143022948372,327.5949996948242,300.77569709481116,0.16373450525799804,3.1774490101529773,0.01462783391499567,0.06789959623124453,12.56501730861019
1422,351.94000244140625,355.3900146484375,349.1600036621094,349.6000061035156,65519000,61.52907570493792,6.609891266083139,4.533360962169375,2.0765303039137635,329.1229995727539,322.96539916992185,329.7331497955322,332.8055147113812,324.93965359356906,357.2680230074143,329.1229995727539,300.9779761380935,0.17103042613974984,3.0113739977792973,-0.0058862207330171445,0.07934551618190144,12.112516857018615
1423,350.9100036621094,353.54998779296875,340.260009765625,345.9800109863281,67903200,58.98159193719439,6.820784211821945,4.990845612099889,1.8299385997220554,331.00850067138674,323.5579992675781,329.9784998321533,334.0602286423285,325.76476564818705,358.3541409719875,331.00850067138674,303.662860370786,0.16522621168420382,3.0991193844102805,-0.010354676927882056,0.08081605328978947,12.196621226327553
1424,347.2300109863281,348.75,331.70001220703125,333.8699951171875,81145700,51.32582990596991,5.942242841152279,5.181125057910367,0.7611177832419118,332.5705001831055,323.7943994140625,330.0417498016357,334.04211116374364,326.0826177842263,356.6244915150996,332.5705001831055,308.5165088511114,0.14465499085908423,1.001330343368917,-0.03500206799409333,-0.018058334966873257,12.543290266801923
1425,328.2300109863281,333.3299865722656,325.6000061035156,329.3599853515625,58392000,48.7861113534186,4.826436226519036,5.1101872916321005,-0.2837510651130648,333.5754989624023,323.9383990478516,329.9385497283936,333.5961944197264,326.2111420025532,355.20742206715926,333.5754989624023,311.9435758576454,0.1296973139336897,-1.7305222124278727,-0.01350828116207925,-0.04974039367675087,12.23805446300692
1426,335.20001220703125,343.3299865722656,328.510009765625,334.0899963378906,88733300,51.49685744028201,4.274549456396414,4.9430597245849635,-0.6685102681885491,334.84399871826173,323.64659912109374,329.9665497589111,333.64322317383727,326.5201166823703,353.22870754380506,334.84399871826173,316.4592898927184,0.10981059177358739,1.451519484599424,0.014361219324440011,-0.049990094175192734,12.422477487552184
1427,336.1499938964844,338.8900146484375,331.4800109863281,338.5299987792969,60711000,53.9602831705459,4.147634951410907,4.783974769950152,-0.6363398185392448,335.7749984741211,323.6077990722656,330.0079998016357,334.10863037435723,326.99109245087726,352.8818086396933,335.7749984741211,318.6681883085489,0.10189448436191807,4.516827773540534,0.01328983953448204,-0.031664780122861225,12.064443642877697
1428,348.0,355.8699951171875,344.67999267578125,350.8399963378906,108989800,60.02266002968993,4.982928122248438,4.82376544040981,0.15916268183862847,337.20349884033203,324.07359924316404,330.2062998199463,335.70209379945567,327.92634358370134,354.332254687666,337.20349884033203,320.07474299299804,0.10159299002674088,9.599828931477637,0.036363092201525005,0.014047011958024713,12.44126883537862
1429,354.6400146484375,358.44000244140625,344.8399963378906,346.3999938964844,75208300,57.102060623115754,5.226386359091521,4.904289624146152,0.3220967349453687,338.040998840332,324.48599914550783,330.3346997833252,336.7209414277441,328.65080045871247,355.2483422946192,338.040998840332,320.8336553860448,0.10180625139150523,1.8793517682800298,-0.01265534855703887,0.037529574273060584,12.524035783102692
1430,348.44000244140625,350.7699890136719,343.82000732421875,346.9700012207031,53816000,57.388718093824,5.403040703175918,5.004039839952106,0.39900086322381245,338.43799896240233,324.95279907226563,330.37584983825684,337.69704236040684,329.36920048859446,356.07920144103133,338.43799896240233,320.79679648377333,0.1042507196751792,0.10674988767224579,0.001645517708609212,0.0534673811402544,12.125889062127722
1431,350.54998779296875,356.3299865722656,346.07000732421875,347.7900085449219,72121700,57.82533490632044,5.545285680066627,5.1122890079750105,0.4329966720916163,338.7854995727539,325.5553991699219,330.38479988098146,338.65827723512257,330.0915851182544,356.87049602183134,338.7854995727539,320.70050312367647,0.10676369839845344,-1.1033084239949884,0.0023633378140295314,0.04100695129217624,11.992609789693375
1432,350.1700134277344,368.989990234375,347.6000061035156,368.80999755859375,103756000,67.12456176307657,7.270345276384262,5.543900261656861,1.7264450147274006,340.25699920654296,326.9173992919922,330.51869987487794,341.5298696468817,331.60995423356184,362.58700727689046,340.25699920654296,317.92699113619545,0.13125377654196457,5.494848718449421,0.06043873744853956,0.08944554068615296,12.663850814062375
1433,370.94000244140625,396.69000244140625,370.239990234375,395.94000244140625,168156400,74.83656490095248,10.703251671257647,6.575770543577018,4.127481127680628,343.275,328.5231994628906,330.80019981384277,346.71178705588403,334.13270122210474,376.1070030713796,343.275,310.44299692862035,0.19128688702282212,14.440138120306715,0.07356092584909457,0.12854864489304196,13.750718961830241
1434,423.1300048828125,425.7000122070313,402.4299926757813,410.0400085449219,163823700,77.75697361675535,14.395663132236507,8.139749061308917,6.25591407092759,347.2490005493164,330.41699951171876,331.0875998687744,352.74304624531624,337.10945837201916,390.5381299006781,347.2490005493164,303.9598711979547,0.24932615663620172,22.814273382368157,0.03561147147692467,0.18371829032842069,14.89423973352987
1435,414.5,423.25,411.4299926757813,421.6199951171875,104285700,79.8276128649957,18.048284566036216,10.121456162254377,7.926828403781839,351.57200012207034,332.97059936523436,331.5027498626709,359.3027556616849,340.42359706790813,405.20198815330053,351.57200012207034,297.94201209084014,0.30508679879290257,28.011906081166977,0.028241113869250656,0.21514826536545595,14.77393628506903
1436,415.75,428.30999755859375,409.6700134277344,425.8599853515625,106133500,80.54186771833362,21.042579388239233,12.305680807451349,8.736898580787884,356.3994995117188,335.53159912109373,331.94089973449707,365.6415394416732,343.77404366726716,417.9428030716178,356.3994995117188,294.85619595181976,0.34536133549129977,27.468643185849213,0.01005642588937583,0.22447446703046037,15.050082559768342
1437,428.8699951171875,432.2200012207031,416.55999755859375,416.8500061035156,90454500,74.50482919716677,22.429990612192398,14.33054276839956,8.099447843792838,361.0470001220703,337.9509991455078,332.3606996917725,370.51853626661057,346.63976768437493,426.01461006554183,361.0470001220703,296.07939017859877,0.35988450213687373,23.13532260261494,-0.021157139806429193,0.13025679581066574,15.0936483527927
1438,421.8200073242187,429.4700012207031,421.7200012207031,426.0700073242187,93131000,76.4501129118176,23.99687995212986,16.26381020514562,7.733069746984238,366.3450012207031,340.2749993896484,332.765249710083,375.80915255781133,349.7546790428002,434.3078258872853,366.3450012207031,298.382176554121,0.371031811216871,21.442826294489745,0.02211827056663984,0.07609740035618473,14.916958835963756
1439,431.1099853515625,444.9800109863281,429.1300048828125,434.2099914550781,97108800,78.04296682324333,25.60037455138439,18.131123074393376,7.469251476991015,371.0550003051758,342.6889990234375,333.15084968566896,381.3711372146939,353.0666520785758,443.9428195623892,371.0550003051758,298.16718104796234,0.3928680071540151,25.34930690121035,0.019104804353584415,0.05894542582790008,15.20217632354559
1440,439.8800048828125,440.9700012207031,423.7200012207031,425.8500061035156,83422700,72.61101084701296,25.898038160346516,19.684506091584005,6.213532068762511,375.01750030517576,344.8679992675781,333.52299964904785,385.60721996601023,355.9209012560245,450.71900461572164,375.01750030517576,299.3159959946299,0.40372251561029937,22.733955271435107,-0.019253323313789705,0.01003275706872575,15.348449443292335
1441,429.8299865722656,444.2099914550781,429.0299987792969,442.7900085449219,93133600,76.22246377170413,27.18745527767578,21.18509592880236,6.002359348873419,379.57350006103513,347.5081994628906,333.94729972839355,391.05319983066846,359.32753291441264,459.93076958720104,379.57350006103513,299.2162305348692,0.4234082174506098,27.31533329478309,0.03977927016229388,0.03975490484127797,15.563559151025917
1442,435.239990234375,435.3500061035156,419.0799865722656,423.3900146484375,96746400,65.56084171942501,26.34027595304127,22.216131933650146,4.1241440193911245,383.26300048828125,349.5425994873047,334.2167998504639,394.1328964799798,361.8397871000607,464.5472943844799,383.26300048828125,301.9787065920826,0.42416979354981615,14.798952699532633,-0.04381307961359793,0.015689117066482128,16.145449352570942
1443,428.2999877929687,440.4700012207031,421.0199890136719,440.3999938964844,101628200,69.57878441184987,26.733278804490453,23.11956130781821,3.613717496672244,387.98399963378904,351.9623992919922,334.4726998138428,398.5392867101231,364.9205795234499,471.00753873193474,387.98399963378904,304.96046053564334,0.42797403592163646,11.228971859608352,0.0401756741055197,0.03363293901455311,16.381489556460966
1444,444.3500061035156,450.9800109863281,439.5,443.2099914550781,79491500,70.19736001666504,26.960693620932545,23.887787770441076,3.0729058504914697,393.4509994506836,354.23359924316406,334.73979972839356,402.793639542976,367.9907525403765,475.89899902589525,393.4509994506836,311.0029998754719,0.41910174171788306,8.089450350921625,0.00638055766924972,0.020727298259167526,16.031383944308622
1445,441.5199890136719,445.0,433.1199951171875,444.7200012207031,74358000,70.54397620599775,26.952079870150044,24.50064619038287,2.451433679767174,399.2190002441406,356.5581994628906,334.9584497833252,406.7866263694262,370.99974268470305,479.0235351540624,399.2190002441406,319.4144653342188,0.39980329022976213,5.478868737497868,0.0034069849388267404,0.044311365144375614,15.734856868487471
1446,443.7999877929687,462.2900085449219,440.75,459.4599914550781,98122300,73.7530195149294,27.814024672476876,25.163321886801672,2.650702785675204,405.4875,359.1051995849609,335.1318997955322,411.80313732996444,374.46877204824716,483.519707516405,405.4875,327.45529248359503,0.3848809520214802,7.889918578703192,0.033144428390707636,0.03764760403003775,16.14951055966136
1447,470.5400085449219,470.75,435.5700073242187,436.0,137009000,62.14804333382413,26.30091629984952,25.39084076941124,0.9100755304382773,410.36100006103516,361.17399963378904,335.22139976501467,414.1076004413964,376.88176137968844,483.0491183184888,410.36100006103516,337.6728818035815,0.35426426120729,4.593977117929774,-0.051059922281332826,0.02978337919006724,17.508830710812784
1448,443.2900085449219,446.7699890136719,416.5799865722656,429.8299865722656,133188200,59.49649953200538,24.323512186890866,25.17737505290717,-0.8538628660163035,414.3104995727539,363.664599609375,335.18939964294435,415.60497054909825,378.95816236763267,482.0484258810643,414.3104995727539,346.57257326444346,0.326991115977815,0.8824792131368612,-0.014151406944344913,-0.024000925228675696,18.414628691569458
1449,440.75,453.5499877929687,436.69000244140625,453.25,85324900,65.51144929476976,24.365336107589883,25.014967263843715,-0.6496311562538324,419.6529998779297,366.4083996582031,335.140549697876,419.1902114491841,381.8715677649804,481.7428300030819,419.6529998779297,357.56316975277747,0.29591033612633844,4.384977066307718,0.054486690457546505,0.02265293819744474,18.79358387222186
1450,447.8200073242187,452.6799926757813,432.4500122070313,433.0899963378906,102296100,57.58406493428486,22.51223106833868,24.51442002474271,-2.00218895640403,423.95899963378906,368.55839965820314,334.90669975280764,420.51400048620377,383.88013359136903,476.4997208449805,423.95899963378906,371.4182784225976,0.24785755819112473,1.7001268358829382,-0.044478772558432134,-0.02615129711029307,18.93689843798949
1451,437.5700073242187,441.3299865722656,425.2300109863281,438.69000244140625,71192100,59.06583633035267,21.25054263765776,23.86164454732572,-2.611101909667962,428.5039993286133,370.90819946289065,334.89949974060056,422.24504829146116,386.02954021293914,468.012944449089,428.5039993286133,388.9950542081376,0.1844040904279956,-0.9259481976544356,0.012930352007360923,-0.04520521786433407,18.734261091414346
1452,431.80999755859375,436.3500061035156,426.1799926757813,435.5400085449219,69339900,57.84178468718642,19.768587315465595,23.043033100953696,-3.2744457854881013,431.8404998779297,373.23819946289063,334.89634971618653,423.51123498226696,387.9711272063502,460.36512286483327,431.8404998779297,403.3158768910261,0.1321072154879719,2.869693066940452,-0.007180455170972544,-0.001055026273114934,18.289671711000818
1453,436.5400085449219,443.1300048828125,411.4500122070313,413.489990234375,112107900,50.02645913102719,16.62325234236016,21.75907694923499,-5.135824606874831,432.71799926757814,375.3425994873047,334.85849967956545,422.55683072056297,388.9718669329394,457.6208744716049,432.71799926757814,407.81512406355137,0.11509978899041672,-6.11035513965846,-0.05062684914805626,-0.03801502186526362,19.24612320848513
1454,423.5299987792969,436.8900146484375,419.7000122070313,435.8999938964844,79552800,56.46466599084576,15.757212386706613,20.558704036729317,-4.8014916500227045,434.01099853515626,378.0079992675781,334.8849996185303,423.8276081658888,390.81218563739213,456.65238917980975,434.01099853515626,411.3696078905028,0.10433556163816646,-1.6493304978515269,0.054197209585187034,-0.038279108888065405,19.542830437454942
1455,426.7900085449219,434.2000122070313,417.8599853515625,429.239990234375,72669400,54.22867019514691,14.367839338585213,19.320531097100496,-4.952691758515282,434.3919982910156,380.4075988769531,334.71979957580567,424.3430731247923,392.3191583666856,456.4350706260679,434.3919982910156,412.34892595596335,0.10148931113728658,-3.480844338873302,-0.015278742269702716,-0.00888962140910754,19.435486016559725
1456,434.8999938964844,440.510009765625,426.3299865722656,435.1499938964844,71558200,55.89766049551403,13.58701642391668,18.17382816246373,-4.586811738547052,434.8564987182617,382.93619873046873,334.624899520874,425.3723036744772,393.9987989756973,456.5495818990473,434.8564987182617,413.1634155374761,0.09977122680574353,-5.290993342337743,0.013768529951932784,-0.00806949902031262,19.060095814902557
1457,434.7300109863281,439.3500061035156,421.30999755859375,428.75,77189900,53.617611199590286,12.309881961434996,17.001038922257987,-4.69115696082299,435.4514984130859,385.11299865722657,334.61034950256345,425.69398903881273,395.36159117272877,455.74398148942146,435.4514984130859,415.1590153367504,0.0932020358193156,-1.662844036697248,-0.01470755828163206,-0.015589861807658867,18.987232438475367
1458,425.5,441.4599914550781,423.6000061035156,439.30999755859375,89331600,56.75222011531755,12.011387450359223,16.003108627878234,-3.991721177519011,436.1134979248047,387.453798828125,334.7198494720459,426.99075175498234,397.08505808982153,455.99834200541994,436.1134979248047,416.2286538441894,0.09119114255915023,2.2055257386595315,0.02462973191508744,0.06244409280520524,18.90671478941016
1459,443.8699951171875,449.7999877929687,440.6099853515625,447.4299926757813,63719000,59.044257464762886,12.288391219401944,15.260165146182977,-2.971773926781033,436.77449798583984,389.80939880371096,334.93779945373535,428.93734612839177,399.0593692500553,457.23292615374527,436.77449798583984,416.3160698179344,0.09367959101205897,-1.2840611857073785,0.018483519979771268,0.026451018446297603,18.305520178336216
1460,445.760009765625,449.2999877929687,442.0499877929687,442.6000061035156,54412200,57.10555540883133,11.98008024386263,14.60414816571891,-2.6240679218562786,437.6119979858398,391.8807989501953,335.25439949035643,430.23855184030833,400.766845205093,457.5784714473646,437.6119979858398,417.645524524315,0.0912519471743134,2.195850711408588,-0.010794954856246375,0.031124816357035456,17.515840165597915
1461,443.4500122070313,445.5400085449219,429.0,438.9700012207031,84023500,55.62724071757886,11.312427890678805,13.945804110710888,-2.6333762200320834,437.4209976196289,393.84339904785156,335.39704948425293,431.070118447965,402.2650081860973,457.25835162205044,437.4209976196289,417.5836436172074,0.09070142544767197,0.06382611359698655,-0.008201547294971134,0.008778599052738256,17.446137906978198
1462,420.0,449.3999938964844,413.8999938964844,448.9800109863281,126709800,58.79498817813828,11.458941180562647,13.44843152468124,-1.9894903441185932,438.70049743652345,396.0353991699219,335.58669960021973,432.7758224992377,404.096969080224,458.0478640807568,438.70049743652345,419.3531307922901,0.08820307593579964,3.0858249937376394,0.022803402824313368,0.04718369909347664,18.73569948505118
1463,446.8299865722656,451.6799926757813,430.1700134277344,433.7200012207031,94727800,52.626946728243084,10.22582185451796,12.803909590648585,-2.578087736130625,438.3664978027344,397.9981994628906,335.7834996795654,432.8657442822344,405.2586566151448,457.8153482549484,438.3664978027344,418.9176473505204,0.08873328846843591,4.892503195751201,-0.03398817183887881,-0.012724491518418146,18.933862325265164
1464,439.9800109863281,460.1600036621094,438.69000244140625,452.4200134277344,105867500,58.38794682861328,10.634908007556476,12.370109274030163,-1.7352012664736876,438.8269989013672,400.4353997802734,336.07089973449706,434.7280556294249,407.10812158818754,459.13014922336356,438.8269989013672,418.5238485793708,0.09253373367102152,3.7898645933849457,0.043115401997602554,0.011152629089773436,19.470015190703812
1465,454.7799987792969,467.0,451.6000061035156,460.5499877929687,80185700,60.629599431140626,11.482766532576193,12.19264072573937,-0.7098741931631771,439.61849822998045,402.9431994628906,336.39994972229005,437.1872872640481,409.2038810471986,461.91522853418854,439.61849822998045,417.32176792577235,0.10143672476922873,7.294287175222819,0.017969970655449252,0.04055576466769173,19.17929938397385
1466,462.5,465.7000122070313,452.6499938964844,461.510009765625,67983500,60.89747349346532,12.092768365865311,12.17266625376456,-0.07989788789924823,439.7209991455078,405.58719970703123,336.6909497833252,439.50373702610307,411.25510178125455,462.39726077062113,439.7209991455078,417.04473752039445,0.10313931638097436,6.057684991123147,0.0020845119924046696,0.05134749181548126,18.741493593014784
1467,451.0499877929687,455.05999755859375,439.6099853515625,440.1000061035156,72447900,52.343907304685175,10.724960183962196,11.883125039804087,-1.1581648558418909,439.9259994506836,407.91119995117185,336.909649887085,439.5605245572852,412.38627449977463,462.538038348509,439.9259994506836,417.3139605528582,0.10279928408896077,2.6472317442602042,-0.04639120107705208,-0.019778174229415524,18.967102937375337
1468,446.75,458.0,443.69000244140625,456.55999755859375,83135800,57.308533619119174,10.844141579925065,11.675328347828284,-0.831186767903219,441.2625,410.6402001953125,337.0513498687744,441.17952198598124,414.11857736482636,464.48127368953914,441.2625,418.04372631046084,0.10523791933164114,3.92661220911533,0.03740057084027071,0.05266069416583874,18.890880863025984
1469,455.989990234375,474.0700073242187,453.7999877929687,468.3699951171875,84595200,60.4890015667458,11.756045423830244,11.691471763028677,0.06457366080156746,442.01849975585935,413.20739990234375,337.32409980773923,443.76909085561994,416.24608394335036,467.61241575514066,442.01849975585935,416.42458375657804,0.11580472769088908,4.680062307888204,0.02586735066967427,0.03525481016767795,18.989390767899128
1470,454.4599914550781,460.2200012207031,443.6000061035156,444.260009765625,87756600,51.975967773810005,10.413224299997921,11.435822270422525,-1.022597970424604,442.5770004272461,415.1605999755859,337.4128998565674,443.8158450375252,417.3446692697141,467.85272164240337,442.5770004272461,417.30127921208884,0.11422067206726555,0.37505730664656434,-0.05147636612701911,-0.0353707055892194,19.402290642597183
1471,452.0499877929687,466.3299865722656,440.7099914550781,462.0700073242187,85573000,56.81133355144338,10.663227791128236,11.281303374563668,-0.6180755834354326,443.7460006713867,417.3685998535156,337.6028998565674,445.55433668387695,419.09860409538095,470.3236143635873,443.7460006713867,417.1683869791861,0.11978750750198866,5.262319985256,0.040089130615176494,0.0012134028444541478,19.846412390782206
1472,461.9599914550781,467.4500122070313,435.0899963378906,445.9100036621094,109622900,51.72256132620731,9.448464105536402,10.914735520758216,-1.4662714152218133,444.2645004272461,419.2947998046875,337.7568999481201,445.5882097294229,420.1500315293703,470.5848936997144,444.2645004272461,417.9441071547778,0.11848974314695944,-0.6837737202318869,-0.034973063401560256,0.013201539372910576,20.740241210664955
1473,437.9200134277344,439.3599853515625,421.8800048828125,429.5199890136719,103471500,47.113176331701865,7.081585814607195,10.148105579528012,-3.066519764920818,445.0660003662109,420.96559936523437,337.8425998687744,444.0579029945895,420.5174808424802,468.3953707231566,445.0660003662109,421.73663000926524,0.10483555399760805,-0.9683694999562698,-0.03675632866235745,-0.05922553156105537,20.97522389413866
1474,439.6000061035156,449.6700134277344,433.3599853515625,445.2300109863281,76515900,51.56844132838798,6.399713284608367,9.398427120544085,-2.9987138359357175,445.5325012207031,423.1927996826172,338.0358499908447,444.16953232713604,421.4865996716507,468.4800778692004,445.5325012207031,422.58492457220586,0.1030119086065496,-1.589231737767657,0.03657576451501576,-0.04940535126523138,20.91628107413322
1475,439.3999938964844,442.489990234375,432.3599853515625,439.6199951171875,60533200,49.950228945897166,5.345028830978606,8.58774746263099,-3.2427186316523837,446.05150146484374,425.3979998779297,338.24819999694824,443.7362430690457,422.19771321853455,467.9470761744028,446.05150146484374,424.15592675528467,0.09817509699060975,-4.544564809583681,-0.01260026442672324,-0.010444367141857702,20.34154854274982
1476,442.1499938964844,442.3299865722656,426.55999755859375,430.6000061035156,58513500,47.376059940451064,3.738253809739547,7.6178487320527015,-3.8795949223131547,445.8240020751953,427.3282000732422,338.41075004577635,442.48517288185235,422.52721490029853,468.2559065039403,445.8240020751953,423.39209764645034,0.10063121018307797,-6.697580335864616,-0.02051769508633805,-0.06810656550279326,20.01500857638711
1477,423.1300048828125,424.5,396.3399963378906,401.989990234375,118948000,40.28460348492959,0.1545028398944055,6.1251795536210425,-5.970676713726637,444.4860015869141,428.59739990234374,338.47519996643064,438.62848882018784,421.7218335408506,473.15670378468496,444.4860015869141,415.8152993891432,0.1290060973592423,-8.659399077621641,-0.06644220962287406,-0.09849524134249965,21.032508661332674
1478,386.2999877929687,412.19000244140625,382.7799987792969,404.3500061035156,105506700,41.06822710031713,-2.466776600934793,4.406788322709875,-6.873564923644668,442.73800201416014,429.66760009765625,338.49555000305173,435.3638714186,421.04058540605314,476.30299237072524,442.73800201416014,409.17301165759505,0.15162461864067217,-11.435515974738376,0.005870832424868633,-0.058600259717726644,21.630901161388152
1479,398.739990234375,423.9599914550781,398.739990234375,408.9200134277344,102214300,42.637983496805774,-4.127815161465151,2.6998676258748704,-6.827682787340021,440.8125030517578,430.9180004882812,338.51715003967286,432.8454087528033,420.5652688578838,477.3652964847094,440.8125030517578,404.2597096188062,0.16584281607211931,-12.692952646246813,0.011302107716671506,-0.08155334695016492,21.88726545133922
1480,405.3800048828125,408.8999938964844,393.7099914550781,401.25,80688600,40.6794898620013,-5.994010943449666,0.961091912009963,-6.9551028554596295,438.74500274658203,432.0036004638672,338.60500007629395,429.8363222049173,419.8078073340452,479.1356919436789,438.74500274658203,398.35431354948514,0.18411919882504713,-9.681269711472675,-0.018756757252943457,-0.08727991343287145,21.410319488576153
1481,406.1799926757813,411.7799987792969,398.5,403.989990234375,72047700,41.7095451255734,-7.1692476092885045,-0.6649759922497305,-6.504271617038774,436.9960021972656,433.1276000976562,338.66390007019044,427.37476677915134,419.18750078111697,480.13234205373124,436.9960021972656,393.8596623408,0.19742212578408583,-12.569527597382216,0.006828636098130891,-0.061797527849415834,20.829582295056206
1482,414.6300048828125,428.94000244140625,394.739990234375,395.2300109863281,113548800,39.35659913960003,-8.707118012746776,-2.2734043963491395,-6.433713616397636,434.3085021972656,433.65600036621095,338.7492000579834,424.3133614655491,418.2479913773998,480.6982586338719,434.3085021972656,387.91874576065936,0.21362582681163236,-11.365520454702398,-0.02168365419886953,-0.016816287500356797,21.784613003054424
1483,402.3200073242187,402.7999877929687,383.760009765625,391.0899963378906,100460600,38.258140164097505,-10.143033394673466,-3.847330196014005,-6.295703198659462,432.177001953125,433.55900024414063,338.83305000305177,421.14923145339117,417.1829719640857,482.2502973524499,432.177001953125,382.1037065538001,0.23172586774877,-8.947195394568237,-0.010474950113494086,-0.03279339573505624,21.588567647646517
1484,402.1700134277344,421.7200012207031,401.0899963378906,417.7799987792969,96806400,48.280152505009475,-9.023331195504795,-4.8825303959121635,-4.140800799592632,430.44500122070315,433.71380004882815,339.1138500213623,420.82835215109645,417.2063847803685,479.99128708922024,430.44500122070315,380.89871535218606,0.23020960042750316,-6.16535532863578,0.0682451678419993,0.0216667931640091,22.234384593015516
1485,414.4200134277344,420.4800109863281,405.9500122070313,419.3999938964844,71915600,48.823150898219346,-7.914011272898904,-5.488826571309512,-2.4251847015893917,428.3875015258789,433.6694000244141,339.4571999359131,420.6923180316096,417.292408667275,476.14771108826625,428.3875015258789,380.6272919634916,0.22297667131869922,-4.599427106429308,0.0038776272725380423,0.04523362964855915,21.68407132060704
1486,423.9500122070313,426.94000244140625,416.8900146484375,426.5799865722656,63463000,51.265312901473024,-6.381934866260508,-5.667448230299711,-0.7144866359607969,426.64100036621096,433.6838000488281,339.94759986877443,421.2530483688149,417.65662740864724,471.9186975678506,426.64100036621096,381.36330316457133,0.2122519737333033,-0.9335855722871479,0.017119677587676296,0.05591721796073479,20.853065354347162
1487,426.5899963378906,432.9299926757813,426.2000122070313,430.1700134277344,36252900,52.48620977607233,-4.82247759206183,-5.498454102652135,0.6759765105903055,426.1445007324219,433.9502001953125,340.41589988708495,422.10228313633104,418.1473484290036,471.0371018587575,426.1445007324219,381.2518996060862,0.21069191811311874,7.0101305699003555,0.008415835173881447,0.08840422404718384,19.844273576804508
1488,425.3200073242187,433.6600036621094,425.2900085449219,430.1400146484375,57463600,52.474379941151405,-3.5481166377809927,-5.108386609677908,1.5602699718969149,424.82350158691406,434.0316003417969,340.7868999481201,422.8677813755793,418.6176490650599,467.5615153191008,424.82350158691406,382.0854878547273,0.20120362255167293,6.378139768920767,-6.973703038437584e-05,0.09984918733847836,19.024682258260437
1489,430.80999755859375,436.7999877929687,422.1199951171875,429.239990234375,69336600,52.09500820334823,-2.581048132411752,-4.602918914224676,2.0218707818129245,422.86700134277345,433.9322003173828,341.15389991760253,423.4746584097503,419.03421146385654,460.7598489474269,422.86700134277345,384.97415373812,0.17921874955637768,4.969181292035645,-0.0020923987153301793,0.027430684782811188,18.71434728808335
1490,432.1000061035156,447.9200134277344,431.1099853515625,446.739990234375,87483000,58.39363498057015,-0.3979483275508642,-3.761924796889914,3.36397646933905,422.9910003662109,434.35,341.6170499420166,425.6904042978098,420.12071259211217,461.17814682160747,422.9910003662109,384.8038539108144,0.1805577254472811,11.33706921728972,0.04076973347810542,0.06518835654689736,18.711895567031636
1491,449.94000244140625,454.6300048828125,445.3900146484375,454.5299987792969,71906500,60.86060452102841,1.9384177092148889,-2.6218562956689535,4.560274004883842,422.61399993896487,434.5847998046875,342.0868999481201,428.4370323436657,421.4700963641586,459.3726392545414,422.61399993896487,385.8553606233883,0.17395845533221962,12.510213066319059,0.017437455153354264,0.06552115215629395,18.035330900413307
1492,453.0299987792969,458.8699951171875,451.6600036621094,455.0,56427500,61.01081282036295,3.7843066649226103,-1.3406237035506408,5.124930368473251,423.06849975585936,435.21699951171877,342.5898999786377,430.9668387871261,422.78499454595635,461.1683833002397,423.06849975585936,384.968616211479,0.1801121263642493,15.122836665290443,0.0010340378456106247,0.057721332954875804,17.26209236860365
1493,447.4500122070313,449.75,435.25,439.5799865722656,69165800,53.72575811536297,3.957303417581784,-0.28103827932415587,4.238341696905939,423.5714996337891,435.2005993652344,343.09879997253415,431.78713857618703,423.443621684243,462.2598775687128,423.5714996337891,384.88312169886535,0.18267696466061986,12.398678229673006,-0.033890139401614006,0.021946277031546613,17.439800056560532
1494,437.5400085449219,452.3900146484375,435.7000122070313,445.1700134277344,62367400,55.7868225055998,4.493672777308461,0.6739039320023676,3.8197688453060934,423.56849975585936,435.2397998046875,343.6720000457764,433.0616980858582,424.29563704673285,462.25016838659786,423.56849975585936,384.88683112512086,0.18264657854884972,6.556085673911591,0.01271674558948499,0.03711215999390283,17.386243084049507
1495,446.0700073242187,456.8800048828125,443.6099853515625,451.4500122070313,63257500,58.047509044351024,5.363663799063204,1.611855905414535,3.751807893648669,424.1600006103516,435.37440002441406,344.4152501678467,434.8129660973985,425.36051450399947,464.14521839968995,424.1600006103516,384.1747828210132,0.1885383710477227,7.641873814251286,0.01410696720325344,0.010543094586596746,17.092227115992397
1496,448.9500122070313,449.2699890136719,440.3299865722656,446.8900146484375,55979500,55.815810202877124,5.620395833666237,2.4135638910648756,3.206831942601361,424.97450103759763,435.12300048828126,345.195700302124,435.9631611974974,426.2048086273108,466.09870280931364,424.97450103759763,383.85029926588163,0.1935372671598371,4.761130084739973,-0.010100780674035303,-0.01680853662327597,16.665641295904774
1497,448.0899963378906,463.010009765625,441.6700134277344,458.9599914550781,95656700,60.179783874228455,6.720336223316167,3.274918357515134,3.445417865801033,427.8230010986328,435.5822003173828,346.0807501983643,438.1533355077432,427.48932560094875,470.0614826691223,427.8230010986328,385.5845195281433,0.19745774052364057,6.692697568093102,0.027008830833098685,0.008703277923248542,16.999523798903763
1498,469.44000244140625,481.7699890136719,467.6600036621094,475.30999755859375,114542200,65.19463036358574,8.809801844851506,4.381895054982409,4.427906789869097,431.3710006713867,436.4918005371094,346.99240013122557,441.6920652268718,429.364646069876,476.9181497507424,431.3710006713867,385.823851592031,0.2111739037091784,10.501227826263648,0.035624033484225714,0.08128216042077296,17.414557638881618
1499,472.2099914550781,491.5,465.8299865722656,489.8800048828125,107608100,68.94760528798776,11.508730744056436,5.807262192797214,5.701468551259222,435.41900024414065,437.22440063476563,348.0185501861572,446.2813928131519,431.73779739587354,486.33902514802884,435.41900024414065,384.49897534025246,0.23388976997024563,14.127298487572567,0.030653694218629735,0.1004335200181583,18.0042330523711
1500,488.2200012207031,495.2799987792969,466.2000122070313,467.260009765625,106490400,58.41632720534841,11.687678496261242,6.983345453490021,4.704333042771221,438.71950073242186,437.9078009033203,348.99465019226074,448.27935633243504,433.1308253319422,488.90457405360627,438.71950073242186,388.53442741123746,0.22877977038815347,4.593280203208247,-0.04617456293730249,0.03502048317886275,18.79535830379213
1501,478.1600036621094,490.8599853515625,473.1199951171875,483.3699951171875,95168400,62.77706370581616,12.97981384587672,8.182639131967361,4.797174713909358,442.6885009765625,438.80140075683596,350.0160001373291,451.6213219309829,435.10098885293223,493.80635776237386,442.6885009765625,391.5706441907512,0.23094278108894317,6.345014941883796,0.034477560704677446,0.08163077999728485,19.1385452525168
1502,488.1199951171875,490.489990234375,474.7200012207031,481.2000122070313,103305400,61.83641565625103,13.671148444954667,9.280340994564824,4.390807450389843,446.9870010375977,439.7146008300781,351.1047501373291,454.4383400525113,436.9087936903479,495.82645758961223,446.9870010375977,398.1475444855831,0.218527413274403,5.758244441105782,-0.004489279293453219,0.04845742802426822,18.897934092599307
1503,489.8800048828125,498.8299865722656,485.3299865722656,488.7300109863281,86916100,63.860071809136734,14.65767946144166,10.355808687940192,4.301870773501468,451.8690017700195,441.2194012451172,352.2350501251221,457.7042134747796,438.9409982901903,496.7416832223999,451.8690017700195,406.9963203176391,0.19860924859465584,11.181133335328127,0.015648376118613028,0.028234233440629586,18.807365540644664
1504,489.3999938964844,491.9700012207031,482.8399963378906,485.55999755859375,58223600,62.3609019840081,15.010684976289497,11.286783945610052,3.7239010306794444,455.25800170898435,442.21260131835936,353.5521001434326,460.3571452922857,440.76919433993163,499.5549640523148,455.25800170898435,410.9610393656539,0.1946015761482277,9.07293458961067,-0.00648622625268469,-0.008818501023025394,18.11612549365665
1505,488.4800109863281,490.8999938964844,476.7999877929687,485.3999938964844,41285400,62.28142644449733,15.103430486656862,12.050113253819415,3.053317232837447,458.55800170898436,443.33580139160154,354.8262001037598,462.7421784926856,442.51942177352197,501.4906171265948,458.55800170898436,415.6253862913739,0.18725053431673352,7.5202083888490145,-0.00032952397832164415,0.03882203431010134,17.829259822932293
1506,485.2300109863281,489.0899963378906,473.8200073242187,475.19000244140625,58780700,57.266103855507374,14.189503229284185,12.47799124891237,1.7115119803718155,460.9885025024414,444.1366015625,355.96170013427735,463.9276855354209,443.80062101539977,501.85886009109333,460.9885025024414,420.1181449137895,0.1773161689143667,6.3326516291110195,-0.021034181259704576,-0.016922839146848778,17.64645476512798
1507,469.0,469.3999938964844,459.0,459.6400146484375,66263000,50.58495637402251,12.071304748094065,12.396653948748709,-0.3253492006546441,462.4620025634766,444.75440185546876,357.05650024414064,463.51933592713675,444.4217737068915,500.83007718071156,462.4620025634766,424.0939279462416,0.1659296305623235,0.14816611600576388,-0.03272372674735757,-0.04480464881891533,17.542422456290716
1508,461.0899963378906,463.1199951171875,453.8299865722656,454.4299926757813,59238500,48.54152063401602,9.858568518595405,11.889036862718049,-2.030468344122644,463.67650146484374,445.0568017578125,358.07875022888186,462.65368418891245,444.81425288214206,499.31593994974753,463.67650146484374,428.03706297993995,0.1537254459620529,-4.39292356358199,-0.01133500523587172,-0.07018193591452349,16.95296431976437
1509,456.1000061035156,456.5499877929687,449.2999877929687,449.7200012207031,49078000,46.70470532964488,7.636869094297083,11.038603309033856,-3.4017342147367735,464.7005020141602,445.10260192871095,359.13730026245116,461.4219048586068,445.00663516992876,497.37705914135677,464.7005020141602,432.0239448869636,0.1406349121017342,-8.197926688540049,-0.010364613980130888,-0.07381167418670176,16.2598954397812
1510,457.7999877929687,458.3399963378906,435.2999877929687,438.0700073242187,85535400,42.4281287592788,4.879847307514183,9.806852108729922,-4.927004801215739,464.26700286865236,445.012001953125,360.2011003112793,459.1979146172365,444.7346105485284,498.09489598155784,464.26700286865236,430.43910975574687,0.1457260279274074,-6.247057704777228,-0.025904993918131614,-0.09750718411084114,16.74418923300554
1511,447.989990234375,457.5499877929687,444.5700073242187,451.6700134277344,67940800,48.37138161799342,3.7490774793178616,8.59529718284751,-4.846219703529648,464.1240036010742,445.2660021972656,361.2801503753662,458.48097164680775,445.0065871320267,498.1389934755948,464.1240036010742,430.1090137265536,0.14657716304523355,-6.558119455008338,0.03104528015187813,-0.049495967703091615,16.939602892701572
1512,446.3800048828125,448.25,428.7799987792969,432.9599914550781,89093800,41.954650417983586,1.3278848072220626,7.141814707722421,-5.813929900500359,463.0220031738281,444.94560180664064,362.2636503601074,456.0504021047383,444.53417161528364,499.4877618888448,463.0220031738281,426.5562444588115,0.15751199064000698,-10.0249417140909,-0.041424095947095174,-0.05804547546576422,17.364632303825566
1513,435.8999938964844,438.3699951171875,431.2900085449219,431.4100036621094,59828800,41.46392960638915,-0.7078393587561891,5.5718838944266995,-6.279723253182889,462.61350402832034,444.89940185546874,363.17715034484866,453.70369749115457,444.019498362218,500.2836798523125,462.61350402832034,424.94332820432817,0.16285808994320264,-11.728358405602851,-0.0035799792672750463,-0.050656843484571334,16.630014751571284
1514,427.8900146484375,436.8900146484375,424.3699951171875,435.7999877929687,57041100,43.480314623145766,-1.9445152349525756,4.068604068550845,-6.01311930350342,462.145002746582,444.56700134277344,363.9642002105713,451.9985822818035,443.6971646144043,500.88906074933476,462.145002746582,423.40094474382926,0.16767056994013682,-10.247963179796415,0.010175897854927118,-0.030952622498333304,16.33644366440548
1515,435.9500122070313,449.0499877929687,430.3900146484375,445.010009765625,67331500,47.56146717457723,-2.1565585106785647,2.823571552704963,-4.980130063383528,461.82300262451173,444.2562017822266,364.7485501861572,451.33300394692935,443.74864873798157,501.0216292148591,461.82300262451173,422.62437603416436,0.16975605964875715,-8.320969229240015,0.021133598509946783,0.015842222305509246,16.50241005584303
1516,441.2300109863281,454.2999877929687,438.0,448.9599914550781,61649600,49.25387519896401,-1.9830148624655521,1.8622542696708602,-3.845269132136412,461.92650146484374,444.0052014160156,365.63305015563964,451.1070027572292,443.9530151190442,500.9775201944488,461.92650146484374,422.8754827352387,0.16907892751668482,-5.5198995878627395,0.00887616368794375,-0.006000004189097741,16.487951322780578
1517,450.2000122070313,451.80999755859375,443.9500122070313,447.2000122070313,53719200,48.502740253545085,-1.9648463617159564,1.096834143393497,-3.0616805051094533,461.33850250244143,444.14720153808594,366.50340019226076,450.73490841911513,444.08034833818095,500.90127482119215,461.33850250244143,421.7757301836907,0.17151298711965343,-2.706466374760934,-0.003920124914344236,0.032889922932823,15.87166803912214
1518,442.80999755859375,443.9100036621094,434.2200012207031,439.2000122070313,57259500,45.133415408537076,-2.566397008003662,0.36418791311406523,-2.930584921117727,459.53300323486326,443.8000018310547,367.38165031433107,449.63634687510717,443.8889626075476,499.67220674982576,459.53300323486326,419.39379971990076,0.17469562896420612,-3.3514470246720744,-0.017889087168218576,0.01805708833544628,15.665121106779713
1519,441.1300048828125,445.3599853515625,437.6499938964844,438.5700073242187,49465800,44.86907573810115,-3.0587074821229407,-0.320391165933336,-2.738316316189605,456.9675033569336,443.2040020751953,368.2787003326416,448.58240977502254,443.68037612584845,495.54897349515875,456.9675033569336,418.38603321870846,0.1688587037581509,-2.4793191021567433,-0.0014344373071547567,0.006356171658650656,15.096897560229598
1520,439.5,447.25,435.260009765625,437.5,60220600,44.39350936208574,-3.4949204608478226,-0.9552970249162334,-2.5396234359315892,455.47950286865233,443.0688018798828,369.1239003753662,447.52694217740134,443.43800843463873,494.649425717314,455.47950286865233,416.3095800199907,0.17199422850848758,-0.13011786122961547,-0.0024397640202232784,-0.016876046832250635,14.87497560838284
1521,429.3599853515625,430.7300109863281,417.44000244140625,419.25,63187300,37.15928229019492,-5.2526950685570455,-1.814776633644396,-3.4379184349126497,452.273503112793,442.21240173339845,369.8063503265381,444.83390006526787,442.4894590842608,492.27486036827423,452.273503112793,412.2721458573117,0.17689012060255616,-7.177809565372323,-0.041714285714285704,-0.06617514259742419,15.24533431911219
1522,421.6600036621094,438.2000122070313,419.6199951171875,431.44000244140625,68124000,43.75255535570152,-5.597587286467103,-2.571338764208938,-3.0262485222581654,449.7855026245117,441.9230017089844,370.62715034484864,443.5582907677572,442.05614705905083,488.4482283552593,449.7855026245117,411.1227768937641,0.1719162823396905,-0.3510691619711892,0.02907573629435012,-0.0352415235586554,15.50995416824927
1523,435.1600036621094,449.5,432.6300048828125,449.3599853515625,71546700,51.76461474350142,-4.374497512378866,-2.9319705138429235,-1.4425269985359428,447.81700134277344,442.3198016357422,371.67680030822754,444.110833109072,442.34257209012975,482.10996911209,447.81700134277344,413.52403357345685,0.1531561672133464,4.160770853035661,0.041535283721378935,0.023132907245325685,15.692100124702447
1524,447.4299926757813,452.4299926757813,444.0400085449219,449.05999755859375,56771400,51.63202461455161,-3.3903151200123034,-3.0236394350767997,-0.36667568493550373,445.99200134277345,442.3964013671875,372.75565032958986,444.5821821042646,442.60600053987343,475.62454078299703,445.99200134277345,416.35946190254987,0.1328837259457892,3.042682454576929,-0.0006675890216037983,0.023918622019722724,15.170520410856517
1525,445.0,445.0400085449219,434.2799987792969,435.2000122070313,49397400,45.7956124964154,-3.6862358364308534,-3.1561587153476105,-0.5300771210832429,443.4820022583008,442.30800170898436,373.82235038757324,443.6886421140519,442.31556962486,467.2639795213191,443.4820022583008,419.7000249952825,0.10725114950286872,-2.204444246941852,-0.030864440001146964,-0.005257114955356967,15.142626008602255
1526,437.4100036621094,437.5199890136719,430.69000244140625,430.8999938964844,37733100,44.128968698712406,-4.21909556966358,-3.3687460862108045,-0.8503494834527752,441.2675018310547,442.3140014648437,374.6158502960205,442.4706756171407,441.86789998845313,460.67235497996114,441.2675018310547,421.86264868214823,0.08795052011936229,-4.022629611173447,-0.009880556502607218,0.027787701601632353,14.548866048863925
1527,431.9100036621094,438.260009765625,430.1000061035156,431.4599914550781,54857400,44.41269204456474,-4.543825235531699,-3.6037619160749834,-0.9400633194567156,439.8585006713867,442.9034014892578,375.5111502838135,441.42203903027763,441.4597467126345,457.7563998544987,439.8585006713867,421.96060148827473,0.08138025822301109,-3.51968254076575,0.0012995998294869082,4.63309233236231e-05,14.092518735524314
1528,437.7999877929687,440.2300109863281,414.6199951171875,416.55999755859375,81686100,38.77110601399656,-5.93506508246378,-4.070022549352743,-1.865042533111037,437.96500091552736,443.14760131835936,376.33240028381346,439.05422555678393,440.48328596149565,457.254682185046,437.96500091552736,418.6753196460087,0.08808777518384019,-5.1548301500878475,-0.03453389466363932,-0.0729926759440035,14.915197102211193
1529,425.3500061035156,439.8800048828125,422.7000122070313,430.4100036621094,82626100,45.67850282356141,-5.8525879504924205,-4.426535629580679,-1.426052320911742,436.99950103759767,443.57740112304685,377.22270027160647,438.23096632871966,440.08825528308836,455.7649648924397,436.99950103759767,418.2340371827556,0.08588322783108869,-1.860593183718769,0.033248526466028494,-0.0415311851375737,15.515540689497447
1530,421.2900085449219,427.1499938964844,414.5,421.80999755859375,58739500,42.474315775325856,-6.407313328852354,-4.822691169435014,-1.5846221594173393,436.1865005493164,443.98860107421876,378.06120025634766,436.6670645410886,439.37146086251994,456.0715140257362,436.1865005493164,416.30148707289663,0.09117665700968441,-3.5862862723214284,-0.019980962408733927,-0.030767496031382735,15.543716616112585
1531,424.2699890136719,428.55999755859375,413.69000244140625,421.9599914550781,56886500,42.550008733417755,-6.756944088487671,-5.209541753245546,-1.5474023352421256,434.7009994506836,444.34800109863284,378.9632501983643,435.26639091384953,438.68865814065947,454.17194665136435,434.7009994506836,415.2300522500028,0.08958317199769737,0.6463903291778473,0.0003555958781265023,-0.02074727910892915,15.49559365190365
1532,420.4599914550781,423.8999938964844,399.1799926757813,406.010009765625,74606900,36.97803791479913,-8.226232321679902,-5.812879866932417,-2.4133524547474847,433.35350036621094,444.56360107421875,379.78645027160644,432.4800688997329,437.4071425181091,456.50264993621795,433.35350036621094,410.2043507962039,0.10683725665279974,-5.894212991813362,-0.03779974882085746,-0.058985727978217106,16.154479906817894
1533,397.0199890136719,402.1000061035156,387.5299987792969,397.2099914550781,72819800,34.30859759312915,-9.985633596712546,-6.647430612888443,-3.338202983824103,431.64349975585935,444.6860009765625,380.63500022888184,429.12101390500385,435.8307836528922,459.6560313954488,431.64349975585935,403.6309681162699,0.12979475727276574,-11.605393358664138,-0.02167438757390938,-0.04645190660870846,16.320589269640053
1534,400.8699951171875,414.5499877929687,397.75,411.1099853515625,62677100,41.49313628620167,-10.141454072910676,-7.34623530489289,-2.7952187680177865,430.40899963378905,444.5526007080078,381.50070014953616,427.4056778522951,434.86134058225184,459.7258161535137,430.40899963378905,401.0921831140644,0.13622771152400934,-8.450989269441552,0.03499406912088299,-0.044841007751525774,16.393404060229376
1535,409.9100036621094,421.25,407.2900085449219,417.3200073242187,54484300,44.41788548001599,-9.652577148205467,-7.807503673555406,-1.8450734746500608,429.0244995117188,444.5110009765625,382.3336001586914,426.44513780200214,434.1734451603682,458.0664487069975,429.0244995117188,399.98255031644004,0.13538597086335138,-4.108456889083638,0.015105500216312295,-0.010644579930212172,16.219588874147142
1536,418.0799865722656,427.25,417.0,425.2099914550781,64450200,47.97625541976627,-8.530152593929643,-7.952033457630254,-0.5781191362993887,427.8369995117188,444.48360107421877,383.1621000671387,426.3275048165808,433.82193717192547,455.427206372111,427.8369995117188,400.24679265132653,0.12897531953468427,-1.3204925787892134,0.018906316477488305,0.007702152018708608,15.793189668850918
1537,427.9599914550781,436.3500061035156,420.0299987792969,428.2699890136719,57362000,49.331092900453164,-7.309448051359254,-7.8235163763760545,0.5140683250168001,426.89049835205077,444.4456005859375,383.8786999511719,426.5125033115419,433.60421371473905,453.0188029406041,426.89049835205077,400.76219376349746,0.1224122096388552,-0.7393506940581257,0.00719643851293883,0.054826183376357474,15.830819501377192
1538,430.2999877929687,436.2300109863281,414.0,417.0700073242187,61933400,44.738596106992425,-7.163202882961571,-7.691453677693159,0.528250794731588,425.7839981079102,444.18420043945315,384.5346499633789,425.6132179794159,432.9558134641304,451.6059754149918,425.7839981079102,399.96202080082855,0.12129144083304574,0.12243368749136904,-0.026151684630639993,0.04999878224711418,16.287904607445117
1539,414.30999755859375,424.05999755859375,410.8800048828125,417.44000244140625,51434100,44.92101818201721,-6.9374761133818765,-7.540658164830902,0.6031820514490258,424.72749786376954,443.94820068359377,385.1616999816895,424.83481649960544,432.3473502867687,450.0955444457313,424.72749786376954,399.35945128180776,0.11945563548182853,-3.013406080330127,0.0008871295242764976,0.015397381030360036,16.065910898040556
1540,412.3599853515625,413.7200012207031,400.510009765625,410.6300048828125,59678800,42.16225181768601,-7.2248127673781255,-7.4774890853403475,0.252676317962222,423.38399810791014,443.2260009765625,385.80404998779295,423.4819772980061,431.495689682692,448.750084138558,423.38399810791014,398.0179120772623,0.1198254357463112,-2.6504807236647427,-0.016313715788533356,-0.0160308691747163,16.127631025022033
1541,411.1099853515625,416.8999938964844,409.5799865722656,411.3200073242187,45921400,42.547255131699096,-7.3125570990592905,-7.444502688084136,0.13194558902484577,422.9874984741211,442.36180114746094,386.4580500793457,422.32369444335967,430.70448645294795,448.84285496615973,422.9874984741211,397.13214198208243,0.12225116148968415,-2.521562315462357,0.0016803507615161806,-0.032666175325108404,15.498515046393226
1542,407.25,415.25,404.1099853515625,411.7099914550781,51019600,42.77909536354739,-7.266858828837087,-7.408973916234727,0.14211508739763978,422.00099792480466,441.4960009765625,387.0805500793457,421.31286558733285,429.9596042961688,447.99627046126244,422.00099792480466,396.0057253883469,0.12320005243726846,1.403901764082989,0.0009481282794785439,-0.03866719121910056,15.187193589396388
1543,408.2999877929687,414.7000122070313,405.5,411.8200073242187,57912200,42.84915916975729,-7.139465940055402,-7.355072320998862,0.21560638094346007,420.1239990234375,440.94080139160155,387.7383500671387,420.4087838479887,429.24824755217077,443.20406336607147,420.1239990234375,397.0439346808035,0.10987262996773683,3.678159206323204,0.00026721690370390405,-0.012587814774028594,14.75953777637031
1544,407.2900085449219,407.7000122070313,394.0400085449219,399.8299865722656,69680000,37.46504186491317,-7.914764153387296,-7.467010687476549,-0.44775346591074694,417.6624984741211,440.0340008544922,388.3607499694824,418.4488983931579,428.09459025884115,438.23831963079266,417.6624984741211,397.0866773174495,0.09852845889608387,-2.7437910002722834,-0.02911471161845114,-0.04218574110326778,14.975284990865061
1545,399.5,410.8200073242187,397.6400146484375,409.3800048828125,58579500,43.54933619764901,-7.670169963522312,-7.507642542685702,-0.16252742083660987,416.37149810791016,439.19260070800783,389.026549987793,417.58519424931546,427.36068494997727,435.5783914256936,416.37149810791016,397.1646047901267,0.09225844422619746,-1.9026172486471642,0.023885197787236967,-0.0030441029275410925,14.847049825501928
1546,412.1499938964844,420.3399963378906,412.1499938964844,417.3999938964844,54809700,48.1148018899598,-6.751355791300796,-7.356385192408721,0.6050294011079256,415.69649810791014,438.60280029296877,389.6894499206543,417.5675561204744,426.97006961454616,433.72642804849545,415.69649810791014,397.66656816732484,0.08674564266309955,-1.8367389561726344,0.019590573349979934,0.014781645589812431,14.569402799043086
1547,414.4200134277344,416.80999755859375,403.6600036621094,408.5799865722656,53602500,43.908994513438564,-6.658138938172613,-7.2167359415615,0.5585970033888872,414.55249786376953,437.5952001953125,390.2410498046875,416.7115971158831,426.2488898873979,431.29390850368236,414.55249786376953,397.8110872238567,0.08076859131802602,-4.597567643428238,-0.021130827631028026,-0.0076024506273222325,14.510159044423938
1548,402.94000244140625,407.1199951171875,398.1099853515625,402.510009765625,56890100,41.23743363422469,-6.993444237953213,-7.172077600839843,0.17863336288662968,413.8499984741211,436.13920043945313,390.66169982910156,415.35906498728707,425.3179534120343,431.35711421481943,413.8499984741211,396.34288273342275,0.08460609305423543,-3.491020045293056,-0.014856275407819197,-0.0226069578772653,14.221576342729595
