Price,Open,High,Low,Close,Volume
Ticker,AAPL,AAPL,AAPL,AAPL,AAPL
Date,,,,,
2020-01-02,71.40977771923563,72.46077614730521,71.15667416341765,72.4005126953125,135480400
2020-01-03,71.62915285765841,72.45596582996416,71.47246932030643,71.69664764404297,146322800
2020-01-06,70.81922311511464,72.3065214697964,70.56852501428666,72.26795196533203,118387200
2020-01-07,72.27759377705218,72.53311029879856,71.708710156977,71.92807006835938,108872000
2020-01-08,71.63155170295238,73.38642316119072,71.63155170295238,73.0851058959961,132079200
2020-01-09,74.06137477592067,74.83033706552648,73.81068409472688,74.63749694824219,170108400
2020-01-10,74.87132551313572,75.370308736383,74.30484750773756,74.80623626708984,140644800
2020-01-13,75.12201817653433,76.4309386915993,75.00389679896787,76.4044189453125,121532000
2020-01-14,76.34175230410106,76.5514679630278,75.24977872842311,75.37271118164062,161954400
2020-01-15,75.17262239843001,76.05246721987251,74.61819429330173,75.0496826171875,121923600
2020-01-16,75.5920773695483,76.1007048279931,75.23049658770428,75.98981475830078,108829200
2020-01-17,76.23809509330889,76.83349837052724,75.93195936574989,76.83109283447266,137816400
2020-01-21,76.45986173724447,76.90098699093934,76.1730071029982,76.31040954589844,110843200
2020-01-22,76.79493065234263,77.13481745633268,76.48879491769239,76.58280944824219,101832400
2020-01-23,76.63584965719392,77.03117417903718,76.0886526637108,76.95162963867188,104472000
2020-01-24,77.19748815287878,77.93993070377184,76.53940855639385,76.72984313964844,146537600
2020-01-27,74.74115326828117,75.15335327614349,73.49249613883003,74.47358703613281,161940000
2020-01-28,75.3534428471521,76.75155238054386,75.25460987556971,76.58040618896484,162234000
2020-01-29,78.20993039532226,79.02951207503841,77.46989325521864,78.18341064453125,216229200
2020-01-30,77.26740800153176,78.12314628033491,76.83591952309017,78.07011413574219,126743200
2020-01-31,77.36142037786921,77.78326467024122,74.31450314285442,74.60858917236328,199588400
2020-02-03,73.35268032975995,75.56796570063159,72.85129158100523,74.40367889404297,173788400
2020-02-04,76.00669078804627,77.05045810466474,75.60172207527795,76.86002349853516,136616400
2020-02-05,77.98573887898152,78.28465065522497,76.88412837567931,77.48676300048828,118826800
2020-02-06,77.7567339114429,78.39552507490272,77.1999001655233,78.39311218261719,105425600
2020-02-07,77.89294895065062,78.141823360646,76.83704482888538,77.32754516601562,117684000
2020-02-10,75.91400480691036,77.69478607177734,75.8342715240242,77.69478607177734,109348800
2020-02-11,78.19015142253798,78.26263625107545,77.0085971005104,77.22605895996094,94323200
2020-02-12,77.675463503179,79.06481216229898,77.675463503179,79.05998229980469,113730400
2020-02-13,78.3327054260137,78.82320573508036,78.12974054369347,78.49700927734375,94747600
2020-02-14,78.46558778851511,78.76520890109116,78.00891869878639,78.5163345336914,80113600
2020-02-18,76.19915990390432,77.25990141746018,76.01794043224491,77.07868194580078,152531200
2020-02-19,77.32030726926044,78.42453967717096,77.32030726926044,78.19499206542969,93984000
2020-02-20,77.9557766771897,78.4438584118609,76.88778679879077,77.39278411865234,100566000
2020-02-21,76.98684158821678,77.42902110600791,75.02484049800245,75.64098358154297,129554000
2020-02-24,71.82571246698684,73.49775945094957,69.88545691802558,72.04800415039062,222195200
2020-02-25,72.71732141374063,73.09908711151304,69.13642361597664,69.60758972167969,230673600
2020-02-26,69.23308056046676,71.97553646481957,69.22583207719232,70.71183013916016,198054800
2020-02-27,67.92104419759342,69.10500967174747,65.95420576749399,66.08951568603516,320605600
2020-02-28,62.1606861550344,67.27107285671417,61.94563554811998,66.05085754394531,426510000
2020-03-02,68.20616489725688,72.83571844288954,67.10435128397388,72.20024108886719,341397200
2020-03-03,73.37454464911569,73.45427795635602,69.05668336601278,69.90721130371094,319475600
2020-03-04,71.62758575768213,73.30930003617219,70.82780458094045,73.14982604980469,219178400
2020-03-05,71.40531368814655,72.37906618441247,70.41223435614768,70.77709197998047,187572800
2020-03-06,68.13850549074616,70.26964775134793,67.95245619771107,69.8371353149414,226176800
2020-03-09,63.72883020122201,67.19374467213605,63.54761077884886,64.31356811523438,286744800
2020-03-10,66.96420578722295,69.21132371848606,65.0867678159455,68.9455337524414,285290000
2020-03-11,67.02460213571918,67.95002595285474,65.6884040253017,66.55101013183594,255598800
2020-03-12,61.84174314573799,65.23900324323806,59.92323260860385,59.97880554199219,418474000
2020-03-13,64.00430755021486,67.63594563074507,61.11928915474014,67.1647720336914,370732000
2020-03-16,58.4613905994218,62.60044010140755,57.99022079286357,58.52421569824219,322423600
2020-03-17,59.80481901443847,62.245238140623194,57.60360714495798,61.09751892089844,324056000
2020-03-18,57.93464652653443,60.406478598445545,57.29433564123959,59.601863861083984,300233600
2020-03-19,59.775834978401704,61.09269547807698,58.62086339938416,59.14519119262695,271857200
2020-03-20,59.72509749228031,60.84866031438535,55.09071377836536,55.39033126831055,401693200
2020-03-23,55.110045472758834,55.21152792629808,51.37209184292637,54.2136116027832,336752800
2020-03-24,57.11069765855371,59.8483195377774,56.612948896316425,59.65260314941406,287531200
2020-03-25,60.58768835145107,62.39988241978959,59.02920219006361,59.3239860534668,303602000
2020-03-26,59.56561309847068,62.50378100355287,59.52695207272685,62.44579315185547,252087200
2020-03-27,61.07095724785997,61.824829012114336,59.69369010665709,59.86041259765625,204216800
2020-03-30,60.585279571290975,61.740251079824446,60.26149806281595,61.568695068359375,167976400
2020-03-31,61.75958725464871,63.424386025978244,60.88973245903772,61.44305419921875,197002000
2020-04-01,59.56078230159109,60.09719207609643,57.78000065964953,58.2100944519043,176218400
2020-04-02,58.07237254686632,59.23459262853542,57.241178794751,59.181434631347656,165934000
2020-04-03,58.66677342106095,59.3674871060243,57.741345715951596,58.33091354370117,129880000
2020-04-06,60.62394564001491,63.57419624282321,60.256676873255664,63.419559478759766,201820400
2020-04-07,65.43230242458398,65.64977167238716,62.581119246295906,62.68501663208008,202887200
2020-04-08,63.4848025037082,64.60353188066507,63.119952317554805,64.28942108154297,168895200
2020-04-09,64.9248861243381,65.25591244712727,63.95838246710248,64.75332641601562,161834800
2020-04-13,64.83062922254491,66.1329960532875,64.23139447845989,66.02426147460938,131022800
2020-04-14,67.65525160710325,69.64866527052683,67.1840781553046,69.35871124267578,194994800
2020-04-15,68.23517703316564,69.18476538928039,67.80750169214234,68.72567749023438,131154400
2020-04-16,69.43846626880793,69.63660131632508,68.22308804264783,69.27174377441406,157125200
2020-04-17,68.78846350317025,69.33454028123167,66.89652897721241,68.331787109375,215250000
2020-04-20,67.15993823398618,68.06119834153615,66.89414820439593,66.9134750366211,130015200
2020-04-21,66.75642377646463,66.99080126610937,64.13478048479037,64.84516143798828,180991600
2020-04-22,66.11125243793057,67.14782951135057,65.77056644151477,66.71290588378906,116862400
2020-04-23,66.65731814975389,68.07807924422973,66.41569231392698,66.45435333251953,124814400
2020-04-24,66.9787077583751,68.3825537591584,66.93037962499518,68.37288665771484,126161200
2020-04-27,68.09017755648323,68.75223755503086,67.64317552817161,68.42121124267578,117087600
2020-04-28,68.88272541689459,69.06394488685403,67.2203450064915,67.3121566772461,112004800
2020-04-29,68.79814778505363,69.99178036647727,68.59518290617446,69.52302551269531,137280800
2020-04-30,70.06186509494019,71.16609756172141,69.67285081769471,70.98970794677734,183064000
2020-05-01,69.1654300495363,72.24616099497416,69.06878114170213,69.84681701660156,240616800
2020-05-04,69.87097499683554,70.9631215704607,69.18233960605242,70.8350601196289,133568000
2020-05-05,71.29414381435919,72.7294023781066,71.14916678667844,71.89820861816406,147751200
2020-05-06,72.59891211487862,73.27063178737225,72.21472783850132,72.6399917602539,142333600
2020-05-07,73.26580616038919,73.73697961793019,72.96377378346223,73.39144897460938,115215200
2020-05-08,74.05046319414457,75.19159993074032,73.72338371341871,75.13829803466797,133838400
2020-05-11,74.64644722875487,76.81484814613628,74.4380826460871,76.32060241699219,145946400
2020-05-12,77.00385116379037,77.45449582037008,75.32727766040104,75.44841766357422,162301200
2020-05-13,75.62770513487014,76.54837362731435,73.46172121123148,74.53744506835938,200622400
2020-05-14,73.77667808210235,75.0559160635201,73.05468108965971,74.99534606933594,158929200
2020-05-15,72.76880920502032,74.59802049199271,72.73488645146278,74.55198669433594,166348400
2020-05-18,75.8748339325949,76.68162311206635,75.18433442581173,76.30850982666016,135178400
2020-05-19,76.32546668705436,77.17102150533867,75.83606375790906,75.86756134033203,101729600
2020-05-20,76.72522965116472,77.41330397310716,76.68646396339064,77.34304809570312,111504800
2020-05-21,77.20493698671349,77.7452239875939,76.5289737926269,76.76641082763672,102688800
2020-05-22,76.5047612593345,77.3430554740474,76.40300778879455,77.26068115234375,81803200
2020-05-26,78.37759126728832,78.55687612704607,76.68163102348302,76.73735809326172,125522000
2020-05-27,76.59440129810365,77.21705526702166,75.85544287582236,77.07168579101562,112945200
2020-05-28,76.74703662948228,78.36304756047794,76.47084126097369,77.1056137084961,133560800
2020-05-29,77.34788852176631,77.80821903420895,76.67435043039059,77.03050231933594,153532400
2020-06-01,76.9844793797038,78.09896899425175,76.85364609349955,77.97782897949219,80791200
2020-06-02,77.71129433668344,78.36302799682535,77.27034305104888,78.33879852294922,87642800
2020-06-03,78.65862620653965,79.03173947926652,78.08684155798949,78.77007293701172,104491200
2020-06-04,78.59320375117642,78.89120338502829,77.71856920653472,78.09168243408203,87560400
2020-06-05,78.3412531788607,80.37640405600247,78.3121807567844,80.31583404541016,137250400
2020-06-08,80.01298593519961,80.82462557560363,79.30310716833353,80.79070281982422,95654400
2020-06-09,80.4708986631774,83.73440381053058,80.43940107394053,83.34191131591797,147712400
2020-06-10,84.28921253488384,85.95367499163955,83.8506863159115,85.48607635498047,166651600
2020-06-11,84.63081897651477,85.05480894028344,81.28009011611704,81.38184356689453,201662400
2020-06-12,83.51876594974783,84.26498513269779,80.97482582626513,82.08446502685547,200146000
2020-06-15,80.73980469603605,83.75134312369018,80.57747385342842,83.099609375,138808800
2020-06-16,85.15172849785749,85.57330073439438,83.51876362996565,85.30194091796875,165428800
2020-06-17,86.04575148687181,86.10632149459083,85.062095153019,85.18323516845703,114406400
2020-06-18,85.13963169684683,85.63388506004952,84.60903780557047,85.2171630859375,96820400
2020-06-19,85.92219992455999,86.38737347701915,83.6229572371665,84.73017883300781,264476000
2020-06-22,85.12266833831674,87.08998107946098,85.0766345392279,86.94703674316406,135445200
2020-06-23,88.18994159671719,90.22024967692445,87.77079443230522,88.80290985107422,212155600
2020-06-24,88.43220009652119,89.3504433677871,86.86222303304002,87.23533630371094,192623200
2020-06-25,87.39039728120305,88.43219830369976,86.63205971274161,88.3934326171875,137522400
2020-06-26,88.28924513838203,88.50972079929527,85.52967271907464,85.6774673461914,205256800
2020-06-29,85.58538348093731,87.74652366456861,85.1080917330766,87.65203094482422,130646000
2020-06-30,87.240188892032,88.66964696675093,87.22080974313869,88.38375091552734,140223200
2020-07-01,88.46126551068063,89.00397030229519,88.16810880383152,88.21656036376953,110737200
2020-07-02,89.12269252080957,89.75746488824406,88.10269587070599,88.21656036376953,114041600
2020-07-06,89.6436059572989,91.0439841546096,89.61210837219791,90.57638549804688,118655600
2020-07-07,90.95435881380166,91.73207574128449,90.1839099924149,90.29535675048828,112424400
2020-07-08,91.27173006638321,92.42982827430403,91.18450541379949,92.39833068847656,117092000
2020-07-09,93.28991545550893,93.34321735378231,91.74901813164107,92.79566955566406,125642800
2020-07-10,92.39104305128085,93.01612951561695,91.78050018746696,92.95797729492188,90257200
2020-07-13,94.26146013937891,96.86839541410872,92.31595195399946,92.52915954589844,191649200
2020-07-14,91.91134148904221,94.25176728421596,90.97856936107081,94.06037139892578,170989200
2020-07-15,95.93318100843004,96.18272909779543,93.51038115292206,94.70724487304688,153198000
2020-07-16,93.58065106367306,94.39713348994569,92.94345347342261,93.54188537597656,110577600
2020-07-17,93.99252801605422,94.14758336972574,92.8804563206502,93.3529052734375,92186800
2020-07-20,93.44011817142827,95.45830704424495,93.09607736485056,95.32020568847656,90318000
2020-07-21,96.11004463336359,96.18515083470295,93.75508296201137,94.00463104248047,103433200
2020-07-22,93.70663117027293,94.94952872983103,93.61941392094188,94.26872253417969,89001600
2020-07-23,94.00220251459487,94.07973387894577,89.16872158432245,89.97793579101562,197004400
2020-07-24,88.17780532258647,90.09908386887433,86.39219558540321,89.75504302978516,185438800
2020-07-27,90.81623268150157,91.97433076494785,90.59333922603253,91.88226318359375,121214000
2020-07-28,91.45343048257014,91.63029754160469,90.36801343757494,90.37286376953125,103625600
2020-07-29,90.85499038980474,92.28929109136294,90.81864987240843,92.10515594482422,90329200
2020-07-30,91.27900761618824,93.32385180233229,90.87197891214636,93.21967315673828,158130000
2020-07-31,99.70790378289954,103.12889587437893,97.71151174507618,102.97868347167969,374336800
2020-08-03,104.85877268635082,108.19012242087766,104.56077304212948,105.57350158691406,308151200
2020-08-04,105.76251437134403,107.36883235329572,105.04051713026178,106.27857208251953,173071600
2020-08-05,105.99990498721345,106.98356100845466,105.53472422249668,106.66374969482422,121776800
2020-08-06,106.99570525966352,110.87945383007707,106.40696656350907,110.38520050048828,202428800
2020-08-07,109.90703455219526,110.36334336865978,107.07938502036484,107.87549591064453,198045600
2020-08-10,109.31964010708016,110.46041197638358,106.79538698699508,109.44342803955078,212403600
2020-08-11,108.70802360073796,109.20559017872704,105.9289127146506,106.1886215209961,187902400
2020-08-12,107.2783964791796,109.97498398938008,107.08422600127558,109.71770477294922,165598000
2020-08-13,111.096349513322,112.66187605488997,110.60848630688241,111.65945434570312,210082000
2020-08-14,111.48469489954057,111.64974056440289,109.75169319709691,111.5599365234375,165565200
2020-08-17,112.68126733476751,112.70554049467134,110.64244782402939,111.2686538696289,119561600
2020-08-18,111.02109807418744,112.62060097941455,110.68614768785797,112.19584655761719,105633600
2020-08-19,112.60361413274605,113.74923783578949,112.24196843606359,112.33662414550781,145538000
2020-08-20,112.37790398361146,114.94342292138063,112.36091202603218,114.829345703125,126907200
2020-08-21,115.78804760558032,121.22976157375017,115.77591472831364,120.74675750732422,338054800
2020-08-24,124.9481850882098,125.03314486284968,120.32686221834298,122.19092559814453,345937600
2020-08-25,121.0647112936665,121.5331529265973,119.4676306472173,121.18849182128906,211495600
2020-08-26,122.50404983764719,123.29287960664668,121.43851930194522,122.8365707397461,163022400
2020-08-27,123.43850794155522,123.77102883487844,120.22493186903937,121.36813354492188,155552400
2020-08-28,122.34140581995463,122.75887903183632,120.9482136928383,121.17151641845703,187630000
2020-08-31,123.86324282555849,127.18360697027765,122.32927082637391,125.28070068359375,225702700
2020-09-01,128.8923056104839,130.87288270975856,126.72727621370097,130.27093505859375,151948100
2020-09-02,133.58165552152477,133.96029325325117,123.30017227103977,127.57198333740234,200119000
2020-09-03,123.2127726268104,125.08653940539764,116.98950967695433,117.35843658447266,257599600
2020-09-04,116.5720628380903,120.09630926936413,107.65949870759528,117.4361343383789,332607200
2020-09-08,110.63031858211357,115.52349034053138,109.3973204514996,109.53324127197266,231366600
2020-09-09,113.84391097205425,115.66913897859283,111.90217621343139,113.90216064453125,176940500
2020-09-10,116.85360847744802,116.98952932974198,109.22258962320309,110.18374633789062,182274400
2020-09-11,111.23226548811466,111.87304145706314,106.7954022543771,108.73713684082031,180860300
2020-09-14,111.37789783991316,112.55264638404466,109.51383440164483,111.99925231933594,140150100
2020-09-15,114.88273194668369,115.36816560750079,110.30023700342959,112.17401123046875,184642000
2020-09-16,111.87304453196484,112.62060910915572,108.7759754111815,108.86334991455078,154679000
2020-09-17,106.52356291630672,108.9313097079175,105.54298485481058,107.12549591064453,178011000
2020-09-18,107.18375552641913,107.64976770036112,102.99931226553164,103.72746276855469,287104900
2020-09-21,101.49447149912258,106.97987339137704,100.09642017457678,106.87307739257812,195713800
2020-09-22,109.39732289119372,109.57207929386054,105.97987340331184,108.55266571044922,183055400
2020-09-23,108.36820053624751,108.84392339466623,103.65948864684648,103.99929809570312,150718700
2020-09-24,102.10611991881453,107.03812795513899,101.94107424298952,105.06726837158203,167743300
2020-09-25,105.27114952311253,109.16432976181966,104.53328824582925,109.00898742675781,149981400
2020-09-28,111.65944720543573,111.96041368995603,109.49440992627346,111.61090087890625,137672400
2020-09-29,111.21285610238571,111.9507099432901,110.26140285567331,110.76625061035156,99382200
2020-09-30,110.4749932403561,113.84390402616219,110.30994757365427,112.43614196777344,142675200
2020-10-01,114.21282419285578,114.29049535158379,112.45555681762868,113.38758850097656,116120400
2020-10-02,109.60120691204848,112.00896103141628,108.95072761058432,109.7274169921875,144712000
2020-10-05,110.5915056515741,113.25168017088336,110.24199280586862,113.10604858398438,106243800
2020-10-06,112.32935419932602,112.73712413305032,108.97986466252809,109.86335754394531,161498200
2020-10-07,111.2808188977388,112.18372583418271,110.80508856065056,111.7274169921875,96849000
2020-10-08,112.86331432521168,113.00894588963777,111.25167118458671,111.62060546875,83477200
2020-10-09,111.92157933161523,113.59147224549314,111.57206651675105,113.56234741210938,100506900
2020-10-12,116.56232621166858,121.53316947743221,115.80505089927543,120.77589416503906,240226800
2020-10-13,121.62054399652054,121.73705073964729,116.16427448485399,117.57202911376953,262330500
2020-10-14,117.47493379758126,119.44579307201987,116.13513969852242,117.6594009399414,150712000
2020-10-15,115.26138106332213,117.6691281122452,114.70798693128388,117.19340515136719,112559200
2020-10-16,117.74679760043794,118.00893594757436,115.34875392683747,115.5526351928711,115393800
2020-10-19,116.46524411778215,116.9118422011094,112.29051903948137,112.6011962890625,120639300
2020-10-20,112.81477533834804,115.513792607474,112.2613812832418,114.08661651611328,124423700
2020-10-21,113.27110069621133,115.25167113205254,113.05750867757199,113.46527862548828,89946000
2020-10-22,114.02836301066806,114.60117857735534,111.25168190141596,112.37789154052734,101988000
2020-10-23,112.99924512599237,113.15458745033783,110.95071451824744,111.6885757446289,82572600
2020-10-26,110.6885775032748,113.15458121285103,109.591492767667,111.69828033447266,111850700
2020-10-27,112.12547682460935,113.86333040398806,111.20315573383206,113.20314025878906,92276800
2020-10-28,111.6982866474873,112.06721355762778,107.863356340069,107.96044158935547,143937800
2020-10-29,109.09636307884779,113.52351567412646,108.93131000553764,111.96041870117188,146129200
2020-10-30,107.82451118538518,108.72741799712837,104.58181822292556,105.68860626220703,190272600
2020-11-02,105.9313331743507,107.4555945603439,104.19347979423505,105.60123443603516,122866900
2020-11-03,106.46531984784082,108.24200151383607,105.56241289323033,107.22259521484375,107624400
2020-11-04,110.81481127564828,112.22256612959036,109.07695763364633,111.60121154785156,138235500
2020-11-05,114.51377858379472,116.13513237076141,113.46524768018678,115.56231689453125,126387100
2020-11-06,115.07120221763194,115.92703675245446,112.94133225108231,115.43104553222656,114457900
2020-11-09,117.19134078148167,118.64042665215963,112.86353074963101,113.12611389160156,154515300
2020-11-10,112.37726248118744,114.36124218625869,110.99624681601809,112.78572845458984,138023400
2020-11-11,113.97222563450443,116.34522361614252,113.24281896631516,116.20906829833984,112295000
2020-11-12,116.33551348572685,117.22052312713384,115.31434109496367,115.936767578125,103162300
2020-11-13,116.16044760960408,116.38412816982795,114.63355658842221,115.98538970947266,81581900
2020-11-16,115.65473585240478,117.66789824397613,114.90588149878657,116.9968490600586,91183000
2020-11-17,116.26742672482064,117.35666927518157,115.6936229499769,116.11181640625,74271000
2020-11-18,115.35323797332128,116.53001321672764,114.75998660153422,114.7891616821289,76322100
2020-11-19,114.36124340716778,115.7908817492475,113.60266161420516,115.38241577148438,74113000
2020-11-20,115.38241090893905,115.50883872913519,114.06948036722605,114.11810302734375,73604300
2020-11-23,113.96251344016258,114.39043445067523,110.6266928661709,110.72394561767578,127959300
2020-11-24,110.78228497711366,112.66901178958845,109.49852215679763,112.00768280029297,113874200
2020-11-25,112.37727712657373,113.54432503693381,112.0077062663623,112.8440933227539,76499200
2020-11-27,113.36925481147574,114.26399194036229,113.02886649286769,113.38870239257812,46691300
2020-11-30,113.75827627180732,117.64844554887398,113.6026659391683,115.78116607666016,169410200
2020-12-01,117.68734119570294,120.07979426970195,116.7147989337566,119.35038757324219,127728200
2020-12-02,118.66961579736986,119.98255392256038,117.57064559900594,119.70051574707031,89004200
2020-12-03,120.12842284343223,120.38128592155832,118.85439479194712,119.5643539428711,78967600
2020-12-04,119.23367595532766,119.4865390127896,118.18332856578574,118.8932876586914,78260400
2020-12-07,118.95165604515132,121.14960390007961,118.89330587676078,120.35211944580078,86712000
2020-12-08,120.95507789382133,121.54832923828494,119.71021762648395,120.96479797363281,82225500
2020-12-09,121.11067878997038,122.49168693103906,117.67760601650876,118.43618774414062,115089200
2020-12-10,117.1913458248472,120.46881600995408,116.85095750767795,119.85610961914062,81312200
2020-12-11,119.06834436920384,119.38928508279156,117.23996766557605,119.04889678955078,86939800
2020-12-14,119.23367205010081,119.96307869896347,118.20277969407886,118.43618774414062,79184500
2020-12-15,120.92590514212858,124.3881607505194,120.72167215100104,124.36870574951172,157243700
2020-12-16,123.91160246802319,124.84523464866267,123.08493568074685,124.30061340332031,98208600
2020-12-17,125.36070423445284,126.02204075578122,124.5243172114844,125.16619873046875,94359800
2020-12-18,125.41905534776451,125.5552106694522,122.65703149372492,123.18220520019531,192541500
2020-12-21,121.58723882712805,124.78690398309315,120.0603476658836,124.70909881591797,121251600
2020-12-22,127.99627481697722,130.71939584455194,126.09008564573021,128.2588653564453,168904800
2020-12-23,128.53119113827395,128.79376686890285,127.18907804467862,127.36414337158203,88223700
2020-12-24,127.71428885467729,129.79552922137646,127.50032831643357,128.346435546875,54930100
2020-12-28,130.3109520335808,133.56895993255333,129.84412103088945,132.9368133544922,124486200
2020-12-29,134.2594552546887,134.979126993658,130.65131712079605,131.16676330566406,121047300
2020-12-30,131.85729981121693,132.25604575507535,129.7371496715403,130.04837036132812,96452100
2020-12-31,130.398479383972,131.0403608931575,128.1032788564328,129.04664611816406,99116600
2021-01-04,129.85387784053697,129.94140310336348,123.2794885092681,125.85672760009766,143301900
2021-01-05,125.35098050896518,128.1227320895685,124.9036045069711,127.41276550292969,97664900
2021-01-06,124.21309795786028,127.45166544679954,122.90988747820573,123.12384796142578,155088000
2021-01-07,124.83551263774474,128.01572966594065,124.34924155623901,127.3252182006836,109578200
2021-01-08,128.79375026318803,128.9882705657379,126.65416049347947,128.4241943359375,105158200
2021-01-11,125.64273985954293,126.59582714131227,124.97168331019907,125.4384994506836,100384500
2021-01-12,124.97167735433455,126.12900498980764,123.3767086805256,125.26344299316406,91951100
2021-01-13,125.22450131987915,127.84064164797206,124.96192566718206,127.2960205078125,88636800
2021-01-14,127.20854206590191,127.4030475675069,125.22454736600265,125.37043762207031,90221800
2021-01-15,125.2439937099894,126.64445696844105,123.51286963768597,123.6490249633789,111598500
2021-01-19,124.27145353534586,125.1759255883475,123.45452156734409,124.32008361816406,90757300
2021-01-20,125.12733654756252,128.85217654796193,125.02035626619983,128.40480041503906,104319500
2021-01-21,130.12612023644863,135.83493692542157,129.92187989059025,133.11181640625,120150900
2021-01-22,132.53804856258682,136.0100313065284,131.31265074462775,135.25144958496094,114459400
2021-01-25,139.14160249614895,141.1061268129052,132.790889061693,138.99571228027344,157611700
2021-01-26,139.65704686073025,140.3378233401724,137.48826736504506,139.2291259765625,98390600
2021-01-27,139.49171024148978,140.3378319835939,136.55464370074296,138.15933227539062,140843800
2021-01-28,135.6891219680526,138.09130292156465,132.94654523318187,133.32583618164062,142621100
2021-01-29,132.1004504499765,132.98546769252428,126.63476631172155,128.3367156982422,177523800
2021-02-01,130.0775115262782,131.66275996689077,127.3349355620146,130.45680236816406,106239800
2021-02-02,132.00311883358094,132.56719496294366,130.91387656436356,131.283447265625,83305400
2021-02-03,132.03231758895785,132.0420525079875,129.94135789213308,130.26229858398438,89880900
2021-02-04,132.55747128395706,133.6272585293549,130.89441801327774,133.61753845214844,84183100
2021-02-05,133.77828189570104,133.84645384942093,132.32702331519238,133.20361328125,75693800
2021-02-08,132.49261062393538,133.39843419416206,131.411474992241,133.3497314453125,71297200
2021-02-09,133.0672978062939,134.29454199245745,132.3173317614118,132.47315979003906,76774200
2021-02-10,132.93089894279558,133.42764614924684,130.9049865610518,131.86924743652344,73046600
2021-02-11,132.3659630385237,132.84322611365104,130.2913630347836,131.61599731445312,64280000
2021-02-12,130.85631242835694,132.0056200817279,130.21347177715296,131.8497772216797,60145100
2021-02-16,131.96667922879305,132.4731462786685,129.33687901923372,129.7264862060547,80576300
2021-02-17,127.83694865610929,128.78172577037512,126.10323732234234,127.43760681152344,97918500
2021-02-18,125.84020503461309,126.61940434141995,124.09675977564942,126.33695220947266,96856700
2021-02-19,126.85319396385569,127.31097309084008,125.45063790347744,126.49280548095703,87668800
2021-02-22,124.68116782712916,126.34670679460257,122.33384236261952,122.72344207763672,103916400
2021-02-23,120.54171522344798,123.41499969263877,115.31135540885224,122.58710479736328,158273000
2021-02-24,121.69100535268275,122.29487783267318,119.05147832650884,122.09033966064453,111039900
2021-02-25,121.43777330096201,123.17148430278391,117.40543205845579,117.8437271118164,148199500
2021-02-26,119.40211317040608,121.6033452358005,118.04825992472897,118.10670471191406,164560400
2021-03-01,120.53196041049354,124.60326248159897,119.59692548811965,124.46690368652344,116307900
2021-03-02,125.07078727617044,125.37272355528646,121.75920051926317,121.86634063720703,102260900
2021-03-03,121.56439814767528,122.44099574374602,118.67162979614048,118.88591003417969,112966300
2021-03-04,118.58394833274576,120.38583846392305,115.53534519039708,117.00607299804688,178155000
2021-03-05,117.83397451469976,118.76900926850234,114.51264641529035,118.26252746582031,153766600
2021-03-08,117.78528102761602,117.85346041822143,113.18802088680535,113.33412170410156,154376600
2021-03-09,115.93468789918522,118.8858931954571,115.7009310503409,117.94111633300781,129525800
2021-03-10,118.52551679323263,118.99303047984385,116.34376148572666,116.8599853515625,111943300
2021-03-11,119.35342480023796,120.00600008566362,118.1067115889779,118.78850555419922,103026500
2021-03-12,117.26906067587845,118.01903394756955,116.06130832636462,117.88267517089844,88105100
2021-03-15,118.25280599447676,120.77545095974142,117.28854502762586,120.76570892333984,92403800
2021-03-16,122.43122794234345,123.91170522216095,121.47671654048351,122.30461120605469,115227900
2021-03-17,120.82415009129004,122.58707964634337,119.15861117334904,121.51568603515625,111932600
2021-03-18,119.68457913932171,119.97678079779097,117.19115272943903,117.39569091796875,121229700
2021-03-19,116.78207967633583,118.27229182875169,116.5677994448256,116.86973571777344,185549500
2021-03-22,117.20088850037816,120.64883370339138,117.13270910784668,120.18131256103516,111912300
2021-03-23,120.12287382459728,121.0092059173222,118.96381673388366,119.3534164428711,95467100
2021-03-24,119.62612052050626,119.7040419397164,116.94763304087101,116.96710968017578,88530500
2021-03-25,116.43142597838931,118.4962991670475,115.90546750304253,117.45411682128906,98844700
2021-03-26,117.22036189731419,118.32098161470867,115.82754797615723,118.05799865722656,94071200
2021-03-29,118.48655542775977,119.3923715504468,117.59048134086395,118.23331451416016,80819200
2021-03-30,116.98661215897457,117.26907177481125,115.76911765846987,116.78207397460938,85671900
2021-03-31,118.48655874928595,120.30792565051348,117.9995609800172,118.97355651855469,118323800
2021-04-01,120.44429326652572,120.95076768283118,119.30471282559485,119.80145263671875,75089100
2021-04-05,120.64882037232358,122.87927086868106,119.86962103149284,122.62602996826172,88651200
2021-04-06,123.21045341308864,123.82406801579717,122.38255857200649,122.92799377441406,80171300
2021-04-07,122.55785759372996,124.59350465582355,121.88579830959569,124.57402801513672,83466700
2021-04-08,125.59673249128127,126.99928856495599,125.17792150755567,126.9700698852539,88844600
2021-04-09,126.4246443564377,129.58038090088027,126.10322399320837,129.5414276123047,106686700
2021-04-12,129.07389204693322,129.3953123558948,127.23304108614778,127.82717895507812,91420000
2021-04-13,128.99596262492872,131.15823376064404,128.49921542278324,130.9342041015625,91266500
2021-04-14,131.43099577675665,131.4894331469025,128.23629073814718,128.59666442871094,87222800
2021-04-15,130.34008581919048,131.48939338315375,130.1647588997771,131.0023956298828,89347100
2021-04-16,130.80765399926287,131.16802773098817,129.81417400731962,130.67129516601562,84922400
2021-04-19,130.0381714732957,131.9472097448359,129.87259397383497,131.33358764648438,94264200
2021-04-20,131.5088638445784,132.00559615119002,128.3823320528723,129.64852905273438,94812300
2021-04-21,128.91807261047788,130.27192605122198,127.88563953707525,130.02842712402344,68847100
2021-04-22,129.58037371612286,130.66150947358742,127.99277092528317,128.5089874267578,84566500
2021-04-23,128.72323846633472,131.6062565911259,128.72323846633472,130.8270721435547,78657500
2021-04-26,131.32381490404939,131.54782970744535,130.0868364590517,131.2166748046875,66905100
2021-04-27,131.49915149684074,131.88875868630524,130.62256132903624,130.89527893066406,66015800
2021-04-28,130.81733580986761,131.5088791677975,129.61932548257246,130.1063232421875,107760100
2021-04-29,132.92117853809344,133.50558183329358,129.00571212903608,130.00892639160156,151101000
2021-04-30,128.35315956120257,130.0868708182536,127.66163089702832,128.04148864746094,109839500
2021-05-03,128.6064011393442,130.58362632092104,128.40187034048927,129.09339904785156,75135100
2021-05-04,127.77848641989287,128.070688075214,123.40524078183631,124.52533721923828,137564700
2021-05-05,125.84022317213565,127.05771762012843,124.64221279666873,124.76883697509766,84000900
2021-05-06,124.5643128982338,126.37594554444907,123.82407406523244,126.3662109375,78128300
2021-05-07,127.66379828936026,128.06380344320834,126.32714777247271,127.03938293457031,78973300
2021-05-10,126.25887677480436,126.38570115821472,123.7221806852606,123.7612075805664,88071200
2021-05-11,120.492788250042,123.19533577203656,119.7805603965293,122.84410858154297,126142800
2021-05-12,120.39521236408822,121.60501628867115,119.27321336720668,119.78054809570312,112172300
2021-05-13,121.5464761686261,123.0782463378904,121.23426847309511,121.9269790649414,105861300
2021-05-14,123.17581112527975,124.77587651193251,122.78554964091157,124.34658813476562,81918000
2021-05-17,123.7319305977149,123.83925269137897,122.12210663637244,123.19532012939453,74244600
2021-05-18,123.47825894714309,123.8977887358132,121.74160317568686,121.80989837646484,63342900
2021-05-19,120.16105765432343,121.87819629608094,119.86835967667767,121.65380096435547,92612000
2021-05-20,122.1806452374261,124.61001150333645,122.05380598133526,124.20999145507812,76857100
2021-05-21,124.70757329750661,124.88319058200729,122.16112639405591,122.37577056884766,79295400
2021-05-24,122.94167191078611,124.82467691264395,122.87337670112784,124.005126953125,63092900
2021-05-25,124.70758616767343,125.19541862484827,123.24411112700588,123.80998992919922,72009500
2021-05-26,123.8685296817526,124.28805950176616,123.34167776055286,123.7612075805664,56575900
2021-05-27,123.36118872845968,124.5319657543007,122.03430412924318,122.22943115234375,94625600
2021-05-28,122.51235234032615,122.73675508280117,121.51719276060966,121.57572937011719,71311100
2021-06-01,122.03429182182089,122.29771402080185,120.92205152635813,121.25376892089844,67637100
2021-06-02,121.253779962891,122.19040306312083,121.02938463288338,122.01478576660156,59278900
2021-06-03,121.64403199734149,121.80989069682863,120.13177164794705,120.53179168701172,76229200
2021-06-04,121.04888711847525,123.08799935298282,120.83424294183042,122.82456970214844,75169300
2021-06-07,123.09774990370911,123.24409888195902,121.79038257021139,122.8343276977539,71057600
2021-06-08,123.51730209755509,125.33201933627309,123.1367991511912,123.65389251708984,74403800
2021-06-09,124.1124471042461,124.63929904628665,123.43924615992437,124.03439331054688,56877900
2021-06-10,123.92705266664278,125.06856875877892,122.87335638380547,123.03921508789062,71186400
2021-06-11,123.44899075181716,124.33683580636276,123.02946096276283,124.2490234375,53522400
2021-06-14,124.70757053406396,127.36133202248661,123.97583310546236,127.30279541015625,96906500
2021-06-15,126.77593613475452,127.41986856929493,126.2393257726375,126.48323822021484,62746300
2021-06-16,127.19549442536886,127.70283662845416,125.33201411236685,126.98085021972656,91815000
2021-06-17,126.63935317228925,129.32239025268845,126.49299676283543,128.5808868408203,96721700
2021-06-18,127.52721480091387,128.30772287123602,127.06865812161917,127.2833023071289,108953300
2021-06-21,127.12722136946698,129.1858438437529,126.06376624672313,129.07852172851562,79663300
2021-06-22,128.912661708904,130.8151765627034,128.41507059443637,130.7176055908203,74783600
2021-06-23,130.51269961588608,131.04931007255976,129.98584029942936,130.44439697265625,60214200
2021-06-24,131.17613794325877,131.36151382298493,129.69314579268672,130.16146850585938,68711000
2021-06-25,130.21022727723152,130.62974954026467,129.57604598259172,129.86874389648438,70783700
2021-06-28,130.1614419453381,131.95663398446408,130.10290533994575,131.49807739257812,62111300
2021-06-29,131.51760238370522,133.16645300747723,131.0785629298999,133.01034545898438,64556100
2021-06-30,132.854213168593,134.06402411325243,132.56151529148786,133.62498474121094,63261400
2021-07-01,133.27379128495963,133.98601159157678,132.4542339993765,133.92747497558594,52485800
2021-07-02,134.54213509862615,136.59100614570704,134.39579354693674,136.55198669433594,78852600
2021-07-06,136.65929888430668,139.66428770082487,136.65929888430668,138.5618133544922,108181800
2021-07-07,140.04478004189397,141.36191336128311,139.1862182535438,141.04971313476562,104911600
2021-07-08,138.13249304147996,140.55210024692394,137.24464819829342,139.7520751953125,105575500
2021-07-09,139.27404907544525,142.10342835570765,139.17647811244083,141.5765838623047,99890800
2021-07-12,142.64976728517905,142.7570893612842,140.49357462424308,140.9813995361328,76299700
2021-07-13,140.5228614286861,143.86934850619764,140.1326074026889,142.09365844726562,100827100
2021-07-14,144.49378305932458,145.92798987044893,144.08399692422722,145.51820373535156,127050800
2021-07-15,145.606036124653,146.3475248913628,143.50837933553277,144.86453247070312,106820300
2021-07-16,144.84501166670194,146.11334481046933,142.32783277394142,142.82540893554688,93251400
2021-07-19,140.24968646910114,140.56190161268026,138.2203326975493,138.98133850097656,121434600
2021-07-20,139.96676145319105,143.518127007473,139.47893643261804,142.59124755859375,96350000
2021-07-21,141.98630578312776,142.57170158330715,141.10822697009226,141.85946655273438,74993500
2021-07-22,142.38632818516166,144.59129128070637,142.25948895259933,143.2253875732422,77338200
2021-07-23,143.9571344380385,145.09864294509043,143.3424702853048,144.94253540039062,71447400
2021-07-26,144.6596219111436,146.18163344756866,144.10349429509156,145.36209106445312,72434100
2021-07-27,145.48893575716545,145.57675557902394,142.00587269876928,143.1961669921875,104818600
2021-07-28,141.28386358886817,143.39127100475073,139.06913408549428,141.44972229003906,118931200
2021-07-29,141.16679397009463,142.98150347673163,141.05947187985987,142.09365844726562,56699500
2021-07-30,140.86436116386733,142.7668758133756,140.60093147786202,142.30831909179688,70440600
2021-08-02,142.7961201026742,143.37174997131473,141.71314811709883,141.97657775878906,62880000
2021-08-03,142.2595139229218,144.43520909857267,141.64484970305608,143.7717742919922,64786600
2021-08-04,143.68398028393023,144.19130756729243,142.71808142038705,143.37176513671875,56368300
2021-08-05,143.40102641721816,144.24008597517638,142.61075233452527,143.4790802001953,46397700
2021-08-06,143.00027443873307,143.74287381363573,142.29675296375655,142.79507446289062,54126800
2021-08-09,142.85375976308137,143.34231572322156,142.18933081387217,142.74627685546875,48908700
2021-08-10,143.08827226738262,144.3292085832048,141.97436527249621,142.2675018310547,69023100
2021-08-11,142.70716850336376,143.36183156118472,142.19906623850963,142.52151489257812,48493500
2021-08-12,142.84394884807298,145.63848865290169,142.5019538202862,145.48214721679688,72282600
2021-08-13,145.56034862237908,146.01959236929383,144.87637333214747,145.6873779296875,59375000
2021-08-16,145.1401825389347,147.72953779617734,143.117568833467,147.6611328125,103296000
2021-08-17,146.79151932278535,148.20832862251999,145.67761233221978,146.75244140625,92229700
2021-08-18,146.37135309386304,147.27029417589944,142.80488601790597,143.0100860595703,86326000
2021-08-19,141.71054055666755,144.61256415166383,141.19267243186096,143.34231567382812,86960300
2021-08-20,144.06536865206095,145.10110479232438,143.4204712746936,144.79820251464844,60549600
2021-08-23,144.91545125791524,146.7524262457425,144.50506608373868,146.28341674804688,60131800
2021-08-24,146.02934262692168,147.40707372149436,145.73620613091066,146.19544982910156,48606400
2021-08-25,146.38108802855803,146.87942449217206,144.4170990582826,144.9642791748047,58991300
2021-08-26,144.95451308804914,145.7068782917423,144.13372800564036,144.1630401611328,48597200
2021-08-27,144.10446179134948,145.34539810446006,143.46934500714787,145.19883728027344,55802400
2021-08-30,145.58964568755835,149.97688265994054,145.2085727146907,149.61534118652344,90956700
2021-08-31,149.16590885521063,149.30270392723426,147.8272553901817,148.3549041748047,86453100
2021-09-01,149.3319699829077,151.43275399237308,148.85317992388826,149.019287109375,80313700
2021-09-02,150.34815971820325,151.1787105563669,148.91180444862712,150.13319396972656,71115500
2021-09-03,150.24072279818162,151.09082030337387,149.5860596037749,150.76837158203125,57808700
2021-09-07,151.42303452779782,153.66061425099002,150.85630782844845,153.10366821289062,82278300
2021-09-08,153.38700877891932,153.4456331023822,150.45567332943037,151.559814453125,74420200
2021-09-09,151.93112186962642,152.53692642541913,150.42636132134103,150.5436248779297,57305700
2021-09-10,151.45231569560596,151.9213251437336,145.2965089144569,145.56033325195312,140893200
2021-09-13,147.18232700871462,147.9542386226374,145.3453524055779,146.12704467773438,102404300
2021-09-14,146.90876744705565,147.61228914708835,143.54750041568678,144.72979736328125,109296300
2021-09-15,145.15971382126716,146.0195769004921,143.01983678244974,145.61895751953125,83281300
2021-09-16,145.04244981377065,145.56031777444971,143.85037245648,145.38442993164062,68034100
2021-09-17,145.41378761722353,145.41378761722353,142.4238129361749,142.71694946289062,129868800
2021-09-20,140.50869758793672,141.5248874282257,138.03660561412693,139.6683807373047,123478900
2021-09-21,140.63566578658538,141.29034368063373,139.51199340756355,140.14710998535156,75834000
2021-09-22,141.14379903633161,143.07847626004042,140.41096517330857,142.5117645263672,76404300
2021-09-23,143.29342671393508,143.71359250338787,142.30654925147212,143.4693145751953,64838200
2021-09-24,142.32611071447462,144.09468071612673,142.22839356904527,143.55726623535156,53477900
2021-09-27,142.1404264749726,142.61921652920344,140.52819828937186,142.04270935058594,74150700
2021-09-28,139.9712677848058,141.43693551030117,138.44697573581755,138.6619415283203,108972300
2021-09-29,139.2091064976362,141.14378350850296,138.77917495976774,139.5608673095703,74602000
2021-09-30,140.37188712321222,141.07540882378817,138.04635622911155,138.26132202148438,89056700
2021-10-01,138.65213028813756,139.64878829633227,135.9259954801677,139.3849639892578,94639600
2021-10-04,138.51535016597074,138.95506236159227,135.1052398519007,135.955322265625,98322000
2021-10-05,136.29730248452776,138.9843593851802,136.1702732054442,137.88021850585938,80861100
2021-10-06,136.27780121386797,138.89645401323804,135.20297213380132,138.74989318847656,83221100
2021-10-07,139.7855986818326,140.9190518423827,139.45338427911526,140.0103302001953,61732700
2021-10-08,140.73338282452485,140.87994360098938,139.29702757701324,139.62924194335938,58773200
2021-10-11,139.0137174402137,141.49557516408288,138.56423939549762,139.54135131835938,64452200
2021-10-12,139.95173660619236,139.9712830193318,137.8118591085372,138.27110290527344,73035900
2021-10-13,138.00726310614547,138.16358964828814,136.0139468710265,137.684814453125,78762700
2021-10-14,138.85733053427336,140.58682224669744,138.27105760850728,140.4695587158203,69907100
2021-10-15,140.4793699361988,141.58349614959462,140.22531132197605,141.52487182617188,67940300
2021-10-18,140.16667221392322,143.47908032380766,139.88331637742027,143.1957244873047,85589200
2021-10-19,143.64518755891186,145.75575243725564,143.1957245202807,145.35513305664062,76378900
2021-10-20,145.29653919398467,146.32250968957678,144.72981249251907,145.84371948242188,58418800
2021-10-21,145.40397653574416,146.2149809625118,144.48548923531962,146.0586395263672,61421000
2021-10-22,146.26385487822307,146.74263007605518,145.23788459644618,145.2867431640625,58883400
2021-10-25,145.27696242983234,145.95117189778182,144.24122639888336,145.23788452148438,50720600
2021-10-26,145.91210950073977,147.38754297777294,145.5994265625498,145.90234375,60893400
2021-10-27,145.94142163499626,146.30294823636,145.0913391249601,145.44309997558594,56094900
2021-10-28,146.39085470391106,149.66416934171193,146.29313758834866,149.07791137695312,100077900
2021-10-29,143.85043286471236,146.50817875349358,143.05897451355807,146.3713836669922,124953200
2021-11-01,145.57986452377787,146.27360541935798,144.41709931929685,145.55055236816406,74588300
2021-11-02,145.25746142260692,148.10086068451773,145.24768076131065,146.58633422851562,69122000
2021-11-03,146.94783044977856,148.49166875101167,146.39088452432864,148.0226593017578,54511500
2021-11-04,148.11059575284676,148.94113176601576,147.192108353955,147.50479125976562,60394600
2021-11-05,148.63012712450208,148.93347149692437,146.83940090236302,148.03321838378906,65463900
2021-11-08,148.16037955280584,148.3169491501547,146.9372075697029,147.21119689941406,55020900
2021-11-09,146.97636409239348,148.17996131979666,146.8393694074151,147.57327270507812,56787900
2021-11-10,146.8002509889988,146.9078907486886,144.67682566721112,144.7453155517578,65187100
2021-11-11,145.7630135429795,146.22291262356347,144.51047128224292,144.69639587402344,41000000
2021-11-12,145.2443426792842,147.1720631299846,144.3147348567186,146.7708740234375,63804000
2021-11-15,147.1427090779816,148.6203105600799,146.22288125155492,146.78065490722656,59222800
2021-11-16,146.72195341819835,148.23868992516853,146.13482479249984,147.7592010498047,59256200
2021-11-17,147.7592057993934,151.6733569463972,147.7494257967945,150.19577026367188,88807000
2021-11-18,150.41104477831504,155.26458367795593,149.76520627698585,154.48175048828125,137827700
2021-11-19,154.26646446197273,157.56414670764048,153.17050700157068,157.10423278808594,117305600
2021-11-22,158.210017461011,162.14374442137012,157.54461878472307,157.56419372558594,117467900
2021-11-23,157.66203166951047,158.3274452479913,155.6462458566702,157.94581604003906,96041900
2021-11-24,157.2999692591092,158.66013635871653,156.2137915801923,158.4644317626953,69463600
2021-11-26,156.14527755829806,157.00638063396804,153.00416477836077,153.4445037841797,76959800
2021-11-29,155.94953492440175,157.73048055072377,155.38198131594635,156.80087280273438,88748200
2021-11-30,156.55627065978888,161.9675835913138,156.48776584559891,161.75230407714844,174048100
2021-12-01,163.88551760970591,166.64500155872992,160.99883389139347,161.2336883544922,152052500
2021-12-02,155.33309702351337,160.6759050938818,154.4132690949476,160.24534606933594,136739200
2021-12-03,160.49976670029744,161.4195945786872,156.29205136899398,158.36654663085938,118023100
2021-12-06,160.76397340255957,164.27693555746282,160.7541933995356,161.77188110351562,107497000
2021-12-07,165.45115282756737,167.8974970290668,164.7270295686555,167.50607299804688,120405400
2021-12-08,168.43574938085717,172.1835516828611,167.03643228768738,171.3224334716797,116998900
2021-12-09,171.15606234208923,172.95656843850207,170.18730447599066,170.81356811523438,108923700
2021-12-10,171.44956695337927,175.77470103797503,170.94072325775102,175.5985565185547,115402700
2021-12-13,177.23275419312068,178.22108688608395,171.76273170193855,171.96823120117188,153237000
2021-12-14,171.48873864529648,173.92530298904865,168.51399049049428,170.58848571777344,139380400
2021-12-15,171.35176719309973,175.6475478496639,168.6118581679586,175.45184326171875,131063300
2021-12-16,175.43225135839342,177.2523322197485,167.08532532021002,168.5629119873047,150185800
2021-12-17,166.28294252078598,169.74697513874438,166.0481029746897,167.46697998046875,195432700
2021-12-20,164.66834446331637,166.91898445345717,163.8659512088188,166.10679626464844,107499100
2021-12-21,167.87793543850688,169.48273676499653,165.49030091905374,169.27725219726562,91185900
2021-12-22,169.32617236411534,172.08565609490324,168.45527432954148,171.87037658691406,92135300
2021-12-23,172.07586375572322,173.0544014741378,171.50831008728667,172.4966278076172,68356600
2021-12-27,173.28927903509933,176.54781214494253,173.26971902697096,176.45974731445312,74919600
2021-12-28,176.29336988152778,177.43825729141835,174.69834852343934,175.44203186035156,79144300
2021-12-29,175.48120622634931,176.75330850310786,174.31674371757737,175.53013610839844,62348900
2021-12-30,175.61818975957434,176.69458737092964,174.26780274374727,174.3754425048828,59773000
2021-12-31,174.26780109643352,175.38333364161016,173.45561289396153,173.75897216796875,64062300
2022-01-03,174.01337226981713,178.95499096160628,173.895952516217,178.10365295410156,104487900
2022-01-04,178.71035458130368,179.01369889567948,175.2756775127618,175.84323120117188,99310400
2022-01-05,175.7551772531539,176.3031560396219,170.89184312629723,171.16583251953125,94537600
2022-01-06,168.99347567343597,171.53767993498516,167.95622799076347,168.30850219726562,96904000
2022-01-07,169.17940193566972,170.40257420223315,167.35932100577125,168.474853515625,86709100
2022-01-10,165.45114734140734,168.79774430633347,164.5606744980765,168.49440002441406,106765600
2022-01-11,168.62167398838997,171.42027831211996,167.15386700004245,171.3224334716797,76138300
2022-01-12,172.3400901249927,173.3773379097134,171.06800280036754,171.76275634765625,74805200
2022-01-13,172.0073465977702,172.82931463870656,168.10297600637327,168.49440002441406,84505800
2022-01-14,167.66264878484014,170.0502832024392,167.4180143556812,169.35552978515625,80440800
2022-01-18,167.82900716362772,168.83689986985863,165.77408681023036,166.1557159423828,90956700
2022-01-19,166.35143003303915,167.40825267441707,162.37856885772902,162.66233825683594,94815000
2022-01-20,163.3962376065405,166.03828667936338,160.65632878123083,160.979248046875,91420500
2022-01-21,160.8911718694381,162.76018251834915,158.81667665863466,158.92431640625,122848900
2022-01-24,156.58560899416545,158.8166737850042,151.37978119467465,158.15126037597656,162294600
2022-01-25,155.56793581393717,159.26680751652682,153.65001008067688,156.35076904296875,115798400
2022-01-26,159.99089049638027,160.86178832446035,154.4328043421836,156.26266479492188,108275300
2022-01-27,158.96348400735147,160.32365113506773,154.88298262420264,155.8028106689453,121954600
2022-01-28,162.15352186578443,166.6939371213685,159.3059729952558,166.6743621826172,179935700
2022-01-31,166.5079991576081,171.24411862639118,165.87194061535732,171.02883911132812,115541600
2022-02-01,170.27534392743365,171.0875320298687,168.61183278338754,170.8624725341797,86213900
2022-02-02,170.99949834473722,172.10525095182186,169.6099763158955,172.06610107421875,84914300
2022-02-03,170.73526997176376,172.45750604377838,168.4259201826274,169.18917846679688,89418100
2022-02-04,168.20942139418403,170.5805134014752,167.22963674500915,168.9050750732422,82465400
2022-02-07,169.36555780513737,170.43351937589156,167.49416572772904,168.1898193359375,77251200
2022-02-08,168.258422554484,171.8052533391249,167.9644841540523,171.29576110839844,74829200
2022-02-09,172.4910234332755,173.0788850240933,171.36426255447887,172.71636962890625,71285000
2022-02-10,170.6196718007765,171.93257943938036,168.08203354026793,168.6405029296875,90865900
2022-02-11,168.84625725787345,169.58109560057568,164.64297356543503,165.23085021972656,98670700
2022-02-14,163.98653444619794,166.15186486791518,163.19291135712115,165.4660186767578,86185500
2022-02-15,167.51378153621621,169.45375094241317,166.80833539753965,169.29698181152344,62527400
2022-02-16,168.37599760906474,169.8358671652493,166.61238225395954,169.0618438720703,61177400
2022-02-17,167.57254946752525,168.43476465088062,165.06430342539218,165.4660186767578,69589300
2022-02-18,166.3870301609273,167.0924613280084,162.83040723152354,163.91796875,82772700
2022-02-22,161.64483056360834,163.32026851174712,158.872038841447,160.99818420410156,91162800
2022-02-23,162.19354527351996,162.79121451131508,156.52059869701176,156.83413696289062,90009200
2022-02-24,149.49552020889521,159.55791116992768,148.9272434071185,159.45013427734375,141147500
2022-02-25,160.52789462372328,161.78201763247694,157.61793335879435,161.51748657226562,91974200
2022-02-28,159.76367431641097,162.07596656799925,159.1464052349538,161.7820281982422,95056600
2022-03-01,161.37050993245586,163.23210951924372,158.69570233786408,159.9008331298828,83474400
2022-03-02,161.06678613054137,163.97674752234462,159.65589394659725,163.1929168701172,79724800
2022-03-03,165.06429046074288,165.49539801856008,162.20332160924863,162.86956787109375,76678400
2022-03-04,161.16472134953116,162.20329029267003,158.82303752197333,159.87139892578125,83737200
2022-03-07,160.05758861933697,161.68403439715155,155.82491261205914,156.0796661376953,96418800
2022-03-08,155.60933969718434,159.58726130737062,152.65038711534135,154.25723266601562,131148300
2022-03-09,158.21559935544633,160.10659124427465,156.1874531828048,159.6558837890625,91454900
2022-03-10,156.96150659042647,157.1476680762386,152.82681394352832,155.3154754638672,105342000
2022-03-11,155.71715834467904,156.06008893270172,151.37671976951566,151.60206604003906,96970100
2022-03-14,148.38835719355112,151.0043799732345,147.06565710961667,147.57513427734375,108732100
2022-03-15,147.84947354452075,152.42508026860065,147.33999637401098,151.95477294921875,92964300
2022-03-16,153.8751841039313,156.7655458657659,151.33754541830783,156.36383056640625,102300200
2022-03-17,155.40363939181822,157.74532403885397,154.4434546489776,157.3730010986328,75615400
2022-03-18,157.2652159266267,161.15496186500974,156.53037749922927,160.66506958007812,123511700
2022-03-21,160.2045664067095,162.9871658912754,159.71467413165345,162.03677368164062,95811400
2022-03-22,162.16415722656538,165.99511891868582,161.57629538795769,165.40725708007812,81532000
2022-03-23,164.5940116285297,169.15000379737148,164.2608735199057,166.76913452148438,98062700
2022-03-24,167.60195565228418,170.61969409297694,166.769147690774,170.55111694335938,90131400
2022-03-25,170.36494232979024,171.73663471959298,169.25778100424003,171.18795776367188,80546200
2022-03-28,168.6895021580393,172.1775327221898,168.52294058057433,172.0501708984375,90371900
2022-03-29,173.11815452599345,175.391247170357,172.77522391375607,175.34226989746094,100589400
2022-03-30,174.94050013456726,175.97906916213574,173.12789309189358,174.17626953125,92633200
2022-03-31,174.24485383998842,174.4310152677539,170.87439311711938,171.0801544189453,103049300
2022-04-01,170.51188591642043,171.34470867552832,168.46414001265768,170.78622436523438,78751300
2022-04-04,171.04100211349504,174.88175589117134,170.91362533338986,174.832763671875,76468400
2022-04-05,173.9117334912033,174.695564012496,170.89399570193683,171.52105712890625,73401800
2022-04-06,168.87565359700926,170.1199840728932,166.69073839236125,168.3563690185547,89058800
2022-04-07,167.69995615233807,169.85547954484645,166.41644056203972,168.66014099121094,77594700
2022-04-08,168.30740398265033,168.30740398265033,165.7795578216243,166.6515655517578,76575500
2022-04-11,165.29944535757966,165.61296861541499,162.1543306146452,162.39927673339844,72246700
2022-04-12,164.62339868320723,166.4359910689201,163.27129126604743,164.2706756591797,79265200
2022-04-13,164.00611547230426,167.5823226689275,163.39865390857594,166.95526123046875,70618900
2022-04-14,167.17081545269417,167.80768430539896,161.70361651341247,161.9485626220703,75329400
2022-04-18,160.6063014028095,163.23213209405864,160.26338573831293,161.73306274414062,69023900
2022-04-19,161.68405307765963,164.42745284930518,160.59649161266293,164.01593017578125,67723800
2022-04-20,165.34841899344127,165.46600329408383,162.74220370933205,163.84934997558594,67929800
2022-04-21,165.49542471534926,168.06245565058305,162.5560708382442,163.05575561523438,87227800
2022-04-22,163.0949398073809,164.47642463552896,158.23520194954875,158.5193328857422,84882400
2022-04-25,157.8628653370747,159.87142644375086,155.25665006996203,159.58729553222656,96046400
2022-04-26,158.9700412464134,159.0582182667308,153.55183394880203,153.63021850585938,95623200
2022-04-27,152.7582001127346,156.55975368530983,152.2389155403168,153.4048614501953,88063200
2022-04-28,156.0306713643422,161.19413952588084,155.71713316880462,160.33192443847656,130216800
2022-04-29,158.568327600733,162.84018882642286,154.07112011517893,154.46302795410156,131747600
2022-05-02,153.54202362072925,155.0312851805643,150.17156281104934,154.76675415039062,123055300
2022-05-03,154.9529423111533,157.46120366883235,153.1599494897431,156.2560577392578,88966500
2022-05-04,156.4421811299961,163.11451083359574,156.040465917951,162.663818359375,108256500
2022-05-05,160.53767468016548,160.7630208987196,151.8175848345959,153.60079956054688,130525300
2022-05-06,153.0807759379822,156.44638259515347,151.28513392702433,154.32693481445312,116124600
2022-05-09,152.0210648420898,152.90417564451926,148.64566602154656,149.2049560546875,131577900
2022-05-10,152.59999379126018,153.79708852885074,150.05861170075954,151.60894775390625,115366700
2022-05-11,150.61788122808568,152.53126499841446,143.0722664113859,143.7493133544922,142689800
2022-05-12,140.08934914213407,143.45494014257622,136.1938888181264,139.88328552246094,182602000
2022-05-13,141.87518108716213,145.3192870677171,140.42297369266063,144.34786987304688,113990900
2022-05-16,142.8171643521235,144.7501769403197,141.4728772141811,142.80734252929688,86643800
2022-05-17,146.0650115425021,146.95792901438662,143.9259353445969,146.43788146972656,78336300
2022-05-18,144.09277542323014,144.59319436014727,137.27325546059197,138.17599487304688,109742900
2022-05-19,137.2536291483144,139.00020681352638,134.03521536260072,134.77113342285156,136095600
2022-05-20,136.47842763585558,138.0581987019196,130.12010100370028,135.006591796875,137426100
2022-05-23,135.20285452842407,140.57015125059797,135.0654837610607,140.4229736328125,117726300
2022-05-24,138.1661878220446,139.30441157484717,134.75153153593112,137.72463989257812,104132700
2022-05-25,135.83083742178036,139.12775081330722,135.7425308510417,137.88160705566406,92482700
2022-05-26,134.81037721904417,141.62988165478208,134.56507119637524,141.0803985595703,90601500
2022-05-27,142.6601509529846,146.86959515379783,142.53258704704527,146.83035278320312,90978500
2022-05-31,146.2710719434681,147.8312145429356,144.08293159739236,146.04537963867188,103718400
2022-06-01,147.08546005363647,148.89092345071006,144.9071417470177,145.91781616210938,74286600
2022-06-02,145.0543234657787,148.429735903567,144.10253513399695,148.37086486816406,72348100
2022-06-03,144.14180991397814,145.19172685572278,141.7476357595722,142.65036010742188,88570300
2022-06-06,144.2693764860653,145.78046996633253,142.17936438712687,143.39608764648438,71598400
2022-06-07,141.63967925937843,146.20236451194296,141.3943732786537,145.91781616210938,67808200
2022-06-08,145.79025407304024,147.0560263615052,144.69128805686674,145.18190002441406,53950200
2022-06-09,144.31844471982856,145.17210490927135,139.85387199936835,139.96180725097656,69473000
2022-06-10,137.6461172993445,138.11710068108783,134.48657445941151,134.55526733398438,91437900
2022-06-13,130.37524138815306,132.6614953380435,128.97209811172078,129.40383911132812,122207100
2022-06-14,130.63036655754385,131.3760914682962,129.01133784221852,130.26730346679688,84784300
2022-06-15,131.76858160626196,134.7613181921413,129.67858439406757,132.88717651367188,91533000
2022-06-16,129.6001039599366,129.90428108943473,126.61717378126413,127.61802673339844,108123900
2022-06-17,127.62784446904057,130.58132405033675,127.3727165836019,129.08985900878906,134520300
2022-06-21,130.91491273074396,134.48656772231706,130.8167993077871,133.31890869140625,81000500
2022-06-22,132.2592024365102,135.17343948860204,131.395735327504,132.80870056152344,73409200
2022-06-23,134.2510716127321,135.98782727058793,133.08341268546732,135.67384338378906,72433800
2022-06-24,137.27323450557805,139.24550436943025,137.14568556404583,139.0001983642578,89116800
2022-06-27,140.02066475796738,140.79584011879487,138.32315139441545,139.0001983642578,70207900
2022-06-28,139.46137923230657,140.72715167094702,134.74169394010806,134.85943603515625,67083400
2022-06-29,134.8790283682131,138.02874834045522,134.1038531918911,136.61578369140625,66242400
2022-06-30,134.67298633539292,135.77195236171494,131.25833120197146,134.15293884277344,98964500
2022-07-01,133.4857646856422,136.42943797159015,133.11290958391714,136.32150268554688,71051600
2022-07-05,135.18323666479031,138.95113328697806,134.35899711370092,138.90206909179688,73353800
2022-07-06,138.69604284083624,141.41402301996357,138.4311081218874,140.23655700683594,74064300
2022-07-07,140.5995991745189,143.79839942455877,140.58979232323185,143.60215759277344,66253700
2022-07-08,142.53262737695925,144.77963926575595,142.27751446518533,144.27920532226562,64547800
2022-07-11,142.9349304914586,143.88671918371236,141.08041731246487,142.1499481201172,63141600
2022-07-12,143.02322474684678,145.66272006961017,142.32656399441228,143.12135314941406,77588800
2022-07-13,140.3052405126538,143.7002675399076,139.45156535802397,142.75830078125,71185600
2022-07-14,141.37478416032295,146.1533412106034,140.5603662797928,145.68235778808594,78140700
2022-07-15,146.96775651820843,148.0274804295402,145.41742051675783,147.35043334960938,76259900
2022-07-18,147.9096989962109,148.7241166459646,143.94554597746492,144.30860900878906,81420900
2022-07-19,145.1426536934173,148.39050276940443,144.1516228338136,148.16482543945312,82982400
2022-07-20,148.28258588894056,150.83377461851506,147.5466677906739,150.16653442382812,64823400
2022-07-21,151.59910487340264,152.64902171844827,149.0871738807754,152.4331512451172,65086600
2022-07-22,152.47241748797757,153.34570636779952,150.5295978961148,151.1968231201172,66675400
2022-07-25,151.11829629325123,152.1289557716175,149.4207830391442,150.0782012939453,53623900
2022-07-26,149.4011670445513,150.21558479499407,147.96858832963514,148.75357055664062,55138700
2022-07-27,149.71514047025667,154.37595387109238,149.30302823990996,153.84608459472656,78620700
2022-07-28,154.03253631118739,154.68014773185416,151.5107984661639,154.39559936523438,81378700
2022-07-29,158.21258113398608,160.55770616166393,156.50524578988953,159.45872497558594,101786900
2022-08-01,157.9868660422736,160.51842568191043,157.8691239569894,158.47747802734375,67829400
2022-08-02,157.0939825576486,159.36060780651525,156.63280603827062,157.0056610107422,59907000
2022-08-03,157.82005902527283,163.4620968271696,157.73175246172306,163.0107421875,82507500
2022-08-04,162.89300390623217,164.05085610462757,161.3426680652943,162.69676208496094,55474100
2022-08-05,160.3680135481735,162.96204234831043,160.16166370349944,162.4707489013672,56697000
2022-08-08,163.47299550022427,164.88792318870864,161.34078349494277,161.99911499023438,60276900
2022-08-09,161.16395632810153,162.93261628217675,160.4073599879795,162.04827880859375,63135500
2022-08-10,164.76021170255777,166.3913100252121,163.99379489901474,166.29306030273438,70170500
2022-08-11,167.09874512344325,168.0125588424397,165.26131220591463,165.55609130859375,57149200
2022-08-12,166.86294364369544,169.1720142653812,166.45024387983412,169.10324096679688,68039400
2022-08-15,168.53333677957454,170.37076978453467,168.36629877849532,170.17425537109375,54091700
2022-08-16,169.77139729331643,170.6852110892498,168.67090454328755,170.0170440673828,56377100
2022-08-17,169.76155547008622,173.08268924248625,169.56504107416526,171.51055908203125,79542000
2022-08-18,170.72447915963892,171.85444813238172,170.10544459568962,171.1175079345703,62290100
2022-08-19,170.0170261568602,170.71466951867444,168.3269753298755,168.5333251953125,70346300
2022-08-22,166.73519456201245,166.90223255698254,164.22959465128477,164.65211486816406,69026800
2022-08-23,164.1706263803019,165.77224787707962,163.74810620318166,164.31800842285156,54147100
2022-08-24,164.40645810232692,165.18269520734955,163.35508285359487,164.61279296875,53841500
2022-08-25,165.84102594330326,167.1773448089003,165.4185207470986,167.0692596435547,51218200
2022-08-26,167.59986540800332,168.07150295198872,160.71192120457525,160.7708740234375,78961000
2022-08-29,158.34389469961232,160.06342201093398,157.03706713692557,158.5699005126953,73314000
2022-08-30,159.3068453614504,159.7293506019625,154.97363281420544,156.14291381835938,77906200
2022-08-31,157.51850501455607,157.78380767810359,154.4037063115704,154.48231506347656,87991100
2022-09-01,153.91245042285962,155.66145434866903,151.97675253984187,155.20947265625,74229900
2022-09-02,156.9682732301626,157.56765189981036,152.2715085702032,153.0968780517578,76957800
2022-09-06,153.7453935980758,154.35459275815265,151.0138028574181,151.83917236328125,73714800
2022-09-07,152.1241445003408,153.9419216691413,150.93520749298594,153.24429321289062,87449600
2022-09-08,151.94727474830393,153.63732582875608,150.0213973567108,151.77041625976562,84923800
2022-09-09,152.76279054534643,155.07187581808674,152.0553267593616,154.62969970703125,68028800
2022-09-12,156.81108213975503,161.39976240335073,156.5261384587271,160.58421325683594,104956000
2022-09-13,157.1156691952697,157.7445243311509,150.69937671737435,151.16119384765625,122656600
2022-09-14,152.0946261536245,154.3644145838136,150.93518075875835,152.60557556152344,87965400
2022-09-15,151.95709434204855,152.53683214610933,148.7440452074938,149.716796875,90481100
2022-09-16,148.57698038414023,148.71454195841454,145.7864220311532,148.0758514404297,162278800
2022-09-19,146.71003645827363,151.8686172901009,146.5037016211282,151.79000854492188,81474200
2022-09-20,150.7288529156578,155.3273682721185,150.41443284470995,154.16790771484375,107689800
2022-09-21,154.60024966459952,155.97588059110078,150.92538353116046,151.0432891845703,101696800
2022-09-22,149.72659039660394,151.780193333908,148.28218651419172,150.080322265625,86652500
2022-09-23,148.55732254844892,148.8324456934816,145.9731140864417,147.810546875,96029900
2022-09-26,147.05396595162924,151.09239889982268,147.0343100146429,148.14463806152344,93339400
2022-09-27,150.08034720002962,152.02586530633175,147.33892101138343,149.11740112304688,84442700
2022-09-28,145.06914652315353,148.01690757279204,142.31789987820665,147.2308349609375,146691400
2022-09-29,143.55595244325275,144.16515152497595,138.2303182381293,139.9989776611328,128138200
2022-09-30,138.8198721746833,140.60818747966655,135.59698843169565,135.7935028076172,124925300
2022-10-03,135.8033685254817,140.57874239032802,135.29241903979042,139.9695281982422,114311700
2022-10-04,142.504593932989,143.67387488258018,141.7479977315321,143.55596923828125,87830100
2022-10-05,141.56130887045842,144.8136692711772,140.51975411083046,143.85072326660156,79471000
2022-10-06,143.27100136570334,144.970872598081,142.6912786611767,142.89761352539062,68402200
2022-10-07,140.05795483791823,140.60821619318722,137.02176437961742,137.65061950683594,85925600
2022-10-10,137.97486877441406,139.4192729060871,136.15709176712548,137.97486877441406,74899000
2022-10-11,137.46393012049913,138.88869341854974,135.8131909792421,136.55995178222656,77033700
2022-10-12,136.70734348798558,137.91592138284778,135.75423283314072,135.93109130859375,70433700
2022-10-13,132.63942598399592,141.08966528093347,132.0302118420066,140.5001220703125,113224000
2022-10-14,141.79711592519322,142.00346577520415,135.78368877686898,135.9703826904297,88598000
2022-10-17,138.6135434297954,140.41166429206842,137.82747089841786,139.93020629882812,85250900
2022-10-18,142.95659405664904,144.1455159806622,138.1615644966325,141.24688720703125,99136600
2022-10-19,139.22275323737964,142.42598143245377,139.03605931008337,141.35496520996094,61758300
2022-10-20,140.52962076392365,143.3496411342512,140.16605331698352,140.89317321777344,64522000
2022-10-21,140.38221977444553,145.2755145225026,140.16604940438248,144.7056121826172,86548600
2022-10-24,144.62698448602487,147.6140424012265,143.45770354454174,146.84762573242188,75981900
2022-10-25,147.47646582788911,149.83468340940922,146.75918158114587,149.68728637695312,74732300
2022-10-26,148.33135548203074,149.3434189974195,145.46218795090752,146.7493896484375,88194300
2022-10-27,145.49165853167307,146.45458955551916,141.62026350591435,142.27859497070312,109180200
2022-10-28,145.6193922207591,154.75745443354808,145.24601935139384,153.02810668945312,164762400
2022-10-31,150.49304812984573,151.55424402730603,149.27463469355658,150.66990661621094,97943200
2022-11-01,152.37961754304112,152.7431699919974,146.5332269791364,148.02674865722656,80379300
2022-11-02,146.35636351890798,149.52029556888522,142.47514699591338,142.50462341308594,93604600
2022-11-03,139.58630459413143,140.3134243600425,136.33394407491397,136.46168518066406,97918500
2022-11-04,139.84737436397546,140.41822196260875,132.25907054843208,136.19593811035156,140814800
2022-11-07,134.94601683421618,136.95381325392813,133.52874170596672,136.72744750976562,83374600
2022-11-08,138.1938892139262,139.19777957129702,135.31997786188919,137.29824829101562,89908500
2022-11-09,136.31406095143706,136.36327480735815,132.46576869499577,132.74134826660156,74917800
2022-11-10,139.0108242882595,144.5519561767578,137.2982811810409,144.5519561767578,118854000
2022-11-11,143.5185285677149,147.64238513720315,142.0914019190675,147.3372802734375,93979700
2022-11-14,146.6188553958239,147.90817768244847,145.10315231261248,145.9397430419922,73374100
2022-11-15,149.81752177217496,151.16589433590542,146.2152837355369,147.6719207763672,89868300
2022-11-16,146.7763108997982,147.5046219917799,144.96533989912186,146.44166564941406,64218300
2022-11-17,144.11891685845265,149.08921670380388,143.84333724490105,148.34121704101562,80389400
2022-11-18,149.90611212166033,150.28995621048665,147.6030475887024,148.90220642089844,74829600
2022-11-21,147.79005667966175,147.99673387925796,145.38856433603218,145.67398071289062,58724100
2022-11-22,145.7920747269315,148.04592513732047,144.6110022662971,147.80970764160156,51804100
2022-11-23,147.09121210280074,149.43365312101446,146.98294764352303,148.68565368652344,58301400
2022-11-25,145.9692403249909,146.5302512983949,144.7980195359923,145.77239990234375,35195900
2022-11-28,142.8492645206864,144.32559012136235,141.11704788902577,141.94378662109375,69246000
2022-11-29,142.01266197350824,142.5244590100729,138.13485967272496,138.94190979003906,83763800
2022-11-30,139.16825626793215,146.37273080225066,138.33168095809938,145.69361877441406,111380900
2022-12-01,145.87081033178356,146.7762881829984,144.29605710134743,145.96922302246094,71250400
2022-12-02,143.6563344518848,145.66413072697534,143.35121453595042,145.4771270751953,65447400
2022-12-05,145.43774157529282,148.53801893223152,143.4693076933105,144.31573486328125,68826400
2022-12-06,144.74881132681773,144.97517704731527,139.68008441838234,140.6544647216797,64727200
2022-12-07,139.94580150371553,141.10717022124382,137.79036411926236,138.7155303955078,69721100
2022-12-08,140.1131279990439,141.25482328488022,138.8730200272998,140.39854431152344,62128300
2022-12-09,140.09342685388958,143.27245818375033,138.67615214625445,139.91627502441406,76097000
2022-12-12,140.44774653895632,142.21933993621704,138.83363144766497,142.20950317382812,70462700
2022-12-13,147.1404505596148,147.60303377953338,141.9634742273276,143.17405700683594,93886200
2022-12-14,143.05596154285573,144.34528354143862,138.93208948952125,140.94973754882812,82291200
2022-12-15,138.88288378971373,139.5619960317231,133.88305882406812,134.34564208984375,98931900
2022-12-16,134.53264031194206,135.47748033551235,131.6193510336839,132.3870391845703,160156900
2022-12-19,132.97755207276447,133.0661279935264,129.24737645818792,130.28079223632812,79592600
2022-12-20,129.31627297471567,131.14691722297425,127.83994745250583,130.2119140625,77432800
2022-12-21,130.88117753836192,134.6507305969255,130.65481182459862,133.31219482421875,85928000
2022-12-22,132.2295555538223,132.4362327068824,128.24347383297044,130.14300537109375,77852100
2022-12-23,128.85370313619094,130.3300288114699,127.5939064280565,129.77886962890625,63814900
2022-12-27,129.30644411453827,129.33596942535033,126.68842309082302,127.97774505615234,69007800
2022-12-28,127.62341762114275,128.96195335269854,123.88339749624971,124.05071258544922,85438400
2022-12-29,125.9699499861123,128.42064856881274,125.7140589354878,127.56438446044922,75703700
2022-12-30,126.38328892524345,127.89897626169424,125.41875311125068,127.87928771972656,77034200
2023-01-03,128.22377748695044,128.83398716375524,122.21021158237852,123.09600830078125,112117500
2023-01-04,124.8873030948284,126.62937150933897,123.10587260552037,124.36566925048828,89113600
2023-01-05,125.12349705306252,125.7533952948206,122.79090770776376,123.04679870605469,80962700
2023-01-06,124.02118700839063,128.23362708296847,122.91886125861728,127.57420349121094,87754700
2023-01-09,128.41079711233908,131.30439758356596,127.83994943275363,128.09584045410156,70790800
2023-01-10,128.20410381019116,129.18832083166095,126.09787998496417,128.66668701171875,63896200
2023-01-11,129.17849644752224,131.402821722743,128.40097153395064,131.38314819335938,69458900
2023-01-12,131.76698078856714,132.14097304777255,129.36548883237654,131.3043975830078,71379600
2023-01-13,129.94616380817476,132.7905502170586,129.58200833933589,132.63307189941406,57809700
2023-01-17,132.70195234994011,135.12311725700644,132.01300359662682,133.79443359375,63646600
2023-01-18,134.6605941996835,136.42233624485746,132.898837136548,133.0760040283203,69672800
2023-01-19,131.96381962844052,134.0995687562006,131.65871475561192,133.13504028320312,58280400
2023-01-20,133.1448517377868,135.84161126203279,132.1015842994744,135.6939697265625,80223600
2023-01-23,135.9400291721196,141.05796890647485,135.7235002594527,138.88284301757812,81760300
2023-01-24,138.0955235077339,140.90054874979387,138.08568674144692,140.28048706054688,66435100
2023-01-25,138.6663409653264,140.18202862963406,136.61916767862735,139.62103271484375,65799300
2023-01-26,140.91035682918778,141.9733130723702,139.66039693887691,141.68789672851562,54105100
2023-01-27,140.90049992434123,144.9062550377642,140.82176076743906,143.62677001953125,70555800
2023-01-30,142.6721140707524,143.2527985417942,140.59541543784155,140.7430419921875,64015300
2023-01-31,140.4477482733763,142.0618633846007,140.03437897857034,142.0126495361328,65874500
2023-02-01,141.69771052689384,144.29604258311244,139.0895417079852,143.13465881347656,77663600
2023-02-02,146.5498959772077,148.7939093931277,145.831421817907,148.43960571289062,118339000
2023-02-03,145.6936529941079,154.8960886893848,145.496812581912,152.06153869628906,154357300
2023-02-06,150.16198925829823,150.68362304726807,148.40023248441526,149.33523559570312,69858300
2023-02-07,148.26246234257331,152.7800151967711,148.26246234257331,152.20916748046875,83322600
2023-02-08,151.45130381865607,152.14025265616812,148.78406936876726,149.52223205566406,64120100
2023-02-09,151.3528593012469,151.89418154841005,148.04589023070798,148.48878479003906,56007100
2023-02-10,147.32567733632254,149.17882019931434,147.08909918660703,148.85353088378906,57450700
2023-02-13,148.79438841262413,152.0571182724141,148.7648180243575,151.65298461914062,62199000
2023-02-14,149.94767374239032,151.57412024796835,148.70567235340334,151.0122528076172,61707600
2023-02-15,150.92354792770303,153.27941747242824,150.69683660205456,153.11184692382812,65573800
2023-02-16,151.3178281549916,154.09756497312395,151.16012443154224,151.51498413085938,68167900
2023-02-17,150.17441057100683,150.81512239489066,148.69583093968438,150.37155151367188,59144100
2023-02-21,148.05510409777494,149.1394018439348,146.29067235544917,146.3596649169922,58867200
2023-02-22,146.74410160351695,147.8086807909047,145.0585291708209,146.78353881835938,51011300
2023-02-23,147.94665897626774,148.19308888929672,145.13736699227027,147.26651000976562,48394200
2023-02-24,145.0092263234326,145.0880857046954,143.6390765358812,144.6149444580078,55469600
2023-02-27,145.60067024018994,147.039812645864,145.34437348016522,145.8076629638672,44998500
2023-02-28,144.95011764317968,146.95112788301643,144.73325805691135,145.3049774169922,50547000
2023-03-01,144.73323786008925,145.1275197577975,142.93922063146897,143.2349395751953,55479000
2023-03-02,142.31823534576338,144.6149643784106,141.8450789930105,143.82638549804688,52238100
2023-03-03,145.9259379185379,148.95210462024477,145.2260853537234,148.8732452392578,70732300
2023-03-06,151.59386356059247,154.06803024605406,151.26858921507775,151.63330078125,87558000
2023-03-07,151.50510660246357,151.83039589059405,148.9718149331636,149.4351043701172,56182000
2023-03-08,150.62785567244086,151.2784344169459,149.6618543808646,150.68699645996094,47204800
2023-03-09,151.3671337581158,152.33313497413033,148.08468493947933,148.43954467773438,53833600
2023-03-10,148.0649820559655,148.78455331931613,145.50210448552664,146.37939453125,68572400
2023-03-13,145.69922529511118,150.95311305935627,145.59079552733544,148.3212432861328,84457100
2023-03-14,149.11968969699433,151.209410853691,147.95654755608294,150.41098022460938,73695900
2023-03-15,149.03096880678774,151.06154904978908,147.7791005346977,150.80526733398438,77167900
2023-03-16,149.98712698991974,154.22572509887632,149.47454848721353,153.6244354248047,76161100
2023-03-17,153.85112382009055,154.50170239485772,152.07682545294745,152.7865447998047,98944600
2023-03-20,152.85558396503848,155.56631354554972,151.94870846939224,155.1522979736328,73641400
2023-03-21,155.07342994575768,157.1237136794573,154.30455474450915,157.00543212890625,73938300
2023-03-22,157.02518131500096,159.824622189753,155.55645326577164,155.576171875,75701800
2023-03-23,156.5618527096425,159.2430113419942,155.4282660956086,156.66041564941406,67622100
2023-03-24,156.59142861861952,158.0502895303303,155.59585715875076,157.96157836914062,59196500
2023-03-27,157.6560281012329,158.47417734472043,155.61558088418133,156.0197296142578,52390300
2023-03-28,155.71416498675424,156.226743517172,153.7525770821358,155.3987274169922,45992200
2023-03-29,157.09415020907082,158.75016719414856,157.074446643704,158.4741668701172,51305700
2023-03-30,159.22330893800608,160.1498879032855,158.96702721945866,160.0414581298828,49501700
2023-03-31,160.1203040734608,162.64374399803975,159.59787385661696,162.545166015625,68749800
2023-04-03,161.92419649331373,163.91533966892132,161.87490749491164,163.79705810546875,56976200
2023-04-04,164.22088919279193,164.45745226747852,162.7521615936014,163.26473999023438,46278300
2023-04-05,162.38746386000238,162.69303455117807,159.489445623491,161.42144775390625,51511700
2023-04-06,160.1104583059446,162.60434321282244,159.686606015777,162.30862426757812,45390100
2023-04-10,159.11486640899105,159.71615600585938,157.79400566862077,159.71615600585938,47716900
2023-04-11,160.03162242596915,160.0414742096721,158.21788648492154,158.50375366210938,47644200
2023-04-12,158.9177526201656,159.74575366976245,157.49831365463328,157.81375122070312,50133100
2023-04-13,159.32188371142138,163.4323331532267,159.11487595150933,163.1957550048828,68445600
2023-04-14,162.23959735915352,163.9449032227771,161.48060404043056,162.8507537841797,49386500
2023-04-17,162.73248322378927,163.02820218114718,161.6876226098968,162.8704833984375,41516200
2023-04-18,163.72806193096773,165.01935243982652,163.2844759960185,164.0927734375,49923000
2023-04-19,163.43233711220313,165.7586363174907,163.17604035173306,165.2362060546875,47720200
2023-04-20,163.71820194187683,165.47278202514906,163.19577163848064,164.27020263671875,52456400
2023-04-21,162.69305305620966,164.07305473489896,162.14105238473394,162.66348266601562,58337300
2023-04-24,162.643765839196,163.23520373133107,161.54961626736943,162.96905517578125,41949600
2023-04-25,162.83104036567903,163.93504162144998,161.3918829793584,161.4313201904297,48714100
2023-04-26,160.73144699304368,162.91974586384254,160.47516529354857,161.42144775390625,45498800
2023-04-27,162.83107706887154,166.15294840816836,162.83107706887154,166.00509643554688,64902300
2023-04-28,166.08393356927388,167.424513091262,165.4826438930684,167.25692749023438,55275900
2023-05-01,166.8626573980738,168.01594783420873,166.23179728666088,167.16822814941406,52472900
2023-05-02,167.6610625345139,167.91735928630777,165.14747425578494,166.13319396972656,48425700
2023-05-03,167.07950544573387,168.47922575134587,164.77292473257992,165.05877685546875,65136000
2023-05-04,162.53534351356944,164.6546351492701,161.9636242025262,163.4224853515625,81235400
2023-05-05,168.5383442631647,171.81094077356033,168.32148473339686,171.09136962890625,113453200
2023-05-08,170.01693107088172,171.3673772990156,169.65221959190652,171.02236938476562,55962800
2023-05-09,170.5788283985824,171.06182151405454,169.14953757945023,169.31710815429688,45326900
2023-05-10,170.5492304195713,171.54480192353225,169.44521410372417,171.08151245117188,53724500
2023-05-11,171.3673768150292,172.09679977091955,169.71135988855104,171.268798828125,49514700
2023-05-12,171.3773522647327,171.81167121139163,168.79119952450796,170.34092712402344,45533100
2023-05-15,170.92332917405315,170.97268634600138,169.2551561693846,169.847412109375,37266700
2023-05-16,169.76844364659667,170.903583292935,169.58089543020992,169.847412109375,42110300
2023-05-17,169.492059065459,170.69628668546216,168.21871333171157,170.4593963623047,57951600
2023-05-18,170.76538642479474,172.97645812210007,170.35081330561755,172.78890991210938,65496700
2023-05-19,174.11159953538055,174.11159953538055,172.68033195301507,172.89749145507812,55809500
2023-05-22,171.73274586766902,172.45332751081392,171.2095929310653,171.9499053955078,43570900
2023-05-23,170.89372201948225,171.140492823502,169.06761204505847,169.343994140625,50747300
2023-05-24,168.88006417332414,170.19288666082696,168.317434571077,169.62037658691406,45143500
2023-05-25,170.18301363335365,171.65375792303627,169.47231254318322,170.75552368164062,56058300
2023-05-26,171.08128541223243,173.49963649375093,170.873991291327,173.1640167236328,54835000
2023-05-30,174.6742220401047,176.67799941387813,174.2892602555298,175.00982666015625,55964400
2023-05-31,175.03947872320146,177.03339115324283,174.47683402760893,174.96051025390625,99625300
2023-06-01,175.40466591116137,177.79340523372372,174.64460769798924,177.7637939453125,68901800
2023-06-02,178.69166987914852,179.43198227661338,176.94452840385708,178.61270141601562,61996900
2023-06-05,180.27101332814428,182.56103856696868,175.74028990045602,177.26040649414062,121946500
2023-06-06,177.64538051324874,177.79343698174293,175.13818052764557,176.89520263671875,64848400
2023-06-07,176.135134367242,178.86935913776645,175.02960596689772,175.5231475830078,61944600
2023-06-08,175.60209965770608,178.50412674833163,175.1677956906412,178.2376251220703,50214900
2023-06-09,179.1556227362357,179.87618934318917,178.29686506682958,178.6226043701172,48900000
2023-06-12,178.92859184232086,181.51474523727245,178.63246384356634,181.41603088378906,54274900
2023-06-13,180.43882318354116,181.77137654932005,180.08347260699438,180.94223022460938,54929100
2023-06-14,181.00144926283193,182.00827838693002,179.66889592317074,181.57395935058594,57462900
2023-06-15,181.5838370156226,184.11076766616947,181.4061542027307,183.6073455810547,65433200
2023-06-16,184.31805138125782,184.57470266619666,181.88983501651188,182.53143310546875,101256200
2023-06-20,182.02801364300083,183.69618663444365,182.02801364300083,182.62025451660156,49799100
2023-06-21,182.51166200493424,183.01508403325016,180.2315024183292,181.5838165283203,49515700
2023-06-22,181.36667829792557,184.63392138287654,181.29757524213758,184.58456420898438,51245300
2023-06-23,183.15329819733586,185.13733008755815,182.62026481317798,184.26869201660156,53117000
2023-06-26,184.4167547195407,185.6209974197008,182.83741558637178,182.8769073486328,48088700
2023-06-27,183.48889069387212,185.9565986299679,183.27173119056016,185.630859375,50730800
2023-06-28,185.50255431027165,187.4471095844542,185.17683008088284,186.80551147460938,51216800
2023-06-29,186.63769101872532,187.61490879718235,186.49949997485513,187.14109802246094,46347300
2023-06-30,189.1547673916645,191.96794560784363,188.78953634841974,191.46453857421875,85213200
2023-07-03,191.27697146600818,191.37568580561538,189.28305928715224,189.97402954101562,31458200
2023-07-05,189.09553270560195,190.48730854754436,188.15779163185775,188.85862731933594,46920300
2023-07-06,187.3878577490578,189.53970680413252,186.75612514844465,189.33241271972656,45094300
2023-07-07,188.9375920522482,190.1813114167851,187.7827065576724,188.21701049804688,46815000
2023-07-10,186.8153651594175,187.5359467558433,184.62403920180722,186.17376708984375,59922200
2023-07-11,186.71667122446578,186.85486227702734,184.18974051380027,185.65061950683594,46638100
2023-07-12,187.229907181424,189.22381917553403,186.03554511598557,187.31875610351562,60750200
2023-07-13,188.0393349477294,188.72042471252908,187.32863389417258,188.0788116455078,41342300
2023-07-14,187.77284851528793,188.71057462083735,187.18060758311253,188.22691345214844,41616200
2023-07-17,189.421252931179,191.81000743962883,189.33241906132668,191.48426818847656,50520200
2023-07-18,190.85254922844402,191.8198865800326,189.93455398917624,191.22763061523438,48288200
2023-07-19,190.60575926840173,195.6694855056854,190.1615598085878,192.57992553710938,80507300
2023-07-20,192.57006595398724,193.9322456468904,190.01352397351403,190.63539123535156,59581200
2023-07-21,191.59284231983003,192.4515998266043,188.75990348350925,189.4607391357422,71951700
2023-07-24,190.91171700938636,192.39234143465845,189.76669717237024,190.26023864746094,45377800
2023-07-25,190.83280156435973,191.92846454581797,190.42809382758358,191.11904907226562,37283200
2023-07-26,191.1683748904412,193.11292972833346,190.82290485561143,191.98765563964844,47471900
2023-07-27,193.48804855415668,194.65279947329122,190.06286872536143,190.72421264648438,47460200
2023-07-28,192.15548645475204,194.09017617119656,191.63233355900982,193.30050659179688,48291400
2023-07-31,193.52752900074864,193.95198260711592,192.7378594315981,193.91249084472656,38824100
2023-08-01,193.7052107356477,194.1888718595327,192.75760424557473,193.08334350585938,35175100
2023-08-02,192.52069974591456,192.65889079076135,189.37191700535638,190.0924835205078,50389300
2023-08-03,189.09554118067888,189.885195713569,188.22690312046603,188.70069885253906,61235200
2023-08-04,183.12368481919472,184.95966022717982,179.57017917093492,179.6392822265625,115956800
2023-08-07,179.77748800777417,180.76457131743229,175.0592309925441,176.53985595703125,97576100
2023-08-08,177.36895932229305,177.9414693105031,175.2862134413724,177.4775390625,67823000
2023-08-09,178.53375806746422,178.59298065772126,174.7236157900662,175.8883819580078,60378500
2023-08-10,177.16166309157035,178.41526279292168,175.30595718386297,175.67117309570312,54686900
2023-08-11,175.2659575562626,176.5508864753638,174.5048729038775,175.73049926757812,52036700
2023-08-14,175.90841909398483,177.60849603671858,175.2560608313475,177.38116455078125,43675600
2023-08-15,176.8078518459017,177.40089237300145,174.99904882828764,175.3944091796875,43622600
2023-08-16,175.07815356283987,176.47180884084688,174.45544657600635,174.52464294433594,46964900
2023-08-17,175.08804707675128,175.4537562487029,171.47044012349116,171.9844207763672,66062900
2023-08-18,170.30411608587545,173.0716844916875,169.96805819399307,172.46875,61172200
2023-08-21,173.0420157807921,174.08973444525807,171.7274205434044,173.80308532714844,46311900
2023-08-22,175.00897300604348,175.62178623446252,174.20835828322907,175.177001953125,42038900
2023-08-23,176.45205395893973,179.44695366375947,176.264252478764,179.0219268798828,52722800
2023-08-24,178.57715186115848,179.00217866700072,173.9711287799832,174.33685302734375,54945800
2023-08-25,175.3252527852027,177.07473842454561,173.78332608108835,176.54100036621094,51449600
2023-08-28,178.003859262239,178.49806733287568,176.48170504077262,178.1027069091797,43820700
2023-08-29,177.61837000977968,182.75813070921157,177.4206898063463,181.98716735839844,53003900
2023-08-30,182.7976884731864,185.67398314097,182.6000082560471,185.47628784179688,60813900
2023-08-31,185.66407430986655,186.9292456956689,185.30824391498263,185.6937255859375,60794500
2023-09-01,187.29498636168424,187.7199980774023,186.09899615427736,187.2653350830078,45766500
2023-09-05,186.09896874874457,187.77927298177536,185.43673181910435,187.5025177001953,45280000
2023-09-06,186.21759365485326,186.66239298088038,179.3678770840619,180.79119873046875,81755800
2023-09-07,173.15070839406067,176.14562276256126,171.5297067502884,175.50314331054688,112488800
2023-09-08,176.28399552635892,178.15210111956102,175.73046991034678,176.11595153808594,65551300
2023-09-11,177.98410020535158,178.21143169284028,175.28571330476424,177.28231811523438,58953100
2023-09-12,177.4108010563609,178.04338672084478,172.79489994360574,174.25775146484375,90370200
2023-09-13,174.46531572894506,175.24617287306006,171.96462426919445,172.1919708251953,84267900
2023-09-14,171.98440467411754,174.060084556446,171.56927171405846,173.70425415039062,60895800
2023-09-15,174.4356540223445,174.45542656560403,171.80647888602266,172.98268127441406,109259500
2023-09-18,174.4356561798522,177.30207170667876,174.12924962468128,175.9084014892578,67257600
2023-09-19,175.4636488877364,177.54920768301113,175.07816717117066,176.99569702148438,51826900
2023-09-20,177.183440124748,177.6183455616589,173.36815390370754,173.45712280273438,58436200
2023-09-21,172.52801984046553,174.25774788080986,171.84601037143327,171.91519165039062,63149100
2023-09-22,172.64662317617766,175.02870938713053,172.03381007438438,172.76522827148438,56725400
2023-09-25,172.18210166869468,174.92001880772483,172.13267784152856,174.0403289794922,46172700
2023-09-26,172.7949188930673,173.1705067749598,169.67152023376326,169.96804809570312,64588900
2023-09-27,170.62039864934732,171.03553164114703,167.0917606780329,168.4557647705078,66921800
2023-09-28,167.3783703364052,170.03721192481018,165.678293523344,168.71273803710938,56294400
2023-09-29,170.027329658855,171.06516950648842,168.3667828862352,169.22671508789062,51861100
2023-10-02,169.2365980179806,172.28092127496365,168.94994891630552,171.73728942871094,52164500
2023-10-03,170.26456118455488,171.61870157072957,168.84125459232132,170.40293884277344,49594600
2023-10-04,169.10809426237566,172.19196251916273,168.9894891655102,171.64833068847656,53020300
2023-10-05,171.77681389678688,173.4175881136583,170.6796715086417,172.88385009765625,48527900
2023-10-06,171.78671747657816,175.9281832590251,171.17388925206592,175.43397521972656,57266700
2023-10-09,174.76187075811515,176.97592853708252,173.7635757979471,176.9166259765625,42390800
2023-10-10,176.03694379852678,177.63817333039142,175.88867230873925,176.32357788085938,43698000
2023-10-11,176.13573714899445,177.76663268122664,175.5426965680271,177.7172088623047,47551100
2023-10-12,177.98409824545533,180.227791982292,176.96601576479657,178.61668395996094,56743100
2023-10-13,179.31848129679557,179.82256817452978,176.07647707622922,176.77825927734375,51427100
2023-10-16,174.7025383958498,177.00554962273654,174.46531311220224,176.64971923828125,52517000
2023-10-17,174.60370757241088,176.35320838797153,172.77514673671925,175.09791564941406,57549400
2023-10-18,173.54610256783715,175.52293478970745,173.08154578913502,173.80308532714844,54764400
2023-10-19,174.00078890109597,175.77994115612455,173.1606441431901,173.42752075195312,59302900
2023-10-20,173.2792242572037,173.38795063159753,170.64015507731645,170.87738037109375,64244000
2023-10-23,168.93021596381925,171.99429712738208,167.96155723103598,170.99600219726562,55980100
2023-10-24,171.045411263789,171.65822442721412,169.4639394511676,171.43089294433594,43816600
2023-10-25,169.88894421827058,171.05526784044204,168.67318169844384,169.11798095703125,57157000
2023-10-26,168.3964558542296,169.39476582537458,163.75090293239452,164.95677185058594,70625300
2023-10-27,164.97653958977486,167.00279566914165,164.89746448966903,166.2713623046875,58499100
2023-10-30,167.06208999172168,169.18717852998205,166.91381853056686,168.31736755371094,51131000
2023-10-31,167.38827526603964,168.92030818010912,165.9550598323106,168.7918243408203,44846000
2023-11-01,169.01917553597846,172.21175573979943,168.1493644262673,171.95477294921875,56934900
2023-11-02,173.4868054165182,175.7206204672586,173.42750286114074,175.5130615234375,77334800
2023-11-03,172.2216424329047,174.77175801380423,171.34195262679097,174.6037139892578,79829200
2023-11-06,174.33683183407777,177.35148879200258,174.16880291146146,177.15380859375,63841300
2023-11-07,177.10440348202485,180.32664987384885,176.89684453064555,179.71383666992188,70530000
2023-11-08,180.23771569933098,181.32496456419335,179.4865096698249,180.77145385742188,49340300
2023-11-09,180.84059837026544,181.98714947029399,179.7039109186948,180.29696655273438,53763500
2023-11-10,182.07849676599454,184.6517706680945,181.64301825007877,184.48350524902344,66133400
2023-11-13,183.9094496896321,184.1172820619318,182.31600272709323,182.89993286132812,43627500
2023-11-14,185.77012344749633,186.17591157835597,184.38452385663774,185.51280212402344,60108400
2023-11-15,185.91857611582427,187.55160515956638,185.84928859059917,186.07691955566406,53790500
2023-11-16,187.6209157424311,188.9966236513369,186.7103615664657,187.7594757080078,54412900
2023-11-17,188.29390964052354,188.42257785422723,186.63119011836693,187.7396697998047,50922700
2023-11-20,187.93759410143886,189.9368291546864,187.9277023558229,189.48155212402344,46505100
2023-11-21,189.44198846283598,189.55085808280586,187.78916067013205,188.67990112304688,38134500
2023-11-22,189.52115946327928,190.9463411053134,188.8679417719912,189.34300231933594,39617700
2023-11-24,188.9075250877743,188.93721542830764,187.30418629136327,188.01678466796875,24048300
2023-11-27,187.96732179253766,188.70961061258598,186.95780476873864,187.83865356445312,40552600
2023-11-28,187.82874701011957,189.11538388382388,187.45264920500045,188.44236755371094,38415400
2023-11-29,188.93724161752115,190.11500896160672,187.02709230289176,187.4229736328125,43014200
2023-11-30,187.88813964798328,188.36321535895866,186.2551103094808,187.99700927734375,48794400
2023-12-01,188.3730649805332,189.59041412612484,187.28436893039358,189.27371215820312,45704800
2023-12-04,188.0266937107449,188.0959812462982,185.5227074160739,187.4823455810547,43389500
2023-12-05,188.25431775925796,192.40122460244103,188.22461231756913,191.43130493164062,66628400
2023-12-06,192.45071045016567,192.7575206909756,190.1347733725338,190.34262084960938,41089700
2023-12-07,191.63916388460834,192.99507315570867,191.59956669458757,192.2725830078125,47477700
2023-12-08,192.2032849129047,193.97488907234165,191.67873543823174,193.69776916503906,53406400
2023-12-11,191.12451418849048,191.50061200003438,189.45188773429211,191.19378662109375,60943700
2023-12-12,191.09482308550778,192.71796059458774,189.7488055095461,192.70806884765625,52696900
2023-12-13,193.08413511536142,195.96421892707963,192.8466123940007,195.9246368408203,70404200
2023-12-14,195.9840185786185,197.56755876987646,194.14314196862804,196.07308959960938,66831600
2023-12-15,195.4990685795855,196.36011872958818,194.9745190512041,195.53866577148438,128538400
2023-12-18,194.0738561652729,194.60831249977454,192.39133809002112,193.87591552734375,55751900
2023-12-19,194.14313632648785,194.92500710230044,193.87590816937887,194.9151153564453,40714100
2023-12-20,194.87552171417178,195.64750075817219,192.82681274414062,192.82681274414062,52242800
2023-12-21,194.08375795359612,195.0536776254948,191.51048442189503,192.6783447265625,46482500
2023-12-22,193.1731927744169,193.40083883584492,190.98592398969686,191.6094512939453,37149600
2023-12-26,191.6193796571302,191.8964996004414,190.84740051477698,191.0651397705078,28919300
2023-12-27,190.5108903848591,191.5105004803971,189.12527563548673,191.16409301757812,48087700
2023-12-28,192.14393105407996,192.65858885458314,191.18390299052217,191.58969116210938,34049900
2023-12-29,191.9063700376295,192.40122918172025,189.758683164504,190.5504608154297,42672100
2024-01-02,185.22580797297744,186.5025532725651,181.99933115647192,183.73133850097656,82488700
2024-01-03,182.32588522412956,183.968821035463,181.543999401021,182.35557556152344,58414500
2024-01-04,180.27718031693732,181.2075179249861,179.0202489631632,180.03965759277344,71983600
2024-01-05,180.1188231104021,180.8808952614232,178.31752871293088,179.317138671875,62379700
2024-01-08,180.21780632812883,183.6917273170526,179.63387614033877,183.65213012695312,59144500
2024-01-09,182.0289926299427,183.24634194188326,180.85122540618832,183.2364501953125,42841800
2024-01-10,182.4545871112419,184.48349768333688,182.02900036017593,184.27566528320312,46792900
2024-01-11,184.62205313633504,185.12681915669637,181.73207738578324,183.68182373046875,49128400
2024-01-12,184.14698280822722,184.8199990991005,183.28593272766105,184.0084228515625,40477800
2024-01-16,180.28708678689063,182.36548612847807,179.0697224204938,181.74197387695312,65603000
2024-01-17,179.40623600410183,181.04915686376333,178.44620806884475,180.80172729492188,47317400
2024-01-18,184.17668914088887,187.1953332109462,183.9193677995691,186.69058227539062,78005800
2024-01-19,187.38337121910467,189.97642838325277,186.8786203129096,189.59043884277344,68903000
2024-01-22,190.3228056040412,193.32165042723858,190.28320842049038,191.89645385742188,60133900
2024-01-23,193.01485907067706,193.7373491711095,191.83709192633378,193.17320251464844,42355600
2024-01-24,193.41073733606618,194.36087349468033,192.3418398208385,192.5001983642578,53631300
2024-01-25,193.2127911304515,194.251998276528,191.12448509283354,192.173583984375,54822100
2024-01-26,192.2725896171282,192.75754194727924,189.9665440310004,190.4416046142578,44594000
2024-01-29,190.03578688110838,190.22383575614066,187.6307788947091,189.7586669921875,47145600
2024-01-30,188.97683613469175,189.82799457367844,185.54251203451676,186.1066436767578,55859400
2024-01-31,185.11691469411622,185.17631048108575,182.45458500160478,182.50405883789062,55467800
2024-02-01,182.09830977333903,185.02786803640066,181.9300594428576,184.9387969970703,64885400
2024-02-02,178.01073002917815,185.40392677166545,177.4070012757119,183.93914794921875,102551700
2024-02-05,186.21550453356022,187.3042007769885,183.92925752426459,185.75033569335938,69668800
2024-02-06,184.93876832266957,187.36357521832525,184.8496972971495,187.3536834716797,43490800
2024-02-07,188.67988890685803,189.08567701882757,186.6707620426896,187.46253967285156,53439000
2024-02-08,187.44274927884152,187.59120098390878,185.42373058041275,186.38375854492188,40962000
2024-02-09,186.9485964735415,188.2765227675386,186.30446474496694,187.1468048095703,45155200
2024-02-12,186.72069342042812,186.9684387436886,185.10538907399385,185.46214294433594,41781900
2024-02-13,184.0945819491523,184.53061609699293,181.85495475727518,183.37115478515625,56529500
2024-02-14,183.64865818230027,183.85675578337245,180.79462725534452,182.48919677734375,54630500
2024-02-15,181.8946109768474,182.82613576875198,179.71445525689393,182.20181274414062,65434500
2024-02-16,181.76574581675234,183.18285660808291,180.03152894642872,180.66575622558594,49752500
2024-02-20,180.1504525533752,180.78467987026374,178.37660298808711,179.9225311279297,53665600
2024-02-21,180.29914247718926,181.24057170015067,179.03068760645021,180.67572021484375,41371400
2024-02-22,181.82524161821627,183.29190480468338,180.81445159653885,182.70721435546875,52292200
2024-02-23,183.34143499372246,183.3711632214272,180.58650833781007,180.8739013671875,45119700
2024-02-26,180.59643039937333,181.11172976770854,179.02075870271764,179.5261688232422,40867400
2024-02-27,179.4666949255866,182.2612539462515,177.94057546451762,180.98289489746094,54318900
2024-02-28,180.86396404098633,181.46846314665845,178.50543918901624,179.78379821777344,48953900
2024-02-29,179.63515696026653,180.9234354771045,177.9108443188521,179.11984252929688,136682600
2024-03-01,177.93067957222544,178.90183692569335,175.78025215753124,178.03968811035156,73563100
2024-03-04,174.56134649455421,175.30458245485661,172.2226300679557,173.5208282470703,81510100
2024-03-05,169.21995126633416,170.48840604509627,168.0902332564625,168.58572387695312,95132400
2024-03-06,169.5172478388351,169.69563232435493,167.15870765798908,167.59474182128906,68587700
2024-03-07,167.62445594378354,169.1902079797121,166.97041987504164,167.47581481933594,71765100
2024-03-08,167.4758228221548,172.13343143853632,167.41636636953461,169.19021606445312,76267000
2024-03-11,171.38027491353657,172.80729012575145,170.4983023339276,171.19198608398438,60139500
2024-03-12,171.58838326620315,172.46045153320196,169.4676841705973,171.66766357421875,59825400
2024-03-13,171.21181736641944,171.6280276345068,169.21993557914925,169.58660888671875,52488700
2024-03-14,171.35057361629615,172.73794133442243,170.49832912625453,171.43975830078125,72913500
2024-03-15,169.6262365278927,171.0631561279297,168.75416830335303,171.0631561279297,121752700
2024-03-18,173.98659600973463,176.1072954101753,171.95508129819135,172.1532745361328,75604200
2024-03-19,172.76767622994936,175.0172080151,171.46949314620932,174.4919891357422,55215200
2024-03-20,174.1352325028599,177.05862426757812,173.51090945491785,177.05862426757812,53423100
2024-03-21,175.45322885093574,175.8892630091755,169.29922879245808,169.82444763183594,106181300
2024-03-22,170.21092760104455,171.48930183291895,168.52626256417108,170.7262420654297,71160100
2024-03-25,169.03165430796025,170.38929358279395,167.92174518816086,169.3091278076172,54288300
2024-03-26,168.4668059986792,169.87399750483326,168.0505957042821,168.17942810058594,57388400
2024-03-27,168.87312383270142,172.0343565405087,168.57582642397568,171.74696350097656,60273300
2024-03-28,170.20102558587905,170.67669234048742,168.97220342186947,169.93345642089844,65672700
2024-04-01,169.6460781034487,169.70553455748254,167.9514935576168,168.4965362548828,46240500
2024-04-02,167.5551169522469,167.81276664190898,166.71277681419204,167.31727600097656,49329500
2024-04-03,167.2677201117247,169.14067408704202,167.05962251511946,168.11996459960938,47691700
2024-04-04,168.75416790697062,170.36947196785653,167.2974395751953,167.2974395751953,53704400
2024-04-05,168.06050251317026,168.85329051832247,167.42627513328318,168.05059814453125,42104800
2024-04-08,167.50555706407098,167.67402205960258,166.72268854116854,166.9307861328125,37425500
2024-04-09,167.17853275073267,168.5460917055098,166.83169838821917,168.13978576660156,42373800
2024-04-10,167.27763553824258,167.5650134431552,165.60287483124418,166.26683044433594,49709300
2024-04-11,166.8217782077108,173.87757491447604,166.64340884278624,173.4613494873047,91070300
2024-04-12,172.68837774790788,176.75140669942581,172.63884078505302,174.95773315429688,101670900
2024-04-15,173.7784557074799,175.03700600653332,170.94424900321735,171.13253784179688,73531800
2024-04-16,170.20103782824683,172.1929047923956,166.75242714722782,167.8524169921875,73711200
2024-04-17,168.08031301583728,169.1109267558204,166.48483276367188,166.48483276367188,50901200
2024-04-18,166.51456987389489,167.11906901091456,165.0479219314042,165.5334930419922,43122900
2024-04-19,164.71098041837104,164.89925413145542,162.60018577080248,163.5118865966797,68149400
2024-04-22,164.0272236912775,165.75152141981465,163.28398774037723,164.34432983398438,48116400
2024-04-23,163.85873621547074,165.54340111554177,163.4326064657252,165.39474487304688,49537800
2024-04-24,165.03800691456527,167.77312477902248,164.71099641624178,167.4956512451172,48251800
2024-04-25,168.0010494911784,169.07131105182287,166.63349053238153,168.35780334472656,50558300
2024-04-26,168.34787265422193,169.79469657988224,167.6541737932701,167.77310180664062,44838400
2024-04-29,171.80639405446584,174.4424074952563,171.5388400360099,171.9352264404297,68169400
2024-04-30,171.76678225756265,173.41181476528868,168.46681287321124,168.79383850097656,65934800
2024-05-01,168.05057530255277,171.1523509575647,167.5848129798778,167.77310180664062,50383100
2024-05-02,170.95416794412498,171.8559644998941,169.34878317714927,171.469482421875,94214900
2024-05-03,184.9666328542693,185.31348231884328,181.01262758822543,181.72613525390625,163224100
2024-05-06,180.70544017490002,182.53874644704828,178.79283846563771,180.0712127685547,78569700
2024-05-07,181.79552305097843,183.23244296383282,179.6847430878599,180.75498962402344,77305800
2024-05-08,181.20092748758523,181.4189445721307,179.81354466582562,181.0919189453125,45057100
2024-05-09,180.9135439323752,182.99461071341904,180.46760537105857,182.90542602539062,48983000
2024-05-10,183.48094965782863,183.66949389545601,180.7322193628195,181.64515686035156,50759500
2024-05-13,184.0167922414492,185.66405574980115,183.20307828852305,184.850341796875,72044800
2024-05-14,186.0709344816443,186.8548800445926,184.8602962551219,185.99154663085938,52393600
2024-05-15,186.46787049037354,189.18683240943687,185.9320062923224,188.26397705078125,70400000
2024-05-16,189.00821119957226,189.6333810173086,188.2044300863017,188.38304138183594,52845200
2024-05-17,188.0555735439889,189.34559954047234,187.72810435814964,188.41281127929688,41282900
2024-05-20,187.8769693298537,190.44708847543168,187.55941793463836,189.57383728027344,44361300
2024-05-21,189.62345487533878,191.2508679069906,189.45476137627725,190.87379455566406,42309400
2024-05-22,190.79438668312676,191.34016861791716,188.80973611420333,189.4348907470703,34648500
2024-05-23,189.5142796080912,189.5341303535584,185.1976736824305,185.4457550048828,51005900
2024-05-24,187.37090188140232,189.11738925170476,186.5968740870629,188.52198791503906,36327000
2024-05-28,190.04022981736387,191.51880009814326,187.64873713728954,188.5319061279297,52280100
2024-05-29,188.15483105781396,190.77456966628964,188.05559245514976,188.82960510253906,53068000
2024-05-30,189.29598343446253,190.70508365256933,189.16699143181853,189.82191467285156,49889100
2024-05-31,189.9707550742459,191.09208749217237,188.45249859880175,190.7745361328125,75158300
2024-06-03,191.41956102246726,193.49353258818425,191.04248767189634,192.5408935546875,50080500
2024-06-04,193.14622719411028,193.82101638151354,191.54858259564776,192.85845947265625,47471400
2024-06-05,193.9003813531384,195.38886948576234,193.37445009094603,194.3667755126953,54156800
2024-06-06,194.1881317208236,194.99191275531385,192.67979309240934,192.98741149902344,41181800
2024-06-07,193.15613762673084,195.4285713258788,192.65005711175448,195.3789520263672,53103900
2024-06-10,195.3888672580803,195.78580650726497,190.67532155851157,191.63787841796875,97010200
2024-06-11,192.16378906024917,205.57011360777915,192.14395345618084,205.5601806640625,172373300
2024-06-12,205.77850209290926,218.51003809526938,205.3121079690946,211.4347686767578,198134300
2024-06-13,213.09195736730385,215.08652592836702,209.9760562824749,212.59579467773438,97862700
2024-06-14,212.2088008716011,213.51866257545944,209.678367977573,210.85923767089844,70122700
2024-06-17,211.7324642876032,217.26964179829142,211.08745883873982,215.00714111328125,93728300
2024-06-18,215.92007781385274,216.95210469802018,211.36530791117931,212.64540100097656,79943300
2024-06-20,212.28815296354617,212.59578653831548,207.24715355520107,208.07077026367188,86172500
2024-06-21,208.77532033595196,210.26380829361358,205.52049454653314,205.8975830078125,241805100
2024-06-24,206.12579724338954,211.0675726312926,205.0044648921964,206.54257202148438,80727000
2024-06-25,207.54484206411715,209.75773850908567,207.0089930344414,207.46546936035156,55549700
2024-06-26,209.87678837301024,213.21100178687283,209.02338806048346,211.6133575439453,66213200
2024-06-27,213.04233172557286,214.0842763709762,210.7202940415425,212.4568634033203,49772700
2024-06-28,214.1140398112984,214.41174043740799,208.68601906723538,209.00355529785156,82542700
2024-07-01,210.4622626872336,215.84066382869798,210.29356920849017,215.0865020751953,60402900
2024-07-02,214.4911227279333,218.6886699462021,213.44919320249295,218.5795135498047,58046200
2024-07-03,218.31157833867707,219.8496856689453,217.34902153194005,219.8496856689453,37369800
2024-07-05,219.94891212590596,224.71207692855523,219.94891212590596,224.60292053222656,60412400
2024-07-08,225.34717053841655,226.10134753003678,221.53664465186893,226.0715789794922,59085900
2024-07-09,226.18069804264906,227.63941744293055,224.63267299949706,226.92494201660156,48076100
2024-07-10,227.54019053238477,231.29117889263895,227.49057123987387,231.1919403076172,62627700
2024-07-11,229.61417679228308,230.6065022056456,224.0373128145247,225.82350158691406,64710600
2024-07-12,227.16309831312876,230.8545495178413,226.92493479803437,228.77066040039062,53046500
2024-07-15,234.66511292556817,235.40935699641528,231.3011303310065,232.60107421875,62631300
2024-07-16,233.19643354245886,234.45669084850812,230.54692694431867,233.017822265625,43234300
2024-07-17,227.68904591405493,229.6836295353235,224.9006141352506,227.12342834472656,57345900
2024-07-18,228.51269423226466,228.67146993188885,220.5641731481692,222.45950317382812,66034600
2024-07-19,223.09459660515446,225.0593965950336,221.56640705838353,222.5885009765625,49151500
2024-07-22,225.26777593230437,226.03187070395737,221.3778623137636,222.24119567871094,48201800
2024-07-23,222.64802398231987,225.19830728583617,220.97099179310993,223.28311157226562,39960300
2024-07-24,222.28089648286087,223.0747598557794,215.46362561910502,216.86279296875,61777600
2024-07-25,217.24978234747041,219.15506035064124,212.97286249707204,215.8208465576172,51391200
2024-07-26,217.02155779536062,217.80550332568987,214.35220009781358,216.28724670410156,41601300
2024-07-29,215.29491873308154,217.61695646267233,214.0941983741811,216.56509399414062,36311800
2024-07-30,217.50779485320817,218.63904514115285,214.46134877521007,217.12078857421875,41643800
2024-07-31,219.74050753338085,222.1022464925354,218.93672649714605,220.37559509277344,50036300
2024-08-01,222.64802807062824,222.7571844619209,215.35444602521784,216.6841583251953,62501000
2024-08-02,217.46809553371503,223.86860618805187,216.0391597412521,218.1726531982422,105568600
2024-08-05,197.56204548052773,211.8614570593827,194.49576385779395,207.66392517089844,119548600
2024-08-06,203.72442177434476,208.37843064571763,199.52688928096438,205.6396026611328,69660500
2024-08-07,205.31209833985366,212.00037630720823,204.80601788828693,208.20970153808594,63516400
2024-08-08,211.4744658055274,212.55609685346144,207.22731432081122,211.6729278564453,47161100
2024-08-09,210.47221789303094,215.11629337558463,210.3432107490655,214.5804443359375,42201600
2024-08-12,214.65991863613397,218.07745621052726,214.19298467780987,216.11038208007812,38028100
2024-08-13,217.58072790378117,220.44193777769505,217.58072790378117,219.82598876953125,44155300
2024-08-14,219.13055181670978,221.5744891931242,218.2662191901357,220.27304077148438,41960600
2024-08-15,223.1342822252218,223.87938777785382,221.30627841509732,223.2534942626953,46414000
2024-08-16,222.45867901826594,225.34969177239586,222.19043681447837,224.5747833251953,44340200
2024-08-19,224.24695901251525,224.515201244893,221.5844407323156,224.4158477783203,40687800
2024-08-20,224.29662301984854,225.68748051768907,223.97870407222223,225.0317840576172,30299000
2024-08-21,225.04172779494317,226.4921913011218,223.58131984717622,224.92250061035156,34765500
2024-08-22,226.30343225653021,226.84984597984075,222.43881906323927,223.06471252441406,43695300
2024-08-23,224.187342377279,226.73063334528243,222.866020162344,225.35963439941406,38677300
2024-08-26,225.28014571740593,225.79675641202357,222.4288803537143,225.69740295410156,30602200
2024-08-27,224.52510403050715,227.356510742363,223.42234738221904,226.54185485839844,35934600
2024-08-28,226.43259292076607,228.35993491185639,224.20720569696516,225.01193237304688,38052200
2024-08-29,228.59837969678284,231.3999685703833,227.38634017099784,228.29039001464844,51906300
2024-08-30,228.68779072729976,228.8964117856607,225.99546942021698,227.50555419921875,52990800
2024-09-03,227.05847075546578,227.50553099413642,219.7266282681139,221.31619262695312,50190600
2024-09-04,220.21344869061124,220.33266071869627,216.06071952153204,219.4087371826172,43840200
2024-09-05,220.18362078658942,224.00848612752256,220.07433805346514,220.92872619628906,36615400
2024-09-06,222.4884846157397,223.7700744804958,218.33577084564575,219.37892150878906,48423000
2024-09-09,219.37891374117063,219.82597396405737,215.29573540828238,219.46832275390625,67180000
2024-09-10,217.49133220778626,220.03462329185413,215.3156216628219,218.67356872558594,51591000
2024-09-11,220.01475867053273,221.63411098197892,216.4680492147489,221.20692443847656,44587100
2024-09-12,221.04795042006705,222.09110108310472,218.38544755210194,221.31619262695312,37455600
2024-09-13,222.12091208096655,222.57790161811045,220.46181236980377,221.04795837402344,36766600
2024-09-16,215.12686027714844,215.80243050187988,212.52396316355507,214.90830993652344,59357400
2024-09-17,214.34202255786693,215.4845116318028,213.10018001697546,215.37522888183594,45519300
2024-09-18,216.13026348358338,221.25659276615585,216.12031904206836,219.24977111816406,59894900
2024-09-19,223.52171975466862,228.32020097310811,223.16406850984052,227.3763885498047,66781300
2024-09-20,228.46920754640476,231.56884144729943,226.1345376792504,226.71075439453125,318679900
2024-09-23,225.8563523524968,227.95258288382507,224.336338501163,224.99203491210938,54146000
2024-09-24,227.15778420027385,227.85322800568392,224.25684244810932,225.88613891601562,43556100
2024-09-25,223.462095237407,225.80669443859438,222.55804543582803,224.8927001953125,42308700
2024-09-26,225.81663654010723,227.00880227293717,223.9389713421174,226.0352020263672,36636700
2024-09-27,226.9690618971705,228.02214184296878,225.8166284941723,226.3034210205078,34026000
2024-09-30,228.53875664504176,231.4794464111328,228.15130238402674,231.4794464111328,54541900
2024-10-01,228.02216122790813,228.15130254219565,222.27988260723768,224.7337646484375,63285000
2024-10-02,224.41584231153624,225.8861795938886,221.56457676904253,225.30003356933594,32880600
2024-10-03,223.6707104185886,225.3298099915582,221.86259582618194,224.19725036621094,34044200
2024-10-04,226.41269745663615,226.51205091107013,222.66731173997377,225.31988525390625,37245100
2024-10-07,223.0348997045567,224.21713611955545,219.885589131397,220.2432403564453,39505400
2024-10-08,222.83619253711748,224.50522136577493,221.79304193960246,224.29660034179688,31855700
2024-10-09,223.7601370790405,228.25064364916537,223.36275355639287,228.04200744628906,33591100
2024-10-10,226.2935162493635,228.0022928156644,225.6874964769055,227.5452880859375,28183500
2024-10-11,227.80358186995707,227.91286461183438,225.85636623992795,226.06500244140625,31759200
2024-10-14,227.20748901369805,230.21771386522883,227.1081507143634,229.79052734375,39882100
2024-10-15,232.08545910083197,235.9401430278398,230.85354589755886,232.3238983154297,64751400
2024-10-16,230.0885464878877,230.60514196799298,228.34002283458457,230.26736450195312,34082200
2024-10-17,231.9066400773438,232.32391251820164,229.0156421145612,230.63499450683594,32993800
2024-10-18,234.6386615701971,234.6386615701971,232.4828249974097,233.46636962890625,46431500
2024-10-21,232.9199708414818,235.30431748145634,232.9199708414818,234.9367218017578,36254500
2024-10-22,232.36364046895116,234.67843677993508,231.0820656392084,234.32078552246094,38846600
2024-10-23,232.55238437433343,233.60546433739609,226.27362172475395,229.25404357910156,52287000
2024-10-24,228.47914643577636,229.3136761173618,226.91940013747097,229.0653076171875,31109500
2024-10-25,228.2407111108546,231.69799621804017,228.07182235817814,229.89981079101562,38802300
2024-10-28,231.7973512193415,233.19813797949908,231.032372026897,231.87681579589844,36087100
2024-10-29,231.57877779482254,232.80074647701065,230.80386934668286,232.14505004882812,35417200
2024-10-30,231.09197226998216,231.94636045913163,228.05194445904854,228.59835815429688,47070900
2024-10-31,227.84332326136388,228.33013097812315,223.89923027313517,224.4357147216797,64370100
2024-11-01,219.5279346472888,223.87935529424118,218.83250593091054,221.4552764892578,65276700
2024-11-04,219.54780947276666,221.33605042122997,218.2761640538016,220.56114196777344,44944500
2024-11-05,220.35251908634842,222.4884819564664,219.6968226591573,221.9917449951172,28111300
2024-11-06,221.15724252476647,224.5946691536601,219.74651129717958,221.2665252685547,54561100
2024-11-07,223.16406118155706,226.39285156162418,223.10445516924474,225.99545288085938,42137700
2024-11-08,225.9357792784742,227.4176895436531,225.17991383614745,225.7269287109375,38328800
2024-11-11,223.77757009002366,224.47376393957063,220.29658566640109,223.01174926757812,42005600
2024-11-12,223.33001798502116,224.36436096493557,222.14648085284745,223.01174926757812,40398300
2024-11-13,222.79294167641658,225.4185978724207,221.54973296285615,223.89691162109375,48566200
2024-11-14,223.7974607959322,227.62653447284012,223.77756520755418,226.98007202148438,44923900
2024-11-15,225.16996034674554,225.68713943052106,223.0515429787679,223.77757263183594,47923700
2024-11-18,224.0262188410909,228.49183017609323,223.94665165924164,226.7811737060547,44633700
2024-11-19,225.7467938634959,228.90952454109907,225.42854034251505,227.03973388671875,36211800
2024-11-20,226.82094870348703,228.68078414631773,224.6627401240164,227.75584411621094,35169600
2024-11-21,227.63650237265796,228.90954693288327,224.48372676835862,227.27845764160156,42108300
2024-11-22,226.82094518602503,229.46649702017746,226.82094518602503,228.62110900878906,38168300
2024-11-25,230.2024695182051,231.982737654973,228.4918131754458,231.60479736328125,90152800
2024-11-26,232.06231657216094,234.29015208323423,232.06231657216094,233.7829132080078,45986200
2024-11-27,233.19613315216662,234.4095061449918,232.53971526898803,233.65362548828125,33498400
2024-11-29,233.5342752849028,236.51797629056327,232.698842645531,236.04058837890625,28481400
2024-12-02,235.98089694287458,239.4817615684827,235.8714939748314,238.2882843017578,48137100
2024-12-03,238.50711361537608,241.441083276618,237.60205398884364,241.33168029785156,38861000
2024-12-04,241.55047375645148,242.78374225546824,239.9392801306149,241.68971252441406,44383900
2024-12-05,242.66439419479377,243.21139387343032,240.81449907142343,241.71954345703125,40033900
2024-12-06,241.59025685240857,243.30091318780651,240.76476447856876,241.5206298828125,36870600
2024-12-09,240.516140724136,245.89675186527563,240.43657354260168,245.40940856933594,44649200
2024-12-10,245.54865007065558,246.861485816723,244.0070681600661,246.4238739013672,36914800
2024-12-11,246.61284788068906,249.43741460876686,244.92207178593077,245.1508331298828,45205800
2024-12-12,245.54865996903848,247.388615093895,244.3452271532981,246.61285400390625,32777500
2024-12-13,246.47359279661413,247.9355922748061,244.90217516923994,246.7819061279297,33155300
2024-12-16,246.6426692963963,250.01425073054844,246.3045049916291,249.67608642578125,51694800
2024-12-17,248.72130738305802,252.45093348613432,248.42293425963442,252.1028289794922,51356400
2024-12-18,250.7900177691265,252.89849494785605,246.39403346062903,246.7023468017578,56774100
2024-12-19,246.15532490458142,250.6308762664829,245.7475488049507,248.43287658691406,60882300
2024-12-20,246.69240643268387,253.61459983498276,244.35518295150268,253.1073760986328,147495300
2024-12-23,253.38584941381717,254.2610580907384,252.07301363460223,253.8831329345703,40858800
2024-12-24,254.101957652135,256.80716624287646,253.90303208844082,256.7972412109375,23234700
2024-12-26,256.78725468311694,258.6868812844183,256.23029959445824,257.61273193359375,27237100
2024-12-27,256.4292059497028,257.294504767908,251.68513210698922,254.20138549804688,42355300
2024-12-30,250.8596392638085,252.122743648892,249.38768429964367,250.82980346679688,35557500
2024-12-31,251.0684930674946,251.90392569582917,248.07483671879714,249.05946350097656,39480700
2025-01-02,247.57754859678104,247.74663833648884,240.50619200781614,242.52516174316406,55740700
2025-01-03,242.03781127929688,242.853348279154,240.57579666249651,242.03781127929688,40244100
2025-01-06,242.98266113735735,245.98625772407811,241.87869116125097,243.66891479492188,45045600
2025-01-07,241.6598791297847,244.215923537777,240.0387452815234,240.89407348632812,40856000
2025-01-08,240.605632433071,242.3859157551251,238.74579711055483,241.3813934326172,37628900
2025-01-10,238.70602211575698,238.85521627248303,231.73411285331812,235.56320190429688,61710900
2025-01-13,232.2612269401141,233.39503269669683,228.47192915300568,233.12649536132812,49630700
2025-01-14,233.47458784982285,234.83713969366363,231.2069764534674,232.0125732421875,39435300
2025-01-15,233.36518970349533,237.66172623332486,233.15632396556444,236.57763671875,39832000
2025-01-16,236.06049286491137,236.71689557722044,226.79112077355302,227.01986694335938,71759100
2025-01-17,230.85888730040747,231.0279618693864,227.2386640256131,228.7305145263672,68488300
2025-01-21,222.783001089375,223.20071739531107,218.1881065481907,221.43038940429688,98070400
2025-01-22,218.59587812819439,222.9023551356524,218.59587812819439,222.6139373779297,64126500
2025-01-23,223.5189735650416,225.7965251191765,221.09222786837518,222.44483947753906,60234800
2025-01-24,223.55875977197638,224.4041477572621,220.2070739772995,221.5696258544922,54697900
2025-01-27,222.80289291870474,230.88871192185238,222.76310174211312,228.6111602783203,94863400
2025-01-28,229.59580038333414,238.88505261672515,229.5560092044273,236.9655303955078,75707600
2025-01-29,232.84800364416722,238.5568232574634,232.73860067537262,238.05953979492188,45486100
2025-01-30,237.37329797187644,239.48177510143526,235.9212386876704,236.29916381835938,55658300
2025-01-31,245.8470107317681,245.8470107317681,232.1717149504871,234.71780395507812,100959800
2025-02-03,228.7404632470789,230.5704628324937,224.47376244068877,226.77120971679688,73063300
2025-02-04,226.01533721300711,231.8633956790269,225.4185909783935,231.53518676757812,45067300
2025-02-05,227.2883891710869,231.4058958330951,227.0298072213747,231.2069854736328,39620300
2025-02-06,230.03338922164468,232.5297620441898,229.17806101517482,231.95291137695312,29925300
2025-02-07,231.33629458433444,232.72868233994458,226.02529517161955,226.39329528808594,39707200
2025-02-10,228.57379092662126,229.58935370973873,226.21406518332185,226.662109375,33115600
2025-02-11,227.20971719471092,234.2092091135714,227.1400288616486,231.61053466796875,53718400
2025-02-12,230.19670873650108,235.93172304376256,229.67896101319025,235.84210205078125,45243300
2025-02-13,235.88194100703416,241.28837041996871,234.54775953627293,240.4818878173828,53614100
2025-02-14,240.2030902821229,244.484433375407,239.94422402720738,243.53855895996094,40896200
2025-02-18,243.0905000064508,244.11602908498713,240.7905267294893,243.40911865234375,48822500
2025-02-19,243.59830810290342,244.94244069837237,242.10481731288857,243.80738830566406,32204200
2025-02-20,243.87707690453925,245.70908851524857,243.2298884862767,244.76321411132812,32316900
2025-02-21,244.88267886995578,247.6107939080121,244.155851012499,244.4844207763672,53197400
2025-02-24,243.86711335623195,247.7800669312537,243.3593319822528,246.0277099609375,51326400
2025-02-25,246.92381259977986,248.91513366913293,243.84722519384715,245.9679718017578,48013300
2025-02-26,243.26972892021308,243.91690216055417,238.0922974197643,239.31695556640625,44433600
2025-02-27,238.37109275336516,241.40786042901627,236.0312844149354,236.27024841308594,41153600
2025-02-28,235.9217631442628,241.03945773883657,229.20105446423008,240.79054260253906,56833400
2025-03-03,240.74076386584895,242.9710490242999,235.08541908943457,236.99708557128906,47184000
2025-03-04,236.6784479935277,239.02820722093006,233.66158290717058,234.90615844726562,53798100
2025-03-05,234.39839184729655,235.5234930679701,228.235250954078,234.71701049804688,47227600
2025-03-06,233.42263965762712,236.82779659290307,232.14819548977783,234.30877685546875,45170400
2025-03-07,234.08972499786833,240.32255383879036,233.7412377693079,238.0325469970703,46273600
2025-03-10,234.5178647329352,235.13518456664028,223.24699590534985,226.4928436279297,72071200
2025-03-11,222.8387656202518,224.8599551431671,216.50636447278404,219.88165283203125,76137400
2025-03-12,219.18471261137486,220.78772670269151,213.97741219492326,216.03842163085938,62547500
2025-03-13,215.01289169752292,215.89902897504837,207.51556900756947,208.7700958251953,61368300
2025-03-14,210.3332680009786,213.02154815111564,208.67051688888432,212.5635528564453,60107600
2025-03-17,212.3843419118567,214.28605714072168,209.0588394397278,213.07135009765625,48073400
2025-03-18,213.23063555765447,214.21632963340127,210.57222410469132,211.7670135498047,42432400
2025-03-19,213.29039128502816,217.8106832228152,212.8224296395377,214.30596923828125,54385400
2025-03-20,213.0613904363763,216.5462020975973,211.29906714235267,213.17091369628906,48862900
2025-03-21,210.64192650603025,217.89033350890864,210.36314278996363,217.32281494140625,94127800
2025-03-24,220.04097309502072,220.5188858867363,217.63147647971348,219.7721405029297,44299500
2025-03-25,219.81197343150768,223.12752472855482,219.1249652538438,222.77903747558594,34493600
2025-03-26,222.5400680439697,224.04352508950674,219.51326687455483,220.56866455078125,34466100
2025-03-27,220.4292696466093,224.0136533961419,219.6028696378956,222.87860107421875,37094800
2025-03-28,220.7080664246457,222.8387793372666,216.73537546649092,216.9544219970703,39818600
2025-03-31,216.0682695484103,224.6409066608951,215.29165561007284,221.1660614013672,65299300
2025-04-01,218.85612876373423,222.70932997882656,217.95007407622174,222.22146606445312,36412700
2025-04-02,220.3595869543347,224.21278818927524,220.06088576879955,222.91842651367188,35905900
2025-04-03,204.64805110026137,206.58960121618028,200.37667426890133,202.30825805664062,103419000
2025-04-04,193.0486144227304,199.01262630823254,186.52703508606032,187.56253051757812,125910900
2025-04-07,176.43103817745248,193.30748067285785,173.86223225537526,180.6725616455078,160466300
2025-04-08,185.88981432593783,189.5140179775097,168.47572171547168,171.67178344726562,120859500
2025-04-09,171.20381523449285,199.7394480269994,171.14407803694525,197.98709106445312,184395900
2025-04-10,188.24952597387417,193.9347385570105,182.205859833413,189.59365844726562,121880000
2025-04-11,185.2924188893916,198.67408279715283,185.2525839628914,197.2901153564453,87435900
2025-04-14,210.52244846919626,212.01593914767514,200.28706023476008,201.6411590576172,101352900
2025-04-15,200.98403365195668,202.62686743682656,198.93297540670014,201.2628173828125,51343900
2025-04-16,197.49923485324123,199.82907698305957,191.53522246149657,193.42698669433594,59732400
2025-04-17,196.34424488667963,197.9671763411939,193.5763099497932,196.1251983642578,52164700
2025-04-21,192.43131586910098,192.9590147372882,188.98632373298676,192.32179260253906,46742500
2025-04-22,195.26894368988752,200.715208155226,195.1196006832811,198.8732452392578,52976400
2025-04-23,205.10606155750318,207.09738254349836,201.9199510184256,203.71214294433594,52929200
2025-04-24,204.00088023313933,207.92378505310097,202.0593452871763,207.4657745361328,47311000
2025-04-25,205.47445049920006,208.8397878176709,205.30519003897632,208.371826171875,38222300
2025-04-28,209.08871177088434,210.5822025692478,206.55974070372147,209.2281036376953,38743100
2025-04-29,207.78438836336602,211.31898611202763,207.46576971677675,210.29345703125,36827600
2025-04-30,208.39173986928208,212.65316547487808,205.7731479657814,211.57785034179688,52286500
2025-05-01,208.17271138967982,213.62892699621815,207.99348458901505,212.39431762695312,57365700
2025-05-02,205.19567188008233,206.0917754590827,201.2827333487594,204.45889282226562,101010600
2025-05-05,202.21865389928206,203.21431440062256,197.34987465543003,198.02691650390625,69018500
2025-05-06,197.3498583398735,199.77925700053618,196.165020010421,197.64854431152344,51216500
2025-05-07,198.30570335142838,198.574535944944,192.41139491378883,195.39837646484375,68536700
2025-05-08,196.86200854076802,199.18189948520052,193.8351919089676,196.6330108642578,50478900
2025-05-09,198.1364339272832,199.6697443694255,196.6827629534363,197.66847229003906,36453900
2025-05-12,210.32994399020487,210.62903686932515,206.12274573806786,210.15048217773438,63775800
2025-05-13,209.7915962682986,212.7525871854542,208.36594186281494,212.2840118408203,51909300
2025-05-14,211.78550901932945,213.29093762104833,209.94113079478424,211.68582153320312,49325800
2025-05-15,210.3099886465303,212.31390017581901,208.90426284202815,210.8084716796875,45029500
2025-05-16,211.71573318604425,211.92510277199543,209.1335944967917,210.6190643310547,54737900
2025-05-19,207.27923550566183,208.84446444770495,203.64029993754312,208.14659118652344,46140500
2025-05-20,207.03996203611737,207.83753801206538,204.40797196423648,206.232421875,42496600
2025-05-21,204.5475404614086,206.41186226922272,200.10108001028593,201.4768829345703,59211800
2025-05-22,200.1010778345708,202.1348820380274,199.09413231135568,200.7490997314453,46742400
2025-05-23,193.0824298832746,197.10020219746903,192.8730755135501,194.67758178710938,78432900
2025-05-27,197.6983910952664,200.1309909415137,196.83102019804124,199.60260009765625,56288500
2025-05-28,199.98143310081724,202.11494001836002,199.2935240345892,199.81195068359375,45339700
2025-05-29,202.9623758748587,203.19167383577107,197.90775006205254,199.3433837890625,51396800
2025-05-30,198.7651407343476,201.3472946799051,196.18300200128658,200.24066162109375,70819900
2025-06-02,199.67238359256916,201.51677709467234,199.51286535414474,201.08807373046875,35423300
2025-06-03,200.73914706631285,203.1518034040851,200.35033086337637,202.6533203125,46381600
2025-06-04,202.29440469878628,205.6143037964219,201.48686455307688,202.20468139648438,43604000
2025-06-05,202.88261988754903,204.12882762641604,199.54277706238673,200.02133178710938,55126100
2025-06-06,202.3841235560851,205.07592905349443,201.4370087789868,203.30133056640625,46607700
2025-06-09,203.76991971327615,205.37503589356555,199.4131823149893,200.83883666992188,72862600
2025-06-10,199.9914028593682,203.73002568042446,199.96149509379936,202.05511474609375,54672600
2025-06-11,202.88262262031438,203.8795888248368,197.8080682902945,198.17694091796875,60989900
2025-06-12,198.47602627663701,199.07419684911244,196.7612432530472,198.5956573486328,43904600
2025-06-13,199.12403626091725,199.76209396079906,195.1062640673262,195.85398864746094,51447300
2025-06-16,196.7014416228738,198.08722408394675,195.96368113091867,197.8180389404297,43020700
2025-06-17,196.60172782081946,197.7881200100286,194.61777485692886,195.0464630126953,38856200
2025-06-18,195.34553910938874,196.97059871241268,194.4781834746436,195.9835968017578,45394700
2025-06-20,197.63857663438114,201.08807102199273,196.2627584683704,200.39019775390625,96813500
2025-06-23,201.01828233775666,201.686247808318,198.3563846401482,200.888671875,55814300
2025-06-24,201.9753521214132,202.82277936444737,199.59260382672892,199.6923065185547,54064000
2025-06-25,200.83883469818846,203.05210084338043,200.01135094007643,200.94850158691406,39525700
2025-06-26,200.81888589983927,202.025221644493,198.85487656411598,200.39019775390625,50799100
2025-06-27,201.2774955925489,202.60346239871808,199.39323017588663,200.46995544433594,73188600
2025-06-30,201.39712965217615,206.7608124915243,198.6554726965608,204.54754638671875,91912800
2025-07-01,206.04299395149746,209.55231908550664,205.51460310500556,207.18951416015625,78788900
2025-07-02,208.27621224418834,212.6927652029137,207.50854401160626,211.79550170898438,67941800
2025-07-03,211.5063683517463,213.9987837940836,211.16740350258758,212.90213012695312,34955800
2025-07-07,212.03474730839852,215.57398008038285,208.16652910348648,209.3130340576172,50229000
2025-07-08,209.46258702266434,210.78853856973336,207.81758380403343,209.3728485107422,42848900
2025-07-09,208.89430414855983,210.68884615759353,206.5913149088396,210.49942016601562,48749400
2025-07-10,209.87133445003573,212.83232507172787,209.39279496736208,211.7655792236328,44443600
2025-07-11,209.931172276849,211.48643705736623,209.2233196075129,210.51937866210938,39765800
2025-07-14,209.29309904361602,210.27013683517245,206.91035052542594,207.98707580566406,38840100
2025-07-15,208.5852528191871,211.24715053377864,208.28615994072268,208.4755859375,42296300
2025-07-16,209.6619745482938,211.75559423754484,208.00700716596054,209.52239990234375,47490500
2025-07-17,209.93117746335784,211.1574416148312,208.95413964633332,209.38284301757812,48068100
2025-07-18,210.23023432823226,211.1474413046512,209.06378582955284,210.53929138183594,48974600
2025-07-21,211.45652088357517,215.12534891613055,210.98794558852114,211.83535766601562,51377400
2025-07-22,212.49335516085276,214.29786137817433,211.58611235366487,213.74952697753906,46404100
2025-07-23,214.3477172095632,214.4972560435483,211.76557859278188,213.5002899169922,46989300
2025-07-24,213.25105536667797,215.03563331063384,212.8821827557749,213.11148071289062,46022600
2025-07-25,214.04862920984866,214.58699944946258,212.7525701732737,213.2311248779297,40268800
2025-07-28,213.3806606658472,214.19818019857897,212.41360229785764,213.40060424804688,37858000
2025-07-29,213.53020352524888,214.1582970701604,210.18041185237743,210.62904357910156,51411700
2025-07-30,211.25711581327238,211.74563469104578,207.0898047125579,208.415771484375,45512500
2025-07-31,207.85746883247032,209.2033639475293,206.5315020865265,206.9402618408203,80698400
2025-08-01,210.23025491744008,212.93203997684435,200.88868661623732,201.76602172851562,104434500
2025-08-04,203.8895472057539,207.24933356384108,201.06813110178,202.7330780029297,75109300
2025-08-05,202.78292184745098,204.71703873665678,201.5466934780596,202.30438232421875,44155100
2025-08-06,205.00615029681612,214.72657006985978,204.96626313259566,212.60302734375,108483100
2025-08-07,218.21596748517925,220.1799921230299,215.92294217468134,219.3624725341797,90224800
2025-08-08,220.16004899168945,230.29919347638386,218.58484056145957,228.65420532226562,113854000
2025-08-11,227.4864157407103,229.12329528601256,224.3324234952035,226.74781799316406,61806100
2025-08-12,227.57622481823222,230.36092560837628,226.63802588155738,229.21310424804688,55626200
2025-08-13,230.6304284784954,234.55294488479396,229.99163136972763,232.88612365722656,69878500
2025-08-14,233.61473725595164,234.67271834509882,230.41085227691244,232.33717346191406,51916300
2025-08-15,233.5548328767578,233.834298979768,228.9036945156081,231.1494140625,56038700
2025-08-18,231.2592012143754,232.67649791960375,229.6722297518056,230.45074462890625,37476200
2025-08-19,230.84001516813981,232.42698672077375,228.9136940815642,230.1213836669922,39402600
2025-08-20,229.54248102593337,230.0315543310328,225.3404986724704,225.5800323486328,42263900
2025-08-21,225.8395414786139,226.08906587116957,223.3542730460458,224.47213745117188,30621200
2025-08-22,225.73973438952316,228.65417758009713,224.98118568943215,227.3267059326172,42477800
2025-08-25,226.0491451945495,228.86378779922748,225.79962078901826,226.7278594970703,30983100
2025-08-26,226.43840339540802,229.0534295301293,224.26255788237486,228.87376403808594,54575100
2025-08-27,228.17510050695543,230.46073738560713,227.82576024347395,230.05152893066406,31259500
2025-08-28,230.3809040856524,232.9659733126178,228.90370861616245,232.11758422851562,38074700
2025-08-29,232.0676707602769,232.9360260407387,230.92984008944924,231.69837951660156,39418400
2025-09-02,228.81388239599917,230.4108447009183,226.53822101083426,229.28298950195312,44075600
2025-09-03,236.75874463665696,238.395624134605,233.9141603097862,238.01634216308594,66427800
2025-09-04,237.9963808412042,239.4436193831587,236.28964239378743,239.3238525390625,47549400
2025-09-05,239.54341659874092,240.86091270031892,238.03629475202086,239.2340087890625,54870400
2025-09-08,238.84475646782593,239.69313028194867,235.89038089866295,237.42745971679688,48999500
2025-09-09,236.54912730927947,238.3257397896772,232.9160527142261,233.9041748046875,66313900
2025-09-10,231.7482872752143,231.97784546194652,225.52015268533836,226.35855102539062,83440800
2025-09-11,226.44839058875493,230.01159113632517,226.21881717306923,229.59239196777344,50208600
2025-09-12,228.78394562468256,234.0638755168574,228.58432913969838,233.62472534179688,55824200
2025-09-15,236.54912714503797,237.7368657054393,234.58287368836292,236.24969482421875,42699500
2025-09-16,236.72878926810645,240.76111223381088,235.87043992435724,237.6969451904297,63421100
2025-09-17,238.5153883976145,239.6432435766681,237.27774187166392,238.5353546142578,46508000
2025-09-18,239.5134800259323,240.74113579799257,236.199788714976,237.42745971679688,44249600
2025-09-19,240.77107799962133,245.83144010441063,239.7530294205925,245.032958984375,163741300
2025-09-22,247.82763635806887,256.15178189089505,247.64797087114997,255.5928192138672,105517400
2025-09-23,255.39322235208516,256.8504363399061,253.0975947938589,253.9459686279297,60275200
2025-09-24,254.73446948849343,255.2534845023776,250.56241362070242,251.8300018310547,42303700
2025-09-25,252.72829161839874,256.6807646844572,251.2311452680336,256.3813171386719,55202100
2025-09-26,253.61660096533106,257.10994249251326,253.2972024297037,254.97401428222656,46076300
2025-09-29,254.0757261912774,254.5148915782133,252.52867184357527,253.9459686279297,40127700
2025-09-30,254.37515755125318,255.4331385813304,252.6284867333586,254.14559936523438,37704300
2025-10-01,254.55481135314994,258.29769267334166,254.44502000530687,254.9640350341797,48713900
2025-10-02,256.09186667190835,257.68882891050583,253.66649683440303,256.6408386230469,42630200
2025-10-03,254.18552630266564,258.7468246365968,253.46689477740222,257.5291442871094,49155600
2025-10-06,257.49920544747016,258.5771679771474,254.56481112131073,256.2016906738281,44664100
2025-10-07,256.3214394907812,256.91031341337026,254.94405994391948,255.99208068847656,31955800
2025-10-08,256.03198246417537,258.0281776413904,255.62275879770374,257.5690612792969,36496900
2025-10-09,257.3195337882977,257.50917476461467,252.65841993311406,253.55670166015625,38322000
2025-10-10,254.45500785015722,255.8922708493858,243.53581752909898,244.80340576171875,61999100
2025-10-13,248.90558714178317,249.2149949644775,245.09284695690994,247.18885803222656,38142900
2025-10-14,246.13087266264282,248.37659224814226,244.23447809703134,247.29864501953125,35478000
2025-10-15,249.01537013681215,251.3409393203658,246.99920876557604,248.8656463623047,33893600
2025-10-16,247.7777291727393,248.56621957555782,244.66366953460536,246.979248046875,39777000
2025-10-17,247.5481624372989,252.89796599708643,246.79958926324147,251.81002807617188,49147000
2025-10-20,255.4032084113237,263.87706298772724,255.14370850365398,261.7411193847656,90483000
2025-10-21,261.38182000576944,264.7853366806196,261.33189684706855,262.2701110839844,46695900
2025-10-22,262.15033525743416,262.349966966352,254.94406918261987,257.9583435058594,45015300
2025-10-23,259.4454820834593,260.12418111371363,257.51916110368444,259.0861511230469,32754900
2025-10-24,260.69310343226954,263.6275126875418,258.68691759501684,262.32000732421875,38253700
2025-10-27,264.37609822840903,268.60802232244004,264.1465248140549,268.2986145019531,44888200
2025-10-28,268.4782600095115,269.3765722048576,267.63986169210665,268.4882507324219,41534800
2025-10-29,268.76770579477784,270.8936584399069,266.6018207191691,269.1869201660156,51086700
2025-10-30,271.4725408872279,273.6184749716116,267.969239224885,270.8836669921875,69886500
2025-10-31,276.4630533049319,276.79244258078194,268.647962249571,269.85565185546875,86167100
2025-11-03,269.90556627002525,270.33474092754267,265.74348587775046,268.53814697265625,50194600
2025-11-04,267.8195068636227,270.9734988318123,267.11086611942017,269.5262756347656,49274800
2025-11-05,268.0989800730272,271.18312844251227,266.4221834255846,269.6260986328125,43683100
2025-11-06,267.38037702601645,272.8798740142925,267.38037702601645,269.25677490234375,51204000
2025-11-07,269.28671541495146,271.7719991063764,266.26248096015127,267.9592590332031,48227400
2025-11-10,268.7085692371889,273.4741297822401,267.20997142836535,269.1781311035156,41312400
2025-11-11,269.55775905965567,275.65206242273547,269.5477586519058,274.99267578125,46208300
2025-11-12,274.74292397164845,275.4722525277038,271.4460210796085,273.21435546875,48398000
2025-11-13,273.85374352181776,276.4413491841305,271.83564282199285,272.6948547363281,49602800
2025-11-14,270.7965900477885,275.70200347225597,269.3479639093673,272.15533447265625,47431300
2025-11-17,268.5687054184609,270.2371271729127,265.48159771217263,267.2099609375,45018300
2025-11-18,269.7376065335732,270.4569347049811,265.0719890725528,267.19000244140625,45677300
2025-11-19,265.2817633125939,271.9555110777923,265.2517925781922,268.3089294433594,40424500
2025-11-20,270.5768036466949,275.17250947675234,265.67142054546326,266.0010986328125,45823600
2025-11-21,265.70137680880595,273.0744516711978,265.4216397990326,271.2361755371094,59030800
2025-11-24,270.64675212306133,276.7410558404627,270.64675212306133,275.6620788574219,65585800
2025-11-25,275.012667049666,280.1179060838009,274.9926967216935,276.7110900878906,46914200
2025-11-26,276.70108254872224,279.26868736786383,276.3714044558947,277.29052734375,33431400
2025-11-28,277.0008150112318,278.73917862681736,275.73198274965245,278.5893249511719,20135600
2025-12-01,277.75011957449965,283.1550658399818,275.88187257202503,282.8353576660156,46587700
2025-12-02,282.7354345985028,287.1313151163589,282.36578537497866,285.9224548339844,53669500
2025-12-03,285.9324708384744,288.35019153510143,283.0351573834178,283.8843688964844,43538700
2025-12-04,283.83440686502166,284.46382276925783,278.32954829392816,280.4375915527344,43989100
2025-12-05,280.27774306596746,280.8771882481053,277.79005013345267,278.5193786621094,47265800
2025-12-08,277.86998437615557,279.4085531850005,275.8918244790692,277.6302185058594,38211800
2025-12-09,277.8999627322321,279.7682096639769,276.6611317163261,276.9208679199219,32193300
2025-12-10,277.490342786908,279.48847306800184,276.1815698919154,278.5193786621094,33038300
2025-12-11,278.83908758708685,279.3286197507982,273.5540244422053,277.77008056640625,33248000
2025-12-12,277.64021728323,278.9589906850317,276.5612402656973,278.0198669433594,39532900
2025-12-15,279.8880911943856,279.8880911943856,272.5849275039148,273.8537292480469,50409100
2025-12-16,272.5649667835892,275.2424541197232,271.53593087885605,274.353271484375,37648600
2025-12-17,274.75292651919426,275.90184538512057,271.38608172110213,271.58587646484375,50138700
2025-12-18,273.35420232069225,273.374203136776,266.7004552212896,271.935546875,51630700
2025-12-19,271.8955859651445,274.34330788170604,269.64768928264715,273.4141845703125,144632000
2025-12-22,272.6048920133635,273.62395794129594,270.25711338978425,270.7166748046875,36571800
2025-12-23,270.5868091030317,272.2452609569047,269.30800689497966,272.1053771972656,29642000
2025-12-24,272.085389177814,275.17249671786806,271.9455359163183,273.55401611328125,17910600
2025-12-26,273.9037084592662,275.1125687682936,272.6049054553,273.1444091796875,21521800
2025-12-29,272.4350823114352,274.10350406329195,272.0954038139857,273.50408935546875,23715200
2025-12-30,272.5549704076282,273.82377221524894,272.02546707967076,272.82470703125,22139600
2025-12-31,272.80472532736104,273.42414083736213,271.49595243002375,271.6058349609375,27293600
2026-01-02,272.0054842546519,277.58025431004916,268.7485221479618,270.75665283203125,37838100
2026-01-05,270.38700744645297,271.25618925068443,265.89121426121545,267.0101623535156,45647200
2026-01-06,266.7503924619391,267.2998660934885,261.8749496989937,262.1147155761719,52352100
2026-01-07,262.95395138764474,263.4334831315393,259.56710600115036,260.08660888671875,48309800
2026-01-08,256.7797203952787,259.0476178563403,255.46096229095477,258.7978515625,50419300
2026-01-09,258.8377955175017,259.9667440583015,255.98048371428257,259.1275329589844,39997000
2026-01-12,258.9177364764393,261.05572011368304,256.5599267903311,260.0067138671875,45263800
2026-01-13,258.4781303943212,261.56523797230057,258.148452318208,260.8059387207031,45730800
2026-01-14,259.247418118488,261.57525710051715,256.4700180914029,259.71697998046875,40019400
2026-01-15,260.40631875644857,260.7959687899761,256.8096782083212,257.9685974121094,39388600
2026-01-16,257.6589020182799,258.6579671912775,254.69167723491495,255.29112243652344,72142800
2026-01-20,252.49373739571587,254.55180921698133,243.19244305608962,246.46937561035156,80267500
2026-01-21,248.46750904444812,251.3248360900433,244.9507953165175,247.41848754882812,54641700
2026-01-22,248.96703988447874,250.76536025794266,247.9180183962477,248.1178436279297,39708300
2026-01-23,247.08880782235642,249.17685039145397,244.45126111041233,247.80812072753906,41689000
2026-01-26,251.24490015634893,256.32015295784896,249.5664780183616,255.17123413085938,55969200
2026-01-27,258.92771692213245,261.70511669708895,257.96859246831417,258.0285339355469,49648300
2026-01-28,257.409147241713,258.61800761819165,254.27208306792676,256.2002868652344,41288000
2026-01-29,257.75880668092503,259.4072580677027,254.17216647920577,258.0385437011719,67253000
2026-01-30,254.93144331105526,261.6551472598355,251.94423313215475,259.2374267578125,92443400
2026-02-02,259.7869174093499,270.2371306501278,258.9676766447768,269.7575988769531,73913400
2026-02-03,268.9483513556569,271.6258386480508,267.3598109321867,269.22808837890625,64394700
2026-02-04,272.03545112075,278.68922850453845,272.03545112075,276.23150634765625,90545700
2026-02-05,277.86999494352693,279.2387093202658,272.97458180817284,275.6520690917969,52977400
2026-02-06,276.8609202349588,280.6473855638201,276.67109542368036,277.8599853515625,50453400
2026-02-09,277.9100036621094,278.20001220703125,271.70001220703125,274.6199951171875,44623400
2026-02-10,274.8900146484375,275.3699951171875,272.94000244140625,273.67999267578125,34376900
2026-02-11,274.70001220703125,280.17999267578125,274.45001220703125,275.5,51931300
2026-02-12,275.5899963378906,275.7200012207031,260.17999267578125,261.7300109863281,81077200
2026-02-13,262.010009765625,262.2300109863281,255.4499969482422,255.77999877929688,56290700
2026-02-17,258.04998779296875,266.2900085449219,255.5399932861328,263.8800048828125,58469100
2026-02-18,263.6000061035156,266.82000732421875,262.45001220703125,264.3500061035156,34203300
2026-02-19,262.6000061035156,264.4800109863281,260.04998779296875,260.5799865722656,30845300
2026-02-20,258.9700012207031,264.75,258.1600036621094,264.5799865722656,42070500
2026-02-23,263.489990234375,269.42999267578125,263.3800048828125,266.17999267578125,37308200
2026-02-24,267.8599853515625,274.8900146484375,267.7099914550781,272.1400146484375,47014600
2026-02-25,271.7799987792969,274.94000244140625,271.04998779296875,274.2300109863281,33714300
2026-02-26,274.95001220703125,276.1099853515625,270.79998779296875,272.95001220703125,32345100
2026-02-27,272.80999755859375,272.80999755859375,262.8900146484375,264.17999267578125,72366500
