Price,Open,High,Low,Close,Volume
Ticker,META,META,META,META,META
Date,,,,,
2020-01-02,205.31581827566228,208.3347237610063,204.83915217859575,208.32479858398438,12077100
2020-01-03,205.77259436694098,208.9404526618874,205.51438828470637,207.2224578857422,11188400
2020-01-06,205.2661176140365,211.30394242957985,205.08737354871448,211.1251983642578,17058900
2020-01-07,211.34372103468303,213.09150684087672,210.28113611948638,211.58204650878906,14912400
2020-01-08,211.52246449364458,214.73999476071972,211.13517044646403,213.72706604003906,13475000
2020-01-09,216.03093740438726,216.86512191418717,214.77968336909768,216.78567504882812,12642800
2020-01-10,217.67943940712337,218.35473022852156,215.91178821270205,216.54734802246094,12119400
2020-01-13,218.0766777515335,220.43023261072588,217.6893837221355,220.3706512451172,14463400
2020-01-14,220.07275014019038,220.8374130949012,217.1134258616862,217.54043579101562,13288900
2020-01-15,219.0796735588214,220.14224330523513,218.61293264173239,219.6159210205078,10036500
2020-01-16,221.02608200246482,221.0856633695372,218.86119636353655,220.23162841796875,10015300
2020-01-17,220.4897919973083,220.7479829401893,219.00019739381185,220.59902954101562,15905900
2020-01-21,220.6189068065152,220.82744157647545,217.59998643017602,219.90390014648438,14275800
2020-01-22,220.7678670861368,221.20481729786243,219.74501325093416,219.7847442626953,12212800
2020-01-23,219.21868788922464,219.95356006699245,217.74895868662998,218.2355499267578,11195000
2020-01-24,219.26833798403877,220.2415355901936,214.61086956802987,216.4281768798828,11905800
2020-01-27,211.6217599875433,214.56121837952216,211.02591604576713,213.3794708251953,13810700
2020-01-28,214.64065727268016,217.22262738717762,212.0388368063511,216.27920532226562,13413800
2020-01-29,219.90392675979615,222.64477585299142,216.93466221079436,221.68150329589844,33181300
2020-01-30,205.0973333453647,209.96333677110164,203.3296821317416,208.07652282714844,48775500
2020-01-31,206.98414497999343,207.24235109674964,199.66527441700927,200.50938415527344,31359900
2020-02-03,202.02876223518646,203.71696649755066,201.0952804840247,202.7735595703125,15495600
2020-02-04,205.18669615551534,209.1390982668606,203.77654834930945,208.3744354248047,19628900
2020-02-05,211.0358109395381,211.25428600997662,207.2621836929207,208.6524658203125,12538200
2020-02-06,209.0099907941408,209.72499743469822,207.88782464797202,209.38735961914062,10567500
2020-02-07,208.84116933586483,211.34369254725343,208.47372569124286,210.85708618164062,12242500
2020-02-10,210.05273582248736,212.31691874414776,209.19870085007565,211.58204650878906,11856400
2020-02-11,208.7319513685439,209.39730187804918,205.0774710016734,205.7527618408203,25030800
2020-02-12,206.40818657433556,209.7548046184871,205.9612960241213,209.29798889160156,13813700
2020-02-13,208.06661493243828,212.84324670717064,207.72896191355557,211.6614990234375,15396600
2020-02-14,212.5155155487479,213.43905701113206,211.17487422593211,212.6942596435547,10741700
2020-02-18,212.06865068574763,216.46791341520296,211.9196821130727,216.28916931152344,15609200
2020-02-19,216.47782426001228,216.80553689173098,214.6108608379566,215.98129272460938,12135100
2020-02-20,215.0180366270395,217.25242870566726,211.47279392220503,213.09149169921875,13109200
2020-02-21,211.999126960116,212.75386468738904,207.3813891572602,208.72201538085938,14092300
2020-02-24,200.40017742109237,202.23733543845628,196.79535278504676,199.32766723632812,23080100
2020-02-25,200.8470264942419,202.08835545897765,194.5907254813855,195.40504455566406,21433500
2020-02-26,195.8221213325324,199.8142393641403,194.13391703950523,195.83204650878906,16524500
2020-02-27,190.48937905519435,194.52121298477465,188.1854652937536,188.43373107910156,21682600
2020-02-28,181.43262639164234,191.40298845911272,180.55874116257365,191.13485717773438,32568900
2020-03-02,192.68403059492923,195.20641933512508,187.53997105000778,195.0773162841797,24949000
2020-03-03,194.85883776670886,195.87176634591756,182.69381509933396,184.60049438476562,27984100
2020-03-04,187.85776425300918,190.4993160091307,185.09704976149453,190.42979431152344,23062500
2020-03-05,185.4843302930154,187.6790064786015,182.61437845213564,183.885498046875,19333400
2020-03-06,177.0929374184928,182.50512806827697,175.0372896096009,179.8337860107422,24559600
2020-03-09,168.42351586713144,173.78605080213518,164.04410375021178,168.32420349121094,29949000
2020-03-10,173.45831710052457,177.0532004091745,168.32418306950075,176.9539031982422,24517800
2020-03-11,172.80293492443295,174.65997355157455,166.49699222371686,169.05909729003906,20373900
2020-03-12,158.43329037500783,165.44432903502332,153.26936495743283,153.39846801757812,43266300
2020-03-13,162.39562405222614,169.60525743664599,156.5067665435294,169.0988006591797,35028600
2020-03-16,151.26337195931941,158.0261289460297,142.10732937100707,144.99713134765625,39120400
2020-03-17,149.6943344283049,152.87213325995907,139.0288314730961,148.38348388671875,34255600
2020-03-18,138.78058955655547,147.15210550290516,136.14897799823436,145.94058227539062,37553100
2020-03-19,145.60288428853224,158.82054967486394,143.79551760640265,152.06773376464844,39862300
2020-03-20,154.93770518257426,158.16516017587122,146.97333507936904,148.6913299560547,32568400
2020-03-23,148.6218384828333,151.2534498367458,141.26323671563284,147.07266235351562,29830800
2020-03-24,154.13334793934374,160.19102444618358,151.51166166344214,159.86331176757812,30440400
2020-03-25,157.81759650246724,161.85937086098946,151.99824574432336,155.12640380859375,35184300
2020-03-26,157.15225163830672,162.86236504696558,155.93078814327822,162.20693969726562,26556800
2020-03-27,157.1025847157249,158.9794734322402,153.6765199351577,155.70236206054688,24879900
2020-03-30,158.07577166272898,165.59326635005255,156.96354587711465,164.79881286621094,22515200
2020-03-31,164.33207850408797,169.74426940008115,163.06095894090598,165.64292907714844,23676300
2020-04-01,160.498866115439,163.01131474567293,156.94369811683305,158.49288940429688,19507600
2020-04-02,157.99634240851967,160.23073434303583,154.83839392820795,157.0926513671875,20886300
2020-04-03,156.0598569333392,156.81459457188794,149.78370614837337,153.11045837402344,25983300
2020-04-06,159.03907586298791,165.0471116481266,157.4104527141532,164.40162658691406,28453600
2020-04-07,170.5983022670105,172.18720927873605,164.8583987953859,167.65884399414062,31411900
2020-04-08,170.06206478348858,173.78605160356497,166.57641857495588,173.071044921875,21664200
2020-04-09,174.67979777903207,175.8516201470857,170.37984777861084,173.9747314453125,23534300
2020-04-13,172.4652886839823,173.78606459324402,168.2745606569841,173.5775146484375,19355400
2020-04-14,177.73844553201988,179.97283770987997,175.39481579712452,176.93406677246094,21011800
2020-04-15,173.97471957427308,176.95390874859473,171.6211649754997,175.74237060546875,17423000
2020-04-16,176.71556312892426,176.8148754930837,171.31329782214016,175.02735900878906,23593200
2020-04-17,177.95691205507052,179.02942206702005,175.4345383411281,177.99664306640625,20974800
2020-04-20,176.17932637386727,179.24788768422115,175.54376660260039,177.00357055664062,16110700
2020-04-21,174.03430091743022,174.16340396391308,167.17223154982912,169.61517333984375,24850500
2020-04-22,177.21212998372891,183.49822203453158,176.90428280755842,181.01556396484375,33242000
2020-04-23,182.80306011709644,185.7524587823264,181.87950354016493,183.8457794189453,21426600
2020-04-24,181.95894750241217,189.08914843728576,179.57560212447592,188.7515106201172,28792000
2020-04-27,191.3235189589709,192.40595397949218,186.10993827049433,186.19931030273438,29197800
2020-04-28,187.35131858875093,187.88756608277328,181.29362663121276,181.64120483398438,21731000
2020-04-29,189.60551561532253,195.5440434000767,188.68197427779467,192.84291076660156,45954500
2020-04-30,205.48462382999278,208.2354129802487,200.17174510415327,203.2899627685547,46230100
2020-05-01,200.20153184952505,205.8421231201503,197.66921785286402,200.86688232421875,30415600
2020-05-04,198.8112387706745,204.48163600083174,197.38122541616488,203.8361358642578,19250700
2020-05-05,205.5839497659938,208.9206427542864,205.0675526545001,205.63360595703125,21071200
2020-05-06,206.6762866014675,210.13215708417445,205.2264229675792,207.02386474609375,21857000
2020-05-07,209.6952431703042,210.13219343240903,207.5899387395213,209.79454040527344,15152000
2020-05-08,210.76773082991775,211.73100330870798,209.38737364169384,210.87696838378906,12506000
2020-05-11,209.42707927255074,213.5085692726715,208.91068221102137,211.70118713378906,12911900
2020-05-12,211.81043690954013,213.78663807334254,208.54326574680115,208.642578125,14704600
2020-05-13,207.97721152556448,209.31785286047747,200.70799703194544,203.67726135253906,20684600
2020-05-14,201.15487815397768,205.49455946285534,199.29785483012236,205.37539672851562,17178900
2020-05-15,203.8460752067552,209.87396059341705,202.70404350277974,209.4171600341797,19383200
2020-05-18,210.67834170021413,213.15107440451104,209.47674377157279,211.7111358642578,20151900
2020-05-19,211.7905905973803,218.9605080354322,211.35364036967425,215.37554931640625,31843200
2020-05-20,221.9496206170212,229.7352323075521,221.64177345584855,228.37474060058594,50162900
2020-05-21,233.0917836984901,235.55457606680287,229.59619716889247,229.78488159179688,47782600
2020-05-22,229.90403290997045,234.35296650971358,227.15325903208213,233.28045654296875,33925600
2020-05-26,238.10674359332853,239.22889459168582,230.0629264267635,230.58924865722656,33178300
2020-05-27,227.48098479150323,228.96063919848814,219.5960608954578,227.5504913330078,34697600
2020-05-28,222.74406970958594,230.02322448717675,222.44614773114347,223.89602661132812,29377200
2020-05-29,223.63780199775556,225.91192493062624,221.33390353773837,223.528564453125,23241500
2020-06-01,223.03204029092007,230.82759176743917,221.94960513746992,230.30126953125,18223800
2020-06-02,229.33800070372604,231.38370831846598,224.98837936364816,231.10565185546875,20919000
2020-06-03,230.49988561626694,231.03613304360687,226.94471776311875,228.56341552734375,15380300
2020-06-04,227.96756598637603,230.0232139054159,223.05190660350496,224.72024536132812,17041500
2020-06-05,225.1373554519171,229.74516790371774,223.7470579375046,229.169189453125,16750400
2020-06-08,227.44126016278338,229.94378363306654,225.83250265121504,229.79481506347656,15466500
2020-06-09,229.9139637084158,238.10673394680185,228.81166310658807,237.0143585205078,27462900
2020-06-10,239.28851305464434,239.53677885227395,233.64790625296925,235.0878448486328,20720700
2020-06-11,228.3449256634376,231.27445870119334,221.99925322660053,222.87313842773438,26708200
2020-06-12,228.30522029098816,230.05302119539456,222.9426851503306,226.994384765625,22091400
2020-06-15,223.52857512227231,232.14837092497856,223.24059348337713,230.88717651367188,15340300
2020-06-16,235.49500469382681,236.80585538039534,231.38372368595373,234.0153350830078,15236700
2020-06-17,233.36984167994,235.94187161749386,230.122520916719,233.8961639404297,19578100
2020-06-18,233.35990727858544,234.50192380176196,230.53959651055766,234.30331420898438,15782500
2020-06-19,236.14048176349664,239.15940225061397,233.9160299866115,237.133544921875,30081300
2020-06-22,236.90513683414446,239.0302913169497,235.2665887379737,237.56056213378906,18917800
2020-06-23,239.6062688246097,243.48914926769837,238.19612100995397,240.5596160888672,24017900
2020-06-24,239.52682293334746,241.53281469046254,231.06592085796711,232.39663696289062,20834900
2020-06-25,232.99247570529567,235.65389287595707,231.1255272528302,234.0451202392578,18704300
2020-06-26,231.026241242721,231.47311668888605,213.9058248115869,214.58111572265625,76343900
2020-06-29,208.29497976571423,219.21867357941082,205.67329385654466,219.10943603515625,58514300
2020-06-30,219.0597976361702,225.92186767115152,216.95450859736263,225.49485778808594,33927100
2020-07-01,226.91492118776134,237.34208386816175,225.98143943761693,235.9021453857422,43399700
2020-07-02,237.34209065284438,238.33515379365124,230.99641778920605,231.80079650878906,30633600
2020-07-06,232.13844402385732,238.73238294777047,230.65878958021196,238.61322021484375,26206200
2020-07-07,237.749240004825,245.93207023707686,237.16333641352355,239.18917846679688,27887800
2020-07-08,236.45827818903481,245.2766842178355,234.94881788839734,241.8903350830078,29791300
2020-07-09,243.30044081362234,244.8198260276927,237.58040325200102,242.8039093017578,22174900
2020-07-10,241.99956311182402,243.7870798247022,237.65988196542796,243.3699951171875,22982700
2020-07-13,245.29653273558316,248.41475054134605,236.76612358309998,237.34210205078125,24674900
2020-07-14,235.117617934241,238.66286053245312,230.42043363748257,238.0670166015625,23378100
2020-07-15,239.87441469910402,243.1217355478314,236.3986935612866,238.61322021484375,19133600
2020-07-16,236.34902975302458,240.08294174280346,234.69061611050546,239.25869750976562,18880700
2020-07-17,239.32820518737046,242.46628819499767,236.20998768440782,240.35105895996094,18152400
2020-07-20,238.39474065095692,244.34319445651906,234.00540328579996,243.71755981445312,20872200
2020-07-21,244.5120222800312,245.19723831240046,238.41461483905172,240.07302856445312,19364200
2020-07-22,238.59333342912305,240.2219562966176,236.46817901479554,238.20603942871094,15427900
2020-07-23,237.96769730090455,240.73833647069756,230.14235582248742,230.98646545410156,21771800
2020-07-24,228.59322203019198,231.87033364368529,225.32603559370898,229.109619140625,18325800
2020-07-27,229.85440683416718,233.320187582074,229.2287721912869,231.8802490234375,13163100
2020-07-28,233.00239047764367,233.3301031056008,228.23568476190135,228.52366638183594,14170100
2020-07-29,229.53659709915772,232.07883613062532,228.71235293376256,231.6716766357422,13588300
2020-07-30,228.6229972484639,233.26060029280399,227.4114590057178,232.87330627441406,20615300
2020-07-31,254.04543432070616,254.07522500437972,247.27273604400057,251.91033935546875,53005100
2020-08-03,250.89738954048218,253.6283131023447,248.59349099691272,250.21218872070312,23124900
2020-08-04,249.8149799826947,251.0463838245597,245.71362405511752,248.09698486328125,17183500
2020-08-05,248.45447634230445,250.52004954939835,246.05126529491073,247.3918914794922,13050100
2020-08-06,247.3124093049685,264.7506087683913,246.94498083432288,263.43975830078125,45241600
2020-08-07,262.2481396834829,276.95543485586205,261.60265460764964,266.5779113769531,72766400
2020-08-10,266.18067581109176,271.9602807588989,257.8885918056996,261.1756286621094,30248800
2020-08-11,258.3850899803572,264.0753524439361,253.36019312725054,254.35325622558594,28238300
2020-08-12,257.1735573160089,262.0693512226244,256.319507274025,258.0871887207031,21415700
2020-08-13,259.73566203468766,263.3206358656525,257.7694163383827,259.4873962402344,17374000
2020-08-14,260.4904414892555,260.8280793871098,256.88561672720743,259.4278564453125,14792700
2020-08-17,260.6790590475865,262.26796604010025,257.6005574319438,259.3483581542969,13351100
2020-08-18,259.13979980217863,263.3106461837231,257.46152092176317,260.5201416015625,18690400
2020-08-19,259.5768054733447,266.05156665412864,259.5370744595321,260.7684631347656,23291500
2020-08-20,259.68600713336025,267.7596151868681,259.6462761227217,267.1439208984375,20299700
2020-08-21,266.8261145370488,268.6136159127902,264.57187231345904,265.15777587890625,15538600
2020-08-24,269.1896587799837,275.3267823078795,266.9055951526002,269.5074462890625,23685600
2020-08-25,270.5203146993002,281.1262210199146,268.38523515868263,278.8719787597656,42127200
2020-08-26,282.02992833374987,302.5565565227695,282.02992833374987,301.80181884765625,69015200
2020-08-27,298.0777722336989,299.14035684052715,289.9942254494735,291.1859130859375,30301300
2020-08-28,292.9536257731887,295.1681674815239,288.9615228676851,291.6229248046875,17157400
2020-08-31,291.9109350833743,294.8206029393237,289.5275591968699,291.1661376953125,17345100
2020-09-01,292.66561699351473,299.3985835826731,290.6794907984133,293.39056396484375,17295900
2020-09-02,296.8067274729082,301.4939868850403,291.0171521741989,300.401611328125,24341400
2020-09-03,293.9367373517291,295.5355847022256,281.66249197918575,289.10052490234375,32294100
2020-09-04,285.2573410353525,286.9952012505374,269.2591109726712,280.7687072753906,30333700
2020-09-08,269.3981849524166,277.3625409438043,267.55110193854256,269.2790222167969,24864000
2020-09-09,273.85702596930236,276.5482490440014,269.4677036252001,271.8212585449219,22918800
2020-09-10,273.5988272586772,277.22350155065294,265.17764117192195,266.23028564453125,24814700
2020-09-11,268.1866391651495,269.5074301618983,260.8181273628567,264.76055908203125,18913900
2020-09-14,269.070493648813,274.7210258385008,263.8569117037533,264.30377197265625,24093800
2020-09-15,268.7924129456855,272.6156817829718,267.43189098943856,270.5302734375,18478500
2020-09-16,265.4358225396444,270.55009102064423,259.9739759412045,261.69195556640625,29183400
2020-09-17,256.48834283374737,259.6860073099909,248.45446578541365,253.05235290527344,31281400
2020-09-18,256.60748881822025,257.401957450291,248.3154213533163,250.77821350097656,28130800
2020-09-21,245.82281980285393,248.21610538103576,242.4364863313559,246.4285888671875,24709400
2020-09-22,251.55282052218462,253.54888712316094,246.49813279732368,252.9828338623047,30293100
2020-09-23,253.48930721499917,256.20036551072144,246.42862725025063,247.2926025390625,19641300
2020-09-24,244.7900466012825,250.4902340745614,243.9161462512905,247.7990264892578,20006800
2020-09-25,247.66993743064677,253.9758943385475,244.8992979778838,253.05235290527344,18351300
2020-09-28,257.6006030545499,257.7992278284968,253.05238666766678,255.03851318359375,18826300
2020-09-29,256.0216270047833,261.503325083647,255.11793583547322,259.9740295410156,20200200
2020-09-30,260.162683455331,264.2342179457792,258.2957199668565,260.0832214355469,20142500
2020-10-01,263.5093368079426,266.4686458675195,262.9631338423851,264.78045654296875,20009800
2020-10-02,259.3979894595772,263.3106602807558,257.3820726907672,258.1368103027344,16367600
2020-10-05,260.38119173026905,263.03265359022123,259.0306099747682,262.8141784667969,12822300
2020-10-06,259.9640440055981,263.8469241676368,256.4485923231029,256.8656921386719,18696900
2020-10-07,257.4119030223598,258.3751755364846,253.05237134297118,256.3294677734375,23133400
2020-10-08,257.9481357099618,262.7843480733694,257.3522917992151,261.9303283691406,16312800
2020-10-09,262.6850614584868,262.91347690000043,260.3513872302378,262.6155700683594,14107800
2020-10-12,268.32566995185175,278.2364205973103,266.01181588676553,273.837158203125,31019300
2020-10-13,275.6544397582597,277.163915053948,271.49353328395597,274.2244567871094,18063300
2020-10-14,275.69414038383053,276.81630640312255,269.61659977918487,269.93438720703125,15577800
2020-10-15,265.743712457179,267.1737258577717,261.8409814415914,264.86981201171875,15416100
2020-10-16,265.5252811160591,269.4875941510113,263.4596923943107,264.0853271484375,16622700
2020-10-19,263.6881180830115,266.6871585805351,258.0773160471075,259.5867614746094,13587000
2020-10-20,261.23519522464017,267.8291492240227,261.05645112735016,265.7039794921875,18763200
2020-10-21,277.6207072786257,281.08648766825246,274.45283368534405,276.7964782714844,28998600
2020-10-22,277.9285647695872,280.4906845372351,273.13208333425473,276.1907043457031,16720000
2020-10-23,276.8660143313567,283.2613439092059,274.8997685464257,282.8144836425781,17535200
2020-10-26,281.1957326512578,283.25138040729377,272.3574777001807,275.18768310546875,21322900
2020-10-27,276.8262548702941,282.53636718820695,274.39323836900616,281.3248291015625,16287200
2020-10-28,276.8560900388456,276.8560900388456,265.4060728848971,265.813232421875,23121800
2020-10-29,274.6315881178936,281.6327011547713,271.88081424165927,278.88189697265625,32368100
2020-10-30,272.59582393637925,274.7805749026662,257.3026580900136,261.2848205566406,47247800
2020-11-02,262.76454261571706,268.5938190576868,255.55489370624662,259.5469970703125,27165700
2020-11-03,261.3344859939097,268.1766749142908,259.07030336447286,263.4596252441406,17961900
2020-11-04,279.05069742933637,286.9356199164006,276.6872026875782,285.3864440917969,35364400
2020-11-05,289.8751194712088,295.3171162940273,286.9456014426084,292.6358337402344,23823600
2020-11-06,291.9108963229084,292.5563812456766,286.0617403985008,291.3746337890625,13891000
2020-11-09,287.8591877997786,290.55038023895384,276.59785620125297,276.836181640625,25117700
2020-11-10,271.2054961224344,272.09924671104,262.1686172690312,270.5401306152344,29067700
2020-11-11,271.57297357212764,276.4687674971447,270.58985077783035,274.5621032714844,14957000
2020-11-12,275.2572527631473,277.80943248151925,272.52632894071945,273.17181396484375,12899500
2020-11-13,275.79351739465017,275.83324840891396,271.2055701884182,275.02886962890625,10391200
2020-11-16,273.1420215872313,277.4717929070027,272.724952013687,277.02490234375,12970400
2020-11-17,275.7537787794999,275.7537787794999,271.39424714309587,273.0923767089844,15040300
2020-11-18,272.6156728201886,275.4657893900018,269.95427097077754,270.0833740234375,12152900
2020-11-19,269.1399970776284,271.57301421647594,267.3227046243886,271.04669189453125,12963700
2020-11-20,270.6692471780771,271.10619731983934,267.5411048086391,267.8291015625,18114700
2020-11-23,269.0108584829948,269.07043984026683,262.69496185925465,266.5679016113281,20990800
2020-11-24,266.6275383660327,275.89283532331035,266.01184400904623,274.99908447265625,16930400
2020-11-25,276.21058223535215,278.23640911751494,270.75864526649195,273.6782531738281,12467000
2020-11-27,275.4658039800366,277.19372417729744,272.913624390235,275.88287353515625,7808400
2020-11-30,274.1152242550069,275.7736530753407,269.13005807623745,275.0487060546875,16693300
2020-12-01,277.2235046330134,287.2931489259058,277.02487988636204,284.5622253417969,20738900
2020-12-02,283.3804623158279,289.7559405419843,278.88188783354457,285.5254821777344,17361600
2020-12-03,284.26433893037,284.6615581463012,279.12027886523424,279.8948669433594,12921700
2020-12-04,278.35554866676335,281.4936314047659,277.3624856600237,277.7597351074219,10880300
2020-12-07,277.2532807346868,286.48875515657005,276.2701579939885,283.59893798828125,13007700
2020-12-08,284.0259617338094,284.44303122751927,279.5968788804657,281.4340515136719,10747700
2020-12-09,281.6923615949675,285.63482442002936,269.86497311978206,275.9921875,25189700
2020-12-10,273.62863587076913,276.7965098251757,269.9741403523532,275.1976623535156,20065100
2020-12-11,272.6256481813288,274.56213360830316,268.37533875573064,271.6524353027344,14391400
2020-12-14,271.47364488152203,275.29694373803864,269.6762031606504,272.2879638671875,16376900
2020-12-15,272.92351265801767,274.1648415067269,265.6145829436402,273.6385192871094,23979500
2020-12-16,272.8540602970369,275.9325320373977,270.6196680498099,273.75775146484375,15885000
2020-12-17,275.1480187332912,278.49463675445423,271.7119983579931,272.57598876953125,16377800
2020-12-18,273.8570313424853,276.0715732176227,269.2591741231777,274.482666015625,26693200
2020-12-21,271.0864200398628,272.76469937630253,265.93241928810284,270.8977355957031,16553700
2020-12-22,269.6166869762986,269.6166869762986,262.7943469282712,265.2372741699219,17312900
2020-12-23,265.03858385385934,270.2819549895623,264.383158673662,266.2500915527344,14329000
2020-12-24,267.01481880298417,268.5242638479774,264.35341689238487,265.5450744628906,6702000
2020-12-28,266.8758095415437,275.37642858276274,263.81718804969347,275.0785217285156,23299700
2020-12-29,275.0288804745847,278.5641832363711,274.3635147594354,274.86004638671875,16383000
2020-12-30,276.02187945984275,276.15095219593917,269.82514558620073,269.9840393066406,11803800
2020-12-31,270.1132102031671,275.16789862504214,267.93839921125164,271.2651672363281,12900400
2021-01-04,272.87385574481715,273.09233082170965,263.3603253365964,267.0743713378906,15106100
2021-01-05,266.4288997572722,270.5103744315404,266.3494377403135,269.0903015136719,9871600
2021-01-06,260.1825795171197,265.8926933805679,258.20639328660985,261.4834899902344,24354100
2021-01-07,264.0554674234832,269.7258491356457,262.94324162066465,266.8757629394531,15789800
2021-01-08,266.44875469224866,267.08432961533265,261.35433620233744,265.7138977050781,18528300
2021-01-11,258.6730677926536,261.64231654102093,254.12482216456647,255.0583038330078,30412300
2021-01-12,254.8497835250912,257.91834481107315,248.5636923990969,249.34820556640625,26383500
2021-01-13,249.80503713335122,252.188382619965,247.4713326816302,249.8944091796875,19528900
2021-01-14,251.6421841179755,253.26088182402776,242.9131661140982,243.93601989746094,29739400
2021-01-15,246.18032813034287,252.09899067412474,245.44547115899596,249.6163330078125,24942900
2021-01-19,255.11791059696782,260.38116333981225,250.9669140103909,259.2887878417969,28028500
2021-01-20,267.064434937094,268.44480710364064,261.7714222910091,265.62451171875,25199900
2021-01-21,267.3921687234662,271.70205875894015,265.634427714856,270.97711181640625,20838700
2021-01-22,270.1231077356851,276.5382869759463,270.1131674066485,272.5958251953125,21954000
2021-01-25,276.21058498544335,278.15698017441997,269.6265717881597,276.08148193359375,19087000
2021-01-26,276.21056454490656,283.41027148201056,275.88283677509816,280.0934143066406,19373600
2021-01-27,280.57010675992376,281.4837381150198,266.2600643454643,270.252197265625,35346200
2021-01-28,275.2572135241456,284.8005653531378,262.8638058488591,263.1617126464844,37758800
2021-01-29,263.45964586527754,264.71091515254716,253.08215396222317,256.5379943847656,30389500
2021-02-01,257.7197266207836,262.3374943130789,253.14172024429632,260.1924743652344,22914300
2021-02-02,262.16864356397065,266.9850053875906,261.4436966318781,265.2272644042969,17320800
2021-02-03,263.7774390975395,267.3326222811993,262.0097878354705,264.80029296875,14223400
2021-02-04,265.157769593735,266.2997860181599,262.168640172673,264.641357421875,16060000
2021-02-05,264.94926447674237,267.30284984950276,263.82712845483695,266.2402648925781,12454400
2021-02-08,266.8857036335244,267.98798910915104,263.1617170711961,264.7307434082031,13755200
2021-02-09,264.5917418731132,271.4935427252664,263.9065258912956,267.58087158203125,14613400
2021-02-10,270.56003283147004,271.900643668277,265.86283382095326,269.9840393066406,14687200
2021-02-11,270.00393789566357,271.6821866351648,266.627499147351,268.51434326171875,12828600
2021-02-12,268.64344654533176,269.29887189548083,266.4785760379777,268.62359619140625,9097600
2021-02-16,268.9214652817526,274.68124922947464,268.17666798465854,272.0694885253906,15417200
2021-02-17,269.35844805841447,272.0695214581162,267.70995953793226,271.67230224609375,12763200
2021-02-18,267.6999842903525,270.0634789389748,264.1845329934153,267.521240234375,15249100
2021-02-19,267.9879863347758,268.3951458314142,258.3453523815268,259.7455749511719,25622600
2021-02-22,256.1606138777245,261.2450916067546,255.74351408166407,258.5240783691406,17434900
2021-02-23,257.69985037363546,265.60462342546225,253.191350988149,264.0157165527344,21924600
2021-02-24,260.51025593619215,264.5321800799506,256.59761480938323,262.4765319824219,15736100
2021-02-25,260.480444082425,265.08827150301914,252.2777481716755,252.92324829101562,19053100
2021-02-26,254.69088454166723,263.7078838036071,254.69088454166723,255.83290100097656,26619500
2021-03-01,259.0107326162491,264.8002773245595,256.11097494456624,263.0723571777344,22157300
2021-03-02,263.9363364333064,264.8598779371174,256.85579095898794,257.203369140625,15191700
2021-03-03,258.48439730307683,259.17952327480714,253.33039749890509,253.63824462890625,15513500
2021-03-04,254.69091645879942,264.64139866978945,251.7415175849183,255.85281372070312,31626500
2021-03-05,258.8617730445713,263.6086134766132,253.83686100228493,262.44671630859375,26820100
2021-03-08,263.7079128586234,263.7377035415093,253.28076471915193,253.53895568847656,18391800
2021-03-09,259.36824065418534,266.66726127339814,258.0077489120371,263.8966064453125,22039700
2021-03-10,266.77648503964184,267.1041825272053,261.04649157172383,263.0624084472656,14210300
2021-03-11,266.2501095648282,275.97220493665156,265.96214311161896,271.9801025390625,21834000
2021-03-12,267.2730343215098,267.86884797479286,262.1885254683939,266.53814697265625,20600200
2021-03-15,267.213455344063,274.04573559254817,266.6374919734589,271.85107421875,16844800
2021-03-16,274.1648072713798,280.18279665985693,272.8936879012632,277.3426208496094,22437700
2021-03-17,273.7974141829572,284.2444572139667,273.4995073803498,282.03985595703125,21315000
2021-03-18,277.92858482314426,283.2116881663582,276.3496180179357,276.687255859375,18728300
2021-03-19,279.2691890055399,290.76884566116183,279.2493386548787,288.0975036621094,38930500
2021-03-22,288.43516209398456,297.6309049176878,284.7608168509757,291.50372314453125,28273100
2021-03-23,291.11646090364803,295.9328233174748,287.79963356760106,288.61395263671875,23000900
2021-03-24,288.98135511711854,289.69636174407646,279.2096180859463,280.1828308105469,18675000
2021-03-25,279.03087841779615,286.0617517724904,275.82327372146733,276.806396484375,24505600
2021-03-26,276.36947272447486,282.5264766041057,275.8431504477816,281.0567321777344,17629200
2021-03-29,283.7876255653244,291.1462266275226,282.7250711018045,288.8026123046875,21718800
2021-03-30,287.8195202709855,290.44122190582374,284.7112576273697,286.0022277832031,17474500
2021-03-31,287.9783323758534,294.4431822644306,286.6079005740464,292.4868469238281,19498200
2021-04-01,296.3300202168841,300.3022725798608,294.54251877589684,296.5882263183594,17616000
2021-04-05,298.80279507741744,308.6142338487392,298.5942299891719,306.76715087890625,28237000
2021-04-06,306.6975565953026,309.19015428755654,303.13246425599135,304.1354675292969,17335200
2021-04-07,304.21494543454486,312.07007816687496,303.3807760699453,310.9181213378906,22855200
2021-04-08,312.6659554448147,313.6888093314046,307.8992338881179,310.8486328125,20894100
2021-04-09,309.23983603188884,312.55666307145435,308.1772512663788,310.29248046875,15988600
2021-04-12,308.89228469218745,309.9846602325345,305.7939324729359,309.37890625,10881900
2021-04-13,310.04422299179186,312.2488242933257,307.17428638234855,307.6112365722656,14036900
2021-04-14,305.1682943929614,305.89324140381507,299.85543077610873,300.7193908691406,17421400
2021-04-15,304.2149784475269,307.98863680837684,301.99052656720033,305.6847229003906,14558300
2021-04-16,306.03227702070234,306.8068650471184,302.4969444090367,304.0560607910156,13059200
2021-04-19,302.8942372670993,305.5655798842235,298.47509359927756,300.1434326171875,14553500
2021-04-20,299.89514228651615,302.9835845586107,295.1483014626396,300.5505676269531,16796400
2021-04-21,299.85540432541285,299.88519500510046,295.3270391776164,299.37872314453125,14863500
2021-04-22,299.23967403518833,300.81867094601705,293.9863923470215,294.4630432128906,16375400
2021-04-23,296.68755239289857,300.49097087154496,295.0887049838903,299.0411071777344,17536800
2021-04-26,301.235742486538,303.6786691082406,299.4680914666265,300.9378356933594,16172600
2021-04-27,302.1692692671732,303.2219138346447,299.0212455887572,301.4642028808594,15309300
2021-04-28,305.2278718530595,308.7632045092743,303.25168590435214,304.9696960449219,33907200
2021-04-29,327.83002770338777,329.5083069817706,319.37904994231457,327.2242736816406,56526800
2021-04-30,323.8776259782797,327.53209104824134,322.248987887127,322.824951171875,26332400
2021-05-03,323.90737753831155,326.27084206146054,319.60739770408895,320.3422546386719,18719500
2021-05-04,317.80006933320976,319.9550297777541,310.9479394226379,316.1515808105469,24032600
2021-05-05,315.98277088195334,318.83285731643707,312.30842504926153,312.8347473144531,15577600
2021-05-06,312.33820166682153,318.0185239268124,311.09687276652534,317.800048828125,19012200
2021-05-07,320.143703732976,320.69981667352516,316.5388796429248,316.8665771484375,15916700
2021-05-10,312.1694082519749,312.3977933814333,302.7154276382799,303.8475341796875,24239200
2021-05-11,298.66372208325555,304.71147261940786,297.6110776402006,304.40362548828125,18920100
2021-05-12,299.0411002600775,302.84451865074016,296.1214922814983,300.45123291015625,24645500
2021-05-13,303.9567447761737,306.71745902247187,300.66970829138313,303.1424560546875,18079200
2021-05-14,307.39275439730136,314.6520430906645,306.93592356007673,313.74835205078125,19245700
2021-05-17,311.3749437134494,313.49017310689794,309.4186080633365,313.2716979980469,15401300
2021-05-18,313.4008264166306,314.3045176079125,307.6609220624403,307.80987548828125,14522400
2021-05-19,302.0798556016258,312.4772270849574,301.4641613514185,311.4146423339844,19106200
2021-05-20,311.4047347873846,317.0354162827345,310.9876652282522,316.39984130859375,17320200
2021-05-21,317.07514782686013,317.7106924961839,313.6192770874103,314.036376953125,13600900
2021-05-24,316.002603774066,323.68893285411247,315.82385968766243,322.3780822753906,16445400
2021-05-25,324.8111081200431,326.8965469654158,322.5469251665803,325.5162048339844,16437000
2021-05-26,326.0722398154271,327.5419536493177,323.5597916553514,325.38702392578125,9686900
2021-05-27,325.72472236570246,331.4646263219847,324.4933337229342,330.4417724609375,20477700
2021-05-28,328.7038883383271,330.56091149903165,326.05239650868407,326.44964599609375,12037400
2021-06-01,327.85980685651253,329.1210165064215,324.37417565975466,326.8468933105469,11765900
2021-06-02,328.0882083208523,329.56786271635684,324.85081275421754,326.8667297363281,11654300
2021-06-03,323.520114193703,325.1090213066614,321.23608105411955,323.7783203125,12610800
2021-06-04,323.6393278122066,330.1538207243708,322.9243210142429,328.0584716796875,13289400
2021-06-07,327.1944840493808,335.3475246849949,326.6482810891515,334.2452087402344,20136700
2021-06-08,334.36436543557863,335.95324218671897,329.93528208942485,331.36529541015625,14580500
2021-06-09,333.4109824352829,334.4636268555768,327.7108101624598,327.9590759277344,13727900
2021-06-10,328.49537952813114,331.6235225004314,326.2708973852136,330.1537780761719,13240200
2021-06-11,330.2729174472799,330.52118322602627,326.64824313875914,328.96209716796875,13587900
2021-06-14,329.59765568348803,334.483539749573,327.52215732246464,334.4338684082031,12250800
2021-06-15,334.65232691277197,337.5620248503402,332.7059317076359,334.41400146484375,15795200
2021-06-16,334.3643653995588,335.2084448088056,326.439710773516,328.7833251953125,17232200
2021-06-17,328.197430149362,335.6354937373488,327.8597923156813,334.1756896972656,17794100
2021-06-18,332.20941212190775,333.81816956514166,326.71777415159494,327.3731994628906,23039500
2021-06-21,328.7932973670429,330.6106200281411,325.37715747103,329.9849853515625,11337500
2021-06-22,330.3821755239405,337.56203287221103,330.29280347884355,336.6781921386719,15345300
2021-06-23,336.9959674168666,341.0377414877368,335.8539509185642,338.22735595703125,14817800
2021-06-24,339.47861689152836,342.50744713580673,339.41903553173717,340.79937744140625,12329100
2021-06-25,340.2135219727783,341.7329074740562,337.32370439076266,339.0019836425781,14594400
2021-06-28,340.08440839557375,355.6556621022771,339.3991923763824,353.1730041503906,29156100
2021-06-29,353.79862714859274,354.265368080388,346.6287093933313,349.44903564453125,21417300
2021-06-30,349.72702611903964,350.4718234032726,344.76171089081953,345.2979431152344,15107500
2021-07-01,344.4141159455727,352.20966653438927,344.0963285130735,351.9316101074219,17137000
2021-07-02,352.6367211412645,353.9674220897666,350.17391368538927,352.239501953125,11521300
2021-07-06,354.02699008079225,356.30111303287634,346.7577610194668,350.3327941894531,13488500
2021-07-07,352.79561580909495,354.0170640582016,347.57209406891997,348.0586853027344,14218900
2021-07-08,343.33175084560787,345.91369091939293,340.1837271688575,343.2522888183594,14406500
2021-07-09,342.92456873238206,348.2771632659908,342.8748973921492,347.98919677734375,13018700
2021-07-12,348.79363071688783,351.7330895735168,347.2146637204115,350.7102355957031,10018600
2021-07-13,349.0616794159111,356.00318078237416,346.38039692535693,349.6475830078125,11456000
2021-07-14,352.1004565076469,352.73603144965426,344.3247856324014,345.2185363769531,13894200
2021-07-15,346.807456771449,346.807456771449,337.8599480408071,342.0705261230469,14781600
2021-07-16,342.51744416406024,343.5899391237202,337.78054344124416,338.79345703125,11026100
2021-07-19,335.22833468467167,337.4329360890241,332.2193545536119,334.6126403808594,14372300
2021-07-20,336.4498015039066,341.067569648738,332.1796418476506,339.28997802734375,11024300
2021-07-21,339.1310778108753,344.11624409141785,338.88281201452764,343.8282775878906,9279700
2021-07-22,344.2751207728499,349.1014233736785,342.8153167504496,348.75384521484375,12385400
2021-07-23,358.4064175626375,372.7263709130637,354.712221510125,367.2248229980469,33694300
2021-07-26,367.01625509949724,371.8425576289156,365.6657038011167,369.87628173828125,14925200
2021-07-27,369.33017150371506,370.5615602843748,362.0212099365253,365.25860595703125,15705400
2021-07-28,371.96173241744225,374.93098154905937,364.3846557059322,370.69061279296875,29676900
2021-07-29,358.49581371263974,362.9844484478987,354.26535480030867,355.83441162109375,33413200
2021-07-30,351.5443361411562,358.22766169034094,350.491691683396,353.828369140625,15976200
2021-08-02,355.61590753540196,356.9068774625231,348.30694725009323,349.5085754394531,13180400
2021-08-03,350.2831207482035,351.3158844416269,345.28801510112527,348.8034362792969,12406100
2021-08-04,349.97529641844375,357.97938224565,349.0716053984844,356.4302062988281,14180600
2021-08-05,357.14523110122803,361.3756593379675,354.4242175743126,360.4521179199219,10247200
2021-08-06,358.893024268515,362.6170111631922,358.893024268515,360.9884033203125,8925000
2021-08-09,361.23667258484005,363.2426493012661,358.2475427107706,359.1015625,7798900
2021-08-10,359.32000390797504,361.5742765141981,356.549379711829,358.6248779296875,7469900
2021-08-11,359.5881517418357,359.8463275378054,355.3279025907099,357.4629821777344,8400300
2021-08-12,355.9635215765759,360.48194708294784,354.6327901991576,360.1343688964844,7170700
2021-08-13,360.4521402686356,362.1304194515307,358.9724858422268,360.6606750488281,7195700
2021-08-16,360.00522845589376,364.4045210745695,354.90089981921847,364.0172119140625,11222100
2021-08-17,360.4620449651616,362.1403239821523,352.606912425003,355.9634704589844,12328700
2021-08-18,353.7786912016138,357.36363405896896,352.686315848307,352.9842529296875,10042400
2021-08-19,348.91277867153,355.08963329385904,348.56520047312904,352.6566162109375,12004500
2021-08-20,352.1401450882476,357.49273888744256,350.8590853354137,356.8770446777344,8697700
2021-08-23,356.9465573952069,363.1532009756852,356.60891962113413,360.8294372558594,10942000
2021-08-24,361.1373449529852,365.4075043305499,359.32996276565495,362.9745178222656,9235100
2021-08-25,363.06390941492083,368.2874012019985,362.8652846539713,365.8345642089844,9684500
2021-08-26,365.8245777100554,366.8772221372946,361.6040596725405,361.8523254394531,7888700
2021-08-27,362.5673710076073,371.14742107472495,361.5544271740296,370.0451354980469,11219100
2021-08-30,369.97559188303035,378.84363823095765,367.94973464178105,378.0194091796875,13547300
2021-08-31,377.3143442669874,380.10484920750287,376.17229743518845,376.748291015625,12345400
2021-09-01,376.9568533074591,381.66396313831876,376.18226523015454,379.3997802734375,11567200
2021-09-02,378.85358112737276,379.10184690792806,371.4651890735768,372.6767272949219,14832900
2021-09-03,372.1504282729059,374.54371418349507,370.5217901040204,373.64996337890625,7509600
2021-09-07,373.27252384037985,380.3033965185089,370.5614509507848,379.52880859375,10793800
2021-09-08,377.5228966613497,378.22796302326014,372.1901523111581,374.95086669921875,11067200
2021-09-09,375.02031949008745,377.19509954170064,373.95773482474465,375.3778076171875,9098900
2021-09-10,378.71454142479524,381.1277078677201,375.63606996069,376.0630798339844,11549600
2021-09-13,379.0324053683906,379.10192707505905,371.7532644778072,373.8982849121094,13026300
2021-09-14,374.7819897915199,375.9637372479582,372.5078669166244,373.91802978515625,8711600
2021-09-15,374.38482369186454,374.94093665537116,365.11955743747427,371.3262023925781,17940300
2021-09-16,370.20405180545896,370.9686995861751,367.1454000708248,370.47216796875,11934200
2021-09-17,368.8335664300614,368.8335664300614,359.0816795986663,362.1899719238281,26299000
2021-09-20,356.8075775570263,358.5255877160873,347.3734776350834,353.2325744628906,19822800
2021-09-21,356.0131270912646,357.54245277557396,352.7260906017265,355.0002136230469,11751900
2021-09-22,344.82129547424677,347.4131755007979,338.3266546093435,340.82916259765625,43692900
2021-09-23,342.96430614109624,347.244436588427,340.6206914406906,343.5601501464844,21806300
2021-09-24,340.8589909880195,351.8919385080049,339.9950308835849,350.5115661621094,18801900
2021-09-27,347.3834211027895,352.6863747332731,344.67234776955803,351.12725830078125,15205800
2021-09-28,345.5561863357287,347.1748841230016,336.56897692930727,338.2869567871094,21710300
2021-09-29,340.76960230808635,342.83519056135003,336.52923371146676,337.254150390625,14452200
2021-09-30,338.08831943225476,340.4219932993988,335.80425628819665,337.0356750488281,16547100
2021-10-01,339.2403025206699,342.6266516425788,336.2909339336575,340.630615234375,14905300
2021-10-04,333.20251729096924,333.6096768677891,320.46152888980924,323.967041015625,42885000
2021-10-05,326.3006776114081,332.85490048506125,323.8974817514608,330.6502990722656,35377900
2021-10-06,327.4526518109316,332.06047963306645,323.5399803552705,331.32562255859375,26443000
2021-10-07,334.66227881082483,336.4895113551633,326.6979233231299,326.9362487792969,28307500
2021-10-08,329.2103921435758,331.0872658382954,326.4297969914836,327.760498046875,15946100
2021-10-11,325.3572529952405,328.1676081014375,323.05333943821864,323.1923828125,14708200
2021-10-12,320.78912991664765,322.1297709870296,315.16838987097276,321.52398681640625,31658700
2021-10-13,324.7018630148336,324.73165369743293,320.4217632147295,322.2887268066406,14761500
2021-10-14,326.08220352646043,328.22722358123883,324.8309645572515,326.25103759765625,14302200
2021-10-15,326.3999927716936,326.78730195164854,320.27281003421854,322.5072021484375,21596400
2021-10-18,326.668106223406,333.5599662951216,325.2281526617883,333.0137634277344,21585000
2021-10-19,337.29392341439353,340.0844286944019,334.94036838446834,337.6315612792969,18786300
2021-10-20,341.0675379865776,341.5938602237762,337.0952855380206,338.4160461425781,13639500
2021-10-21,337.9195461799882,339.93546327387196,335.4567385215077,339.5084533691406,16354400
2021-10-22,324.08616582509086,327.34341175250825,318.8824942988653,322.35821533203125,35224500
2021-10-25,318.07806843165025,327.273841557349,317.5021052232415,326.4098815917969,38409000
2021-10-26,325.9829424293362,327.91939752560313,307.45237909979846,313.6192932128906,65654000
2021-10-27,312.0105042608327,317.0354012261963,309.8952749651828,310.0541687011719,29971800
2021-10-28,310.8188570457867,323.26193836110224,305.97270353487784,314.72161865234375,50806800
2021-10-29,317.96888127486596,323.73857554960784,317.3829776736138,321.325439453125,37059400
2021-11-01,323.77830788954685,331.1369092399776,323.73857687912965,327.69097900390625,31518900
2021-11-02,329.08123386984886,332.4675824608705,321.55379908221755,325.8041076660156,28353000
2021-11-03,325.21825476736853,329.8459328747701,320.9580354976296,329.3196105957031,20786500
2021-11-04,331.69303111979514,334.9303963680135,330.34244948206873,333.520263671875,22495300
2021-11-05,337.9493222910368,344.3843824919673,337.28398694368224,338.7636413574219,26872800
2021-11-08,342.03081085258987,342.3982393556077,335.99297015181077,336.2710266113281,18342500
2021-11-09,337.64149720949376,338.94240761250666,332.1498587759395,333.0436096191406,17556700
2021-11-10,330.1835499468234,330.87870625923074,323.25198870461344,325.3672180175781,21872600
2021-11-11,327.53204921361885,330.15371980081824,324.73160425216196,325.4664611816406,12376600
2021-11-12,327.8895713138474,339.48854119804446,327.49235212990004,338.5252990722656,25414300
2021-11-15,341.9513226240939,351.1967370768033,340.8192465206391,345.14898681640625,25076600
2021-11-16,341.4448621218174,344.24530725343476,338.5054039194174,340.5809020996094,18181100
2021-11-17,341.8520275379172,344.8907981611505,337.7407621147875,338.4060974121094,13602800
2021-11-18,337.3633994408119,340.0843826522268,332.9740471795485,336.3405456542969,17487200
2021-11-19,339.8262220829443,349.65754120765286,337.54215865420935,342.9046936035156,26488500
2021-11-22,346.62864478297394,351.3754849401914,338.1479081732643,338.6444396972656,27116800
2021-11-23,336.5788918252043,339.0317590592541,331.1865661032912,334.9105529785156,17225000
2021-11-24,333.6691950342229,339.4090984270407,330.5013213830883,338.694091796875,13566200
2021-11-26,333.47060617009134,335.4070915076629,329.5976658008317,330.8092041015625,14750700
2021-11-29,334.55310427941134,338.30688228053685,332.98404731946147,335.6851806640625,16650900
2021-11-30,332.6761530506527,333.4805317723644,321.1864052077006,322.2092590332031,25390000
2021-12-01,327.99885131334366,328.20738609874235,308.1375874041913,308.4454345703125,30329600
2021-12-02,309.23985058811394,312.41766470557803,305.0690036530589,308.23687744140625,24396200
2021-12-03,311.55367511809095,311.5735254685623,297.4223772998706,304.7114562988281,27471000
2021-12-06,305.99255266304647,317.87951975765236,304.2149611423583,315.66497802734375,21758300
2021-12-07,319.3392902346361,324.27481477403893,318.7732370263186,320.5706787109375,18794000
2021-12-08,322.7455088217183,330.4417478782362,320.82890430428074,328.2669372558594,19937700
2021-12-09,327.2540480147095,333.79833071804273,325.7247222356388,327.5321044921875,16879200
2021-12-10,330.2530905762638,332.7059578569133,324.1060270329738,327.46258544921875,14528000
2021-12-13,328.65425606299516,338.72390047483293,327.30367444275134,332.169677734375,22948700
2021-12-14,325.7743343201105,333.37129119790376,325.37711514556946,331.42486572265625,20461000
2021-12-15,330.18357510906884,339.7368382857609,321.7326278482403,339.28997802734375,24681300
2021-12-16,336.62855788973843,342.07052456232094,331.4248863696693,332.57684326171875,22635000
2021-12-17,330.49145609411727,334.7715565182431,328.4556884392973,331.474609375,40012600
2021-12-20,327.49233249861777,327.61149521607075,320.292625362334,323.1923828125,17901800
2021-12-21,324.1457435126229,333.6692153987566,321.50419192067693,331.8817138671875,16116800
2021-12-22,331.48445199749193,332.189548621576,325.98290422148904,328.15771484375,16764600
2021-12-23,327.8101307259051,334.33456247386124,326.08218034839234,332.9144592285156,13987700
2021-12-27,336.49945539510196,345.45687412344387,335.6652859834369,343.7785949707031,17795000
2021-12-28,344.22551894390756,350.2633301648885,342.8054457708618,343.818359375,16637600
2021-12-29,344.50352743630526,347.2642416723502,339.2700957520207,340.5610656738281,10747000
2021-12-30,341.613733726055,344.8213387057519,340.8391456583301,341.9712219238281,10593300
2021-12-31,340.64049867127704,341.05759851401064,333.9373226475047,334.01678466796875,12870500
2022-01-03,335.9532641001233,338.71397854824414,334.85097850917924,336.1916198730469,14537900
2022-01-04,337.5918461106454,340.710048791719,329.5678785035941,334.195556640625,15998000
2022-01-05,330.7098484616282,333.4308618468726,321.59353686820657,321.9212646484375,20564500
2022-01-06,320.58066472960667,336.8172538693063,320.4813523499069,330.1537780761719,27962800
2022-01-07,330.4318256549176,334.6622844079269,326.59861641000646,329.4884338378906,14722000
2022-01-10,323.05338636520554,326.0623666414972,313.2419171246315,325.79425048828125,24942400
2022-01-11,324.51316123835636,332.3087126977734,323.0235665762721,332.0505065917969,16226800
2022-01-12,332.85490650522934,334.0366541036262,327.7406372338682,330.9482421875,14104900
2022-01-13,332.6563391580305,333.3018242108338,323.50029475979665,324.2153015136719,14797100
2022-01-14,319.55777267625143,330.4218850489652,318.9817791263499,329.5976257324219,16868500
2022-01-18,321.04735162418825,321.96095262959676,315.43655163280187,315.9429931640625,22645600
2022-01-19,317.36313706229,324.8309920265667,317.1148712521666,317.3730773925781,20814700
2022-01-20,321.65315473896703,325.54597570040505,313.78811140295323,314.36407470703125,16925000
2022-01-21,312.62622606527816,316.10194729304766,300.93788301801146,301.0669860839844,28710700
2022-01-24,295.77392053287866,307.38283100711567,287.00518638419567,306.5685119628906,38878100
2022-01-25,297.8692766654803,304.105711463683,295.5156917587425,298.06787109375,25108500
2022-01-26,304.8803392841993,305.3768708785876,288.83243451686275,292.5862121582031,28348800
2022-01-27,295.68454210791685,299.6170635525719,292.218761538942,292.59613037109375,21629900
2022-01-28,293.5693146659942,299.8057498469455,290.9972848220705,299.6170654296875,21871600
2022-01-31,298.5942528696925,311.6133279292589,297.2437013868694,311.0870056152344,21579500
2022-02-01,312.37793715110746,317.4425651980272,309.95486067855575,316.7871398925781,18023800
2022-02-02,325.54594012680275,325.7246842044795,314.67188747994163,320.7593688964844,58458300
2022-02-03,242.9528917001212,246.2796592879698,234.11463579491482,236.11068725585938,188119900
2022-02-04,233.3400539489898,240.92705595132773,228.5137663432525,235.44534301757812,89342200
2022-02-07,236.05109323987932,236.64693715449368,222.45605712612533,223.34982299804688,88613800
2022-02-08,219.31799930165315,224.20386810473175,214.65059044744515,218.6526336669922,94729700
2022-02-09,222.6447597583816,231.75114721199498,220.6685737472987,230.39065551757812,86563300
2022-02-10,226.68653990638668,233.36985097006743,225.12742341585542,226.48793029785156,49310400
2022-02-11,226.87521985005384,228.82161518931338,217.2524352504062,218.0270233154297,46156900
2022-02-14,217.78868216906557,219.46696135685332,213.2901072050722,216.18984985351562,38184000
2022-02-15,218.94061199946717,219.61588760053033,213.56813725848932,219.46693420410156,42685500
2022-02-16,210.93653210494622,215.95150368110467,210.8868759204417,215.03787231445312,45817500
2022-02-17,212.5353757176675,215.99123117362203,205.72296202717726,206.26914978027344,38747500
2022-02-18,207.9374784326616,209.28804483223993,203.75667618414028,204.72988891601562,37128400
2022-02-22,200.9363830884198,206.04072679270618,198.67220044312174,200.67819213867188,39852400
2022-02-23,202.74379248058972,205.50450704512744,196.67617554494552,197.07339477539062,44481400
2022-02-24,189.73462538971404,206.9046941439003,188.90045605790752,206.15989685058594,49957200
2022-02-25,203.5183647840356,209.8541125423845,201.77056393873042,209.01992797851562,37627600
2022-02-28,206.23934870344502,211.67140537212006,205.39525411367887,209.5661163330078,34239800
2022-03-01,208.41414716725657,210.28111063720308,200.81722054189382,202.0784149169922,27094900
2022-03-02,203.3594795827409,207.6991608900357,200.61863062333498,206.6663818359375,29452100
2022-03-03,207.57006201226622,207.62964337626647,200.02277607812186,201.56202697753906,27263500
2022-03-04,200.96619957261413,204.46178636010308,197.411031416221,198.67222595214844,32130900
2022-03-07,199.39714934904097,199.49646172826948,185.9808712352933,186.1695556640625,38560600
2022-03-08,186.54692452981288,195.3355245860247,184.81898914057544,188.96998596191406,37508100
2022-03-09,194.38219787476945,197.71889086123977,192.5748155619996,197.123046875,31894700
2022-03-10,193.48842180655208,194.9184351766103,189.74458461606886,193.85586547851562,24853000
2022-03-11,191.30368493188337,192.21730121306823,185.37509670416912,186.30857849121094,34694500
2022-03-14,185.73260739881346,190.95611432836714,184.53100942336172,185.33538818359375,31010500
2022-03-15,189.47645828108818,190.94618754859334,184.62037992402477,190.6979217529297,31721700
2022-03-16,193.34940583091395,202.31676549191621,193.17066172479323,202.21746826171875,40640300
2022-03-17,200.30086168553137,206.59687927986218,199.71495798370273,206.3982696533203,29499700
2022-03-18,205.26613926161622,215.2960826094458,204.57099812382236,214.9882354736328,52128000
2022-03-21,213.01203315188104,213.22058306841436,206.189694561412,210.02291870117188,30142300
2022-03-22,209.90375302784108,217.93764542226702,208.72200545565147,215.14712524414062,31998800
2022-03-23,211.85017549876554,215.29610603491705,210.68829336640334,211.97927856445312,23717300
2022-03-24,213.5085543588696,219.1392199973298,213.30000445243496,218.04685974121094,31502300
2022-03-25,218.98033986256667,223.93573021234633,217.37158248115725,220.28126525878906,40039000
2022-03-28,220.58910733267237,222.4858463037378,218.01706243313592,222.03897094726562,26224100
2022-03-29,224.50177013419827,229.28832613748915,223.72716701743596,228.26547241210938,31417900
2022-03-30,227.3220995178845,229.54655137595753,225.13736352030202,226.2694549560547,25588000
2022-03-31,226.86528669666313,226.9050177106061,220.71822301847524,220.81753540039062,24192300
2022-04-01,222.99234595192877,225.70340426165572,221.15517295953632,223.29026794433594,19544800
2022-04-04,224.41239943888382,232.72434805076864,224.29323671351824,232.2675323486328,28054800
2022-04-05,232.45623274206918,235.2169471910092,229.417461812872,230.2317657470703,29727200
2022-04-06,225.33593468966637,227.40150760047936,219.87408805094933,221.7509765625,28995100
2022-04-07,222.37664009784976,223.9556221375544,217.04389544300136,221.4034423828125,21037200
2022-04-08,220.83739117412068,223.56831487406782,218.50368667844387,220.78773498535156,18375700
2022-04-11,216.90486095018167,219.07967176886117,213.72706176092154,214.95846557617188,20516600
2022-04-12,218.7122165607691,220.48979279339932,211.65153750858536,212.65452575683594,20128800
2022-04-13,210.35066381723541,215.10743009321757,209.864057372154,213.49867248535156,19231800
2022-04-14,213.3993497039803,213.49866208481365,208.54327127888956,208.72201538085938,18379500
2022-04-18,208.54325950228275,211.89981776607013,206.85505519404293,209.30792236328125,16580800
2022-04-19,209.0596443485752,216.91476181408353,207.55018422051188,215.8025360107422,20089900
2022-04-20,212.1282301137777,212.67441790270703,197.5401293256184,199.02972412109375,43036500
2022-04-21,200.20152312891832,201.56201470052716,184.2926483333906,186.765380859375,49954100
2022-04-22,189.04942502299562,191.3831294620627,181.99868582411173,182.83285522460938,36426800
2022-04-25,181.46241266801752,185.88154035079478,180.39984305017538,185.69287109375,29281100
2022-04-26,185.33540089231528,185.89151389293303,178.25485500608454,179.69479370117188,31747400
2022-04-27,173.22000731030988,179.95298977063828,167.82768138880363,173.7364044189453,71062900
2022-04-28,201.51236675769346,207.08345147435523,191.5618700393527,204.30287170410156,100890600
2022-04-29,203.04168818781721,211.00604334340784,198.51330772123916,199.07936096191406,49193400
2022-05-02,199.77450522946864,210.4102178692344,199.59576114199825,209.66542053222656,49915300
2022-05-03,208.99014717021623,213.40927537457003,206.6465174147809,210.55918884277344,41556300
2022-05-04,209.18873471344116,222.74405503982925,205.52434462463904,221.8602294921875,41375900
2022-05-05,217.22263694269984,218.64270996108357,204.72990080911183,206.83518981933594,41129200
2022-05-06,205.9017188084952,207.92757620794703,199.62556730800335,202.3564910888672,34747200
2022-05-09,198.4537315749027,201.16480482052688,194.22328811081877,194.8489227294922,36303200
2022-05-10,198.12601337505205,201.55209318806584,192.84292556927107,196.27891540527344,34452500
2022-05-11,194.96806999378597,199.27795998455147,186.96398425295303,187.43072509765625,31153400
2022-05-12,185.7623795104132,196.67614834334174,183.49819687355438,189.91339111328125,38262200
2022-05-13,191.24410785549279,198.503397232515,189.953122698784,197.24220275878906,24549800
2022-05-16,195.68310969161757,203.94538776702177,194.57086858599118,198.65235900878906,27112600
2022-05-17,200.71793067646036,204.0347733061677,196.98401847084506,201.21446228027344,24872700
2022-05-18,198.61262813981287,199.60569128051193,190.3006945011028,190.90646362304688,23960000
2022-05-19,189.87368641774594,193.93531138900886,188.2847943425797,189.9630584716797,24446900
2022-05-20,193.6175370131133,196.53714530133018,186.56678209731146,192.19744873046875,31465600
2022-05-23,193.83598024475504,195.62349677540197,189.91338420576912,194.86875915527344,25059200
2022-05-24,179.29754438158685,182.4058215571146,174.88834182641335,180.02247619628906,50406300
2022-05-25,179.14856497229243,184.1635363161786,178.07607023195584,182.55477905273438,28030200
2022-05-26,181.61138743549637,191.49236240543442,180.99567799980568,190.30068969726562,23056500
2022-05-27,190.0325607294829,193.97502255882603,188.48338467468687,193.7764129638672,22562700
2022-05-31,193.53809725784882,196.22930534754266,190.67807023307347,192.29676818847656,26131100
2022-06-01,195.1468225764307,198.1458773543672,183.7166718529617,187.3314208984375,36623500
2022-06-02,187.14275367920058,199.5461182815414,186.4277469756888,197.4805450439453,31951600
2022-06-03,194.6205141545029,195.2461487952102,188.46352558358373,189.4565887451172,19465000
2022-06-06,192.6443358781859,195.55400378462718,187.09310106659834,192.90252685546875,30574200
2022-06-07,190.5986047413895,195.16670133175938,190.1616696801112,194.2928009033203,18828700
2022-06-08,193.3196042963057,200.62854978866102,193.06141332875293,195.27593994140625,22267200
2022-06-09,192.9323054091504,198.0664400188012,182.40583007585803,182.72361755371094,23501600
2022-06-10,181.7702481006762,181.82984461020973,173.80589360848077,174.35208129882812,27450800
2022-06-13,169.40662002400506,171.38282092477996,162.89212891887655,163.1205291748047,31749300
2022-06-14,164.87828673909902,165.5932934763899,160.24068327688394,162.59423828125,27244300
2022-06-15,166.04015237028412,170.96575216430253,162.84248787819953,168.1752471923828,30008300
2022-06-16,162.58427925437508,163.93484557107968,158.50278962582166,159.75404357910156,26944100
2022-06-17,160.55843379168454,164.74916126130907,158.79078269630057,162.60415649414062,31374200
2022-06-21,164.77896178821595,166.59626917748903,154.88806126492062,155.9605712890625,50724900
2022-06-22,157.28133881462222,159.67460937224337,154.36173087266783,154.76889038085938,47267800
2022-06-23,155.18598085338266,158.64183633158527,153.1799890713429,157.64877319335938,40499200
2022-06-24,160.60809926890386,169.0690015635416,160.18108938711842,168.97962951660156,68736000
2022-06-27,170.13157730813595,170.55858716707883,166.84452572363676,168.31427001953125,29174600
2022-06-28,168.7213953410986,170.11169261392817,159.49584686402946,159.5653533935547,27744500
2022-06-29,162.43533639936211,165.17618506417662,159.20788136690297,162.80276489257812,28595200
2022-06-30,161.0251593299037,164.08379518713716,157.39056026746715,160.13140869140625,35250600
2022-07-01,159.19794782136924,159.50579496695804,153.9247850296623,158.91989135742188,31423900
2022-07-05,157.0429977445288,167.0828662735314,155.9307719234765,167.02328491210938,28618600
2022-07-06,167.0332296710171,170.39971336251205,164.31224616080019,168.59234619140625,23085900
2022-07-07,168.27454597600874,171.52186668535077,166.61613235121607,170.99554443359375,24083400
2022-07-08,168.80085998074657,171.20407084283283,166.98355270569803,169.6946258544922,19249200
2022-07-11,165.91105887075022,166.328143553091,160.7868496540944,161.7501220703125,21885600
2022-07-12,163.65680602324343,164.75910669806157,160.9755386164519,162.13742065429688,16639700
2022-07-13,159.0489939667087,163.83555035660143,158.50280621658072,162.35589599609375,16555100
2022-07-14,160.10165236475422,161.46214411722048,156.18898088222045,156.95364379882812,23765200
2022-07-15,159.42636371697952,163.8355668671646,158.71137213459764,163.55751037597656,23342800
2022-07-18,165.59328022000832,170.4990146042201,164.49097951767354,166.0699462890625,23574300
2022-07-19,169.1881631762132,175.26571992802639,168.3341282653375,174.56063842773438,25933700
2022-07-20,176.2587716124654,182.32638764041948,175.47424329322635,181.81991577148438,24784300
2022-07-21,179.3770096978159,182.5746743968108,177.6292087773565,181.89938354492188,27195800
2022-07-22,171.86945307838997,174.38190172971616,167.2417749894323,168.09580993652344,42583900
2022-07-25,167.82770825890114,169.38682501140602,163.66677034564427,165.49400329589844,26166300
2022-07-26,164.788912991952,164.84849436062365,156.854332416764,158.04600524902344,28468400
2022-07-27,161.46212428769684,169.68468546683903,160.8960862055005,168.4036407470703,43846600
2022-07-28,159.94275564720272,160.38963105404298,153.77584169633522,159.60511779785156,73214300
2022-07-29,156.5961304718885,159.0291321576182,154.09360709228082,157.99635314941406,42065400
2022-08-01,156.1591851083066,164.04410918466886,154.15319324119818,158.82058715820312,40596700
2022-08-02,157.2118176426038,161.11456352266092,156.91389568067768,159.0787811279297,27374500
2022-08-03,161.56145723337113,168.36393117953668,160.4492312790305,167.6290740966797,31721900
2022-08-04,167.13252231139165,170.9558061443517,165.64292766539518,169.38677978515625,23938200
2022-08-05,165.83162767132987,170.41957476345786,164.6498800499171,165.95079040527344,25832700
2022-08-08,166.8346081704295,176.2786332135897,165.97064808420234,169.06900024414062,27299100
2022-08-09,167.77801610097995,168.35399454612372,165.44432679109218,167.36093139648438,18655100
2022-08-10,174.7692005526362,179.22804468728987,172.74334310966682,177.10289001464844,30262100
2022-08-11,178.46337508205696,181.82985836067613,175.14653283572773,176.25877380371094,24079100
2022-08-12,179.5557414317746,180.20124155559793,177.6689275530866,179.24789428710938,21274000
2022-08-15,177.71858826208515,180.18138063501422,176.96385056905282,179.63519287109375,15878700
2022-08-16,178.1952459401866,179.7344967831318,175.81188539703066,178.22503662109375,21156700
2022-08-17,175.5338393460009,176.90427136073453,172.96180938893704,173.63710021972656,20118100
2022-08-18,173.13060732813116,174.54075503123113,170.66781522362834,173.44839477539062,18844500
2022-08-19,169.0193585513689,171.12466290092638,165.89121544108187,166.79490661621094,26240800
2022-08-22,164.34203724537224,164.34203724537224,161.13443214416858,161.91896057128906,19499700
2022-08-23,161.35290814770875,163.90508790292597,159.585256823908,159.99241638183594,18111800
2022-08-24,159.48596568492076,164.3122537366885,158.66172136041752,162.12750244140625,20891500
2022-08-25,164.03415860747302,167.70850426753756,162.88221690647927,167.60919189453125,15550500
2022-08-26,167.3112650284955,169.734341390656,160.54850781539662,160.65774536132812,24023600
2022-08-29,159.5455264556274,161.91894673546284,157.90696319573627,158.06585693359375,20052700
2022-08-30,159.23768284651592,160.53859315412387,154.82848001713788,156.06980895996094,19567900
2022-08-31,165.91107021908033,166.67571794587022,161.0152609370121,161.79977416992188,40953000
2022-09-01,162.44528506331505,166.1990628623644,159.23769507162842,164.2129364013672,30145700
2022-09-02,166.2884313798448,166.76509747752274,158.11552540948338,159.20790100097656,22634200
2022-09-06,158.98942262661697,160.56838946048592,156.5961367043225,157.4402313232422,19339800
2022-09-07,156.66562873223995,159.8434427650851,155.72222182065045,159.2773895263672,16831200
2022-09-08,157.6090688684695,161.10464046070226,156.6457963416658,160.93582153320312,22530800
2022-09-09,162.11754236242328,168.3639022584355,161.88914210452134,167.9766082763672,22086800
2022-09-12,166.228832262736,170.20108467611442,166.11959471525049,167.78794860839844,23220400
2022-09-13,160.41938162398603,160.50876880535583,151.61091814221155,152.06773376464844,44444100
2022-09-14,152.2663791257827,152.47491390782315,148.0160699299061,150.41928100585938,43064200
2022-09-15,148.76086955837675,153.1303415527559,147.66849398331107,148.51260375976562,34606300
2022-09-16,147.02300843327845,147.54933071218412,143.28908113786707,145.27520751953125,40122800
2022-09-19,144.2324805569561,147.54930745481647,144.0934523382715,146.99319458007812,22169500
2022-09-20,144.76873672743025,147.80750737262215,144.2126238188906,145.0765838623047,23217400
2022-09-21,145.37452420798962,148.56226381232418,141.01497727715852,141.13414001464844,38338600
2022-09-22,140.56807511655674,143.57705488927735,139.8927843757181,141.8292694091797,34418500
2022-09-23,140.4389776261321,141.63065028026608,137.92652926974512,139.4359893798828,31710700
2022-09-26,139.14799788660858,141.25330198021248,135.24526714438548,135.42401123046875,30497000
2022-09-27,136.96323711408624,138.45283150502777,133.1895949597801,133.4676513671875,30826500
2022-09-28,133.6861535620933,141.04475498386643,133.33859055874663,140.62767028808594,32658500
2022-09-29,138.39327831830832,138.86994437759347,134.26213206332815,135.4637451171875,38985400
2022-09-30,135.10627431675823,140.01200978168268,134.56008643348727,134.73883056640625,33166400
2022-10-03,136.18864904554815,138.65144085884438,135.15587026995223,137.64845275878906,27723100
2022-10-04,139.51543467540031,141.40224842715523,138.3734030652836,139.306884765625,34670700
2022-10-05,137.2810882252649,139.23742431204695,133.84508223516173,138.0159454345703,27979300
2022-10-06,136.76465957644757,140.46878091958473,135.6524336864408,138.1053009033203,36231100
2022-10-07,135.8113133948686,137.3306988296089,131.5212883888198,132.52427673339844,33214800
2022-10-10,132.62359773984062,135.16583719074,130.9552436295989,132.86192321777344,24024000
2022-10-11,130.70696701014188,131.73976117223205,126.10908735119844,127.64833068847656,38481400
2022-10-12,127.4298738864634,128.77050008091746,125.37422584084904,126.61555480957031,34605200
2022-10-13,122.67308358829318,130.2302943889548,121.68002048782748,129.3861846923828,34325700
2022-10-14,130.09126942927062,130.87578263105397,125.64234329376768,125.88068389892578,23559400
2022-10-17,129.39612223902975,133.85496576636612,129.27694436553693,133.11016845703125,29612200
2022-10-18,136.13900250714025,136.88379975426173,130.4884716345084,131.87876892089844,25445000
2022-10-19,131.96814833194603,136.04963808047793,131.3027979056716,132.3057861328125,30691000
2022-10-20,132.0078664636755,135.82124016414522,130.39910914114193,130.61758422851562,26356300
2022-10-21,125.4337934650105,129.21736132269453,124.56983344637268,129.10812377929688,46348600
2022-10-24,126.36730755658232,132.55408780159703,123.70589755409995,128.82017517089844,63563400
2022-10-25,129.97212279358234,137.39030647102607,129.68412596591165,136.55612182617188,38433200
2022-10-26,130.76653152754133,134.60969572856067,127.63838906788622,128.91944885253906,82791500
2022-10-27,97.30032066005266,101.7889622979854,95.71141372398145,97.2605972290039,232316600
2022-10-28,98.88921724585029,100.15040394627601,96.8335770996731,98.51184844970703,95928300
2022-10-31,97.53866840882115,98.63103641008414,91.9576505148814,92.5137710571289,121361400
2022-11-01,93.6756441380607,96.81371959753587,92.90105613149628,94.53960418701172,110189600
2022-11-02,93.55648159280648,94.53961202289622,89.85236016179088,89.91194152832031,71821100
2022-11-03,89.45513314072755,89.8324944218848,87.79671944722035,88.29325103759766,60664000
2022-11-04,89.72325182690423,90.75603838606281,87.47892704303133,90.16020202636719,55638100
2022-11-07,94.12251231353268,96.2079431510992,92.45416612818555,96.04905700683594,81987300
2022-11-08,95.25461637027523,97.12157995769246,94.1324577284015,95.8008041381836,52088300
2022-11-09,101.01439435093836,104.17233576863617,100.04118903856578,100.76612854003906,107677300
2022-11-10,106.37692885293671,111.96787173860783,103.88433818993818,111.09397888183594,80671000
2022-11-11,108.47228980898205,114.10295597850015,108.05519753324442,112.23599243164062,59961700
2022-11-14,110.22006864252444,115.46344046960432,110.03139181015474,113.42766571044922,53395000
2022-11-15,115.2648340397726,117.91631070591497,113.61635322887716,116.26782989501953,50670500
2022-11-16,113.7057364919192,115.27477816754063,111.87850383914812,112.44454956054688,33287800
2022-11-17,109.64410092220196,111.55078026305709,109.03833182279432,110.6768798828125,35093800
2022-11-18,113.01058071429979,113.52697017850475,109.85263983976293,111.27272033691406,33357700
2022-11-21,110.74639649912582,111.59050621756411,108.43256517321927,109.09791564941406,24351100
2022-11-22,109.09791252768984,110.84570570118566,107.56859444793977,110.66695404052734,29029000
2022-11-23,110.94501340234123,111.88842033935603,109.96188303119828,111.4614028930664,21343100
2022-11-25,110.52793895381156,111.94801965552458,110.24987488914009,110.63717651367188,12007600
2022-11-28,110.01154767971387,111.26280951952141,107.62819431985668,108.02542114257812,23309400
2022-11-29,108.78013809330255,110.17042801518582,107.78707494573887,108.70069122314453,23899200
2022-11-30,108.75034544287803,117.34034302913078,108.62124238709019,117.28075408935547,43348600
2022-12-01,118.37311900070078,120.35924520927946,117.57867306315146,119.60452270507812,36551400
2022-12-02,117.01263581110268,123.17955722302418,116.79416070021333,122.63336944580078,39950500
2022-12-05,120.905428177411,123.80517050918586,120.50820143607213,121.5807113647461,35474900
2022-12-06,119.07820567486125,119.71376548325799,112.95100029556593,113.328369140625,43689200
2022-12-07,112.97085242891434,115.07614120384775,112.09695211346003,113.1396713256836,29461100
2022-12-08,115.58261271516358,116.52601962232978,113.79509611830431,114.52996826171875,30619400
2022-12-09,114.50018716954466,116.7246465613268,113.08010652547362,115.09602355957031,26033400
2022-12-12,114.38101702846627,114.91727205321595,112.35516723823551,113.91427612304688,24747100
2022-12-13,121.28280444893988,122.44469413726709,117.8170160434879,119.31654357910156,44701100
2022-12-14,118.56181549227547,123.27886571815174,118.56181549227547,120.74655151367188,36922000
2022-12-15,117.5091619839413,117.80707637704052,113.21912956566705,115.34428405761719,34531000
2022-12-16,119.39598553083218,122.45461426632954,117.9957628564649,118.60153198242188,67064000
2022-12-19,116.01956408518664,116.98283650686149,113.53690632889901,113.68586730957031,29769900
2022-12-20,112.47434454955203,116.51611162846854,111.67989092791186,116.27777099609375,28742500
2022-12-21,115.89045916890343,119.50520819779996,114.81795679355497,118.92923736572266,20392800
2022-12-22,116.38700307898532,117.7971585698301,113.58656518043153,116.30756378173828,23618100
2022-12-23,115.22511707731186,117.3602043835439,114.7385182510215,117.22117614746094,17796600
2022-12-27,117.11193316595197,117.77728363300687,115.24497724188932,116.0692138671875,21392300
2022-12-28,115.44358969536862,117.33041117127519,114.70872509527865,114.81796264648438,19612500
2022-12-29,115.59254196469233,120.19042121551982,114.96690738651516,119.42576599121094,22366200
2022-12-30,117.34034806387496,119.58466537798836,116.92325577343314,119.50521850585938,19583800
2023-01-03,121.96800788854041,125.49338487353471,121.43175291305995,123.87468719482422,35528500
2023-01-04,126.49637537128699,128.1547965119214,124.97699003546767,126.4864501953125,32397100
2023-01-05,125.25505429699473,127.62848223213497,123.67608750105978,126.05944061279297,25447100
2023-01-06,128.0753531918348,129.42591965584387,125.16567791552465,129.11807250976562,27584500
2023-01-09,130.25014780497702,132.027723922536,128.38318450043766,128.57186889648438,26649100
2023-01-10,126.387129730584,132.5143344437281,126.2679670147591,132.0674591064453,28684400
2023-01-11,130.05156543257846,132.92151752065496,129.43585593466761,131.96817016601562,25423000
2023-01-12,132.5143372630711,136.72491494315477,130.84598344132982,135.76165771484375,30757700
2023-01-13,134.03373369283793,136.43694468179817,133.90463063523947,136.02978515625,22423800
2023-01-17,135.23533971354632,135.80139301267857,133.31873500513416,134.42103576660156,21147600
2023-01-18,134.86789893919627,136.29791224625038,131.87878442440996,132.09725952148438,20215500
2023-01-19,131.57093643512005,136.49652095770875,131.2233582866692,135.20553588867188,28625200
2023-01-20,134.9473429258723,138.9692514778715,133.67622338072326,138.4031982421875,28688600
2023-01-23,138.3237663794459,142.76276009307352,137.69814686781393,142.2761688232422,27470100
2023-01-24,140.7071256161139,143.99416234588372,140.37941294552542,142.14706420898438,21970200
2023-01-25,140.2403761535725,142.17684622265583,139.33668507035335,140.5184326171875,26622000
2023-01-26,143.39832110735034,146.48674828891208,142.30596067082345,146.27821350097656,25482100
2023-01-27,147.21170231500102,152.12736239461694,146.36759248742518,150.6874237060547,35771900
2023-01-30,148.3735447829344,150.07167400801796,145.93060316336428,146.0398406982422,28040100
2023-01-31,146.92367120527942,148.84029071897626,146.49666137884958,147.9365997314453,29842100
2023-02-01,147.00315756148882,152.5146618498912,146.03988495824805,152.05784606933594,55661000
2023-02-02,182.10793083625816,195.79234024734723,178.91026618373948,187.46054077148438,150475700
2023-02-03,182.19731291020412,195.40505696430046,181.6213344156379,185.236083984375,76809700
2023-02-06,185.23605849534317,189.37712979649177,184.2330702212179,184.76931762695312,42483800
2023-02-07,184.29264668049973,192.4357608385614,183.12082437626285,190.29074096679688,47080700
2023-02-08,188.68197847348551,189.506222618854,181.65109029938392,182.1575469970703,36139100
2023-02-09,184.8388300516715,185.35521192673428,176.04029083653768,176.68577575683594,37118800
2023-02-10,175.12670679631503,177.64908073501556,172.14751710419472,172.94195556640625,33433600
2023-02-13,176.98372003856966,179.74443444936884,174.60037448273806,178.18531799316406,31463200
2023-02-14,175.93107146205887,180.2508870770016,174.65995184105614,178.23497009277344,24034600
2023-02-15,175.1962038438669,176.95392990973855,174.1137686177919,175.9310760498047,25308900
2023-02-16,171.55165207094436,174.63015376986252,170.59830481905945,171.24380493164062,25827500
2023-02-17,169.03918907715567,171.97864714115232,168.52279206209818,171.6807403564453,24171300
2023-02-21,173.10084877617902,176.93407344078165,170.68771240655548,170.88632202148438,34592600
2023-02-22,169.88332710252644,171.5615911643237,168.51289505206418,169.93296813964844,22433200
2023-02-23,170.80684176314054,172.48512071423704,168.20502146429376,170.8465576171875,20017800
2023-02-24,167.47016262504536,169.53573571664788,166.49696501797226,169.20802307128906,19791300
2023-02-27,170.68771690800259,171.9191056448018,167.88727125894107,168.3639373779297,19277000
2023-02-28,170.70755046716732,176.31836639072463,170.67775978472054,173.72647094726562,46051100
2023-03-01,173.37887720914978,176.61627250504657,171.8495667534545,172.2169952392578,30998400
2023-03-02,171.1842257694203,173.7959714755196,170.24080368144263,173.31930541992188,17352000
2023-03-03,177.67885893450952,185.3254422430507,175.8218356725193,183.96495056152344,45877700
2023-03-06,186.6958724355289,188.34436090331448,183.35917964120182,183.61737060546875,33209400
2023-03-07,187.6889465447827,189.03951311545543,182.7335556756576,183.23008728027344,36701500
2023-03-08,181.6014509997279,183.97487129085047,180.08206561247465,183.6868896484375,19432400
2023-03-09,185.05733517601084,187.61942492227118,179.04929972715175,180.42965698242188,26582800
2023-03-10,179.75436531559095,183.48829266497177,177.5597041177782,178.2647705078125,25665000
2023-03-13,176.7255182601782,182.50513769842044,173.60730069141576,179.64511108398438,24728000
2023-03-14,186.27878888385163,192.97204001980109,185.26586022047786,192.6741180419922,41642600
2023-03-15,191.61154367511813,196.40804080618722,189.51617969222386,196.3782501220703,42123600
2023-03-16,196.88469349861998,204.3326670795369,194.7297482942276,203.5084228515625,50447100
2023-03-17,199.16872616449064,200.49942703670612,194.0743077851282,194.25306701660156,50141100
2023-03-20,197.10315562016626,197.97705597837466,192.29673395590015,196.43780517578125,25186300
2023-03-21,201.79043897159778,202.1380171523649,196.57685717774208,200.75765991210938,31827000
2023-03-22,201.09529255545812,205.93150535957898,198.28492195719429,198.4239501953125,28477800
2023-03-23,201.4329169992156,206.43796354444146,200.74770103087417,202.86293029785156,27389700
2023-03-24,203.75670358752612,206.1400644000549,202.13802084784157,204.58094787597656,27716400
2023-03-27,203.3892733555036,204.43199275525842,199.9632083159738,201.4329376220703,18527200
2023-03-28,198.76158058225792,199.63548099076047,196.52718852656108,199.28790283203125,19127300
2023-03-29,202.14793034442258,204.29295036342754,201.13500169884674,203.92552185058594,18851100
2023-03-30,201.96921588495812,206.64653547473344,201.4131028694636,206.3982696533203,22608300
2023-03-31,205.80240916140227,210.69820313423787,205.33566827660388,210.4698028564453,25440300
2023-04-03,207.39129684433962,212.00904941071065,206.75573705825332,211.5919647216797,17924600
2023-04-04,211.90973875725146,214.73997471291952,211.06562904333202,213.2305145263672,21026400
2023-04-05,212.6644465008945,213.69724056050546,208.4836595380872,210.01296997070312,19396600
2023-04-06,207.79846352965933,215.43512155529157,207.2026195802258,214.6009521484375,26104400
2023-04-10,213.22058382610507,214.16399073590577,209.19867526017546,213.2602996826172,16106100
2023-04-11,213.98524452930243,214.52150711898213,211.92961167670683,212.36656188964844,16710100
2023-04-12,213.34967229513575,215.3357984907403,211.1053551491611,212.5155029296875,18972200
2023-04-13,214.23352502877484,219.61592588344854,214.19380916711722,218.8214874267578,23310400
2023-04-14,216.3686088464835,220.5692618228154,216.04089618124604,219.9535675048828,21591200
2023-04-17,218.26533831094628,219.4470858581435,215.62380190579213,217.341796875,15481900
2023-04-18,218.3845319458601,218.91085422961788,214.71020113649635,216.3785400390625,12281000
2023-04-19,211.98919349384875,215.82241788882212,211.45293090302494,214.20372009277344,15898100
2023-04-20,211.9991090817005,215.24642970344084,211.294042757246,211.5919647216797,16475400
2023-04-21,208.7518211737734,211.9296203715316,208.12618651112626,211.41322326660156,17717200
2023-04-24,212.19769877241578,212.43603935219775,209.24831554466178,211.31387329101562,15750900
2023-04-25,209.35758075618784,209.79451581413423,205.69317530472057,206.11026000976562,19198200
2023-04-26,211.0259355335818,212.6247679336245,207.43105150425714,207.9474334716797,41992700
2023-04-27,238.22591187983951,240.0134285311485,235.12755978619774,236.90513610839844,71196500
2023-04-28,237.35202858870025,238.76217650609945,234.11464803069435,238.6529541015625,39554000
2023-05-01,236.96473723497323,242.30742212922294,234.81973222744224,241.49310302734375,29143900
2023-05-02,241.4930850874803,243.2210203916547,237.3321632942295,237.58042907714844,24350100
2023-05-03,237.80883395896282,240.07301673078624,231.13544837265977,235.38575744628906,34463900
2023-05-04,234.42250517894993,236.54765989889898,231.31421239982657,231.90013122558594,17889400
2023-05-05,230.628974772949,233.05203595567318,228.25555462179068,231.16522216796875,27000500
2023-05-08,229.81468249897824,233.98554488249752,228.67266588724453,231.65185546875,16400500
2023-05-09,229.85439015911044,234.24372721155098,229.47702133485248,231.75112915039062,16865600
2023-05-10,234.53171137808388,235.10768979657198,229.11952049360835,231.46315002441406,19119000
2023-05-11,231.43335944398112,236.55756869790676,230.68856211589681,234.1543426513672,20449000
2023-05-12,235.09779348208167,235.31626860394763,229.844480533044,232.1881103515625,16161400
2023-05-15,235.27651903465465,238.59334630985595,233.69755226718914,237.20306396484375,20653200
2023-05-16,234.1543500950929,237.9776492286438,233.8862339585763,237.16334533691406,18163800
2023-05-17,236.79589317705327,242.1485026802214,236.4880460405073,240.80787658691406,21193100
2023-05-18,239.6261459129336,245.37597499901185,239.51690835813355,245.1376495361328,22943300
2023-05-19,245.7533271934296,246.96486539074206,241.72149342165952,243.93601989746094,21733600
2023-05-22,243.70762529469803,251.8110240364493,243.4196285026219,246.59744262695312,27738500
2023-05-23,245.09788788132573,249.8645935312071,244.93899415731045,245.02838134765625,17748100
2023-05-24,243.5785163383719,247.85861588162453,243.2508036965043,247.48126220703125,17724300
2023-05-25,251.64220015112937,253.8468015914283,247.44154720264257,250.9371337890625,22371400
2023-05-26,251.1754685062599,260.49040619358874,250.95700854244143,260.2222900390625,25727200
2023-05-30,263.4099867418485,266.7863952138384,259.4774653594547,260.69891357421875,23816500
2023-05-31,258.19640791321996,263.16172345001263,256.6571722191666,262.8836669921875,25473700
2023-06-01,264.0554877972459,272.0993054426767,264.04557777366057,270.71893310546875,25609500
2023-06-02,270.76860444692574,273.4399467678956,269.2392786971118,270.71893310546875,19416900
2023-06-05,268.42498069214497,273.65844334404306,267.6901235950495,269.5074462890625,20742900
2023-06-06,268.26610579564505,274.65149486016855,267.81921523595554,269.2392883300781,19419000
2023-06-07,269.7854493440546,272.34753865202845,260.9769547245147,261.77142333984375,26163600
2023-06-08,258.81213746831133,265.79337085238586,257.0842171238647,262.7446594238281,20899400
2023-06-09,260.6592238964262,266.09128048444296,259.88463585946414,263.1120910644531,16949800
2023-06-12,265.31667943229814,269.8648950557806,263.48941667516516,269.16973876953125,15442500
2023-06-13,272.9731990602745,273.8073684559375,267.22335503008594,269.4378967285156,16164000
2023-06-14,270.0039631439923,273.0824347639781,266.45872031027324,271.4538269042969,19175100
2023-06-15,270.41104955005704,282.0199587352708,269.53717954510836,279.87493896484375,25973500
2023-06-16,282.7747066945792,285.85320824566975,278.1867602004858,279.05072021484375,43127700
2023-06-20,276.7965359524478,282.8244069644152,274.3039374487083,282.357666015625,20701600
2023-06-21,281.5631833397857,282.0299242153351,276.4290337087428,279.6863098144531,20556200
2023-06-22,277.1440545745205,283.2812079627255,275.86302491273386,282.9038391113281,17563100
2023-06-23,279.55722497559066,287.66062414590505,277.0149856640273,286.7271423339844,51092000
2023-06-26,286.6973149655046,287.7797500544625,275.67430903748084,276.53826904296875,24232700
2023-06-27,280.0537302112872,287.3428096162056,278.7031486570512,285.0587463378906,26108300
2023-06-28,282.8442637293146,287.5414332003297,282.08952601055387,283.3110046386719,16722100
2023-06-29,282.5264555414938,284.5821034580367,278.7428875068673,279.5770568847656,15395700
2023-06-30,282.7846868116461,287.04490612365464,282.44704896001576,284.9892883300781,19694900
2023-07-03,284.71122518279316,287.3924775791837,282.87405224278217,284.0359191894531,8629300
2023-07-05,285.65458733876653,296.05195894174534,284.37352748692535,292.3279724121094,33865500
2023-07-06,293.8374787010274,296.0519901953358,289.28923236805707,289.9645080566406,47600500
2023-07-07,290.15319664583785,294.14533008005697,286.6576251143249,288.5146484375,25586000
2023-07-10,293.4998295255578,296.0619496653583,285.05879195490223,292.0599060058594,37058300
2023-07-11,291.86123320884525,298.0976681402498,289.8751070484504,296.2207946777344,27585900
2023-07-12,299.6568071198081,307.30340553817604,298.01825897469564,307.19415283203125,36677100
2023-07-13,311.4444661763027,314.0462868298362,308.1375791585091,311.2359313964844,30281000
2023-07-14,309.6271439820355,312.69570524056013,305.2278515366638,306.7273864746094,23054100
2023-07-17,305.40661961180007,309.5476755688944,302.5962342022979,308.4652404785156,25323100
2023-07-18,308.7234481355329,312.0204247595342,305.48605287050566,309.88531494140625,20731900
2023-07-19,310.8585322289493,316.46933252480835,308.3659342202433,313.81787109375,21763700
2023-07-20,311.32529185234506,313.35114912707894,300.12354093668733,300.42144775390625,23836900
2023-07-21,302.4572278736158,303.3410382508624,289.179979416503,292.21875,42139300
2023-07-24,293.7281833596271,295.45610334311397,286.3000609456987,289.58709716796875,24915700
2023-07-25,293.1423138094745,296.23072566058914,289.83539654714053,292.42730712890625,19585600
2023-07-26,299.1007222292205,299.67668557873986,289.8751561653458,296.4989013671875,47256900
2023-07-27,322.86471098100867,323.09312643296056,307.6907061097006,309.5477294921875,64229200
2023-07-28,314.6818792177491,323.9372357373028,312.07011809012175,323.22222900390625,39220300
2023-07-31,321.4445798465396,323.40091525977414,315.3868892035892,316.389892578125,25799600
2023-08-01,315.33728544494596,321.89150838566957,312.47725868492967,320.4714050292969,22817900
2023-08-02,315.794074554509,316.1813837210688,308.49505450598787,312.1296691894531,20461100
2023-08-03,307.7800604286639,313.7583200966404,307.7800604286639,311.0174560546875,15180200
2023-08-04,312.7750997941515,316.2011791109562,308.0481407367555,308.574462890625,17612800
2023-08-07,311.0571876851378,314.87054662167225,308.30638330815515,314.36407470703125,16236500
2023-08-08,312.2190228348617,315.684833553697,307.95877378317203,310.47125244140625,15183500
2023-08-09,310.70958057750164,311.4543778857234,300.749159121118,303.0927734375,19955800
2023-08-10,305.8038611045428,310.1733327929032,301.7620869128098,303.6191101074219,14358900
2023-08-11,300.47108772957597,302.60616717912757,298.27639661692143,299.54754638671875,14046300
2023-08-14,298.89215897523803,304.08585987444496,296.1810856549344,304.0660095214844,15641900
2023-08-15,304.0163444248996,305.09877954029145,297.9487132756446,299.85540771484375,11623600
2023-08-16,298.1175725827558,298.99144270611146,292.2386253443514,292.2485656738281,18547700
2023-08-17,291.01710842759655,293.99629751358816,282.97332214012204,283.1123352050781,23950100
2023-08-18,277.09439819859506,283.7082021437842,272.47666080114544,281.2851257324219,35347900
2023-08-21,281.4837682910043,288.4848515328741,279.8948611542594,287.8890075683594,20181500
2023-08-22,290.5205940494777,290.8681721911875,284.7608402658425,285.6049499511719,12980200
2023-08-23,286.49877028386,295.33702784669055,285.6745410557622,292.1989440917969,18287000
2023-08-24,296.4293565159792,297.3826886744035,284.65164185583643,284.7608642578125,18360900
2023-08-25,284.145165887689,286.3894983198096,274.1152219434127,283.51953125,23701400
2023-08-28,286.0021582885092,289.4282379320253,283.81740745700915,288.2464904785156,14239300
2023-08-29,286.57815408473397,297.074838985224,286.1809348809312,295.9228820800781,20844500
2023-08-30,295.1085960366547,296.2208219398968,291.39451916689933,293.0529479980469,17717000
2023-08-31,293.74803051995156,299.01128273324264,293.6090174555806,293.8374328613281,17229900
2023-09-01,297.2932845068725,299.6468391187103,292.4272815563122,294.32403564453125,12842300
2023-09-05,294.95957887018017,299.29928989489184,293.46007425910796,298.06787109375,14956000
2023-09-06,299.6170852336197,301.19605206197497,293.60906508325564,297.0947265625,15418100
2023-09-07,295.93280942459444,304.92001852805595,290.1929058097352,296.5981750488281,33748700
2023-09-08,297.14439976119326,303.1325702061004,294.7213229016597,295.8236389160156,17548000
2023-09-11,299.319151179612,306.89622744540156,299.190048128287,305.4264831542969,19489300
2023-09-12,304.2050319475846,306.5188861385687,298.14737076735327,299.56744384765625,13480400
2023-09-13,300.26256497984866,305.04913672382065,299.22980110519165,302.94384765625,13210900
2023-09-14,304.61218228599614,310.6996642714737,302.9140527776012,309.5576477050781,19343100
2023-09-15,309.44840865844526,309.83571785258516,296.67763047583276,298.226806640625,28131100
2023-09-18,296.1214922814983,301.49396736300946,295.7341831203548,300.45123291015625,14234200
2023-09-19,300.3817360880637,304.0461413355526,297.7302442880401,302.9537658691406,15924400
2023-09-20,302.93390184979273,305.92303162981295,297.3528917945429,297.59124755859375,19379500
2023-09-21,293.64873715467905,298.17710194748116,291.2355710656396,293.67852783203125,21319600
2023-09-22,297.22375462122136,303.2615948527905,296.2009009061398,297.0052795410156,25369600
2023-09-25,293.5891643771503,298.86232656369026,291.6626197030831,298.7431335449219,18987000
2023-09-26,295.5951993800877,298.21687050123535,293.95665114113496,296.88616943359375,19417200
2023-09-27,298.3658446206744,299.20992407915827,284.80059794210763,295.67462158203125,36429800
2023-09-28,296.8663047723945,304.2050257978112,294.64185298215443,301.8514709472656,22167100
2023-09-29,305.2477791028233,308.48517491583306,297.2833926385552,298.12750244140625,25373700
2023-10-02,300.6399055567097,305.04910803314016,299.5376200905421,304.6916198730469,16265600
2023-10-03,302.14939381555854,304.64196163237807,297.561447061845,298.8524169921875,17362300
2023-10-04,296.65777700392675,304.77108627702137,296.42936156061296,303.4602355957031,16880500
2023-10-05,302.5168569787188,304.08588354947386,297.4224377535643,302.6757507324219,19130000
2023-10-06,299.3489685961365,314.1158132926194,298.8226463208752,313.2419128417969,21803900
2023-10-09,310.33224509730616,318.1079164958756,309.6569694053864,316.1515808105469,22503700
2023-10-10,316.9063193123349,322.40789785267475,315.9529871386854,319.6074523925781,19038000
2023-10-11,320.76935835678336,326.5589035580953,320.70977698843177,325.5459899902344,22036300
2023-10-12,325.7247669593747,328.24715626233046,320.45160318703387,321.9114074707031,20530500
2023-10-13,321.28569292034854,322.79513787238227,310.2031054536438,312.50701904296875,21341000
2023-10-16,316.42964290324574,319.58757630951493,313.3312605530342,318.9222106933594,16536100
2023-10-17,315.9728069446153,322.14966058137793,315.0989065758056,321.75244140625,16387800
2023-10-18,319.16056192127786,323.67898687087495,313.37098711933334,314.7712097167969,16851000
2023-10-19,317.6610705027588,319.6571372906887,309.58746160303093,310.6401062011719,18709200
2023-10-20,311.9608480064677,313.112774500893,304.344040909114,306.5089111328125,22312300
2023-10-23,307.35306235106145,315.15852460578594,305.1286104668236,311.831787109375,17796800
2023-10-24,314.5825962296972,316.14171291021864,308.4752628936024,310.3819274902344,19525500
2023-10-25,307.8496136372505,308.72351416361414,296.7670239096032,297.4522399902344,42192500
2023-10-26,292.95359454940296,292.95359454940296,277.46180518324184,286.3497314453125,66684100
2023-10-27,292.4372388367085,297.2337203774448,290.93770382583693,294.671630859375,29596300
2023-10-30,297.0152130904281,307.2536903358122,296.9754820842397,300.5604553222656,28435100
2023-10-31,301.20597199311294,301.5734004979503,294.8007027575976,299.18011474609375,19434200
2023-11-01,299.7561059558693,310.57054746980504,299.7561059558693,309.6867370605469,20434600
2023-11-02,315.09888902099505,316.6083642306178,306.191112380913,308.7135009765625,21631800
2023-11-03,310.3818963136612,313.3610859643028,308.8625108040693,312.4176940917969,16764300
2023-11-06,313.78805781982936,316.12173162638936,312.2686726412427,313.6092834472656,12887700
2023-11-07,314.86059760841897,318.77326881523226,312.93405268705885,316.6083984375,14055600
2023-11-08,315.9330988711721,319.10094217538756,312.6957035729342,317.56170654296875,13609700
2023-11-09,317.2042495782576,321.9312096368401,316.588524958862,318.3263854980469,16103100
2023-11-10,317.72064509348024,326.81710771264596,317.2439638436698,326.4893798828125,19096200
2023-11-13,323.93721447654235,330.02466618217363,323.44068289721343,326.9064636230469,16908900
2023-11-14,332.2193399936058,335.75464222677965,331.0177118150149,333.97705078125,17179400
2023-11-15,335.58582953023244,336.05257043204165,327.73069622431444,330.40203857421875,14531200
2023-11-16,327.0851936445304,332.25904399287276,324.11594462578523,331.87176513671875,18932600
2023-11-17,327.96901069081383,333.1726513447855,327.06531968384377,332.7158508300781,14494400
2023-11-20,332.5668865359182,339.49844696184067,331.87173030537514,337.61163330078125,16960500
2023-11-21,335.983036522229,337.5421529147705,333.56990038195556,334.6424255371094,12027900
2023-11-22,336.85694150534493,340.5412275998249,336.2313068739848,339.1211242675781,10702700
2023-11-24,337.77057245981536,339.4885523054197,334.4338645325488,335.8837585449219,5467500
2023-11-27,333.84794886953887,337.5421448490172,331.8817033085443,332.37823486328125,15684500
2023-11-28,331.0872690473393,337.02579796930206,331.0872690473393,336.63848876953125,12637200
2023-11-29,337.3336328595528,337.5421676409766,328.48543631997484,329.8955993652344,16024500
2023-11-30,329.58772438421056,331.18654141664064,320.16353502645495,324.8805847167969,23146400
2023-12-01,323.2222283416098,324.592630130751,318.534968722478,322.5668029785156,15276400
2023-12-04,315.08900590564207,318.6342182124183,311.4841819302408,317.800048828125,19037100
2023-12-05,316.76727772927734,319.6471546506567,313.20218484619875,316.0820617675781,16952100
2023-12-06,319.6967975944425,320.0145850609323,314.840734778022,315.2478942871094,11294300
2023-12-07,315.56566907383996,325.96304155910934,315.56566907383996,324.3244934082031,15905100
2023-12-08,320.8487785252904,330.8588723302626,320.7594064759814,330.4417724609375,14087400
2023-12-11,327.11500554193907,327.60162710830497,317.78021770794487,323.0235900878906,25802500
2023-12-12,322.3483177648806,332.1498466082238,322.30858675160493,331.9015808105469,18485500
2023-12-13,331.613589975502,336.0227930461716,330.33256025664025,332.41796875,16353300
2023-12-14,331.5341318558429,332.3782415771225,326.3602814366217,330.8588562011719,19607300
2023-12-15,329.6870122597024,336.31075653936995,328.9223645749602,332.5967102050781,31776900
2023-12-18,335.138945860617,345.1490085729094,334.682115014434,342.2294006347656,18993900
2023-12-19,343.182755230737,351.14714120990925,342.72595466047795,347.9295959472656,17729400
2023-12-20,346.2313906405183,352.49761541578346,345.3773710523512,346.8570251464844,16369900
2023-12-21,350.53147289681993,353.93767253205505,346.7876050912574,351.6337585449219,15289600
2023-12-22,353.1133790344546,354.72216678296945,348.7836382780297,350.9385986328125,11772800
2023-12-26,352.5274850525142,354.5037013689945,350.9981895908106,352.36859130859375,9898600
2023-12-27,353.59997739376473,356.50964493837427,352.84523975673784,355.3477478027344,13207900
2023-12-28,357.20484368034937,359.38956452775494,355.32793969331226,355.83441162109375,11798800
2023-12-29,356.4997762626334,357.50277987070984,349.37952953483807,351.5046691894531,14987100
2024-01-02,348.8829233892459,350.710155792769,337.651382544702,343.8878173828125,19042200
2024-01-03,342.5869773359991,345.53637645618534,340.799445268861,342.08050537109375,15451100
2024-01-04,342.1102461152332,345.7349204555681,341.01787061798507,344.7120666503906,12099900
2024-01-05,344.5829605689194,351.04781114531914,343.8580438907482,349.5085754394531,13920700
2024-01-08,352.23947587883526,356.4897845196527,349.6078345522185,356.1719970703125,13890200
2024-01-09,353.9277076707349,358.138316118868,352.8949134884514,354.9505615234375,13463900
2024-01-10,357.67160704708056,370.35301394440967,356.5891414264433,367.900146484375,22117200
2024-01-11,369.54860933207885,370.1940943436833,360.41241587190035,367.1056823730469,17205400
2024-01-12,367.59226177945345,374.44439150060066,366.97656747114235,371.8922119140625,19310000
2024-01-16,371.05804360841296,373.00443891602794,364.6825950936139,364.9109802246094,15306900
2024-01-17,363.75901875957754,365.9835008176881,356.1223607318254,365.8146667480469,12724800
2024-01-18,368.91304613290293,374.23588075452443,368.376813814001,373.5208740234375,16354300
2024-01-19,376.3709265262171,381.69373035981744,375.3480727138561,380.7900695800781,21670800
2024-01-22,385.2588658770631,387.64221140503804,378.51595852044164,379.13165283203125,17680500
2024-01-23,381.9519604782741,385.6858877821844,379.42957148217187,382.5279541015625,15506100
2024-01-24,387.29462029869575,393.4019524806912,385.1198096217787,387.9897766113281,15698500
2024-01-25,387.463476105673,392.74654921576047,382.98475144483166,390.45257568359375,15091100
2024-01-26,391.6144490770692,394.0375255245111,388.8735851564818,391.4059143066406,13163700
2024-01-29,392.2500198714916,400.1349440276031,390.37314620072715,398.2381896972656,18742400
2024-01-30,400.7903320803033,403.54110595161325,396.79822933650826,397.2848205566406,18614700
2024-01-31,386.3015482973079,395.2391162527726,384.41473445677485,387.43365478515625,20180800
2024-02-01,391.20730397034777,397.7217958803975,390.32346321045657,392.0414733886719,29727100
2024-02-02,456.4118123081212,482.5889413919977,449.86753003715205,471.6950378417969,84707600
2024-02-05,466.6204856916062,468.6264622065812,456.034429603673,456.2231140136719,40832400
2024-02-06,460.7812674472568,463.87961939666826,449.85757360691235,451.5656433105469,21655200
2024-02-07,454.8229212950101,468.2491241314177,453.0155390941815,466.33251953125,23066000
2024-02-08,465.07134622371103,467.32558868611034,461.8041599426537,466.73968505859375,18815100
2024-02-09,469.6692454531746,470.30479013249504,464.22724828942955,464.86279296875,18413100
2024-02-12,464.9422419936449,475.82620571090297,463.34339455149507,465.6473083496094,19382000
2024-02-13,453.70076734156714,464.64434291204145,451.93311610453003,456.92822265625,20916600
2024-02-14,464.6839937366196,470.82111621817603,462.85676132977494,469.99688720703125,16858400
2024-02-15,471.9830306082493,485.230488771925,468.9442599360806,480.6723327636719,24212300
2024-02-16,474.7934022206939,475.6375119489184,465.9551463563073,470.0366516113281,23324600
2024-02-20,466.46159170236916,472.87677072112166,463.3235087291464,468.4775085449219,18015500
2024-02-21,463.75552217021885,466.2408143576262,459.0732401837944,465.2765197753906,12921800
2024-02-22,477.41462669114475,487.1072651737646,473.25922588434,483.2699890136719,21625800
2024-02-23,485.1786810525682,491.45155549063116,479.51223362447035,481.1823425292969,18374300
2024-02-26,480.6256557583817,483.2799609921054,477.7725453653091,478.90582275390625,12101400
2024-02-27,477.15615759128826,484.4032466884035,477.0965130147055,484.1845397949219,10809600
2024-02-28,482.1466085873044,488.16100260044766,479.9098459701468,481.17236328125,12715500
2024-02-29,485.5664001835374,488.8072305793803,479.77068239389234,487.2464599609375,17732000
2024-03-01,489.2147961734658,501.28338849746706,488.95634643940537,499.3448486328125,16273600
2024-03-04,500.04073241207027,501.4523915660251,493.49945745211545,495.259033203125,12324100
2024-03-05,492.0877837615881,492.6643581190784,485.0196283389058,487.3359069824219,15325300
2024-03-06,494.7023350451915,500.0109149772021,491.3819886609617,493.17138671875,11757900
2024-03-07,500.31911226510823,516.791604925774,498.4302963735491,509.17669677734375,18586400
2024-03-08,511.1649321102501,520.4897527725559,496.412242084079,502.9734191894531,18597100
2024-03-11,494.0859633671915,494.3941371250027,473.1995612597205,480.7449035644531,20428300
2024-03-12,490.3580671035689,499.3548120932543,481.87825193306827,496.80987548828125,15448200
2024-03-13,492.4755157274268,498.0326247688167,488.1411508830756,492.6544494628906,12090700
2024-03-14,497.3168592141215,498.40044284010156,485.28804037111354,488.9364318847656,12620000
2024-03-15,486.1330702959338,488.93645663935973,478.46840785801584,481.251953125,29153600
2024-03-18,489.01597315025106,494.4935661399137,483.94597166783353,494.05615234375,11755300
2024-03-19,485.2980263600341,493.7082462490932,478.4485468375205,493.3205261230469,10903100
2024-03-20,496.56135656046746,505.2101851162554,492.25684403551685,502.5459289550781,11711100
2024-03-21,511.68189014587995,512.0099050096288,503.0330616786882,504.77276611328125,9712500
2024-03-22,504.0172232261066,506.9697513685857,501.37286886802445,506.58203125,8120600
2024-03-25,502.81433078593295,504.2359104892771,497.2969644965207,500.06060791015625,8380600
2024-03-26,502.158224751726,506.9995687205203,492.2965727329748,492.97259521484375,11205400
2024-03-27,496.3624651462264,496.94902070729796,485.1985538197875,490.9544677734375,9989700
2024-03-28,489.9405029909663,489.9902270320551,482.2957426384375,482.72320556640625,15212800
2024-04-01,484.33368069090426,494.50347537416116,478.94555469115943,488.4592590332031,9247000
2024-04-02,482.2460757075962,494.60294050567774,481.79871100314176,494.4438781738281,11081000
2024-04-03,495.99470843998273,504.25581696566337,495.815774689645,503.7587585449219,12099200
2024-04-04,513.3817659558945,526.8818886970938,507.5761276530795,507.9141540527344,26476300
2024-04-05,513.8191641240741,527.5777665151929,511.38356597372723,524.237548828125,19263300
2024-04-08,526.1660874417956,528.3630463964502,515.8372009291234,516.195068359375,13260600
2024-04-09,519.1576077555757,522.7762075444691,503.7587479141373,513.8590087890625,10863800
2024-04-10,506.2937294481195,519.4856478339971,502.8242413515318,516.771728515625,11418500
2024-04-11,518.0442258786559,520.778047262265,514.2466921664769,520.0821533203125,10369500
2024-04-12,514.703986717133,517.1296341998783,506.3335096925716,508.8883972167969,11984500
2024-04-15,513.6799940142547,515.4794036371065,494.354391700334,497.28704833984375,13512900
2024-04-16,495.1795072199256,501.8003287823735,494.185390414838,496.81982421875,9847900
2024-04-17,500.1401507465026,500.19979532538446,484.2740556651734,491.2626953125,12193700
2024-04-18,496.87941615355777,509.1965366258005,496.10400634126887,498.8477478027344,14808700
2024-04-19,499.8419152749836,499.8419152749836,472.93119653596085,478.2397766113281,25215400
2024-04-22,486.8388571664129,489.11539302390713,470.6148644871972,478.8958740234375,17271100
2024-04-23,488.35986304921715,495.8256896968282,486.0932780281285,493.18133544921875,15079200
2024-04-24,505.0709561798665,506.9995451118446,481.72908384792635,490.59661865234375,37772700
2024-04-25,418.9208293388117,443.1474518194537,412.0614292262953,438.7832946777344,82890700
2024-04-26,438.8628170424118,443.8135298876652,429.41870694726816,440.68206787109375,32691400
2024-04-29,436.9739404903706,437.17277596843513,426.03865663357846,430.07476806640625,21502600
2024-04-30,428.51401845869754,437.0336063968029,427.1918565129434,427.63922119140625,18429500
2024-05-01,426.0784175581534,447.31273540242563,424.59716306659914,436.6061096191406,20344900
2024-05-02,436.25825462708866,441.34812827617054,429.7368502219474,439.08154296875,15221300
2024-05-03,443.30644201317494,451.4979840526424,441.23869267598997,449.30096435546875,16489100
2024-05-06,452.89972179422654,463.41749460646207,450.67290985368646,462.9403076171875,15094600
2024-05-07,463.54671998178384,468.75588217992066,458.59600751554564,465.4852294921875,13406800
2024-05-08,460.77314155474465,472.782059273929,460.2760831496155,469.8196105957031,11683900
2024-05-09,467.23485985196453,473.2790761796121,464.87880807232847,472.62298583984375,9437700
2024-05-10,474.2831551113348,474.69074661810515,466.83723038564307,473.3984069824219,10750000
2024-05-13,469.9686955031615,470.56517162323166,460.12694570512866,465.256591796875,14668800
2024-05-14,460.64391394438604,469.75997868916056,457.3732610557371,469.07403564453125,10478600
2024-05-15,472.1855971099574,479.66134434257765,468.4278369108054,478.7070007324219,13100500
2024-05-16,472.20549873568376,474.87967546082996,469.9687358469358,470.4459228515625,16608200
2024-05-17,468.0599734013936,470.0183846013173,465.6641787449413,469.1336364746094,10807300
2024-05-20,467.18515034012455,470.4160295808224,464.2922671332741,466.0816650390625,11745100
2024-05-21,464.37185613031085,467.93081142737947,459.55038336084,461.8965148925781,11742200
2024-05-22,465.1174209727308,470.9330103029686,462.9104804698009,465.0279541015625,10078600
2024-05-23,470.097969417188,471.5692429029614,458.824688253689,463.03973388671875,11747900
2024-05-24,464.8689106321585,477.026970474764,463.55666912571417,475.40655517578125,12024300
2024-05-28,473.77615043562696,478.0309689396704,472.0463969875921,477.0965270996094,10175800
2024-05-29,471.8674976362521,477.02696640517695,470.91315397517894,471.5692443847656,9226200
2024-05-30,468.8950604414013,468.9547050193101,461.9759860236206,464.3022155761719,10719600
2024-05-31,463.05958753361114,466.36006254960574,451.786306802676,464.0835266113281,16919800
2024-06-03,468.08981747441885,476.7784188544019,465.48523633705065,474.6808166503906,11279400
2024-06-04,474.1937277319372,476.0726231021899,470.4459182059382,474.18377685546875,7088700
2024-06-05,481.59986638058245,493.7280723944885,481.06303484683156,492.1474304199219,15690500
2024-06-06,490.07969267755135,499.8617979835521,488.00199228373344,490.8551025390625,10667300
2024-06-07,492.9924404793725,495.974790725418,487.28622005011016,490.0597839355469,9380700
2024-06-10,490.9544956849635,499.70274150325434,490.507161339267,499.6430969238281,11220900
2024-06-11,497.2174749867736,504.6137065941105,495.3385796246827,504.4844665527344,9673700
2024-06-12,510.96610064522395,510.9860023982034,501.50211932861663,505.8464050292969,11983200
2024-06-13,502.7347908052071,506.36331100254307,498.4103767232153,501.13427734375,9954600
2024-06-14,500.1889118858626,504.6668789222054,498.29822076637157,501.6915283203125,10243300
2024-06-17,499.2137684390171,508.249298155344,493.5814769288384,504.14947509765625,11266600
2024-06-18,502.08955596287245,503.522507821699,492.5962574901857,497.04437255859375,13060400
2024-06-20,499.54214083877173,501.2039776573373,494.3377366859417,499.2436218261719,11801200
2024-06-21,500.9850156207208,500.9850156207208,489.97917012403093,492.3574523925781,22359200
2024-06-24,496.75584325197343,505.31371188112524,491.86987981067074,496.4672546386719,13525300
2024-06-25,494.6163313992583,508.2094529447459,493.07393265728075,508.1000061035156,12063200
2024-06-26,504.16940336673827,511.2943511964364,502.2090473970576,510.60772705078125,8882300
2024-06-27,511.7321146820941,520.3198650922028,511.3838526564667,517.01611328125,10121200
2024-06-28,514.6179354412975,519.3247568056853,501.37307641419807,501.751220703125,15855100
2024-07-01,502.4777123736727,504.0997061759719,490.75538997483915,502.2090148925781,10328200
2024-07-02,498.30820385105653,508.00050544177236,497.0046202626273,507.0054016113281,7739500
2024-07-03,503.89071570148445,508.776679094368,503.542423291387,507.463134765625,6005600
2024-07-05,509.0951808356828,538.221862173053,509.0951808356828,537.2665405273438,21354100
2024-07-08,539.6946280782491,540.1523977816078,524.0715439259956,526.7284545898438,14917500
2024-07-09,531.1366071880988,534.8483246045855,525.6038329693718,527.4049682617188,8753200
2024-07-10,528.1911531915238,536.241570100338,525.7730581128677,532.0720825195312,10983300
2024-07-11,528.2906998418636,532.8383317448535,505.8809416050376,510.18975830078125,16458300
2024-07-12,495.32290900460265,505.6023185565317,491.81019357981927,496.4274597167969,19750500
2024-07-15,496.18862053037293,504.19919410028524,490.95436474146356,493.730712890625,12539200
2024-07-16,499.0445951724543,501.482611822555,483.4115217410242,487.3919372558594,14075800
2024-07-17,476.8239032636759,476.8239032636759,456.87205376676457,459.7279968261719,28076600
2024-07-18,472.67429731168903,476.8935276372503,462.2655202360778,473.5201416015625,19267200
2024-07-19,473.7291601443824,484.3270106044042,473.38086770579446,474.4555969238281,15149400
2024-07-22,484.19761839377304,489.6507984290717,481.5307473618028,485.01361083984375,12023100
2024-07-23,487.4416350090635,492.7952982379557,485.3320198411337,486.2972717285156,9455500
2024-07-24,469.9974592525505,473.96791357765954,458.32488109609346,459.0115051269531,17649700
2024-07-25,460.99178061568097,461.28033884291114,440.4826761953806,451.19000244140625,18240500
2024-07-26,461.9272051107502,467.4699103049838,457.1706100687651,463.41986083984375,14222400
2024-07-29,467.57937523258846,471.63938534707097,462.74315500593724,463.4297790527344,11339600
2024-07-30,464.7134928556887,470.41544878621977,454.4639354603108,460.9221496582031,11390400
2024-07-31,468.71381415352545,474.1669942964398,464.46473155899946,472.5051574707031,24285800
2024-08-01,518.4490717442071,524.5888450886373,489.69057844469546,495.3029479980469,43083100
2024-08-02,486.6057441489951,498.6962488962436,473.8186546145976,485.7499694824219,24044700
2024-08-05,449.1401205576873,481.11281153240685,448.5927952293006,473.4007568359375,21396200
2024-08-06,476.6547245669501,500.0993678802894,476.3064321601276,491.67083740234375,20955000
2024-08-07,500.6665697776355,507.6521873819174,484.47621183859076,486.5261535644531,20105300
2024-08-08,495.0641514061811,507.4631365242445,492.2977639959644,507.134765625,16156800
2024-08-09,505.2241519485124,515.8021407821636,503.22401392066257,515.2349243164062,13696600
2024-08-12,514.3293458773064,515.4837003209536,506.60736088372124,513.423828125,9767400
2024-08-13,517.4640045298117,528.8977389715159,515.6131257961117,525.9522094726562,13743800
2024-08-14,525.4744698614029,531.3853884091141,520.5686157923502,524.1808471679688,11444200
2024-08-15,529.186243628135,537.1272134882921,524.1211991482853,534.6991577148438,13482100
2024-08-16,529.2958145095787,531.0471464404519,522.0912109038183,524.8377075195312,14776700
2024-08-19,524.2903035676547,529.0568286256623,520.2004417656934,526.6885375976562,9879700
2024-08-20,525.7630642608573,528.4896996697129,523.3051870478047,524.1510009765625,7944400
2024-08-21,524.5690634241616,536.7590866231334,524.3501089756588,532.539794921875,13423300
2024-08-22,534.3707451204748,541.5653262197158,526.0019488156585,529.3255615234375,15708300
2024-08-23,534.2910415515177,537.2266095036387,522.4891266890336,525.4147338867188,11323900
2024-08-26,525.0167345596826,525.4148003696403,512.4287080759492,518.5684814453125,9584000
2024-08-27,516.4390030353331,521.4444048101191,512.7869887253286,516.5584106445312,6282700
2024-08-28,515.1353520558432,518.5386506823367,509.9409395253756,514.249755859375,9106100
2024-08-29,516.5085702757614,524.6186898342248,513.1550756206202,515.6826171875,8317400
2024-08-30,518.7972896071401,520.9765691392004,512.677438295027,518.7575073242188,9157500
2024-09-03,517.0957253590994,522.9170579810492,506.12966263808596,509.2543029785156,12459100
2024-09-04,503.5922273556098,514.0607395987639,501.60201959752396,510.22955322265625,8335200
2024-09-05,509.2145278610141,519.0760103589896,508.6473113953943,514.329345703125,8640900
2024-09-06,519.3247650985389,522.011557449387,495.8104579393683,497.820556640625,14744500
2024-09-09,503.6817382618634,508.82640785276607,499.62169779030836,502.3184509277344,11047800
2024-09-10,505.6719458429353,511.6624597294251,497.5817471669727,502.3184509277344,9899000
2024-09-11,504.52762750902974,510.607697634201,493.1734886032229,509.3240051269531,10782500
2024-09-12,514.5184246686891,524.1311617071216,512.6973676482601,523.0265502929688,11970500
2024-09-13,517.7923785867389,524.9969209454283,514.5781517601987,522.0513916015625,10321400
2024-09-16,522.469676680895,531.9919419852342,515.3579036757625,531.1752319335938,9527600
2024-09-17,535.4781023427641,539.9603411261944,528.4758809229954,534.2031860351562,11690800
2024-09-18,534.9502506269691,542.0521141587554,531.7927792933529,535.8267822265625,10323500
2024-09-19,547.8292508952223,559.8516201147253,544.3630052709944,556.893310546875,15647000
2024-09-20,557.7897520081747,562.2719910868118,554.1043432735547,559.1343994140625,22066800
2024-09-23,567.2522491176607,571.7145476196829,560.1902057812791,562.1823120117188,12830700
2024-09-24,564.4433820957124,565.5091662433006,552.0026881920077,561.1066284179688,12993000
2024-09-25,561.8237594778809,574.6031382414297,561.495044920447,566.0669555664062,16543400
2024-09-26,573.4576905129869,575.1211431321373,560.1304938071579,565.598876953125,14400800
2024-09-27,567.8498422431941,568.5869725969067,562.2819395153491,565.1206665039062,9398400
2024-09-30,565.4593213582551,572.4117521035162,562.5707432327713,570.1806030273438,12792300
2024-10-01,575.6987520585425,580.7387783195545,567.8498487564399,574.1947021484375,15259300
2024-10-02,572.5910298520646,573.7265448961253,567.0928584702349,570.5491333007812,6524700
2024-10-03,567.8996641519551,581.0574858806771,566.4852250655888,580.4698486328125,11581000
2024-10-04,581.4260603106362,594.4942722022978,579.1351503249019,593.587890625,14169500
2024-10-07,595.8588807132597,600.5702534093805,581.7348544719052,582.4719848632812,12014200
2024-10-08,587.3624840287788,591.2172041966629,583.6571353312996,590.5498657226562,7857400
2024-10-09,591.645566596269,592.0440121509104,579.3144244494694,588.1793212890625,9529700
2024-10-10,585.2509246510792,587.900399135785,580.2208686773732,581.5256958007812,7740400
2024-10-11,582.5217946450296,588.8766187572965,580.4101667801536,587.62158203125,8587100
2024-10-14,591.8745888786619,597.7313854257404,587.6314541342896,588.089599609375,8252000
2024-10-15,587.8306549386698,588.2788909804673,577.850244485156,583.9560546875,9564200
2024-10-16,579.1052785857133,579.7825873772659,571.7643723313396,574.513427734375,11268400
2024-10-17,581.0276570619114,582.6611379007146,572.9297407014117,574.6528930664062,8701200
2024-10-18,578.8064328711839,581.6651004084903,572.9795465460454,574.1947021484375,7694300
2024-10-21,573.7565147335716,574.9617001148115,566.8637832891501,572.889892578125,8171900
2024-10-22,572.023268639982,581.2268496388248,569.8618506026619,579.7128295898438,8544500
2024-10-23,577.6809866417227,582.6911637781919,560.2799651713384,561.4652709960938,14248400
2024-10-24,564.8916646277681,566.634757753837,559.3038206828223,565.5391235351562,7184700
2024-10-25,571.6647355552979,578.9956716161158,569.463436367779,570.9874267578125,11337900
2024-10-28,579.7029225322412,581.4460155123639,571.8540189924909,575.8780517578125,10925100
2024-10-29,577.860233390468,591.3268300347977,573.128981140023,590.9384155273438,13019100
2024-10-30,598.6079938865262,598.8271571893389,587.0538018330492,589.4642333984375,26864900
2024-10-31,582.6910719821886,587.571756560939,560.7878737214265,565.33984375,26838400
2024-11-01,565.3696838064145,571.405763142559,560.339627825337,564.9214477539062,15303200
2024-11-04,561.8735255720723,566.4454360194603,555.6880747714519,558.467041015625,12064600
2024-11-05,565.0608971597502,571.2164978665354,564.433378859103,570.170654296875,9775400
2024-11-06,560.5288333903976,570.7383767795608,552.9787345250944,569.7921142578125,18305400
2024-11-07,574.6130802295621,592.4523642769371,572.9397183378987,589.3646240234375,14653700
2024-11-08,589.205245296399,590.7590857439004,582.2129936797714,587.0139770507812,9415700
2024-11-11,584.0456980456348,584.6831866387249,574.2345990441023,580.8682861328125,10209100
2024-11-12,586.2171295500698,597.2932362914636,578.0893621721831,582.5118408203125,16287700
2024-11-13,580.3104995084991,583.3285696737983,572.899861789148,577.7108154296875,10757600
2024-11-14,574.7226772857438,578.4678469202681,570.7484348770021,574.8820190429688,11053700
2024-11-15,568.9654316430945,570.3101398260193,549.323293380173,551.8931274414062,17712900
2024-11-18,554.8414482862169,557.690206619492,547.9189272359731,552.2119140625,14327300
2024-11-19,549.6819364043778,559.2141733793588,548.426899572135,558.8755493164062,9522400
2024-11-20,560.7082203658566,564.1147052861578,552.0126953873523,563.2880249023438,9797300
2024-11-21,567.2721059667119,567.7501919373418,546.882870092374,560.8674926757812,11154700
2024-11-22,561.325795612175,561.6047197027932,552.4011974206409,556.9332275390625,9164000
2024-11-25,559.8814479460827,570.3300964942197,554.1940234019514,562.8795776367188,13599800
2024-11-26,563.7660872296004,575.2206985425693,562.9692568623328,571.2763061523438,10356600
2024-11-27,572.6209746815437,572.7105854147321,561.8735229474948,566.9534301757812,7200200
2024-11-29,566.7541524087111,576.1768355983079,564.6624654433562,572.0531616210938,7130500
2024-12-02,575.2206623708795,592.1535649861262,573.2982871928123,590.4901733398438,12522400
2024-12-03,592.6516713377565,611.7759054960799,588.9164717284849,611.2280883789062,14907200
2024-12-04,610.5407730504924,615.3417566258435,602.7117489296108,611.3575439453125,14697000
2024-12-05,614.6444684702592,617.453345528134,604.6540266228751,606.526611328125,8081200
2024-12-06,607.6920148593949,627.3043042136323,606.1282648810326,621.30810546875,16935500
2024-12-09,621.4575028893596,623.9277561947446,603.7775583797533,611.1483764648438,11426000
2024-12-10,615.1225471765403,623.1208827140154,610.3215639612993,616.8756103515625,10938900
2024-12-11,620.9096094972598,635.8803166127035,619.0769058574836,630.182861328125,10837200
2024-12-12,629.007573636922,634.1471812183523,624.7345274454173,628.3003540039062,7474700
2024-12-13,624.7444306032417,628.5892419845969,614.455245285517,617.9015502929688,8453300
2024-12-16,627.999656702773,629.1660226489364,616.6355287775485,622.2777099609375,10885600
2024-12-17,624.2016843799404,630.3822075101276,614.6019503899752,617.4928588867188,12897800
2024-12-18,619.0479587782994,625.387952256149,594.4455447869857,595.3128051757812,17075500
2024-12-19,608.4712976770209,609.5977504710141,593.1296604292414,593.6978759765625,14958100
2024-12-20,588.7235406079465,601.2141211648265,578.1767815903994,583.4102783203125,48989400
2024-12-23,587.7465762022464,599.2005086542347,584.4071312183161,597.96435546875,10205800
2024-12-24,600.8253816986515,606.0788354588261,597.3962533987877,605.839599609375,4726100
2024-12-26,603.5767396891605,604.3941694362019,597.0573191588121,601.4534301757812,6081400
2024-12-27,597.5257935657311,599.9581261267912,587.9460161502445,597.924560546875,8084200
2024-12-30,586.8992458198082,595.0635027304218,583.739227850836,589.3814086914062,7025900
2024-12-31,590.4083164544484,592.102924110321,582.0147395278991,583.6695556640625,6019500
2025-01-02,587.8662892601321,603.0085445892757,585.9722980833435,597.3563842773438,12682300
2025-01-03,602.8590273821567,607.5841180897974,594.5352379868413,602.7294311523438,11436800
2025-01-06,609.9068039022728,629.0065500033512,603.7163023778119,628.2190551757812,14560800
2025-01-07,629.7143414477341,630.1130475912898,606.3180848477177,615.94775390625,12071500
2025-01-08,611.4717998536152,614.5022217021813,600.8951061751065,608.8001708984375,10085800
2025-01-10,608.112442272843,627.9298948978874,595.462329972656,613.924072265625,19256600
2025-01-13,605.1915497552353,607.0556665210335,596.5687776367652,606.417724609375,10785000
2025-01-14,603.1680144738151,603.586677198732,586.6999244030517,592.3820190429688,13598000
2025-01-15,608.2918626953108,620.5033555415417,604.5935029582943,615.1801147460938,15524300
2025-01-16,609.5778625094466,614.3129317603376,607.7935109479632,609.3784790039062,8355300
2025-01-17,622.0882591849306,623.00535008831,601.7723197446189,610.84375,17280600
2025-01-21,615.8879665872222,619.5464134891591,607.095683554772,614.5222778320312,11674000
2025-01-22,621.3407166057895,631.7080497498704,617.482886369199,621.5401000976562,12274000
2025-01-23,625.3879484959136,634.5988938410488,619.1975078850631,634.4494018554688,9910200
2025-01-24,634.3995455880619,649.9504837452617,632.2064489650473,645.4546508789062,19065300
2025-01-27,624.6402872001196,661.7831731182577,623.1350240288891,657.8057250976562,28399200
2025-01-28,663.9064946462431,680.434394086623,657.3969918528114,672.2103271484375,20950100
2025-01-29,672.8782187611764,678.9091891458575,663.5775294568425,674.363525390625,21377800
2025-01-30,694.6296546921253,708.5557128184324,673.9747533685537,684.8405151367188,29322900
2025-01-31,688.8278971175284,703.082934049854,683.4249514874042,687.0136108398438,19303900
2025-02-03,673.7853303532094,701.7870595426608,673.1274317559399,695.2676391601562,21415700
2025-02-04,700.291750368734,705.4853950757674,689.435967564897,701.9764404296875,13826300
2025-02-05,701.338438880343,715.8826032404849,696.8127318836921,702.654296875,17778200
2025-02-06,703.6611131134636,716.6402049884904,701.2885896343017,709.7518920898438,13080700
2025-02-07,714.546788192433,722.7310026615398,709.5126746052003,712.2739868164062,16427100
2025-02-10,716.3012853961102,718.9330014567946,709.0940315540507,715.1449584960938,12904300
2025-02-11,711.077742352479,721.3852053088176,707.8080235680292,717.537353515625,12998000
2025-02-12,713.0515218383842,724.8144176821432,710.3599968194253,723.099853515625,12016500
2025-02-13,719.2519274744516,726.7083946880916,715.7828254514726,726.269775390625,12569100
2025-02-14,723.85738092295,738.5809097984375,723.3389960821124,734.354248046875,16901200
2025-02-18,733.6865268706517,734.6833835647694,704.2194454262636,714.1182250976562,21938700
2025-02-19,701.886719169158,704.7776276936228,693.2041369812721,701.5578002929688,17535500
2025-02-20,695.088155137264,703.4118828816584,691.4595827411689,692.6558227539062,12587400
2025-02-21,694.3903766528952,701.6574392501641,680.2150443830811,681.4013061523438,15660400
2025-02-24,684.122756243814,685.1096345134455,660.3676471383606,666.02978515625,15677000
2025-02-25,663.8765120828333,665.9001600374287,639.8423158192022,655.4331665039062,20579700
2025-02-26,657.5764529173535,680.8630075132187,655.9316152590968,671.582275390625,14488700
2025-02-27,680.3047560748793,686.485278775033,655.5029605584499,656.1708374023438,12500000
2025-02-28,655.9715119869538,667.5251070483702,640.5800432544102,666.099609375,17534200
2025-03-03,671.5622863758869,679.1084974580099,648.7941177590432,652.9908447265625,10843800
2025-03-04,643.4809097831836,647.7075720071792,621.6896392388619,637.9882202148438,21495200
2025-03-05,638.9850308732081,657.4268765380355,635.6555033172657,654.4063720703125,13770000
2025-03-06,645.9630966353535,648.5150471759833,622.1481771276858,625.9561767578125,13446500
2025-03-07,623.4041708110899,632.7945424007281,598.7219930959255,623.6932373046875,21375700
2025-03-10,606.1585603987916,608.1921258261364,585.0251896930085,596.1102294921875,21999900
2025-03-11,593.1794449337684,612.996956913569,591.4648809678635,603.8059692382812,17401500
2025-03-12,627.9198879529596,631.3390981977273,607.4344396953773,617.6123657226562,15747000
2025-03-13,618.300295022882,618.549509168397,584.666363679096,588.7833862304688,16480300
2025-03-14,601.4397861192037,607.4861094591693,593.4379244399495,606.2289428710938,12364500
2025-03-17,606.0892549627374,611.7164817099355,596.6505800508986,603.5350341796875,15473900
2025-03-18,598.695920754158,598.895481615564,573.3632009688982,581.0458374023438,20297700
2025-03-19,582.9616006660708,590.9834364727485,573.473050249603,582.7420654296875,20537500
2025-03-20,581.4449335433823,608.8230139342973,578.2022676048324,584.6776123046875,24336500
2025-03-21,582.1034753081934,596.1916081624212,579.6390781803701,594.904541015625,25015900
2025-03-24,613.5822418688982,621.1351668672481,610.818534005287,617.4534912109375,15741300
2025-03-25,625.345664190717,632.4495923390001,619.7782389579731,624.8966674804688,15312500
2025-03-26,623.479902445872,625.3356905979604,605.2411234358802,609.6012573242188,12609800
2025-03-27,600.6415676163016,612.8639250968658,598.745830668508,601.2202758789062,10436500
2025-03-28,598.9554211422102,600.3921742735024,572.6249545466391,575.4385986328125,17602800
2025-03-31,562.2284810192266,577.3941949049992,552.0514847999954,575.0594482421875,21124700
2025-04-01,569.5518496754252,588.5787620697387,568.713718453365,584.6776123046875,12836600
2025-04-02,573.612639602056,591.3225852084037,572.0661494891557,582.6123046875,13470800
2025-04-03,544.9873786131755,551.3130986556911,529.1033205063213,530.4203491210938,34777500
2025-04-04,505.4767837476822,516.8311091249631,493.0848271014097,503.591064453125,38589800
2025-04-07,484.00537900420284,538.1529079067506,480.81258761769493,515.0850830078125,36606100
2025-04-08,542.0241297513288,546.1946900687835,501.72525715038495,509.29815673828125,28034200
2025-04-09,508.1207792653783,586.563392325636,500.9769327422793,584.4481811523438,39216600
2025-04-10,574.1913720884271,579.9882591353082,534.0920601322453,545.0572509765625,28173500
2025-04-11,534.3015744722139,546.1647580379857,527.3972072394978,542.3433837890625,17642300
2025-04-14,554.9149903570471,556.5114165099282,527.0879701726936,530.2807006835938,14130900
2025-04-15,530.9092700648307,536.7261316213554,516.3322523952014,520.3432006835938,15558700
2025-04-16,507.36253528750194,512.2115538752881,494.5115946838527,501.176513671875,18735100
2025-04-17,504.1099012067369,506.1552631934533,496.8862480413959,500.3484191894531,14593500
2025-04-21,490.22127698998224,492.38639367876976,478.71729620364266,483.56634521484375,16166000
2025-04-22,490.7600664511802,505.7362053967078,485.26249029169,499.1510925292969,17399400
2025-04-23,527.3373790061787,534.1320095182137,515.3544703338583,519.0960083007812,18173900
2025-04-24,517.559396244474,532.69520693782,516.3321913926867,531.9468994140625,13910000
2025-04-25,545.5660631286188,548.6191554082354,535.0398827431792,546.0350341796875,17098900
2025-04-28,554.3861611423933,557.2297054926632,539.3701350502788,548.4994506835938,15179000
2025-04-29,544.7678861992229,555.3140410474371,542.8921237705526,553.1888427734375,11835000
2025-04-30,537.1851129255415,547.8609194224242,528.305171612182,547.7611694335938,29244000
2025-05-01,590.7439814787114,591.6120134415539,569.2126599544815,570.9188232421875,31159000
2025-05-02,582.143392314511,602.9762796011632,577.024963745963,595.6727905273438,24739300
2025-05-05,589.8858412822701,601.8488361583287,586.7230116613694,597.917724609375,13887700
2025-05-06,591.1929940245881,594.6850963262071,585.2564079323492,585.9847412109375,10600700
2025-05-07,589.0277995025451,601.7191276587725,585.3461237925522,595.4632568359375,13139100
2025-05-08,604.9218677784463,609.9205723172726,595.2737054544873,596.6605834960938,14622800
2025-05-09,602.3577169402795,605.6003835325008,590.3748678564078,591.153076171875,10427300
2025-05-12,629.4962543948571,638.9449161423443,619.6286183644004,637.987060546875,21965100
2025-05-13,644.083302386897,659.4286019389394,641.3794565378789,654.5496826171875,18570800
2025-05-14,659.7179933381154,661.1746598556101,652.8335389149222,657.8721313476562,12348200
2025-05-15,652.8036193165813,655.8267503294444,637.1390348372435,642.4270629882812,14341800
2025-05-16,636.5204462352993,638.9948305544648,624.7370982869602,638.8950805664062,18519000
2025-05-19,626.8323547421304,641.5490713874889,626.3833579870233,638.98486328125,9592400
2025-05-20,634.5748472134089,637.9072763695222,630.8333091235804,635.662353515625,6743500
2025-05-21,630.3643287848374,645.1508944069866,628.7479892254967,634.0659790039062,11464600
2025-05-22,632.6192119816805,641.7984637515493,629.2867830155565,635.133544921875,8228400
2025-05-23,622.5918662034928,631.022809904483,621.2449370057717,625.6449584960938,8454100
2025-05-27,633.9761638539012,641.6289002643415,631.3221929667607,640.87060546875,9508400
2025-05-28,641.1499165908115,649.4112615873161,641.1000415977985,642.1277465820312,9042900
2025-05-29,650.1795649115138,651.8457794764735,638.0569572367845,643.5944213867188,8858800
2025-05-30,641.0502003303773,647.9445811375045,631.3521627172354,646.0289306640625,16241000
2025-06-02,642.9358610362322,671.7407070872802,642.8061495270997,669.3860473632812,15766300
2025-06-03,669.9348713872049,674.0555568287034,663.5293753010757,665.34521484375,11585000
2025-06-04,667.8096780088563,687.4452625248051,667.0613703936261,686.3976440429688,14031900
2025-06-05,690.0991647687987,692.8130584501095,680.7104262850396,683.0750732421875,13083100
2025-06-06,694.5990561951916,701.2240874679378,690.3087714429512,696.1356201171875,11728000
2025-06-09,696.883869686411,703.5986632099265,692.3740500791279,692.4937744140625,12773200
2025-06-10,699.7673231326536,701.6430856337115,689.9994369756769,700.8150024414062,10850100
2025-06-11,702.1220199077359,707.2703489833287,690.4284357601101,692.5736083984375,9582500
2025-06-12,691.7355479828731,693.8108714889893,685.4497761885773,691.79541015625,7322700
2025-06-13,686.3976556130428,693.00271273635,679.4733132608307,681.3291015625,9274400
2025-06-16,698.2888218186604,706.097186349852,692.4774795938313,701.0746459960938,13720300
2025-06-17,700.9548121157454,704.9188720421186,695.0236535754563,696.19189453125,10066100
2025-06-18,697.1405159449071,700.5454731369719,693.8654310237622,694.734130859375,10068300
2025-06-20,699.7066745861354,700.7750888089137,677.659531763817,681.3340454101562,22538600
2025-06-23,682.6721183845542,698.009235646563,677.7394706648903,697.4900512695312,11080100
2025-06-24,703.840534417847,712.1281647182683,701.0646441862544,711.1396484375,13823200
2025-06-25,712.2579843149763,715.5131404309827,704.329803307428,707.6248779296875,9320400
2025-06-26,713.2963951875835,727.1357448031094,709.9913257897466,725.0089721679688,13964800
2025-06-27,725.4383202717177,734.335027558332,724.7792688020234,732.5377197265625,18775700
2025-06-30,743.4414931754206,746.7865422233173,733.1568401231899,736.9911499023438,15402100
2025-07-01,735.7829112020786,736.6516110389775,714.3049263192432,718.149169921875,13431200
2025-07-02,714.2649576351612,719.2275285170003,711.7386953151484,712.507568359375,9336700
2025-07-03,725.5281745483136,727.9446154194361,713.3563211505465,717.9395141601562,8601700
2025-07-07,716.5315731843128,725.9176023238477,712.4476967305745,717.2804565429688,9457100
2025-07-08,720.4956692403485,721.8336399994789,713.7457243829997,719.5969848632812,7770700
2025-07-09,721.6439452565418,736.4319538163115,721.6439452565418,731.6890258789062,11418000
2025-07-10,730.4608071076664,734.704479422628,718.5285868802704,726.1572265625,9913600
2025-07-11,721.4243335394181,724.080346484783,708.6434025181652,716.4417724609375,10873900
2025-07-14,716.5315544248375,726.9160944373699,715.4831299390246,719.8466186523438,8939400
2025-07-15,722.8222937420867,723.3913915043134,708.7632387544227,709.3323974609375,11529500
2025-07-16,712.3078512596281,712.9069335357998,698.2288692710704,701.8634033203125,13067600
2025-07-17,703.3412662167694,704.8490277671435,696.0720759709156,700.3656616210938,11803300
2025-07-18,701.1445302429636,703.6607977835126,690.6202449112741,703.2314453125,12779800
2025-07-21,705.7476506911312,715.932476351091,704.7092210614702,711.908447265625,9404400
2025-07-22,715.1236815394241,715.5330442831794,700.3656579311477,703.7606201171875,8921100
2025-07-23,705.3182910497592,713.5660026063329,703.880432607157,712.517578125,8771600
2025-07-24,715.9824289621253,722.5426547237513,712.9369820539731,713.7357788085938,10920800
2025-07-25,715.8525738749273,719.5770617883383,710.8400895031193,711.618896484375,8271700
2025-07-28,714.1352096135126,723.6609843506268,711.6189419324959,716.5615844726562,8715700
2025-07-29,718.9279854910714,723.3913008144071,698.8678708582052,698.957763671875,13267000
2025-07-30,707.0357546566921,707.4451173939698,690.170887478499,694.1749267578125,27077300
2025-07-31,774.0458414913344,783.5816106103192,764.3702661872821,772.2884521484375,38831100
2025-08-01,759.5973820600149,764.8595554226001,744.2003568990668,748.8933715820312,19028700
2025-08-04,758.8684883686742,775.6933771870287,757.2808287946278,775.214111328125,15801700
2025-08-05,775.2939526074297,781.9639994147884,761.863966178597,762.3233032226562,11640300
2025-08-06,768.853609707056,772.488205034118,759.327834976083,770.8406372070312,9733900
2025-08-07,772.3383525306105,773.8461140652291,758.4191051508143,760.6957397460938,9019700
2025-08-08,761.6144268371896,768.7538063796192,757.4506521481833,768.1546630859375,7320800
2025-08-11,768.9334902466898,772.3084628390361,763.531510748687,764.729736328125,7612000
2025-08-12,771.849102319645,792.4883102810505,771.2799436630941,788.8237915039062,14563100
2025-08-13,789.9721665216805,794.2757473900336,777.0713578354987,778.9186401367188,8811800
2025-08-14,776.7218428333804,786.6370510429252,771.3598429397638,780.9655151367188,8116200
2025-08-15,782.9825648931883,795.0645257736991,779.6575056048304,784.0609130859375,13375400
2025-08-18,773.9360156125421,774.6549143701418,755.4335751910228,766.2274780273438,16513700
2025-08-19,765.977874147037,766.0277875160474,748.2443062415024,750.3611450195312,12286700
2025-08-20,746.4570103778062,749.083099657565,729.911672806752,746.6067504882812,11898200
2025-08-21,743.6012666698691,744.3900685450179,732.0185006665147,737.9995727539062,8876300
2025-08-22,738.1293678852983,755.7731035460037,733.2966081137474,753.6661987304688,10612700
2025-08-25,753.6961621486424,757.7501148109367,749.0131426125197,752.1784057617188,6861200
2025-08-26,749.6821592803592,753.7461069744401,746.8264320177999,752.9772338867188,7601800
2025-08-27,751.1799307743298,753.0272129802489,741.7340542390842,746.2672729492188,8315400
2025-08-28,742.8922995313089,751.9288132977724,739.6970516455432,749.99169921875,7468000
2025-08-29,744.1704403453122,746.0276565106426,734.2551707121078,737.6002197265625,9070500
2025-09-02,724.9589996576248,734.9041924629622,720.655419120511,734.0155029296875,9350900
2025-09-03,734.9042121918441,739.1478846127889,732.8971950134412,735.95263671875,7699300
2025-09-04,747.4555024338443,760.0267237435045,744.7095967582477,747.535400390625,11439100
2025-09-05,751.4994417417535,756.821523128746,743.9207763942886,751.3297119140625,9663400
2025-09-08,754.8743737770961,765.3687349414048,750.9003191950952,751.1798706054688,13087800
2025-09-09,756.3621991005824,765.1590798691678,752.3082462809408,764.5599975585938,10999000
2025-09-10,763.990858904295,764.5600175863916,749.8818911499914,750.8604125976562,12478300
2025-09-11,753.5264602522736,755.9727638030715,747.2557810059183,749.7820434570312,7923300
2025-09-12,747.6151944100551,756.4420593260343,742.6526235095245,754.4650268554688,8248600
2025-09-15,756.3421855933647,772.9175066813722,750.8703641812288,763.5614624023438,10533800
2025-09-16,765.8580156945753,780.1966205012909,763.960820221922,777.8401489257812,11782500
2025-09-17,778.828725718326,782.1238004242355,765.1691000860621,774.5650634765625,9400900
2025-09-18,779.5875734416616,787.6056471582369,772.2085614820411,779.0883178710938,10955000
2025-09-19,785.2490765825911,789.6225600448605,768.0447499547826,777.2210693359375,23696800
2025-09-22,781.2128396094075,785.0896826443245,763.8469978355404,764.5364379882812,11706900
2025-09-23,768.6231126086477,769.9719880546131,750.4579354131178,754.784423828125,10872600
2025-09-24,756.8827020619125,760.4897455830934,751.9167814613187,760.0401000976562,8828200
2025-09-25,752.8360219788784,756.1533238123261,743.9432502397539,748.2996826171875,10591100
2025-09-26,749.3888277967437,751.3172477286904,736.7491118404043,743.1439208984375,9696300
2025-09-29,748.1098002440084,750.1681799899285,738.5476529969768,742.794189453125,9246800
2025-09-30,741.6451369970716,742.3645209926972,725.7081225297242,733.7815551757812,16226800
2025-10-01,720.9020135039985,721.2617054862658,709.6212362201944,716.7554321289062,20419600
2025-10-02,721.9911913779041,727.176964520395,717.5548070653372,726.45751953125,11415300
2025-10-03,729.0354240673363,730.4043027655052,709.6012618171895,709.98095703125,16154300
2025-10-06,704.6153434967972,716.2958197616522,689.9473135389625,715.0767822265625,21654700
2025-10-07,717.135073707775,717.9144673294414,705.1748577839295,712.4989013671875,12062900
2025-10-08,712.8686286502683,719.063588526951,707.233209995552,717.2550659179688,10790600
2025-10-09,717.694662739213,732.9122314453125,711.8593952481671,732.9122314453125,12717200
2025-10-10,730.3243364156914,734.6708280741015,703.9358854737135,704.7252197265625,16980100
2025-10-13,712.4289500007787,719.353295154282,707.0633311027989,715.1167602539062,9251800
2025-10-14,707.2032236513401,714.966850016347,698.7600977854659,708.072509765625,8829800
2025-10-15,716.4756800447307,723.3101331023296,708.9318445822669,716.9652709960938,10246800
2025-10-16,716.9652609619593,724.898793146875,703.3064176322127,711.48974609375,9017000
2025-10-17,706.5038073054051,717.9544293541486,705.5445676686097,716.3357543945312,12232400
2025-10-20,720.602270855396,733.1720358988009,719.5930841941394,731.5733032226562,8900200
2025-10-21,735.4202444049121,737.898203963144,728.156149137632,732.6724853515625,7647300
2025-10-22,733.2320185457676,739.9964601984101,723.4400167690366,732.8123168945312,8734500
2025-10-23,734.1012972282697,741.8049752352916,732.5025644943078,733.40185546875,9856000
2025-10-24,736.1895728454068,740.6060149267306,730.5542151922721,737.75830078125,9151300
2025-10-27,749.1189913399045,755.1341048828856,747.4004223192904,750.2081298828125,11321100
2025-10-28,752.0166693998259,757.7819868095911,744.9124781386814,750.82763671875,12193800
2025-10-29,754.1349412128479,758.5413205942342,741.9049255575367,751.0574340820312,26818600
2025-10-30,668.6047496805471,680.405123547836,649.6401745693712,665.9268798828125,88440100
2025-10-31,673.9603724515775,674.3400676801817,645.0439523217459,647.8216552734375,56953200
2025-11-03,655.4654426520216,658.792746197499,635.6615861365713,637.1903686523438,33003600
2025-11-04,627.528160823027,641.2170082918374,625.4998468710925,626.8087768554688,27356600
2025-11-05,631.7947143740674,641.7066132741587,626.0293969573662,635.4317626953125,20219900
2025-11-06,635.3318005623231,635.4817027165644,617.4963715076051,618.4356079101562,23628800
2025-11-07,615.9875913853423,621.6230097922952,600.7100736857968,621.203369140625,29946800
2025-11-10,630.5757412925083,634.4825281361091,617.606277436272,631.2451782226562,19245000
2025-11-11,627.4882640088713,629.0469903781388,618.8852946435945,626.5690307617188,13302200
2025-11-12,627.6181473129036,628.4774318700306,607.2747531328254,608.5137329101562,24493300
2025-11-13,612.5704066192014,617.1466913787408,602.5086055074847,609.3930053710938,20973800
2025-11-14,601.2995852054279,613.1799107961393,594.7149894844074,608.96337890625,20724100
2025-11-17,608.54364845602,611.1915132655756,594.914810553651,601.5194091796875,16501300
2025-11-18,591.1178778321469,603.1680476389258,583.3043040560937,597.2029418945312,25500600
2025-11-19,593.236120814011,594.8448550993957,580.7763124672824,589.8389282226562,24744700
2025-11-20,603.0082035639184,606.225550290049,582.8745995478572,588.669921875,20603000
2025-11-21,588.0204327318114,597.6325885375659,581.38582901572,593.7657470703125,21052600
2025-11-24,598.2320754408486,616.1974650582393,597.1429978306941,612.5504150390625,23554900
2025-11-25,623.4914651316196,636.5308177101258,617.7960982049689,635.7014770507812,25213000
2025-11-26,637.1703200291516,637.8397569399452,631.1152610365342,633.0936279296875,15209500
2025-11-28,635.5616748244524,647.5218911860414,634.9821303911365,647.4219970703125,11033200
2025-12-01,639.028785702615,644.7941029489796,637.2402664201815,640.3477172851562,13029900
2025-12-02,641.8165621493692,647.3420238521164,637.5500224020741,646.5726318359375,11640900
2025-12-03,643.8848130159247,648.3211970895987,637.0304181904862,639.0787353515625,11134300
2025-12-04,675.4491463216154,675.5490404402168,659.512131337801,660.990966796875,29874600
2025-12-05,663.4589092143041,674.1402004180294,661.8502358329807,672.8712158203125,21207900
2025-12-08,668.7945609027437,676.1585499822719,664.528021142878,666.256591796875,13161000
2025-12-09,663.2291308887899,663.9385132978894,652.807637338328,656.4246826171875,12997100
2025-12-10,649.4203737252112,653.9766553823684,642.8757234590145,649.6002197265625,16910900
2025-12-11,642.7657334383907,654.7460135009795,640.2777724038347,652.1781005859375,13056700
2025-12-12,649.2704855848336,710.4206277669183,638.0896015354143,643.7050170898438,14016900
2025-12-15,645.7000122070312,653.0,638.7000122070312,647.510009765625,15549100
2025-12-16,643.5,662.5399780273438,643.2000122070312,657.1500244140625,14309100
2025-12-17,655.6099853515625,661.22998046875,649.2000122070312,649.5,15598500
2025-12-18,657.030029296875,670.5599975585938,656.4600219726562,664.4500122070312,20260300
2025-12-19,666.4199829101562,671.0,658.1799926757812,658.77001953125,49977100
2025-12-22,661.6500244140625,673.5800170898438,656.6500244140625,661.5,15659400
2025-12-23,660.0499877929688,666.0,658.25,664.9400024414062,8486800
2025-12-24,662.530029296875,668.1799926757812,662.2000122070312,667.5499877929688,5627500
2025-12-26,668.0599975585938,668.9500122070312,661.3200073242188,663.2899780273438,7133800
2025-12-29,658.010009765625,660.25,654.3900146484375,658.6900024414062,8506500
2025-12-30,658.6900024414062,672.219970703125,657.8400268554688,665.9500122070312,9187500
2025-12-31,664.75,665.0,659.4400024414062,660.0900268554688,7940400
2026-01-02,662.72998046875,664.3900146484375,643.5,650.4099731445312,13726500
2026-01-05,651.010009765625,664.5399780273438,647.75,658.7899780273438,12213700
2026-01-06,659.5700073242188,665.52001953125,651.9000244140625,660.6199951171875,11074400
2026-01-07,655.6400146484375,659.1500244140625,644.8099975585938,648.6900024414062,12846300
2026-01-08,645.8800048828125,647.0999755859375,635.719970703125,646.0599975585938,11921700
2026-01-09,645.4400024414062,654.9500122070312,642.8499755859375,653.0599975585938,11634900
2026-01-12,652.530029296875,653.969970703125,641.22998046875,641.969970703125,14797200
2026-01-13,642.27001953125,642.27001953125,624.0999755859375,631.0900268554688,18030400
2026-01-14,626.5,628.4500122070312,614.8200073242188,615.52001953125,15527900
2026-01-15,618.47998046875,624.1699829101562,614.22998046875,620.7999877929688,13076100
2026-01-16,624.1799926757812,629.0800170898438,620.0800170898438,620.25,17012500
2026-01-20,607.8800048828125,611.4000244140625,600.0,604.1199951171875,15169600
2026-01-21,606.739990234375,618.27001953125,600.0800170898438,612.9600219726562,14494700
2026-01-22,629.3499755859375,660.5700073242188,626.5499877929688,647.6300048828125,21394700
2026-01-23,644.77001953125,666.489990234375,644.4500122070312,658.760009765625,22797700
2026-01-26,665.1300048828125,675.280029296875,661.2899780273438,672.3599853515625,16327400
2026-01-27,674.5900268554688,676.8200073242188,664.6599731445312,672.969970703125,13297400
2026-01-28,674.5,677.6799926757812,666.0999755859375,668.72998046875,25709600
2026-01-29,737.4299926757812,744.0,712.5499877929688,738.3099975585938,59852900
2026-01-30,727.5,732.1699829101562,713.5900268554688,716.5,23744600
2026-02-02,714.5999755859375,721.2999877929688,703.52001953125,706.4099731445312,14365200
2026-02-03,707.3699951171875,717.0,686.4099731445312,691.7000122070312,13760700
2026-02-04,687.72998046875,688.8300170898438,667.4600219726562,668.989990234375,16882800
2026-02-05,663.5800170898438,681.5,653.5,670.2100219726562,17131800
2026-02-06,665.489990234375,671.989990234375,646.5,661.4600219726562,18159300
2026-02-09,663.1799926757812,683.3099975585938,658.780029296875,677.219970703125,14837500
2026-02-10,677.5999755859375,680.6500244140625,669.7899780273438,670.719970703125,10455800
2026-02-11,674.0,679.27001953125,657.0999755859375,668.6900024414062,14323800
2026-02-12,669.969970703125,676.0,645.280029296875,649.8099975585938,14960100
2026-02-13,645.0999755859375,651.4299926757812,634.5700073242188,639.77001953125,12336400
2026-02-17,639.5,642.5999755859375,628.7999877929688,639.2899780273438,12674700
2026-02-18,633.7999877929688,645.0,628.1500244140625,643.219970703125,14649200
2026-02-19,638.5700073242188,647.1900024414062,636.719970703125,644.780029296875,10035700
2026-02-20,639.6900024414062,663.3499755859375,638.780029296875,655.6599731445312,14183500
2026-02-23,652.5399780273438,657.7000122070312,636.0,637.25,8605900
2026-02-24,633.0800170898438,641.1099853515625,628.97998046875,639.2999877929688,10135600
2026-02-25,642.530029296875,653.8800048828125,642.1400146484375,653.6900024414062,11330700
2026-02-26,650.5499877929688,661.0,647.5,657.010009765625,10637700
2026-02-27,643.4500122070312,649.4400024414062,638.1199951171875,648.1799926757812,15703000
