Price,Open,High,Low,Close,Volume
Ticker,MSFT,MSFT,MSFT,MSFT,MSFT
Date,,,,,
2020-01-02,150.41530750587003,152.26257663838246,149.9890168529734,152.1583709716797,22622100
2020-01-03,149.9795640082844,151.5236842826628,149.7332517957889,150.2637481689453,21116200
2020-01-06,148.80487615350108,150.71846465674278,148.26489736372372,150.6521453857422,20813700
2020-01-07,150.92688967276914,151.25844269298102,149.03225142604057,149.27854919433594,21634100
2020-01-08,150.55741741152548,152.32891395537885,149.62904874222338,151.65631103515625,27746500
2020-01-09,153.31411932222434,153.674105204978,152.5467931657798,153.5509490966797,21385000
2020-01-10,154.2425275193915,154.62144943814087,152.68891006966302,152.84048461914062,20725900
2020-01-13,153.23835440536027,154.70670211208954,152.76469478737948,154.67828369140625,21626500
2020-01-14,154.7824534261497,154.98139677965818,153.20043240422595,153.58883666992188,23477400
2020-01-15,154.05304542489407,155.30351372144347,154.00569102831227,154.5835418701172,21417900
2020-01-16,155.6919174437164,157.48235016664844,155.38876835912026,157.41603088378906,23865400
2020-01-17,158.60017747170502,158.64754632231816,156.71500707487465,158.2970428466797,34371700
2020-01-21,157.89913292781256,159.32959395002115,157.66230316439436,157.72862243652344,29517200
2020-01-22,158.58121907428676,158.66648878308445,156.95182898866327,156.9707794189453,24138800
2020-01-23,157.43496426740944,158.0128294992705,156.5634324259856,157.93704223632812,19680800
2020-01-24,158.68539908526893,158.70434951248504,155.78660528365143,156.34552001953125,24918100
2020-01-27,152.6604514156532,154.7729831980211,151.76050125459204,153.73092651367188,32078100
2020-01-28,155.15193497322656,157.02762291226713,154.47934644660026,156.74343872070312,24899900
2020-01-29,158.9980543059086,159.8601182647004,156.96132376629157,159.18751525878906,34754500
2020-01-30,164.88094084552733,164.88094084552733,161.79267041808004,163.67784118652344,51597500
2020-01-31,163.13781757767464,163.31779605239475,160.6463638869867,161.26211547851562,36142700
2020-02-03,161.45160480639652,165.30720090044179,161.423186386706,165.1935272216797,30107000
2020-02-04,167.80811178619967,171.1237287743186,167.0218351658526,170.63111877441406,36433300
2020-02-05,174.33514706166798,174.4961895872338,169.01121791022703,170.42271423339844,39186300
2020-02-06,171.43633505355797,174.1362002133704,170.57427122162437,173.95620727539062,27751400
2020-02-07,173.21733945607366,175.85088594864706,172.86682148638042,174.20254516601562,33529100
2020-02-10,173.90884037900125,178.89173359155058,173.59622334452445,178.7591094970703,35844300
2020-02-11,180.60635337040168,180.6537222092398,173.83302860981544,174.7235107421875,53159900
2020-02-12,175.80351802661943,176.05929828587423,172.27002107298435,174.97935485839844,47062900
2020-02-13,173.4351820239361,176.4192313976913,173.2362386533794,174.03199768066406,35295800
2020-02-14,173.59622590515036,175.64243864012167,173.0278286604553,175.58560180664062,23149500
2020-02-18,175.83189435263932,177.81178775317247,175.72768867603537,177.36654663085938,27792200
2020-02-19,178.6394704558321,178.75345463359423,177.12912212277422,177.89854431152344,29997500
2020-02-20,177.5850405545757,177.87001544081576,172.02809549780588,175.18177795410156,36862400
2020-02-21,173.99438799966083,174.30785891305882,168.3709427375459,169.64381408691406,48572600
2020-02-24,159.36585498840046,165.80622141128146,155.0532703487702,162.32955932617188,68311100
2020-02-25,165.47368834247865,166.08162784533368,159.25179866040887,159.65077209472656,68073300
2020-02-26,161.20863524213226,164.5807916536019,159.78377552086138,161.6455841064453,56206100
2020-02-27,155.13875963759634,158.66290516046735,150.06624715653416,150.2562255859375,93174900
2020-02-28,144.77525436429954,155.50920080368482,144.38578921735436,153.89434814453125,97012700
2020-03-02,157.02908558517254,164.25787667339787,154.1793652796082,164.13438415527344,71030800
2020-03-03,165.09377523321822,166.23366029061174,154.13184460346224,156.26913452148438,71677000
2020-03-04,160.0497561503621,162.14904146075395,157.3235145582892,162.00656127929688,49814400
2020-03-05,157.73198314771483,162.31052511256803,157.39001621509487,157.9409637451172,47817300
2020-03-06,154.46433707133426,154.939290445947,148.1854528791767,153.4764404296875,72821100
2020-03-09,143.435889783358,149.84775902864055,142.48598322850134,143.07492065429688,70419300
2020-03-10,150.2372411030131,152.96346858405525,144.93676019104754,152.85897827148438,65354400
2020-03-11,149.25884709378187,149.80028638541867,143.5783944896267,145.93417358398438,56371600
2020-03-12,138.0214636849162,145.78220065599004,131.63808870236042,132.0940399169922,93226400
2020-03-13,140.11122857796408,153.79938665871734,133.68035660445514,150.87367248535156,92727400
2020-03-16,132.98691081630918,141.86854244359614,128.23737828715525,128.63633728027344,87905900
2020-03-17,132.98692056268771,140.111219878546,128.23738768544888,139.22781372070312,81059800
2020-03-18,131.08709725869974,138.68634927369683,128.25637994155176,133.3668670654297,81593200
2020-03-19,135.61817982543892,142.62848121921525,132.03702760813172,135.56118774414062,85922700
2020-03-20,138.68638351717573,139.73128672500724,129.054329789664,130.46969604492188,84866200
2020-03-23,130.14669177586433,133.52837128420802,125.881620623842,129.1682891845703,78975200
2020-03-24,136.54903675934335,142.10599466175267,134.19327308795033,140.9091033935547,82516700
2020-03-25,141.45059151845882,146.59908341404636,137.20450796995928,139.56027221679688,75638200
2020-03-26,140.96611636735446,148.81235319825882,140.9376203324005,148.28990173339844,64568100
2020-03-27,144.1483307730437,147.1310370046496,141.7260659731949,142.20101928710938,57042300
2020-03-30,144.8037706334884,152.55501230058746,142.49548995938957,152.2035369873047,63420300
2020-03-31,151.41503688494674,156.52553669024326,148.71730685533282,149.80970764160156,77927200
2020-04-01,145.33572706359047,149.8477839495516,143.26493738693705,144.4903106689453,57969900
2020-04-02,144.25286619835128,147.69152462834958,142.82800581096907,147.4825439453125,49630700
2020-04-03,147.3305771974076,149.496363934637,144.5663444294282,146.1241912841797,41243300
2020-04-06,152.28900906098028,158.15942396618635,149.68626016931051,156.9910430908203,67111700
2020-04-07,161.09466920123717,161.48413441584339,155.0817582215985,155.3002471923828,62769000
2020-04-08,157.37099056058554,158.3208969546214,155.30969542485835,156.85804748535156,48318200
2020-04-09,158.02644076267168,158.98584107836996,155.14822532115448,156.8675537109375,51385100
2020-04-13,156.1171440984928,157.27603122535353,154.16983281192037,157.21902465820312,41905300
2020-04-14,160.53422101947862,165.04627752742255,159.58431438622728,164.998779296875,52874300
2020-04-15,162.62396884625673,164.87525681599098,160.76216046418114,163.26991271972656,40940800
2020-04-16,165.5687281288851,168.3994458213664,164.23885015327437,168.1714630126953,50479600
2020-04-17,170.50823043333762,170.98318372145278,167.06006492340595,169.6533203125,52765600
2020-04-20,167.78197896307506,169.7957759755915,166.2241329828521,166.29061889648438,36669600
2020-04-21,164.8087925244848,164.97027490463032,157.78898343996238,159.413330078125,56203700
2020-04-22,162.8044987799114,165.28375569511513,162.26305953111464,164.8278045654297,34620200
2020-04-23,165.38824370404214,166.2906521024293,162.34854539106306,162.83299255371094,32790800
2020-04-24,163.44092549392695,165.81569196802081,162.15856029457086,165.8061981201172,34277600
2020-04-27,167.74397856900762,168.03844725298504,164.61879268800635,165.3312225341797,33194400
2020-04-28,166.79412509359793,166.87011937399518,160.9047060598675,161.3036651611328,34392700
2020-04-29,164.54281734751044,168.779392536246,163.26994602134675,168.5419158935547,51286600
2020-04-30,170.98317735810693,171.36313417668887,167.4020256405569,170.23275756835938,53875900
2020-05-01,166.9935609578009,169.69129186416407,165.29322025317992,165.82518005371094,39370500
2020-05-04,165.74920175962944,170.03327515016903,165.09376391061315,169.88128662109375,30372900
2020-05-05,171.57213754777004,174.4503535890993,170.88820358800612,171.7051239013672,36839200
2020-05-06,172.95898616297717,174.97278340842882,172.53153111485707,173.39593505859375,32139300
2020-05-07,174.9443170953828,175.30528628351058,173.43396890467872,174.4028778076172,28316000
2020-05-08,175.71371632994155,175.73271852011223,174.17487229787307,175.42874145507812,30877800
2020-05-11,173.97536849564167,178.11696138729013,173.69040814311538,177.3855438232422,30892700
2020-05-12,177.4425542962417,177.67052260190522,173.16797463195846,173.36744689941406,32038200
2020-05-13,173.4054691701278,174.83032920522427,167.69652068640866,170.7457275390625,44711500
2020-05-14,168.64643742779634,171.63865237649037,166.8796102991968,171.48666381835938,41873900
2020-05-15,170.0902859150462,177.6895392707551,168.13348049505922,173.9849090576172,46610400
2020-05-18,176.44513478913066,176.87258982109455,174.7448085084128,175.647216796875,35264500
2020-05-19,175.76122950334033,177.25258992843055,174.29837961314254,174.43136596679688,26799100
2020-05-20,176.0411549622514,177.03181730648205,175.21243926902898,176.850830078125,31261300
2020-05-21,176.6031677448123,177.81291307895333,174.5932820706001,174.7266387939453,29119500
2020-05-22,174.49804728640393,175.7077927017451,173.87887960911883,174.8028564453125,20826900
2020-05-26,177.49857381640152,177.6509856570582,172.50720958063704,172.9549102783203,36073600
2020-05-27,171.6498472999227,173.35492331881767,168.22066922420984,173.18345642089844,39517100
2020-05-28,172.16429532449058,175.41248738313547,171.82137594021566,172.79296875,33810200
2020-05-29,174.0598293942111,175.5267676685074,171.8499162297259,174.55516052246094,42130400
2020-06-01,173.87885733693813,174.31703770681008,172.8501138394492,174.1551055908203,22622400
2020-06-02,175.50775610396937,176.22217030792038,172.7453603292764,176.13644409179688,30794600
2020-06-03,176.0506917214427,177.11754545638277,174.86952184719328,176.5650634765625,27311000
2020-06-04,175.5553713989603,177.0222953752069,173.65026702031676,174.2408447265625,28761800
2020-06-05,173.9551033467779,178.82264637625497,173.37404583909802,178.3177947998047,39893600
2020-06-08,177.1175700198365,179.60373200642374,175.688741626046,179.42274475097656,33211600
2020-06-09,179.07983650746422,181.6517248694954,178.37494255677035,180.79443359375,29783900
2020-06-10,182.06133107589403,189.10069219742158,181.94701491288964,187.50039672851562,43872300
2020-06-11,183.96640861165238,186.4716109809636,177.2413924938844,177.43190002441406,52854700
2020-06-12,181.49925685081865,182.62327580090312,176.3935774041009,178.83212280273438,43373600
2020-06-15,175.8221063506272,181.7660379714091,175.27914455961388,179.97523498535156,32770200
2020-06-16,183.73783115319904,186.30019942498473,182.3756882031011,184.3855743408203,42556700
2020-06-17,185.7762678316549,187.00506839796026,184.49985127974222,185.0237579345703,25687800
2020-06-18,184.79512262836676,187.166982785349,184.79512262836676,187.0050506591797,23061600
2020-06-19,189.1673304707642,189.83411407758476,185.14755918205572,185.8905487060547,44441100
2020-06-22,186.50020767278062,191.2343937475536,185.9667807124898,191.0534210205078,32818900
2020-06-23,192.50124060057937,194.2729879977729,191.87255275823534,192.3297882080078,30917400
2020-06-24,192.03454781345783,193.60625328078626,187.2336761239844,188.45294189453125,36740600
2020-06-25,188.41482860990715,191.0914979740535,186.19538023333627,190.8343048095703,27803900
2020-06-26,190.25322823418622,190.40564005963446,185.6333592367713,187.01455688476562,54675800
2020-06-29,186.49066751265465,189.11018604803854,184.36648018824906,189.0244598388672,26701600
2020-06-30,188.49102314215313,194.7016526637686,188.35766642321764,193.8538818359375,34310300
2020-07-01,193.50141740962292,196.5591157993737,192.1964257889842,194.98739624023438,32061200
2020-07-02,195.92092193188483,198.1499050400059,195.27319343767005,196.47340393066406,29315800
2020-07-06,198.92149070943458,201.11236382000442,198.2165968027034,200.7027587890625,31897600
2020-07-07,200.46455362976818,204.48432399466574,198.12128398792274,198.3689422607422,33600700
2020-07-08,200.1026505749674,203.14127992845096,198.78812386849197,202.731689453125,33600000
2020-07-09,206.06562572695827,206.11325624543244,201.43622130626395,204.1510009765625,33121700
2020-07-10,203.48418406110454,203.9223644420307,201.0647080140899,203.5318145751953,26177600
2020-07-13,204.30338021415548,205.5607560236362,196.70201815845206,197.24497985839844,38135600
2020-07-14,196.34956659976442,198.94050944255682,192.44409722406942,198.4642333984375,37591800
2020-07-15,199.61682866793632,201.30285006378293,195.30176853848567,198.1689453125,32179400
2020-07-16,195.6542036387055,195.93997218751295,192.7108210160108,194.2444305419922,29940700
2020-07-17,194.7683232262637,195.31127034893814,191.8344611018104,193.25376892089844,31635300
2020-07-20,195.27322281624453,202.22685756007462,193.37763849394122,201.56007385253906,36884800
2020-07-21,203.5222639133005,203.78897731065484,198.1593914994022,198.84523010253906,37990400
2020-07-22,199.27391563942754,202.22683324824817,198.50235068955192,201.7029266357422,49605700
2020-07-23,197.35926161883913,200.91227669656575,192.55839114604825,192.9298858642578,67457000
2020-07-24,190.91045266831765,193.2346816617138,188.1385231130072,191.7487030029297,39827000
2020-07-27,191.9106559246256,194.29203596584566,191.3295986131763,194.177734375,30160900
2020-07-28,193.9491399712048,194.98741830562813,192.16787213739667,192.43458557128906,23251400
2020-07-29,192.8918284495138,194.93980994999856,192.4250726197522,194.3778076171875,19632600
2020-07-30,191.4629920099021,194.75882901393874,190.10084934195524,194.2253875732422,25079600
2020-07-31,194.70164222615028,195.3684403198741,189.56738702018401,195.28269958496094,51044000
2020-08-03,201.48385374099897,207.3134687948011,200.45509557830556,206.26565551757812,78983000
2020-08-04,204.00805017505678,204.57958716117938,200.3311990524679,203.1697998046875,49280100
2020-08-05,204.703465764779,204.79872680046398,201.53147967053414,202.8364715576172,28806400
2020-08-06,202.2649124807569,206.1036963389564,201.51240270569892,206.08465576171875,32656800
2020-08-07,204.6558280531857,205.46548863137218,200.92181096572025,202.3982696533203,27820400
2020-08-10,201.6266681637787,201.82671046724803,196.55909938176273,198.3689422607422,36716500
2020-08-11,197.33071819206666,197.79745947005014,193.50145425985625,193.73007202148438,36446500
2020-08-12,195.54942688645932,200.30266740602258,195.03505511443325,199.26438903808594,28013100
2020-08-13,199.50254710119373,201.32192540104853,198.27374654975077,198.7976531982422,22588900
2020-08-14,198.85478719753726,199.64540724846154,197.66409697652952,198.98814392089844,17958900
2020-08-17,199.6549752462705,201.16952997069373,199.007232100324,200.30270385742188,20184800
2020-08-18,200.54078957348915,202.28396163565859,199.2834283776174,201.4552459716797,21336200
2020-08-19,201.94219955948745,202.5246614337485,199.80332006369252,200.23300170898438,27627600
2020-08-20,200.08020998983613,205.2937220870934,199.47866154894302,204.89268493652344,26981500
2020-08-21,204.205272874672,206.48737554062436,203.24087465489396,203.4031982421875,36249300
2020-08-24,205.09328517826702,205.79033977150783,202.83982694776682,204.04295349121094,25460100
2020-08-25,203.47956222275502,206.83109730111778,203.47956222275502,206.69741821289062,23043700
2020-08-26,208.04377292307376,212.06370355764227,207.54724433690507,211.1661376953125,39600800
2020-08-27,212.82756644310686,220.71466112899327,209.49511824885343,216.35098266601562,57602200
2020-08-28,217.8787816221816,220.22773106036195,216.3510225414326,218.57583618164062,26292900
2020-08-31,216.7520570238805,218.37530740038187,214.18349507421502,215.34841918945312,28774200
2020-09-01,215.3292882434317,217.18170877943533,214.29804337071027,217.0098419189453,25725500
2020-09-02,217.67821945804036,222.34745819379427,217.08621422726705,221.19207763671875,34080800
2020-09-03,218.91954112244858,218.9577288996764,205.2555726982678,207.48992919921875,58400300
2020-09-04,205.3892844294588,208.50210600083884,195.92666935229124,204.57765197753906,59664100
2020-09-08,197.17751849448624,200.54815481211494,193.07163989272198,193.51087951660156,52924300
2020-09-09,198.22789445245752,205.14103500073327,197.3685162511446,201.7512969970703,45679000
2020-09-10,203.76597718370772,205.04549349225732,194.8953838654287,196.09849548339844,35461500
2020-09-11,197.84593433524395,199.2113844321981,192.15500723376067,194.8190460205078,33620100
2020-09-14,195.01955560675427,199.75562740153794,194.81902968180668,196.13673400878906,30375800
2020-09-15,199.01083542984793,200.3094385390936,197.58809653437365,199.35458374023438,21823900
2020-09-16,201.11150211344088,201.14014659025136,195.40147480702015,195.79296875,26328100
2020-09-17,191.01868769979,195.1054646940721,190.93275427264976,193.74957275390625,34011300
2020-09-18,193.6445722843672,194.45619018917904,187.3902699158646,191.34336853027344,55225300
2020-09-21,188.287836395958,193.55863942090826,187.5144062732065,193.39630126953125,39839700
2020-09-22,195.8025265449776,198.70529334933173,192.9570632684131,198.0559844970703,33517100
2020-09-23,198.51425568968156,198.70523825617184,190.99955502187976,191.53427124023438,30803800
2020-09-24,190.82772591604362,196.2894962029977,190.20706159211466,194.01693725585938,31202500
2020-09-25,194.36073809434123,199.60288271770696,193.39632521993096,198.43797302246094,29437300
2020-09-28,201.35978019848167,202.97348710410114,198.66708273160546,199.9847869873047,32004900
2020-09-29,199.89884041086924,200.5863369712553,197.47350127563882,197.90318298339844,24221900
2020-09-30,198.35199677037934,202.41012994138174,197.21571715131006,200.83462524414062,33829100
2020-10-01,203.85193790943092,204.32936526589785,201.77990493075555,202.86843872070312,27158400
2020-10-02,198.60976959147385,201.4647902745246,196.2608207134227,196.88148498535156,33154800
2020-10-05,197.8649950832573,200.91098395337687,197.63582470662806,200.88233947753906,21331600
2020-10-06,199.39279737852067,200.6913859913485,195.57337796687514,196.61416625976562,28554300
2020-10-07,197.7122410045719,200.62455118299337,197.38759385548323,200.35719299316406,25681100
2020-10-08,201.00650216165653,201.65581107779784,198.91538214434803,201.07334899902344,19925800
2020-10-09,201.69396323673163,206.1149453581554,201.69396323673163,206.06719970703125,26458000
2020-10-12,208.9126896677775,213.75381083072148,207.0220811131626,211.4048614501953,40461400
2020-10-13,212.66524060212126,215.04283405759003,210.47861517325316,212.79891967773438,28950800
2020-10-14,212.9326251853201,214.09754923309413,209.23734168865147,210.8892364501953,23421700
2020-10-15,207.29898225402468,210.41180364703087,206.25817945216272,209.743408203125,22733100
2020-10-16,210.21127772889514,212.25466641165193,209.41876106893184,209.743408203125,26057900
2020-10-19,210.46907710426066,212.26420865277728,204.0715533495555,204.54898071289062,27625800
2020-10-20,206.0576559024547,207.55677026859448,203.46999314507534,204.95956420898438,22753500
2020-10-21,203.4986198032731,207.12707041324865,203.4986198032731,205.102783203125,22724900
2020-10-22,204.27208418481786,206.3059296091729,202.14276202063672,205.18875122070312,22351500
2020-10-23,205.32242362984323,206.5159921132841,203.53684984099252,206.46824645996094,18879600
2020-10-26,204.19569269246188,206.57327167863946,198.70527791822374,200.59588623046875,37111600
2020-10-27,202.0377098600853,204.97866419195947,200.83459813928872,203.62277221679688,36700300
2020-10-28,198.2946834325445,199.41186173741897,192.97615007156463,193.5299530029297,51195600
2020-10-29,194.8572249672143,197.9986908313189,194.18881495491607,195.47787475585938,31432600
2020-10-30,194.3129364566058,195.06726527827394,190.60809546277156,193.32943725585938,36953700
2020-11-02,195.067262075214,196.01257348222182,191.08551968739417,193.1957550048828,30842200
2020-11-03,194.6853471835195,198.72437896176254,193.95010489814203,197.1106719970703,27512000
2020-11-04,204.35803146698734,208.46391008308424,202.8302579359049,206.62103271484375,42311800
2020-11-05,212.0159499519229,214.00204965218953,211.16612977646565,213.2095184326172,36080100
2020-11-06,212.22602276764897,214.2312236771775,208.18699104009195,213.6201171875,25231900
2020-11-09,214.30758975236762,217.82144803108037,208.04374529384393,208.5307159423828,44395000
2020-11-10,204.81636591764507,206.72607562317089,200.25216088703263,201.48391723632812,44045100
2020-11-11,202.80158939850273,208.19651263213743,202.62016467409236,206.77378845214844,29440800
2020-11-12,207.40400997799867,209.21822820406635,204.77815937346904,205.7139129638672,21593900
2020-11-13,206.5923733192708,207.60451701831292,204.4916957931553,206.735595703125,18621100
2020-11-16,205.1696378838174,207.91008095610752,204.83544745934216,207.423095703125,24953300
2020-11-17,206.3440982697899,207.85275581409536,204.41528777312377,204.77813720703125,24154100
2020-11-18,204.53882413845477,205.9940073608106,201.93481820711207,202.07843017578125,28372800
2020-11-19,202.3656398944147,203.94526929630183,200.97746390164156,203.3612823486328,24792700
2020-11-20,203.1506254998551,204.19413841700677,201.04444848496013,201.41781616210938,22843100
2020-11-23,201.9539393304308,203.2367909210462,199.28292656441394,201.14976501464844,25683500
2020-11-24,200.65195967575906,205.11323589712526,199.95309486424628,204.7398681640625,33979700
2020-11-25,205.9365297615939,206.1088465619645,203.39954614677848,204.74940490722656,21012900
2020-11-27,205.6876220804574,207.04706373012738,204.91215265746894,206.05140686035156,14512200
2020-11-30,204.9696374397487,205.60148040979328,201.8486519158757,204.94091796875,33064800
2020-12-01,205.36218537199466,208.05236479429968,204.25166483862884,206.9897003173828,30904500
2020-12-02,205.7163913660457,206.28122715714795,203.7250917523255,206.18548583984375,23724500
2020-12-03,205.4578847635359,207.15240660691688,204.53881785971507,205.10366821289062,25120900
2020-12-04,205.08455306130605,206.19508817118162,204.08889585656402,205.2185821533203,24666000
2020-12-07,205.22810989970768,206.3482130777084,203.90697042743815,205.15151977539062,24620000
2020-12-08,204.8452051745144,207.6981183527373,203.81126025041706,206.79820251464844,23284100
2020-12-09,205.9844276253421,206.05143485387185,202.20287972305044,202.76771545410156,32440600
2020-12-10,202.7389906303878,203.99312283702398,201.3891171191543,201.54229736328125,26733300
2020-12-11,201.09238080711714,204.22293512677876,200.19246494822374,204.1654815673828,30979400
2020-12-14,204.01230245414715,206.98967630200812,203.80168324113518,205.0653839111328,28798400
2020-12-15,205.99399444063587,206.23333309866626,203.1889523803943,204.99835205078125,27000600
2020-12-16,205.5919556370607,210.7233782573076,205.56323615998332,209.92877197265625,35023300
2020-12-17,210.49356607819405,211.47007192934876,208.6267273980989,210.06275939941406,32515800
2020-12-18,209.2681884765625,210.32128463124675,206.8077941632735,209.2681884765625,63354900
2020-12-21,208.27247393786632,214.44740752765114,208.01398413317597,213.0975341796875,37181900
2020-12-22,213.19333644262701,216.00796180865703,212.38916194035403,214.39002990722656,22612200
2020-12-23,213.59539590479994,214.0262025743925,211.38390900722848,211.5945281982422,18699600
2020-12-24,211.97746424681867,214.0740732616441,211.7668450557722,213.25074768066406,10550600
2020-12-28,214.8782558753354,216.3908780288352,213.5092456892616,215.36651611328125,17933500
2020-12-29,216.65895424878013,217.49184821866578,214.04537983398163,214.591064453125,17403200
2020-12-30,215.62499144526328,216.00794208381058,212.02534309135797,212.22637939453125,20272300
2020-12-31,212.24548753402772,213.49005129277452,210.31162737376175,212.93478393554688,20942100
2021-01-04,213.0401486000575,213.49010649539775,205.6493688567727,208.40655517578125,37130100
2021-01-05,207.9948984930746,209.20117488968572,206.50142734305604,208.60760498046875,23823000
2021-01-06,203.1219572296807,207.25773679566413,202.90176972562557,203.19854736328125,35930700
2021-01-07,204.9121844778068,209.98616708451945,204.59627029591414,208.98094177246094,27694500
2021-01-08,209.35429576941888,211.17327826429883,207.77466653129983,210.25421142578125,22956200
2021-01-11,209.1532761190525,209.5745145115379,207.4874737327891,208.21507263183594,23031300
2021-01-12,207.26729032493492,207.84170898199775,204.22290942349233,205.7642364501953,23249300
2021-01-13,204.8930348974412,207.51617714350778,204.80686188159456,207.1140899658203,20087100
2021-01-14,206.7024693890927,208.1863721862061,203.66765655797752,203.9357147216797,29480800
2021-01-15,204.4144058215758,205.36217774682686,202.98794187692656,203.5814971923828,31746500
2021-01-19,204.63456763921351,207.7268192377233,203.56233504710266,207.20985412597656,30480900
2021-01-20,208.4161146150016,216.16111060778343,208.0235956832945,214.77294921875,37777300
2021-01-21,215.11759352034807,216.64936685048048,212.93482602015692,215.37608337402344,30709400
2021-01-22,217.39610073257143,220.25859646157198,216.17068792070867,216.3142852783203,30172700
2021-01-25,219.34908876068727,219.98094632418085,214.6580569038777,219.74160766601562,33152100
2021-01-26,221.9722376050097,224.19329267545595,220.26814758976505,222.4221954345703,49169600
2021-01-27,227.85041013975058,230.1863578583069,220.32560189282918,222.9678955078125,69870600
2021-01-28,225.5623280954357,232.29253006928437,225.0644995906523,228.74073791503906,49111200
2021-01-29,225.92614679568288,227.86957571864957,221.4840214563199,222.06800842285156,42503100
2021-02-01,225.03575413510322,232.15847419618686,222.51790703934128,229.4300079345703,33314200
2021-02-02,231.0097089858927,231.97663204495075,228.51101245118528,229.29603576660156,25916300
2021-02-03,229.35348721136774,234.6380749767332,229.05669496453717,232.63720703125,27158100
2021-02-04,232.31166607339227,232.86693348320225,230.11931590292957,231.6893768310547,25296100
2021-02-05,231.89999632428507,232.9052215570717,230.16718686803185,231.87127685546875,18054800
2021-02-08,232.7807395278782,233.28813624139045,230.54053351636333,232.12974548339844,22211900
2021-02-09,231.55530073811607,234.32205433018024,231.08620643799642,233.37428283691406,23565000
2021-02-10,234.55188509696072,235.43264960639695,230.61715697080717,232.46485900878906,22186700
2021-02-11,234.34130138481862,234.6955179780866,231.8234536441525,234.0636749267578,15751100
2021-02-12,233.52750445837592,234.83909021572526,232.37868184084263,234.5423126220703,16561100
2021-02-16,234.5806107188213,235.6337066860198,232.56059180579354,233.3073272705078,26728500
2021-02-17,231.56094106337903,234.43001503747345,231.19630371213563,234.324462890625,21653500
2021-02-18,232.02153115942008,234.06538330037233,231.1195427268476,233.93104553222656,16925600
2021-02-19,233.89264153022282,233.99819366694103,230.4670068908638,231.22506713867188,25262600
2021-02-22,227.81864342177664,228.30801355738436,223.00165002550102,225.0263214111328,36446900
2021-02-23,221.01537906288905,225.33339754887209,219.48007774451878,223.83648681640625,30228700
2021-02-24,220.70831859965355,225.68843572381107,219.73916858564397,225.06472778320312,26339700
2021-02-25,222.69460427185766,225.1030937109058,218.66445668933272,219.7295684814453,39542200
2021-02-26,222.16685132625005,225.85155697990797,220.25732229386043,222.98248291015625,37819200
2021-03-01,226.36011252225157,227.86662818043706,223.72132352037755,227.35806274414062,25324000
2021-03-02,227.42523297605322,227.7035134807684,224.00920288060502,224.41221618652344,22812500
2021-03-03,222.7713404645017,224.13391321847823,218.06949005706758,218.35736083984375,34029500
2021-03-04,217.57053331073425,223.08800061349675,215.19081513202866,217.56092834472656,44727800
2021-03-05,220.23813818964663,223.83648692978852,217.30188796036578,222.23402404785156,41872800
2021-03-08,222.0133028006234,223.93242202512073,217.9447794153884,218.1942596435547,35267400
2021-03-09,223.46225362122254,225.8611527209292,222.30118001460858,224.3258514404297,33080500
2021-03-10,227.41561273111648,227.41561273111648,222.65619093371328,223.0208282470703,29746800
2021-03-11,225.4581321614422,229.4978699157633,224.83440963059357,227.54037475585938,29907600
2021-03-12,224.54653232236623,226.28334746335574,223.79807702037834,226.21617126464844,22653700
2021-03-15,225.4580906490886,225.67878521883108,222.43546965240142,225.31414794921875,26034900
2021-03-16,226.7247459571365,230.3518801512368,226.39849920018347,228.096923828125,28092200
2021-03-17,226.5999721151421,228.90292372097375,223.79806010683893,227.4539794921875,29562100
2021-03-18,223.15520427595692,224.71929129183843,221.0153902179175,221.38961791992188,34833000
2021-03-19,221.67749494275228,223.0688536355773,220.0750319360675,221.0345916748047,46430700
2021-03-22,220.95777527099935,227.31964494665482,220.8330278477673,226.4464569091797,30127000
2021-03-23,227.88581112010934,231.30184090014612,227.48279785140227,227.97216796875,31638400
2021-03-24,228.23124345357456,228.3751715285235,225.80355897799103,225.93789672851562,25620100
2021-03-25,225.78439488259968,227.35807216690534,222.20524138776594,222.944091796875,34061900
2021-03-26,222.18601962035427,227.13735047675794,222.18601962035427,226.91664123535156,25479900
2021-03-29,227.02221866806568,227.22373264099474,222.50270082457934,225.72682189941406,25227500
2021-03-30,224.08594526185743,224.39301135235166,221.75422253424998,222.47389221191406,24792000
2021-03-31,223.49105597759478,229.43073293599943,222.99208082780365,226.2353973388672,43623500
2021-04-01,228.82614473617056,233.01941487523698,228.42313152149347,232.5492401123047,30338000
2021-04-05,232.94270928260747,239.8515508888239,232.8851380428422,238.99754333496094,36910600
2021-04-06,237.5965663854565,239.31417172284125,236.89609193809252,237.83645629882812,22931900
2021-04-07,237.78848433406324,240.78230588022694,237.19356201186886,239.79396057128906,22719800
2021-04-08,242.54785366001036,243.8624454611813,241.808988761337,243.00843811035156,23625200
2021-04-09,242.64384338315648,245.63767943978883,242.23123976274744,245.5033416748047,24326800
2021-04-12,244.40942924919764,247.24973207374578,244.32305775852038,245.56089782714844,27148700
2021-04-13,246.85632045190187,248.70826351478416,246.44368755447493,248.03656005859375,23837500
2021-04-14,247.06741162139323,248.36279362985277,244.84122636397595,245.2538299560547,23070900
2021-04-15,247.4992215769771,249.41834093963365,247.30732721077396,249.0057373046875,25627500
2021-04-16,248.97688095719212,250.44500568122766,247.18250954819635,250.1955108642578,24878600
2021-04-19,249.66780128143571,250.9056412984342,247.39364983670757,248.27642822265625,23209300
2021-04-20,247.39364839202,249.67740478959612,246.45326949789063,247.81585693359375,19722900
2021-04-21,248.46842087082106,250.13804557843505,246.84676244058656,250.04208374023438,24030400
2021-04-22,249.6869986347857,251.19351425483057,245.30181881820317,246.76995849609375,25606200
2021-04-23,247.4512247703219,250.9344306690591,246.86587820955702,250.58897399902344,21462600
2021-04-26,251.0783298286712,251.826785030205,249.64859561529482,250.97276306152344,19763300
2021-04-27,251.00158168291068,252.54648783182677,249.60063289753063,251.37582397460938,31014200
2021-04-28,245.72402306023824,246.1654415847011,242.72061130265914,244.2655029296875,46903100
2021-04-29,245.12911354726194,245.74323113487725,238.93035179332017,242.29840087890625,40589000
2021-04-30,239.64042208199547,242.84534766283653,239.50608432237092,241.9817352294922,30945100
2021-05-03,243.15238261393083,244.06397589418296,240.96458802475905,241.67466735839844,19626600
2021-05-04,240.82064814733633,241.0509476976474,235.82133672532257,237.7692413330078,32756100
2021-05-05,238.9879262904949,239.41013488306382,235.87896236652082,236.50267028808594,21901300
2021-05-06,236.4834442394811,239.7555457646202,234.79462473056245,239.63079833984375,26491100
2021-05-07,241.9529667059604,244.01602879660211,241.01260232215404,242.2504425048828,27032900
2021-05-10,240.72467565541882,241.54989737192435,237.12632770118802,237.18389892578125,29299900
2021-05-11,234.66033134956947,236.6274316946523,232.7604072125957,236.2723846435547,33641600
2021-05-12,232.37656498927853,234.4971983156802,228.4423791025512,229.3347625732422,36684400
2021-05-13,232.02152794835033,235.66785757262463,231.65689059340738,233.2017822265625,29624300
2021-05-14,235.6486398477899,239.10304549849073,235.5622830009087,238.1147003173828,23901100
2021-05-17,236.57945358391547,236.61782953063303,233.6719887828889,235.2648468017578,24970200
2021-05-18,236.3107379527679,236.44507570607448,233.07701226535352,233.24974060058594,20168000
2021-05-19,230.1624510972941,233.9326086171046,229.47959883359417,233.82681274414062,25739800
2021-05-20,234.63470174976987,238.47217569165701,234.53851835238595,237.05836486816406,21800700
2021-05-21,238.10670075398016,238.83764464564823,235.3848750918042,235.79843139648438,21863100
2021-05-24,238.3183321436828,241.55952538743995,238.04903619189977,241.1940460205078,21411500
2021-05-25,242.14619045877527,243.08872621785105,241.2325067869294,242.0980987548828,17704300
2021-05-26,241.81915798529013,243.27144808873797,241.16515782189026,241.8768768310547,17771600
2021-05-27,241.56909978446225,241.86724777869244,239.72249297377158,239.7801971435547,24426200
2021-05-28,241.40556711141727,242.44428605367673,240.02060852173798,240.13601684570312,18270200
2021-06-01,241.62677701036466,241.68448117371312,237.52000751313417,237.94317626953125,23213300
2021-06-02,238.64529057633396,239.7417137426011,236.4428170992417,237.84701538085938,19406700
2021-06-03,235.84658057417465,236.92376439822456,233.71143786898358,236.31785583496094,25307700
2021-06-04,238.28948061321378,242.03078653304206,238.04903675030573,241.2036590576172,25281100
2021-06-07,240.42459870903608,244.3774959981243,240.2610986600382,244.1082000732422,23079200
2021-06-08,245.40659823560296,246.22411314134618,242.85788479009744,242.9156036376953,22455000
2021-06-09,244.10819819545324,245.76245296444787,243.531141793228,243.8966064453125,17937600
2021-06-10,244.56985479894277,247.61868099093334,243.973558759814,247.40708923339844,24563600
2021-06-11,248.12842639815597,248.6093140988236,246.80117164814428,248.0322723388672,18999700
2021-06-14,248.04184249398912,250.0134994576514,246.98388380020114,249.95579528808594,19150500
2021-06-15,249.84037496966238,250.05196672313224,247.83026798722594,248.48426818847656,18038900
2021-06-16,249.48450833852118,250.61939615458576,244.69487142700754,247.54173278808594,27220000
2021-06-17,246.2817930408126,251.74466936618765,246.22408887442882,250.92715454101562,27565500
2021-06-18,249.70573350554895,252.27365719884,248.85936651938206,249.51336669921875,37202200
2021-06-21,249.88844788107733,253.44699862968113,248.06108081005905,252.59103393554688,26696100
2021-06-22,252.67761578477896,255.63027309111683,252.36984063503186,255.36097717285156,24694100
2021-06-23,255.82263695358807,256.63052479177776,254.32226963251347,255.13015747070312,19518700
2021-06-24,255.9860794323836,257.61148179657937,255.3224522256505,256.4958190917969,21446900
2021-06-25,256.05346352708113,257.0344638235641,254.6396525800899,254.8896942138672,25611100
2021-06-28,256.0149822485252,258.6213852234761,255.74568632511017,258.4482727050781,19590000
2021-06-29,258.59252746788644,261.26626170283777,257.7365626894256,261.02581787109375,19937800
2021-06-30,260.34292678716713,260.98729972356773,259.29459535920773,260.5448913574219,21656500
2021-07-01,259.3042174129385,261.44898683933064,259.2946196189184,261.2181701660156,16725300
2021-07-02,262.39162410881875,267.3736146321706,262.0838488750593,267.0369873046875,26458000
2021-07-06,267.4023914794495,268.69116688821424,263.8149589636492,267.0465393066406,31565600
2021-07-07,268.7200270839339,269.960725504487,266.5560325451121,269.2297668457031,23260000
2021-07-08,266.3155624280756,268.07562758256216,264.36315983308367,266.8157043457031,24618600
2021-07-09,265.1806538246266,267.42157707974224,264.79594962280595,267.3157958984375,23916700
2021-07-12,268.48914511457275,269.07581384728866,266.00774887676647,266.719482421875,18931700
2021-07-13,266.9119207635317,272.0382005108351,266.7869146059644,270.23968505859375,26120100
2021-07-14,271.5572025513539,272.81712557126133,269.8259897786008,271.7110900878906,23113700
2021-07-15,271.22067359330885,271.7111884591669,269.1336079777888,270.2877502441406,22604200
2021-07-16,271.28804446016426,273.2404477103934,268.7777949378346,270.01849365234375,26186800
2021-07-19,268.2679481392744,269.6529067683761,263.95921404966873,266.4213562011719,32935600
2021-07-20,267.4024592613804,270.2300817716066,265.7001270770854,268.6431579589844,26259700
2021-07-21,268.23914676268924,270.75899355414396,266.69070249429734,270.6435852050781,24364300
2021-07-22,272.99029182453523,275.4716884823561,272.58636264371466,275.202392578125,23384100
2021-07-23,276.3854630976041,278.9053105976259,275.54872298053493,278.5975646972656,22768100
2021-07-26,277.9530521274675,278.6166794096968,275.68327658614254,278.0011291503906,23176100
2021-07-27,278.3666124668251,278.51087288872895,272.1343274321578,275.58709716796875,33604100
2021-07-28,277.94340359284985,279.0590663386957,272.98064007555604,275.279296875,33566900
2021-07-29,275.29857402961915,277.5876041189694,275.1446864474467,275.54864501953125,18168300
2021-07-30,274.26948015452774,275.70251598499704,273.05763386236777,274.0194091796875,20944800
2021-08-02,275.4139435469008,275.8082749172966,272.8940971151015,273.9328308105469,16267400
2021-08-03,274.50992752859145,276.2507385273349,273.1441936458983,276.1449279785156,17879000
2021-08-04,275.27933499379344,276.59696249430243,273.76934068765456,275.5582580566406,16191300
2021-08-05,275.9140539199942,278.5589355268177,275.16387049282804,278.453125,13900200
2021-08-06,277.4818387644274,278.4339870480046,276.6258445430264,278.3955078125,16589300
2021-08-09,278.67438860321397,280.40557237439197,276.8085422037399,277.30865478515625,16117600
2021-08-10,277.7607428078615,278.193553507934,274.29837461151317,275.490966796875,18616600
2021-08-11,276.23148694196493,277.62607292416914,274.9330843638876,275.9814453125,13955900
2021-08-12,275.6736177116659,278.88594321117694,275.3946946980805,278.7320556640625,14561300
2021-08-13,278.41470593926334,281.70396081045175,278.2415640899501,281.6558837890625,18249000
2021-08-16,281.982882658373,283.5505809829247,278.9340422580359,283.3389892578125,22507600
2021-08-17,281.21350772659866,282.2137329544662,279.9535550193779,281.8771057128906,20075300
2021-08-18,281.41455687924235,284.0934094395426,279.7089369385495,280.1522216796875,21813000
2021-08-19,278.1864940413031,286.64704708243323,278.13832497152845,285.9725036621094,29850500
2021-08-20,288.8151504653693,294.7124789833826,287.21554348054167,293.28631591796875,40817600
2021-08-23,292.21673851879405,294.2885083597371,290.8676811391506,293.5657958984375,22830200
2021-08-24,293.9222620885944,294.5293451223388,291.0121511635646,291.6095886230469,18175800
2021-08-25,293.22854211359436,293.50799918306285,289.4897341208387,291.0218811035156,20006100
2021-08-26,290.0389651127222,291.42657543670686,288.07320832644916,288.2080993652344,17666100
2021-08-27,288.1117043575675,289.9233081860537,286.0302890699818,288.8151550292969,22605700
2021-08-30,290.16426854794526,293.1514863285869,290.10645389602473,292.5444030761719,16348100
2021-08-31,293.3441394842218,293.42121586283224,290.53036644546444,290.89654541015625,26285300
2021-09-01,291.8505888037755,294.0861866329376,290.5207930363041,290.8484191894531,18983800
2021-09-02,291.2050221180023,292.3227917790376,289.2584972718237,290.1932067871094,16285600
2021-09-03,290.03896669123856,291.5904047928127,289.3355453558773,290.18353271484375,14747900
2021-09-07,290.05817989071454,290.1352562629758,287.35042017874457,289.25836181640625,17180400
2021-09-08,288.872883508005,289.6726720708831,286.6469322825575,289.2872314453125,15046800
2021-09-09,289.87511543646343,291.1470962428215,286.1940934395369,286.43499755859375,19927000
2021-09-10,287.56250269932383,289.0079277198995,284.6330997569278,284.9510803222656,19633400
2021-09-13,286.7241322672505,287.67813278036044,283.3803812009098,286.18450927734375,23652900
2021-09-14,288.6610174835909,290.42445251988386,287.25414532984894,288.8826599121094,21853400
2021-09-15,292.2263747390184,294.21142254991946,290.83876450517084,293.7296142578125,28356300
2021-09-16,292.70817930849984,294.20177323213824,289.81732959262365,294.11505126953125,19550800
2021-09-17,293.1032859884223,293.4212665400656,288.6320906685241,288.959716796875,41372500
2021-09-20,285.5484866618961,287.8515443910694,278.98626014030367,283.59234619140625,38278700
2021-09-21,284.93182120134657,286.7145179579363,283.3707668698969,284.0741882324219,22364100
2021-09-22,285.9339466951143,289.29695901168185,283.79471679857085,287.71661376953125,26626300
2021-09-23,287.9768206871402,289.9522229123692,286.70483974436394,288.6609802246094,18604600
2021-09-24,287.3793115337563,288.89216683736635,286.1265926479854,288.45855712890625,14999000
2021-09-27,285.365489332048,285.68346993247235,282.2819038516729,283.4671630859375,23571700
2021-09-28,279.2560078220888,280.2003624362763,272.4625242845209,273.2044982910156,43186200
2021-09-29,274.7270983987107,276.3363216518175,272.7131432346265,273.6671142578125,26353700
2021-09-30,275.31480432351515,277.3576661705327,271.3736171927623,271.6627197265625,32343600
2021-10-01,271.855518825413,279.42956082549745,271.055729962069,278.5815734863281,30086300
2021-10-04,276.9434331461272,277.280704871904,270.05357963632,272.80950927734375,31350700
2021-10-05,273.71522140234265,279.8341913063189,273.71522140234265,278.2538757324219,24993000
2021-10-06,275.3822919286594,282.9466865037661,275.1221260888592,282.4455871582031,28002600
2021-10-07,284.44035604398937,285.84725752796135,283.2262190604028,284.12237548828125,20430500
2021-10-08,285.4425255952682,285.84725752796135,283.0720368673409,284.12237548828125,17685700
2021-10-11,282.2625366597223,287.128787851861,282.09870892799114,283.5248718261719,19298600
2021-10-12,284.5944873273196,284.69085485665033,281.71328346594987,282.2239990234375,17974100
2021-10-13,284.18014809161934,286.46391451193523,282.81179971016536,285.5292053222656,23416300
2021-10-14,288.3236530124895,292.23593321952023,286.99385768362157,291.73486328125,27262900
2021-10-15,291.3397657509714,293.3730115553381,289.58597692406954,293.1417236328125,25384800
2021-10-18,292.5250864283667,296.996251978843,291.6770991496789,296.1097412109375,22729300
2021-10-19,297.1311627256362,298.046580784232,296.04227134224186,297.0155334472656,17682100
2021-10-20,297.9599010679799,298.4320932312607,294.97268352184886,296.22540283203125,16537100
2021-10-21,295.99414145888375,299.7040420623986,295.2135849120758,299.4535217285156,16918100
2021-10-22,299.10658782442397,299.77148563337295,296.6011787740469,297.9117126464844,17449300
2021-10-25,298.1043577788396,298.14291066917554,295.3098760778801,296.91912841796875,17554500
2021-10-26,299.6847507755604,301.0338080808827,297.37207690825886,298.8271179199219,28107300
2021-10-27,304.50281355306396,314.2353460702273,304.50281355306396,311.4119567871094,52588700
2021-10-28,312.5297505959251,313.0501117800628,309.667808194034,312.5490417480469,26297900
2021-10-29,312.33699627026226,319.92065282329474,312.11535390609777,319.5544738769531,34766000
2021-11-01,319.3039399071891,319.429214753653,314.49550312432325,317.3863525390625,27073200
2021-11-02,318.29214656107087,321.31791632302634,317.99342781479373,321.0095520019531,26487100
2021-11-03,321.7515023539127,322.7151187307781,318.6197491291001,321.8478698730469,21500100
2021-11-04,320.7783004950608,324.2954947256181,317.52127212453837,324.1991271972656,23992200
2021-11-05,326.19378813871225,326.4635995471143,322.25260069833575,323.8329162597656,22570100
2021-11-08,325.0278142034985,325.3650858397293,322.27188529417714,324.7290954589844,20897000
2021-11-09,324.84478968180053,326.39622775578675,322.35867170289976,323.7270202636719,21307400
2021-11-10,322.3972273444752,322.45504199048236,317.91641583544316,318.7643737792969,25500900
2021-11-11,319.197991984075,321.62629517799496,318.48492512550797,320.3350524902344,16849800
2021-11-12,321.7708188010042,324.9603869066264,321.645543957004,324.46893310546875,23831000
2021-11-15,325.25919965579993,325.5868258155104,321.876895519254,323.8426818847656,16723000
2021-11-16,323.4667726030353,328.27523883002146,323.3029742696654,327.1574401855469,20886800
2021-11-17,327.2057248474174,330.34320817217764,326.2982657750648,327.3794860839844,19053400
2021-11-18,326.47202852171574,330.5942177948435,325.44872862025187,329.4550476074219,22463500
2021-11-19,330.77765366688135,333.15247904268057,330.3528843201797,331.2313537597656,21963400
2021-11-22,332.6890251652275,337.5642085341759,327.7945448153531,328.0648498535156,31031100
2021-11-23,325.38118601428096,327.69812064888646,322.0120206003462,325.9893798828125,30427600
2021-11-24,324.6377612006127,326.45267906197216,322.3498168932111,326.2113342285156,21661300
2021-11-26,322.77463147147154,326.23067700890783,316.7603067714065,318.26629638671875,24217200
2021-11-29,323.3442750135768,327.2926744016576,323.1511872915819,324.97576904296875,28563500
2021-11-30,323.71106155688426,326.0858868817991,317.6001928133879,319.1448059082031,42885600
2021-12-01,323.5276501773053,327.5339693788618,317.9863810414146,318.6524658203125,33337600
2021-12-02,318.86477960423474,321.94434201116263,316.4513312891526,318.08282470703125,30766000
2021-12-03,320.49632899700646,321.1817696501505,307.01963950096615,311.8272399902344,41779300
2021-12-06,312.73471501105405,316.11354341449044,308.1781223856923,314.89715576171875,30032600
2021-12-07,320.15847701837134,324.1744298816056,318.67178431375265,323.3249206542969,31021900
2021-12-08,323.70139443658877,323.8848188965732,319.34752350913357,323.3731689453125,24761000
2021-12-09,322.83251569998305,324.8404918083329,320.6217887138413,321.56787109375,22214200
2021-12-10,323.38282488539363,331.1251576149035,323.1994004295398,330.68109130859375,38095700
2021-12-13,328.88552605948894,331.88787203567045,327.34091275560786,327.64984130859375,28899400
2021-12-14,321.68374322246143,323.0545950116288,312.88912106633165,316.9726867675781,44438700
2021-12-15,317.23330918334995,323.5855221073149,313.26561400702604,323.064208984375,35381100
2021-12-16,324.0875444975225,325.10121065165634,311.83687625533753,313.65179443359375,35034800
2021-12-17,309.7709825901244,313.67112406852533,306.2666502470529,312.5898742675781,47750300
2021-12-20,308.9696714904224,311.62446489459614,306.5755493846343,308.83453369140625,28326500
2021-12-21,312.09755779178596,316.38384527957237,308.7283631846601,315.9590759277344,24740600
2021-12-22,316.93407613844363,322.06023889539006,314.4723702128299,321.6644592285156,24831500
2021-12-23,321.2300361252478,324.7440317285957,321.2107391407732,323.1028747558594,19617800
2021-12-27,323.84624509607664,330.62322900952455,323.8172848853802,330.5942687988281,19947000
2021-12-28,331.2699756899296,331.90712970709734,328.53796461701063,329.4357604980469,15661500
2021-12-29,329.4840519448849,332.38019079981586,327.92014167698994,330.111572265625,15042000
2021-12-30,330.0729308583066,331.2506951069542,327.08991153548817,327.5726013183594,15994500
2021-12-31,326.7905747449666,327.6111236275241,324.2226621264703,324.6763916015625,18000800
2022-01-03,323.7400001560889,326.29824977245147,318.3628296202537,323.1607666015625,28865100
2022-01-04,323.2380550401067,323.59527025765954,314.82960654307294,317.61956787109375,32674300
2022-01-05,314.5785047925629,314.78125567055275,305.0405814422899,305.4267272949219,40054300
2022-01-06,302.30859850808565,307.6664726573991,300.7060649286775,303.0133361816406,39646100
2022-01-07,303.2740243044876,305.5426724725603,299.35458511243456,303.1678466796875,32720000
2022-01-10,298.77525819873097,303.82420301804177,294.14144890781034,303.3897705078125,44289500
2022-01-11,302.53064320042563,305.6488002414314,299.1614780529444,304.07525634765625,29386800
2022-01-12,308.602867078053,312.21337685592107,306.1025083336208,307.2513122558594,34372200
2022-01-13,309.37509520422486,309.7709042394419,293.47529748131853,294.2475891113281,45366000
2022-01-14,293.71673416868725,300.05928501415605,293.2340443836935,299.46075439453125,39846400
2022-01-18,293.54294042354564,299.0745458921932,291.2935897762765,292.1720886230469,42333200
2022-01-19,295.68603516166604,303.04222074165364,292.2203269969151,292.8284912109375,45933900
2022-01-20,298.36989546394483,300.86056199781444,290.7144419109229,291.15850830078125,35380700
2022-01-21,292.21074246408233,293.58156494621363,285.37583865558236,285.78131103515625,57984400
2022-01-24,282.0838512555884,286.82383782749025,266.49295154897675,286.1094665527344,85731500
2022-01-25,281.4274180089752,284.77728601402885,275.2972818230597,278.5023193359375,72848600
2022-01-26,297.32719208033615,297.81954500203807,282.8851245004796,286.4377136230469,90428900
2022-01-27,292.18175832051594,296.6611038089516,287.6155027527548,289.4593811035156,53481300
2022-01-28,289.8358945088993,297.80027529096344,284.2560022424525,297.587890625,49743700
2022-01-31,298.25399547736595,301.5652399492526,295.76329997634053,300.2137145996094,46444500
2022-02-01,299.66348813934843,299.87587283189384,294.56628497930495,298.07061767578125,40950400
2022-02-02,298.91045860750387,304.21038262271304,298.1864239841783,302.60784912109375,36636000
2022-02-03,298.7753051603236,300.45508559766955,289.57523929937065,290.8205871582031,43730000
2022-02-04,289.8166003905514,298.10920758842764,289.584918714947,295.3482360839844,35096500
2022-02-07,295.57025756283554,297.1824248464775,289.5173091795903,290.5309753417969,28533300
2022-02-08,290.8206174669248,294.9814013715594,289.5656357153874,294.0160217285156,32421200
2022-02-09,299.14215544071413,301.1308349501558,296.74803301981893,300.4357604980469,31284700
2022-02-10,293.5140020692782,298.41811714419794,290.289637957717,291.9114685058594,45386200
2022-02-11,292.69342951887205,293.7553529211515,284.03397373558494,284.8255920410156,39175600
2022-02-14,283.599498987924,286.4860034605709,281.263297311286,284.78692626953125,36359500
2022-02-15,289.6234082053448,290.3860365218645,286.7369045134783,290.0674743652344,27058300
2022-02-16,288.6358039056966,291.05424249393616,284.09881075240287,289.72894287109375,29982100
2022-02-17,286.69144809406896,287.1170957635478,280.53895281663284,281.2451477050781,32461600
2022-02-18,283.489365073195,284.2729368294198,276.96926395825363,278.5364074707031,34264000
2022-02-22,275.702080365006,282.02872584374245,275.2183925047165,278.3333435058594,41736100
2022-02-23,280.71306989618563,282.18349983515145,270.9619359564501,271.1263732910156,37811200
2022-02-24,263.61957404294975,285.5306287899003,262.6618519792794,284.9792175292969,56989700
2022-02-25,285.5112545529005,287.92001039879176,282.135093565402,287.6104431152344,32546700
2022-02-28,284.7083218045915,289.38076267083534,283.44106207991604,289.04217529296875,34627500
2022-03-01,286.7301918975132,290.183730717444,282.6188445943482,285.3275146484375,31217800
2022-03-02,285.7240436842559,291.63472396488993,284.1182261639909,290.396484375,31873000
2022-03-03,293.0084173965025,293.2405780996094,284.4567908872236,286.26580810546875,27314500
2022-03-04,284.6889691786735,286.0142690066233,277.80125973691753,280.4034729003906,32356500
2022-03-07,279.11684688434497,280.2390059870798,269.4430920558965,269.8106994628906,43157200
2022-03-08,268.7369507911687,274.695988493688,261.19143233256847,266.8505859375,48159500
2022-03-09,274.19297192414876,280.1520098038728,271.6197490086795,279.087890625,35204500
2022-03-10,273.7866644734184,277.24988606847967,271.4262653649747,276.2728271484375,30628000
2022-03-11,278.5655013687833,280.06495143344847,270.31378773793114,270.93292236328125,27209300
2022-03-14,271.19411574307355,276.08903470394495,266.821587956301,267.4213562011719,30660700
2022-03-15,271.2036891683761,278.42998431744394,269.63654580240177,277.7818298339844,34245100
2022-03-16,279.67793426336954,284.95982608211176,273.96077067732267,284.78570556640625,37826300
2022-03-17,283.7216255602985,285.96591473369335,279.92949985014275,285.5886535644531,30816600
2022-03-18,285.7337436372442,291.1800733202025,283.17988724924487,290.628662109375,43390600
2022-03-21,289.1389046674614,290.3481241566419,285.27905598306444,289.40008544921875,28351200
2022-03-22,290.01922877865013,295.04959432677754,289.0228329688514,294.1402587890625,27599700
2022-03-23,290.7060719110069,293.3373349131294,288.0070855267432,289.7193298339844,25715400
2022-03-24,289.380749871962,294.2756680245102,288.58749479820733,294.1789245605469,24484500
2022-03-25,295.2720634104139,295.533244193088,289.52585001590114,293.7726135253906,22566500
2022-03-28,294.401361618458,300.66028204395406,294.401361618458,300.5635681152344,29578200
2022-03-29,303.66890108993795,305.51659216822173,298.967439967182,305.1199645996094,30393400
2022-03-30,303.52376945863284,305.6423243268449,301.41486827122543,303.6204833984375,28163600
2022-03-31,303.6591822316137,304.8587480003614,297.8452751937795,298.2515563964844,33422100
2022-04-01,299.27699192361627,300.01220684451596,295.57195627521304,299.32537841796875,27110500
2022-04-04,299.9734475006185,304.82966159533413,299.60584010885947,304.6942443847656,24289600
2022-04-05,303.04971351922677,304.5975202300645,299.76064270992003,300.7377014160156,23156700
2022-04-06,295.2333114596833,296.9842586358123,287.0299571404709,289.72894287109375,40110400
2022-04-07,286.9816933883639,293.7436404303179,286.6818092677771,291.53802490234375,31411200
2022-04-08,290.6383190722913,291.2961273756615,286.6140331520905,287.2815246582031,24361900
2022-04-11,282.27060690427504,283.06383266279937,275.70211663136274,275.9536437988281,34569300
2022-04-12,279.80368992052826,281.2547532210791,271.3391540006482,272.8579406738281,30966700
2022-04-13,273.5061208154424,279.16524459856345,272.122751236361,278.236572265625,21907200
2022-04-14,278.6912463967013,278.9040702197633,270.2073726066549,270.7007141113281,28221600
2022-04-18,269.81073402373755,273.2449056189471,269.25932284261444,271.3681945800781,20778000
2022-04-19,270.26540148092727,276.8338901106772,269.3270459623916,275.99224853515625,22297700
2022-04-20,279.95846900098434,280.24869936955514,276.0599468443759,277.01763916015625,22906700
2022-04-21,279.1653032613877,283.7313183472666,270.92327184043955,271.6488037109375,29454600
2022-04-22,272.49035276111147,273.9607825716903,264.4611470651918,265.0899353027344,29405800
2022-04-25,264.3740824976134,271.93893715298736,261.9362771237636,271.5616760253906,35678900
2022-04-26,268.4467917071966,269.2787207469881,261.1914730124075,261.404296875,46518400
2022-04-27,272.89667705103636,281.4772943518781,270.05259027534413,273.9801330566406,63477700
2022-04-28,275.8858797797823,281.4869933800965,272.27755777079875,280.1810302734375,33646600
2022-04-29,279.19431973149324,280.4229059103156,267.4794127851195,268.46612548828125,37073900
2022-05-02,268.64986271938767,275.64399875590436,267.2084825593842,275.1893310546875,35151100
2022-05-03,274.6959996581533,274.8604665193033,271.0103005471974,272.5871276855469,25978600
2022-05-04,273.37070203873003,281.3902550491014,267.7018944721031,280.5196228027344,33599300
2022-05-05,276.2244444799009,277.00801637510676,265.38982566126134,268.3016357421875,43260400
2022-05-06,265.84443636998407,270.13958558945643,262.4199191226848,265.7670593261719,37780300
2022-05-09,261.24950264513046,263.4744551461857,254.72939928853663,255.94827270507812,47726000
2022-05-10,262.82631891838696,264.8191105943443,256.4222962003139,260.707763671875,39336400
2022-05-11,257.01235492970693,262.507041521962,250.84049357545095,252.04971313476562,48975900
2022-05-12,249.2830033480953,251.40155812616646,241.86323478464925,247.01934814453125,51033800
2022-05-13,248.95415457182008,254.45852493792023,247.01940307644472,252.6011505126953,34925100
2022-05-16,251.47896796071555,257.14780467191986,247.43534479276178,252.96873474121094,32550900
2022-05-17,257.4283458213499,259.57592116021584,253.89743024977278,258.1152038574219,28828800
2022-05-18,255.01236815888072,255.5941513427868,245.0930699203447,246.36328125,31356000
2022-05-19,246.18875585167464,249.84427550605224,244.2301162531535,245.45184326171875,32692300
2022-05-20,249.42730580573198,250.6878410141278,238.95532648602892,244.8894500732422,39199300
2022-05-23,247.73046089939714,253.5579245072491,245.73301319601697,252.73373413085938,33175400
2022-05-24,250.05756188241344,253.39305741677543,245.80087764780725,251.73500061035156,29043900
2022-05-25,250.3000318582222,256.54441508526867,249.3206971477266,254.54698181152344,28547900
2022-05-26,254.30446247150167,258.99746097926135,253.48997806179602,257.82421875,25002100
2022-05-27,260.32590258710013,265.0382834774228,259.4338312366583,264.9413146972656,26910800
2022-05-31,264.25290403889915,266.4248628217989,260.76223485872504,263.6129455566406,37827700
2022-06-01,266.841775770586,269.25614127320165,261.8384891459323,264.1462097167969,25292200
2022-06-02,256.4183173881909,266.30851221318625,253.65486971991317,266.2406311035156,44008200
2022-06-03,262.10041456467496,265.14506385078295,260.258125369171,261.8192138671875,28059000
2022-06-06,263.79726876055776,265.8528775480251,259.104267855595,260.5877990722656,22400300
2022-06-07,258.54180604342474,264.8346867223125,257.86305412954965,264.22381591796875,22860700
2022-06-08,263.4578015962176,264.70863088470054,261.42157544049917,262.1972961425781,17372300
2022-06-09,259.64716611698157,264.4274283960142,256.59284170053377,256.74798583984375,26439700
2022-06-10,252.6658293283701,252.6658293283701,244.86033026242538,245.30636596679688,31422800
2022-06-13,237.66571545060387,241.45696760455806,234.19444257567676,234.9022674560547,46135800
2022-06-14,236.45365859510807,238.27656531045733,234.1750252009215,237.0645294189453,28651500
2022-06-15,240.76852264491998,247.54623321805892,238.9359248223612,244.11373901367188,33111700
2022-06-16,238.50924205804992,239.90550962788097,235.63914964927136,237.52992248535156,33169200
2022-06-17,237.26815342919429,242.892003168209,236.61850393867869,240.12855529785156,43084800
2022-06-21,242.65928121254296,247.0129195467826,241.9320596633375,246.03359985351562,29928300
2022-06-22,244.23977847011096,249.3594317398159,242.7659386682965,245.44212341308594,25939900
2022-06-23,247.8080352595046,251.4926127999007,245.92695305257084,250.9980926513672,25861400
2022-06-24,253.85851328836165,259.84113599314713,253.77125024741073,259.56964111328125,33923200
2022-06-27,260.06417742561,260.15144048191104,255.2839137113998,256.84503173828125,24615100
2022-06-28,255.9626306963356,258.80363608311393,248.53527026411476,248.69041442871094,27295500
2022-06-29,249.76665390613857,254.0136323572645,247.9922316052621,252.35557556152344,20069800
2022-06-30,249.24305888897192,251.64774884681984,245.21910548593416,249.0297393798828,31730900
2022-07-01,248.60315448518915,251.88047513446844,246.87720152441233,251.6962432861328,22837700
2022-07-05,248.3800943919095,254.99296930885941,247.0032233964507,254.86691284179688,22941000
2022-07-06,255.73956910040374,259.8507853109402,254.430564439945,258.1248474121094,23824400
2022-07-07,257.0680010610952,260.8883411729017,256.97103225603274,260.2483825683594,20859900
2022-07-08,256.7479931048278,259.9574617514012,255.29355004720045,259.53082275390625,19658800
2022-07-11,257.5818628153171,258.4351408209991,254.2172499828831,256.47650146484375,19455200
2022-07-12,257.80490257305115,257.8630779320997,244.38522912726302,245.96572875976562,35868500
2022-07-13,242.59139634264417,245.84934922574635,240.5745669583086,245.0445556640625,29497400
2022-07-14,242.959889571624,247.39108538558793,238.47050360298064,246.36328125,25102800
2022-07-15,247.95348214538913,252.4622502240855,247.03233772876274,248.92311096191406,29774100
2022-07-18,251.86106474959863,252.91795652335915,245.60696234722735,246.52810668945312,20975000
2022-07-19,249.7569629365393,251.8319826861172,245.975416691355,251.6477508544922,25012600
2022-07-20,252.00653450982264,256.8255911221819,251.046611408544,254.30455017089844,22788300
2022-07-21,251.89983491458102,256.84494694076886,249.22365037531554,256.79644775390625,22404700
2022-07-22,257.1843229934879,257.2715860310557,251.20173011136725,252.45252990722656,21881300
2022-07-25,253.0730861428635,253.55790048413337,249.0103395957646,250.96897888183594,21056000
2022-07-26,251.96768644166164,251.98709795269474,241.99022895209225,244.24945068359375,39348000
2022-07-27,253.22823052881697,261.84821413779025,250.9883906372331,260.5780029296875,45994000
2022-07-28,261.5573746966984,269.40166831465785,259.7344677770861,268.0151062011719,33459300
2022-07-29,269.26588177100365,273.4352730341739,268.22837203750606,272.2135314941406,32152800
2022-08-01,269.3822964700081,272.7372040337669,267.4624206782317,269.5665283203125,21539600
2022-08-02,267.6175741801885,269.4501869895359,264.1075223258195,266.4734191894531,22754200
2022-08-03,268.3544501034442,274.8897381119249,268.20898212498906,273.8910217285156,23518900
2022-08-04,273.2414283136965,275.18068622817475,271.66095796960775,275.0352478027344,18098700
2022-08-05,270.67184411090017,275.03517323549517,270.2161174409248,274.3176574707031,16774600
2022-08-08,275.423093558,277.23632456484415,270.8367675268172,271.806396484375,18739200
2022-08-09,271.14694928077154,274.48244435979353,269.1785748637903,273.72613525390625,23405200
2022-08-10,279.4179151918508,281.0080908709291,278.2252612395024,280.3778381347656,24687800
2022-08-11,282.01652051436565,282.3655726517332,277.80833539979704,278.3028259277344,20065900
2022-08-12,279.7184922528835,283.0443115234375,278.22525580031515,283.0443115234375,22619700
2022-08-15,282.16199190447594,285.2454045080501,281.29900803496633,284.5569763183594,18085700
2022-08-16,283.12187347946144,285.1096300607174,281.59957891566967,283.82000732421875,18102900
2022-08-17,281.536556451653,285.0443616245307,281.2742116606303,283.07183837890625,18253400
2022-08-18,281.9737992817374,283.64510179006146,280.89521149700556,281.9543762207031,17186200
2022-08-19,280.72035691439993,281.06045328122894,277.47492602525494,278.0482177734375,20570000
2022-08-22,274.0933767758062,274.46262247376245,269.37099355295584,269.885986328125,25061100
2022-08-23,268.6130676269531,270.9645327816376,267.60250517889017,268.6130676269531,17527400
2022-08-24,267.61229110085856,269.38076836522134,267.32076724046834,267.9815368652344,18137000
2022-08-25,269.4779423207206,271.1200957209209,266.7475042264658,270.9549255371094,16583400
2022-08-26,271.1783719738918,272.40270697945806,260.3926709090645,260.4995422363281,27549300
2022-08-29,258.32293054735436,259.8290331608574,256.3795570313367,257.7204895019531,20338500
2022-08-30,259.11978995833886,259.48900611595445,253.27994149506821,255.5245361328125,22767100
2022-08-31,257.8759809716696,259.54725384491036,253.93090517707998,254.06695556640625,24791800
2022-09-01,251.54055731974114,253.5033836351562,248.1785292927467,253.02723693847656,23263400
2022-09-02,254.2904786042123,257.2443854879001,247.26517150345208,248.81015014648438,22855400
2022-09-06,248.94615387316767,250.5299783454673,244.80675888454647,246.0796661376953,21328200
2022-09-07,247.48866611987495,251.50172318852577,246.05057356840078,250.78268432617188,24126700
2022-09-08,250.21908643151144,253.056395384433,247.5760822267559,251.20046997070312,20319900
2022-09-09,253.12438844541632,257.72047726789003,252.92034253890802,256.9722595214844,22084700
2022-09-12,258.25491798547915,259.8776479982531,257.65247691062,259.10028076171875,18747700
2022-09-13,251.51142329243044,253.02725242179903,244.46669355719365,244.85537719726562,33353300
2022-09-14,246.35176481752862,247.03194264420256,242.78567587282814,245.078857421875,23913000
2022-09-15,242.69823034248557,244.28206983666107,237.111030916621,238.43252563476562,31530900
2022-09-16,237.34423330622892,238.3547959701018,235.2065251235573,237.81065368652344,39791800
2022-09-19,235.60491699915002,238.19931916772862,234.03078901134762,237.5968780517578,26826900
2022-09-20,235.21624880625103,236.6154654509246,232.85504199150714,235.58547973632812,26660300
2022-09-21,237.35395148181902,240.64796931692138,232.13598300454865,232.1845703125,28625600
2022-09-22,231.1351576468061,236.9555675025579,230.8436634388637,234.1571044921875,31061200
2022-09-23,232.75787437724338,234.30286782239332,228.54075677381346,231.18374633789062,34176000
2022-09-26,230.33836671998023,234.61378285432556,230.19260479897667,230.72703552246094,27694200
2022-09-27,233.18543702119823,234.95391443946426,227.86059652886274,229.71652221679688,27018700
2022-09-28,230.10515720285915,235.4688726877208,228.084046805277,234.2445526123047,29029700
2022-09-29,232.12624824404912,233.15623383177936,227.77309573435863,230.77560424804688,27484200
2022-09-30,231.5432539781558,233.7295494002438,226.14067744074515,226.3058624267578,35694800
2022-10-03,228.7448115784085,234.76926725849918,228.01604641968547,233.9239044189453,28880400
2022-10-04,238.15071845977334,243.27151213771026,238.04383231681499,241.8334197998047,34888400
2022-10-05,239.0252719369114,243.48531136271737,237.18878424235803,242.14437866210938,20347100
2022-10-06,240.9103348181627,243.25210389130189,239.11272288342423,239.8026123046875,20239900
2022-10-07,234.07936404235068,234.4874855805171,226.56822859279998,227.60794067382812,37769600
2022-10-10,226.45161389079223,227.91885563531727,220.3105461386793,222.7592010498047,29743600
2022-10-11,221.17535850206903,222.5745899538486,217.76474295842993,219.02793884277344,30474000
2022-10-12,219.01822579092038,221.4085821373912,217.61900908089987,219.3583221435547,21903900
2022-10-13,213.6253670289897,229.4152788681851,212.92575128751184,227.60794067382812,42551800
2022-10-14,228.87113093564267,230.5230105633838,221.87498806713398,222.08876037597656,30198600
2022-10-17,229.1431876734247,232.1942836241064,228.48243294129364,230.8047637939453,28142300
2022-10-18,236.35313103627706,237.02358255454533,228.70594491704173,231.74732971191406,26329600
2022-10-19,230.32865767594038,232.82590014122383,227.65651868442322,229.78451538085938,19985700
2022-10-20,229.09462099466492,234.47775981300623,228.22009390223283,229.46385192871094,21811000
2022-10-21,228.09379217943177,236.1199207742884,227.86058198177213,235.26483154296875,26299700
2022-10-24,236.85839536600284,240.8228797300147,234.4680538752151,240.2495880126953,24911200
2022-10-25,240.25930485991768,243.93228026742986,238.86979966752605,243.56304931640625,34775500
2022-10-26,224.62482219919764,231.55295340898678,223.5462493233221,224.7705841064453,82543200
2022-10-27,224.49854760384136,227.07352693116061,219.38747955716596,220.33001708984375,40424600
2022-10-28,219.83445281769383,229.9011298424008,219.64982993170372,229.19178771972656,40647700
2022-10-31,227.14151774097857,228.26867807032616,224.605414413329,225.55767822265625,28357300
2022-11-01,227.95773173513913,229.06545410633566,220.89356446941574,221.70977783203125,30592300
2022-11-02,222.96327583397812,224.7511761173168,213.80997246609851,213.8682861328125,38407000
2022-11-03,213.85859335870933,214.16954032295408,207.92158505441284,208.18394470214844,36633900
2022-11-04,211.39047595404304,215.31608428144708,207.38711607311453,215.1217498779297,36789100
2022-11-07,215.70478029409642,221.9430084136209,215.01487607123818,221.4182891845703,33498000
2022-11-08,222.22476863616473,225.09124173650707,219.4457437895728,222.38995361328125,28192500
2022-11-09,220.93245233444006,222.1567873542891,217.97853059362552,218.15342712402344,27852900
2022-11-10,228.7642252711611,236.44056019136823,228.34640704745314,236.1004638671875,46268000
2022-11-11,236.1101955294159,240.9686298310699,235.0801950029828,240.11354064941406,34620200
2022-11-14,235.13854318875016,237.0041804552596,232.4372545066073,234.71099853515625,31123300
2022-11-15,238.7046221025726,240.00667907027895,233.2340197743407,235.1190948486328,31390100
2022-11-16,236.58069414702467,237.56487314144158,234.27131111867024,235.5478057861328,24093300
2022-11-17,231.6988319904281,237.02893923380267,231.5526741520921,235.49908447265625,23123500
2022-11-18,237.2822848010197,237.50641331153858,232.9168638897255,235.0508575439453,27613500
2022-11-21,235.2554806346632,238.41262379283273,235.02162809086872,235.85963439941406,26394700
2022-11-22,237.36019226066793,239.03620452132074,234.55385825211243,238.76336669921875,19665700
2022-11-23,238.8413830694947,241.93030944994973,238.02286939557064,241.2482147216797,19508500
2022-11-25,240.98510292788336,242.3395534122588,240.4199345063279,241.16050720214844,9200800
2022-11-28,239.78656581676748,240.34198047417644,234.64160171816698,235.57704162597656,24778200
2022-11-29,235.22625156300845,236.58070207820637,232.11784747654085,234.18362426757812,17956300
2022-11-30,234.41747063024718,248.79998080802568,233.72562221636355,248.61483764648438,47594200
2022-12-01,247.37732526853793,249.56978200844247,244.50277384992842,248.17636108398438,26041500
2022-12-02,243.43091661325036,249.51132049555534,243.304236576186,248.4979248046875,21528500
2022-12-05,245.56486981280182,247.32859177442447,241.71589355194266,243.80116271972656,23435300
2022-12-06,244.40534037511836,245.41873605992336,237.5453785123422,238.85110473632812,22463700
2022-12-07,238.568557750271,239.864545236555,236.0155681176871,238.1203155517578,20481500
2022-12-08,238.57827343420877,242.37854081110692,236.84379768747013,241.0727996826172,22611800
2022-12-09,238.44187570641893,241.9595517487918,237.91569256943419,239.14346313476562,20609700
2022-12-12,241.12153444706453,246.081355592582,240.84869655601585,246.0521240234375,30665100
2022-12-13,254.99733220148903,257.1703110963209,246.59779176063924,250.34933471679688,42196900
2022-12-14,250.55399840099744,255.87435255775398,247.80611173983112,250.64169311523438,35410900
2022-12-15,247.23118166191023,247.69890163014767,241.0143436570325,242.64163208007812,35560400
2022-12-16,242.19339565744826,243.45039767115878,237.28228413602537,238.43211364746094,86102000
2022-12-19,238.59777136210013,238.93882615281237,232.60506192023936,234.30055236816406,29696400
2022-12-20,233.27741342411088,236.69765578039272,232.32248078286008,235.6160430908203,25150800
2022-12-21,235.50887122029903,239.33835580645467,233.9692773438502,238.1787872314453,23690600
2022-12-22,235.08982055529697,235.80116166317555,227.88881885599957,232.0983428955078,28651700
2022-12-23,230.07156785961826,232.76097644811597,227.95706665386177,232.6245574951172,21207000
2022-12-27,232.59531655901404,232.81943021522733,229.79872070086748,230.8998260498047,16688600
2022-12-28,230.83158066876882,233.58920571685437,228.18114298539857,228.5319366455078,17457100
2022-12-29,229.6233318774667,235.73298309418124,229.6233318774667,234.84625244140625,19770700
2022-12-30,232.11785074167162,233.82309496882053,230.60748859534408,233.68667602539062,21938500
2023-01-03,236.86327747897744,239.46499095764855,231.32853465622566,233.45278930664062,25740000
2023-01-04,226.3395100790415,226.91441744415422,220.18114984436647,223.2408447265625,50623400
2023-01-05,221.3894046220388,221.7304593927792,216.0885291034545,216.6244659423828,39585600
2023-01-06,217.2968261609176,219.98623444144232,213.74018002094996,219.17745971679688,43613600
2023-01-09,220.6585688285959,225.3260735512424,220.6195983653601,221.31143188476562,27369800
2023-01-10,221.93507289887148,225.3942852499652,221.51607720978163,222.99720764160156,27033900
2023-01-11,225.37482869599023,229.91565431558936,225.19943927297896,229.74026489257812,28669300
2023-01-12,229.2432592016942,233.76459137721616,227.58673939319505,232.41014099121094,27269500
2023-01-13,230.93877604519966,233.24815904771603,228.91196981298216,233.1117401123047,21333300
2023-01-17,231.8839578305264,234.74877019615067,231.0264589269251,234.20309448242188,29831300
2023-01-18,235.39191965313583,236.1812017430098,229.49664379486572,229.7792205810547,30028700
2023-01-19,227.80113628343994,229.49664158993286,224.78041202749904,225.99844360351562,28623000
2023-01-20,228.85349649877787,234.58312126827647,228.5124417411465,234.076416015625,35389800
2023-01-23,234.9339381400993,238.89984125052814,233.5210096061912,236.37608337402344,31934000
2023-01-24,236.29812619619068,237.7110398533446,234.29081253406932,235.84988403320312,40234400
2023-01-25,228.48322009420318,237.07765762154605,224.9947760426561,234.45645141601562,66526600
2023-01-26,237.41871476554942,241.95954016253594,235.81091899256552,241.657470703125,33454500
2023-01-27,242.62214447980068,243.44065810829167,240.51738240492458,241.81336975097656,26498900
2023-01-30,238.25671541727394,239.31885025276583,236.00579544141553,236.5027618408203,25867400
2023-01-31,237.22382584140612,241.60873949787776,236.73661321290928,241.47232055664062,26541100
2023-02-01,241.65746031930018,248.65382642873757,239.19216564342997,246.28598022460938,31259900
2023-02-02,252.20079944287713,257.9206720160433,250.67094436562596,257.8329772949219,39940400
2023-02-03,252.9023510805395,257.4431765540325,250.52475096588475,251.74278259277344,29077300
2023-02-06,250.8560488043869,251.6940402792033,248.26407396693392,250.2031707763672,22518000
2023-02-07,253.86707506089127,261.89633168827555,253.42857168977852,260.71728515625,50841400
2023-02-08,266.2130108288476,269.681962608756,259.4017575821844,259.9084777832031,54686000
2023-02-09,266.79763305844943,266.9730522112078,256.0789548463012,256.87799072265625,42375100
2023-02-10,254.84148282080156,257.3360095553817,253.99373745030576,256.371337890625,25818500
2023-02-13,260.7951951195851,267.5771867135627,260.3177065131593,264.3810729980469,44630900
2023-02-14,265.69653266891055,267.93769873660716,262.3932169633668,265.2093200683594,37047900
2023-02-15,262.1126422431033,264.4668924311176,260.0221350925757,263.0895080566406,28922400
2023-02-16,257.91215337103114,260.5692301121678,255.84120219853648,256.0854187011719,29603600
2023-02-17,253.3892752747082,254.07306355868084,250.07768536596615,252.09002685546875,30000100
2023-02-21,248.59278583441184,249.5794297575967,245.7696444818725,246.8246612548828,28397400
2023-02-22,248.2118440405047,248.45606050673507,244.5485970470492,245.6915283203125,22491100
2023-02-23,249.6478466517071,250.89823380940385,244.68536609831472,248.87612915039062,29219100
2023-02-24,244.17741496448653,245.19334897539824,242.36044373441328,243.45452880859375,24990900
2023-02-27,246.61956672286158,246.9712390360351,243.62058131527203,244.37277221679688,21190000
2023-02-28,243.30799296891402,245.6720066203372,242.9758472398355,243.64988708496094,22491000
2023-03-01,244.9589030496448,245.12496847434377,240.10387803031043,240.57278442382812,27565300
2023-03-02,240.8462903940092,245.5840810609681,239.9280340639678,245.30079650878906,24808200
2023-03-03,246.35580375528275,249.70644650216622,245.57430808569026,249.3840789794922,30760100
2023-03-06,250.49771263487295,254.10235014838744,250.05812596620328,250.9275360107422,24109800
2023-03-07,250.37070236682902,251.7285601912726,247.5280341065123,248.27044677734375,21473200
2023-03-08,248.16298712568516,248.65142003720348,245.0077146908978,247.8308563232422,17340200
2023-03-09,249.90181841749686,253.5552870035151,245.7599020211808,246.4827880859375,26653400
2023-03-10,245.2714821705408,246.94191444562173,241.8719931478548,242.83908081054688,28333900
2023-03-13,241.67660681243697,251.94347649871762,240.04524262160942,248.0457763671875,33339700
2023-03-14,250.81036493833585,255.0304335401804,249.9409547271864,254.7569122314453,33620300
2023-03-15,253.96560644232494,260.3152347680269,253.21340062279128,259.2992858886719,46028000
2023-03-16,259.0745583407351,270.1619906139307,257.18921458978684,269.8103332519531,54768800
2023-03-17,271.8226599941095,276.77534645038565,269.92753814579834,272.965576171875,69527400
2023-03-20,270.5723025345954,271.06073543914164,263.60724454591366,265.93218994140625,43466600
2023-03-21,268.5208779306245,268.6380970576698,263.2848617004978,267.4463195800781,34558700
2023-03-22,267.07518229142465,274.53845350756507,265.883404472518,265.9908752441406,34873300
2023-03-23,271.5100935079119,274.55791015384574,268.8334906504202,271.236572265625,36610900
2023-03-24,270.82627422927686,274.1378637154936,268.9116255422268,274.0792541503906,28172000
2023-03-27,274.0108578776161,274.94864070171997,269.14605544409125,269.9861755371094,26840200
2023-03-28,269.40989660765126,269.75180568788846,265.7563973042853,268.86285400390625,21878600
2023-03-29,272.5065307325749,274.63612126718954,271.96926635776106,274.02069091796875,25087000
2023-03-30,277.65461829253616,277.8792783804837,274.9682369436602,277.478759765625,25053400
2023-03-31,277.1661475082968,282.57796264121714,276.45302473352956,281.6304016113281,32766000
2023-04-03,279.8916392622568,281.6011547846993,277.3811162661027,280.5852355957031,24883300
2023-04-04,280.58517709537364,283.73068619331156,279.0612688180202,280.53631591796875,25824300
2023-04-05,279.2371315346284,280.5070453166388,276.3749215198196,277.7620544433594,22064800
2023-04-06,276.6581468086852,285.32294143233264,275.50545235305464,284.85406494140625,29770300
2023-04-10,282.51936243851856,282.9003544272942,278.12346613985693,282.6952209472656,23103000
2023-04-11,279.1393873695439,279.3640772236538,275.1244834565677,276.28692626953125,27276600
2023-04-12,278.20164520430563,280.37028867291156,275.43709804068334,276.93170166015625,27403400
2023-04-13,277.02941440172174,283.1934362329106,276.61914739244156,283.13482666015625,24222700
2023-04-14,280.36050660414264,281.8062788337825,277.1270829372931,279.5204162597656,20987900
2023-04-17,283.22275986400075,284.8541392450977,279.53998567684334,282.118896484375,23836200
2023-04-18,284.82477404987856,285.01038094044696,280.37026829939435,281.69879150390625,20161800
2023-04-19,279.3738659883608,282.363073223057,277.9574283365994,281.7769775390625,17150300
2023-04-20,278.65105935285794,282.34361207574517,278.48497899617996,279.49114990234375,23244400
2023-04-21,278.4165205997633,279.64735118903843,276.51162043764214,279.149169921875,21676400
2023-04-24,275.564099605755,278.35795159650013,272.27206627525993,275.2514953613281,26611000
2023-04-25,273.04377855903545,275.08542457289633,268.9995397003019,269.04840087890625,45772200
2023-04-26,289.83608287187946,292.6396828327942,285.9579246128152,288.5368347167969,64599200
2023-04-27,289.1230569509434,298.1395416657845,288.4197121758665,297.778076171875,46462600
2023-04-28,296.9770107869876,301.78317430412875,296.2931927346846,300.1518249511719,36469600
2023-05-01,299.8685344351108,301.460830664017,298.0906312953761,298.49114990234375,21294100
2023-05-02,300.640245214825,302.02737803508757,296.8793057090036,298.3446044921875,26404400
2023-05-03,299.52661466140324,301.47056824435134,297.05514515019064,297.35797119140625,22360800
2023-05-04,299.15539003512066,300.640245214825,296.38109458301545,298.3446044921875,22519900
2023-05-05,298.6474372845863,304.7528490194279,297.2309698374708,303.46337890625,28197100
2023-05-08,302.9554464323352,303.02383420465094,299.0088995873121,301.5096740722656,21318600
2023-05-09,300.8746930349145,302.86750779057024,299.2237873018419,299.8978271484375,21340800
2023-05-10,301.48038400167883,305.7590619061941,300.55237917677385,305.08502197265625,30078000
2023-05-11,302.92610366423224,303.922496091225,299.17494240713177,302.93585205078125,31680200
2023-05-12,303.3656699936466,303.463362538451,299.50706787229524,301.8222351074219,19774700
2023-05-15,301.94927639928727,302.73075724835036,300.4741992492285,302.3009338378906,16336500
2023-05-16,302.66235026842685,306.452594750173,302.66235026842685,304.5281677246094,26730300
2023-05-17,305.73231876094286,307.82736596878567,304.21484884759707,307.4064025878906,24315000
2023-05-18,307.9253064598199,312.3406122958503,307.1323177228801,311.8315124511719,27276000
2023-05-19,310.08886536616376,312.05666755980644,309.7266396617467,311.6552734375,27546700
2023-05-22,311.90982815472574,315.8160338813464,311.33222095812204,314.4356384277344,24115700
2023-05-23,313.3098099504378,315.94332604860966,308.63018455651456,308.6399841308594,30797200
2023-05-24,308.1211084957931,309.8539301457172,306.0456005180939,307.25958251953125,23384900
2023-05-25,316.4523646988683,320.03551297467794,313.28041010709336,319.07611083984375,43301700
2023-05-26,317.2160130284429,326.39905065575283,317.0789683726066,325.8997802734375,36630600
2023-05-30,328.19060914102903,328.68987947656177,323.579491610932,324.2550048828125,29503100
2023-05-31,325.31242368593024,328.88577326121145,320.45655463188933,321.49432373046875,45950600
2023-06-01,319.08592941453026,326.52634626965755,317.90134604784606,325.5962829589844,26773900
2023-06-02,327.2312100565703,330.41296452982044,325.56689576601605,328.3570556640625,25873800
2023-06-05,328.18082951193753,331.4506903935802,327.6325911531441,328.8857116699219,21307100
2023-06-06,328.2885029579965,328.32767137670015,325.19488504565373,326.67315673828125,20396200
2023-06-07,324.6858396601391,327.4662003191764,315.72798196124086,316.5895080566406,40717100
2023-06-08,317.1377037070702,319.7810193360927,316.5600964884988,318.42999267578125,23277700
2023-06-09,318.16563610626434,323.0606428090371,317.59782847451265,319.9278564453125,22529000
2023-06-12,321.6802383812358,325.1263421252022,318.3320706206992,324.881591796875,24260300
2023-06-13,327.44659882342825,329.90390189326365,323.4522862648796,327.2703857421875,22951300
2023-06-14,327.31937353377026,331.92069275389673,325.821502362411,330.2563781738281,26003800
2023-06-15,330.393414820895,342.4938582086499,330.1192956143464,340.7904052734375,38899100
2023-06-16,343.94278354537636,344.08962778195877,334.769545086919,335.14154052734375,46552000
2023-06-20,332.1849367263642,334.89675963715365,328.8073702091856,330.9513854980469,26375400
2023-06-21,329.30668603957923,330.6381434386612,325.0969920993696,326.5556945800781,25117800
2023-06-22,327.1039541755478,332.9779627764546,326.34033425250004,332.5765686035156,23556800
2023-06-23,327.33887140406574,330.86328217867896,326.44800648245837,327.9850158691406,23146900
2023-06-26,326.71231091411966,329.0521084557262,321.5921234240104,321.6998291015625,21520600
2023-06-27,324.89134914186997,329.0912729817788,322.3851082652234,327.5444641113281,24354100
2023-06-28,327.63259343214776,330.8828850652817,326.80043631423547,328.797607421875,20259500
2023-06-29,327.6815474089493,329.05214338180554,325.6354380857654,328.014404296875,16997000
2023-06-30,330.65770749403055,335.5331449952425,330.11926869973666,333.3891296386719,26832800
2023-07-03,332.067483294419,333.7415673029559,329.5025044373006,330.8926696777344,12508700
2023-07-05,328.05357452169636,334.4758212956056,327.701148359632,331.04931640625,18172400
2023-07-06,330.21712344596347,335.78764318092107,328.4549330731704,334.103759765625,28161200
2023-07-07,332.1947331986414,334.6128676404688,329.92344297863576,330.1388244628906,21214800
2023-07-10,327.5738215556575,328.1905971184104,320.71101328852956,324.8619689941406,32791400
2023-07-11,324.10822129809816,325.8704119772488,320.13347775646093,325.4886169433594,26698200
2023-07-12,329.53188638120173,334.4758316380157,328.62142222429776,330.1192932128906,29995300
2023-07-13,332.42968950843436,336.52190790090776,331.9010204242932,335.464599609375,20567200
2023-07-14,340.2910151842862,344.0503761149572,337.0798925220415,337.9903564453125,28352700
2023-07-17,338.42121632729265,339.70370584522345,335.01431037964596,338.4701843261719,20363900
2023-07-18,338.56805969742885,359.0781521098167,334.98494066726425,351.94122314453125,64738600
2023-07-19,354.15373131724334,354.84881389642584,345.0392313202001,347.623779296875,39732900
2023-07-20,346.14547130032105,350.45307072749904,338.1176492812762,339.5861511230469,33778400
2023-07-21,341.81830135851885,342.9441468894957,332.694001980304,336.55126953125,69405400
2023-07-24,338.5876099496475,339.63514852458513,335.1219369374352,337.8631286621094,26678100
2023-07-25,339.8211939588815,344.500849777994,337.82405242404576,343.6099548339844,41637700
2023-07-26,334.2702247265649,337.43240985586726,326.11512671611416,330.6772766113281,58383700
2023-07-27,333.3304552195366,334.16258262744316,322.1404449068157,323.775390625,39635300
2023-07-28,326.66339057868936,332.8702554950669,326.1738899082172,331.2646789550781,28484900
2023-07-31,329.8451818704879,330.60880180685933,326.3599092198598,328.8661804199219,25446000
2023-08-01,328.15143723260553,331.4310974539715,326.6927349046381,329.27728271484375,18311900
2023-08-02,326.62417644748024,326.62417644748024,319.5068185737911,320.6228942871094,27761300
2023-08-03,319.1544840968255,322.95301463874944,319.1055459732793,319.8006286621094,18253700
2023-08-04,324.9110375542309,328.1025921516829,320.36845604431744,320.8971252441406,23741500
2023-08-07,321.4746782634423,324.15713248319014,320.64252111536877,323.1781311035156,17741500
2023-08-08,320.094294531756,321.84671543145896,316.21745729083267,319.2033996582031,22327600
2023-08-09,319.6146411443904,320.2411866081632,314.3084395325247,315.46368408203125,22373300
2023-08-10,319.1740366258562,321.3670201533067,314.4356732724542,316.14892578125,20113700
2023-08-11,313.53497507772255,315.63982195899507,312.50700575657817,314.26922607421875,24355500
2023-08-14,314.64127845171237,317.25519549333154,313.3587591141242,317.2356262207031,18836100
2023-08-15,316.2174247167932,318.26353387975075,314.1615159801267,315.1013488769531,16966300
2023-08-16,314.72857479436016,318.2800883607637,313.7475006460735,314.3361511230469,20698900
2023-08-17,314.47348610040007,315.77830142047725,310.2254186741254,310.88275146484375,21257200
2023-08-18,308.5379985359399,312.3543913343559,305.653638152049,310.4903564453125,24755000
2023-08-21,311.91289216820854,316.6612873829202,311.03975175794454,315.78814697265625,24040000
2023-08-22,319.3396824869546,319.9086924034953,315.3761339585984,316.3572082519531,16084600
2023-08-23,317.69144015108157,322.96962389693414,317.33823788637403,320.8112487792969,21166400
2023-08-24,326.55054687218063,326.6780913060097,313.9044863180203,313.914306640625,23281400
2023-08-25,315.38590853898717,319.20227141780845,312.76642738205277,316.8673400878906,21684100
2023-08-28,319.4966275172615,319.97734429438725,315.63119277463596,317.57373046875,14808500
2023-08-29,315.78810695872727,322.75373841396754,315.78810695872727,322.19451904296875,19284600
2023-08-30,322.44962819676334,323.5680370692741,320.2716425608164,322.5673522949219,15222100
2023-08-31,322.9696033369281,324.64723165247267,320.5953908586677,321.5568542480469,26411000
2023-09-01,325.03962896571977,325.70675210919285,320.5953648828727,322.4397888183594,14942000
2023-09-05,322.77336861557694,328.512657905709,322.4398070250058,327.23724365234375,18553900
2023-09-06,327.0704931119819,328.13003998213503,323.9310439692956,326.5799560546875,17535800
2023-09-07,325.02005529596454,326.77615642313435,322.8028181923794,323.6661682128906,18381000
2023-09-08,323.8428418211028,329.79797055435205,323.22476016496466,327.9437255859375,19530100
2023-09-11,330.85742559530763,332.01511580762883,329.08168383895804,331.544189453125,16583300
2023-09-12,329.46433515175244,330.41597829482106,325.2064768442106,325.490966796875,17565500
2023-09-13,325.0396960586879,330.4748555977099,324.90236123727334,329.6997985839844,16544400
2023-09-14,332.7312602833099,334.4088885367708,330.2001023910707,332.289794921875,20267000
2023-09-15,330.54351516502703,331.0144115945299,323.4110869464427,323.9703063964844,37679800
2023-09-18,321.59608191122635,324.14688059021836,320.1833327948617,322.8322448730469,16834200
2023-09-19,319.9970389637225,323.1560996181835,318.3684519242164,322.4300842285156,16505900
2023-09-20,323.27376651009695,323.35223927183466,314.44409878418986,314.69915771484375,21436500
2023-09-21,313.2177867362956,319.1925255568155,309.0384006890308,313.482666015625,35560400
2023-09-22,315.23877291658,315.3663173545135,310.166606068044,311.0103454589844,21447900
2023-09-25,310.59827150671464,311.6578483890655,309.0383671510389,311.5303039550781,17836000
2023-09-26,309.1658540685337,309.90165956772006,304.152550365276,306.2324523925781,26297600
2023-09-27,306.3894315511619,308.3515797645924,303.82884250383796,306.87017822265625,19410100
2023-09-28,305.1042614505791,309.50930504825243,303.59342871178666,307.7041320800781,19683600
2023-09-29,311.73634897747024,313.4237979177654,309.0187840307204,309.7742004394531,24147300
2023-10-02,310.29416711870357,315.7980093102941,309.2149794399593,315.7096862792969,20570000
2023-10-03,314.75799567015525,315.3074247202829,305.320067458415,307.4588317871094,21033500
2023-10-04,308.0867125300766,313.9829777218184,308.0572815033295,312.92340087890625,20720100
2023-10-05,313.05094717371253,313.92411753909374,308.94024408682094,313.3158264160156,16965600
2023-10-06,310.5589896881692,322.9597804960645,310.31372116687385,321.0663146972656,25673600
2023-10-09,318.60385781984473,324.0488078481523,317.063564085275,323.5779113769531,19891200
2023-10-10,324.6963258646944,324.83369063109717,321.46861313435045,322.17498779296875,20557100
2023-10-11,324.94157131039,326.5211163115986,322.9107705088474,326.1286926269531,20063200
2023-10-12,324.313686937738,327.3157714229003,322.4986937835042,324.89251708984375,19313100
2023-10-13,326.08945496838265,327.5119946274533,320.1833689854534,321.5274658203125,21072400
2023-10-16,324.78457872571454,329.7782723940854,324.34311333126567,326.3445129394531,22158000
2023-10-17,323.3522278123477,327.1489800095309,321.2134933356926,325.7754821777344,18338500
2023-10-18,326.1973269355328,329.2386627175147,322.0866239478229,323.86236572265625,23153600
2023-10-19,325.86374730098373,330.50423844384994,324.6472250314816,325.0494689941406,25052100
2023-10-20,325.441930986154,325.6381577998448,319.29060660305254,320.4875183105469,25027700
2023-10-23,319.31019990102027,326.4328077015871,318.25065300887303,323.08734130859375,24374700
2023-10-24,325.02989150210226,325.5596799875635,321.39993469137573,324.27447509765625,31153600
2023-10-25,338.4901826566504,339.64787287454516,331.2302401447983,334.2225341796875,55053800
2023-10-26,334.0949363561721,335.1643033850039,320.75232444689266,321.6843566894531,37828500
2023-10-27,324.1763153652428,330.3472799837888,322.1847360926127,323.56805419921875,29856500
2023-10-30,327.09996393650596,333.02566069281073,325.54984988044805,330.9261474609375,22828100
2023-10-31,332.4369832511366,332.5841383863149,328.355711175483,331.7109680175781,20265300
2023-11-01,333.35918048886424,340.8447807446002,333.2218157421507,339.52032470703125,28158800
2023-11-02,340.6682062676254,342.22811070154637,338.2449517203371,341.727783203125,24348100
2023-11-03,343.01296696867126,347.6828896003234,340.75647841286957,346.1229553222656,23637700
2023-11-06,346.7606838240873,350.7732736613575,346.66257041725754,349.7823791503906,23828300
2023-11-07,352.5980160280282,355.60010029773895,350.86152569633424,353.7066345214844,25833900
2023-11-08,354.8348894957631,356.9834442680157,353.7262709217689,356.3261413574219,26767800
2023-11-09,355.4431318616368,357.88602671202375,353.53984572631765,353.8636169433594,24847300
2023-11-10,354.64849649105355,363.09556076737016,354.236462100994,362.6737060546875,28042100
2023-11-13,361.2510968326077,361.49636535118015,358.9749977946541,359.740234375,19986500
2023-11-14,363.9882832033251,364.91049518103034,360.39754868289896,363.26226806640625,27683900
2023-11-15,364.99251089097083,366.8111878331865,360.89311508068755,363.4097900390625,26860100
2023-11-16,364.6779209606421,369.97665770103697,363.91113117269197,369.7997131347656,27182300
2023-11-17,367.2830979816267,368.0302373841038,360.7850492336775,363.5867919921875,40157000
2023-11-20,364.9335496074717,372.45399413615905,364.7172740131472,371.0482177734375,52465100
2023-11-21,369.30823463589167,369.8489086679745,364.8352685492538,366.75225830078125,28423100
2023-11-22,371.598747765699,373.3584433577172,368.6200605907828,371.4512939453125,23345300
2023-11-24,370.9400480571713,371.56922430315524,368.7871624674301,371.0383605957031,10176600
2023-11-27,370.3993982063347,374.19404643508545,369.82923344697656,372.1983947753906,22179200
2023-11-28,371.9427759977799,376.51402381152496,371.7559911838167,376.2191162109375,20453100
2023-11-29,377.2611498870986,377.79198354961045,371.04816997841607,372.4342956542969,28963400
2023-11-30,372.0804159794598,373.6533266294802,369.1115692531181,372.4933166503906,30554400
2023-12-01,370.3796825127047,371.7559678971917,365.0219647650427,368.16778564453125,33040500
2023-12-04,362.84943241289693,363.26230306598103,356.75441514637487,362.8887634277344,32063300
2023-12-05,360.24430304947185,366.76200100247496,359.4283420231669,366.21148681640625,23065000
2023-12-06,367.214285660699,367.84343196383037,361.79758529719794,362.5545349121094,21182100
2023-12-07,361.99418225567007,365.15965403682253,360.11652374565716,364.6681213378906,23118900
2023-12-08,362.94776032697274,368.11866396815253,361.99418568198814,367.892578125,20154400
2023-12-11,362.2399548445349,365.30711413857625,359.90025435719485,365.0121765136719,27708800
2023-12-12,364.56981930802976,368.07937007976545,364.1864093914376,368.0400390625,24838300
2023-12-13,369.6522031111794,371.24479409698984,364.49111028889564,368.0301513671875,30955500
2023-12-14,366.98815141610726,367.430542857679,357.9636180145618,359.7331237792969,43277500
2023-12-15,360.6375749421143,366.09357631955413,360.07722042205063,364.4518737792969,78502300
2023-12-18,363.1934730778045,366.68334275789977,362.43649362550525,366.3392639160156,21802900
2023-12-19,365.19895042864266,366.9389953613281,363.5768985428581,366.9389953613281,20603700
2023-12-20,368.6495201604417,369.662076309118,364.2552166800982,364.34368896484375,26316700
2023-12-21,366.25081857048275,368.06949543921024,363.77350472816454,367.2142333984375,17708000
2023-12-22,367.35188041938636,368.8264785553031,366.3983057581292,368.23663330078125,17107500
2023-12-26,368.6494546365646,370.55660354861266,367.1748568180184,368.3152160644531,12673100
2023-12-27,367.3617208659254,368.7085156973093,366.4966184922779,367.73529052734375,14905400
2023-12-28,369.01327697882084,370.0848147302982,367.82377617224904,368.9248046875,14327000
2023-12-29,369.6326050173838,370.77296452657316,367.1552909116957,369.67193603515625,18730800
2024-01-02,367.5288028618132,369.5342646061022,360.55887302589025,364.5894470214844,25258600
2024-01-03,362.76093490456435,366.9389624174864,362.2694022559853,364.3240051269531,23083500
2024-01-04,364.3929166857035,366.78175874623196,360.9521872978416,361.7091369628906,20901500
2024-01-05,362.72164936252017,365.7593179114421,360.29347657411785,361.5223083496094,21004600
2024-01-08,363.0460204620728,368.84613000704053,362.7609531121448,368.3447570800781,23134000
2024-01-09,365.7101313148608,369.6227120026067,364.90401056986224,369.4261169433594,20830000
2024-01-10,369.9963507804977,377.66427954305703,369.9472095066928,376.2879638671875,25514200
2024-01-11,379.4632498955057,384.063988833949,373.9384270676175,378.116455078125,27850800
2024-01-12,378.9619030381072,382.0978843256019,378.13613163335935,381.8914489746094,21661200
2024-01-16,386.9935560466254,387.3572854699558,381.0558322148753,383.66094970703125,27202300
2024-01-17,381.40975376136174,383.5036580222972,378.29342300551,382.87451171875,22234100
2024-01-18,385.0863666336801,387.317914215752,383.51345604684644,387.199951171875,23392100
2024-01-19,389.05794692680297,391.9186706542969,386.83620966747424,391.9186706542969,29331100
2024-01-22,393.24576581207174,393.83561098518595,386.9246632087036,389.79522705078125,27016900
2024-01-23,389.04812543344485,392.61665757487873,387.2589392356876,392.144775390625,20525900
2024-01-24,394.7400515217606,398.7607850247389,393.6685139379053,395.7427673339844,24867000
2024-01-25,397.4729979213706,400.11744616888006,395.71330250742477,398.013671875,21021200
2024-01-26,397.52212023438454,399.2916558179086,395.61497110591324,397.0895690917969,17803300
2024-01-29,399.18350198201716,403.037131241998,397.4827881758261,402.7815246582031,24510200
2024-01-30,405.27854800251134,406.05514806143475,399.56694047651416,401.6706848144531,33477600
2024-01-31,400.06826467616,408.2867065664151,390.48337755581736,390.84710693359375,47871100
2024-02-01,395.02520991740664,401.0907374562422,394.9957191514484,396.94219970703125,30657700
2024-02-02,396.9716161967069,405.66191028214797,396.7258498594463,404.2561340332031,28256700
2024-02-05,402.95851515251775,404.19718719885634,397.14859484100157,398.7804870605469,25352300
2024-02-06,399.0066093885159,401.0612125775962,396.08690380386986,398.6231994628906,18382600
2024-02-07,400.54016025565755,407.28397435246177,400.5008292402968,407.0382080078125,22340500
2024-02-08,407.03815593606345,408.52259406809105,405.54390755203156,407.0971374511719,21225300
2024-02-09,408.217866487787,413.69354741786265,408.06057243943894,413.4281005859375,22032800
2024-02-12,413.43795646301396,413.6149010238027,407.7263492449608,408.22772216796875,21202900
2024-02-13,398.08248245796057,403.1256124684785,396.55874317637694,399.4391174316406,27824900
2024-02-14,401.9013482236895,403.6445808998677,398.454256564083,403.29986572265625,20401200
2024-02-15,401.97028650604454,402.94531135993617,398.17847977076707,400.4141540527344,21825500
2024-02-16,401.7929735865366,402.11800189970467,397.3413119912312,397.9519348144531,22296500
2024-02-20,397.1443513475326,398.3754555316585,391.99343067715284,396.701171875,24307900
2024-02-21,394.12080761512743,396.2087556364425,391.2153895315718,396.10040283203125,18518900
2024-02-22,403.9893247437461,406.5894012936675,402.3938184427991,405.42724609375,27009900
2024-02-23,409.3864380168882,409.57353818458586,402.7877081506477,404.1369934082031,16295900
2024-02-26,405.24008986741234,405.92952022656453,401.2020621700657,401.3793640136719,16193500
2024-02-27,401.82255205730473,402.14758039730725,397.74515057992284,401.3202819824219,14835800
2024-02-28,402.00967855020446,403.1127430930959,399.1929265964819,401.556640625,13183100
2024-02-29,402.4627294555139,407.93867824413843,399.7838456551883,407.38714599609375,31947300
2024-03-01,405.05298754832427,409.5834572269849,404.6688986492537,409.21905517578125,17823400
2024-03-04,407.19021932775195,411.0411172557343,406.0871546636639,408.6478576660156,17596000
2024-03-05,407.7022908884421,407.9879154671031,394.58366790374333,396.5632629394531,26919200
2024-03-06,396.87845143918287,399.03534841652714,392.3676988449284,396.0117492675781,22344100
2024-03-07,399.98080286179095,403.5854793634372,396.159450830879,402.9551696777344,18718500
2024-03-08,401.79297194630584,404.21580644025056,398.2178408535662,400.07928466796875,18002200
2024-03-11,397.65650787745375,399.5474670630361,395.19429952187465,398.4049987792969,16120800
2024-03-12,401.4581399062547,409.28797443620516,400.64069996356216,409.0023498535156,22457000
2024-03-13,411.7796924719957,411.8584699071754,405.2302248765396,408.8250427246094,17115900
2024-03-14,413.88738417925487,421.3528170705886,411.6713965625505,418.7921142578125,34157300
2024-03-15,412.9517630950902,416.2117246963819,406.55002108975805,410.1251525878906,45079900
2024-03-18,407.98793648172665,414.3699915467621,407.52504009505543,411.01153564453125,20106000
2024-03-19,411.5137738248201,415.295752126201,409.2682411150174,415.0396728515625,19837900
2024-03-20,415.6207267192323,419.5208559286198,414.3009867861631,418.8019104003906,17860100
2024-03-21,423.3323713938263,424.3074262893576,420.7027498405441,422.87933349609375,21296200
2024-03-22,423.2043902779049,423.36194516542855,419.62925888508494,422.2588806152344,17648500
2024-03-25,418.81180070101897,420.94901086959675,415.23666920718586,416.4677734375,18060500
2024-03-26,419.17616089060704,419.55042134825453,414.98057853086766,415.2760314941406,16725600
2024-03-27,418.02386500319915,418.0337234540762,412.67595596490696,415.0593566894531,16705000
2024-03-28,414.5964697982947,415.4927172172239,412.78428811448583,414.360107421875,21871200
2024-04-01,417.5412936572551,421.42173632509054,415.8374347010724,418.15191650390625,16316000
2024-04-02,413.7593326884334,415.9950371448598,411.52365828826186,415.0692443847656,17912000
2024-04-03,413.3850905644336,416.8617275140834,412.75475080677563,414.0942077636719,16502300
2024-04-04,418.56558637813976,422.18998013142357,411.25776838460877,411.5630798339844,19370900
2024-04-05,413.6608680769513,420.0626098925823,411.99641280038685,419.0875549316406,16554800
2024-04-08,418.7429106107527,420.8210002679611,416.9011533078201,418.1716613769531,14272400
2024-04-09,419.9936750369666,421.2740114208572,415.246529885916,419.8360900878906,12496900
2024-04-10,415.80789248455,417.6200741918698,413.3555426286193,416.8617248535156,16216600
2024-04-11,419.3830008173104,422.8793243997448,415.9752830660833,421.4610900878906,17966400
2024-04-12,417.6397403424306,418.7526632511182,413.42444113170603,415.5222473144531,19253800
2024-04-15,420.15122525352587,420.36790078356154,407.18029886088704,407.38714599609375,20273500
2024-04-16,408.30312936766086,412.0752196666805,407.47583089609077,408.3129577636719,16765600
2024-04-17,410.9425408996239,412.5479054250206,404.1271355046504,405.61431884765625,15855500
2024-04-18,404.42265672373026,405.6636193685748,397.843643128254,398.1587829589844,21029900
2024-04-19,397.922389385747,399.35048216055003,391.7570104509112,393.08660888671875,30565800
2024-04-22,394.0321015888098,396.7602475945419,389.76757007965125,394.8988037109375,20286900
2024-04-23,398.1292267170022,402.0293863346637,396.9670716039761,401.4089050292969,15734500
2024-04-24,403.36878440202247,406.2347982871372,400.6308101493401,402.8763427734375,15065300
2024-04-25,388.0735680343126,393.8449998393028,382.16426819567243,393.0078430175781,40586500
2024-04-26,405.93933785210214,406.7567777157392,399.62623268322636,400.1777648925781,29694700
2024-04-29,399.1239921991836,400.1778246357648,393.1556012841848,396.1693420410156,19582100
2024-04-30,395.4207954000411,396.0806804506466,383.2870557136592,383.4446105957031,28781400
2024-05-01,386.6750838390716,395.6473878593601,384.40986388579233,388.9698791503906,23562500
2024-05-02,391.6486864760746,393.88436068854867,388.68417820234623,391.8259582519531,17709400
2024-05-03,396.19881055586524,400.9951869074052,395.7851463891385,400.5126037597656,17446700
2024-05-06,402.58092459776026,407.67275464571117,400.22703898277103,407.2886657714844,16996600
2024-05-07,408.3917474588945,408.4016059107325,402.9059397986261,403.15216064453125,20018200
2024-05-08,401.9998461853561,405.9984701419799,400.56189486819255,404.3340148925781,11792300
2024-05-09,404.3635513602943,406.48104448418644,402.91577167959764,406.08709716796875,14689700
2024-05-10,406.6977419727187,409.1008598045123,405.5749605018169,408.47052001953125,13402300
2024-05-13,411.6910695528216,412.02592626132173,404.6097563640546,407.4659118652344,15440200
2024-05-14,405.79162172220066,411.1789347782618,405.3287253515243,410.26300048828125,15109300
2024-05-15,412.3250840833171,418.1562465444383,411.7034836524185,417.43597412109375,22239500
2024-05-16,416.1730933998144,419.7448271840896,414.74245474989345,415.3739013671875,17530100
2024-05-17,416.90321260748334,417.27814812423264,412.45336756995647,414.6042785644531,15352200
2024-05-20,414.6043237478942,421.0768099021397,414.3872573782501,419.6658935546875,16272100
2024-05-21,421.13598848639515,427.1940941013643,419.1824213563369,423.3165283203125,21453300
2024-05-22,424.35250743086516,426.6415653807663,421.43200286988593,424.7767639160156,18073700
2024-05-23,427.19410176133954,427.81570226312846,419.7448321943187,421.3037414550781,17211700
2024-05-24,421.4912194128948,425.3095881756072,418.7483062624099,424.4216003417969,11855300
2024-05-28,423.8986700778892,425.07279769134385,420.9090919797955,424.5794677734375,15718000
2024-05-29,420.0111765352336,425.19114003957617,420.0111765352336,423.44476318359375,15517100
2024-05-30,418.63969103885734,418.63969103885734,408.7138970465268,409.13818359375,28394500
2024-05-31,411.19045552886206,411.19045552886206,399.1137496856911,409.5920715332031,47995300
2024-06-03,409.98670515974976,410.8746928703061,403.46489897631534,408.0035095214844,17484700
2024-06-04,406.92804504027714,410.8845599967463,404.21473091731406,410.5195007324219,14348900
2024-06-05,412.23633479956106,418.42268099839066,410.746468843911,418.3536376953125,16988000
2024-06-06,418.35360501475236,419.6362506295676,414.9693392305099,418.8567810058594,14861300
2024-06-07,420.51442686018504,420.59334639709124,417.3571033955117,418.1957702636719,13621700
2024-06-10,419.0344450692757,422.3693300275411,418.2352530096641,422.1621398925781,13982900
2024-06-11,419.8040264249776,427.04610581067664,419.57708382911113,426.907958984375,14551100
2024-06-12,429.51273012432705,437.4849276655188,427.47033721280536,435.1761474609375,22366200
2024-06-13,434.9689666213265,437.4750908737884,433.508699318619,435.689208984375,15960600
2024-06-14,432.4332066172717,437.22838835578773,430.8940199136651,436.6659851074219,13582000
2024-06-17,436.68574902549324,444.92436422206765,434.84070005199675,442.3886413574219,20790000
2024-06-18,443.7107502283828,444.1350368072149,438.95507309068336,440.3857116699219,17112500
2024-06-20,440.3462747944722,440.5732173975681,435.383377000911,439.7543029785156,19877400
2024-06-21,441.4118686798834,444.569161991758,440.5534794666223,443.77984619140625,34187100
2024-06-24,443.7995580906483,446.71021649298933,440.45479708566984,441.697998046875,15913700
2024-06-25,442.27024120018433,445.3979659147229,440.7902515475345,444.9342346191406,16413400
2024-06-26,443.0102641137892,447.5489053584295,442.2110720595261,446.12811279296875,16507000
2024-06-27,446.1478236075156,450.08461670642896,445.74328947401983,446.80889892578125,14806300
2024-06-28,447.02593208902044,449.305113661538,440.45477465939115,440.9875793457031,28362300
2024-07-01,442.6747641221356,451.2685620568994,439.71478489170136,450.6371154785156,17662800
2024-07-02,447.15425853449676,453.4589993533835,447.06543265029325,453.15313720703125,13979800
2024-07-03,452.07766091834213,454.86989493305913,451.7717987859675,454.62322998046875,9932800
2024-07-05,453.4786447544731,462.1020709028193,452.8471982115864,461.3226013183594,16000300
2024-07-08,460.3261258064599,461.4608086849496,458.26401040115894,460.020263671875,12962300
2024-07-09,460.77007986409006,461.09566431646033,451.89014256478214,453.40960693359375,17207200
2024-07-10,455.0672233776237,460.2373109717691,452.73869064735504,460.0301208496094,18196100
2024-07-11,456.8037270511313,458.5797024992354,445.526183591136,448.6341857910156,23111200
2024-07-12,448.2691662493938,450.2720845844748,444.6382651481434,447.49957275390625,16324300
2024-07-15,447.2528536845848,451.1600479833261,445.40780476541227,447.904052734375,14429400
2024-07-16,448.1606286695201,448.23954820722287,440.7014827721708,443.5233154296875,17175700
2024-07-17,436.68574615539535,438.9156068819966,433.3212327097638,437.60333251953125,21778000
2024-07-18,438.4124018485707,438.71826397070777,428.6050012530057,434.495361328125,20794800
2024-07-19,427.3223538949878,435.2551069043024,426.23702212212055,431.2788391113281,20940400
2024-07-22,435.89641421757136,438.6689256733767,433.05482935357276,437.03106689453125,15808800
2024-07-23,437.9782800404941,442.40840302613475,437.1889642431626,438.9156188964844,13107100
2024-07-24,434.5743138131604,435.5905721860423,421.88585333621705,423.1783752441406,26805800
2024-07-25,423.0797067418699,424.066366533815,411.94033937034624,412.8184509277344,29943800
2024-07-26,412.6211098546519,423.19810333197387,411.7034934246348,419.5967712402344,23583800
2024-07-29,425.8226295279651,426.3850328487882,419.0344352964457,421.037353515625,15125800
2024-07-30,422.0141226280364,423.32636688783225,411.7923116419938,417.2781677246094,32687600
2024-07-31,414.8904777498154,416.15340118634725,406.71105894897664,412.7691650390625,42891400
2024-08-01,415.1765852410534,421.7575892383458,407.57929274476925,411.545654296875,30296400
2024-08-02,406.98725777167675,409.46378330120876,398.9459870855653,403.0406188964844,29437900
2024-08-05,383.9783949357412,395.6900415573509,380.43625987349014,389.87860107421875,40709200
2024-08-06,394.6639255499671,400.2582999432438,393.18393582915473,394.27911376953125,24946500
2024-08-07,403.1886240913476,404.6093863218842,392.1676222717273,393.11480712890625,20650900
2024-08-08,397.0713282414451,400.4456875209913,394.60467901527096,397.3179931640625,20203000
2024-08-09,398.6401637815713,402.60652539742165,396.8937867490897,400.6036071777344,19276700
2024-08-12,401.6297215819056,403.30705522680034,398.84733381774834,401.383056640625,16762900
2024-08-13,404.1259503092639,409.4144620555377,404.10622795467,408.48699951171875,19414300
2024-08-14,409.26643361174075,412.1474931990996,406.94780739323824,411.2989501953125,18267000
2024-08-15,414.94631960204117,416.2411711538097,412.8310776655769,416.162109375,20752100
2024-08-16,415.73709195319884,416.46852653153576,412.4752279591184,413.6317138671875,22775600
2024-08-19,414.11601787893187,416.87376862371895,411.64492262923585,416.65631103515625,15234000
2024-08-20,416.82438511571235,420.93626132598814,416.7650812391523,419.8885192871094,16387600
2024-08-21,419.17681098270833,421.46999458583696,416.8441115746798,419.23614501953125,16067300
2024-08-22,419.45359039351575,421.8555179747642,409.8163186254232,410.7454528808594,19361900
2024-08-23,412.15893602611095,414.41257372157986,407.32545916499066,411.97113037109375,18493800
2024-08-26,411.55599630876077,412.4554786638681,406.58415351672016,408.70928955078125,13152800
2024-08-27,408.0865261332207,409.5691832347041,405.5067172557128,409.0552062988281,13492900
2024-08-28,410.08323636580656,410.2018441208808,402.6007521142328,405.85272216796875,14882700
2024-08-29,410.14253158113485,417.17031240351145,405.85271359636084,408.34356689453125,17045200
2024-08-30,410.7948745382869,412.663006834999,407.36499317358016,412.31707763671875,24308300
2024-09-03,413.0781880012741,415.02541234976394,402.32397617802485,404.70611572265625,20313600
2024-09-04,401.2169427939581,406.4853049884444,399.6947395600007,404.17236328125,15135800
2024-09-05,402.9071267784607,408.3237783354607,401.4343636867301,403.6682434082031,14195500
2024-09-06,404.33049307771034,405.9021060614487,396.165984591682,397.05560302734375,19609500
2024-09-09,402.5315288470681,403.9252302108811,397.5003824546475,401.02911376953125,15295100
2024-09-10,403.48044319629906,411.51641958523567,402.9862241478787,409.41107177734375,19594300
2024-09-11,410.6960329818373,419.0878628478116,404.8444661227044,418.14886474609375,19266900
2024-09-12,418.415740735589,422.42879711427406,414.89690341994134,422.0630798339844,17395700
2024-09-13,420.9065970976519,426.83722589839596,420.5408798146308,425.611572265625,15874600
2024-09-16,425.6214706998335,428.517587221267,423.2689830915265,426.3529052734375,13834700
2024-09-17,435.14008704209306,436.7413518325633,427.27209856425577,430.1188049316406,18874200
2024-09-18,429.9705988234429,430.9886889198146,425.43367129700556,425.82904052734375,18898000
2024-09-19,436.1285918792357,436.3954593302787,431.84863763952944,433.6179504394531,21706600
2024-09-20,432.1649237095232,434.1615578880838,429.1996092968504,430.2374572753906,55167100
2024-09-23,429.25888919848313,431.41367697848,425.4138807437856,428.497802734375,15128900
2024-09-24,427.9937125983331,428.33967197864655,421.1734954974966,424.2080078125,17015800
2024-09-25,424.8603454388432,428.1123153119531,423.61493391499886,427.1139831542969,13396400
2024-09-26,430.0595370663028,430.2671006249204,424.1684543301705,426.3232421875,14492000
2024-09-27,426.5308226116947,426.85702409572957,422.52766014209345,423.0712890625,14896100
2024-09-30,423.25911892558076,425.4435890958682,420.451958019216,425.324951171875,16807300
2024-10-01,423.49633953955015,423.52599147760804,413.9677812470877,415.8260498046875,19092900
2024-10-02,417.6941594936009,417.93140514988795,411.89203266645677,412.30718994140625,16582300
2024-10-03,412.80142348929195,414.699207817815,409.50004373541833,411.7240295410156,13686400
2024-10-04,413.40436067339476,414.8969119270876,410.172178794162,411.24957275390625,19169700
2024-10-07,411.190264062665,412.287415913181,404.2711971193028,404.8049621582031,20919800
2024-10-08,406.14924457508937,410.8542199929417,403.4508276328713,409.9151916503906,19229300
2024-10-09,411.051885220099,415.51964507918063,409.50992407936405,412.6333923339844,14974300
2024-10-10,410.42917171763446,412.5246557071608,408.37320353432506,411.0321044921875,13848400
2024-10-11,411.32868016338136,412.30722431233596,408.4720793339732,411.506591796875,14144900
2024-10-14,412.9397902420181,419.137316675548,412.692680707405,414.2939758300781,16653100
2024-10-15,417.29885057772566,417.59540014974584,410.4588748220689,413.89862060546875,18900200
2024-10-16,410.369900734698,411.5461144410461,405.7341231638779,411.30889892578125,15508900
2024-10-17,417.4767534317117,417.615149262022,410.7850375205949,411.9019775390625,14820000
2024-10-18,412.3171212877513,414.79808063402476,411.44729085370335,413.3253173828125,17145300
2024-10-21,411.30886136013186,414.1160219717621,408.9662678666254,413.9381103515625,14206100
2024-10-22,413.6514683614362,425.60168187753965,413.2066892964129,422.56719970703125,25482200
2024-10-23,425.87842845603865,426.09588604624633,417.64475229425324,419.6908264160156,19654400
2024-10-24,420.41234412037124,421.05485298708396,417.51622786247975,419.8193054199219,13581600
2024-10-25,421.82588520642906,427.51926858228103,421.638079540004,423.1997985839844,16899100
2024-10-28,426.66919481416045,426.94595627618617,421.37115090072086,421.6578063964844,14882400
2024-10-29,423.0515590564399,428.1617979371543,420.8769829019358,426.9559020996094,17644100
2024-10-30,432.38237913794643,433.43012114532394,427.10412312962825,427.5291442871094,29749100
2024-10-31,410.55763165325993,411.3484002261627,401.60238494770107,401.6518249511719,53971000
2024-11-01,404.2811047814158,410.69605883957496,402.78855349489004,405.6253662109375,24230400
2024-11-04,405.06189960347484,405.67475653100576,400.88082597000493,403.7373962402344,19672300
2024-11-05,403.6484884800003,410.102988488707,403.3618329661191,406.7027587890625,17626000
2024-11-06,407.65167048638625,415.58882753455555,405.77361389082967,415.3219299316406,26681800
2024-11-07,416.40918800268514,421.9147952799536,415.02538074069076,420.5111999511719,19901800
2024-11-08,420.40251992805025,421.568869701991,416.90344044148964,417.6546630859375,16891400
2024-11-11,417.6348987728619,419.8984307044044,411.19029254705583,413.17706298828125,24503300
2024-11-12,413.41424403977334,419.5326784209289,412.37639607879026,418.13897705078125,19401200
2024-11-13,416.76503743687516,424.36609835467016,413.37467197125,420.28387451171875,21502200
2024-11-14,420.086213638624,423.21957584577814,415.14402288993426,421.9543762207031,30246900
2024-11-15,414.9660607681038,417.9115867904691,408.8575209855674,410.2017822265625,28247600
2024-11-18,410.07330906060787,413.5624943414024,407.33534638732004,410.9530334472656,24727000
2024-11-19,408.3336509537854,413.10782389174204,406.79168992363145,412.9595642089844,18133500
2024-11-20,412.05020669970736,412.46536399512735,405.8329222910528,410.6861572265625,19191700
2024-11-21,415.47976649879917,415.7570819396626,406.3580380143849,408.9132995605469,20780200
2024-11-22,407.4277029433142,413.3999142872652,407.1206761919346,413.0037536621094,24814600
2024-11-25,414.37053686089325,417.0446437711569,410.87436717729366,414.776611328125,27691100
2024-11-26,415.5689336176803,424.92838338966095,414.83603494213827,423.888427734375,23458900
2024-11-27,421.03598817971914,423.1356967701012,417.97560449920036,418.9363098144531,18332400
2024-11-29,416.06412568619913,420.808229889217,413.7960631011275,419.4018249511719,16271900
2024-12-02,417.52996787602956,428.8504232970242,417.27244986667705,426.84979248046875,20207200
2024-12-03,425.72067515411175,428.32547569363487,423.6407942127541,427.0676574707031,18302000
2024-12-04,428.8800841135143,435.4564646159383,428.48392353237045,433.22802734375,26009400
2024-12-05,433.72326431540773,440.3986627358307,431.9900352112823,438.3782043457031,21697800
2024-12-06,438.0612738202398,441.82487523918803,437.5363542028089,439.3191223144531,18821000
2024-12-09,438.35842787251636,444.03349609525384,436.2785468030062,441.7456359863281,19144400
2024-12-10,440.13125981361975,445.31111943385133,437.3679889585384,439.0813903808594,18469500
2024-12-11,439.7945036123786,446.034146674654,439.7945036123786,444.6871643066406,19200200
2024-12-12,444.8059789125675,451.78843398650577,444.8059789125675,445.2516784667969,20834800
2024-12-13,444.142443353527,447.10377945438483,441.30983602760955,442.983642578125,20177800
2024-12-16,442.9836607244317,447.8466102847365,441.0127411892908,447.26226806640625,23598800
2024-12-17,446.6877867800923,450.9267684894764,445.26158450169066,450.1047058105469,22733500
2024-12-18,446.9948298056794,448.3120705924071,432.83185420697276,433.1983337402344,24444500
2024-12-19,437.38777493352876,438.93282241461935,432.13857903304347,432.8417663574219,22963700
2024-12-20,428.9593493416428,439.48748337745457,424.5223020050907,432.4159240722656,64263700
2024-12-23,432.5545685943141,433.4558513948008,428.6820357713906,431.078857421875,19152500
2024-12-24,430.4845477379295,435.3871217541817,430.0289645876171,435.11968994140625,7164500
2024-12-26,434.8721127935591,436.7143034093448,432.44561022869516,433.9114074707031,8194200
2024-12-27,430.43505550450976,431.0491089535002,422.2641186475361,426.404052734375,18117700
2024-12-30,421.97689027997586,423.45260132830686,417.8567536350218,420.7586669921875,13158700
2024-12-31,422.0165551158413,422.6405224628075,416.62868593663666,417.46063232421875,13246500
2025-01-02,421.4519805555425,421.98681399014663,410.87433837182135,414.5685729980469,16896500
2025-01-03,417.0446425061394,419.9663838035234,415.5194225803269,419.29290771484375,16662900
2025-01-06,423.8983123069827,430.1577525838614,421.4024733118246,423.749755859375,20573600
2025-01-07,424.88876369017254,426.52294519780327,416.7673346717813,418.3222961425781,18139100
2025-01-08,419.4018380991605,422.87821031177674,417.5002550030301,420.4913024902344,15054600
2025-01-10,420.56061778951556,420.63983782074297,411.042698272716,414.93505859375,20201100
2025-01-13,411.2606004893305,414.48936844362913,408.3388895039501,413.1919250488281,17604800
2025-01-14,413.80596878606093,415.7174656234234,406.783918522941,411.6864929199219,16935900
2025-01-15,415.1133635635626,424.04691147268596,414.26158946961095,422.22454833984375,19637800
2025-01-16,424.5916197701724,425.3740271428382,420.3229265289763,420.5110778808594,15300000
2025-01-17,429.9299628963343,430.31623990051855,424.06671321451194,424.91845703125,26197500
2025-01-21,426.07727516253885,426.770548715405,421.52135231106814,424.3935546875,26085700
2025-01-22,433.366705345479,442.98364251820686,431.82165779523024,441.9239196777344,27803800
2025-01-23,437.7641923205226,442.4686717628812,437.2689839581691,442.4290466308594,18389300
2025-01-24,440.8939077892008,442.3696190202124,437.16993127456703,439.804443359375,15549500
2025-01-27,419.9465634582157,431.0293279263355,419.4414413066827,430.39544677734375,35647800
2025-01-28,430.435111003789,444.08305214713533,427.2459679678923,442.91436767578125,23491700
2025-01-29,442.4092667437925,442.5974483469684,436.1795368349927,438.0910339355469,23581400
2025-01-30,414.75677425796516,418.8075747745586,409.20055129765046,411.01300048828125,54586300
2025-01-31,414.96475222570615,416.65835612531487,410.93374946527524,411.0823059082031,34161900
2025-02-03,407.6555317858933,411.4290171061556,404.7437041840203,406.9820556640625,25679100
2025-02-04,408.73506192939664,409.9532853263689,405.81332063447735,408.4181213378906,20532100
2025-02-05,408.39832109505767,409.8641184268012,406.4669964929513,409.3293151855469,16316700
2025-02-06,410.0325173442031,414.19227961020647,410.0325173442031,411.8350830078125,16309800
2025-02-07,412.48872643025265,414.63791357819275,404.1890302854019,405.8232116699219,22886800
2025-02-10,409.74527293691693,411.47850211303046,406.9820321839411,408.2695617675781,20817900
2025-02-11,405.714301867279,408.5369652151938,405.3775335991668,407.4970397949219,18140600
2025-02-12,403.30754628100544,406.813629604169,400.4947666868975,405.1200256347656,19121700
2025-02-13,403.0995685212682,407.0612350423618,402.46568736983716,406.60565185546875,23891700
2025-02-14,403.88198772560423,404.99124946496545,401.99028842093395,404.5158386230469,22758500
2025-02-18,404.08996621044764,406.6650553734785,402.6043413346739,405.7142639160156,21423100
2025-02-19,403.97114994678657,411.5082061808428,403.7433432351679,410.79510498046875,24114200
2025-02-20,412.1348608394034,416.1243081620841,409.4057538443196,412.9684753417969,23508700
2025-02-21,414.16928284227896,414.8738801834256,404.79109677447474,405.108642578125,27524800
2025-02-24,405.40634791593595,406.2597995139474,396.286166676689,400.93060302734375,26443700
2025-02-25,398.05268403794094,398.86646142853965,393.6861187086097,394.8769836425781,29387400
2025-02-26,394.9861511086002,400.53367776380867,391.25470780563023,396.6930847167969,19619000
2025-02-27,398.22134834414993,402.657388820498,389.1905096396701,389.5477600097656,21127400
2025-02-28,389.67681744038765,394.60905968634097,383.63308910279267,393.9739074707031,32845700
2025-03-03,395.79001865109893,395.79001865109893,383.22619789604886,385.5384826660156,23007700
2025-03-04,380.48712304915495,389.59737098453536,378.10536303990614,385.65753173828125,29342900
2025-03-05,386.3820118850688,398.61835249883035,385.85603973587394,397.9732666015625,23433100
2025-03-06,391.28447789138556,399.09468114787944,389.6966277473878,393.8746643066406,23304600
2025-03-07,389.3394000020522,391.80053909690844,382.61091150423107,390.3218688964844,22034100
2025-03-10,382.90859827837613,383.4643412864511,374.3540930979484,377.2717590332031,32840100
2025-03-11,376.1205440687611,383.0673615053873,374.04642649696916,377.5595397949219,30380200
2025-03-12,380.040547480545,382.2932902407784,376.07093750152677,380.35809326171875,24253600
2025-03-13,380.2489652043101,382.3925583494832,374.58235511618193,375.8923034667969,20473000
2025-03-14,376.8946174814204,387.2652356448431,376.62667971124,385.60791015625,19952800
2025-03-17,383.76211244747884,389.7264317109631,382.6406926201841,385.7469177246094,22474300
2025-03-18,384.1292790671939,384.4269877309022,378.2046343736099,380.6062316894531,19486900
2025-03-19,382.60098568305693,386.71945055064447,381.08261086681347,384.87359619140625,19185500
2025-03-20,382.80938253905003,388.81343664918575,380.3680805381929,383.9010314941406,18470500
2025-03-21,380.30848991510493,388.76374837124365,379.8916675364793,388.28741455078125,39675900
2025-03-24,392.3959786933822,392.3959786933822,386.84845184017416,390.0935974121094,21004500
2025-03-25,390.9272368910712,393.34867131877104,389.65696280253144,392.1578063964844,15775000
2025-03-26,391.99901639757354,392.30665877239477,385.61787512073846,387.0072326660156,16108400
2025-03-27,387.1660163642304,389.259971232933,384.4567464670721,387.6125793457031,13766800
2025-03-28,385.13158343812927,386.1736243280803,374.0663006272135,375.9220886230469,21632000
2025-03-31,369.7096411618319,374.20522334023684,364.449889664545,372.5379943847656,35184700
2025-04-01,371.80359254811333,379.9413052057438,370.39439795061145,379.28631591796875,19689500
2025-04-02,375.0983928958324,382.1543604865691,373.7586433966847,379.2367248535156,16092600
2025-04-03,371.9425583652147,374.61212363444304,366.54388609690864,370.2752990722656,30198000
2025-04-04,361.363555677575,371.74407816646067,356.74888974568233,357.10614013671875,49209900
2025-04-07,348.2142236601539,368.1813588125757,342.17049555544185,355.14117431640625,50425000
2025-04-08,365.46220003690814,370.8112344321485,347.5890190857086,351.86627197265625,35868900
2025-04-09,350.854026698487,390.2424886537646,350.4173671278774,387.5232849121094,50199700
2025-04-10,379.1572950457799,380.983312003396,365.00562576710445,378.45269775390625,38024400
2025-04-11,377.74814777589194,387.08662977771354,376.01144319106686,385.4988098144531,23839200
2025-04-14,390.23251818413166,391.6516465120973,381.2909618319917,384.8636169433594,19251200
2025-04-15,385.558347033726,388.91267269542334,381.24138963056953,382.7994689941406,17199900
2025-04-16,377.7779079921512,378.71073856569086,365.2041538267982,368.7867126464844,21967800
2025-04-17,370.9104537724408,371.4761304955969,364.10258680355696,364.9858093261719,21120200
2025-04-21,360.06353397111536,361.7109259917268,352.9678611353571,356.3916320800781,20807300
2025-04-22,360.6192443688487,364.9758758256959,357.12596800122816,364.0331115722656,19485000
2025-04-23,373.20291916052497,377.50003937654276,370.18600677791767,371.5456237792969,20545500
2025-04-24,372.8456379358323,385.49877003384853,372.33950296048084,384.35748291015625,22232300
2025-04-25,384.05979677325973,389.1805976978566,381.67803664886475,388.8729553222656,18973200
2025-04-28,388.9821118643913,389.7561846754867,383.7025530868883,388.1882019042969,16579400
2025-04-29,388.32712198825146,392.0982700078575,387.41412856396244,391.04632568359375,14974000
2025-04-30,387.33468087236696,393.6463764759126,381.51921680100196,392.25701904296875,36461100
2025-05-01,427.8346397458207,433.669971462135,421.67182852064957,422.16802978515625,58938100
2025-05-02,428.4598783453456,436.1013902925972,426.7231738378541,431.9729919433594,30757400
2025-05-05,429.58128511716615,436.1609188409604,428.827049490993,432.8562316894531,20136100
2025-05-06,428.91636160877,434.40434608152555,427.89418827142663,430.0179138183594,15104200
2025-05-07,430.54391525930873,434.79139692835327,427.83464541633373,430.0576477050781,23295300
2025-05-08,434.602806230982,440.2992170006134,432.35006352791333,434.84100341796875,23491300
2025-05-09,436.65712990925,437.3914981181206,432.5684361749063,435.39678955078125,15324200
2025-05-12,442.551987565255,445.9559209816134,436.43878433354007,445.8467712402344,22821900
2025-05-13,444.37800844651383,447.24606632617565,441.9763809723924,445.7276916503906,23618800
2025-05-14,444.7352595327789,450.45147719255016,444.7352595327789,449.498779296875,19902800
2025-05-15,448.16655392379437,453.55526390744575,447.82852124457236,450.512939453125,21992300
2025-05-16,449.43915228561843,451.73580834700897,446.1383501578063,451.6463317871094,23849800
2025-05-19,448.27591363294266,456.9355998797858,448.1963586877965,456.2197570800781,21336500
2025-05-20,452.9587181303489,455.69283539558984,451.69606398891386,455.5238342285156,15441800
2025-05-21,451.94462570262056,455.1360777634671,449.20055644956204,449.9561767578125,19216900
2025-05-22,452.32241705541014,457.5917944035942,451.27846319798533,452.23291015625,18025600
2025-05-23,447.3811293692874,451.06969358680703,446.3173019248347,447.5799560546875,16883500
2025-05-27,453.8435898996704,458.2877744248074,453.48565331857327,458.0292663574219,20974300
2025-05-28,458.55619745791415,459.84867709346275,454.2909661144885,454.7184753417969,17086300
2025-05-29,458.884303233251,459.05333474747385,452.68035209769624,456.0308837890625,13974800
2025-05-30,457.064883978579,459.01355548435544,452.909032890277,457.701171875,34770500
2025-06-02,454.49978904014216,459.44105553120437,454.2512329224997,459.3018798828125,16626500
2025-06-03,458.8047449110186,461.4593374660713,458.19825223653834,460.29608154296875,15743800
2025-06-04,461.3201414833542,463.00038321907994,460.3457906064832,461.1908874511719,14162700
2025-06-05,462.2745901279283,466.93750520910584,461.3499686746429,464.9788818359375,20131700
2025-06-06,467.37496597576217,470.6061954238558,466.0725343793748,467.6632995605469,15285600
2025-06-09,466.98725027602023,470.69568816704816,465.9134708467471,470.0196228027344,16469900
2025-06-10,468.4686249933991,470.06931180763127,464.26304461137784,468.2001953125,15375900
2025-06-11,467.30536072753216,472.72389606625393,466.9474544926898,469.8903503417969,16399200
2025-06-12,472.2764779222473,477.6453141185156,470.7851412769109,476.104248046875,18950600
2025-06-13,473.6584649544854,476.4124557062983,470.0295518485209,472.2168273925781,16814500
2025-06-16,472.46541635312803,477.9137775383536,472.2566377036087,476.37274169921875,15626100
2025-06-17,472.65431603696555,475.97502218951,471.34193242947174,475.2790832519531,15414100
2025-06-18,475.2392860574369,478.2219594008936,471.71972301658775,477.4663391113281,17526500
2025-06-20,479.4448516392065,480.6677282539423,474.11579298541653,474.6427307128906,37576200
2025-06-23,475.44806772339973,484.932977511559,469.7810065395394,483.1930847167969,24864000
2025-06-24,486.1260537385937,489.009298556199,483.9884469122188,487.2793273925781,22305600
2025-06-25,489.1982276680394,491.7036624656625,486.56353883181055,489.4268798828125,17495100
2025-06-26,490.13278082199906,495.1635541172166,489.9637493151316,494.57696533203125,21578900
2025-06-27,494.6763704185467,496.4162632322767,490.1824867596744,493.07568359375,34539200
2025-06-30,494.16931223084276,497.86782827206525,492.4691666337086,494.53717041015625,28369000
2025-07-01,493.60258452282886,495.1734457101395,488.1443023264632,489.2080993652344,19945400
2025-07-02,487.1600396387865,490.6497772469701,485.87751191483574,488.2536926269531,16319600
2025-07-03,490.9580057562307,497.2415119784696,490.59014753996934,495.9589538574219,13984800
2025-07-07,494.50736527479916,495.8694479262707,492.36978876052433,494.84539794921875,13981600
2025-07-08,494.36815380384166,495.3226311177228,491.25622643335066,493.7517395019531,11846600
2025-07-09,497.4105072423231,503.8530929514779,496.85374394735805,500.60198974609375,18659500
2025-07-10,500.14458849842043,501.52657502305914,494.87521114411277,498.58367919921875,16492100
2025-07-11,495.59106078877636,502.1131707269345,494.9249170598048,500.4130554199219,16459500
2025-07-14,498.6234399223271,501.05930198422453,498.1362796464767,500.1147766113281,12058800
2025-07-15,500.11477392946824,505.36427783294863,499.88612172349406,502.89862060546875,14927200
2025-07-16,502.2623373664546,503.7934516278089,498.9913605307617,502.6997985839844,15154400
2025-07-17,502.75940886082554,510.40499725185873,502.6997578215743,508.7446594238281,17503100
2025-07-18,511.5085634207008,511.66767331118785,504.4992933518648,507.1041564941406,21209700
2025-07-21,503.7834776665751,509.1324405638626,502.6301736290422,507.1141357421875,14066800
2025-07-22,508.01886761548803,508.2475501614973,502.3517761230469,502.3517761230469,13868600
2025-07-23,503.8232255681408,503.8630030405687,497.80817995491657,502.94830322265625,16396600
2025-07-24,505.83158338819493,510.703277326071,504.37007217269974,507.9294128417969,16107000
2025-07-25,509.51018319793565,515.2965768746373,507.41238413754473,510.7430725097656,19125700
2025-07-28,511.1109000989904,512.0255695622142,507.1737496018482,509.5400085449219,14308000
2025-07-29,512.5525452747698,514.6304403339567,508.6054427654301,509.609619140625,16469200
2025-07-30,512.1946027794743,512.9701269930791,506.49771598970693,510.2757568359375,26380400
2025-07-31,552.0232408256204,552.2420017670738,528.8280273057109,530.4187622070312,51617300
2025-08-01,531.9100652869249,532.7054326872741,517.8517174087783,521.0829467773438,28977600
2025-08-04,525.2188973499576,535.1412365772,525.0796913822776,532.5463256835938,25349000
2025-08-05,534.0774948252555,534.196796907337,524.1949011418618,524.7019653320312,19171600
2025-08-06,527.8338028961505,528.6291703469228,521.0034855448089,521.908203125,21355700
2025-08-07,523.7573865594029,525.0399748350125,514.56081112672,517.8318481445312,16079100
2025-08-08,519.5817267008259,521.629826851029,516.4101479520375,519.0249633789062,15531000
2025-08-11,519.2834381856256,524.5429245664681,516.7183220142601,518.7565307617188,20194400
2025-08-12,520.7250669698358,527.9132904806338,519.6811434112465,526.183349609375,18667000
2025-08-13,529.0367402367135,529.6233593434064,516.3703308668756,517.5733642578125,19619200
2025-08-14,519.5418962511537,522.9123315064297,517.1358902118243,519.4623413085938,20269100
2025-08-15,519.7507304052322,523.0614541020369,516.0820397908819,517.1657104492188,25213300
2025-08-18,518.5775833311014,519.8004600468895,511.05129658888984,514.1134643554688,23760600
2025-08-19,512.0255798217245,512.1846290296555,505.61282013208876,506.8257751464844,21481000
2025-08-20,506.9251890021903,508.0486674266492,501.5265578024503,502.7991638183594,27723000
2025-08-21,501.6041452591809,505.5278315490841,500.6381609615915,502.15185546875,18443300
2025-08-22,502.1618461633245,508.6150227226763,500.32946944945456,505.1295166015625,24324200
2025-08-25,504.5319946732823,506.0855321115255,502.0323791323648,502.17181396484375,21638600
2025-08-26,502.2713680297872,502.88882606141556,496.4456179190968,499.96099853515625,30835700
2025-08-27,499.9211487290224,505.1892506185915,497.82983904056124,504.6415100097656,17277900
2025-08-28,504.9900522378754,508.9734875719172,503.4066403395377,507.5295104980469,18015600
2025-08-29,506.5535790393771,507.4896888132377,502.40083415821226,504.59173583984375,20961600
2025-09-02,498.3974910813857,503.90458943006223,494.75264396148896,503.0282287597656,18128000
2025-09-03,501.70375627159575,505.68719181229375,500.2398424947412,503.2572937011719,16345100
2025-09-04,502.2116394820944,506.04570238922344,501.0664078062513,505.866455078125,15509500
2025-09-05,506.9619070760115,509.8498918622262,490.3310509759443,492.9501647949219,31994800
2025-09-08,496.04724781279185,499.1244784694731,492.9800158612091,496.13690185546875,16771000
2025-09-09,499.3535217605099,500.17013335375145,495.6389875077243,496.3460388183594,14410500
2025-09-10,500.8971201283455,501.1460848531792,494.6630336933239,498.29791259765625,21611800
2025-09-11,500.17012751524385,501.08633106619584,495.8182290284252,498.9352722167969,18881600
2025-09-12,504.55191069082485,510.42747218178897,501.7635178992086,507.7884521484375,23624900
2025-09-15,506.68306017742736,513.3353599697668,504.9004642300766,513.225830078125,17143800
2025-09-16,514.7395367165727,515.0880630075219,506.4938265025834,506.9320068359375,19711900
2025-09-17,508.5054498653079,509.1726886784055,503.8348693472275,507.9079284667969,15816600
2025-09-18,509.37184097126715,510.9453149965379,505.55771489166153,506.3444519042969,18913700
2025-09-19,508.44568153944795,517.1494779837726,508.1967168320822,515.78515625,52474100
2025-09-22,513.4548737162081,515.5959337012963,510.4174557013089,512.319580078125,20009300
2025-09-23,511.67229848312854,512.4590659268906,505.2091838485409,507.1212463378906,19799600
2025-09-24,508.26644250853604,510.35772177145367,504.82077941210207,508.0373840332031,13533700
2025-09-25,506.1950582100621,507.89799878212006,502.94857891661616,504.9303283691406,15786500
2025-09-26,507.94778361103766,511.8117209714621,504.52202659403474,509.34197998046875,16213100
2025-09-29,509.3817950243417,514.7096154882738,506.77264973451184,512.4689331054688,17617800
2025-09-30,511.11459757878936,516.0142062084105,507.54943619028296,515.8051147460938,19728200
2025-10-01,512.6681599915194,518.3545363078492,509.5710533372991,517.557861328125,22632300
2025-10-02,515.496404228155,519.439966484546,508.5652045551738,513.604248046875,21222900
2025-10-03,514.9585548343116,518.3345307125708,512.8672756929882,515.20751953125,15112300
2025-10-06,516.4623876768178,528.8309994124726,516.0541122577388,526.3811645507812,21388600
2025-10-07,526.1022689962125,527.6060256392368,519.2806599401652,521.8101196289062,14615200
2025-10-08,521.1130687043808,524.7678538085896,520.923853084141,522.676513671875,13363400
2025-10-09,520.1769452354545,522.158694647609,515.2574000210162,520.2366943359375,18343600
2025-10-10,517.4881335274953,521.4118200258811,507.5195762105422,508.84405517578125,24133800
2025-10-13,514.2714464494894,514.2714464494894,509.56105349845876,511.9212341308594,14284200
2025-10-14,508.11707238992415,513.1461778212379,503.9045785101632,511.4432373046875,14684300
2025-10-15,512.8274957075639,515.0482414945574,507.888013925759,511.3038024902344,14694700
2025-10-16,510.4573477017149,514.7096236704256,506.02576365101777,509.4913330078125,15559600
2025-10-17,506.93203901166436,513.3453425707617,505.2091921192977,511.4532470703125,19867800
2025-10-20,512.4788764440519,516.5519656323323,511.30377036778043,514.6498413085938,14665600
2025-10-21,515.3569857054445,516.5420602391357,510.91543308707116,515.5162963867188,15586200
2025-10-22,518.9919195722497,523.0549803520576,515.5661623300699,518.3843994140625,18962700
2025-10-23,520.2964530626382,521.7802730707533,516.4623598997719,518.404296875,14023500
2025-10-24,520.6250388201142,523.1744351060786,518.5536961256696,521.441650390625,15532400
2025-10-27,529.577902779321,532.3662956890146,526.819354031342,529.3189697265625,18734700
2025-10-28,547.7224103521172,551.4269763883988,538.5306518978505,539.8252563476562,29986700
2025-10-29,542.6833492925585,544.0078586434945,534.507325873603,539.307373046875,36023000
2025-10-30,528.2831883129468,532.7545848667123,519.9578228356851,523.582763671875,41023100
2025-10-31,526.6898137654194,527.1279940743384,512.9668501497666,515.6656494140625,34006400
2025-11-03,517.657371934483,522.7860691817526,512.4590180581705,514.888916015625,22374700
2025-11-04,509.6407695643784,513.4150529816625,505.73698923396887,512.2001342773438,20958700
2025-11-05,511.17434154282535,512.6980347767452,504.4821687767013,505.0597839355469,23024300
2025-11-06,503.5659922381216,503.6058351018555,493.75677643867937,495.04144287109375,27406500
2025-11-07,494.89207027354036,497.31199999791255,491.2073803526309,494.7626037597656,24019800
2025-11-10,497.9692613740871,504.7510576229119,496.73437575016374,503.9045715332031,26101500
2025-11-11,502.70954902224156,507.48968986721945,500.26971300797675,506.573486328125,17980000
2025-11-12,507.2506574723947,509.5511194130969,497.05307240824305,509.0233154296875,26574900
2025-11-13,508.1967287528611,511.3735209246628,499.2140928412288,501.205810546875,25273100
2025-11-14,496.166765720741,509.4813936811572,495.3800287197931,508.0672607421875,28505700
2025-11-17,506.34444359286346,509.9992285471841,502.8190947602184,505.3883972167969,19092800
2025-11-18,493.31862192366924,500.89712400975867,484.76419755903834,491.74517822265625,33815100
2025-11-19,488.0704229659532,493.13934080841636,480.8305097576304,485.1027526855469,23245300
2025-11-20,491.5879641710541,492.4460215630244,474.41716428973194,477.3404846191406,26802500
2025-11-21,477.4103368698009,477.8293938228302,467.20362215472323,471.04486083984375,31769200
2025-11-24,473.9183160323131,475.8139832068258,466.9542001322548,472.92059326171875,34421000
2025-11-25,472.9904142849383,478.0588322743821,463.8313270788984,475.90374755859375,28019800
2025-11-26,485.2025316262965,487.1979770584782,480.10418316215106,484.3943786621094,25709100
2025-11-28,486.48962635446395,491.5081706450152,485.54177754838196,490.88958740234375,14386700
2025-12-01,487.32770213243884,488.7444513856018,483.5463243869077,485.6315612792969,23964000
2025-12-02,485.6116258193264,492.3761849539621,485.2125428025972,488.8841552734375,19562700
2025-12-03,475.23529714339696,483.13724409881166,474.1178525596479,476.64208984375,34615100
2025-12-04,478.6674679630734,480.2239129901724,475.40489514051177,479.7449951171875,22318200
2025-12-05,481.4211657314621,482.299166614698,477.78947078944657,482.0597229003906,22608700
2025-12-08,483.7858099301447,491.17890888246444,483.2769615726175,489.9018249511719,21965900
2025-12-09,487.9862027558801,490.99931449735556,487.3875630167038,490.8995361328125,14696100
2025-12-10,482.92772884397027,483.14722906115725,473.99809828560024,477.4701843261719,35756200
2025-12-11,475.5445986070271,484.92318635563356,474.7763326037194,482.3690185546875,24669200
2025-12-12,478.72734800157895,481.3513637649093,475.2552617920193,477.4402770996094,21248100
2025-12-15,479.0066832317436,479.6252664455081,471.44392797474177,473.73870849609375,23727700
2025-12-16,470.8353364785088,476.80172935648005,469.8076832860371,475.3051452636719,20705600
2025-12-17,475.8239455574328,478.9069051052783,473.9182915104317,475.0357360839844,24527200
2025-12-18,477.10104539067044,488.4850656489584,476.8017407441929,482.87786865234375,28573500
2025-12-19,486.2501387748106,486.73904362092316,481.39123391446003,484.8134460449219,70836100
2025-12-22,485.01298390813173,487.6170561484318,481.5908021440126,483.81573486328125,16963000
2025-12-23,483.8755963136496,486.71908182827985,483.63612214595605,485.7413330078125,14683600
2025-12-24,484.5739628623746,488.04604888584674,483.7258924615979,486.90863037109375,5855900
2025-12-26,485.601642461088,487.00843522519267,484.85335038112265,486.599365234375,8842200
2025-12-29,483.7558335295542,487.23790659993216,483.0773893732932,485.9907531738281,10893400
2025-12-30,484.82341501264875,488.56487537463653,484.39440153201394,486.3699035644531,13944500
2025-12-31,486.7290680267604,487.0284031238816,482.1993981667827,482.5186767578125,15601600
2026-01-02,483.2869444224563,483.5563186075122,469.0893385249197,471.8630065917969,25571600
2026-01-05,472.98042932285466,474.9858617296903,468.4308161640092,471.773193359375,25250300
2026-01-06,472.72102257015473,477.64977534720424,468.68025764779384,477.4203186035156,23037700
2026-01-07,478.6674756822987,488.5848422406915,476.86159994291296,482.3690185546875,25564200
2026-01-08,480.14408679814625,481.5608665012806,474.7763335277468,477.0212097167969,18162600
2026-01-09,472.9804540365218,478.72734693664125,471.1247042989064,478.1885681152344,18491000
2026-01-12,475.5845048686955,479.89464390147504,474.59673866594744,476.09332275390625,23519900
2026-01-13,473.5990225282599,474.6965236309785,464.888922501957,469.5981750488281,28545800
2026-01-14,465.39775666549855,467.13381499707015,456.1289340170423,458.3338928222656,28184300
2026-01-15,463.0630900555096,463.1927988881192,454.8618076165624,455.6200866699219,23225800
2026-01-16,456.78739866953146,462.13520850615447,455.4404972994736,458.8127746582031,34246700
2026-01-20,450.1924514863621,455.7597309230742,448.2568669541529,453.48492431640625,26130000
2026-01-21,451.56931960591265,451.65911099901973,437.68100562513575,443.0986328125,37980500
2026-01-22,446.600636936346,451.8087507279656,443.6873036586902,450.1126403808594,25349400
2026-01-23,450.8409629929935,470.0271819611143,449.50401819491054,464.888916015625,38000200
2026-01-26,464.25036221183507,473.1700058760031,460.94790240319116,469.20904541015625,29291200
2026-01-27,472.62128861771004,481.7703893732875,472.0825097961169,479.485595703125,29213900
2026-01-28,482.10959164059926,482.63838346935967,476.9114647448887,480.533203125,36875400
2026-01-29,438.98802836564175,441.49232224197124,420.06122635013605,432.5128173828125,128855300
2026-01-30,438.1699022937122,438.5989157576861,425.47886802078926,429.31011962890625,58566800
2026-02-02,429.2602343395754,429.7590957240154,421.28843915961005,422.4058837890625,42219900
2026-02-03,421.0489834358989,421.0888704228976,407.6296003977664,410.2735595703125,61424100
2026-02-04,410.0640575889883,418.84400576689177,408.3080557741746,413.2467956542969,45012400
2026-02-05,406.51216038211834,407.37018733348754,391.4265972483441,392.7735290527344,66289200
2026-02-06,398.2609865133262,400.87501513504304,392.0252195920243,400.22650146484375,53515300
2026-02-09,403.9280678877113,413.94521298339265,399.9571203178888,412.65814208984375,45480500
2026-02-10,418.66440278178237,422.7151545880433,411.76017861216997,412.328857421875,44857900
2026-02-11,415.2322299614449,415.51159110220135,400.096793508188,403.4491271972656,42491000
2026-02-12,404.07770370563327,405.2749831551046,397.1036315998776,400.9248962402344,40802400
2026-02-13,403.528974460687,404.61648859375555,397.1435245648219,400.4060974121094,34091600
2026-02-17,398.31087932693146,399.60790672873594,393.6315571718042,395.95623779296875,32078800
2026-02-18,397.2233488345012,401.6432531481791,395.41747315874426,398.69000244140625,23223400
2026-02-19,400.69000244140625,404.42999267578125,396.6700134277344,398.4599914550781,28234000
2026-02-20,396.1099853515625,400.1199951171875,395.1600036621094,397.2300109863281,34015200
2026-02-23,395.0,395.3599853515625,383.1000061035156,384.4700012207031,43238300
2026-02-24,384.1400146484375,389.3599853515625,381.7099914550781,389.0,33884700
2026-02-25,390.5299987792969,401.4700012207031,390.1600036621094,400.6000061035156,43625500
2026-02-26,404.7099914550781,407.489990234375,398.739990234375,401.7200012207031,34405900
2026-02-27,390.8800048828125,396.82000732421875,389.8800048828125,392.739990234375,51367200
