Price,Open,High,Low,Close,Volume
Ticker,NVDA,NVDA,NVDA,NVDA,NVDA
Date,,,,,
2020-01-02,5.942207549705271,5.971078395843506,5.891683450284185,5.971078395843506,237536000
2020-01-03,5.85136420469419,5.919310891581139,5.826475278837487,5.875506401062012,205384000
2020-01-06,5.782170857410312,5.905370252862974,5.756037709855697,5.900143623352051,262636000
2020-01-07,5.928517039782527,6.017370217404022,5.883468334889304,5.971574783325195,314856000
2020-01-08,5.967343597334713,6.0240902679221096,5.927272770783473,5.98277473449707,277108000
2020-01-09,6.069139710447324,6.120908509266958,5.99472218082326,6.0484819412231445,255112000
2020-01-10,6.155752757707768,6.1861170582643075,6.066650817633669,6.080837249755859,316296000
2020-01-13,6.163965346925587,6.296622518260619,6.141316144751401,6.271484851837158,319840000
2020-01-14,6.228676412859519,6.254063307729737,6.141316688702072,6.154508113861084,359088000
2020-01-15,6.167201711413345,6.189601691642836,6.086064089642818,6.111948490142822,263104000
2020-01-16,6.165459211777373,6.201548119865506,6.142063751814368,6.195574760437012,284192000
2020-01-17,6.214738881645233,6.222205699382475,6.156747973897517,6.204285621643066,253792000
2020-01-21,6.167699008739332,6.2045346437613595,6.136836732767271,6.170934677124023,217916000
2020-01-22,6.216232587499454,6.311556638293385,6.19731702825236,6.2249436378479,239240000
2020-01-23,6.265014550653041,6.301849711322332,6.176161367963246,6.293387413024902,244516000
2020-01-24,6.408871766709822,6.458649601386447,6.179894581687254,6.234152317047119,373512000
2020-01-27,5.9295134446454965,6.029317874683954,5.77993165006869,5.978295803070068,470536000
2020-01-28,6.044250844374252,6.204037143136165,5.990988586548067,6.171681880950928,310976000
2020-01-29,6.157245952413688,6.1933348594066695,6.071379209932689,6.111201763153076,258848000
2020-01-30,6.013388746744023,6.131362007202673,5.958384751904467,6.117921829223633,290504000
2020-01-31,6.072126406970737,6.084073126385558,5.842651697517958,5.884464740753174,370420000
2020-02-03,5.8662955798175345,6.000944205107071,5.860073468931658,5.981531143188477,255564000
2020-02-04,6.123397097246553,6.169939263210009,6.07337051135927,6.1507744789123535,271544000
2020-02-05,6.2717338638672375,6.281938371636145,6.15774301796561,6.2411208152771,208220000
2020-02-06,6.275468324748292,6.327983379364014,6.194330704477738,6.327983379364014,218284000
2020-02-07,6.287911501846782,6.310062726456048,6.23639146189148,6.261778354644775,189752000
2020-02-10,6.284427711474743,6.545760159094966,6.279449833018814,6.545013904571533,529608000
2020-02-11,6.653280208935729,6.782204223899052,6.5913069033457505,6.667466640472412,638556000
2020-02-12,6.720231000027536,6.789671124211894,6.681404401745411,6.783199787139893,374644000
2020-02-13,6.725208710247476,6.806595076336598,6.697830853566547,6.7393951416015625,528016000
2020-02-14,7.149563729349154,7.3414565446723685,7.118203946999055,7.2125325202941895,1041924000
2020-02-18,7.109243562917757,7.3996965714360154,7.089830500246091,7.3812785148620605,620164000
2020-02-19,7.50373169839315,7.850184182869734,7.50373169839315,7.832512855529785,694332000
2020-02-20,7.784477262238204,7.872832469799487,7.375802739932594,7.68317985534668,810052000
2020-02-21,7.570932166108469,7.596069838691221,7.234186189513256,7.319056987762451,768180000
2020-02-24,6.724710680746953,7.015412417963896,6.67020419402814,6.80161714553833,856916000
2020-02-25,6.876782232264527,6.9387555440768045,6.420321266694582,6.522116661071777,1055496000
2020-02-26,6.522365244375088,6.8556267817629495,6.520872260486998,6.66149377822876,747732000
2020-02-27,6.347955969591056,6.649291124091377,6.198284706095649,6.290677547454834,906416000
2020-02-28,6.038152966176298,6.785264187900651,6.021467622824609,6.725744247436523,1133252000
2020-03-02,6.895838304509482,6.913021927383746,6.499869227408681,6.884133338928223,890744000
2020-03-03,6.939916728422714,6.999685572996747,6.536227533507572,6.621647357940674,652792000
2020-03-04,6.728983670350237,7.094819196634212,6.654272242977344,7.085355758666992,597408000
2020-03-05,6.885875600923197,7.052730474037817,6.761357053076483,6.805934906005859,540328000
2020-03-06,6.626379453327108,6.683907250630591,6.425157325422228,6.625383377075195,515412000
2020-03-09,5.974400377600928,6.460022945569988,5.931566248093233,6.112367153167725,614160000
2020-03-10,6.388796719236526,6.501859664916992,6.126063013801358,6.501859664916992,580648000
2020-03-11,6.361902064085401,6.390292375183355,6.040893330926484,6.138017654418945,499964000
2020-03-12,5.614790095414471,5.880263628706934,5.374220366042612,5.386921405792236,816540000
2020-03-13,5.740305863273722,6.002292944870884,5.4691047191350695,5.997810363769531,634836000
2020-03-16,5.289798387628544,5.630730622604527,4.831321051825308,4.891089916229248,726972000
2020-03-17,5.003404879250918,5.500234162523847,4.756609277259598,5.410829544067383,833632000
2020-03-18,4.9832330905825595,5.228285443365078,4.499603118678141,5.050971031188965,874268000
2020-03-19,5.029553533106183,5.397381660894162,4.816129105879897,5.303743839263916,765512000
2020-03-20,5.453912435431713,5.7358224271216045,5.108498191771292,5.12393856048584,804636000
2020-03-23,5.122942664733292,5.39115604913871,4.943884999796366,5.2967705726623535,643876000
2020-03-24,5.702949978590255,6.292172088354584,5.679291623084315,6.205506801605225,1101644000
2020-03-25,6.320562481748163,6.520290281878685,6.068038833889912,6.11685037612915,793432000
2020-03-26,6.324047752504339,6.530250721317108,6.22592736148756,6.406230449676514,696108000
2020-03-27,6.225927488151051,6.5526642311293,6.193054598613622,6.293914794921875,638828000
2020-03-30,6.359411602587438,6.623391286850987,6.31533202177179,6.6141767501831055,602252000
2020-03-31,6.65427114369263,6.85848196477575,6.418931160097484,6.564618110656738,949960000
2020-04-01,6.366632732890536,6.513066364473172,6.008766400221248,6.053343772888184,656912000
2020-04-02,6.082482659115742,6.375350464934809,6.034418771617767,6.362151622772217,675764000
2020-04-03,6.324545131298273,6.366134274575781,5.936794627806533,6.074263095855713,663212000
2020-04-06,6.356423114393711,6.72101361117626,6.298895318897043,6.6841559410095215,727884000
2020-04-07,6.905797730864535,6.929456556150909,6.407723598526658,6.450807094573975,784520000
2020-04-08,6.5598854395602135,6.672948388475926,6.489905987863526,6.648044586181641,542444000
2020-04-09,6.773807705410755,6.796718877583239,6.485422576323563,6.548429012298584,525564000
2020-04-13,6.488661761554823,6.728982602723563,6.40025370444109,6.720266342163086,398408000
2020-04-14,6.848519500834208,7.105525657319947,6.820876370558097,7.071407794952393,530948000
2020-04-15,6.903307468636154,7.076886433315747,6.857982919107444,6.993957042694092,366148000
2020-04-16,7.149357193306703,7.4462092792659,7.136158352257488,7.339123249053955,745620000
2020-04-17,7.421305667821515,7.442722969423419,7.145870875710724,7.279852867126465,539120000
2020-04-20,7.153340639411374,7.309237699908426,7.104280213903342,7.148608684539795,449388000
2020-04-21,7.030567313176255,7.091830043239888,6.6520307684707305,6.711799621582031,735160000
2020-04-22,6.904055247287236,7.169030984977875,6.858481793507247,7.126196384429932,483356000
2020-04-23,7.168284222501299,7.300273585870351,7.047749973310746,7.072902679443359,424160000
2020-04-24,7.062692442567916,7.213857577547646,6.987981026144072,7.211865425109863,352328000
2020-04-27,7.346345919337004,7.558276460300396,7.321691013396195,7.398394584655762,479388000
2020-04-28,7.545824293467083,7.575708955867215,7.2504665488320335,7.255945205688477,442904000
2020-04-29,7.390674242239296,7.485557509288624,7.315465024460151,7.4327616691589355,379160000
2020-04-30,7.378719919459996,7.432761207771486,7.264910261127515,7.27885627746582,375916000
2020-05-01,7.081369380151772,7.194681234845582,6.993957405102291,7.042270660400391,342096000
2020-05-04,6.99495232771347,7.267897095108042,6.99495232771347,7.254199981689453,317556000
2020-05-05,7.358299567249931,7.477837263737754,7.254201764682971,7.315216064453125,368896000
2020-05-06,7.394658405012081,7.520920200232866,7.3568046614743645,7.416075229644775,323464000
2020-05-07,7.555285882248826,7.655647783300985,7.5039844055945135,7.592392444610596,373732000
2020-05-08,7.664116946015508,7.788635500703007,7.630247978940607,7.78240966796875,339216000
2020-05-11,7.777428609621731,8.081254179162244,7.748789399788098,8.034435272216797,469060000
2020-05-12,8.092210821639759,8.141021876961775,7.762734773214537,7.772447109222412,493060000
2020-05-13,7.887005024962632,8.047384694158001,7.565498035666604,7.750034809112549,625852000
2020-05-14,7.811548018999837,8.005049980807382,7.657891961103675,7.999571323394775,602312000
2020-05-15,7.859364105594001,8.46776163866549,7.843674832176776,8.458049774169922,987660000
2020-05-18,8.726757624174741,8.882156904458133,8.64706583172189,8.716547012329102,774460000
2020-05-19,8.756393994968642,9.052498925226844,8.728999759788941,8.771585464477539,717320000
2020-05-20,8.956371488894293,9.008171257365323,8.854515204256534,8.935452461242676,587536000
2020-05-21,9.016636148107677,9.01763174915092,8.70384547034908,8.741450309753418,761068000
2020-05-22,8.791259527464495,9.05797903478298,8.679691377999005,8.991485595703125,1038764000
2020-05-26,9.121480921476104,9.146385199656716,8.638598225066781,8.684171676635742,770780000
2020-05-27,8.591779842948718,8.599499552152,7.96594949684625,8.492414474487305,1175892000
2020-05-28,8.379849331386758,8.72675841529531,8.346976440269852,8.454312324523926,734896000
2020-05-29,8.52155059993802,8.841314315795898,8.452318320725862,8.841314315795898,745256000
2020-06-01,8.799230539284187,8.806701350524737,8.656033973831253,8.772334098815918,389876000
2020-06-02,8.762370225061078,8.80321172202104,8.624652366711704,8.791257858276367,391320000
2020-06-03,8.788270910721511,8.832101115137124,8.666491209530859,8.735723495483398,365440000
2020-06-04,8.698349139572496,8.912867912730361,8.648020780578813,8.736719131469727,424280000
2020-06-05,8.764624637150327,8.966436118041159,8.678418318204127,8.889698028564453,481748000
2020-06-08,8.847095164462296,8.859552513936833,8.6562459473122,8.775091171264648,387736000
2020-06-09,8.770106557565944,9.078803940290415,8.721522237530877,9.015270233154297,468488000
2020-06-10,9.136606093088256,9.467727031102099,9.12240374979745,9.334929466247559,632180000
2020-06-11,9.118917422183276,9.229789434182623,8.756154547254663,8.766369819641113,583652000
2020-06-12,9.13137603070364,9.156041713433337,8.67368562111554,8.902156829833984,570908000
2020-06-15,8.785305003482147,9.151057932425964,8.714047113327261,9.142586708068848,400004000
2020-06-16,9.193663162244485,9.235271292358194,8.808724754785406,9.037693977355957,535716000
2020-06-17,9.082792693598257,9.267412763702257,9.039439558030717,9.20462703704834,408304000
2020-06-18,9.195656722193018,9.250968222748897,9.083538687223703,9.186687469482422,254408000
2020-06-19,9.211103234912088,9.412914727632721,9.195904834357798,9.229788780212402,524160000
2020-06-22,9.26840846511835,9.498872728106782,9.241748771132274,9.49438762664795,398468000
2020-06-23,9.518555877885476,9.609745343124262,9.375543956112791,9.417899131774902,375108000
2020-06-24,9.444058844499436,9.52403697253175,9.113435883941849,9.204127311706543,449372000
2020-06-25,9.32396813027202,9.472711150928301,9.15105745767166,9.457761764526367,376072000
2020-06-26,9.467729712336192,9.467729712336192,9.094003539480816,9.1239013671875,592084000
2020-06-29,9.138602963610374,9.173234911716186,8.869768640938407,9.168749809265137,342248000
2020-06-30,9.282360571198074,9.49388931691423,9.23502227034489,9.465486526489258,367892000
2020-07-01,9.48840613314034,9.543219591160486,9.381022242501066,9.497624397277832,326648000
2020-07-02,9.606259084489116,9.70442475980624,9.545715426810109,9.57960033416748,364056000
2020-07-06,9.70865754167774,9.875090068802235,9.679506757953977,9.805826187133789,315892000
2020-07-07,9.912463798097562,10.035793168745375,9.81728820722433,9.838216781616211,357800000
2020-07-08,9.959799470385146,10.190264642534341,9.931645698056236,10.181294441223145,365480000
2020-07-09,10.344987505440661,10.534092629423608,10.198735577365294,10.473299980163574,494548000
2020-07-10,10.55278204256636,10.619055866576208,10.343495332100385,10.44365406036377,497676000
2020-07-13,10.559008288759605,10.755587630848778,9.990943973478354,10.018101692199707,457076000
2020-07-14,10.040773187685677,10.367409966137343,9.752256436557058,10.341747283935547,542676000
2020-07-15,10.37887374260071,10.397559289542265,10.021591068209313,10.192508697509766,403984000
2020-07-16,9.980978547691462,10.172076731074126,9.861884339535031,10.100321769714355,344964000
2020-07-17,10.190762048808836,10.213683677525733,10.053480339910655,10.16684341430664,266284000
2020-07-20,10.239348798460751,10.495475748934792,10.122247637300884,10.475045204162598,284852000
2020-07-21,10.477288085807832,10.524129314223586,10.251806935143245,10.293415069580078,277036000
2020-07-22,10.332281869444877,10.56648323144531,10.256539828820165,10.403289794921875,367292000
2020-07-23,10.414500470016959,10.51117107626877,9.99717318149924,10.095338821411133,411660000
2020-07-24,9.841457339152763,10.329543701769243,9.743790644012229,10.159872055053711,473292000
2020-07-27,10.19749267897111,10.406280397838827,10.183041317578041,10.386099815368652,292132000
2020-07-28,10.33900883154469,10.346732063604907,10.174569378566787,10.180797576904297,271636000
2020-07-29,10.355454677805932,10.480528106234312,10.311853477699913,10.429950714111328,284508000
2020-07-30,10.339754450435084,10.586912098872977,10.260275313229231,10.577942848205566,308880000
2020-07-31,10.527367058329665,10.72992751603733,10.397559530166061,10.578692436218262,386080000
2020-08-03,10.696042378108977,11.061048285507654,10.678850914559442,10.972848892211914,412720000
2020-08-04,11.012463703459618,11.18960952758789,10.86895281349992,11.18960952758789,310336000
2020-08-05,11.205804134027222,11.333119607322317,11.128318048466182,11.248408317565918,249924000
2020-08-06,11.31119465090716,11.31941686149948,11.14077600653465,11.296993255615234,244316000
2020-08-07,11.274072170779698,11.465669360906174,11.000006708128012,11.161456108093262,342516000
2020-08-10,11.295747876802203,11.369495904917775,10.819620023247541,11.12707233428955,427796000
2020-08-11,11.036131858187444,11.098918523004569,10.759076349780809,10.813142776489258,354512000
2020-08-12,10.953413191915978,11.428044999705826,10.921023332854274,11.401386260986328,464412000
2020-08-13,11.50677883510985,11.681932558558554,11.317175651807057,11.404129028320312,374460000
2020-08-14,11.490833384099657,11.664990101368055,11.401637932009832,11.524718284606934,366436000
2020-08-17,11.810990587312567,12.367593632314799,11.777106641549244,12.295090675354004,621300000
2020-08-18,12.407707107828923,12.453551324655562,12.045193262326693,12.219099998474121,503448000
2020-08-19,12.254730435791068,12.273166969973811,12.056904085940626,12.097267150878906,622624000
2020-08-20,11.934321676834784,12.33296250907546,11.838398102854091,12.099757194519043,921388000
2020-08-21,12.160301181206735,12.765239587965969,12.153823018009948,12.64041519165039,999868000
2020-08-24,12.839984531805605,12.868637287738805,12.465012367409239,12.677040100097656,490564000
2020-08-25,12.587843670733813,12.717900209018433,12.531037137240192,12.70668888092041,289076000
2020-08-26,12.755771158963569,12.82478602619739,12.634683873931435,12.729610443115234,321244000
2020-08-27,12.73808206029818,12.80634988794029,12.523812247203733,12.585352897644043,317604000
2020-08-28,12.63194271103962,13.103335485435085,12.599552848710347,13.103086471557617,537160000
2020-08-31,13.137966198424918,13.528883733964262,12.993459276887542,13.329065322875977,500840000
2020-09-01,13.438225815701944,13.950383810695971,13.394860672886267,13.778169631958008,511316000
2020-09-02,14.658186142029646,14.681115585297444,13.856926739094181,14.302043914794922,874012000
2020-09-03,13.78589572874662,13.841472858528125,12.838839874963439,12.975166320800781,945128000
2020-09-04,12.744135910810883,13.13417413255134,11.668479943380701,12.583386421203613,1463684000
2020-09-08,11.698137285184876,12.511110487825011,11.667981426416873,11.876084327697754,795728000
2020-09-09,12.361574683143147,12.769556763892693,12.193845970090976,12.675599098205566,736200000
2020-09-10,12.94899900089753,13.024763704510125,12.129296630055405,12.273598670959473,698684000
2020-09-11,12.446808743019314,12.613291040493863,11.858886043297618,12.126803398132324,636928000
2020-09-14,13.040466040853438,13.273740196264075,12.592109741002641,12.832362174987793,1201744000
2020-09-15,13.23884768114521,13.257539768805044,12.787999584615463,12.950743675231934,727556000
2020-09-16,12.917096438036799,13.05217649163563,12.474971233114562,12.47571849822998,556384000
2020-09-17,12.09465347967906,12.550736199701985,11.99745577232178,12.424877166748047,792512000
2020-09-18,12.554724352386739,12.593353969240907,11.951599589222688,12.151477813720703,698460000
2020-09-21,11.88804667529522,12.483694973903694,11.867610018715604,12.478461265563965,721044000
2020-09-22,12.536031626594971,12.608805364071547,12.117832199845257,12.598587036132812,646452000
2020-09-23,12.536528628986584,12.687559837051763,12.041817283948461,12.08617877960205,647012000
2020-09-24,12.034841522187119,12.530550274972123,11.97677159825077,12.309736251831055,731240000
2020-09-25,12.408927939676413,12.843576734436919,12.20780331992882,12.833856582641602,588016000
2020-09-28,12.99983877209932,13.01130349167089,12.710488416606502,12.99460506439209,573808000
2020-09-29,12.897410012500536,13.401094349784989,12.893173608080435,13.18476676940918,621460000
2020-09-30,13.116728755297382,13.580287998989844,13.109501388400432,13.48857307434082,689184000
2020-10-01,13.715368014007055,13.720102595299453,13.419038366812762,13.572312355041504,525004000
2020-10-02,13.184018292696402,13.477605085052133,13.01055675215891,13.021772384643555,552496000
2020-10-05,13.194984295527707,13.601969064421914,13.18177500481166,13.600224494934082,479820000
2020-10-06,13.787143888533949,14.098177345056344,13.622655224165202,13.693933486938477,784420000
2020-10-07,13.956369246859877,14.07549911308544,13.820540949044304,13.920729637145996,418084000
2020-10-08,14.031383838958014,14.040854902094079,13.71536672951191,13.795866012573242,378900000
2020-10-09,13.724336803370834,13.781409410677943,13.618416258107684,13.720099449157715,346892000
2020-10-12,13.946148379332305,14.302540608740335,13.8693873271099,14.181915283203125,434744000
2020-10-13,14.25219938609199,14.304038298400052,13.97531003975401,14.20409870147705,344604000
2020-10-14,14.246216365246953,14.298304361964878,13.916740866696482,14.0515718460083,276100000
2020-10-15,13.767953352964803,13.962348784110764,13.725086380494536,13.92671012878418,267224000
2020-10-16,13.993253808870179,14.077741366839037,13.749760375883875,13.768701553344727,242392000
2020-10-19,13.859917859739575,13.940168059936457,13.365205465785674,13.455924034118652,298068000
2020-10-20,13.541408020040002,13.756988333381303,13.465145135362771,13.603216171264648,229212000
2020-10-21,13.582778214685826,13.748762347991198,13.435735256534779,13.48283863067627,219596000
2020-10-22,13.480596768269912,13.569569814147943,13.190747236945244,13.319597244262695,290480000
2020-10-23,13.408319223122215,13.551125765582382,13.25006159631915,13.548134803771973,233484000
2020-10-26,13.385390724927863,13.650317116074088,12.998094445912937,13.100525856018066,336896000
2020-10-27,13.264766581144487,13.400345770075305,13.150621352779737,13.355236053466797,250520000
2020-10-28,13.157101249805214,13.218909394525857,12.569926727116144,12.587870597839355,376520000
2020-10-29,12.798715363998193,13.15186754873431,12.710489589909798,12.983640670776367,320080000
2020-10-30,12.810182823946036,12.89641400797569,12.261886887186465,12.495162010192871,416820000
2020-11-02,12.618526270619803,12.796971486220077,12.35659080784414,12.541765213012695,299652000
2020-11-03,12.669117520739826,13.064388441272703,12.563695145895855,12.979153633117676,272900000
2020-11-04,13.347760149384634,13.78465267155279,13.29567214922676,13.751504898071289,410228000
2020-11-05,14.118615031439523,14.29456747948615,13.947646253256467,14.116122245788574,319028000
2020-11-06,14.066029001067387,14.543544851997412,13.851945092022268,14.516878128051758,383348000
2020-11-09,14.507403229682708,14.645972423648024,13.56857203173021,13.588509559631348,582976000
2020-11-10,13.564336776684897,13.564336776684897,12.5891185599537,12.730429649353027,644068000
2020-11-11,13.013297662236877,13.393366583689211,12.90812437650842,13.376419067382812,404744000
2020-11-12,13.437230778580004,13.723341113846628,13.27473578360391,13.41504955291748,365812000
2020-11-13,13.585022871744126,13.626394366697403,13.018783096702379,13.255796432495117,346312000
2020-11-16,13.131680223580256,13.607202313972754,13.115231833557882,13.473368644714355,413776000
2020-11-17,13.510501631287235,13.554115863305508,13.262522754338525,13.380655288696289,312028000
2020-11-18,13.423522372522545,13.563587043651735,13.144141246087537,13.38713550567627,510924000
2020-11-19,13.17180655068119,13.445704907564874,13.059405888959795,13.398601531982422,565936000
2020-11-20,13.41230763297263,13.452681814970418,13.024512222080595,13.047192573547363,341088000
2020-11-23,13.13043638351917,13.34103113334532,12.975168734677316,13.099283218383789,361356000
2020-11-24,13.101775852379744,13.12121520804302,12.845074060237616,12.917598724365234,346500000
2020-11-25,12.992115187065773,13.228380285277073,12.979654112179025,13.193737983703613,259916000
2020-11-27,13.333552723080512,13.365952276272498,13.129686242574325,13.220154762268066,167276000
2020-11-30,13.223894627264986,13.370937590814925,12.932051446429709,13.359971046447754,286952000
2020-12-01,13.450441131335312,13.486828003601703,13.187258315377758,13.34850788116455,296948000
2020-12-02,13.309127241026008,13.631126226473347,13.193237458838539,13.50252628326416,283360000
2020-12-03,13.549397381312977,13.621694304141695,13.291623122358182,13.358434677124023,199520000
2020-12-04,13.41078730935325,13.52197537830455,13.351205256307612,13.520230293273926,202244000
2020-12-07,13.563111468128932,13.69274705916603,13.462145679850117,13.568595886230469,223244000
2020-12-08,13.546904559527674,13.560616077431042,13.244255468660604,13.3125638961792,271920000
2020-12-09,13.26320049071074,13.376381837972524,12.832162653647892,12.894487380981445,401300000
2020-12-10,12.832913961572821,13.032103781438378,12.81346791192631,12.935873985290527,207764000
2020-12-11,12.930883668310736,12.983486318583273,12.787038296114813,12.976755142211914,209264000
2020-12-14,13.051300120806733,13.351206564454696,13.040829609597083,13.271430969238281,270156000
2020-12-15,13.402061434232618,13.426243461845102,13.14977159927555,13.323034286499023,193016000
2020-12-16,13.384860738064194,13.39956985591814,13.175449574906734,13.205366134643555,223116000
2020-12-17,13.329267523670584,13.341982394739599,13.141545813887706,13.303839683532715,231384000
2020-12-18,13.341480601086888,13.367407711372202,13.033846398297575,13.234781265258789,342064000
2020-12-21,13.038084209341594,13.332506174025465,12.931134759264241,13.294861793518066,302332000
2020-12-22,13.281897959126036,13.299847130440972,13.017391613694233,13.241012573242188,185580000
2020-12-23,13.218825746792993,13.237772518322112,12.968530174223998,12.97276782989502,179144000
2020-12-24,13.000689591227811,13.095672613802039,12.902466511804553,12.957311630249023,97884000
2020-12-28,13.025866637699117,13.025866637699117,12.727456224694288,12.863821983337402,212564000
2020-12-29,12.888754523484122,13.03584092625599,12.806236260344338,12.906952857971191,170372000
2020-12-30,12.953821418799093,13.176694914698261,12.860584432443018,13.108885765075684,225396000
2020-12-31,13.099662161368183,13.114121164807875,12.87878290992759,13.018390655517578,192424000
2021-01-04,13.067501258122682,13.61421397971434,12.926148437741286,13.076725006103516,560640000
2021-01-05,13.063013897871317,13.405799918708546,13.050299979878782,13.367158889770508,322760000
2021-01-06,13.185420201840708,13.207857143489328,12.55070572206963,12.57912540435791,580424000
2021-01-07,12.93113434405788,13.34023452196622,12.850362120145352,13.306578636169434,461480000
2021-01-08,13.325028278582424,13.38336356753175,13.005426670817448,13.239518165588379,292528000
2021-01-11,13.381120845591191,13.921850895343624,13.32502896268327,13.58330249786377,518344000
2021-01-12,13.713931694212436,13.71592689180554,13.307575183083843,13.446932792663574,291476000
2021-01-13,13.452169197546132,13.586790839609762,13.347464109941011,13.493802070617676,210028000
2021-01-14,13.536934007155532,13.561614361959876,13.143540449455568,13.16323471069336,283120000
2021-01-15,13.190905033846901,13.287882305059432,12.812469810724464,12.82343864440918,277780000
2021-01-19,12.97974631151567,13.05727847139922,12.807979582435895,12.98872184753418,226188000
2021-01-20,13.074981565628885,13.392838104481921,13.02013644379151,13.328269958496094,258572000
2021-01-21,13.380870156744221,13.959992011036567,13.215834583904515,13.828611373901367,337780000
2021-01-22,13.701468596467407,13.802933631043508,13.589034728801968,13.67404556274414,246820000
2021-01-25,13.743101253478759,13.789720219870421,13.199380371226189,13.614961624145508,251112000
2021-01-26,13.542416475351589,13.606486294408791,13.349957856187535,13.397574424743652,163980000
2021-01-27,13.19289858121172,13.19564126498745,12.75787222578399,12.881525039672852,371272000
2021-01-28,12.959805478023089,13.302342356675961,12.924155341787754,13.01440143585205,228316000
2021-01-29,13.038335162725016,13.297357142281673,12.87529381345068,12.953324317932129,271552000
2021-02-01,13.016646669284185,13.233536494186444,12.866568401432255,13.199881553649902,217204000
2021-02-02,13.361176112515281,13.533939513350386,13.248242969774687,13.518733024597168,220440000
2021-02-03,13.597759024822759,13.892680242866938,13.478594940603553,13.492555618286133,245408000
2021-02-04,13.493055176707028,13.635155488119919,13.300347404064619,13.625931739807129,201340000
2021-02-05,13.68651004246619,13.698725635356672,13.507762015334324,13.552885055541992,169152000
2021-02-08,13.688757000480859,14.433163726948356,13.688757000480859,14.398262023925781,434624000
2021-02-09,14.300532438901921,14.542352674478018,14.182614166564251,14.223250389099121,287560000
2021-02-10,14.422691425140114,14.863202216590143,14.301282965701423,14.722846984863281,485352000
2021-02-11,14.938242328908395,15.229423311893008,14.883147095100519,15.207983016967773,450828000
2021-02-12,15.007796320212169,15.248369834422629,14.733566916671759,14.919295310974121,374756000
2021-02-16,15.02200431508525,15.329390295174722,14.908074531360281,15.28725814819336,321960000
2021-02-17,15.128456867917356,15.180810369685322,14.738553519197914,14.864200592041016,274756000
2021-02-18,14.687696501315875,14.83154190660509,14.5341280721423,14.787416458129883,233868000
2021-02-19,14.98236639799842,15.134438891463464,14.805115230939935,14.884641647338867,271724000
2021-02-22,14.733318293645503,15.090813464605944,14.284829539167944,14.3154935836792,325884000
2021-02-23,14.035777365455168,14.19881963343918,13.35195045937646,14.102340698242188,391780000
2021-02-24,14.083145503096832,14.466068467380678,13.717423274073871,14.45833969116211,448320000
2021-02-25,14.00611199836621,14.33443901715153,13.179188080871866,13.270181655883789,824436000
2021-02-26,13.713934197276801,13.815648400098299,13.323532538638371,13.676041603088379,500932000
2021-03-01,13.836090305328044,13.885950280412095,13.515242901527062,13.802933692932129,353184000
2021-03-02,13.861020214199105,13.881462909178813,13.358433857283094,13.36865520477295,264116000
2021-03-03,13.38859986982293,13.41377854511925,12.762859005310784,12.768842697143555,377592000
2021-03-04,12.764852623838904,12.938614575428367,12.049863300020087,12.335559844970703,573344000
2021-03-05,12.514807484700661,12.514807484700661,11.646498815490384,12.426555633544922,542840000
2021-03-08,12.41508648345778,12.436276664198935,11.534063968796627,11.560739517211914,543112000
2021-03-09,12.100407665853615,12.585710586701868,12.029582238014875,12.489448547363281,521824000
2021-03-10,12.808913047383374,12.948069551197852,12.426855781954256,12.437579154968262,384376000
2021-03-11,12.91814061708739,13.014154358534435,12.703170905345067,12.961533546447754,299916000
2021-03-12,12.617132129280913,12.85704089501398,12.559025962321957,12.824371337890625,243964000
2021-03-15,12.833099637107122,13.174258245322083,12.73583966195434,13.158796310424805,221988000
2021-03-16,13.323640516436615,13.479256868126042,13.084480431649451,13.258551597595215,272128000
2021-03-17,13.007672980312252,13.420155624009675,12.957546539469925,13.308431625366211,243864000
2021-03-18,13.104184222736647,13.151567029011133,12.685715853663865,12.691202163696289,293896000
2021-03-19,12.718632702400825,12.889710986982735,12.581471167444477,12.814146995544434,299208000
2021-03-22,12.880983842945088,13.36154823506086,12.874998085903743,13.153810501098633,297804000
2021-03-23,13.221643113543065,13.311671106919352,12.989216509091099,13.038595199584961,222048000
2021-03-24,13.118896401350066,13.126877093413306,12.605662461359328,12.611896514892578,245840000
2021-03-25,12.468750209276983,12.683470687202513,12.241809920894694,12.504411697387695,295144000
2021-03-26,12.523612577983327,12.824620384035123,12.343058124473357,12.807662010192871,363968000
2021-03-29,12.788709827744805,13.030364297959583,12.668755911865413,12.91639518737793,273520000
2021-03-30,12.810408344776906,12.943330782149033,12.673745284717413,12.84008502960205,200204000
2021-03-31,12.98348265572809,13.437363304695063,12.950563841520216,13.315414428710938,314776000
2021-04-01,13.538860163952092,13.83587716537541,13.47800941308957,13.77777099609375,308276000
2021-04-05,13.833386929714822,13.979526181538688,13.699217290863874,13.953091621398926,255672000
2021-04-06,13.965309496536149,14.019675048728104,13.739616396250584,13.827399253845215,191744000
2021-04-07,13.84660035897789,14.208457976713019,13.677767211137832,14.108704566955566,251284000
2021-04-08,14.217686408200958,14.435898249089426,14.2139448346701,14.281778335571289,244416000
2021-04-09,14.179032137087,14.372555124634204,14.140128521718337,14.364574432373047,195172000
2021-04-12,14.254596031105418,15.314731433707978,14.104465977801848,15.171584129333496,869324000
2021-04-13,15.194027608780681,15.661375156600382,15.088537687934439,15.640925407409668,676212000
2021-04-14,15.586562476746503,15.681827538993751,15.19004028928494,15.239418983459473,385500000
2021-04-15,15.62396691847129,16.174359665359855,15.593043048827143,16.097549438476562,598480000
2021-04-16,16.013507430530804,16.12598105828335,15.82621945225456,15.873353958129883,335208000
2021-04-19,15.49827785931113,15.768611067379295,15.195524339740611,15.323957443237305,404420000
2021-04-20,15.285551919658973,15.458874387907025,14.926188677668558,15.133926391601562,334132000
2021-04-21,15.081557836067637,15.324708787371998,15.065098905164291,15.322713851928711,216776000
2021-04-22,15.337175698398932,15.400519884321316,14.747130576116172,14.813716888427734,277788000
2021-04-23,14.897511312075965,15.297275618549515,14.863595508360055,15.227697372436523,227500000
2021-04-26,15.147642935688191,15.440919322295558,15.087790126519275,15.439921379089355,197796000
2021-04-27,15.540174924345006,15.631948601560827,15.316726012485972,15.34390926361084,164572000
2021-04-28,15.32670273224523,15.494040417919788,15.178069111051128,15.239168167114258,209416000
2021-04-29,15.36211192586429,15.398522104278095,15.03442032014005,15.287047386169434,173196000
2021-04-30,15.137170190038917,15.327200854865179,14.960106128775966,14.972575187683105,201912000
2021-05-03,15.087792841826365,15.209243217807904,14.751123464730155,14.800251960754395,203912000
2021-05-04,14.601240371190695,14.601489619166298,13.975783018917165,14.315943717956543,405324000
2021-05-05,14.672812250894037,14.777055926521586,14.352103386839238,14.422928810119629,292024000
2021-05-06,14.459591465964824,14.535404719230742,14.183024162475034,14.487273216247559,193380000
2021-05-07,14.771820371378341,14.933920031269896,14.63565581990065,14.775810241699219,229328000
2021-05-10,14.750871407443766,14.76957547077731,14.214943531610285,14.2306547164917,268904000
2021-05-11,13.790989321233113,14.319435968974824,13.716174016861329,14.271055221557617,285584000
2021-05-12,13.975032305597841,14.225165931588482,13.675521901708088,13.724650382995605,303408000
2021-05-13,13.999224078927785,14.046109333462992,13.42588811866728,13.631630897521973,285404000
2021-05-14,13.855829803441582,14.292752013541277,13.714677433186372,14.207961082458496,258616000
2021-05-17,14.122171332609264,14.134391142572785,13.819418762550056,14.130650520324707,216980000
2021-05-18,14.231902003595811,14.368814302100715,13.96954852184947,13.981269836425781,186256000
2021-05-19,13.53312663560361,14.044865162150497,13.509934202642043,14.031148910522461,344000000
2021-05-20,14.267313661284234,14.647626114558799,14.23539279664413,14.57655143737793,321592000
2021-05-21,15.126443178932425,15.184550295946321,14.83291756981621,14.954866409301758,672992000
2021-05-24,15.17507511104745,15.706265365867367,15.13866492809838,15.573593139648438,554816000
2021-05-25,15.727214784284769,15.779585403800763,15.444412487570158,15.60925579071045,435408000
2021-05-26,15.69554008775316,15.754893444902814,15.547904438727713,15.66137409210205,370440000
2021-05-27,15.66112686872143,15.71125330157703,15.421966770902706,15.449897766113281,581476000
2021-05-28,15.462864882329143,16.237454287840492,15.462864882329143,16.20453453063965,644536000
2021-06-01,16.22997265762719,16.347931629920918,15.864124228355527,16.224485397338867,472804000
2021-06-02,16.212265926193794,16.87712625493025,16.195556800663763,16.736970901489258,594168000
2021-06-03,16.659660326680882,17.216537251352364,16.542199867808534,16.927997589111328,580008000
2021-06-04,17.07039788842642,17.617548491853103,17.0534414177765,17.535003662109375,617120000
2021-06-07,17.528023884085115,17.76867947172536,17.150455047093143,17.575654983520508,575756000
2021-06-08,17.484135437637658,17.57815332039615,17.208564141055195,17.414058685302734,323848000
2021-06-09,17.476668838830243,17.53578651537841,17.21724873586014,17.31951904296875,381656000
2021-06-10,17.311284529275444,17.452967859710565,17.137673016665815,17.38611602783203,287772000
2021-06-11,17.44049548819086,17.89922071360538,17.40482582522779,17.78547477722168,416308000
2021-06-14,17.866042920276705,17.999244162607233,17.62333583892256,17.978540420532227,321376000
2021-06-15,17.87502096270632,17.976044703982375,17.688438006595494,17.748802185058594,243032000
2021-06-16,17.751048686283887,17.914682262565314,17.545257811678535,17.770503997802734,307124000
2021-06-17,17.734834323579165,18.792966905127752,17.716625537466296,18.61561393737793,809656000
2021-06-18,18.74208463201298,19.331765442705965,18.54253016298032,18.597158432006836,968856000
2021-06-21,18.394110948679845,18.495136607237573,17.782978507688828,18.38612937927246,672384000
2021-06-22,18.430278496257454,18.921430408685627,18.34496858666156,18.844600677490234,580144000
2021-06-23,18.965333770522275,19.110010659811476,18.865556539871367,19.01472282409668,332356000
2021-06-24,19.184844909364667,19.37666521172069,19.045654629248613,19.162643432617188,320924000
2021-06-25,19.23747460979559,19.30233009055786,18.852336315853158,18.9885311126709,278364000
2021-06-28,19.31804607968373,20.033945692644743,19.275890678564842,19.940404891967773,495436000
2021-06-29,19.838132408460762,20.053899319285392,19.61313549933401,19.9820613861084,367632000
2021-06-30,19.954621891960947,20.117507567563237,19.819424307190975,19.95786476135254,326568000
2021-07-01,20.08008916798285,20.410349886109096,19.974324818701906,20.166894912719727,480136000
2021-07-02,20.39463557614334,20.45949105387134,20.24247574556543,20.441280364990234,342764000
2021-07-06,20.69122385571064,20.795490483018398,20.304839002416227,20.652311325073242,446708000
2021-07-07,20.806969493155897,20.82842115434022,20.286633492945466,20.3262939453125,418428000
2021-07-08,19.812193120256214,20.08807493944189,19.65679038448507,19.858339309692383,503300000
2021-07-09,19.91795284925319,20.035440254937832,19.71016751816278,20.00550651550293,296624000
2021-07-12,20.19483717208179,20.48693334951167,20.142703851662763,20.46673011779785,321984000
2021-07-13,20.3549707500831,20.415586131085917,20.069111117742807,20.20480728149414,290708000
2021-07-14,20.312320711528482,20.37218628598519,19.708671252768255,19.797222137451172,380100000
2021-07-15,19.767541563589802,19.802712615853245,18.81641780631907,18.923927307128906,550564000
2021-07-16,18.988030726422647,19.11424759877164,18.032667088106123,18.12047004699707,688224000
2021-07-19,17.875275342534227,18.999510194615794,17.825635073987275,18.73784637451172,749060000
2021-07-20,18.688205629147088,18.79596444122418,18.123468610489642,18.57046890258789,434687000
2021-07-21,18.83986794741702,19.48342919463294,18.700180942970537,19.366689682006836,371017000
2021-07-22,19.59817284947794,19.842625113327063,19.232988381513685,19.55027961730957,323826000
2021-07-23,19.612141332309406,19.65604377849129,19.2070471107687,19.514360427856445,195672000
2021-07-26,19.26790448926892,19.398610751293184,18.871789209984744,19.25094223022461,203943000
2021-07-27,19.222012172569684,19.578215925957867,18.69918123958821,19.16514015197754,248863000
2021-07-28,19.27588707854818,19.60215699543012,18.95261072554939,19.459476470947266,202191000
2021-07-29,19.475443459730137,19.808699693651445,19.284869681606036,19.618125915527344,190781000
2021-07-30,19.37467147777708,19.58619833114908,19.22001855051348,19.45549201965332,183497000
2021-08-02,19.65604303889912,19.91646033514249,19.31779876840227,19.705930709838867,217444000
2021-08-03,19.69594907533359,20.17687382086152,19.17710902193863,19.770782470703125,301811000
2021-08-04,19.945393101365298,20.27266220607287,19.783753941478007,20.228759765625,231309000
2021-08-05,20.454252790573072,20.686732636563846,20.296604434887584,20.590946197509766,211435000
2021-08-06,20.478199273286513,20.524096148760073,20.164898907628032,20.3205509185791,178497000
2021-08-09,20.400372185145788,20.46223410099579,20.098048857451968,20.249710083007812,146443000
2021-08-10,20.276652149351023,20.38441095043881,19.79073746939865,19.89151382446289,179238000
2021-08-11,19.998274902544892,20.00426203166139,19.386643798764577,19.65504264831543,185925000
2021-08-12,19.8256587030102,19.984302369421908,19.576216606059397,19.860580444335938,151652000
2021-08-13,19.860582533688213,20.168893013178696,19.806702182493282,20.1429500579834,183063000
2021-08-16,20.09006796888295,20.24172919957382,19.409588774585117,19.905481338500977,210876000
2021-08-17,19.641070192734382,19.725881495356077,19.224003737171717,19.41457748413086,204585000
2021-08-18,19.456485405778384,19.590187158874645,18.95760116460458,18.997512817382812,285913000
2021-08-19,19.450499831207676,20.449267516834226,18.720132893608813,19.753822326660156,766555000
2021-08-20,19.946392332251655,20.818442681603692,19.888523090251827,20.76955223083496,675741000
2021-08-23,20.924201575683597,21.947911015070833,20.903248530842916,21.908998489379883,575807000
2021-08-24,21.70445975402652,21.90999945326239,21.486945796783075,21.744369506835938,297299000
2021-08-25,21.68849725920362,22.419861502010125,21.67353133802832,22.163434982299805,347701000
2021-08-26,22.15046036413365,22.29014733822545,21.741375451642853,22.018754959106445,237940000
2021-08-27,22.134496340275508,22.671295897934026,22.1175340779144,22.585487365722656,304722000
2021-08-30,22.779052466422176,22.99157648068366,22.500675753070578,22.63736915588379,262580000
2021-08-31,22.648343804147203,22.648343804147203,22.074527018796815,22.33898162841797,259850000
2021-09-01,22.438784759124236,22.650348906025947,22.31104759248821,22.394874572753906,201767000
2021-09-02,22.471715025421343,22.546561628038457,22.249173817151615,22.349966049194336,187834000
2021-09-03,22.279108568441263,22.938749089053665,22.154365523608845,22.796043395996094,280532000
2021-09-07,22.78606358536251,22.85192789740587,22.475702069426948,22.615415573120117,198107000
2021-09-08,22.46672724531443,22.563527993240072,21.931827737265916,22.2930850982666,254434000
2021-09-09,22.26613522548103,22.491670487300535,22.085507536787368,22.131412506103516,196856000
2021-09-10,22.302059384512948,22.57948778548867,22.22422061022854,22.431793212890625,248376000
2021-09-13,22.637372339454643,22.916797475878276,21.81306999526155,22.10646629333496,297500000
2021-09-14,22.229208820860716,22.363931529281412,22.04059817112836,22.196277618408203,199755000
2021-09-15,22.263138750020325,22.321020081134847,21.92084345403375,22.295072555541992,166538000
2021-09-16,22.137398889695206,22.23120551650679,21.881924632093252,22.196277618408203,156033000
2021-09-17,22.254155878288213,22.275112616046236,21.78512276887462,21.854978561401367,294503000
2021-09-20,21.102532264947648,21.388942963530003,20.619527919799644,21.06960105895996,349440000
2021-09-21,21.372973831688537,21.380956807798107,20.906934767163182,21.20232582092285,204688000
2021-09-22,21.322078150480692,21.91485695580425,21.152427535281358,21.895896911621094,268726000
2021-09-23,22.094485487203986,22.48867392993623,21.844999420172584,22.43578338623047,248555000
2021-09-24,22.02463313008802,22.10347121162325,21.816063110959004,22.03561019897461,217655000
2021-09-27,21.665371157592627,21.75418890615817,21.28116425373178,21.615474700927734,245215000
2021-09-28,21.170394880020993,21.374973422098716,20.608550508955098,20.656452178955078,343069000
2021-09-29,20.896959603658967,20.97380099971787,20.42493035007335,20.474828720092773,218394000
2021-09-30,20.725307380902738,21.022695124605836,20.645471911080165,20.67341423034668,221009000
2021-10-01,20.707346685202516,20.816121880682246,20.161470205057466,20.699363708496094,240978000
2021-10-04,20.46185505357973,20.49977705360861,19.514806256090917,19.691442489624023,345635000
2021-10-05,19.90899448692086,20.60555973549591,19.81319114034007,20.408964157104492,279282000
2021-10-06,20.07864390366975,20.677409072761147,20.038725210568696,20.657451629638672,297202000
2021-10-07,21.048642502901718,21.27817116327567,20.928890239898514,21.031679153442383,256919000
2021-10-08,21.057628709469974,21.162412435012104,20.732298558657803,20.788183212280273,151258000
2021-10-11,20.532707830127908,21.019703686500428,20.46883830414969,20.6524600982666,163388000
2021-10-12,20.785184469191023,21.013713821439726,20.485801919360195,20.628507614135742,162134000
2021-10-13,20.87499739389011,20.946849883438986,20.670418895804758,20.895954132080078,180652000
2021-10-14,21.24424280701027,21.710281948455567,21.078583653114016,21.70130157470703,243589000
2021-10-15,21.765173023380722,21.885924619456414,21.617478397899593,21.817066192626953,226994000
2021-10-18,21.70429374523038,22.245179438302365,21.599508134493956,22.176321029663086,189494000
2021-10-19,22.230205709624432,22.332994609355918,21.991698611888154,22.244178771972656,161473000
2021-10-20,22.25914627310749,22.386883392945418,21.936810333681272,22.05756187438965,146276000
2021-10-21,22.051584525486756,22.66432290128174,22.037613360363462,22.645360946655273,187590000
2021-10-22,22.776085781397935,23.08245393094305,22.514625207539453,22.679285049438477,249384000
2021-10-25,22.925775538059284,23.30699025615322,22.72319371456026,23.118379592895508,230235000
2021-10-26,23.939692534950368,25.207082591726095,23.874825605142483,24.666194915771484,485898000
2021-10-27,24.42369310756561,25.038426104852544,24.23208643543216,24.400739669799805,245990000
2021-10-28,24.82686784255815,24.898720361544715,24.472597940340428,24.889738082885742,234204000
2021-10-29,24.94960969141113,25.656154574337645,24.94861229510661,25.514446258544922,292503000
2021-11-01,25.59627881018903,25.84077414831852,25.17514534532995,25.77391242980957,265740000
2021-11-02,25.768924631119912,26.623164159534607,25.74696858717895,26.34673309326172,294112000
2021-11-03,26.61517983790427,26.728945830452645,26.18107451423238,26.54332733154297,239910000
2021-11-04,27.17302698343725,31.30052452350246,27.06225509891964,29.7397403717041,1153631000
2021-11-05,30.124952748085423,31.335458846244542,29.349549397535192,29.690847396850586,851260000
2021-11-08,30.087024548981766,31.036069844483087,29.845521436248426,30.740678787231445,503101000
2021-11-09,32.21564634517442,32.24358866979207,29.902410166166877,30.593984603881836,646746000
2021-11-10,29.29565811512244,30.786586602763936,28.718845203917095,29.39844512939453,636206000
2021-11-11,30.405372503422235,30.527121469817228,29.715792890325954,30.327531814575195,332172000
2021-11-12,29.948313753728954,30.61693662433334,29.56909378945469,30.327531814575195,413054000
2021-11-15,30.48919489959524,30.58100483290278,29.186877257904996,29.96327781677246,384909000
2021-11-16,29.697823609273023,30.327525043142156,29.64493116328389,30.14090919494629,264484000
2021-11-17,30.355476692185867,30.446291154053746,28.740802374447846,29.200855255126953,428508000
2021-11-18,32.300470838936384,32.69266078141231,31.25661944023778,31.609891891479492,781711000
2021-11-19,32.176719094226264,33.01998327209769,31.839414565134348,32.91719436645508,533867000
2021-11-22,33.4481023989034,34.57578069243723,31.834427549306902,31.89031219482422,754335000
2021-11-23,31.47017556009909,32.29348042683594,30.8165213124232,31.680742263793945,532163000
2021-11-24,31.396332208296116,32.787465936329255,30.86442684819975,32.60683822631836,435162000
2021-11-26,32.53298515826952,32.64275964880542,31.28555659079967,31.438241958618164,283069000
2021-11-29,32.29946994005568,33.34331741870342,31.97014645706555,33.30739212036133,454964000
2021-11-30,33.10082385631525,33.28444758524314,31.79850772473219,32.60883712768555,622066000
2021-12-01,33.15477484562234,33.22463920028377,31.31932783633501,31.374221801757812,484368000
2021-12-02,31.153664135855472,32.41522076687875,30.965028390986408,32.063899993896484,472890000
2021-12-03,31.93813163483009,32.06688384228752,30.07174622980887,30.63365936279297,544325000
2021-12-06,29.82223155843537,30.18253369080409,27.983793678236385,29.97892951965332,658938000
2021-12-07,30.897148284520917,32.38626422162918,30.591738246734344,32.36430358886719,593053000
2021-12-08,31.937133093041922,32.22757083379196,31.360249588511806,31.764467239379883,475551000
2021-12-09,31.67264959184218,32.142741606231084,30.36917465615968,30.431055068969727,488507000
2021-12-10,31.089777075680235,31.244478098261293,29.803269551316273,30.139617919921875,488825000
2021-12-13,30.190516381869546,30.235429453900565,28.06163905199242,28.106552124023438,598344000
2021-12-14,27.645446231268327,28.62255352658214,27.1973149206465,28.28221321105957,667035000
2021-12-15,28.345092875773645,30.441033250824958,27.7841791365001,30.40011215209961,698297000
2021-12-16,31.091772658065082,31.099756612539498,28.038686765312615,28.332117080688477,707366000
2021-12-17,27.930897709289578,28.866086498078595,27.706332317032363,27.74725341796875,713758000
2021-12-20,27.252206182638034,28.08958277596045,27.092515694370984,27.6654052734375,461847000
2021-12-21,28.319142478736474,29.063700457531855,27.348022192079924,29.018787384033203,524385000
2021-12-22,28.8351458054204,29.497861653248666,28.393998983391853,29.34316062927246,395184000
2021-12-23,29.697472444063603,30.00088555963705,29.374099442198006,29.58269500732422,343022000
2021-12-27,29.60265275302843,31.026893719009394,29.582690965802353,30.885168075561523,403686000
2021-12-28,31.251465890177478,31.269430741139406,29.953977992076766,30.26338005065918,420591000
2021-12-29,30.214470446589925,30.488938376760974,29.309222561431618,29.942995071411133,343139000
2021-12-30,29.769334255327937,30.39811732399104,29.482890369605972,29.52880096435547,308864000
2021-12-31,29.616633284660274,29.971945955286603,29.274295969453476,29.354141235351562,266530000
2022-01-03,29.75735697767053,30.651624582903967,29.727414293582168,30.06276512145996,391547000
2022-01-04,30.218462985082912,30.40909369115047,28.294191075815277,29.23337173461914,527154000
2022-01-05,28.893031463942076,29.359129558729837,27.479770596008006,27.55063247680664,498064000
2022-01-06,27.586559964920273,28.38301743954945,27.01267281731573,28.123519897460938,454186000
2022-01-07,28.086593233674098,28.367050088301752,27.00468748968169,27.194320678710938,409939000
2022-01-10,26.529609965171062,27.415893669977173,25.594421205944393,27.347026824951172,594681000
2022-01-11,27.27017541907624,28.010741462593767,26.787111899859354,27.763219833374023,404089000
2022-01-12,28.012733594807443,28.53971261700627,27.554621408963357,27.944866180419922,383413000
2022-01-13,28.324131697586143,28.42493625647017,26.446767908799874,26.52362060546875,540171000
2022-01-14,26.249148927885333,27.144415867632727,26.159322788062372,26.889907836914062,395832000
2022-01-18,26.209232613206122,26.586502096835268,25.720180142919816,25.852922439575195,424270000
2022-01-19,26.02858206203493,26.49168380986728,25.003567129964498,25.018537521362305,488315000
2022-01-20,25.255075801849063,25.52954371114921,24.031444525420937,24.10330581665039,435181000
2022-01-21,23.461553938187595,24.77500970305523,23.218026180646312,23.328811645507812,718958000
2022-01-24,22.286829332930466,23.33479860637558,20.847617715138355,23.326814651489258,913982000
2022-01-25,22.50240891802153,22.898642619197854,21.957465030730408,22.280838012695312,664616000
2022-01-26,23.195069558309832,24.010489477432596,22.256886340278513,22.72797393798828,755959000
2022-01-27,23.52243589687238,23.948610407504805,21.633094151119476,21.901575088500977,573353000
2022-01-28,21.96943921654881,22.813804156653173,21.254823989187226,22.795839309692383,543774000
2022-01-31,23.137178118250812,24.461614007193518,23.007430303531233,24.438657760620117,564680000
2022-02-01,25.0554650218014,25.0963861195441,23.843811420300632,24.59036636352539,518925000
2022-02-02,25.74413394762899,25.76708829461429,24.505532004420324,25.193201065063477,543419000
2022-02-03,24.410713264329317,25.028515976458163,23.734024607139915,23.90169906616211,410178000
2022-02-04,23.925654836755538,24.587373159445693,23.586312009547193,24.271984100341797,354829000
2022-02-07,24.324878438884706,25.133311835992746,24.15520704406836,24.680191040039062,376868000
2022-02-08,24.31190899495466,25.181225487134643,23.933641958398347,25.05946159362793,410359000
2022-02-09,25.57245987515864,26.67332787595736,25.303980882340767,26.653366088867188,524282000
2022-02-10,25.944745396249605,26.872945852936223,25.55050858235371,25.77407455444336,513200000
2022-02-11,25.865894587572004,26.1014383680604,23.727038196145745,23.90269660949707,605472000
2022-02-14,23.887726864389506,24.826907552973196,23.709072083831487,24.220083236694336,440424000
2022-02-15,24.900764591183574,26.49367965605607,24.73608458162661,26.443777084350586,699869000
2022-02-16,26.208231811287334,26.530607279677454,25.502597989095346,26.45974349975586,732676000
2022-02-17,25.580445575519956,25.73514658054274,24.118279789032503,24.459617614746094,810595000
2022-02-18,24.620305983753607,24.93769195223297,23.05533867775434,23.596290588378906,761255000
2022-02-22,22.990466739591504,24.01747672423465,22.955534556689436,23.34477996826172,633422000
2022-02-23,23.755980792771823,24.108298935289074,22.257883403820344,22.34371566772461,566511000
2022-02-24,20.97436959630377,23.753985005383658,20.84961126769638,23.702085494995117,735801000
2022-02-25,23.67514026050262,24.17017971684617,23.335797438813806,24.11029624938965,528866000
2022-02-28,23.94561831319899,24.61731757852468,23.66116943855256,24.337858200073242,477319000
2022-03-01,24.244037444614957,24.329871618461585,23.087277797297364,23.431610107421875,412056000
2022-03-02,23.714113121544962,24.365961607628535,23.373714780503384,24.17729377746582,389642000
2022-03-03,24.219219994125485,24.283108229788855,23.427618955251905,23.67218780517578,365095000
2022-03-04,23.342771281446925,23.638248916911902,22.44236121609132,22.89556121826172,431415000
2022-03-07,22.77676302621287,22.992383631131677,21.292385748895306,21.314346313476562,450821000
2022-03-08,21.271424341879477,22.33354729257822,20.613586007361604,21.476062774658203,557467000
2022-03-09,22.347525831099777,23.179057248104534,22.207773291766387,22.973421096801758,492742000
2022-03-10,22.49127084816649,22.7478176453068,21.843415073164238,22.6180477142334,428066000
2022-03-11,22.981400580014764,23.10418476897103,22.00712190165807,22.06102752685547,367209000
2022-03-14,21.830436104622745,22.222742745585133,21.12168901899386,21.292387008666992,385354000
2022-03-15,21.48005697889036,22.997377221162406,21.284403438506185,22.932491302490234,491996000
2022-03-16,23.458567920367884,24.553633957484408,23.13114708986495,24.45281219482422,671422000
2022-03-17,24.077474869325346,24.798200129101563,23.863851472026887,24.722335815429688,471941000
2022-03-18,24.755272049910502,26.522151490123896,24.580581386606394,26.406354904174805,730719000
2022-03-21,26.46026011637226,27.10412324336721,25.92121138568289,26.686859130859375,591727000
2022-03-22,26.679871236174723,27.189971767703643,26.026027424283942,26.477230072021484,547007000
2022-03-23,26.079931563168326,26.56507466192013,25.529904449568786,25.58880043029785,502120000
2022-03-24,26.11986368042065,28.270065012059774,25.861319580253287,28.100364685058594,877379000
2022-03-25,27.836827561473978,28.307995393290817,27.2229122356588,27.643169403076172,579016000
2022-03-28,27.7070580201299,28.200186425941997,27.158026699534492,28.169240951538086,425494000
2022-03-29,28.644397626552063,28.894954453382205,27.93065833777043,28.605466842651367,488984000
2022-03-30,28.254095859610313,28.445756765832428,27.454507571237144,27.641178131103516,463487000
2022-03-31,27.73301213113302,28.19819004641193,27.221915798943442,27.237886428833008,523440000
2022-04-01,27.326730894613775,27.447517830165626,26.220684779158603,26.664899826049805,517235000
2022-04-04,26.68086685708192,27.509403108384156,26.566069883562438,27.311752319335938,397120000
2022-04-05,27.205943962554,27.27082988410383,25.774472454795866,25.885276794433594,436615000
2022-04-06,24.890037225996842,25.25539113029446,23.96067897755885,24.36396598815918,703833000
2022-04-07,24.397902669017775,24.678407313051004,23.436601401606985,24.165313720703125,557992000
2022-04-08,23.874822993149742,23.880812930235745,23.021331213813063,23.078229904174805,524781000
2022-04-11,22.17483416250845,22.280646263666377,21.62181009272893,21.87835693359375,575207000
2022-04-12,22.497261070505825,22.684929295161435,21.24447295091747,21.466081619262695,662258000
2022-04-13,21.689686094459127,22.460324131590653,21.417166779097364,22.163846969604492,516943000
2022-04-14,22.465317170334803,22.736838829968864,21.125684399232618,21.220516204833984,569097000
2022-04-18,21.162618586314927,22.049051350332444,21.041831657437864,21.744590759277344,525701000
2022-04-19,21.681697715813993,22.333546077200904,21.27641352942195,22.158855438232422,512781000
2022-04-20,22.477297203232133,22.630027304843697,21.16261996089313,21.444122314453125,468974000
2022-04-21,21.670723684292494,22.35252002501782,19.964737251699987,20.147415161132812,656209000
2022-04-22,20.26720550527617,20.449883441631027,19.46562168913979,19.480594635009766,624713000
2022-04-25,19.16814435255604,19.909834389421725,19.062332247929696,19.866910934448242,641566000
2022-04-26,19.68322980932217,19.753106067107918,18.6370775110821,18.75486946105957,653143000
2022-04-27,18.565204266444386,19.133201147980134,18.257748727324,18.38252830505371,499460000
2022-04-28,18.933552723499567,20.001667489116333,18.45739457929483,19.747116088867188,570327000
2022-04-29,19.367785440638112,20.09250498859457,18.484345889537558,18.514293670654297,500435000
2022-05-02,18.508308488040186,19.53948612130761,18.358573351962736,19.498559951782227,572049000
2022-05-03,19.36579084051425,19.79004256378469,19.099261454041525,19.567434310913086,475751000
2022-05-04,19.887866961396114,20.3640250760324,18.717932850721336,20.298141479492188,648855000
2022-05-05,19.831970796985615,19.889867190140663,18.46738053235109,18.810773849487305,626331000
2022-05-06,18.702960208114586,19.47759084783284,17.95827544658024,18.642066955566406,633297000
2022-05-09,18.00220081323754,18.222809887329202,16.79732840064044,16.92011260986328,644455000
2022-05-10,17.657806577427667,18.16590978890649,16.99497790989981,17.56397247314453,761474000
2022-05-11,17.316416239857933,17.721700572708396,16.538790337401462,16.600679397583008,670167000
2022-05-12,16.19040360695308,16.758400627921947,15.539553695242823,16.146480560302734,708728000
2022-05-13,16.758401062861367,17.89639051137193,16.563745173404115,17.674781799316406,670437000
2022-05-16,17.478127488678094,17.756634863058387,17.075838212801916,17.233558654785156,521446000
2022-05-17,18.042128040603696,18.338605199613887,17.602905299530796,18.144947052001953,585830000
2022-05-18,17.67378227574179,18.08605417628394,16.834265532095618,16.90813446044922,545161000
2022-05-19,16.907136667863853,17.65581425511469,16.704493580378365,17.093807220458984,621310000
2022-05-20,17.301439650730654,17.379301231839957,15.727219718341468,16.66456413269043,739105000
2022-05-23,16.245303880807757,16.885174338377944,16.150472081742095,16.86820411682129,639889000
2022-05-24,16.480886198685138,16.567732674703276,15.752172998727668,16.125513076782227,588550000
2022-05-25,15.991755987340522,17.080832075933746,15.971790791894055,16.945072174072266,781132000
2022-05-26,16.00772274521179,18.06009712140226,15.993747492579688,17.819522857666016,996575000
2022-05-27,18.153930384365744,18.847704469120064,18.068081600932274,18.777828216552734,738379000
2022-05-31,18.94653566856395,19.166149002373768,18.317647267167107,18.639080047607422,664100000
2022-06-01,18.690983767171357,19.01940218977042,18.09004412210462,18.287694931030273,544514000
2022-06-02,18.25974260084453,19.584402153884042,18.16590850320256,19.557449340820312,648656000
2022-06-03,19.04835384760268,19.297913027935877,18.489339912786797,18.68699073791504,598779000
2022-06-06,19.105248690909416,19.30289947612781,18.531261930448878,18.752870559692383,422406000
2022-06-07,18.43942965955534,18.96649855003817,18.15593002204157,18.892629623413086,388914000
2022-06-08,18.76981947875276,19.15022859840962,18.506229327517012,18.619054794311523,363252000
2022-06-09,18.452309729129784,18.903607678210435,18.012992282026815,18.019981384277344,395574000
2022-06-10,17.572682529347194,17.669532092614485,16.842816252604898,16.947654724121094,465248000
2022-06-13,15.975161925630958,16.28667785741259,15.581773509889441,15.622710227966309,604153000
2022-06-14,15.706581027600341,16.041061051837058,15.388075961207294,15.811418533325195,469680000
2022-06-15,16.070017900307143,16.841818825545705,15.901280536590404,16.5013484954834,563936000
2022-06-16,15.835379033270877,15.917252470030979,15.37709193777764,15.576781272888184,545749000
2022-06-17,15.62370932462703,15.970170797325055,15.304206366327632,15.85534954071045,630334000
2022-06-21,16.449430556731162,16.981602360727013,16.38153530308175,16.5402889251709,483089000
2022-06-22,16.200817175575203,16.63614132882804,16.15488903959376,16.334609985351562,437135000
2022-06-23,16.493358120207393,16.559255659016674,15.828392479583755,16.19981575012207,463680000
2022-06-24,16.474388949004762,17.113394941258946,16.284683330908774,17.099416732788086,472153000
2022-06-27,17.285126608804937,17.303098316739902,16.60019067372971,16.84281349182129,427968000
2022-06-28,16.8737677400976,17.175299026781286,15.92025015026535,15.957193374633789,461149000
2022-06-29,15.789452817507586,15.795443069795565,15.146452414426411,15.517874717712402,482352000
2022-06-30,15.337155541620188,15.542836100215856,14.838930531324044,15.135469436645508,686070000
2022-07-01,14.875871620652088,15.039616592506377,14.369658695440403,14.500454902648926,577610000
2022-07-05,14.15299631092678,14.947760206321728,14.033182701418724,14.940771102905273,651397000
2022-07-06,14.986698473809911,15.295218792695415,14.766040887262422,15.106512069702148,529066000
2022-07-07,15.432008107054722,15.92024840415713,15.36511172210343,15.833383560180664,492903000
2022-07-08,15.406047929888661,16.012106019018525,15.36511120957137,15.813414573669434,467972000
2022-07-11,15.501898015957396,15.502896867323374,15.014655653490305,15.12847900390625,437321000
2022-07-12,15.244299171117744,15.40704625326835,14.853906325120404,15.058588027954102,458483000
2022-07-13,14.567350728800742,15.351131947423891,14.442544778008678,15.140459060668945,521918000
2022-07-14,15.08454678517,15.448979946164094,14.705136566748275,15.348136901855469,456235000
2022-07-15,15.634696605405617,15.757504893911705,15.421028046567304,15.737536430358887,385935000
2022-07-18,16.276694132734946,16.870769817035264,15.977160590348932,16.076005935668945,670517000
2022-07-19,16.460406952090203,17.08343879377703,16.14689523300348,16.965621948242188,702366000
2022-07-20,16.920694158582595,17.90516367987839,16.774920881624166,17.77935791015625,760538000
2022-07-21,17.85723740485581,18.11583423265357,17.517765033329383,18.02198028564453,557049000
2022-07-22,17.86522258702626,17.939107115384,17.11039568213851,17.2921142578125,536671000
2022-07-25,16.992580547570068,17.097419003652497,16.623155964154584,16.997573852539062,480748000
2022-07-26,16.862783963132348,16.8927380811664,16.452422639321977,16.50733757019043,397865000
2022-07-27,17.005559778739524,17.908157678578863,16.886745027673552,17.76238441467285,569776000
2022-07-28,17.947096489128917,18.111839357420962,17.4129271606502,17.95608139038086,474646000
2022-07-29,17.785348603490437,18.21567931837126,17.664536142339635,18.13480567932129,435460000
2022-08-01,18.153773877924205,18.816744561755613,17.962072498125625,18.412372589111328,476469000
2022-08-02,18.093867889937076,18.90860114970087,18.06391377512959,18.49724006652832,489527000
2022-08-03,18.15577319490234,18.938556596561604,18.108845268842018,18.863672256469727,418146000
2022-08-04,18.819743818251403,19.24408337841175,18.730881261788387,19.1851749420166,409652000
2022-08-05,18.780799269497617,19.199149448487784,18.637023710548704,18.959522247314453,386068000
2022-08-08,17.47483596635167,18.210691581679537,17.215239283630606,17.765382766723633,981859000
2022-08-09,17.225223378384737,17.419920407402213,16.69804302742487,17.059480667114258,668263000
2022-08-10,17.670531610147734,18.08987982144917,17.29012242671847,18.068912506103516,597422000
2022-08-11,18.10285603043002,18.677962127300052,17.848250796763534,17.914148330688477,509327000
2022-08-12,18.131808897875185,18.68894324186174,17.925129506160957,18.679956436157227,478094000
2022-08-15,18.671969218975686,19.13424981351242,18.584106483223596,19.00245475769043,457666000
2022-08-16,18.8906300185085,19.112285523433606,18.472279819564992,18.849693298339844,451240000
2022-08-17,18.49424549864217,18.65898836136106,18.116832049135276,18.306535720825195,446799000
2022-08-18,18.272590927539937,18.83571457607667,18.154774075074336,18.743858337402344,415447000
2022-08-19,18.377425454253068,18.491248793105402,17.74241314234734,17.821290969848633,441588000
2022-08-22,17.462850357349936,17.530745594391743,16.93966358559003,17.007558822631836,409593000
2022-08-23,16.962627909583983,17.437888836392574,16.94365639819852,17.154329299926758,369986000
2022-08-24,16.98558794436063,17.37897726355156,16.86877091270797,17.195262908935547,522661000
2022-08-25,16.817853882408595,17.919142398294323,16.80687127701837,17.885194778442383,770691000
2022-08-26,17.82927933310313,17.896174759315368,16.211793365981354,16.234758377075195,769127000
2022-08-29,15.99513199090072,16.312637235028117,15.742524473597898,15.776471138000488,496132000
2022-08-30,15.935225659002597,16.014102549024937,15.158433454249854,15.443989753723145,530181000
2022-08-31,15.360119797456045,15.51587778140862,14.935779319161014,15.07056999206543,573710000
2022-09-01,14.186942340955959,14.35767736958631,13.249400817146027,13.915365219116211,1178865000
2022-09-02,14.07811421619894,14.149003156104582,13.569903514231424,13.62581729888916,743157000
2022-09-06,13.709687300934593,13.757613132647895,13.330277005721786,13.444100379943848,535751000
2022-09-07,13.545969780215222,13.820625056780996,13.329242241678006,13.69678020477295,512657000
2022-09-08,13.442101543383522,13.990413000100926,13.352215340579692,13.972434997558594,624873000
2022-09-09,14.139223880637113,14.455826240046429,14.108263619948604,14.368935585021973,486612000
2022-09-12,14.350959820887779,14.52873583484315,14.180174035313506,14.486788749694824,484159000
2022-09-13,13.784670424242124,13.904519639420537,13.082553033818995,13.11451244354248,714956000
2022-09-14,13.237358200305806,13.273313250736237,12.896786750675185,13.111516952514648,588507000
2022-09-15,12.998659878355168,13.21638563613665,12.773941987146994,12.91276741027832,523625000
2022-09-16,12.726000201955259,13.195410315643226,12.601157157541842,13.181427955627441,670751000
2022-09-19,12.995662804943986,13.446096763090381,12.99366546083005,13.365198135375977,569685000
2022-09-20,13.198405883359513,13.466069001323136,13.040604293893272,13.159454345703125,524818000
2022-09-21,13.196411314775915,14.013384151989733,13.0935399916861,13.24435043334961,807679000
2022-09-22,13.053587725360877,13.132488997665579,12.412394637690474,12.54522705078125,759162000
2022-09-23,12.404405964748552,12.595166136683892,12.241610515089357,12.500285148620605,663309000
2022-09-26,12.475316755127498,12.643106039060946,12.198664123420288,12.212646484375,547343000
2022-09-27,12.491297003764968,12.720009577879809,12.242610035621365,12.397415161132812,553854000
2022-09-28,12.394417959508273,12.806899506976707,12.338488516455438,12.720008850097656,542414000
2022-09-29,12.432370978846492,12.48430573642893,11.931001405248,12.204657554626465,532763000
2022-09-30,12.071824510658695,12.617139480743118,12.059839492993778,12.123759269714355,565638000
2022-10-03,12.331498357596713,12.662083111911944,12.089801611564782,12.496291160583496,547478000
2022-10-04,12.862828434100942,13.203400820052057,12.862828434100942,13.150466918945312,584182000
2022-10-05,12.894789072692479,13.304274120258059,12.605153237647787,13.192414283752441,507131000
2022-10-06,13.203401093971486,13.63885351819357,13.086547421310968,13.113513946533203,644157000
2022-10-07,12.489298012265124,12.654090789293177,12.00690469700817,12.060836791992188,672478000
2022-10-10,12.02188568072584,12.10877633421103,11.393675761746923,11.655346870422363,698699000
2022-10-11,11.546483912922639,11.831125915365966,11.268833090820673,11.571453094482422,667482000
2022-10-12,11.56446361639926,11.72026695087247,11.33075718597391,11.485562324523926,492590000
2022-10-13,10.95722491597618,12.062835356186497,10.799423302844042,11.94498348236084,850103000
2022-10-14,12.0418607547837,12.095792850477494,11.189932138993667,11.212903022766113,713432000
2022-10-17,11.503537321029368,11.932997705589505,11.502539125284484,11.873072624206543,580774000
2022-10-18,12.328500398811965,12.476314329749629,11.603412151905342,11.951973915100098,659362000
2022-10-19,11.864083733026597,12.334492988016361,11.819140161499208,12.035867691040039,523131000
2022-10-20,12.097791329296781,12.75296781971056,12.089801000398303,12.178689956665039,652398000
2022-10-21,12.082810838337105,12.482309219876102,11.872076254061929,12.450348854064941,609494000
2022-10-24,12.492296031938748,12.69404207682602,12.048853249537009,12.583181381225586,517457000
2022-10-25,12.678062868329203,13.283301979197523,12.648099847684048,13.24435043334961,505482000
2022-10-26,12.852841899654189,13.371189335313101,12.69204380253107,12.879807472229004,532953000
2022-10-27,13.612884723682669,13.820623717912001,13.105522253351552,13.159454345703125,583113000
2022-10-28,13.087549178436282,13.832612930970145,13.044602940158418,13.816632270812988,521040000
2022-10-31,13.76070220945174,13.820627301199643,13.280306136982034,13.48005485534668,486341000
2022-11-01,13.793661313410434,13.907518515963615,13.50202807789919,13.52599811553955,432817000
2022-11-02,13.832612349167132,14.192160042993345,13.194414644951317,13.202404022216797,672628000
2022-11-03,13.026622485707117,13.763695715649225,12.939731835884348,13.404147148132324,500065000
2022-11-04,13.968439877143796,14.21113480790427,13.679802221837274,14.138226509094238,612576000
2022-11-07,14.210135563074418,14.39390455505636,13.93648037167957,14.28304386138916,410061000
2022-11-08,14.782415387435028,14.872302535108739,14.198149880032776,14.58366584777832,595292000
2022-11-09,14.144217279717736,14.193156492308741,13.741723425961359,13.758702278137207,454414000
2022-11-10,14.781417601209665,15.753195494812513,14.528735003966306,15.730224609375,700819000
2022-11-11,15.787156581766027,16.368425737488906,15.462564766373632,16.306503295898438,655487000
2022-11-14,16.197635066244544,16.519231225758354,15.9020062807447,16.274538040161133,527852000
2022-11-15,16.70100428796189,16.976656817848582,16.361431033277864,16.64507484436035,545876000
2022-11-16,16.14170762768842,16.341455364463524,15.853069985925872,15.890023231506348,649547000
2022-11-17,15.69526955824207,16.24557835765425,15.515495248164541,15.657317161560059,710894000
2022-11-18,15.945953056863983,15.98190906001259,15.101015557178844,15.389653205871582,492072000
2022-11-21,15.127983852269379,15.457569474107316,15.061067579512033,15.297770500183105,404739000
2022-11-22,15.308753778828079,16.037837664544167,15.103012110863446,16.01786231994629,472866000
2022-11-23,16.07778579296999,16.506247963835023,16.027849338465916,16.49825668334961,427241000
2022-11-25,16.297510910083282,16.466297423181434,16.151694328082346,16.249570846557617,167934000
2022-11-28,16.00587846790758,16.336464178373642,15.70525768325476,15.80712890625,303741000
2022-11-29,15.807127459770173,15.911996118227389,15.500513718012343,15.619363784790039,298384000
2022-11-30,15.681299942560486,16.91306749227581,15.581400530805857,16.90607452392578,565298000
2022-12-01,16.98200093379881,17.247733765667537,16.618364626853012,17.11786460876465,470977000
2022-12-02,16.64234117792431,16.916067342010866,16.428554479527566,16.85912322998047,371389000
2022-12-05,16.662316919896963,16.97800081117889,16.455523249439473,16.593385696411133,352255000
2022-12-06,16.513468304609546,16.55642456672552,15.803178964975501,15.9710111618042,352694000
2022-12-07,15.75622928850062,16.169815824778205,15.65133378658821,16.1038818359375,372388000
2022-12-08,16.256726814348887,17.161820901316364,15.943039749464951,17.151830673217773,515456000
2022-12-09,17.14283488058237,17.565412093502086,16.958020467654244,16.983993530273438,465338000
2022-12-12,17.019962525032387,17.52046094302297,16.78020276960981,17.51746368408203,457328000
2022-12-13,18.512469006153694,18.77121078174227,17.693289316822757,18.05392837524414,656589000
2022-12-14,17.9690072051657,18.233743422677477,17.40257493646878,17.656320571899414,496888000
2022-12-15,17.128853387661163,17.302679168965806,16.683300254847847,16.935047149658203,478542000
2022-12-16,16.847130450307752,17.023953434430425,16.393584135781015,16.55442237854004,478232000
2022-12-19,16.55542806937623,16.592389818438555,16.128855034819484,16.23774528503418,354039000
2022-12-20,16.04793550448502,16.29368979912943,15.83614855958652,16.06891441345215,403260000
2022-12-21,16.09788869681145,16.61037626026824,16.085899658481324,16.484500885009766,325025000
2022-12-22,16.07790496925897,16.12186159180077,14.867117143254697,15.323659896850586,565045000
2022-12-23,15.180802809610176,15.323659446874593,14.868116110553647,15.19079303741455,349326000
2022-12-27,15.058924263104824,15.084898282356406,14.041941802476122,14.106877326965332,464902000
2022-12-28,13.913071922510106,14.247736933600988,13.87011470494691,14.021963119506836,351066000
2022-12-29,14.387596879617865,14.668315033901369,14.212771707873936,14.588395118713379,354923000
2022-12-30,14.319663660456738,14.614368696054798,14.218764842042592,14.599384307861328,310490000
2023-01-03,14.836148204062967,14.981003655234762,14.081903121676092,14.300683975219727,401277000
2023-01-04,14.552432867835895,14.838146156406989,14.226758666083303,14.73425006866455,431324000
2023-01-05,14.476508145483907,14.549435094565505,14.13385075828424,14.250734329223633,389168000
2023-01-06,14.459523925052371,14.994988100578038,14.019964406631336,14.844139099121094,405044000
2023-01-09,15.268714667138873,16.03994193956856,15.125857081198152,15.612370491027832,504231000
2023-01-10,15.491491850303234,15.9460367412462,15.456527005264633,15.89309024810791,384101000
2023-01-11,15.824156625357615,16.01196830911235,15.547433260218188,15.984994888305664,353285000
2023-01-12,16.083897626620722,16.620359284778843,15.476504976085742,16.49448585510254,551409000
2023-01-13,16.26171809881235,16.905074955368576,16.14883216160721,16.882097244262695,447287000
2023-01-17,16.882102890181493,17.71027444723034,16.882102890181493,17.68429946899414,511102000
2023-01-18,17.649333889444033,17.855127276963216,17.264718637422014,17.3596248626709,439624000
2023-01-19,17.01896463226559,17.179804849106613,16.714271208962963,16.74823570251465,452932000
2023-01-20,16.99398826883285,17.838144467896704,16.80817535561797,17.8211612701416,564967000
2023-01-23,18.045934566497856,19.22575518813864,17.80018219062393,19.17380714416504,655163000
2023-01-24,18.808171561163764,19.475504695763046,18.801178592061103,19.2457332611084,496204000
2023-01-25,18.894086765066024,19.350630488500357,18.561419588158877,19.30367660522461,449537000
2023-01-26,19.68129532518558,20.14583038584764,19.258718073312,19.782194137573242,489535000
2023-01-27,19.442532652816258,20.60736670469528,19.38559046082785,20.344629287719727,542142000
2023-01-30,19.93004958460622,20.11985820147362,19.13084848856238,19.142837524414062,488611000
2023-01-31,19.150831975809723,19.667315225206156,18.93105263996843,19.517465591430664,498017000
2023-02-01,19.671305692212208,21.170803892462075,19.591385781806697,20.922054290771484,660477000
2023-02-02,20.978997726890935,21.927048029670438,20.679298521540353,21.687288284301758,564276000
2023-02-03,20.978999007184377,21.723254810357187,20.76820957509745,21.078899383544922,429366000
2023-02-06,20.78519132864185,21.54842717853091,20.76521087366942,21.067909240722656,452197000
2023-02-07,21.360614360794933,22.23673802068742,21.12884604934928,22.15082359313965,664150000
2023-02-08,22.364613698348997,22.85512386074339,21.985992961443717,22.182796478271484,559651000
2023-02-09,22.583391079267905,22.996976567245348,22.097877100421048,22.314659118652344,523876000
2023-02-10,21.668308556927258,22.05591910392087,20.790187926657033,21.243732452392578,550737000
2023-02-13,21.516460573823032,22.025950766178745,20.941036401408137,21.766210556030273,474919000
2023-02-14,21.556420076698707,23.025949676572004,21.34463219361314,22.948028564453125,675474000
2023-02-15,22.52645058254248,22.832144335876976,22.083894699328933,22.741235733032227,420575000
2023-02-16,22.110865240742353,22.52744803558797,21.905071876709787,21.979997634887695,412026000
2023-02-17,21.609368499758,21.71825874769265,20.95402439345479,21.36661148071289,465888000
2023-02-21,20.97899644931204,21.47250184750639,20.597378544387798,20.634342193603516,410015000
2023-02-22,20.686293870610594,21.082896233045748,20.400578664452947,20.733245849609375,513184000
2023-02-23,23.41656006308935,23.864112008367524,23.001974156806483,23.640335083007812,1117995000
2023-02-24,23.201776465429027,23.450528025821583,22.92405457439787,23.262714385986328,589716000
2023-02-27,23.64632871610379,23.85611778942511,23.43054512484724,23.477497100830078,452994000
2023-02-28,23.348625571073445,23.801173550334713,23.182791220639693,23.192781448364258,455963000
2023-03-01,23.168807999209974,23.232745083054898,22.48549196735542,22.675302505493164,460026000
2023-03-02,22.465509649279113,23.356615814296525,22.40956399575206,23.290681838989258,389415000
2023-03-03,23.296676418290033,23.876096260572954,23.106865911464638,23.866106033325195,412393000
2023-03-06,23.867109901704033,24.22375134917666,23.463512664360874,23.530447006225586,437429000
2023-03-07,23.580402685270712,24.104966338425466,23.22169964405819,23.268661499023438,515154000
2023-03-08,23.467495262178186,24.179904417575,23.4045478535388,24.160919189453125,513573000
2023-03-09,24.154926880363863,24.43369646327495,23.363584656161375,23.416542053222656,501257000
2023-03-10,23.38956009205049,23.607379462799077,22.707126734055908,22.9459285736084,474866000
2023-03-13,22.733106940046454,23.27865305444534,22.278484860419933,22.946928024291992,421890000
2023-03-14,23.476489729466003,24.198888939320003,23.440518418628685,24.043018341064453,474910000
2023-03-15,23.741265018407983,24.265828599325392,23.340598998344493,24.20787811279297,524486000
2023-03-16,24.00704975815061,25.566752509117528,23.874158867454014,25.519792556762695,583253000
2023-03-17,25.960424630848856,26.377078166810012,25.646684297201393,25.703638076782227,848547000
2023-03-20,25.593727284385547,26.00238801858856,25.109129452450585,25.878490447998047,432747000
2023-03-21,26.15826276917553,26.370086636571166,25.35992640091997,26.17724609375,547408000
2023-03-22,26.403054661635647,27.566089484334555,26.21521106020196,26.446020126342773,797295000
2023-03-23,27.09248178596672,27.476163665994406,26.667835494751287,27.168418884277344,564889000
2023-03-24,27.00855309347375,27.144439836382894,26.33311386181286,26.75676155090332,454920000
2023-03-27,26.814715931188335,26.977580691716717,26.343107731941966,26.508970260620117,361026000
2023-03-28,26.42504099387314,26.49098617741666,25.828536573761543,26.388071060180664,356104000
2023-03-29,26.80272526365729,27.055513525700643,26.57491395467883,26.961591720581055,393694000
2023-03-30,27.206388565387414,27.47616480917353,27.079493220776026,27.360260009765625,364516000
2023-03-31,27.117460914270833,27.810884824300686,27.082490132563102,27.75393295288086,433933000
2023-04-03,27.486155591511658,27.97674705699484,27.31329892606636,27.941776275634766,398716000
2023-04-04,27.94277892614299,27.9767510917249,27.284325709406502,27.430204391479492,368592000
2023-04-05,26.806721952265576,26.975580335763187,26.37308232607004,26.858678817749023,515015000
2023-04-06,26.561924402993725,27.057512816555565,26.40505518671545,27.014549255371094,397654000
2023-04-10,26.800724345120734,27.598061968083517,26.64685290782655,27.55609703063965,395279000
2023-04-11,27.70097606708646,27.76692123864769,27.10347122895872,27.14643669128418,314378000
2023-04-12,27.347274949110663,27.445193150748228,26.426039620920893,26.47300148010254,446259000
2023-04-13,26.71179772670093,26.86467054430278,26.307135282820585,26.441022872924805,353615000
2023-04-14,26.481990027168322,26.860675005002047,26.198225472529604,26.73577880859375,395660000
2023-04-17,26.54293875740368,26.983572499232327,26.411048411628634,26.979576110839844,321471000
2023-04-18,27.510138201217032,28.086658738816173,27.334283752804854,27.644025802612305,604812000
2023-04-19,27.3382818867537,27.976751256223757,27.209389286713794,27.907808303833008,358660000
2023-04-20,27.648020038897844,28.00672306467075,26.977577746060568,27.081491470336914,427713000
2023-04-21,26.929620174009735,27.160429263560324,26.699811611017537,27.096481323242188,345103000
2023-04-24,26.990569353375054,27.34327496276754,26.64885238383688,27.01954460144043,339282000
2023-04-25,27.055516518782692,27.22437682483663,26.2032260217168,26.21921157836914,378527000
2023-04-26,26.97958178612592,27.3073085724239,26.682827492826057,26.933618545532227,406337000
2023-04-27,27.340279304100545,27.47216966404172,26.60289125219407,27.203392028808594,377161000
2023-04-28,27.202389087991314,27.734945452765885,27.048515755320256,27.725954055786133,292216000
2023-05-01,27.81688091763852,29.033869862760206,27.756931277189757,28.8859920501709,570329000
2023-05-02,28.656183952378868,28.812054544580096,28.05967958921287,28.186573028564453,402730000
2023-05-03,27.81688204976608,28.34344486027376,27.449187603389927,27.778913497924805,383387000
2023-05-04,27.628038892272958,27.835866361148614,27.217380869969254,27.539113998413086,321850000
2023-05-05,27.802894198913098,28.731121728563178,27.707973770612693,28.656185150146484,361494000
2023-05-08,28.498317367315533,29.195737767876224,28.32646120146538,29.126794815063477,344979000
2023-05-09,28.87500228440972,28.94894023981755,28.426375730996305,28.547273635864258,314869000
2023-05-10,28.980912694288506,29.088824715990746,28.437365725975784,28.861013412475586,369350000
2023-05-11,28.87200267964506,28.92595868810787,28.222542865572727,28.55426597595215,322149000
2023-05-12,28.505311440794113,28.7561043901141,28.022712678290027,28.316469192504883,274222000
2023-05-15,28.48432681161874,28.944944446377114,28.128623434840744,28.928956985473633,293926000
2023-05-16,28.817052724629356,29.845199573848124,28.80806132560358,29.188743591308594,449405000
2023-05-17,29.559435993791354,30.17392512966197,29.405564531055397,30.152942657470703,432535000
2023-05-18,30.384746671659997,31.801568399451863,30.294821257305664,31.65169334411621,748725000
2023-05-19,31.509810589762786,31.553774675559076,30.89032652886848,31.238037109375,473908000
2023-05-22,30.875338986536004,31.49382635847514,30.654523739106693,31.15011215209961,372000000
2023-05-23,30.97426067554003,31.26202165563563,30.605567574899254,30.662519454956055,356253000
2023-05-24,30.184915137347215,30.58158676598894,29.781251257198175,30.512643814086914,721419000
2023-05-25,38.49100796728165,39.44721397289926,36.60457534049064,37.94845962524414,1543911000
2023-05-26,37.858535295090505,39.137471155324974,37.51881748077454,38.913658142089844,714397000
2023-05-30,40.56128934835457,41.903172568037185,39.915825906609996,40.07769012451172,923401000
2023-05-31,39.45520761311079,40.26153667698876,37.79059071532984,37.802581787109375,1002580000
2023-06-01,38.45703459331072,40.0167390585578,38.30816007086099,39.73697280883789,635873000
2023-06-02,40.06369530217304,40.466360445875424,39.02555683846539,39.294334411621094,482731000
2023-06-05,38.87669004097322,39.5321435245976,38.674858118858616,39.13847351074219,396094000
2023-06-06,38.79775882224138,39.12748282035394,38.116322111286685,38.62190246582031,388729000
2023-06-07,38.886701533947004,39.47027647730588,37.32883333327853,37.44774627685547,511998000
2023-06-08,37.69657436729438,38.835744998272645,37.47773561947334,38.48200225830078,417772000
2023-06-09,39.00861015404978,39.682119792428765,38.53895454086383,38.74180603027344,427717000
2023-06-12,39.17150019392895,39.50125828347373,38.58992260823452,39.45329284667969,388701000
2023-06-13,40.156792771911256,41.071128645039984,39.71111778820096,40.992183685302734,613208000
2023-06-14,40.79432339392405,42.96874019088657,40.52251795887016,42.96574401855469,740465000
2023-06-15,42.57103621355931,43.25753714671118,42.11636509751025,42.62199783325195,568622000
2023-06-16,43.41840945055139,43.689212322344694,42.6299816471878,42.66096115112305,655709000
2023-06-20,42.96674106849241,43.95802045275375,42.642975308832675,43.77614974975586,451153000
2023-06-21,43.46937213953319,43.58329148223386,42.04940765326737,43.013702392578125,551603000
2023-06-22,42.222282851099834,43.394430482977334,42.203299468583864,42.99372482299805,417737000
2023-06-23,42.43312605670876,42.77787262265415,41.984451203476524,42.17831039428711,358140000
2023-06-26,42.43013175413964,42.732912892803704,40.070848008649996,40.60246276855469,594322000
2023-06-27,40.769337698334375,41.90950699852485,40.41859495947549,41.84555435180664,462175000
2023-06-28,40.63044766274905,41.8145877625639,40.48855257782623,41.08711624145508,582639000
2023-06-29,41.52778134342767,41.56975062175712,40.57047773361946,40.79231643676758,380514000
2023-06-30,41.64969465752979,42.51906101069841,41.470823955071786,42.271240234375,501148000
2023-07-03,42.48608466102656,42.86680815864475,42.171315066266786,42.38216018676758,198209000
2023-07-05,42.10437270548026,43.14561514993879,42.05440981011897,42.2862434387207,323618000
2023-07-06,41.81358093287342,42.14833647102733,41.31594188398918,42.072391510009766,303582000
2023-07-07,42.291234930923494,43.18258864442645,42.14933985780963,42.472103118896484,355881000
2023-07-10,42.62599220515189,42.77987958473674,41.618721733111734,42.14933776855469,353908000
2023-07-11,42.45011717550455,42.72691623562603,42.03642048343686,42.37417221069336,298244000
2023-07-12,43.001715152832105,43.903059808967086,42.74590075117866,43.87008285522461,481277000
2023-07-13,44.48564153669653,46.12144883056754,44.459659460176354,45.943580627441406,478204000
2023-07-14,46.54913599395856,48.053042979669556,45.027244350268305,45.43594741821289,772075000
2023-07-17,46.255351170399976,46.46219760945773,45.22909733231496,46.427223205566406,510488000
2023-07-18,46.66704987722195,47.86118084029625,45.70075380485252,47.45947265625,569164000
2023-07-19,47.42948619218216,47.78322886465052,46.70801108864936,47.04276657104492,427502000
2023-07-20,46.473189933800484,47.052770110424305,45.029240736563175,45.486907958984375,537865000
2023-07-21,45.754711707343915,45.83265793125683,44.067939106833165,44.27678680419922,963769000
2023-07-24,44.69847610025229,45.07620343021659,44.00798043185595,44.57956314086914,382516000
2023-07-25,44.90832769720461,46.14942147302996,44.8903392287754,45.645790100097656,348081000
2023-07-26,45.98753562136378,46.0195138467564,44.59754824937486,45.418949127197266,364237000
2023-07-27,46.48518000024853,47.360542567448725,45.716738084889066,45.86663055419922,455976000
2023-07-28,46.634066124454165,46.99280624791051,46.3472760576362,46.716007232666016,331194000
2023-07-31,46.7200135632976,47.09573967930946,46.472192750297545,46.695030212402344,251055000
2023-08-01,46.42622359131387,46.86590615971662,45.99353971547932,46.47319030761719,237858000
2023-08-02,45.79768501941141,45.80667734864654,43.35546141010275,44.236820220947266,530142000
2023-08-03,43.76815517445485,45.08519773730657,43.76815517445485,44.482635498046875,324176000
2023-08-04,44.95229672936695,45.6088167758493,44.36072805590183,44.647518157958984,362666000
2023-08-07,45.078202515862756,45.50689146915822,44.53060059886417,45.38397979736328,322154000
2023-08-08,44.820388704613485,45.20910580762462,44.0239673068551,44.631526947021484,353843000
2023-08-09,44.2418106099287,44.279784996235016,42.10336702177276,42.52306365966797,586449000
2023-08-10,42.129350474246436,43.54232399177734,41.80458597956359,42.35718536376953,492705000
2023-08-11,41.72064293519623,41.98745090774671,40.6094519413775,40.825294494628906,533085000
2023-08-14,40.456568112182865,43.768158123210526,40.28169609363209,43.72119140625,690286000
2023-08-15,44.52760635786077,45.23509182651046,43.67822201869262,43.90805435180664,676512000
2023-08-16,44.487640294428644,44.642526410074055,43.37444779920779,43.45439147949219,527451000
2023-08-17,43.9380406138859,44.029972796212384,42.9697431850926,43.312496185302734,452395000
2023-08-18,42.60400217656772,43.546317397362685,41.62971253779868,43.267520904541016,583768000
2023-08-21,44.46164840109401,47.03077820241426,44.189846809598315,46.9328498840332,692573000
2023-08-22,48.100005574504046,48.15196972371808,45.30004440741636,45.63479995727539,755293000
2023-08-23,45.832657681466124,47.165687530536545,45.175135085824124,47.081748962402344,779046000
2023-08-24,50.17949363700367,50.229456525679716,47.12471680402284,47.12871170043945,1156044000
2023-08-25,46.97782740620056,47.77025023235798,44.99126973402356,45.98455047607422,925341000
2023-08-28,46.44820888033288,46.945847962697144,44.85536966380344,46.80095291137695,685192000
2023-08-29,46.632071231077255,49.04531628812588,46.35726964870884,48.748531341552734,701397000
2023-08-30,49.00834626983168,49.890703795125454,48.3897967692124,49.228187561035156,735206000
2023-08-31,49.34410184954682,49.70783563609758,48.922407758819745,49.31911849975586,528570000
2023-09-01,49.72581929402613,49.76378986515655,48.10699444468978,48.47372817993164,463830000
2023-09-05,48.18794605289678,48.81549172198567,47.825210956107306,48.51271057128906,382653000
2023-09-06,48.40977397493204,48.51770224742843,46.54997362392489,47.030662536621094,468670000
2023-09-07,45.49564752048596,46.3141196825447,45.12288692873714,46.211185455322266,433330000
2023-09-08,45.9123896906911,46.57595936498053,45.2418207464707,45.542625427246094,473069000
2023-09-11,46.1182482612765,46.133237981165,44.28343335195331,45.14887619018555,473966000
2023-09-12,44.70914960399926,45.6435480404055,44.50228235627625,44.841064453125,349256000
2023-09-13,44.571249185878756,45.900393693899545,44.47431159036819,45.45568084716797,398355000
2023-09-14,45.92037826774396,45.9573531646138,45.10190600685458,45.55161666870117,370097000
2023-09-15,45.31176938864075,45.56960248299807,43.77975673017383,43.871700286865234,506831000
2023-09-18,42.7204393860463,44.21347561321812,41.97292056005233,43.937652587890625,500271000
2023-09-19,43.80474129556245,43.93765497175379,42.97427575565499,43.491943359375,373064000
2023-09-20,43.571891798323115,43.874697872716084,42.1957805773011,42.211769104003906,367108000
2023-09-21,41.55619953736175,42.072864617979214,40.95358753623693,40.990562438964844,450736000
2023-09-22,41.54519433277662,42.087847304445255,41.20441459488325,41.58317184448242,479236000
2023-09-25,41.56418850458507,42.508579017607495,41.15045392041829,42.19478225708008,419091000
2023-09-26,41.97392575085955,42.79239807025896,41.62814811031587,41.88398361206055,402282000
2023-09-27,42.302708909565496,42.84435926371942,41.60216067664093,42.440616607666016,444935000
2023-09-28,42.432618445848725,43.41798267758721,42.08784351392444,43.061214447021484,424663000
2023-09-29,43.79873869157932,44.115535622315164,43.279073545812075,43.470951080322266,397830000
2023-10-02,44.00161394425031,45.145876254159724,43.83272417445268,44.75313186645508,433298000
2023-10-03,44.77910920077743,45.10090400420974,43.2181160083425,43.48894119262695,470850000
2023-10-04,43.713800550252934,44.11454300550294,43.26408989829739,44.01260757446289,361821000
2023-10-05,44.021601937102886,44.87105626291606,43.859707622537925,44.6591911315918,393483000
2023-10-06,44.16450577901021,45.759477372005065,43.99761364120761,45.73249435424805,434436000
2023-10-09,44.81309065878453,45.575599261777526,44.339397209393,45.243812561035156,409675000
2023-10-10,45.28079400115597,46.229179763507624,45.05893698303584,45.76847839355469,368582000
2023-10-11,46.166210607070106,46.8287850980389,46.02030484365629,46.77581787109375,378137000
2023-10-12,46.746842929581085,47.57830726462998,46.30013251687724,46.91473388671875,481325000
2023-10-13,46.92972043199577,47.085621890391806,45.25080334969889,45.43168640136719,474115000
2023-10-16,45.03395227290401,46.195202001343034,44.88304863104429,46.06528854370117,375099000
2023-10-17,43.97163208495719,44.72514757843825,42.45261161000831,43.909671783447266,812333000
2023-10-18,42.56354235108208,43.19113966201485,41.79803732924531,42.16879653930664,627294000
2023-10-19,42.783401532452814,43.26908828015481,41.85499958396407,42.07386016845703,501233000
2023-10-20,41.86299127969732,42.44261916103959,41.05151453316081,41.36031723022461,477266000
2023-10-23,41.20242325687503,43.22012278548461,40.91860593108143,42.947296142578125,478530000
2023-10-24,43.049228794577566,43.66882802570082,42.66347986731124,43.634849548339844,401463000
2023-10-25,43.37002340053755,43.62186366950043,41.52821293771827,41.75206756591797,398379000
2023-10-26,41.82601906009142,42.22875913409801,39.85429143072344,40.30000305175781,541001000
2023-10-27,41.10348715819275,41.17943837928563,39.98920425077625,40.47389221191406,416784000
2023-10-30,41.06051827775502,41.73907765520457,40.454906082459445,41.13446807861328,388028000
2023-10-31,40.42392261933526,40.8526468966784,39.204707934267006,40.75370788574219,517969000
2023-11-01,40.857648711306,42.353685526231295,40.84265898891911,42.29772186279297,437593000
2023-11-02,43.30006060911841,43.85570184848127,42.866342349318806,43.47794723510742,409172000
2023-11-03,43.99162089726106,45.27978753454021,43.694811487819166,44.97598648071289,424610000
2023-11-06,45.25580503371784,45.90538750972343,44.87005229839821,45.72150421142578,400733000
2023-11-07,45.68952896873558,46.18820402459903,45.128889794516326,45.925376892089844,343165000
2023-11-08,46.070274797797154,46.83678236721753,45.938359937306,46.54397201538086,346719000
2023-11-09,47.43639611181253,48.198904678121394,46.719859321767146,46.91973114013672,540496000
2023-11-10,47.46937607383316,48.44074953358826,47.252516922257165,48.303836822509766,421245000
2023-11-13,48.28884773723465,49.08433598855006,48.06798954522677,48.588653564453125,384136000
2023-11-14,49.64797189172138,49.801871937843956,49.00838510603704,49.623985290527344,416954000
2023-11-15,49.90280546942848,49.92778706317978,48.168923511551455,48.85647964477539,475497000
2023-11-16,48.647622492403215,49.49307783387502,48.29884843286255,49.44810485839844,339756000
2023-11-17,49.49207615888525,49.68495254819164,48.975411113822275,49.2662239074707,325205000
2023-11-20,49.28021007685078,50.515413319946866,49.14929401076898,50.376502990722656,414120000
2023-11-21,50.09368225266799,50.48442900851123,49.1902657498463,49.911800384521484,565747000
2023-11-22,49.81985852243295,50.302544998111564,47.65924993569592,48.68458938598633,899420000
2023-11-24,48.43875395222816,48.88946341849403,47.71421905232239,47.745201110839844,294645000
2023-11-27,47.76917918519112,48.49870804491457,47.621275800712816,48.21089553833008,395662000
2023-11-28,48.204898277235316,48.29184398043461,47.442389759187826,47.790164947509766,401491000
2023-11-29,48.34781882043628,48.730571377443304,47.8291523366515,48.108970642089844,382005000
2023-11-30,47.99304239147562,48.078989304931206,46.39207765014372,46.73985290527344,526247000
2023-12-01,46.495008690555146,47.169572782203616,46.15722533542331,46.7348518371582,369317000
2023-12-04,46.047291437827624,46.047291437827624,44.980978046044385,45.480655670166016,437543000
2023-12-05,45.44067987557897,46.57404722962781,45.245788774851796,46.540069580078125,371718000
2023-12-06,47.188709647488736,47.36061475805966,45.38671220041947,45.4776611328125,380590000
2023-12-07,45.67455588233509,46.6030394870367,45.578608662273986,46.5700569152832,350823000
2023-12-08,46.5690536083124,47.71441533754204,46.52407668516983,47.47954559326172,359224000
2023-12-11,47.46455720613541,47.504532035793474,45.8044827851011,46.601036071777344,509728000
2023-12-12,46.020367077736175,47.639464136950096,46.020367077736175,47.630470275878906,372387000
2023-12-13,47.60248182794816,48.5669446692335,47.58149361223289,48.06122589111328,447792000
2023-12-14,48.36305298147659,48.64289584092454,47.395593515547255,48.32307434082031,391232000
2023-12-15,48.16716233251439,49.37648760181643,48.09320222955156,48.86277389526367,479948000
2023-12-18,49.37249683921415,50.40491882356695,49.12263603296827,50.04911804199219,412587000
2023-12-19,49.396473996646186,49.67232125952952,48.86776928450163,49.57637405395508,464444000
2023-12-20,49.62734444732078,49.97115463261809,48.07121237951516,48.084205627441406,397894000
2023-12-21,48.783821596134075,49.06766385409553,48.39203776733346,48.96272277832031,300425000
2023-12-22,49.16760912555352,49.35550417725914,48.440013817586234,48.80281448364258,252507000
2023-12-26,48.940732556066926,49.57238062064836,48.93273759007069,49.25156021118164,244200000
2023-12-27,49.483433835302336,49.65233845498923,49.05766853127738,49.38948440551758,233648000
2023-12-28,49.61535772949362,49.85622084400242,49.384483556355164,49.494422912597656,246587000
2023-12-29,49.78526123454254,49.969160695229064,48.7238523373362,49.494422912597656,389293000
2024-01-02,49.216575301212856,49.26754558758411,47.568495374432075,48.14117431640625,411254000
2024-01-03,47.45855812854748,48.15716638258974,47.29364909537562,47.542510986328125,320896000
2024-01-04,47.74040114665584,48.47299471292731,47.48154648897857,47.971275329589844,306535000
2024-01-05,48.43501923291163,49.51941421396134,48.27910404671196,49.069664001464844,415039000
2024-01-08,49.48443254074205,52.24589457837139,49.45144996976697,52.22390365600586,642510000
2024-01-09,52.37182939884466,54.29475809672614,51.66122286319163,53.110416412353516,773100000
2024-01-10,53.58615158748565,54.56960111335146,53.45921957741913,54.319740295410156,533796000
2024-01-11,54.96837295906674,55.31517984530642,53.530175126278365,54.79146957397461,596759000
2024-01-12,54.58958487431233,54.93939227133335,54.29974925258684,54.679534912109375,352994000
2024-01-16,54.98736610755934,56.80335188433168,54.86943178251625,56.35060501098633,449580000
2024-01-17,56.31562839717504,56.43955990801359,54.70952466514394,56.021793365478516,474394000
2024-01-18,57.22811380906235,57.56792463682623,56.07575596466505,57.075199127197266,491650000
2024-01-19,57.95670795373914,59.46686815803494,57.1931334387279,59.4578742980957,543501000
2024-01-22,60.01556528618006,60.29740976678535,59.037110289114665,59.620784759521484,452955000
2024-01-23,59.5368279679321,59.87663879045011,58.55237585802376,59.83966064453125,294654000
2024-01-24,60.27042173718701,62.81400277309229,59.90462440869122,61.32783126831055,560271000
2024-01-25,62.3152848013764,62.68408265284871,60.81611993386063,61.58269500732422,482777000
2024-01-26,60.926057292697806,61.748600916766215,60.53927554518053,60.99701690673828,390309000
2024-01-29,61.19790260674366,62.4542026404575,60.87308662667512,62.43021774291992,348733000
2024-01-30,62.86497729318725,63.457645602005435,62.225330458008614,62.739044189453125,410735000
2024-01-31,61.40578346607499,62.234324185472055,60.66619769778631,61.49273681640625,453795000
2024-02-01,62.06541944015991,63.15581535659614,61.615673062934434,62.991905212402344,369146000
2024-02-02,63.938381369175765,66.56291878931643,63.654539090246594,66.1231689453125,476578000
2024-02-05,68.18701012748092,69.45830503749701,67.16758142852466,69.29339599609375,680078000
2024-02-06,69.59122707783612,69.71515858330277,66.26308702618283,68.18501281738281,683111000
2024-02-07,68.28095195120673,70.18089422020962,67.56235060844563,70.0599594116211,495575000
2024-02-08,70.0349761659854,70.75457644757603,69.41632519274872,69.60221862792969,414422000
2024-02-09,70.49372682596147,72.14480747716068,70.17290640154854,72.09284210205078,436637000
2024-02-12,72.55957267433736,74.56945447682682,71.21032591879988,72.20777130126953,613710000
2024-02-13,70.36081744123659,73.40911526024477,69.58125280309775,72.08785247802734,602580000
2024-02-14,73.16124677886643,74.19466766232887,71.89795059750436,73.85885620117188,504917000
2024-02-15,73.82787028335872,73.93380643951798,72.35968650824275,72.61753845214844,420122000
2024-02-16,74.05874240761452,74.36057621751523,72.46063364613941,72.57257080078125,495327000
2024-02-20,71.90693589131082,71.91593356383504,67.6962844049487,69.413330078125,704833000
2024-02-21,67.9681399359681,68.84965273678795,66.21112295055113,67.43444061279297,673755000
2024-02-22,74.9832259524774,78.53124465919488,74.17867388920303,78.49427032470703,865100000
2024-02-23,80.7450259181588,82.34812926609345,77.5268172404039,78.77312469482422,829388000
2024-02-26,79.6556292519544,80.60110940022084,78.4612947940882,79.0479736328125,503973000
2024-02-27,79.3368025112215,79.43575404356761,77.11904376268178,78.65718078613281,391705000
2024-02-28,77.57677565555984,78.88904035012949,77.0820485792693,77.6197509765625,393110000
2024-02-29,79.04995966772168,79.94545684182245,78.30637065695909,79.06794738769531,507289000
2024-03-01,79.95544705800646,82.2541692109824,79.39075927311268,82.2331771850586,479135000
2024-03-04,84.08315120139147,87.64616854479111,83.67238457234258,85.18953704833984,615616000
2024-03-05,85.22652719248794,86.05310907669562,83.37447499815761,85.92017364501953,520639000
2024-03-06,87.97712182383515,89.67824984643924,86.9856232402923,88.65476989746094,582520000
2024-03-07,90.11201372188047,92.71968420903526,89.55629754335479,92.62173461914062,608119000
2024-03-08,95.08947977383554,97.35032718295817,86.46187834190792,87.48336029052734,1142269000
2024-03-11,86.38492752767289,88.75171621511622,84.1230810265849,85.73026275634766,678364000
2024-03-12,88.00409921373667,91.91310011628946,86.10606561656215,91.86612701416016,668075000
2024-03-13,91.00856657140831,91.45733510152752,88.38989990202793,90.8416519165039,635713000
2024-03-14,89.53131740403234,90.59977243652932,86.55583073162953,87.8991470336914,602318000
2024-03-15,86.8856706502334,89.50033394584524,86.2130173215006,87.79220581054688,642086000
2024-03-18,90.3419098330075,92.35787961611925,87.04059269589636,88.40989685058594,668976000
2024-03-19,86.65577967788013,90.49782099494095,84.96664676852289,89.35240936279297,672171000
2024-03-20,89.75120872764549,90.36390274155225,88.17801382637771,90.32592010498047,479063000
2024-03-21,92.2529387505123,92.60076087628697,90.3589007516049,91.38837432861328,480372000
2024-03-22,91.09451627074266,94.72966241146648,90.78767363601877,94.24091339111328,586719000
2024-03-25,93.89308875236317,96.71664485506633,93.46230882119279,94.95354461669922,552136000
2024-03-26,95.8021249691622,96.32585986372577,92.4548335490284,92.51380157470703,513648000
2024-03-27,93.06451960589087,93.19245268869888,89.07755527294492,90.2039794921875,586067000
2024-03-28,89.95410001839039,91.25344006885744,89.14751238127785,90.30992126464844,435212000
2024-04-01,90.25295469319977,92.17796738530402,89.15851187965868,90.3169174194336,452441000
2024-04-02,88.40289389067334,90.04805823236576,87.57532082751612,89.40638732910156,433064000
2024-04-03,88.43888153844358,90.32791718260744,88.35492473761427,88.91863250732422,370067000
2024-04-04,90.35989492370194,90.58778310646065,85.8362020197599,85.86119079589844,434965000
2024-04-05,86.8217110656451,88.4358931925058,85.88219548423466,87.963134765625,399678000
2024-04-08,88.65476426391245,88.78470285055779,86.68777315554529,87.08856964111328,283220000
2024-04-09,87.39739525078261,87.59029759028141,82.97965182031417,85.31045532226562,501700000
2024-04-10,83.8832095968993,87.35543726810234,83.66631737551937,86.99462127685547,431929000
2024-04-11,87.37540942268083,90.69271680405735,86.8816657196623,90.56977844238281,431637000
2024-04-12,89.65326609988566,90.1290289713359,87.4853732060557,88.14103698730469,426805000
2024-04-15,89.05256658600005,90.56679344486741,85.88518380835967,85.95714569091797,443077000
2024-04-16,86.38892089132743,88.0730591608871,86.02011339953525,87.37042236328125,370453000
2024-04-17,88.2949386437983,88.72972195798647,83.90717836732355,83.99214172363281,495400000
2024-04-18,84.92665869890298,86.1460376066869,82.35996782222568,84.6278076171875,447260000
2024-04-19,83.10760934336838,84.28100677926233,75.56745676539116,76.16114807128906,875198000
2024-04-22,78.0641671154843,80.03216479233348,76.36104131725212,79.47744750976562,596341000
2024-04-23,80.7278102893302,82.72679042021001,80.2230705514645,82.38096618652344,438559000
2024-04-24,83.90719166390734,84.03912814064545,79.14262401880819,79.6363754272461,512208000
2024-04-25,78.82777119604825,83.2805008438938,78.18310352042066,82.58985900878906,424641000
2024-04-26,83.77525942235107,88.28595859317252,83.34447944649524,87.69026184082031,551011000
2024-04-29,87.55033742522801,87.94713054569272,85.22252257935692,87.7122573852539,388971000
2024-04-30,87.195526189522,88.77372365378562,86.25601055156,86.35795593261719,363709000
2024-05-01,85.0336065353816,85.95613224492045,81.21354987762143,82.99864196777344,559863000
2024-05-02,84.40593290133356,86.19302312746696,83.15756927733226,85.77323913574219,377898000
2024-05-03,87.7442309865165,89.23546686580507,86.99561241116382,88.74372100830078,398341000
2024-05-06,89.34441239026923,92.17297098055205,89.00958414820802,92.09300994873047,376203000
2024-05-07,91.05154141921548,91.73419176081896,88.96560776051032,90.50782012939453,437342000
2024-05-08,89.43737100980039,91.14749704338682,89.37439959760155,90.36589813232422,325721000
2024-05-09,90.48283300975697,91.02555536852674,88.18600837888344,88.70174407958984,378013000
2024-05-10,90.25895279926722,91.3543946079418,89.18149955504683,89.83216857910156,335325000
2024-05-13,90.43185974293648,90.95159885169748,88.48385608988069,90.3529052734375,289680000
2024-05-14,89.55330988776338,91.60426546540805,88.88864807554503,91.30941772460938,296507000
2024-05-15,92.42484465754981,94.81362528334245,91.55228873986127,94.58174133300781,417735000
2024-05-16,94.8616117597436,95.77014487035822,94.05501639356171,94.3108901977539,323952000
2024-05-17,94.32087446247381,94.69167982059238,91.75917807166952,92.43183135986328,359691000
2024-05-20,93.70220811729594,95.1514658859747,93.39236858928308,94.73168182373047,318764000
2024-05-21,93.55126534071833,95.35134936664903,93.1324803037148,95.33735656738281,328946000
2024-05-22,95.41032394954395,95.97103489974472,93.20145177000462,94.90158081054688,548648000
2024-05-23,101.97597776870575,106.26578917767765,101.46823355489357,103.74607849121094,835065000
2024-05-24,104.39573676851408,106.42070464479184,102.94747814509458,106.41471099853516,429494000
2024-05-28,110.1877929460902,114.88039879120554,109.82697694894155,113.84292602539062,652728000
2024-05-29,112.99235261607853,115.43310102209165,110.84444643564275,114.76644134521484,557442000
2024-05-30,114.59153447828542,115.75993705260656,109.60707814261482,110.44364929199219,484553000
2024-05-31,112.46261619518734,112.6595219559155,106.88546755499186,109.57709503173828,613263000
2024-06-03,113.56306583418551,114.94136047363281,111.94588702357191,114.94136047363281,438392000
2024-06-04,115.65699910856021,116.5405434101387,113.98684591549986,116.37762451171875,403324000
2024-06-05,118.31064561773049,122.38656157559062,117.40810617337777,122.37757110595703,528402000
2024-06-06,123.98474236351488,125.52295906565588,118.25966633915728,120.9363021850586,664696000
2024-06-07,119.70892880786865,121.62995352369373,117.96182659837903,120.82636260986328,412386000
2024-06-10,120.30863110233605,123.03723491891093,116.95034361616344,121.7279052734375,313434100
2024-06-11,121.71790142895497,122.81743693170633,118.6891989331394,120.8582763671875,222551200
2024-06-12,123.00736216195214,126.82572796109054,122.51757388076366,125.14644622802734,299595000
2024-06-13,129.33464307228707,129.74447132445016,127.10560139337456,129.55455017089844,260704500
2024-06-14,129.90441625095465,132.78317395786428,128.26511837192902,131.82359313964844,309320400
2024-06-17,132.9331153831068,133.67278906643185,129.52457044327446,130.92396545410156,288504400
2024-06-18,131.08388532556722,136.27166699428068,130.63408092847425,135.52198791503906,294335100
2024-06-20,139.74020619139688,140.69978702792184,129.46460449105635,130.72406005859375,517768400
2024-06-21,127.0656139833598,130.57411435219748,124.24682083583242,126.5158462524414,649445800
2024-06-24,123.18726572238242,124.40674492687346,117.98949375774167,118.05946350097656,476060900
2024-06-25,121.14814167969276,126.44587713171062,119.26894878077069,126.03604888916016,414192600
2024-06-26,126.07603561970313,128.0651821115694,122.54754706402704,126.3459243774414,362975900
2024-06-27,124.04690423190566,126.35592112032522,122.86740877139376,123.93695068359375,252571700
2024-06-28,124.52670811618471,127.65536639722576,122.69748913626472,123.48715209960938,315516700
2024-07-01,123.41718700299181,124.78659610560356,118.77917237025213,124.24683380126953,284885500
2024-07-02,121.07818104942778,123.35721213177682,120.97822535200487,122.61752319335938,218374000
2024-07-03,121.60795022813568,128.22511291503906,121.30807553564613,128.22511291503906,215749000
2024-07-05,127.32550112143423,128.7948810674807,125.62623147151251,125.77616882324219,214176700
2024-07-08,127.43544631776729,130.7140492483546,126.98564191819271,128.1451416015625,237677300
2024-07-09,130.29424856790877,133.76276548705792,128.59496354527897,131.3238067626953,285366600
2024-07-10,133.9726664675838,135.04221608834806,132.36335454676214,134.852294921875,248978600
2024-07-11,135.69193143030844,136.09175422496259,126.99565600235432,127.34550476074219,374782700
2024-07-12,128.20514625821357,131.86358478076724,127.16559770787343,129.1847381591797,252680500
2024-07-15,130.50412821022553,131.3337748661706,127.12557732818904,128.38504028320312,208326200
2024-07-16,128.38505064333017,128.9847847878456,124.52670149646414,126.30593872070312,214769500
2024-07-17,121.29808499297587,121.79787109317448,116.67006845054381,117.93952178955078,390086200
2024-07-18,121.79786974825338,122.34763750285344,116.51013195140489,121.03819274902344,320979500
2024-07-19,120.29850995680886,121.54797517785201,117.31978914047505,117.87954711914062,217223800
2024-07-22,120.29851430002402,124.0169241522775,119.8087260510085,123.48715209960938,258068900
2024-07-23,122.72746539631609,124.63665183286045,122.04775604012886,122.53754425048828,173911000
2024-07-24,119.11901958919532,119.8986847003661,113.39147504105252,114.20112609863281,327776900
2024-07-25,112.99163342891377,116.580093681362,106.25451947131738,112.2319564819336,460067000
2024-07-26,116.14029297278634,116.15028320368103,111.53226465502331,113.01162719726562,293399100
2024-07-29,113.64135918454429,116.23024736996389,111.2523823769322,111.54225158691406,248152100
2024-07-30,111.47229176091777,111.94209192931173,102.49613740399181,103.68563079833984,486833300
2024-07-31,112.85169271533529,118.28935980657482,110.83255278301941,116.96992492675781,473174200
2024-08-01,117.47971689042026,120.10859659996095,106.76430191931924,109.16327667236328,523462300
2024-08-02,103.71561292679569,108.67349009112934,101.3266359945612,107.22410583496094,482027500
2024-08-05,92.020610744235,103.36576087778293,90.65120176374947,100.40702056884766,552842400
2024-08-06,103.79557030996848,107.66391734722711,100.50698458680512,104.20539855957031,409012100
2024-08-07,107.76386930019544,108.75345120343057,98.64777632103673,98.86768341064453,411440400
2024-08-08,101.95636396303468,105.45486664804078,97.4782771707294,104.92509460449219,391910000
2024-08-09,105.59480355882924,106.55439192807604,103.38574997554278,104.70518493652344,290844200
2024-08-12,106.27451625816647,111.02248421974713,106.214544366382,108.97335815429688,325559900
2024-08-13,112.3918952304853,116.18027460234957,111.53226256952769,116.0903091430664,312646700
2024-08-14,118.47929970941885,118.54926946313572,114.02120830914065,118.02949523925781,339246400
2024-08-15,118.7091971963176,123.18727640390337,117.41974813678404,122.80744171142578,318086700
2024-08-16,121.88782549205811,124.94651370725,121.12814855340164,124.52669525146484,302589900
2024-08-19,124.22681311087396,129.94436645507812,123.36718053808077,129.94436645507812,318333600
2024-08-20,128.345066215563,129.82444407435935,125.83614544847738,127.19556427001953,300087400
2024-08-21,127.26551201028192,129.2946496603409,126.60579842852306,128.44500732421875,257883600
2024-08-22,129.96437709388331,130.69406050330699,123.04733191995243,123.68705749511719,376189100
2024-08-23,125.80614369005178,129.54454879248973,125.16641816339359,129.31463623046875,323230300
2024-08-26,129.5145768150302,131.20384101513017,124.3167968178151,126.40589904785156,331964700
2024-08-27,124.99650751528328,129.14472607274774,123.8270022374259,128.2451171875,303134600
2024-08-28,128.06518755846798,128.27510443502842,122.58753608006307,125.55626678466797,448101100
2024-08-29,121.30807159752445,124.37675766304139,116.66005977160985,117.53968048095703,453023300
2024-08-30,119.47885915972935,121.69791057687668,117.169849908653,119.31893157958984,333751600
2024-09-03,115.96037175405029,116.16028314135124,107.24410104783063,107.95379638671875,477155100
2024-09-04,105.36490525672457,113.22153543398687,104.07545625261184,106.16455841064453,372470300
2024-09-05,104.94507973247826,109.6030896936583,104.715182404582,107.16413116455078,306850700
2024-09-06,107.9937729521253,108.10372649561138,100.90680264312543,102.78600311279297,413638100
2024-09-09,104.83512996607128,106.50442134190934,103.64564422957986,106.42445373535156,273912000
2024-09-10,107.76386463370491,109.35318822314704,104.90508784485718,108.05374145507812,268283700
2024-09-11,109.34320554644113,117.13987198496321,107.37404703465796,116.85999298095703,441422400
2024-09-12,116.80000446674823,120.74865704096976,115.34050510922769,119.0992202758789,366052700
2024-09-13,119.03923719212747,119.91893319621943,117.5597404845181,119.0592269897461,238358300
2024-09-16,116.75001946408975,118.13954300655384,114.32085103611607,116.74002075195312,248772300
2024-09-17,118.12954900355818,118.75933823796504,114.79069593440207,115.55043029785156,231925900
2024-09-18,115.850318172966,117.659695980885,113.18123422247302,113.33118438720703,310318900
2024-09-19,117.30982462581498,119.6190390017094,117.20986038538442,117.82965087890625,293506400
2024-09-20,117.0199313836397,118.57940262799143,115.35050480567513,115.96029663085938,382462400
2024-09-23,116.51010886475667,116.94995306986277,114.82068489843978,116.22020721435547,206228500
2024-09-24,116.48011145817397,121.75831050299728,115.34050229413268,120.82862854003906,354966800
2024-09-25,121.9782246233193,124.8972307941946,121.56836894761845,123.46772003173828,284692900
2024-09-26,126.75659295249227,127.62629022604027,121.75830470715397,123.9975357055664,302582900
2024-09-27,123.9275641535197,123.9875411739155,119.21917738287792,121.35844421386719,271009200
2024-09-30,118.26950391549893,121.45841452339154,118.10956264419377,121.3984375,226553700
2024-10-01,121.72830933905863,122.39808576451375,115.7503608309228,116.95994567871094,302094500
2024-10-02,116.40013992758973,119.33912825058258,115.10058192382681,118.80931091308594,221845900
2024-10-03,120.87860561160097,124.31743049345978,120.2988023230489,122.80794525146484,277118000
2024-10-04,124.89723283717322,124.99719707970252,121.78829684578011,124.87723541259766,243678100
2024-10-07,124.94720840149982,130.59527568838965,124.90722118000957,127.67627716064453,346250200
2024-10-08,130.2153933149511,133.43429200303964,129.3756845929013,132.84449768066406,285722500
2024-10-09,134.06407522234613,134.4739384804798,131.33501437000257,132.6045684814453,246191600
2024-10-10,131.86483875930813,134.95377710780917,130.9551466749852,134.7638397216797,242311300
2024-10-11,133.9641223517835,135.73352074472976,133.61425131031754,134.7538604736328,170209500
2024-10-14,136.42329237635488,139.5522259694365,136.25335239175735,138.0227508544922,232347700
2024-10-15,137.82280508502743,138.52257769243778,128.6959404665834,131.55496215820312,377831000
2024-10-16,133.9341283963689,136.57322399642072,131.53495612489098,135.6735382080078,264879700
2024-10-17,139.2923118529861,140.8417844676902,136.8231559081479,136.8831329345703,306435900
2024-10-18,138.62252759913224,138.85244459278235,137.23300404466042,137.9527587890625,176090200
2024-10-21,138.0827206747143,143.6608123779297,137.95276029474488,143.6608123779297,264554500
2024-10-22,142.86110303968678,144.3705808600113,141.731484819394,143.54086303710938,226311600
2024-10-23,141.9813779606296,142.38123492807873,137.41295033058282,139.51222229003906,285930000
2024-10-24,140.7718017861216,141.30161913611144,138.41260905173522,140.3619384765625,172354900
2024-10-25,140.8817548130095,144.08067171203157,140.75180968215267,141.49154663085938,205122100
2024-10-28,142.95105547012693,143.09100694226274,140.00206821568727,140.47190856933594,173586700
2024-10-29,140.2419668294209,142.21129364579818,138.8524432880062,141.20164489746094,157593600
2024-10-30,139.49222584841445,140.28196395700422,136.76316465511044,139.29229736328125,179418100
2024-10-31,137.55292462080052,137.5629157078968,132.06479759847417,132.71456909179688,270039600
2024-11-01,134.65389558133728,137.26300291330367,134.52395044654537,135.35365295410156,207127800
2024-11-04,137.16303982117785,138.91244079735898,135.52360180221356,136.00343322753906,187528200
2024-11-05,137.40294177771256,140.3219403030432,137.28298774012364,139.8621063232422,160537400
2024-11-06,142.91106349142868,146.43985375430594,141.9114058474733,145.56015014648438,242043900
2024-11-07,146.33990241230273,148.87902647248674,146.11997647950326,148.8290557861328,207323300
2024-11-08,148.71907691535895,149.71873459260812,146.2099263831815,147.5794677734375,175665800
2024-11-11,148.6290778599626,148.79903306733925,143.52084240062385,145.2102508544922,182325600
2024-11-12,146.72974972362667,149.5987623190427,145.96000905647895,148.23922729492188,198634700
2024-11-13,149.01896932454213,149.27887481548683,145.85004123347073,146.2199249267578,191903300
2024-11-14,147.58945090415918,148.94898588208457,145.5001701321721,146.70974731445312,194463300
2024-11-15,144.8203910682193,145.1902747512061,140.03203789439084,141.93138122558594,250132900
2024-11-18,139.45223367342163,141.50153478170088,137.10303223771245,140.1020050048828,221205300
2024-11-19,141.27163159656618,147.0796403153284,140.94174272954967,146.9596710205078,227834900
2024-11-20,147.35954130772643,147.50948385732136,142.68113546401185,145.84005737304688,309871700
2024-11-21,149.29888738883682,152.83766902515802,140.65183891204953,146.6197967529297,400946600
2024-11-22,145.88003080645086,147.10962067545384,141.05169787065546,141.90139770507812,236406200
2024-11-25,141.9413916908634,142.00136870780395,135.7735059739188,135.9734344482422,344941900
2024-11-26,137.6528702588759,139.25232877348597,135.6235662299349,136.87313842773438,190287700
2024-11-27,134.96376655836661,137.17301655731904,131.7548742168772,135.2936553955078,226370900
2024-11-29,136.7331843976686,139.30231211006736,136.0034385187834,138.2026824951172,141863200
2024-12-02,138.78246325473978,140.401903648449,137.77281459318448,138.58253479003906,171682800
2024-12-03,138.21267485883047,140.49189330582607,137.90278339727084,140.2119903564453,164414000
2024-12-04,141.95140715914127,145.740103497805,140.24198561488052,145.09033203125,231224300
2024-12-05,145.07032934736787,146.49993108099994,143.9106428157812,145.0203399658203,172621200
2024-12-06,144.56045967909182,145.66014968908138,141.2713509133455,142.4010467529297,188505600
2024-12-09,138.93199359328304,139.91172129670065,137.0925004855475,138.77203369140625,189308600
2024-12-10,138.97197539548316,141.7812196768295,133.7534018405272,135.03306579589844,210020900
2024-12-11,137.32243273699547,140.13166176303284,135.173026862483,139.2718963623047,184905200
2024-12-12,137.04252103958567,138.40214979482639,135.76287224107875,137.3024444580078,159211400
2024-12-13,138.9020072444441,139.56183041879834,132.50374826625531,134.21328735351562,231514900
2024-12-16,134.14327863720246,134.36321966164874,130.3843129319086,131.96388244628906,237951100
2024-12-17,129.0546920799943,131.5540083659402,126.82530622422306,130.35433959960938,259410300
2024-12-18,133.82339933223892,136.6626191312432,128.2449232385065,128.874755859375,277444500
2024-12-19,131.72394769790225,133.99333094415113,129.51456085077075,130.6442413330078,209719200
2024-12-20,129.7745000485284,135.24300545668208,128.1849385069714,134.6631622314453,306528600
2024-12-23,136.24273302531586,139.75176772445488,135.08304656610844,139.63180541992188,176053500
2024-12-24,139.9617148258363,141.86118913948326,138.61207790245493,140.18165588378906,105157000
2024-12-26,139.66180603983884,140.8115008078877,137.69234337416663,139.89173889160156,116205600
2024-12-27,138.5121216661011,138.9819943823141,134.67317523350815,136.9725341796875,170582600
2024-12-30,134.79311660884966,140.2316308377207,133.98334063995796,137.452392578125,167734700
2024-12-31,137.99226367763055,138.0322612848829,133.79341493856927,134.25328063964844,155659200
2025-01-02,135.96280522543205,138.84202245285945,134.5931847895647,138.2721710205078,198247200
2025-01-03,139.9717090810043,144.86037131104774,139.69178686675932,144.4304962158203,229322500
2025-01-06,148.54936300568127,152.11839407781596,147.77958455274808,149.38912963867188,265377400
2025-01-07,152.98814312185272,153.08812187242287,139.97169998670535,140.10166931152344,351782200
2025-01-08,142.54101155921632,143.91063203422854,137.5223800692543,140.07168579101562,227349900
2025-01-10,137.41242079266553,139.88174676307978,134.18330808313058,135.8728485107422,207602500
2025-01-13,129.95446851982027,133.4535116815908,129.4745887600242,133.19357299804688,204808900
2025-01-14,136.01278831507346,136.3426998783518,130.01442953826418,131.7239532470703,195590500
2025-01-15,133.61345527658474,136.4126928345012,131.25409986764885,136.2027587890625,185217300
2025-01-16,138.6020991142272,138.71206965350657,133.4535130811874,133.5334930419922,209235600
2025-01-17,136.65262268416788,138.46212527408701,135.4229633158422,137.67234802246094,201188800
2025-01-21,139.12194717769367,141.7912151745994,137.05250594430132,140.79148864746094,197749000
2025-01-22,144.62047062339892,147.74960487622204,143.63073568135124,147.02981567382812,237651400
2025-01-23,145.01034368405638,147.1897403093082,143.6807055002306,147.17974853515625,155915500
2025-01-24,148.32942123311412,148.92926325643236,141.84120577881646,142.58099365234375,234657600
2025-01-27,124.76587139934672,128.36487767970476,116.66808057296325,118.38761138916016,818830900
2025-01-28,121.77668294561497,128.96471894622445,116.21820602712087,128.95472717285156,579666400
2025-01-29,126.46541333864903,126.8553060976507,120.01717989918284,123.66617584228516,467120600
2025-01-30,123.06634175444341,124.96582380169083,118.06770880237578,124.61592102050781,392925500
2025-01-31,123.74615511454752,127.81504199868698,119.15741376372098,120.03717041015625,388161100
2025-02-03,114.71862375628316,118.53757894355685,112.97910166242248,116.62810516357422,371235700
2025-02-04,116.92801344303115,121.16685177317855,116.66808241089754,118.6175537109375,256550000
2025-02-05,121.72670769553925,124.96581960402936,120.72698113870702,124.79586791992188,262230800
2025-02-06,127.38515593926263,128.7347928917548,125.17576116570511,128.64480590820312,251483600
2025-02-07,129.18464838201572,130.3343276557766,124.96580169637689,129.80447387695312,228186300
2025-02-10,130.05443339276326,134.9630947980064,129.92447930424598,133.5334930419922,216989100
2025-02-11,132.54376130884148,134.4432358451655,130.9841901729766,132.76370239257812,178902400
2025-02-12,129.9844674915493,132.20386194641324,129.0447219695379,131.10415649414062,160278600
2025-02-13,131.52401516963508,136.46266649297655,131.13412244698262,135.25299072265625,197430000
2025-02-14,136.44266486168982,139.21191146517995,135.46293718873886,138.81202697753906,195479600
2025-02-18,141.23137649622348,143.40078131766987,137.89227816645598,139.36187744140625,219176600
2025-02-19,139.47184726600554,141.32134750878612,137.18248014952957,139.19192504882812,167536000
2025-02-20,139.991705837455,140.62153843760984,136.7525863640224,140.07168579101562,143903600
2025-02-21,140.0017008694862,141.42132600995674,133.99334973043614,134.3932342529297,228217600
2025-02-24,136.52266681200447,138.55211066034528,130.04444248958205,130.244384765625,251381100
2025-02-25,129.94445760453814,130.16439867421266,124.40597902043103,126.59537506103516,271428700
2025-02-26,129.95446947322534,133.69343728770713,128.4548795357506,131.24411010742188,322553800
2025-02-27,134.96308744670299,134.9730792207777,119.97718824289691,120.11714935302734,443175800
2025-02-28,117.98772650698133,125.05579305607802,116.36817434407594,124.8858413696289,389091100
2025-03-03,123.47622912906817,123.66617198823369,112.2492965435478,114.02880859375,411381400
2025-03-04,110.6197462594264,119.27737437091366,110.07989299750376,115.95828247070312,398163300
2025-03-05,117.54784364725772,118.24764914601728,114.4786835987416,117.2679214477539,284337900
2025-03-06,113.49895407905146,115.31845609620828,110.18986163701831,110.53976440429688,321181900
2025-03-07,111.21957864470976,113.44897220636766,107.5305852358904,112.65918731689453,341755500
2025-03-10,109.86995202425706,111.81941579292103,105.43116359430405,106.95075225830078,366487400
2025-03-11,106.96074247458567,112.20930691241836,104.74134829193281,108.73026275634766,354865700
2025-03-12,114.09930053195751,116.73882100614277,112.85951998498375,115.71900177001953,323857500
2025-03-13,117.00876245655117,117.73863334670654,113.76935252443205,115.55902862548828,299033100
2025-03-14,118.58847644066721,121.85787967708788,118.12856083227834,121.64791870117188,277593500
2025-03-17,122.71772499646224,122.86769930249316,118.00858060635532,119.50830841064453,255501500
2025-03-18,117.97858323274161,118.99839474842913,114.51921213127834,115.40904998779297,299686900
2025-03-19,117.24871784817985,120.42814113812437,115.65901001721268,117.49867248535156,273426200
2025-03-20,116.5288475567653,120.17817892707569,116.44886024718888,118.50848388671875,248829700
2025-03-21,116.91877807414131,117.96858292451893,115.39904967929496,117.67863464355469,266498500
2025-03-24,119.85824123014483,122.19782052957932,119.31833831489072,121.38796997070312,228452500
2025-03-25,120.52812446850508,121.26798803028822,118.89841541478116,120.66809844970703,167447200
2025-03-26,118.70845626054094,118.81842927999459,112.68954449720724,113.7393569946289,293463300
2025-03-27,111.32979509417153,114.42923110356094,110.63992547504299,111.40978240966797,236902100
2025-03-28,111.46977019973694,112.84952470784617,109.05021109179135,109.65010070800781,229872500
2025-03-31,105.11091847763528,110.93986229194257,103.63119133667838,108.3603286743164,299212700
2025-04-01,108.50029591126088,110.17999122900144,106.45067264528599,110.1300048828125,222614000
2025-04-02,107.2705266243207,111.95967777974947,106.77061737970816,110.39995574951172,220601200
2025-04-03,103.49121334940355,105.61082365222038,101.58155638472346,101.78152465820312,338769400
2025-04-04,98.89205625014841,100.11182847125419,92.09328707213024,94.29288482666016,532273800
2025-04-07,87.444123819458,101.73153089146867,86.60427995314998,97.62227630615234,611041300
2025-04-08,103.79115551332612,105.83078615825814,94.44285411172834,96.28252410888672,476243400
2025-04-09,98.87204993981901,115.07910675948129,97.51229618216108,114.30924987792969,612918300
2025-04-10,109.35015243101728,110.83987986480561,99.13200610877084,107.55047607421875,437812400
2025-04-11,108.4803070767672,111.52975654810143,107.46049556472005,110.90986633300781,313417300
2025-04-14,114.08928762467488,114.26925525660798,109.05020155855789,110.68990325927734,264705000
2025-04-15,110.94986159507806,113.59938217981927,110.4799456735416,112.17963409423828,228966900
2025-04-16,104.53103311878802,106.77062454919468,100.4317709352981,104.47103881835938,397016900
2025-04-17,104.43103458781992,104.45103522860795,100.0318394876262,101.47157287597656,292517500
2025-04-21,98.75207336541831,99.42195758129023,95.02275450080649,96.89241790771484,288501100
2025-04-22,98.76206678289148,99.7918785816798,97.26233908492571,98.8720474243164,241004800
2025-04-23,104.5010295750129,104.78098517141211,102.00148324580945,102.69136047363281,247526000
2025-04-24,103.46122117055545,106.52066332286202,103.09128558149489,106.41068267822266,220815000
2025-04-25,106.83061166162848,111.89969145813895,105.71081975581805,110.98986053466797,251064700
2025-04-28,109.67009863041305,110.34997554606154,106.00075877336346,108.71027374267578,207708500
2025-04-29,107.65046012276234,110.1799998026459,107.42050613077843,109.00021362304688,170444300
2025-04-30,104.45104108413872,108.90023040771484,104.06111247501677,108.90023040771484,235044600
2025-05-01,113.05947899879722,114.9191420385801,111.27980327057723,111.5897445678711,236121500
2025-05-02,114.15928352450368,115.37906338859757,113.34943293159324,114.4792251586914,190194800
2025-05-05,112.88951601094917,114.64919116473993,112.63956137373921,113.79934692382812,133163200
2025-05-06,111.45977773347964,114.71918078517231,110.79989381468877,113.51940155029297,158525600
2025-05-07,113.02949042053457,117.65864757290291,112.25962586336117,117.03875732421875,206758800
2025-05-08,118.22854670795566,118.658469001105,115.82898059800607,117.34870910644531,198428100
2025-05-09,117.32869985728382,118.20854502226882,115.18908887008638,116.62882995605469,132972200
2025-05-12,121.94787211512306,122.9776840209961,120.25817629208265,122.9776840209961,225023300
2025-05-13,124.95732666651305,131.19619232916256,124.44741706637032,129.9064178466797,330430100
2025-05-14,133.17581874633882,135.4154176381041,131.65609038206884,135.3154296875,281180800
2025-05-15,134.2656162138544,136.2752611112406,132.6359224746836,134.80552673339844,226632600
2025-05-16,136.19528579014883,136.32526708518697,133.43579205010155,135.37542724609375,226542500
2025-05-19,132.36596428610483,135.84532822832756,132.36596428610483,135.54539489746094,193154600
2025-05-20,134.26561082544316,134.55556671475182,132.59591587093482,134.35560607910156,161514200
2025-05-21,133.0358430493297,137.3750515435132,130.56629021032253,131.7760772705078,270608700
2025-05-22,132.20599574301846,134.22563338103308,131.52612648714359,132.80589294433594,187344000
2025-05-23,129.97641506418768,132.65592152877483,129.13657112060253,131.26617431640625,198821300
2025-05-27,134.1256417936587,135.63537744884945,133.2857979393918,135.47540283203125,192953600
2025-05-28,136.00531758419635,137.22509744866613,134.76553707682788,134.78553771972656,304021100
2025-05-29,142.22419152756274,143.46397204605128,137.88498259688382,139.1647491455078,369241900
2025-05-30,138.6948289010735,139.59465948344436,132.8958783257386,135.10548400878906,333170900
2025-06-02,135.46541564458173,138.09492795630163,135.37542038395227,137.35507202148438,197663100
2025-06-03,138.75480693174418,141.97422364617418,137.9249557656252,141.19436645507812,225578800
2025-06-04,142.1641966028205,142.36415725393297,139.5146683935161,141.8942413330078,167120800
2025-06-05,142.14419665233672,143.97386636815438,138.80480646885346,139.964599609375,231397900
2025-06-06,142.4841247816278,143.24399658328852,141.4843063108272,141.69427490234375,153986200
2025-06-09,143.16402192873528,144.97369107987248,141.91424872977086,142.6041259765625,185114500
2025-06-10,142.66410985007164,144.26381035974757,141.50431668274294,143.9338836669922,155881900
2025-06-11,144.59379466225064,144.97375695921582,141.85409623212945,142.81399536132812,167694000
2025-06-12,141.9540901919345,144.98374938964844,141.83410852298076,144.98374938964844,162365000
2025-06-13,142.4640236398758,143.5639064320885,140.83421673860605,141.95408630371094,180820600
2025-06-16,143.33393622751285,146.16360555156524,143.18394388862185,144.6737823486328,183133700
2025-06-17,144.4738049491523,145.20371882793046,143.7638778428329,144.1038360595703,139108000
2025-06-18,143.9938476821936,145.63366319028128,143.10394808189747,145.46368408203125,161494100
2025-06-20,145.43368901636921,146.1836049259659,142.63399990245927,143.83387756347656,242956200
2025-06-23,142.48402812138661,144.76377135076248,142.01407957999888,144.15383911132812,154308900
2025-06-24,145.54367367470394,147.94341367999496,145.4836828445603,147.88340759277344,187566100
2025-06-25,149.25328072295656,154.43269305532343,149.24327207878133,154.29270935058594,269146500
2025-06-26,155.9625083392563,156.70243086817015,153.98273459501658,155.00262451171875,198145700
2025-06-27,156.02250005395288,158.69221415352254,155.24258871826237,157.73231506347656,263234500
2025-06-30,158.38224776867892,158.6422284044636,155.94253394670602,157.97230529785156,194580300
2025-07-01,156.27249233706732,157.18239409932116,151.47304203431221,153.2828369140625,213143600
2025-07-02,152.962850389823,157.58234297497486,152.95285700312823,157.2323760986328,171224100
2025-07-03,158.35225101493015,160.96195919540767,157.7523273944205,159.3221435546875,143716100
2025-07-07,158.18227071828886,159.29214695363126,157.3223664705724,158.22227478027344,140139000
2025-07-08,159.31214783171163,160.20204749093682,158.3722507239072,159.98207092285156,138133000
2025-07-09,161.20193770023792,164.40157611225678,161.14194686393122,162.86175537109375,183656400
2025-07-10,164.30159583301895,164.48156834124046,161.5918927660757,164.0816192626953,167704100
2025-07-11,163.70165728031435,167.87118822352508,163.4516852914618,164.90151977539062,193633300
2025-07-14,165.35146259057728,165.4714595173457,162.00184716942397,164.05162048339844,136975800
2025-07-15,171.17081299302788,172.38066881478494,169.18103056842588,170.6808624267578,230627400
2025-07-16,171.04083672550954,171.73076187811773,168.88107501049606,171.35079956054688,158831500
2025-07-17,172.00073538495315,174.1404950617398,170.81086624213197,172.98062133789062,160841100
2025-07-18,173.62054394819432,174.23047621121117,171.24080573231237,172.39068603515625,146456400
2025-07-21,172.73065099594356,173.36058531454748,170.9808470061149,171.36080932617188,123126100
2025-07-22,171.32080634495316,171.37080379639445,164.5615689540832,167.01129150390625,193114300
2025-07-23,169.511004310231,171.24080620570157,167.95118153678195,170.7608642578125,154082200
2025-07-24,172.42067791171223,173.81052153075,171.28080627636527,173.7205352783203,128984600
2025-07-25,173.59054858813744,174.70042482917586,172.9406275198062,173.48056030273438,122316800
2025-07-28,174.00050427681666,176.98016607778243,173.9505068282037,176.73019409179688,140023500
2025-07-29,177.94006357342778,179.35990260986108,175.00039060425894,175.49032592773438,154077500
2025-07-30,176.49022309733303,179.869849375745,176.0202745228646,179.2499237060547,174312200
2025-07-31,182.87950237318685,183.2794667127293,175.9102820488597,177.85006713867188,221685400
2025-08-01,174.07048465468185,176.52020701181988,170.8708463561498,173.70053100585938,204529000
2025-08-04,175.14037394842856,180.17980241597786,174.500446281802,179.97982788085938,148174600
2025-08-05,179.59986897635343,180.23979665506658,175.8802845759961,178.24002075195312,156407600
2025-08-06,176.31023710297544,179.87982901005608,176.23024423927978,179.39988708496094,137192300
2025-08-07,181.54965397485878,183.85939259097617,178.77996020998395,180.74974060058594,151878400
2025-08-08,181.52965464990967,183.27945850723472,180.3797743894202,182.6795196533203,123396700
2025-08-11,182.02960317073044,183.8193958765311,180.22980182096376,182.0395965576172,138323200
2025-08-12,182.9395060522284,184.4593247511904,179.43989822709233,183.1394805908203,145485700
2025-08-13,182.59952443546638,183.9493792108361,179.32990196930365,181.56964111328125,179871700
2025-08-14,179.7298534235828,182.99949119039164,179.43989264021437,181.99960327148438,129554000
2025-08-15,181.85962676701382,181.87961354108583,178.02004541114613,180.42977905273438,156602200
2025-08-18,180.57976314427117,182.91949719839158,180.56975450061333,181.98959350585938,132008000
2025-08-19,182.4095478886331,182.47954736718557,175.47033846497254,175.6203155517578,185229200
2025-08-20,175.1503706193276,175.9802794498554,168.7810892510499,175.38034057617188,215142700
2025-08-21,174.83041312567687,176.88017120538285,173.79052111986658,174.96038818359375,140040900
2025-08-22,172.59066018618677,178.56998587344157,171.18081451068767,177.97006225585938,172789400
2025-08-25,178.33002804439553,181.88962682620624,176.5502286534902,179.78985595703125,163012800
2025-08-26,180.0398187111229,182.36955942503778,178.78995879531527,181.7496337890625,168688200
2025-08-27,181.95959791056248,182.46955051009175,179.07993109949993,181.57965087890625,235518900
2025-08-28,180.79974711518173,184.44933204343067,176.39023757757423,180.14981079101562,281787800
2025-08-29,178.09004428153852,178.130033086625,173.13059331145078,174.1604766845703,243257900
2025-09-02,169.980952871088,172.36069109354864,167.20126556823303,170.7608642578125,231164900
2025-09-03,171.0408442884315,172.3906992342715,168.86109570238054,170.60089111328125,164424900
2025-09-04,170.55090333056648,171.8407521362954,169.39102958990665,171.64077758789062,141670100
2025-09-05,168.01117837826322,169.0110663720669,164.05163046676552,167.0012969970703,224441400
2025-09-08,167.53122834914853,170.940849905597,167.33125381142952,168.2911376953125,163769100
2025-09-09,169.0710489481518,170.96083655380463,166.7213214317911,170.74085998535156,157548400
2025-09-10,176.62020974984335,179.26990675759993,175.45034266016896,177.3101348876953,226852000
2025-09-11,179.66999584989978,180.26996857097555,176.4701769393558,177.16014099121094,151159300
2025-09-12,177.76010410307373,178.59005971058946,176.44017029123495,177.8101043701172,124911000
2025-09-15,175.66021109761542,178.84004186496986,174.50027206258352,177.74009704589844,147061600
2025-09-16,176.99014687805604,177.49011904437822,174.37029760906842,174.87026977539062,140737800
2025-09-17,172.63039291663662,173.1903593144249,168.40063256525568,170.280517578125,211843800
2025-09-18,173.9703101424577,177.09014682532762,172.95037791227023,176.23019409179688,191763300
2025-09-19,175.7602124903078,178.07008136373162,175.17023376194967,176.66015625,237182100
2025-09-22,175.29024236301854,184.53972732383275,174.70027887607205,183.5997772216797,269637000
2025-09-23,181.9598706713119,182.409842567533,176.20019683221489,178.42005920410156,192559600
2025-09-24,179.75999113536878,179.76998508551358,175.39022416770254,176.96014404296875,143564100
2025-09-25,174.47028665549124,180.24996380236055,173.12037093203185,177.68011474609375,191586700
2025-09-26,178.16008106951017,179.75999811527313,174.920255917913,178.18008422851562,148573700
2025-09-29,180.4199550960203,183.98976381560166,180.30997586310093,181.8398895263672,193063500
2025-09-30,182.06986121505474,187.3395719841704,181.4698885277926,186.56961059570312,236981000
2025-10-01,185.22969505995906,188.12952754318238,183.88975804814035,187.22958374023438,173844900
2025-10-02,189.5894532800495,191.0393695238543,188.04953044946197,188.87948608398438,136805800
2025-10-03,189.1794627061203,190.34939569471342,185.36967740169,187.6095428466797,137596900
2025-10-06,185.48967202648717,187.21957143407985,183.31979467524326,185.5296630859375,157678100
2025-10-07,186.21962980709273,189.0494741147918,183.9897582054133,185.02969360351562,140088000
2025-10-08,186.55962017208088,189.58945025835604,186.52960780500513,189.09947204589844,130168900
2025-10-09,192.21928773885006,195.28912405123697,191.04935474353755,192.5592803955078,182997200
2025-10-10,193.49922565779727,195.6091088464203,182.0398719523004,183.14981079101562,268774400
2025-10-13,187.9595379156231,190.09941818271824,185.94965529464977,188.3095245361328,153482800
2025-10-14,184.75971529942103,184.78971240822688,179.68999030007896,180.0199737548828,205641400
2025-10-15,184.7897166440438,184.85970481354866,177.2801249034248,179.8199920654297,214450500
2025-10-16,182.21985578014733,183.26980040587233,179.76000120804414,181.7998809814453,179723300
2025-10-17,180.16996892604442,184.08976427610557,179.74000017155936,183.20980834960938,173135200
2025-10-20,183.1198152646831,185.18969215276272,181.71988400794234,182.6298370361328,128544700
2025-10-21,182.77981647710283,182.77981647710283,179.78999271004406,181.14991760253906,124240200
2025-10-22,181.1299112106735,183.42978616900905,176.7501502622395,180.26995849609375,162249600
2025-10-23,180.40994799999942,183.01980322210497,179.7799782111653,182.1498565673828,111363700
2025-10-24,183.8297551720498,187.45955783835475,183.48977777431884,186.24961853027344,131296700
2025-10-27,189.979423148828,191.98930570001696,188.41949722334647,191.47933959960938,153452700
2025-10-28,193.03926234185508,203.1386912540773,191.89932637827522,201.01881408691406,297986200
2025-10-29,207.96842303697136,212.1781954922272,204.76860414707738,207.02847290039062,308829600
2025-10-30,205.1385766163601,206.1485301715792,201.39879452489242,202.8787078857422,178864400
2025-10-31,206.43850017947892,207.95841980607935,202.05875446792163,202.47872924804688,179802200
2025-11-03,208.06841462190084,211.32822759164594,205.5485506791992,206.8684844970703,180267300
2025-11-04,202.98869740675082,203.9586446199207,197.9189723693821,198.67893981933594,188919300
2025-11-05,198.75894188581304,202.90870481768462,194.63916080574026,195.1991424560547,171350300
2025-11-06,196.40906647995496,197.60899664277025,186.3696319662745,188.0695343017578,223029800
2025-11-07,184.8897071775586,188.3095303364016,178.90005019006267,188.1395263671875,264942300
2025-11-10,195.09914200543773,199.9288750287355,193.7792081445882,199.03892517089844,198897100
2025-11-11,195.14913483203398,195.40911485928362,191.28934919242405,193.1492462158203,176483300
2025-11-12,195.70910637927892,195.87909508520013,191.1193655455878,193.78921508789062,154935300
2025-11-13,191.03936321053533,191.42934088057365,183.8397672401686,186.84959411621094,207423100
2025-11-14,182.8498180673128,190.99935813210442,180.56994624954729,190.15940856933594,186591900
2025-11-17,185.95964506857126,188.98947511566342,184.30974305565786,186.58961486816406,173628900
2025-11-18,183.36979105504545,184.7897101334883,179.63998782140993,181.3498992919922,213598900
2025-11-19,184.7796984316032,187.8495347223247,182.8198161698128,186.50961303710938,247246400
2025-11-20,195.9390891568929,195.9890894251709,179.83999453744622,180.62994384765625,343504800
2025-11-21,181.22991004695137,184.54971718190046,172.92036011460985,178.8700408935547,346926200
2025-11-24,179.48001348627363,183.4897847612219,176.47017128450955,182.5398406982422,256618300
2025-11-25,174.90026276869568,178.15008177330986,169.54056066153746,177.8101043701172,320600300
2025-11-26,181.61988829154,182.8998157763143,178.2300777211247,180.2499542236328,183852000
2025-11-28,179.0000253919654,179.28000857805475,176.49017066740046,176.99014282226562,121332800
2025-12-01,174.75027181562072,180.28997214473748,173.67033006996684,179.9099884033203,188131000
2025-12-02,181.74987648908228,185.6496685428864,179.98997995570696,181.4499053955078,182632200
2025-12-03,181.06992440272873,182.43984327721986,179.1000328161426,179.5800018310547,165138000
2025-12-04,181.6199951171875,184.52000427246094,179.9600067138672,183.3800048828125,167364900
2025-12-05,183.88999938964844,184.66000366210938,180.91000366210938,182.41000366210938,143971100
2025-12-08,182.63999938964844,188.0,182.39999389648438,185.5500030517578,204378100
2025-12-09,185.55999755859375,185.72000122070312,183.32000732421875,184.97000122070312,144719700
2025-12-10,184.97000122070312,185.47999572753906,182.0399932861328,183.77999877929688,162785400
2025-12-11,180.27999877929688,181.32000732421875,176.6199951171875,180.92999267578125,182136600
2025-12-12,181.11000061035156,182.82000732421875,174.6199951171875,175.02000427246094,204274900
2025-12-15,177.94000244140625,178.4199981689453,175.02999877929688,176.2899932861328,164775600
2025-12-16,176.25999450683594,178.49000549316406,174.89999389648438,177.72000122070312,148588100
2025-12-17,176.10000610351562,176.1300048828125,170.30999755859375,170.94000244140625,222775500
2025-12-18,174.52999877929688,176.14999389648438,171.82000732421875,174.13999938964844,176096000
2025-12-19,176.6699981689453,181.4499969482422,176.33999633789062,180.99000549316406,324925900
2025-12-22,183.9199981689453,184.16000366210938,182.35000610351562,183.69000244140625,129064400
2025-12-23,182.97000122070312,189.3300018310547,182.89999389648438,189.2100067138672,174873600
2025-12-24,187.94000244140625,188.91000366210938,186.58999633789062,188.61000061035156,65528500
2025-12-26,189.9199981689453,192.69000244140625,188.0,190.52999877929688,139740300
2025-12-29,187.7100067138672,188.75999450683594,185.91000366210938,188.22000122070312,120006100
2025-12-30,188.24000549316406,188.99000549316406,186.92999267578125,187.5399932861328,97687300
2025-12-31,189.57000732421875,190.55999755859375,186.49000549316406,186.5,120100500
2026-01-02,189.83999633789062,192.92999267578125,188.25999450683594,188.85000610351562,148240500
2026-01-05,191.75999450683594,193.6300048828125,186.14999389648438,188.1199951171875,183529700
2026-01-06,190.52000427246094,192.1699981689453,186.82000732421875,187.24000549316406,176862600
2026-01-07,188.57000732421875,191.3699951171875,186.55999755859375,189.11000061035156,153543200
2026-01-08,189.11000061035156,189.5500030517578,183.7100067138672,185.0399932861328,172457000
2026-01-09,185.0800018310547,186.33999633789062,183.6699981689453,184.86000061035156,131327500
2026-01-12,183.22000122070312,187.1199951171875,183.02000427246094,184.94000244140625,137968500
2026-01-13,185.0,188.11000061035156,183.39999389648438,185.80999755859375,160128900
2026-01-14,184.32000732421875,184.4600067138672,180.8000030517578,183.13999938964844,159586100
2026-01-15,186.5,189.6999969482422,186.3300018310547,187.0500030517578,206188600
2026-01-16,189.0800018310547,190.44000244140625,186.0800018310547,186.22999572753906,187967200
2026-01-20,181.89999389648438,182.3800048828125,177.61000061035156,178.07000732421875,223345300
2026-01-21,179.0500030517578,185.3800048828125,178.39999389648438,183.32000732421875,200381000
2026-01-22,184.75,186.1699981689453,183.92999267578125,184.83999633789062,139636600
2026-01-23,187.5,189.60000610351562,186.82000732421875,187.6699981689453,142748100
2026-01-26,187.16000366210938,189.1199951171875,185.99000549316406,186.47000122070312,124799600
2026-01-27,187.24000549316406,190.0,185.6999969482422,188.52000427246094,143711600
2026-01-28,191.27000427246094,192.35000610351562,189.83999633789062,191.52000427246094,148552700
2026-01-29,191.33999633789062,193.47999572753906,186.05999755859375,192.50999450683594,171764400
2026-01-30,191.2100067138672,194.49000549316406,189.47000122070312,191.1300048828125,179489500
2026-02-02,187.1999969482422,190.3000030517578,184.8800048828125,185.61000061035156,165794100
2026-02-03,186.24000549316406,186.27000427246094,176.22999572753906,180.33999633789062,204019600
2026-02-04,179.4600067138672,179.5800018310547,171.91000366210938,174.19000244140625,207014100
2026-02-05,174.92999267578125,176.82000732421875,171.02999877929688,171.8800048828125,206312900
2026-02-06,176.69000244140625,187.0,174.60000610351562,185.41000366210938,231346200
2026-02-09,184.25999450683594,193.66000366210938,183.9499969482422,190.0399932861328,196387400
2026-02-10,191.3800048828125,192.47999572753906,188.1199951171875,188.5399932861328,136764800
2026-02-11,192.4499969482422,193.25999450683594,188.77000427246094,190.0500030517578,144192700
2026-02-12,193.02999877929688,193.61000061035156,186.50999450683594,186.94000244140625,189932500
2026-02-13,187.47999572753906,187.5,181.58999633789062,182.80999755859375,161888000
2026-02-17,181.75,187.14999389648438,179.17999267578125,184.97000122070312,162276900
2026-02-18,188.75,190.3699951171875,186.75999450683594,187.97999572753906,164749100
2026-02-19,187.05999755859375,188.42999267578125,185.66000366210938,187.89999389648438,126554500
2026-02-20,186.57000732421875,190.3300018310547,185.94000244140625,189.82000732421875,178422300
2026-02-23,191.39999389648438,193.9499969482422,189.5800018310547,191.5500030517578,171584800
2026-02-24,191.49000549316406,193.77000427246094,187.39999389648438,192.85000610351562,175123600
2026-02-25,194.4499969482422,197.6300048828125,193.7899932861328,195.55999755859375,250637100
2026-02-26,194.27000427246094,194.2899932861328,184.32000732421875,184.88999938964844,360807900
2026-02-27,181.25,182.58999633789062,176.3800048828125,177.19000244140625,311636500
