Date,Open,High,Low,Close,Volume,Dividends,Stock Splits
2020-01-02 00:00:00-05:00,66.86783552352698,67.8730239868164,66.77262179859589,67.8730239868164,27278000,0.0,0.0
2020-01-03 00:00:00-05:00,66.8475211362902,68.12446593619062,66.81379565868565,67.51797485351562,23408000,0.0,0.0
2020-01-06 00:00:00-05:00,67.02751808217074,69.34288486446046,66.9962821053439,69.31759643554688,46768000,0.0,0.0
2020-01-07 00:00:00-05:00,69.44900962487809,69.59976407326137,69.00765768436452,69.18370056152344,34330000,0.0,0.0
2020-01-08 00:00:00-05:00,69.16931180182212,70.01383328257931,69.06071230813146,69.6761245727539,35314000,0.0,0.0
2020-01-09 00:00:00-05:00,70.51369507317621,70.84842998736566,69.93250016192401,70.40757751464844,33200000,0.0,0.0
2020-01-10 00:00:00-05:00,70.887623572567,71.15888019723822,70.39816911178163,70.8623275756836,26258000,0.0,0.0
2020-01-13 00:00:00-05:00,71.17425376918445,71.4832009224904,70.68430742640342,71.41130065917969,30730000,0.0,0.0
2020-01-14 00:00:00-05:00,71.40980138157744,71.54022369151787,70.80331039967703,70.94316101074219,26076000,0.0,0.0
2020-01-15 00:00:00-05:00,71.06365964443332,71.44847959482189,70.99621627063644,71.37012481689453,21550000,0.0,0.0
2020-01-16 00:00:00-05:00,71.6800692002155,71.94042198348346,71.40980383677255,71.91364288330078,26080000,0.0,0.0
2020-01-17 00:00:00-05:00,72.52755882003636,73.42067465653932,72.23051437982828,73.36959838867188,52424000,0.0,0.0
2020-01-21 00:00:00-05:00,73.34383083740128,73.88337797984266,72.90793449655817,73.5050048828125,48930000,0.0,0.0
2020-01-22 00:00:00-05:00,73.87591692725086,74.41396566579424,73.5253143022731,73.58531188964844,28458000,0.0,0.0
2020-01-23 00:00:00-05:00,73.76780203530112,74.06286392107879,73.40926181542616,73.62596893310547,26650000,0.0,0.0
2020-01-24 00:00:00-05:00,74.02914675123824,74.097581382054,72.559292859008,72.70757293701172,29786000,0.0,0.0
2020-01-27 00:00:00-05:00,70.99025883294016,71.24019200091527,70.3931886981462,70.99967956542969,34132000,0.0,0.0
2020-01-28 00:00:00-05:00,71.49608309873746,72.14373017574707,70.93174708981847,71.93049621582031,29724000,0.0,0.0
2020-01-29 00:00:00-05:00,72.32523692514812,72.60691311591184,71.6770979293156,72.23796081542969,21566000,0.0,0.0
2020-01-30 00:00:00-05:00,71.31557167668379,72.16604067283447,71.16184346943253,72.116455078125,27110000,0.0,0.0
2020-01-31 00:00:00-05:00,72.79136985685548,72.88112787586384,70.76809153712954,71.05175018310547,43822000,0.0,0.0
2020-02-03 00:00:00-05:00,72.48342482845398,73.70582753071683,72.23349161238843,73.5223388671875,71636000,0.0,0.0
2020-02-04 00:00:00-05:00,72.12835848746417,72.76558597572388,70.51866160482743,71.6780776977539,95880000,0.0,0.0
2020-02-05 00:00:00-05:00,72.58062487826129,72.6287273771318,70.89803624268711,71.70982360839844,36376000,0.0,0.0
2020-02-06 00:00:00-05:00,72.00388927199774,73.4707694622342,71.92950709001718,73.19355773925781,37822000,0.0,0.0
2020-02-07 00:00:00-05:00,72.7680635245262,73.65374104853788,72.66987603102721,73.34925842285156,28360000,0.0,0.0
2020-02-10 00:00:00-05:00,73.25605339560026,74.82557815384178,73.15538394851609,74.81466674804688,38302000,0.0,0.0
2020-02-11 00:00:00-05:00,75.04327053759313,75.86696810584262,74.65547678552417,74.88408660888672,34852000,0.0,0.0
2020-02-12 00:00:00-05:00,75.17170572454793,75.39188605793423,74.81515553865327,75.30907440185547,31042000,0.0,0.0
2020-02-13 00:00:00-05:00,74.88109681308607,75.67205999735403,74.58355300430597,75.04920959472656,22914000,0.0,0.0
2020-02-14 00:00:00-05:00,75.1057482210196,75.37948673334321,74.66042372612603,75.31402587890625,23198000,0.0,0.0
2020-02-18 00:00:00-05:00,75.09633617170891,75.90068528400265,74.93119712969819,75.3492431640625,25642000,0.0,0.0
2020-02-19 00:00:00-05:00,75.73405324495363,75.90960425641619,75.42560557770153,75.6185073852539,22746000,0.0,0.0
2020-02-20 00:00:00-05:00,75.32790743593482,75.72760378166284,74.5964499569271,75.22773742675781,25962000,0.0,0.0
2020-02-21 00:00:00-05:00,74.61233071932669,74.92822421575049,73.31852714783577,73.56498718261719,42520000,0.0,0.0
2020-02-24 00:00:00-05:00,70.56924154888083,71.23028195609393,69.76290996883232,70.41104888916016,49560000,0.0,0.0
2020-02-25 00:00:00-05:00,70.96349127440813,71.25358934741597,68.45522273304678,68.747802734375,51580000,0.0,0.0
2020-02-26 00:00:00-05:00,69.17725919757333,70.1041006176885,68.26331169909781,68.95360565185547,49776000,0.0,0.0
2020-02-27 00:00:00-05:00,67.39994084412521,67.90873614395468,65.17334092529835,65.20854949951172,62290000,0.0,0.0
2020-02-28 00:00:00-05:00,63.193204492422396,66.5722739739755,62.89070436777219,66.41358947753906,80198000,0.0,0.0
2020-03-02 00:00:00-05:00,67.01562107182778,68.80482655090657,65.71685370908082,68.747802734375,55430000,0.0,0.0
2020-03-03 00:00:00-05:00,69.31114065170213,69.83233041381229,65.91718724409012,66.33771514892578,56602000,0.0,0.0
2020-03-04 00:00:00-05:00,67.3910084911232,68.57224739337018,66.30200954107818,68.51373291015625,47598000,0.0,0.0
2020-03-05 00:00:00-05:00,66.72598928944154,67.12668440177893,64.54849125176536,65.19911193847656,54380000,0.0,0.0
2020-03-06 00:00:00-05:00,62.97701215349297,64.60356467952383,62.34523261541733,64.25594329833984,64640000,0.0,0.0
2020-03-09 00:00:00-04:00,59.75413363170908,62.12305473019572,59.410969211683664,60.291194915771484,69252000,0.0,0.0
2020-03-10 00:00:00-04:00,62.20537812329449,63.26958060641454,60.227720041786434,63.23585891723633,54872000,0.0,0.0
2020-03-11 00:00:00-04:00,61.901881557171805,62.331330808488026,59.06879454018304,60.0486946105957,54732000,0.0,0.0
2020-03-12 00:00:00-04:00,55.67088167650658,58.95027701384307,54.96918076424431,55.121917724609375,94326000,0.0,0.0
2020-03-13 00:00:00-04:00,58.26791891565671,60.2222672728443,55.15861501655473,60.2158203125,79400000,0.0,0.0
2020-03-16 00:00:00-04:00,54.03391030090798,56.804014722190885,52.91664529324998,53.21022033691406,96520000,0.0,0.0
2020-03-17 00:00:00-04:00,54.08498798539528,55.83849297321683,52.02501404698684,55.44474792480469,83194000,0.0,0.0
2020-03-18 00:00:00-04:00,52.56256725349607,54.796601385111515,51.42496645364691,54.11225891113281,93044000,0.0,0.0
2020-03-19 00:00:00-04:00,53.96497931020589,57.15808978102262,52.34487034827302,55.12786865234375,74064000,0.0,0.0
2020-03-20 00:00:00-04:00,56.08148339433845,56.45737823212612,52.66968337475193,52.972679138183594,82878000,0.0,0.0
2020-03-23 00:00:00-04:00,52.385533632275504,52.90821410094761,50.030002120502026,52.274452209472656,83672000,0.0,0.0
2020-03-24 00:00:00-04:00,54.7465237525493,56.20199314271335,53.87621437902263,56.037353515625,72468000,0.0,0.0
2020-03-25 00:00:00-04:00,55.76807440928379,56.838723734721434,53.70661363639943,54.629486083984375,90324000,0.0,0.0
2020-03-26 00:00:00-04:00,55.279113043764426,58.09385023001346,54.15391431981258,57.66935729980469,76562000,0.0,0.0
2020-03-27 00:00:00-04:00,55.91139183073007,57.08072809299469,54.747511270415124,55.057945251464844,62794000,0.0,0.0
2020-03-30 00:00:00-04:00,56.16777321835151,57.078247414984624,54.474269571410154,56.84566879272461,58736000,0.0,0.0
2020-03-31 00:00:00-04:00,56.96568065824295,58.1890670209297,56.37010109392205,57.62126159667969,65228000,0.0,0.0
2020-04-01 00:00:00-04:00,55.73931890160938,56.008097373392076,54.22632246793909,54.65329360961914,51970000,0.0,0.0
2020-04-02 00:00:00-04:00,54.54915520216464,55.678322926721385,54.20847268836694,55.3936767578125,56410000,0.0,0.0
2020-04-03 00:00:00-04:00,55.27862233919662,55.48094867701905,53.31336646721793,54.18714141845703,51374000,0.0,0.0
2020-04-06 00:00:00-04:00,56.18562539316482,59.04945270981069,55.7889027932641,58.67455291748047,63320000,0.0,0.0
2020-04-07 00:00:00-04:00,60.35169060850497,60.5386486628773,58.37998779819019,58.643310546875,61620000,0.0,0.0
2020-04-08 00:00:00-04:00,59.66189964889005,60.2470634858253,58.712247959352936,59.85530090332031,40334000,0.0,0.0
2020-04-09 00:00:00-04:00,60.40971598898934,60.59865278435294,59.132272009251324,59.8339729309082,54028000,0.0,0.0
2020-04-13 00:00:00-04:00,59.58254746490999,60.228211985811114,58.631904675648435,60.02439498901367,38702000,0.0,0.0
2020-04-14 00:00:00-04:00,61.49028400054519,63.26461680088407,60.923466061815894,62.7429313659668,63358000,0.0,0.0
2020-04-15 00:00:00-04:00,61.81459930556667,63.23287746103691,61.19422699271191,62.34967803955078,42236000,0.0,0.0
2020-04-16 00:00:00-04:00,62.837645447215486,63.14609692046677,61.40250825663297,62.35612487792969,57896000,0.0,0.0
2020-04-17 00:00:00-04:00,63.55968441345793,63.97128350215332,62.78111933147425,63.4257926940918,51050000,0.0,0.0
2020-04-20 00:00:00-04:00,62.97401789004605,63.3176779307609,62.307029946262375,62.54059982299805,35292000,0.0,0.0
2020-04-21 00:00:00-04:00,61.62616593937416,61.98767622078113,59.75611987683301,60.11118698120117,49648000,0.0,0.0
2020-04-22 00:00:00-04:00,61.54682063658604,63.4694298805156,61.352923758120845,62.40473175048828,46296000,0.0,0.0
2020-04-23 00:00:00-04:00,62.76822057097703,63.87953802477549,62.50985788688982,63.03749465942383,34202000,0.0,0.0
2020-04-24 00:00:00-04:00,62.23562530613796,63.36181922472336,61.69013452627562,63.3067741394043,37402000,0.0,0.0
2020-04-27 00:00:00-04:00,64.07046002760272,64.17460265209323,62.73450152115081,63.022125244140625,44186000,0.0,0.0
2020-04-28 00:00:00-04:00,63.634064753405866,63.711420702689196,61.0147111939967,61.124305725097656,80700000,0.0,0.0
2020-04-29 00:00:00-04:00,66.69874197813101,67.45003233788705,65.79273212855323,66.55889892578125,108358000,0.0,0.0
2020-04-30 00:00:00-04:00,66.02232428665536,66.94668363522894,65.53336173174351,66.78303527832031,55842000,0.0,0.0
2020-05-01 00:00:00-04:00,65.66179886879097,67.0175974915961,64.9462166247324,65.3260726928711,48872000,0.0,0.0
2020-05-04 00:00:00-04:00,64.87034957246755,65.68065376658639,64.26931430979212,65.60279083251953,30806000,0.0,0.0
2020-05-05 00:00:00-04:00,66.32681171124734,67.98857626005707,66.20432703264936,66.89808654785156,39666000,0.0,0.0
2020-05-06 00:00:00-04:00,67.34341989813494,67.87353868086379,66.70519344677658,66.7200698852539,31732000,0.0,0.0
2020-05-07 00:00:00-04:00,67.50754669271235,68.23603045485314,67.07264174294407,67.90277862548828,30652000,0.0,0.0
2020-05-08 00:00:00-04:00,68.52465344306268,69.25957668434151,68.03817275749519,68.64962005615234,33326000,0.0,0.0
2020-05-11 00:00:00-04:00,68.27519051574396,70.19630850049639,68.21122034234685,69.60420227050781,32718000,0.0,0.0
2020-05-12 00:00:00-04:00,69.83383223606998,70.13682424784653,68.16214747442724,68.19537353515625,33918000,0.0,0.0
2020-05-13 00:00:00-04:00,68.24396464855478,68.69870991776949,65.8561982347185,66.8638687133789,40368000,0.0,0.0
2020-05-14 00:00:00-04:00,66.1294392946917,67.3121612901518,65.62262654118136,67.28687286376953,36660000,0.0,0.0
2020-05-15 00:00:00-04:00,66.86040707156998,68.16561392304912,66.40119733074029,68.09024047851562,41544000,0.0,0.0
2020-05-18 00:00:00-04:00,67.52093388071376,69.06715231053478,67.15495543988825,68.6912612915039,47094000,0.0,0.0
2020-05-19 00:00:00-04:00,68.70614443587316,69.05376572383527,68.12494948842443,68.15668487548828,31586000,0.0,0.0
2020-05-20 00:00:00-04:00,68.88863698818672,70.02276472704372,68.80235214483642,69.88043975830078,38262000,0.0,0.0
2020-05-21 00:00:00-04:00,69.97120077662271,70.24245742688925,69.14800252337294,69.76094055175781,30894000,0.0,0.0
2020-05-22 00:00:00-04:00,69.61960413209609,70.26923381967933,69.22536338810905,70.08277893066406,28544000,0.0,0.0
2020-05-26 00:00:00-04:00,71.50701066600398,71.66322084569644,70.38825854154405,70.48594665527344,44590000,0.0,0.0
2020-05-27 00:00:00-04:00,70.41799195891424,70.68330099818472,69.15840585469878,70.43187713623047,31684000,0.0,0.0
2020-05-28 00:00:00-04:00,69.42618481441546,71.63096165984945,69.38056425382432,70.3307113647461,35170000,0.0,0.0
2020-05-29 00:00:00-04:00,70.43933258551093,71.24765440811724,70.21866036473031,71.08847045898438,37044000,0.0,0.0
2020-06-01 00:00:00-04:00,70.70066543276502,71.48815557585249,70.53106194988158,71.15540313720703,25162000,0.0,0.0
2020-06-02 00:00:00-04:00,71.16184772780194,71.55857034348811,70.49783354301282,71.52435302734375,23442000,0.0,0.0
2020-06-03 00:00:00-04:00,71.54369094375163,71.85660306579962,70.99423139231902,71.37260437011719,27732000,0.0,0.0
2020-06-04 00:00:00-04:00,71.2501248242787,71.47526904447197,69.72423813412438,70.13533782958984,26982000,0.0,0.0
2020-06-05 00:00:00-04:00,70.20178767828749,71.72222618313101,69.80407376319808,71.41079711914062,42642000,0.0,0.0
2020-06-08 00:00:00-04:00,70.72943839122632,71.85612054706654,70.64017219115213,71.80851745605469,33878000,0.0,0.0
2020-06-09 00:00:00-04:00,71.66965065277674,72.78840250945899,71.52682627591334,72.00884246826172,33624000,0.0,0.0
2020-06-10 00:00:00-04:00,72.47648902737328,73.03486997129616,72.12192132758686,72.63468170166016,31762000,0.0,0.0
2020-06-11 00:00:00-04:00,71.46088343383067,71.98505464439063,69.34735477136469,69.52042388916016,47144000,0.0,0.0
2020-06-12 00:00:00-04:00,70.70859413359544,71.1375515555571,68.7220148203328,70.06690216064453,36676000,0.0,0.0
2020-06-15 00:00:00-04:00,68.90501227244624,70.66595575731058,68.79144890467562,70.45470428466797,30468000,0.0,0.0
2020-06-16 00:00:00-04:00,71.85610266711461,72.26125473639239,70.86380812050945,71.73064422607422,30648000,0.0,0.0
2020-06-17 00:00:00-04:00,72.05150228105227,72.51070444213754,71.168298968231,72.03166198730469,30610000,0.0,0.0
2020-06-18 00:00:00-04:00,71.89825402642742,72.05297348457265,70.72742718247635,71.11820220947266,34862000,0.0,0.0
2020-06-19 00:00:00-04:00,71.40980414439169,71.63295826897189,70.36840814054392,70.64810180664062,52784000,0.0,0.0
2020-06-22 00:00:00-04:00,70.66645003115394,71.95281537744636,70.37783504857579,71.93843078613281,29442000,0.0,0.0
2020-06-23 00:00:00-04:00,72.00488718193142,73.15538214854752,71.65775768919568,72.5989761352539,37752000,0.0,0.0
2020-06-24 00:00:00-04:00,72.5642562323238,73.18462478275211,70.91389504036651,71.04779052734375,31592000,0.0,0.0
2020-06-25 00:00:00-04:00,70.97439400933185,71.52484484122479,70.39518156341698,71.46434783935547,23958000,0.0,0.0
2020-06-26 00:00:00-04:00,71.04431642722474,71.26201482286062,67.19463394651147,67.56854248046875,97640000,0.0,0.0
2020-06-29 00:00:00-04:00,67.45944641414235,69.32701421353897,67.02850648187311,69.28585052490234,45074000,0.0,0.0
2020-06-30 00:00:00-04:00,69.27149381239629,70.61637396269445,68.77806665075047,70.3213119506836,40286000,0.0,0.0
2020-07-01 00:00:00-04:00,70.37683460756695,71.83032132325184,70.12937578150444,71.50897216796875,42182000,0.0,0.0
2020-07-02 00:00:00-04:00,71.99693932392367,73.81590498317027,71.95874941401952,72.8940200805664,57218000,0.0,0.0
2020-07-06 00:00:00-04:00,73.79756010607282,74.88110333771328,73.24363612265843,74.36784362792969,44712000,0.0,0.0
2020-07-07 00:00:00-04:00,74.19329366469888,75.44246780197778,73.87442642573149,73.88533782958984,42364000,0.0,0.0
2020-07-08 00:00:00-04:00,74.42489940348548,74.93915053972134,74.00338009395274,74.56375122070312,31766000,0.0,0.0
2020-07-09 00:00:00-04:00,74.87763965842205,75.83026886920159,74.1665217588181,75.31056213378906,41836000,0.0,0.0
2020-07-10 00:00:00-04:00,75.04227347746796,76.43526327419461,74.42091366005153,76.31971740722656,35918000,0.0,0.0
2020-07-13 00:00:00-04:00,76.86174923666793,78.17191999043621,74.71053006647314,74.99170684814453,42954000,0.0,0.0
2020-07-14 00:00:00-04:00,74.0276638809234,75.51585983280482,73.68747324161508,75.4196548461914,38108000,0.0,0.0
2020-07-15 00:00:00-04:00,75.53718469026553,76.18681428524529,74.2775985185989,75.2222900390625,31026000,0.0,0.0
2020-07-16 00:00:00-04:00,74.45958671679637,75.17418530345144,73.80351018131975,75.12509155273438,26484000,0.0,0.0
2020-07-17 00:00:00-04:00,75.22376082168248,75.54709246272641,74.29097211617324,75.22078704833984,34264000,0.0,0.0
2020-07-20 00:00:00-04:00,75.12906443419325,77.80742846308635,74.5191078119618,77.5510482788086,30166000,0.0,0.0
2020-07-21 00:00:00-04:00,78.60186132798782,78.70203135101997,76.99463868090396,77.15828704833984,27486000,0.0,0.0
2020-07-22 00:00:00-04:00,77.14787303751817,77.70675334704666,76.52898757148118,77.60112762451172,24482000,0.0,0.0
2020-07-23 00:00:00-04:00,77.65468582028785,77.87387489576915,74.81118295355448,75.2158432006836,33910000,0.0,0.0
2020-07-24 00:00:00-04:00,74.34504365729109,75.15038400386956,73.76979622867519,74.79234313964844,29902000,0.0,0.0
2020-07-27 00:00:00-04:00,75.04276793316431,76.24780455339922,74.99664795853083,75.84463500976562,27124000,0.0,0.0
2020-07-28 00:00:00-04:00,75.62494678730275,75.67503178854197,74.41098139693985,74.56620025634766,30910000,0.0,0.0
2020-07-29 00:00:00-04:00,74.63315872892666,76.03804366539825,74.53447181046977,75.55107116699219,22676000,0.0,0.0
2020-07-30 00:00:00-04:00,74.28453342504669,76.41294572195511,74.14568165173718,76.28797912597656,36042000,0.0,0.0
2020-07-31 00:00:00-04:00,74.2389154953102,74.63414743431856,72.10405616294213,73.78764343261719,91468000,0.0,0.0
2020-08-03 00:00:00-04:00,73.93890638850003,74.27264254289081,72.9828039499581,73.53028106689453,45482000,0.0,0.0
2020-08-04 00:00:00-04:00,73.72616272675874,74.0435393333621,72.6014556409733,73.0611572265625,37212000,0.0,0.0
2020-08-05 00:00:00-04:00,73.23570208691466,73.88929663633802,72.95799099172172,73.3482666015625,29134000,0.0,0.0
2020-08-06 00:00:00-04:00,73.20248543087422,74.6961371287166,72.99172582956919,74.63067626953125,33306000,0.0,0.0
2020-08-07 00:00:00-04:00,74.83350979435441,75.38147873345969,73.70433828894927,74.30438232421875,27718000,0.0,0.0
2020-08-10 00:00:00-04:00,73.92897345317232,74.73976942853685,73.26892434364396,74.22750854492188,20546000,0.0,0.0
2020-08-11 00:00:00-04:00,74.08766106264545,74.9029290830015,73.30364415071575,73.42018127441406,31098000,0.0,0.0
2020-08-12 00:00:00-04:00,73.74648196265801,74.96392064558853,73.64134809525314,74.74423217773438,22512000,0.0,0.0
2020-08-13 00:00:00-04:00,74.79234620944766,76.21856217706964,74.79234620944766,75.21088409423828,22388000,0.0,0.0
2020-08-14 00:00:00-04:00,75.06013175554337,75.36660452613891,74.33562050081562,74.61481475830078,21942000,0.0,0.0
2020-08-17 00:00:00-04:00,75.17717361935591,75.56447556491348,74.63316965772786,75.19055938720703,19990000,0.0,0.0
2020-08-18 00:00:00-04:00,75.68049915036515,77.23019092166476,75.45982697689634,77.1513442993164,28378000,0.0,0.0
2020-08-19 00:00:00-04:00,76.98819489670538,77.79998980713675,76.36881754336467,76.59742736816406,30472000,0.0,0.0
2020-08-20 00:00:00-04:00,76.36731743172305,78.36084298271476,76.09407832961335,78.16645050048828,26382000,0.0,0.0
2020-08-21 00:00:00-04:00,77.94576675479895,78.94154200457511,77.47516142101985,78.13272857666016,34838000,0.0,0.0
2020-08-24 00:00:00-04:00,78.97081580396583,79.7796370070869,78.10646144704455,78.60781860351562,25638000,0.0,0.0
2020-08-25 00:00:00-04:00,78.35737106631586,79.78457814472273,78.24728090400605,79.63432312011719,25150000,0.0,0.0
2020-08-26 00:00:00-04:00,79.65664865706766,81.96209542076527,79.39283024801047,81.53263854980469,52188000,0.0,0.0
2020-08-27 00:00:00-04:00,81.6556259177035,81.72406055952304,80.27702050050969,80.758544921875,31350000,0.0,0.0
2020-08-28 00:00:00-04:00,80.80564164230469,81.39476664406783,80.61422293122781,81.29955291748047,22418000,0.0,0.0
2020-08-31 00:00:00-04:00,81.50486573387329,81.55098571536558,80.60034658249602,80.80862426757812,26422000,0.0,0.0
2020-09-01 00:00:00-04:00,80.93904333000434,82.2809493495807,80.80862102170718,82.07564544677734,22652000,0.0,0.0
2020-09-02 00:00:00-04:00,82.71684835469105,85.59754248382305,82.32905460313435,85.16561126708984,49522000,0.0,0.0
2020-09-03 00:00:00-04:00,84.27942619556264,84.30323151911709,79.7265559132381,80.80762481689453,63726000,0.0,0.0
2020-09-04 00:00:00-04:00,79.79052798096303,81.07937516659749,76.26814209838817,78.41242218017578,55850000,0.0,0.0
2020-09-08 00:00:00-04:00,75.62496025313807,77.13993533300419,75.20344105449351,75.55553436279297,54032000,0.0,0.0
2020-09-09 00:00:00-04:00,76.81016761668064,77.2971401284128,75.63339304854327,76.72735595703125,39242000,0.0,0.0
2020-09-10 00:00:00-04:00,76.87363960393168,78.0380120006391,75.37700663755594,75.6770248413086,33024000,0.0,0.0
2020-09-11 00:00:00-04:00,75.78116136551324,76.3043336256025,74.03905978761586,75.16674041748047,30706000,0.0,0.0
2020-09-14 00:00:00-04:00,75.95471996742477,77.21183159026285,74.63860202176961,74.82307434082031,42660000,0.0,0.0
2020-09-15 00:00:00-04:00,75.7682678763048,76.91379872037813,75.48114361362637,76.12680053710938,23042000,0.0,0.0
2020-09-16 00:00:00-04:00,76.49179380537119,77.08141822427109,74.95995225886935,74.98474884033203,22128000,0.0,0.0
2020-09-17 00:00:00-04:00,73.68152677302831,74.31876192273185,72.523601178489,73.74252319335938,40008000,0.0,0.0
2020-09-18 00:00:00-04:00,73.80500821832771,74.14718140405718,70.99423937213804,71.95975494384766,63056000,0.0,0.0
2020-09-21 00:00:00-04:00,70.99423595541519,71.41277382224862,69.55909872730024,70.92084503173828,56908000,0.0,0.0
2020-09-22 00:00:00-04:00,71.92157247881308,72.59848063067304,70.88910537519139,72.3926773071289,33950000,0.0,0.0
2020-09-23 00:00:00-04:00,72.00934681768462,72.05844057241953,69.55910082477837,69.891845703125,37726000,0.0,0.0
2020-09-24 00:00:00-04:00,69.55909799295081,71.31012111863477,69.53281074002145,70.55982208251953,34552000,0.0,0.0
2020-09-25 00:00:00-04:00,70.66842379721632,71.70435638288463,69.80704340057243,71.3631820678711,30326000,0.0,0.0
2020-09-28 00:00:00-04:00,72.9961844081179,73.04577000235808,71.72122247765688,72.33514404296875,30784000,0.0,0.0
2020-09-29 00:00:00-04:00,72.59549981591418,72.99667929784022,72.10405532889749,72.70013427734375,31816000,0.0,0.0
2020-09-30 00:00:00-04:00,72.44821428907602,73.7008616762661,72.19134227406526,72.67930603027344,40924000,0.0,0.0
2020-10-01 00:00:00-04:00,73.57489608176681,74.14072271292429,73.2347054658879,73.78515625,32884000,0.0,0.0
2020-10-02 00:00:00-04:00,72.38324355843328,73.34529333602387,71.7742783075214,72.18339538574219,31222000,0.0,0.0
2020-10-05 00:00:00-04:00,72.53301318921578,73.62647661219141,72.40606407362094,73.53374481201172,21602000,0.0,0.0
2020-10-06 00:00:00-04:00,73.17024916293467,73.61754863021302,71.65824787299684,71.95628356933594,26096000,0.0,0.0
2020-10-07 00:00:00-04:00,72.3673848593541,72.8464272920144,71.07407320039421,72.35895538330078,36108000,0.0,0.0
2020-10-08 00:00:00-04:00,72.67187424954838,73.79161750074745,72.67187424954838,73.56350708007812,26076000,0.0,0.0
2020-10-09 00:00:00-04:00,74.03112767666134,74.97284538187411,73.74053020813113,74.9034194946289,32966000,0.0,0.0
2020-10-12 00:00:00-04:00,76.26963387133897,78.76996475880563,75.83819452463318,77.5882339477539,55344000,0.0,0.0
2020-10-13 00:00:00-04:00,78.2041474056117,78.60830825072733,77.29268191848519,77.71121978759766,39072000,0.0,0.0
2020-10-14 00:00:00-04:00,78.08463641146828,78.54333914498373,76.66139427283109,77.53120422363281,33174000,0.0,0.0
2020-10-15 00:00:00-04:00,76.59196719094011,77.92594312364784,76.42485320690311,77.13597106933594,31210000,0.0,0.0
2020-10-16 00:00:00-04:00,77.45135766010404,78.2388477100898,77.24457067731333,77.7424545288086,34194000,0.0,0.0
2020-10-19 00:00:00-04:00,78.1505802742587,78.54730285581954,75.52180983862715,75.87042236328125,29734000,0.0,0.0
2020-10-20 00:00:00-04:00,75.53123918577117,78.04694597778177,75.40180813556019,76.91827392578125,41670000,0.0,0.0
2020-10-21 00:00:00-04:00,77.8490682736484,80.09500878079854,77.71468095433627,78.64945220947266,60322000,0.0,0.0
2020-10-22 00:00:00-04:00,78.6003693037984,80.00971867518831,78.22745200812956,79.67449188232422,30512000,0.0,0.0
2020-10-23 00:00:00-04:00,80.09055499720758,81.0362377810544,79.93483669697007,80.97970581054688,30548000,0.0,0.0
2020-10-26 00:00:00-04:00,80.08807542144447,80.81109596389342,77.7464289699495,78.5651626586914,35826000,0.0,0.0
2020-10-27 00:00:00-04:00,78.79526915461666,79.4434081514448,78.20316272181296,79.28868865966797,25902000,0.0,0.0
2020-10-28 00:00:00-04:00,76.86522380539199,77.05366121005478,74.8057451536442,74.92079162597656,45174000,0.0,0.0
2020-10-29 00:00:00-04:00,75.22922779001276,78.78583097305014,75.20592187839175,77.20589447021484,55406000,0.0,0.0
2020-10-30 00:00:00-04:00,82.68857929063469,83.37689063114517,79.42207419697557,80.14311218261719,99878000,0.0,0.0
2020-11-02 00:00:00-05:00,80.51158068776404,82.23235921213355,80.050388434645,80.55026245117188,44228000,0.0,0.0
2020-11-03 00:00:00-05:00,80.86962458150404,82.27004521249239,79.94476567921927,81.60851287841797,31432000,0.0,0.0
2020-11-04 00:00:00-05:00,84.57995857453083,87.77604704171848,84.45201818009168,86.57695770263672,71342000,0.0,0.0
2020-11-05 00:00:00-05:00,87.79685909810694,88.85660464736164,86.33791656920567,87.40261840820312,39758000,0.0,0.0
2020-11-06 00:00:00-05:00,86.84920287648768,87.70017143027276,86.12220968092075,87.26526641845703,28622000,0.0,0.0
2020-11-09 00:00:00-05:00,89.06289964750782,90.09982356156625,87.15714949334874,87.34906005859375,53440000,0.0,0.0
2020-11-10 00:00:00-05:00,85.77953403684037,87.24789727172411,85.10262594054147,86.17377471923828,43022000,0.0,0.0
2020-11-11 00:00:00-05:00,86.70338555062531,87.42244095604703,86.4385759389556,86.64537048339844,31838000,0.0,0.0
2020-11-12 00:00:00-05:00,86.38601724295751,87.5256006507518,86.18616905114561,86.42668151855469,26474000,0.0,0.0
2020-11-13 00:00:00-05:00,86.68355780156224,88.12811565464587,86.08748643492731,87.88661193847656,29744000,0.0,0.0
2020-11-16 00:00:00-05:00,87.48395005570929,88.98157439814365,87.34459885703573,87.97439575195312,25468000,0.0,0.0
2020-11-17 00:00:00-05:00,87.66841068929054,88.12861160522714,87.25334605642084,87.36095428466797,21314000,0.0,0.0
2020-11-18 00:00:00-05:00,87.11202590924145,87.52659876109121,86.21592867248422,86.3185806274414,20108000,0.0,0.0
2020-11-19 00:00:00-05:00,85.95110561494266,87.45170353015472,85.79192171108251,87.20771789550781,20106000,0.0,0.0
2020-11-20 00:00:00-05:00,87.37782799467588,87.69322208223674,86.03889568471133,86.10733032226562,27694000,0.0,0.0
2020-11-23 00:00:00-05:00,86.29775917426349,86.58389223770376,84.80807238631498,85.6699447631836,22530000,0.0,0.0
2020-11-24 00:00:00-05:00,85.66695766916568,87.59997863727754,85.33123148878767,87.47203826904297,27984000,0.0,0.0
2020-11-25 00:00:00-05:00,87.66594925071765,87.79339022162621,86.70141738515697,87.48345184326172,19600000,0.0,0.0
2020-11-27 00:00:00-05:00,87.50377401389918,89.11397029438973,87.50377401389918,88.61856079101562,14790000,0.0,0.0
2020-11-30 00:00:00-05:00,88.05472111529265,88.28729593403301,86.67561660708266,87.00093078613281,32418000,0.0,0.0
2020-12-01 00:00:00-05:00,87.60892319923718,90.33935486908295,87.42890770924123,89.03215789794922,37350000,0.0,0.0
2020-12-02 00:00:00-05:00,89.03216292105392,90.8858458607049,88.52684072199266,90.50052642822266,29424000,0.0,0.0
2020-12-03 00:00:00-05:00,90.28082916707561,91.4357808641382,90.10527814356266,90.34529876708984,24728000,0.0,0.0
2020-12-04 00:00:00-05:00,90.26496258516443,90.72515597863432,89.93617518789623,90.44051361083984,20544000,0.0,0.0
2020-12-07 00:00:00-05:00,90.0333596381095,90.71473210094504,89.41299114870317,90.10675811767578,22288000,0.0,0.0
2020-12-08 00:00:00-05:00,89.68474544453545,90.05418949598835,88.82981207755705,89.82408905029297,19936000,0.0,0.0
2020-12-09 00:00:00-05:00,89.7759858721806,90.66910914150405,87.37780790204378,88.164306640625,31728000,0.0,0.0
2020-12-10 00:00:00-05:00,87.40757214922617,88.02199315546525,85.96598802674157,87.65800476074219,28688000,0.0,0.0
2020-12-11 00:00:00-05:00,87.27864133152798,88.13704799737961,86.91861796512762,88.0125732421875,18628000,0.0,0.0
2020-12-14 00:00:00-05:00,87.81024388487914,88.75641842182344,86.73958703553363,86.89480590820312,33050000,0.0,0.0
2020-12-15 00:00:00-05:00,87.27169452904377,87.47699842212751,86.36965738505812,87.33219909667969,21352000,0.0,0.0
2020-12-16 00:00:00-05:00,87.7304049543823,87.7304049543823,86.73612785383081,87.13928985595703,24676000,0.0,0.0
2020-12-17 00:00:00-05:00,87.4735400975427,87.61140062901919,85.8479753357281,86.3121337890625,34880000,0.0,0.0
2020-12-18 00:00:00-05:00,86.59282122418996,86.70142073048683,85.04709430471526,85.6034927368164,85256000,0.0,0.0
2020-12-21 00:00:00-05:00,84.7559825869956,86.13806088707005,84.00568362055076,86.01705932617188,33974000,0.0,0.0
2020-12-22 00:00:00-05:00,85.75771792450207,85.92037503992229,84.58987222192447,85.30595397949219,20370000,0.0,0.0
2020-12-23 00:00:00-05:00,85.4899367962746,86.49066096594188,85.35455062268282,85.70317077636719,22974000,0.0,0.0
2020-12-24 00:00:00-05:00,85.74134221937419,86.40634763890155,85.51074990274458,85.99723052978516,9312000,0.0,0.0
2020-12-28 00:00:00-05:00,86.5303238857838,88.61757255277705,86.3770950854727,87.97091674804688,27650000,0.0,0.0
2020-12-29 00:00:00-05:00,88.62898113815957,88.69046939494899,87.03614320674384,87.16755676269531,19726000,0.0,0.0
2020-12-30 00:00:00-05:00,87.52660005705403,87.66346933235681,85.69176632843582,86.10088348388672,21026000,0.0,0.0
2020-12-31 00:00:00-05:00,86.15147161928257,87.15467774663676,86.09294955931111,86.9136734008789,21070000,0.0,0.0
2021-01-04 00:00:00-05:00,87.2786364939041,87.40211241746897,84.65730423081347,85.5990219116211,37324000,0.0,0.0
2021-01-05 00:00:00-05:00,85.547452346587,86.62553994719731,85.14130899599806,86.28932189941406,20360000,0.0,0.0
2021-01-06 00:00:00-05:00,84.31612534175449,86.48371128165162,84.10983019384653,85.43785095214844,46588000,0.0,0.0
2021-01-07 00:00:00-05:00,85.63026481011545,88.16233866820387,85.63026481011545,87.9897689819336,41936000,0.0,0.0
2021-01-08 00:00:00-05:00,88.12960383731487,89.23050541250267,87.3391324437346,89.15463256835938,35484000,0.0,0.0
2021-01-11 00:00:00-05:00,88.1226604372479,88.48764764784643,86.88886216525205,87.09465789794922,34796000,0.0,0.0
2021-01-12 00:00:00-05:00,86.55265041375313,87.67041115596055,85.11553054046577,86.1594009399414,29528000,0.0,0.0
2021-01-13 00:00:00-05:00,85.65803281300867,87.09962451285838,85.65803281300867,86.64636993408203,23432000,0.0,0.0
2021-01-14 00:00:00-05:00,86.72670521887984,87.65305472805,85.59605062771794,85.83656311035156,29212000,0.0,0.0
2021-01-15 00:00:00-05:00,85.74233848952319,86.6647153768153,84.88393935871447,85.67291259765625,31444000,0.0,0.0
2021-01-19 00:00:00-05:00,86.43560673566675,89.45267036457545,85.93127591068698,88.49211120605469,41660000,0.0,0.0
2021-01-20 00:00:00-05:00,90.56993747642771,94.20737744445935,90.2297543947526,93.2329330444336,64152000,0.0,0.0
2021-01-21 00:00:00-05:00,93.90636933143983,95.81211195428514,93.2002001837018,93.43525695800781,58634000,0.0,0.0
2021-01-22 00:00:00-05:00,93.79776835100945,94.4389685259167,93.05589873468317,93.8523178100586,32744000,0.0,0.0
2021-01-25 00:00:00-05:00,94.8530372036717,95.30331799676104,92.19599688493652,93.9375991821289,50586000,0.0,0.0
2021-01-26 00:00:00-05:00,93.52650995574975,95.00231152937288,93.03755491647793,94.61550903320312,31462000,0.0,0.0
2021-01-27 00:00:00-05:00,92.97704477868687,93.2527658262995,89.12736210402838,90.20148468017578,82512000,0.0,0.0
2021-01-28 00:00:00-05:00,90.79954993985909,93.62568701190574,90.79954993985909,91.90045166015625,55278000,0.0,0.0
2021-01-29 00:00:00-05:00,90.94931198226257,91.61977320852743,89.33962239135802,90.6190414428711,44530000,0.0,0.0
2021-02-01 00:00:00-05:00,91.47347570612914,94.99189672698161,91.47347570612914,93.87760925292969,40252000,0.0,0.0
2021-02-02 00:00:00-05:00,94.87238152496506,96.6695245972113,94.53714717102395,95.16942596435547,66332000,0.0,0.0
2021-02-03 00:00:00-05:00,102.43388711910048,104.4675776467,99.85222011919001,102.10014343261719,97882000,0.0,0.0
2021-02-04 00:00:00-05:00,102.18642801251289,102.61686853209841,100.92088672711886,101.83979797363281,48596000,0.0,0.0
2021-02-05 00:00:00-05:00,102.13386099437315,103.9379504485251,101.6597824251192,103.58536529541016,29866000,0.0,0.0
2021-02-08 00:00:00-05:00,104.13929285394818,104.8831449457621,102.32181757236562,103.37163543701172,28828000,0.0,0.0
2021-02-09 00:00:00-05:00,102.88962324878285,104.06540659089865,102.6515926888036,102.91888427734375,21892000,0.0,0.0
2021-02-10 00:00:00-05:00,103.30318780122352,104.08373904046066,101.77085450098349,103.46881866455078,25102000,0.0,0.0
2021-02-11 00:00:00-05:00,103.6929788445471,103.8417432011322,102.59505097845204,103.5813980102539,20480000,0.0,0.0
2021-02-12 00:00:00-05:00,103.13607633020287,104.11448568687386,102.8286123513811,103.892822265625,18990000,0.0,0.0
2021-02-16 00:00:00-05:00,103.73016383309847,106.37778331502909,103.73016383309847,104.6698989868164,31004000,0.0,0.0
2021-02-17 00:00:00-05:00,103.84076449120744,105.25210406830482,103.56157779925294,105.06266784667969,20294000,0.0,0.0
2021-02-18 00:00:00-05:00,104.38724907315866,105.2297881295189,103.80852842248879,104.42741394042969,22546000,0.0,0.0
2021-02-19 00:00:00-05:00,104.52559936877174,105.06067434938426,103.31758131898079,103.5843734741211,37938000,0.0,0.0
2021-02-22 00:00:00-05:00,101.83831369636844,103.16386022134958,101.5606101179122,101.87104034423828,29466000,0.0,0.0
2021-02-23 00:00:00-05:00,99.87404002469421,102.77555788180933,98.69577487059935,102.16162872314453,34658000,0.0,0.0
2021-02-24 00:00:00-05:00,100.66996455548863,103.56007930549984,100.54549736259403,103.33642578125,22608000,0.0,0.0
2021-02-25 00:00:00-05:00,101.95385140255122,103.29625677290161,99.50211491084727,99.97123718261719,41548000,0.0,0.0
2021-02-26 00:00:00-05:00,100.66549742752122,101.98310623375514,99.23036023728218,100.26679229736328,40042000,0.0,0.0
2021-03-01 00:00:00-05:00,101.5606048992847,102.96053353696968,100.88716997270484,102.63472747802734,26060000,0.0,0.0
2021-03-02 00:00:00-05:00,102.39568834308835,103.87843606308178,101.9905438521957,102.37783813476562,25564000,0.0,0.0
2021-03-03 00:00:00-05:00,101.75650153771592,102.94864450565711,98.88274597972317,99.7461166381836,33892000,0.0,0.0
2021-03-04 00:00:00-05:00,99.91767835282445,102.87920137299997,99.44954734195224,100.86286926269531,49216000,0.0,0.0
2021-03-05 00:00:00-05:00,102.21272019148002,104.44675086190153,100.5578944284976,103.9939956665039,53100000,0.0,0.0
2021-03-08 00:00:00-05:00,103.34882412283017,104.8206529765834,99.43764570827803,99.55220031738281,36868000,0.0,0.0
2021-03-09 00:00:00-05:00,101.6473888421462,102.35007722648686,100.94568414890182,101.18173217773438,33920000,0.0,0.0
2021-03-10 00:00:00-05:00,102.22511823828405,102.22511823828405,100.13886060476449,100.9749526977539,27100000,0.0,0.0
2021-03-11 00:00:00-05:00,102.06741705146506,104.69817024362116,101.97964153853603,104.16606903076172,27702000,0.0,0.0
2021-03-12 00:00:00-05:00,102.96946115627736,103.02896690019689,100.78798996708696,101.65978240966797,33818000,0.0,0.0
2021-03-15 00:00:00-04:00,101.41084443797796,101.90723768058707,100.5583928421277,101.87996673583984,26168000,0.0,0.0
2021-03-16 00:00:00-04:00,102.45273295151992,104.81768533806229,102.12047992122729,103.34040069580078,31900000,0.0,0.0
2021-03-17 00:00:00-04:00,102.57569644128625,104.08968002556169,101.36817798436793,103.25756072998047,26382000,0.0,0.0
2021-03-18 00:00:00-04:00,101.56952763068206,102.58960018110442,100.13141662467372,100.23853302001953,31700000,0.0,0.0
2021-03-19 00:00:00-04:00,100.65458821260705,101.01708592464301,99.32556866080017,100.51721954345703,46072000,0.0,0.0
2021-03-22 00:00:00-04:00,100.55044851754279,101.57745981871109,99.87453168948488,100.70219421386719,33536000,0.0,0.0
2021-03-23 00:00:00-04:00,101.16139325256839,102.35949109317576,100.56879507536709,101.22982788085938,28510000,0.0,0.0
2021-03-24 00:00:00-04:00,101.74705457606407,102.53256214622269,100.61838259998439,100.79344177246094,25218000,0.0,0.0
2021-03-25 00:00:00-04:00,100.62086633670765,101.44356501016514,98.9863728269257,100.78997039794922,35616000,0.0,0.0
2021-03-26 00:00:00-04:00,100.756757621596,101.1336399863924,99.371205870775,100.40665435791016,27978000,0.0,0.0
2021-03-29 00:00:00-04:00,100.27919338600256,101.6206075032876,99.45053959162658,101.45100402832031,26492000,0.0,0.0
2021-03-30 00:00:00-04:00,101.80755821783723,102.28808372412591,100.97295690505184,101.48472595214844,27312000,0.0,0.0
2021-03-31 00:00:00-04:00,101.87797712697532,103.45792116829037,101.51100739464236,102.28064727783203,42570000,0.0,0.0
2021-04-01 00:00:00-04:00,103.75495299226581,105.91211911698845,103.71428872227146,105.6160659790039,39880000,0.0,0.0
2021-04-05 00:00:00-04:00,106.47746082606572,110.53592048261828,106.38125583923181,110.03852844238281,48510000,0.0,0.0
2021-04-06 00:00:00-04:00,109.63983019014792,110.48683365729421,109.1870749956329,109.55751037597656,35240000,0.0,0.0
2021-04-07 00:00:00-04:00,109.74793242768109,111.30506244729017,109.74793242768109,111.03380584716797,24134000,0.0,0.0
2021-04-08 00:00:00-04:00,112.27207955187752,112.65839021229614,111.23118294546491,111.5991439819336,28664000,0.0,0.0
2021-04-09 00:00:00-04:00,111.35167993918043,112.76648496837154,110.94602844319752,112.60283660888672,26146000,0.0,0.0
2021-04-12 00:00:00-04:00,111.78212470167257,111.91948581429651,110.47790163265579,111.31101989746094,25024000,0.0,0.0
2021-04-13 00:00:00-04:00,111.6269058095295,112.24579128521644,111.23315696050524,111.79749298095703,25682000,0.0,0.0
2021-04-14 00:00:00-04:00,112.44216945631923,112.44216945631923,110.88454751475824,111.17662811279297,21002000,0.0,0.0
2021-04-15 00:00:00-04:00,112.1704155210859,113.8589591031954,111.63583238423234,113.32585906982422,29174000,0.0,0.0
2021-04-16 00:00:00-04:00,113.52373007572085,113.77168077567667,112.61523834787371,113.20188903808594,26282000,0.0,0.0
2021-04-19 00:00:00-04:00,112.57854354901255,114.26014079100582,112.57854354901255,113.54951477050781,30290000,0.0,0.0
2021-04-20 00:00:00-04:00,113.93284788352207,114.00772947962533,111.93090021599527,113.01642608642578,22288000,0.0,0.0
2021-04-21 00:00:00-04:00,112.67126047168009,113.0655011135932,111.3209176039308,112.98368072509766,23204000,0.0,0.0
2021-04-22 00:00:00-04:00,112.837393589657,113.50587220316932,111.09777377545008,111.70277404785156,24146000,0.0,0.0
2021-04-23 00:00:00-04:00,112.4208378072845,114.36080521624167,112.13569603609702,114.05384063720703,29066000,0.0,0.0
2021-04-26 00:00:00-04:00,114.28146844023216,115.27377066190553,113.92441882355446,114.54975128173828,32038000,0.0,0.0
2021-04-27 00:00:00-04:00,114.93158969348886,114.97225396912138,113.37098650498807,113.61001586914062,44386000,0.0,0.0
2021-04-28 00:00:00-04:00,118.6444052488308,120.57247005777245,116.69650771409113,116.98512268066406,81106000,0.0,0.0
2021-04-29 00:00:00-04:00,118.48224361950828,119.22262247919515,117.71954253961522,118.65729522705078,41234000,0.0,0.0
2021-04-30 00:00:00-04:00,117.43043490062821,118.1162643027293,116.36623251844566,116.71038818359375,44856000,0.0,0.0
2021-05-03 00:00:00-04:00,117.2762012400106,118.10138178756102,115.8177582594562,116.19364929199219,28242000,0.0,0.0
2021-05-04 00:00:00-04:00,114.72927091275335,115.29658074496845,111.90908129254251,114.39602661132812,44818000,0.0,0.0
2021-05-05 00:00:00-04:00,115.47708449305684,115.79297039823858,114.46792338467594,114.78976440429688,26636000,0.0,0.0
2021-05-06 00:00:00-04:00,114.371219210084,115.90950775146484,113.71216888819075,115.90950775146484,25190000,0.0,0.0
2021-05-07 00:00:00-04:00,117.22563540770174,117.59061507127338,116.34639717350244,116.63253021240234,28898000,0.0,0.0
2021-05-10 00:00:00-04:00,115.45278230823058,115.59461543086714,113.29065197517465,113.64820098876953,30914000,0.0,0.0
2021-05-11 00:00:00-04:00,111.23414573224053,113.07939117570699,110.78039176678136,112.57257843017578,34186000,0.0,0.0
2021-05-12 00:00:00-04:00,110.39707540750636,111.47764498191353,108.78192267103177,109.11070251464844,46376000,0.0,0.0
2021-05-13 00:00:00-04:00,110.39359185483993,111.05413282086089,109.43154201842614,110.53839874267578,33204000,0.0,0.0
2021-05-14 00:00:00-04:00,112.00131096781348,113.29957888960938,111.577809256897,112.98517608642578,31996000,0.0,0.0
2021-05-17 00:00:00-04:00,112.25074645700623,113.55050506879931,111.85105006420112,113.50785827636719,21598000,0.0,0.0
2021-05-18 00:00:00-04:00,114.17384773504614,114.43816551572112,112.18230470309192,112.1961898803711,22204000,0.0,0.0
2021-05-19 00:00:00-04:00,110.50816157713805,112.81707393353265,110.35988904981882,112.64400482177734,23684000,0.0,0.0
2021-05-20 00:00:00-04:00,113.61100662106799,114.65239495545593,113.24007185238473,114.40196990966797,32352000,0.0,0.0
2021-05-21 00:00:00-04:00,114.92067995406296,114.99407844296304,113.52669887961433,113.76622009277344,40632000,0.0,0.0
2021-05-24 00:00:00-04:00,114.79570966912145,117.30794312536561,114.65041093317832,117.08429718017578,31832000,0.0,0.0
2021-05-25 00:00:00-04:00,117.62781165530731,118.22289182744397,116.7847807808758,117.17505645751953,22440000,0.0,0.0
2021-05-26 00:00:00-04:00,117.35604726795344,118.47034224534134,117.35307349417839,118.03990173339844,21572000,0.0,0.0
2021-05-27 00:00:00-04:00,118.47332287279623,118.47332287279623,116.84726630527486,117.16563415527344,35224000,0.0,0.0
2021-05-28 00:00:00-04:00,117.74781887099097,117.82963927117555,116.67816071964592,116.87651824951172,21482000,0.0,0.0
2021-06-01 00:00:00-04:00,117.74881041841671,118.3076907432192,116.74907000230994,118.08304595947266,23354000,0.0,0.0
2021-06-02 00:00:00-04:00,118.47827097273424,118.70093322748687,116.65384943203411,117.5578842163086,21158000,0.0,0.0
2021-06-03 00:00:00-04:00,116.3250685412931,116.88494008609811,115.52121134855334,116.41680908203125,18696000,0.0,0.0
2021-06-04 00:00:00-04:00,117.49244237141984,118.96824403942371,117.15225168056887,118.69747924804688,24458000,0.0,0.0
2021-06-07 00:00:00-04:00,118.49266700644799,119.23999231025896,118.07412912075807,119.1303939819336,24120000,0.0,0.0
2021-06-08 00:00:00-04:00,119.6119002311292,119.98431807890844,118.7574586570108,118.93895721435547,24240000,0.0,0.0
2021-06-09 00:00:00-04:00,119.58314905326921,119.65504930518125,118.86260289582098,119.41007995605469,17942000,0.0,0.0
2021-06-10 00:00:00-04:00,119.35950068179913,120.80158431684347,119.20378994220064,120.75843811035156,25904000,0.0,0.0
2021-06-11 00:00:00-04:00,120.99992773077977,121.08522130896714,119.95654936765875,120.51394653320312,21958000,0.0,0.0
2021-06-14 00:00:00-04:00,120.61611526440987,121.44228719469659,119.90896239653654,121.4417953491211,22098000,0.0,0.0
2021-06-15 00:00:00-04:00,121.44625717538425,121.76908949058003,120.06368677320248,120.42420959472656,21562000,0.0,0.0
2021-06-16 00:00:00-04:00,120.5754470648677,120.88687610628577,118.49068020896921,119.78250122070312,26472000,0.0,0.0
2021-06-17 00:00:00-04:00,119.70812862525287,121.51816583028373,119.51224544035519,120.74555206298828,25842000,0.0,0.0
2021-06-18 00:00:00-04:00,120.37212775019057,120.60619327255783,119.03121296167414,119.12642669677734,46116000,0.0,0.0
2021-06-21 00:00:00-04:00,119.51273832350716,120.99994312989033,118.91566806650118,120.81398010253906,27414000,0.0,0.0
2021-06-22 00:00:00-04:00,120.75197380857539,121.39664705069829,120.07160015028364,121.32771301269531,22390000,0.0,0.0
2021-06-23 00:00:00-04:00,121.0926742086513,122.08645953120904,120.83580218507122,121.12590026855469,19148000,0.0,0.0
2021-06-24 00:00:00-04:00,121.69419186972272,122.04677701360374,121.29747683144915,121.49583435058594,21362000,0.0,0.0
2021-06-25 00:00:00-04:00,120.99993398696205,121.62774832820787,120.5685022175003,121.50426483154297,34594000,0.0,0.0
2021-06-28 00:00:00-04:00,121.67287369057478,121.77850698140655,120.4103137257864,121.53154754638672,28526000,0.0,0.0
2021-06-29 00:00:00-04:00,121.66493508583213,122.01256393063309,120.69346452054683,121.27019500732422,23108000,0.0,0.0
2021-06-30 00:00:00-04:00,120.99447687115277,121.2548296268427,120.35972373185534,121.08869934082031,24474000,0.0,0.0
2021-07-01 00:00:00-04:00,120.72718855138434,121.58212203987887,120.53527798763021,121.4407958984375,18110000,0.0,0.0
2021-07-02 00:00:00-04:00,122.14051324667714,124.37603452212761,122.05075521661516,124.2307357788086,25982000,0.0,0.0
2021-07-06 00:00:00-04:00,124.61853639495152,125.39164954584159,123.56127270190933,125.15560150146484,26404000,0.0,0.0
2021-07-07 00:00:00-04:00,126.11962731057842,126.240621316996,125.1188956447412,125.43726348876953,24060000,0.0,0.0
2021-07-08 00:00:00-04:00,123.0093289727932,124.56595957690325,123.005363941043,124.01898193359375,23790000,0.0,0.0
2021-07-09 00:00:00-04:00,124.00013909575392,124.70381872081973,123.53051741103474,124.48959350585938,18632000,0.0,0.0
2021-07-12 00:00:00-04:00,125.14368334235166,126.02787781640319,124.58132987577834,125.93464660644531,17668000,0.0,0.0
2021-07-13 00:00:00-04:00,125.99713556323269,127.00777981268853,125.63612092477611,126.29765319824219,19240000,0.0,0.0
2021-07-14 00:00:00-04:00,126.90909397847128,128.26638333995623,126.86594777508958,127.18580627441406,23742000,0.0,0.0
2021-07-15 00:00:00-04:00,127.59444929137345,127.64502615274154,125.49281574408225,125.96392059326172,24218000,0.0,0.0
2021-07-16 00:00:00-04:00,126.61651932695658,126.7638005858177,125.11939443436253,125.92919921875,20424000,0.0,0.0
2021-07-19 00:00:00-04:00,125.05590815567551,125.17046276091699,122.49259090531656,123.55680084228516,27968000,0.0,0.0
2021-07-20 00:00:00-04:00,124.49851812065599,126.00159811872851,123.33117189440424,125.17493438720703,26312000,0.0,0.0
2021-07-21 00:00:00-04:00,125.09955486427575,126.55006794062126,124.99045595333612,126.50345611572266,20746000,0.0,0.0
2021-07-22 00:00:00-04:00,126.7960393554764,127.42980128632463,126.45386617760096,127.3687973022461,14302000,0.0,0.0
2021-07-23 00:00:00-04:00,129.36131958948965,132.3054917449223,128.73649417322727,131.9246368408203,41506000,0.0,0.0
2021-07-26 00:00:00-04:00,132.23557346986715,133.13661932706722,131.2169841004671,132.936279296875,30572000,0.0,0.0
2021-07-27 00:00:00-04:00,133.15002872677817,133.29730999351878,129.03751867433039,130.81878662109375,54710000,0.0,0.0
2021-07-28 00:00:00-04:00,135.19460884795575,137.16333785236336,134.1685888131194,134.9783935546875,95130000,0.0,0.0
2021-07-29 00:00:00-04:00,135.0339491373532,135.54076195696248,134.43193014711593,134.6645050048828,31716000,0.0,0.0
2021-07-30 00:00:00-04:00,133.92810471351868,134.1953963144615,133.15449968254848,133.62213134765625,25576000,0.0,0.0
2021-08-02 00:00:00-04:00,134.00942969336194,134.22712811804664,132.69727646334016,133.74908447265625,21634000,0.0,0.0
2021-08-03 00:00:00-04:00,134.02726631580427,134.61937271017896,132.22665752851483,134.51821899414062,20762000,0.0,0.0
2021-08-04 00:00:00-04:00,134.24000035779645,134.53754419070725,133.38456751331833,134.01783752441406,19676000,0.0,0.0
2021-08-05 00:00:00-04:00,134.56829449236173,135.23231626590845,133.74063191754414,135.13461303710938,17870000,0.0,0.0
2021-08-06 00:00:00-04:00,134.92684860507694,135.35381597219683,134.1016679203012,134.62582397460938,20488000,0.0,0.0
2021-08-09 00:00:00-04:00,134.8281458060164,136.05946972764093,134.23007678129167,135.79067993164062,17760000,0.0,0.0
2021-08-10 00:00:00-04:00,136.21616508986884,136.64314754338798,135.246684585336,135.68556213378906,19414000,0.0,0.0
2021-08-11 00:00:00-04:00,136.05699411421284,136.55387918721985,135.15444996704406,135.16189575195312,15352000,0.0,0.0
2021-08-12 00:00:00-04:00,134.86087941942685,136.17453085667606,134.3153999728154,136.06939697265625,16506000,0.0,0.0
2021-08-13 00:00:00-04:00,136.12493157350525,136.72646625528014,135.90971509193332,136.5985107421875,15948000,0.0,0.0
2021-08-16 00:00:00-04:00,136.39766610111587,137.22830997813796,134.18991525462013,137.1757354736328,22384000,0.0,0.0
2021-08-17 00:00:00-04:00,136.62083810095478,137.13211535901215,134.96651172789996,135.541259765625,21716000,0.0,0.0
2021-08-18 00:00:00-04:00,135.38107897385382,135.98063113741676,134.21224206544025,134.3386993408203,19258000,0.0,0.0
2021-08-19 00:00:00-04:00,133.33348946705797,135.23476744461345,133.1495089814083,134.56777954101562,21782000,0.0,0.0
2021-08-20 00:00:00-04:00,134.8851617373076,136.42642391817594,134.14130974243275,136.30294799804688,31194000,0.0,0.0
2021-08-23 00:00:00-04:00,136.83853312618544,139.71971902868404,136.47950099945666,138.8935546875,28454000,0.0,0.0
2021-08-24 00:00:00-04:00,139.4588501005937,140.91531805934204,139.18809294920172,140.10353088378906,19268000,0.0,0.0
2021-08-25 00:00:00-04:00,140.46404870743459,141.02392020736,140.21709687243575,140.91432189941406,15848000,0.0,0.0
2021-08-26 00:00:00-04:00,140.58803917062994,141.2500632657939,140.198255364594,140.2810821533203,20610000,0.0,0.0
2021-08-27 00:00:00-04:00,140.49136699588402,143.32792410391343,140.33713933326362,142.82359313964844,28780000,0.0,0.0
2021-08-30 00:00:00-04:00,143.2163138187646,144.77395084299167,142.98125704674328,143.40525817871094,24434000,0.0,0.0
2021-08-31 00:00:00-04:00,143.9572070200469,143.98149662462504,143.09830844171228,143.51138305664062,22448000,0.0,0.0
2021-09-01 00:00:00-04:00,143.8113978553602,145.05511631686906,143.69585198821633,144.02513122558594,21936000,0.0,0.0
2021-09-02 00:00:00-04:00,144.02563035315396,144.32663982177834,142.01127317307444,142.11244201660156,32342000,0.0,0.0
2021-09-03 00:00:00-04:00,141.90763889729274,142.9733244158988,141.23320515681903,142.5612335205078,19850000,0.0,0.0
2021-09-07 00:00:00-04:00,142.65546562838,143.37997686078998,142.44173224208836,143.09780883789062,20124000,0.0,0.0
2021-09-08 00:00:00-04:00,142.9187663228827,143.21629500759505,141.82777736657997,142.5131072998047,18344000,0.0,0.0
2021-09-09 00:00:00-04:00,142.66140907531098,143.12755759724692,142.0038493948319,142.36436462402344,15314000,0.0,0.0
2021-09-10 00:00:00-04:00,143.030343356749,143.53220739667623,139.58433740573318,139.72120666503906,36840000,0.0,0.0
2021-09-13 00:00:00-04:00,140.7859002496474,141.77820242843924,140.09214075232128,141.165771484375,22094000,0.0,0.0
2021-09-14 00:00:00-04:00,141.8233140691481,142.18780941142742,140.58802520414704,141.37600708007812,19674000,0.0,0.0
2021-09-15 00:00:00-04:00,141.60117640739975,143.2664141950181,140.18885318248124,143.24559020996094,27408000,0.0,0.0
2021-09-16 00:00:00-04:00,142.77052431927007,143.1171619764454,141.23422561732042,142.4328155517578,26190000,0.0,0.0
2021-09-17 00:00:00-04:00,141.8580435231661,142.27409944382737,139.31853152816512,139.6458282470703,53384000,0.0,0.0
2021-09-20 00:00:00-04:00,137.028942390243,137.86056989011584,135.2045285382964,137.58236694335938,46518000,0.0,0.0
2021-09-21 00:00:00-04:00,138.60394429145055,138.86380522550456,137.1445098358899,137.89332580566406,25332000,0.0,0.0
2021-09-22 00:00:00-04:00,138.16211224583924,139.73212885375122,137.41577814102456,139.13357543945312,25056000,0.0,0.0
2021-09-23 00:00:00-04:00,139.83179860304818,140.534986416547,139.25060362210317,140.0584259033203,20952000,0.0,0.0
2021-09-24 00:00:00-04:00,139.3864691123975,141.16378703061662,139.0914071880992,141.04922485351562,22984000,0.0,0.0
2021-09-27 00:00:00-04:00,139.65029458618613,140.77500156753678,138.91933644415815,139.9156036376953,21882000,0.0,0.0
2021-09-28 00:00:00-04:00,137.51840770698303,137.95628643744843,134.25041949465725,134.71656799316406,45772000,0.0,0.0
2021-09-29 00:00:00-04:00,135.85714754159193,136.02675103167505,132.76769140885952,133.25218200683594,30848000,0.0,0.0
2021-09-30 00:00:00-04:00,133.16094144275186,134.43143155227392,132.46121921545426,132.58023071289062,37996000,0.0,0.0
2021-10-01 00:00:00-04:00,133.3454089668454,135.78823199119176,132.9739823084811,135.42373657226562,35360000,0.0,0.0
2021-10-04 00:00:00-04:00,134.84600656635544,134.84600656635544,129.9757666568725,132.56387329101562,51202000,0.0,0.0
2021-10-05 00:00:00-04:00,132.94224164734214,136.09964809191845,132.94224164734214,134.90798950195312,32404000,0.0,0.0
2021-10-06 00:00:00-04:00,133.64543520241895,136.62084377835407,133.44707765743206,136.43736267089844,24364000,0.0,0.0
2021-10-07 00:00:00-04:00,137.75347740127893,138.89405973958108,137.51445558203253,138.08375549316406,25110000,0.0,0.0
2021-10-08 00:00:00-04:00,138.43286154368056,139.180678709359,138.0763113266695,138.63966369628906,26526000,0.0,0.0
2021-10-11 00:00:00-04:00,138.15020647249565,139.55856466782143,137.72074204736637,137.77529907226562,17954000,0.0,0.0
2021-10-12 00:00:00-04:00,138.33663473843401,138.36342140161824,134.64712752694697,135.3304901123047,36332000,0.0,0.0
2021-10-13 00:00:00-04:00,136.27617541967604,136.86878120226152,135.39991852664056,136.45420837402344,19654000,0.0,0.0
2021-10-14 00:00:00-04:00,138.33071736992292,140.17893699801598,137.68703522654903,139.9939727783203,31894000,0.0,0.0
2021-10-15 00:00:00-04:00,140.45363726334713,140.5562892000621,139.60118579773,140.2091522216797,30274000,0.0,0.0
2021-10-18 00:00:00-04:00,139.92007540027947,141.62547801674657,139.91312902751054,141.6076202392578,20396000,0.0,0.0
2021-10-19 00:00:00-04:00,142.21211472454237,142.4848695628123,141.43107913400408,142.06285095214844,20164000,0.0,0.0
2021-10-20 00:00:00-04:00,142.1630420742844,142.36934482672316,140.2176186204073,140.60690307617188,23288000,0.0,0.0
2021-10-21 00:00:00-04:00,140.6068856243596,140.99072189641535,139.3482906803263,140.72293090820312,26292000,0.0,0.0
2021-10-22 00:00:00-04:00,138.00937412575647,139.4306264181138,134.94074161676718,136.43885803222656,50588000,0.0,0.0
2021-10-25 00:00:00-04:00,136.42248030097556,136.8687885412158,134.313900493147,136.32032775878906,34412000,0.0,0.0
2021-10-26 00:00:00-04:00,138.12193563067672,138.93470665883544,137.17079709217552,138.16656494140625,49236000,0.0,0.0
2021-10-27 00:00:00-04:00,138.26224995262072,147.43146079079884,138.26224995262072,145.01890563964844,85782000,0.0,0.0
2021-10-28 00:00:00-04:00,145.92841199689116,145.9517179093353,143.44145926717053,144.6534423828125,36206000,0.0,0.0
2021-10-29 00:00:00-04:00,143.88877021249704,147.026835739547,143.46378537419665,146.8324432373047,43320000,0.0,0.0
2021-11-01 00:00:00-04:00,146.8324309481015,146.8324309481015,142.05143515277334,142.32070922851562,46924000,0.0,0.0
2021-11-02 00:00:00-04:00,143.39433663204673,145.40719548804785,143.15233350459803,144.24034118652344,33482000,0.0,0.0
2021-11-03 00:00:00-04:00,144.70452437779974,145.4667336808486,143.405764521186,145.3963165283203,27494000,0.0,0.0
2021-11-04 00:00:00-04:00,145.91847295050908,148.5060949140484,145.10866822451723,147.05210876464844,38412000,0.0,0.0
2021-11-05 00:00:00-04:00,147.9467383281665,149.0952508155655,146.98222150325446,147.63185119628906,38354000,0.0,0.0
2021-11-08 00:00:00-05:00,148.59682386943936,149.38035641071258,147.21375439543775,147.80934143066406,23052000,0.0,0.0
2021-11-09 00:00:00-05:00,148.00972059814333,148.60629148213926,146.03800993877508,147.6977996826172,19530000,0.0,0.0
2021-11-10 00:00:00-05:00,146.2908928159798,146.8562275981602,143.35268347985377,144.6975555419922,29970000,0.0,0.0
2021-11-11 00:00:00-05:00,145.28870535866426,146.32613634452161,144.40698511974696,144.57162475585938,16518000,0.0,0.0
2021-11-12 00:00:00-05:00,145.4136656401591,147.62986135268545,144.219040793597,147.45925903320312,22360000,0.0,0.0
2021-11-15 00:00:00-05:00,147.67994786333566,148.32363001536405,146.36531261112202,147.23512268066406,23508000,0.0,0.0
2021-11-16 00:00:00-05:00,146.93510551026554,147.54307207632556,146.10496093518637,146.66384887695312,18904000,0.0,0.0
2021-11-17 00:00:00-05:00,146.81407891963306,147.34171568581732,146.0330433290407,146.8334197998047,19594000,0.0,0.0
2021-11-18 00:00:00-05:00,147.02635065516242,149.34618212111218,146.6722823464295,148.61026000976562,35608000,0.0,0.0
2021-11-19 00:00:00-05:00,148.74610077592874,149.72898972518277,147.67843279309778,147.70570373535156,33682000,0.0,0.0
2021-11-22 00:00:00-05:00,148.10839815896483,148.60131822577375,144.94950861350554,145.1027374267578,30594000,0.0,0.0
2021-11-23 00:00:00-05:00,144.95496666414806,145.45781447907999,142.9336779574355,144.58700561523438,27218000,0.0,0.0
2021-11-24 00:00:00-05:00,144.2810105888424,145.0506504792178,143.18953724894834,144.92221069335938,18040000,0.0,0.0
2021-11-26 00:00:00-05:00,143.16521675032945,143.37250313576732,140.67976264069813,141.01747131347656,30470000,0.0,0.0
2021-11-29 00:00:00-05:00,142.81959849591408,145.0982659592094,142.7139652055701,144.33755493164062,32596000,0.0,0.0
2021-11-30 00:00:00-05:00,143.81985108046018,144.80322451084183,140.4407808745621,140.73435974121094,42068000,0.0,0.0
2021-12-01 00:00:00-05:00,142.81961122468087,144.75412317905503,139.7569265486594,139.89527893066406,34020000,0.0,0.0
2021-12-02 00:00:00-05:00,140.09214564508795,142.68521600548834,139.06512670151332,141.79408264160156,29194000,0.0,0.0
2021-12-03 00:00:00-05:00,142.50321577437006,143.2163161657655,139.15091751675573,140.8374786376953,41230000,0.0,0.0
2021-12-06 00:00:00-05:00,141.8679430077585,142.67328324398704,139.0011345584632,141.98150634765625,30618000,0.0,0.0
2021-12-07 00:00:00-05:00,144.40301145252772,146.32166315012472,144.0370329543183,146.0623016357422,32240000,0.0,0.0
2021-12-08 00:00:00-05:00,146.3865960515908,147.17657557723103,145.205864201199,146.9717559814453,24270000,0.0,0.0
2021-12-09 00:00:00-05:00,146.38118770629148,147.87782097151015,145.90909157600555,146.4282989501953,23270000,0.0,0.0
2021-12-10 00:00:00-05:00,147.481060069157,147.75628168931388,145.501419679147,146.7882843017578,24458000,0.0,0.0
2021-12-13 00:00:00-05:00,146.57007966602828,146.7570414903442,144.32464606078113,144.63111877441406,27070000,0.0,0.0
2021-12-14 00:00:00-05:00,142.78784526013442,143.29564167577516,140.05740665054037,142.7273406982422,38446000,0.0,0.0
2021-12-15 00:00:00-05:00,142.2334415962049,145.51828889506476,140.51662819810505,145.24058532714844,36370000,0.0,0.0
2021-12-16 00:00:00-05:00,145.96412418925743,146.4664725789084,142.42982768319294,143.26097106933594,33650000,0.0,0.0
2021-12-17 00:00:00-05:00,141.33190408361676,142.65546811563613,140.1417437075494,140.56326293945312,50416000,0.0,0.0
2021-12-20 00:00:00-05:00,138.85239100741393,140.61235063263806,138.17895606354023,140.4462127685547,27192000,0.0,0.0
2021-12-21 00:00:00-05:00,140.88907311794625,142.68969724759867,139.35079187738978,142.29644775390625,28756000,0.0,0.0
2021-12-22 00:00:00-05:00,141.89474965551238,145.2991078691126,141.89474965551238,145.2147979736328,26322000,0.0,0.0
2021-12-23 00:00:00-05:00,145.29911422761188,147.0283222152052,145.2515035755231,145.7122039794922,26384000,0.0,0.0
2021-12-27 00:00:00-05:00,146.0488961608223,147.12797496363228,145.96310316847794,146.69406127929688,15976000,0.0,0.0
2021-12-28 00:00:00-05:00,147.02087190142421,147.08335898865232,144.85726596471994,145.4845733642578,18200000,0.0,0.0
2021-12-29 00:00:00-05:00,145.44243834865856,146.20861273327162,144.45361680844815,145.45285034179688,17788000,0.0,0.0
2021-12-30 00:00:00-05:00,145.49151435657527,146.09254961389885,144.79775486353165,145.00205993652344,15688000,0.0,0.0
2021-12-31 00:00:00-05:00,144.85278953169095,145.49597213944008,143.66461181640625,143.66461181640625,18136000,0.0,0.0
2022-01-03 00:00:00-05:00,143.86594988262885,144.65543012836076,142.53495522830957,143.802978515625,28646000,0.0,0.0
2022-01-04 00:00:00-05:00,144.2041576289817,145.2842353697018,142.53843558316575,143.21583557128906,28400000,0.0,0.0
2022-01-05 00:00:00-05:00,143.23616397542605,143.3150106060316,136.55935260045507,136.6456298828125,54618000,0.0,0.0
2022-01-06 00:00:00-05:00,135.87550910453731,138.7928950463076,135.43911342349688,136.6183624267578,37348000,0.0,0.0
2022-01-07 00:00:00-05:00,137.01307300645394,137.31359818480337,134.65357655381717,135.89382934570312,29760000,0.0,0.0
2022-01-10 00:00:00-05:00,133.97070993651408,137.68154008526386,132.07289778436396,137.5327606201172,44408000,0.0,0.0
2022-01-11 00:00:00-05:00,136.87572990846158,139.06662188460535,135.57200624477076,138.59054565429688,28730000,0.0,0.0
2022-01-12 00:00:00-05:00,139.99296095115926,141.4390172004531,139.54120457664413,140.2711639404297,26108000,0.0,0.0
2022-01-13 00:00:00-05:00,140.37975480829834,141.67902912526233,137.27442366179454,137.4509735107422,31436000,0.0,0.0
2022-01-14 00:00:00-05:00,135.95533915327124,139.5883225969847,135.8755088296192,138.337158203125,29662000,0.0,0.0
2022-01-18 00:00:00-05:00,135.05876027547475,136.00741694604665,134.32830144930435,134.88320922851562,34872000,0.0,0.0
2022-01-19 00:00:00-05:00,135.40439065709728,136.82862410530518,133.90875636510398,134.00892639160156,28648000,0.0,0.0
2022-01-20 00:00:00-05:00,135.133105704383,136.49783311871093,131.87453108390275,132.2147216796875,29908000,0.0,0.0
2022-01-21 00:00:00-05:00,131.506600309101,133.75996411235568,129.02014712662628,129.28297424316406,55652000,0.0,0.0
2022-01-24 00:00:00-05:00,124.94530705866508,130.12748179103494,123.47942593711821,129.73175048828125,76622000,0.0,0.0
2022-01-25 00:00:00-05:00,127.68468965184117,128.3382842647663,125.46354548795776,125.89447784423828,46960000,0.0,0.0
2022-01-26 00:00:00-05:00,130.04417107706672,131.9097485375021,126.09976709115335,128.1736297607422,49130000,0.0,0.0
2022-01-27 00:00:00-05:00,130.22767566573776,131.5651172616213,127.87560963585803,127.94752502441406,31950000,0.0,0.0
2022-01-28 00:00:00-05:00,128.59615164447928,132.26335206297418,127.43177919070502,132.2578887939453,34362000,0.0,0.0
2022-01-31 00:00:00-05:00,133.06224407236246,134.36250208787934,131.12574979400958,134.1943817138672,39986000,0.0,0.0
2022-02-01 00:00:00-05:00,136.466592286511,136.66346669345492,133.2670388818161,136.51568603515625,68644000,0.0,0.0
2022-02-02 00:00:00-05:00,150.0101630752151,150.30422616828662,144.32961959181026,146.78680419921875,123200000,0.0,0.0
2022-02-03 00:00:00-05:00,144.51112229924576,148.4480810526987,141.49603343553346,141.91705322265625,71518000,0.0,0.0
2022-02-04 00:00:00-05:00,142.26864026795846,143.68741021845733,139.36315001999446,142.11837768554688,57998000,0.0,0.0
2022-02-07 00:00:00-05:00,143.06756034988416,143.06756034988416,137.76140907718417,138.05995178222656,54974000,0.0,0.0
2022-02-08 00:00:00-05:00,137.88685780823388,138.85237322389543,135.89085796988192,138.2563018798828,54284000,0.0,0.0
2022-02-09 00:00:00-05:00,139.80799308806806,141.35620183871598,139.03785374463664,140.43133544921875,40144000,0.0,0.0
2022-02-10 00:00:00-05:00,138.55833324032872,140.3247247602678,136.82614390542432,137.48370361328125,39330000,0.0,0.0
2022-02-11 00:00:00-05:00,137.46387619119915,138.01580259283259,132.30648944702975,133.1817626953125,39958000,0.0,0.0
2022-02-14 00:00:00-05:00,132.16417235989616,135.1827270188193,132.16417235989616,134.41506958007812,34302000,0.0,0.0
2022-02-15 00:00:00-05:00,136.4427979327925,136.9763973849014,134.7081419187358,135.4886932373047,26680000,0.0,0.0
2022-02-16 00:00:00-05:00,135.52638804007637,136.9540871557712,133.81800399557383,136.60894775390625,25022000,0.0,0.0
2022-02-17 00:00:00-05:00,135.12617731893766,135.98954027468156,131.39254001045595,131.45254516601562,38950000,0.0,0.0
2022-02-18 00:00:00-05:00,132.37290861901454,132.97097755340243,129.12922570568102,129.3340301513672,45620000,0.0,0.0
2022-02-22 00:00:00-05:00,128.77369451228557,131.09699145275212,127.17242689104972,128.74940490722656,44990000,0.0,0.0
2022-02-23 00:00:00-05:00,130.56933788926054,130.96853484878528,126.4821167334988,126.54212188720703,32786000,0.0,0.0
2022-02-24 00:00:00-05:00,123.92923223959937,131.90977476291786,123.92923223959937,131.60330200195312,54456000,0.0,0.0
2022-02-25 00:00:00-05:00,132.4572527893111,134.16265544616002,130.67150526556998,133.35731506347656,36406000,0.0,0.0
2022-02-28 00:00:00-05:00,131.95936863524972,134.63871633436403,131.50561460625966,133.94992065429688,38864000,0.0,0.0
2022-03-01 00:00:00-05:00,133.77285909543676,135.13857036774974,132.12647806196426,132.96255493164062,26496000,0.0,0.0
2022-03-02 00:00:00-05:00,133.5244239122076,134.15371378545083,131.9806796935572,133.4683837890625,23520000,0.0,0.0
2022-03-03 00:00:00-05:00,134.8950992840664,135.3210829638196,131.93506660358148,132.80191040039062,24604000,0.0,0.0
2022-03-04 00:00:00-05:00,131.83786771432526,132.75428947542676,129.26908704703752,130.82522583007812,30430000,0.0,0.0
2022-03-07 00:00:00-05:00,130.41016532100002,130.6551346655655,125.25972533418172,125.34254455566406,45112000,0.0,0.0
2022-03-08 00:00:00-05:00,125.21509629053482,130.17411000501144,124.64431332771989,126.06259155273438,40428000,0.0,0.0
2022-03-09 00:00:00-05:00,130.1741142565606,132.63924417090806,128.83567386884616,132.32632446289062,37026000,0.0,0.0
2022-03-10 00:00:00-05:00,130.18998790766506,132.17954098140794,129.8393852677274,131.3439483642578,27102000,0.0,0.0
2022-03-11 00:00:00-05:00,132.39424653455924,132.69873673623212,128.56886893727994,128.805908203125,31526000,0.0,0.0
2022-03-14 00:00:00-04:00,129.18230442418397,129.33999766688925,124.24808740004758,124.91854095458984,38812000,0.0,0.0
2022-03-15 00:00:00-04:00,125.93516041311607,128.79007444618782,124.68995111051669,128.13894653320312,30920000,0.0,0.0
2022-03-16 00:00:00-04:00,129.66133986214837,132.24001771815753,127.67921762993845,132.18795776367188,35576000,0.0,0.0
2022-03-17 00:00:00-04:00,132.05755123913005,132.98141880336502,131.10144887364655,132.7418975830078,28264000,0.0,0.0
2022-03-18 00:00:00-04:00,132.3307953908697,135.12718720596732,131.17435293501333,135.00965881347656,44566000,0.0,0.0
2022-03-21 00:00:00-04:00,135.04732810159504,135.92656630102422,132.99330550843302,134.98583984375,26832000,0.0,0.0
2022-03-22 00:00:00-04:00,134.9858461376951,139.89378371835335,134.9858461376951,138.72146606445312,35496000,0.0,0.0
2022-03-23 00:00:00-04:00,137.56549993961835,138.44423861979692,136.7051184456803,137.14199829101562,25154000,0.0,0.0
2022-03-24 00:00:00-04:00,138.05894880404426,140.45812610885343,136.62133716164368,140.41151428222656,26396000,0.0,0.0
2022-03-25 00:00:00-04:00,140.7526772850465,140.87070507937713,138.59203769066454,140.5116729736328,24126000,0.0,0.0
2022-03-28 00:00:00-04:00,139.74551627484473,140.83848798996723,138.66543848117558,140.2959747314453,35050000,0.0,0.0
2022-03-29 00:00:00-04:00,141.47820601311636,142.6148082235357,140.87418935059165,141.3373565673828,34318000,0.0,0.0
2022-03-30 00:00:00-04:00,141.29224926860576,141.55061198963926,140.4392981603484,140.7750244140625,19884000,0.0,0.0
2022-03-31 00:00:00-04:00,140.88856773781393,140.9431247655112,137.88490447229108,137.92755126953125,37524000,0.0,0.0
2022-04-01 00:00:00-04:00,138.3564676186564,139.31950107652258,137.17373813332352,139.0016326904297,25942000,0.0,0.0
2022-04-04 00:00:00-04:00,139.20794293991247,142.53395362091976,139.1603322944685,141.7995147705078,25942000,0.0,0.0
2022-04-05 00:00:00-04:00,141.69786404034355,141.81835862566132,139.23175060773136,139.43853759765625,21418000,0.0,0.0
2022-04-06 00:00:00-04:00,137.61261036383607,138.21810996580516,134.40611087205892,135.4286651611328,32468000,0.0,0.0
2022-04-07 00:00:00-04:00,134.89507649085877,136.04012309209003,133.12718701050363,134.7745819091797,26234000,0.0,0.0
2022-04-08 00:00:00-04:00,134.47208496943966,134.5578779659387,131.87554910979466,132.19491577148438,25142000,0.0,0.0
2022-04-11 00:00:00-04:00,130.742917857672,131.0097100260204,127.61378123728949,127.76750946044922,36884000,0.0,0.0
2022-04-12 00:00:00-04:00,130.5212423290769,130.5212423290769,125.74967490379522,126.66758728027344,32710000,0.0,0.0
2022-04-13 00:00:00-04:00,126.9507670450841,129.26563457471275,126.69388743885823,128.82923889160156,27928000,0.0,0.0
2022-04-14 00:00:00-04:00,129.40994617629295,129.40994617629295,125.56322941407538,125.69117736816406,31598000,0.0,0.0
2022-04-18 00:00:00-04:00,125.95895269585907,127.16150750964877,125.14765723721159,126.6299057006836,20808000,0.0,0.0
2022-04-19 00:00:00-04:00,126.64477542409657,129.26461711503015,125.95844660693362,128.9432830810547,26490000,0.0,0.0
2022-04-20 00:00:00-04:00,129.81903608864377,130.32188380595926,126.45484305695865,126.99040985107422,31696000,0.0,0.0
2022-04-21 00:00:00-04:00,128.1905009821093,129.03204110665789,123.50571776803207,123.7913589477539,36446000,0.0,0.0
2022-04-22 00:00:00-04:00,123.97534345046293,124.37404857874347,117.95014478551222,118.65481567382812,56884000,0.0,0.0
2022-04-25 00:00:00-04:00,118.1247001432462,122.26696285548644,117.53954013860086,122.06513214111328,46128000,0.0,0.0
2022-04-26 00:00:00-04:00,121.29202455748772,121.50575793064277,117.53953815889362,117.67739868164062,73054000,0.0,0.0
2022-04-27 00:00:00-04:00,113.53115828563,116.28093039770941,111.81237005693657,113.35759735107422,91820000,0.0,0.0
2022-04-28 00:00:00-04:00,115.4607114772855,118.66869438389101,113.17956225538599,117.55093383789062,48884000,0.0,0.0
2022-04-29 00:00:00-04:00,115.77759257193108,116.95337579484945,112.88153042406998,113.17411041259766,42676000,0.0,0.0
2022-05-02 00:00:00-04:00,112.47539163673035,115.78850866046761,111.67699010622513,115.6273422241211,35534000,0.0,0.0
2022-05-03 00:00:00-04:00,115.4760799985851,117.47109620573961,115.08333000535104,116.37217712402344,24968000,0.0,0.0
2022-05-04 00:00:00-04:00,116.07216443085974,121.84742986414153,114.1723618582886,121.25879669189453,49916000,0.0,0.0
2022-05-05 00:00:00-04:00,119.21866011890872,120.04681450711568,114.06277194925556,115.55047607421875,45840000,0.0,0.0
2022-05-06 00:00:00-04:00,114.24030932144473,116.60774359414943,113.08089313905965,114.79769897460938,39710000,0.0,0.0
2022-05-09 00:00:00-04:00,112.3216628968711,114.13368999515002,111.08240885566522,111.5887222290039,40802000,0.0,0.0
2022-05-10 00:00:00-04:00,114.56065900721823,115.29707287210782,111.97502692676184,113.457275390625,39900000,0.0,0.0
2022-05-11 00:00:00-04:00,112.30828274140973,115.41064030425353,112.30828274140973,112.67127990722656,37534000,0.0,0.0
2022-05-12 00:00:00-04:00,110.46451302431396,113.35809330514908,108.92424196384515,111.91899108886719,53836000,0.0,0.0
2022-05-13 00:00:00-04:00,113.594142514748,116.90875017939355,112.67375572924637,115.09920501708984,35038000,0.0,0.0
2022-05-16 00:00:00-04:00,114.01317216302417,115.21771695665214,112.95591618323131,113.5068588256836,25990000,0.0,0.0
2022-05-17 00:00:00-04:00,115.88272969753332,115.94174359590812,113.92838521355479,115.51824188232422,23054000,0.0,0.0
2022-05-18 00:00:00-04:00,114.05732544136315,114.45404808670412,110.64105684052672,110.98223876953125,35126000,0.0,0.0
2022-05-19 00:00:00-04:00,110.51807047133238,112.08362994881233,109.0983015778271,109.47915649414062,34144000,0.0,0.0
2022-05-20 00:00:00-04:00,111.03331404707964,111.26391395378205,104.92926830668526,108.0152587890625,48962000,0.0,0.0
2022-05-23 00:00:00-04:00,108.6891932186079,111.2282060203502,107.84962795327247,110.57411193847656,37184000,0.0,0.0
2022-05-24 00:00:00-04:00,104.90496623527923,105.58583938493665,101.04932840845038,105.1013412475586,76780000,0.0,0.0
2022-05-25 00:00:00-04:00,104.1249121947519,105.62700102602575,103.00516898284764,104.93769836425781,40258000,0.0,0.0
2022-05-26 00:00:00-04:00,104.8107448453719,107.75887468895839,104.3624465360755,106.90890502929688,37948000,0.0,0.0
2022-05-27 00:00:00-04:00,108.58554373009294,111.39730365863458,108.24386241128829,111.39581298828125,37914000,0.0,0.0
2022-05-31 00:00:00-04:00,111.82229671590991,114.78630197702584,111.1597731470303,112.82947540283203,50012000,0.0,0.0
2022-06-01 00:00:00-04:00,113.91350798260179,116.14159098002285,112.3216612422036,112.9583969116211,36606000,0.0,0.0
2022-06-02 00:00:00-04:00,113.06551449385536,116.93304735382672,112.02065295107872,116.65831756591797,37992000,0.0,0.0
2022-06-03 00:00:00-04:00,115.11110111753601,115.36798068092384,112.5879563145143,113.6020736694336,26136000,0.0,0.0
2022-06-06 00:00:00-04:00,115.74784575456003,118.36868641474054,115.21177950019366,115.86289978027344,33542000,0.0,0.0
2022-06-07 00:00:00-04:00,114.53388373543117,116.72626645111426,114.10889889465038,116.18920135498047,31590000,0.0,0.0
2022-06-08 00:00:00-04:00,115.80437996795135,117.59855692060148,115.64420478456094,116.23333740234375,26108000,0.0,0.0
2022-06-09 00:00:00-04:00,115.37393150433296,117.32927476403499,113.83515114216875,113.8941650390625,25798000,0.0,0.0
2022-06-10 00:00:00-04:00,111.52325408711977,112.35041717414056,109.46129391687555,110.25027465820312,41452000,0.0,0.0
2022-06-13 00:00:00-04:00,105.91113796225396,107.89969964994525,105.24911389802193,105.52037048339844,47252000,0.0,0.0
2022-06-14 00:00:00-04:00,105.66171211229965,107.03981794977923,104.93273646839161,105.84072875976562,33706000,0.0,0.0
2022-06-15 00:00:00-04:00,107.65523726592659,110.5101436125187,106.7869179368398,108.86474609375,39698000,0.0,0.0
2022-06-16 00:00:00-04:00,106.34207999882139,107.75787626146192,104.27615475355856,105.16431427001953,51684000,0.0,0.0
2022-06-17 00:00:00-04:00,105.16431896946578,107.80846549966309,104.18491071395393,106.26522064208984,51376000,0.0,0.0
2022-06-21 00:00:00-04:00,108.03657603615589,111.56739902352787,107.70977872020165,110.62964630126953,47416000,0.0,0.0
2022-06-22 00:00:00-04:00,109.6502478770662,112.41737098859431,109.47767062090766,110.57361602783203,30774000,0.0,0.0
2022-06-23 00:00:00-04:00,111.31151031036939,111.81832309519362,109.5947045131696,111.3219223022461,28362000,0.0,0.0
2022-06-24 00:00:00-04:00,112.06875352459626,117.1110783002862,112.02659857865726,117.00792694091797,41164000,0.0,0.0
2022-06-27 00:00:00-04:00,117.30350472362653,117.60748800861724,114.23535670053275,114.88400268554688,36420000,0.0,0.0
2022-06-28 00:00:00-04:00,114.85323751449626,116.34788803372125,110.9311551773519,111.08934783935547,35792000,0.0,0.0
2022-06-29 00:00:00-04:00,110.63759325554062,112.2329057759541,109.96365886170436,110.7858657836914,24716000,0.0,0.0
2022-06-30 00:00:00-04:00,109.09830333262894,109.97902466562923,105.87494437052855,108.0698013305664,43170000,0.0,0.0
2022-07-01 00:00:00-04:00,107.0482435979797,108.35444913580423,105.85560141078064,107.84615325927734,35476000,0.0,0.0
2022-07-05 00:00:00-04:00,106.22255915101752,112.44760524626717,104.8647780870475,112.33454132080078,39342000,0.0,0.0
2022-07-06 00:00:00-04:00,112.37324154606672,114.64198891272858,110.5622056578975,113.63282775878906,37432000,0.0,0.0
2022-07-07 00:00:00-04:00,114.13666235926765,118.21247285733529,113.8921848578157,117.8093032836914,40936000,0.0,0.0
2022-07-08 00:00:00-04:00,116.2888797500777,118.70391717679874,115.94323338269083,118.37513732910156,38238000,0.0,0.0
2022-07-11 00:00:00-04:00,117.03073649463757,117.03073649463757,114.38509945369388,114.72826385498047,31196000,0.0,0.0
2022-07-12 00:00:00-04:00,115.26235327439865,116.01513422724025,112.75805737728307,113.08584594726562,29960000,0.0,0.0
2022-07-13 00:00:00-04:00,110.78535950872107,113.25991018567453,110.28995752777116,110.44071197509766,43722000,0.0,0.0
2022-07-14 00:00:00-04:00,109.30708070983803,110.18234634307093,107.48464162453597,109.4627914428711,37004000,0.0,0.0
2022-07-15 00:00:00-04:00,111.08240810060202,112.21306263725859,109.99092716981522,110.8612289428711,46770000,0.0,0.0
2022-07-18 00:00:00-04:00,111.71666979612723,112.7481456439362,107.48167505545912,108.13626098632812,43164600,0.0,20.0
2022-07-19 00:00:00-04:00,109.94133235969358,113.08534523356836,108.66190591539453,112.87706756591797,36530900,0.0,0.0
2022-07-20 00:00:00-04:00,112.24231216588865,114.45403556404811,111.55797343357686,112.9663314819336,35600400,0.0,0.0
2022-07-21 00:00:00-04:00,113.34321947485182,113.61101046049744,110.1992065063923,113.40272521972656,32676200,0.0,0.0
2022-07-22 00:00:00-04:00,110.09010519867219,111.41911725096242,105.62699282575305,107.01551818847656,48901200,0.0,0.0
2022-07-25 00:00:00-04:00,107.52133950136387,108.9693706048637,105.4286350985414,106.62871551513672,34690900,0.0,0.0
2022-07-26 00:00:00-04:00,105.72617651509084,106.32125667917839,103.21691665250424,104.15912628173828,47991000,0.0,0.0
2022-07-27 00:00:00-04:00,108.36437830874573,112.97626293838638,107.12462478286679,112.13322448730469,59858500,0.0,0.0
2022-07-28 00:00:00-04:00,111.44888817788124,113.40273342218575,110.54634395877491,113.28372192382812,32816600,0.0,0.0
2022-07-29 00:00:00-04:00,112.15305449933629,115.75329568436271,112.13321420730232,115.36649322509766,37223400,0.0,0.0
2022-08-01 00:00:00-04:00,114.35486795138794,115.76322613701662,113.40273058719856,113.91847229003906,26034300,0.0,0.0
2022-08-02 00:00:00-04:00,113.06550683255934,115.39624164424568,112.78780328963215,114.18624114990234,20236000,0.0,0.0
2022-08-03 00:00:00-04:00,114.76149298206536,117.6476425585004,114.53338259160023,117.11206817626953,28499000,0.0,0.0
2022-08-04 00:00:00-04:00,116.51700464627605,117.80634383881447,115.93183701746165,117.22118377685547,21602900,0.0,0.0
2022-08-05 00:00:00-04:00,115.27723913427396,117.1418256153438,115.04912116805919,116.50707244873047,19159500,0.0,0.0
2022-08-08 00:00:00-04:00,117.41953186952958,119.16510690112827,115.92190753578308,116.33847045898438,19138300,0.0,0.0
2022-08-09 00:00:00-04:00,116.17977170860331,116.35829650347921,114.76149349565979,115.6739501953125,19086500,0.0,0.0
2022-08-10 00:00:00-04:00,117.80632384689984,119.92878102588605,117.43936168959127,118.71878051757812,30930400,0.0,0.0
2022-08-11 00:00:00-04:00,120.28582269588738,120.49410034179289,117.58811831050487,117.8658218383789,24293700,0.0,0.0
2022-08-12 00:00:00-04:00,119.27421317643834,120.68257141113281,118.48076786758934,120.68257141113281,19096300,0.0,0.0
2022-08-15 00:00:00-04:00,120.13707506100795,121.29749013245304,119.62134091458636,121.07929229736328,19494800,0.0,0.0
2022-08-16 00:00:00-04:00,120.5238677790755,121.42641192061868,119.65108407641937,120.702392578125,19041200,0.0,0.0
2022-08-17 00:00:00-04:00,119.13536518315931,120.29577274171552,118.40142560065998,118.57003784179688,22847000,0.0,0.0
2022-08-18 00:00:00-04:00,118.45101217804252,119.82961750509602,117.74683307742816,119.18494415283203,17987700,0.0,0.0
2022-08-19 00:00:00-04:00,118.08404022953236,118.17330641726673,115.80289830486177,116.24920654296875,21809500,0.0,0.0
2022-08-22 00:00:00-04:00,114.25568050831775,114.6821560186315,112.91674823026226,113.30355072021484,21456600,0.0,0.0
2022-08-23 00:00:00-04:00,112.54977631975122,114.06723327503279,112.50018315686643,112.9266586303711,15870400,0.0,0.0
2022-08-24 00:00:00-04:00,112.5696116974473,113.83911800192885,111.94477869138811,112.758056640625,17734600,0.0,0.0
2022-08-25 00:00:00-04:00,113.30353847884851,115.76321250751124,113.17460685174579,115.69378662109375,16956800,0.0,0.0
2022-08-26 00:00:00-04:00,113.77960949375512,114.17633209597903,109.28674437319086,109.43550872802734,37245700,0.0,0.0
2022-08-29 00:00:00-04:00,109.08838330000286,110.040513040239,107.90814316272662,108.52305603027344,21191200,0.0,0.0
2022-08-30 00:00:00-04:00,109.26691024996742,109.59420698279374,106.91634250859858,108.0469970703125,27513300,0.0,0.0
2022-08-31 00:00:00-04:00,109.74297432432968,109.94133184491908,107.24362719051874,107.33289337158203,28627000,0.0,0.0
2022-09-01 00:00:00-04:00,107.39240764031874,109.5446179336816,106.47995086620014,108.84043884277344,28360900,0.0,0.0
2022-09-02 00:00:00-04:00,109.6834567691589,109.83222868726963,106.38075953474187,106.9659194946289,24160700,0.0,0.0
2022-09-06 00:00:00-04:00,106.42044469733727,107.14445651227068,104.91290018646603,105.93445587158203,25068300,0.0,0.0
2022-09-07 00:00:00-04:00,106.18240264265648,109.07847249571734,106.02371813346193,108.55281066894531,23167000,0.0,0.0
2022-09-08 00:00:00-04:00,107.15436785234293,108.70157768967908,106.28158417405022,107.4915771484375,24238300,0.0,0.0
2022-09-09 00:00:00-04:00,108.17593072235994,110.08019027578453,108.12633755578807,109.74298095703125,23197700,0.0,0.0
2022-09-12 00:00:00-04:00,110.08017979616115,110.70502034132073,109.02887135324441,109.95124816894531,22966800,0.0,0.0
2022-09-13 00:00:00-04:00,106.91635155696838,107.41225298799911,103.23675627988764,103.46487426757812,38172900,0.0,0.0
2022-09-14 00:00:00-04:00,103.71282196440401,104.41700106794902,102.8102853209623,104.13929748535156,26395100,0.0,0.0
2022-09-15 00:00:00-04:00,103.17723571198333,104.40706896560022,101.51100684033769,102.06642150878906,34188300,0.0,0.0
2022-09-16 00:00:00-04:00,101.23331701288926,102.28462561681641,100.11258251185099,101.95733642578125,42797200,0.0,0.0
2022-09-19 00:00:00-04:00,100.91591847599236,102.48296846100104,100.71756097501687,102.22509765625,23036800,0.0,0.0
2022-09-20 00:00:00-04:00,101.24323304040989,101.5308567644108,99.69601550554796,100.3109359741211,26517100,0.0,0.0
2022-09-21 00:00:00-04:00,100.83658693545453,102.03666739252802,98.45625874751293,98.46617889404297,31487300,0.0,0.0
2022-09-22 00:00:00-04:00,98.00994304598551,100.41010377703378,97.98019017551985,99.31912231445312,34298600,0.0,0.0
2022-09-23 00:00:00-04:00,98.81330688401681,98.84306732316416,96.67101684353818,97.93060302734375,31625400,0.0,0.0
2022-09-26 00:00:00-04:00,97.29584663330873,99.06125428806656,96.99831035340091,97.36527252197266,27072700,0.0,0.0
2022-09-27 00:00:00-04:00,98.61495489564797,99.18028220152245,96.0759420926826,96.70077514648438,30072800,0.0,0.0
2022-09-28 00:00:00-04:00,96.84954541208984,99.8745394269292,96.31397098941996,99.22987365722656,32466300,0.0,0.0
2022-09-29 00:00:00-04:00,97.83141465127956,97.83141465127956,95.17338319605307,96.62141418457031,31047200,0.0,0.0
2022-09-30 00:00:00-04:00,96.25446166796625,98.08929527552542,94.77667009540615,94.86593627929688,32941500,0.0,0.0
2022-10-03 00:00:00-04:00,95.9668344859771,98.47609418773558,95.72879638211501,97.8314208984375,27982000,0.0,0.0
2022-10-04 00:00:00-04:00,99.61667108123069,101.00518888401722,99.5571577705009,100.80683135986328,28850800,0.0,0.0
2022-10-05 00:00:00-04:00,99.01166607108686,101.09445024273644,97.99011049341637,100.59854888916016,22176900,0.0,0.0
2022-10-06 00:00:00-04:00,99.85470635132027,102.08626265455283,99.76544016442644,100.58863830566406,22324000,0.0,0.0
2022-10-07 00:00:00-04:00,99.03150112865876,99.70592728808386,97.49421143647145,97.87109375,27502800,0.0,0.0
2022-10-10 00:00:00-04:00,98.18847005614693,98.28764881556005,96.21478474646479,97.05781555175781,18225100,0.0,0.0
2022-10-11 00:00:00-04:00,96.6313430235072,98.43642374055914,95.52052121037734,96.38339233398438,26507100,0.0,0.0
2022-10-12 00:00:00-04:00,96.50241351977157,97.94052452401523,95.94699881751596,96.7602767944336,21876400,0.0,0.0
2022-10-13 00:00:00-04:00,94.37003338415455,98.96207740272202,93.6063410275305,98.24797821044922,34574500,0.0,0.0
2022-10-14 00:00:00-04:00,99.1703544867437,99.86462094928686,95.58003338781863,95.76847076416016,25410700,0.0,0.0
2022-10-17 00:00:00-04:00,98.04961868688342,100.10265003936581,98.01986581562133,99.15052032470703,28419200,0.0,0.0
2022-10-18 00:00:00-04:00,102.28461724659432,102.62183412414964,99.15052441894925,99.94396209716797,24060700,0.0,0.0
2022-10-19 00:00:00-04:00,99.19020627528849,100.191921717045,98.10913722172899,98.81331634521484,23811100,0.0,0.0
2022-10-20 00:00:00-04:00,99.18027319596912,101.48125523144144,98.57527292412537,99.15052032470703,25323200,0.0,0.0
2022-10-21 00:00:00-04:00,97.04789829825931,100.47953493084219,96.9189666638649,100.30101013183594,32458700,0.0,0.0
2022-10-24 00:00:00-04:00,100.9655271818657,101.9077368068661,99.16044640435987,101.67961883544922,27176400,0.0,0.0
2022-10-25 00:00:00-04:00,102.05650031802847,103.9607597041695,101.87797552764937,103.62355041503906,40611400,0.0,0.0
2022-10-26 00:00:00-04:00,95.6395366616455,97.50412305253043,93.91380204631294,94.1518325805664,88114100,0.0,0.0
2022-10-27 00:00:00-04:00,93.74519206481907,94.64773619425107,91.04749495639449,91.46405029296875,60710900,0.0,0.0
2022-10-28 00:00:00-04:00,91.51363539732378,95.75855747636481,91.37478361921333,95.50068664550781,43697300,0.0,0.0
2022-10-31 00:00:00-04:00,94.63781949338367,95.24281979479946,93.20962863501363,93.73528289794922,31675000,0.0,0.0
2022-11-01 00:00:00-04:00,94.66756687746879,95.2428142728165,89.62921479576478,89.7283935546875,47161400,0.0,0.0
2022-11-02 00:00:00-04:00,90.19454589639709,90.43257644134617,86.16782152387951,86.25708770751953,57038300,0.0,0.0
2022-11-03 00:00:00-04:00,85.61240274626711,85.81076024558902,82.65682757850765,82.74609375,61288000,0.0,0.0
2022-11-04 00:00:00-04:00,84.69995747119829,85.92979077856455,83.02380838038178,85.87028503417969,51124900,0.0,0.0
2022-11-07 00:00:00-05:00,86.56455262317961,88.17127598440243,86.13807708965564,87.76463317871094,34078900,0.0,0.0
2022-11-08 00:00:00-05:00,88.17127227783203,89.5796304672484,86.87200543719126,88.17127227783203,30429000,0.0,0.0
2022-11-09 00:00:00-05:00,87.72494420662868,88.70683431006073,86.56453688459513,86.60420989990234,31769100,0.0,0.0
2022-11-10 00:00:00-05:00,91.49380333022981,93.61626060159357,90.85905017805679,93.16995239257812,51620100,0.0,0.0
2022-11-11 00:00:00-05:00,93.91380328731896,96.1354392923686,93.15011094483498,95.61970520019531,33090500,0.0,0.0
2022-11-14 00:00:00-05:00,94.31051943427285,95.99658864167773,93.73527959271193,94.91551971435547,30179500,0.0,0.0
2022-11-15 00:00:00-05:00,97.4545394739204,99.31912590340235,95.91724219824151,97.63306427001953,41640800,0.0,0.0
2022-11-16 00:00:00-05:00,97.09748619804606,98.82322078363063,96.83961537638496,98.0396957397461,29105200,0.0,0.0
2022-11-17 00:00:00-05:00,96.17511335721086,98.46617527590662,95.99658856050377,97.55371856689453,26052600,0.0,0.0
2022-11-18 00:00:00-05:00,97.96035978371822,98.08929899123865,95.5800391036644,96.63134765625,28342300,0.0,0.0
2022-11-21 00:00:00-05:00,96.49249435141179,97.5933960537091,94.57831466395251,94.81634521484375,21647400,0.0,0.0
2022-11-22 00:00:00-05:00,95.16347408012261,96.42306785300386,93.27905484436155,96.25446319580078,23438500,0.0,0.0
2022-11-23 00:00:00-05:00,96.29412816473291,97.95044455619234,96.29412816473291,97.65290069580078,18868100,0.0,0.0
2022-11-25 00:00:00-05:00,97.43469190584294,97.83141448608896,96.60158129749476,96.66108703613281,9701400,0.0,0.0
2022-11-28 00:00:00-05:00,96.24453206128982,96.7801064114265,94.82625393968354,95.26264953613281,26237500,0.0,0.0
2022-11-29 00:00:00-05:00,94.94528050830175,95.33208297513312,93.33855733056448,94.40970611572266,20061700,0.0,0.0
2022-11-30 00:00:00-05:00,94.04274131301841,100.21175594756679,93.64601867914251,100.16216278076172,43647500,0.0,0.0
2022-12-01 00:00:00-05:00,100.19191565410281,101.4118364290716,99.42823082654697,100.16216278076172,28687100,0.0,0.0
2022-12-02 00:00:00-05:00,98.23806351073277,99.94395785152076,98.08929158774455,99.61666870117188,21480700,0.0,0.0
2022-12-05 00:00:00-05:00,98.58518949074,100.54895459128153,98.18846689898945,98.66453552246094,24405100,0.0,0.0
2022-12-06 00:00:00-05:00,98.48601782310948,98.9620789139917,95.62962101039767,96.1850357055664,24910700,0.0,0.0
2022-12-07 00:00:00-05:00,95.61970972120518,96.08585067198514,93.94356060039664,94.16175842285156,31045400,0.0,0.0
2022-12-08 00:00:00-05:00,94.59813448405295,94.79649955511114,92.68395505775045,92.94182586669922,32213300,0.0,0.0
2022-12-09 00:00:00-05:00,93.00133540862666,93.48732417745734,91.98969998883905,92.06904602050781,28225400,0.0,0.0
2022-12-12 00:00:00-05:00,91.9500324704772,92.79306329851202,90.85905095379364,92.54511260986328,29420000,0.0,0.0
2022-12-13 00:00:00-05:00,96.95863687909693,98.7141243795283,94.2510121002556,94.8460922241211,40593700,0.0,0.0
2022-12-14 00:00:00-05:00,94.4196191950435,96.07593554575189,92.83273630132557,94.29068756103516,28733600,0.0,0.0
2022-12-15 00:00:00-05:00,92.36658508509045,92.87240659372344,89.27216542487523,90.11519622802734,40107000,0.0,0.0
2022-12-16 00:00:00-05:00,90.01602009048204,90.58134735770545,88.786179227131,89.5201187133789,58011800,0.0,0.0
2022-12-19 00:00:00-05:00,89.52012290883614,89.81765920892968,87.48692414068339,87.71504211425781,29493000,0.0,0.0
2022-12-20 00:00:00-05:00,87.38773902543626,88.44896764240224,86.7232330132954,88.29027557373047,23453800,0.0,0.0
2022-12-21 00:00:00-05:00,88.34979410199328,89.48044867408069,87.59602186498341,88.84569549560547,24745600,0.0,0.0
2022-12-22 00:00:00-05:00,87.43733387958731,87.81421619968995,85.61241288884075,87.04061126708984,27658300,0.0,0.0
2022-12-23 00:00:00-05:00,86.39592615313117,88.8159269482654,86.3562531406212,88.49855041503906,23003000,0.0,0.0
2022-12-27 00:00:00-05:00,88.07209058240402,88.21094236734609,86.29676268423916,86.67364501953125,20097300,0.0,0.0
2022-12-28 00:00:00-05:00,86.26701779431262,87.31832642526183,85.23554189153839,85.31488037109375,19523200,0.0,0.0
2022-12-29 00:00:00-05:00,85.90995189306291,88.12166765847456,85.90003174742517,87.72494506835938,23333500,0.0,0.0
2022-12-30 00:00:00-05:00,86.26700621056507,87.57618553312793,85.86036345245435,87.50675964355469,23986300,0.0,0.0
2023-01-03 00:00:00-05:00,88.85561394606133,90.30365276991351,87.7943851962897,88.38947296142578,28131200,0.0,0.0
2023-01-04 00:00:00-05:00,89.60938314842804,89.90692702075431,86.55462865105089,87.35799407958984,34854800,0.0,0.0
2023-01-05 00:00:00-05:00,86.75298665837843,86.85216541875592,85.19585666320351,85.49339294433594,27194400,0.0,0.0
2023-01-06 00:00:00-05:00,86.07855936732152,86.97118333274179,84.16437980636358,86.6240463256836,41381500,0.0,0.0
2023-01-09 00:00:00-05:00,87.6357017109346,89.31185097330206,87.13980027869384,87.2984848022461,29003900,0.0,0.0
2023-01-10 00:00:00-05:00,85.27521189352831,87.94315639958413,85.12643995349273,87.69520568847656,30467800,0.0,0.0
2023-01-11 00:00:00-05:00,88.44897568545483,90.84913669096524,88.28037102229985,90.76979064941406,26862000,0.0,0.0
2023-01-12 00:00:00-05:00,90.73011735676101,91.11691981733598,89.01429529901861,90.38298034667969,30258100,0.0,0.0
2023-01-13 00:00:00-05:00,90.10528201196577,91.43430168612433,89.39118279204233,91.36487579345703,26329200,0.0,0.0
2023-01-17 00:00:00-05:00,91.30536421618127,91.49380917136953,89.31184601733088,90.54167938232422,32602400,0.0,0.0
2023-01-18 00:00:00-05:00,91.38471295870488,92.03930646438202,89.89700870055337,90.37307739257812,29116700,0.0,0.0
2023-01-19 00:00:00-05:00,89.9763445358991,92.84265380940697,89.88707835577257,92.28724670410156,37000400,0.0,0.0
2023-01-20 00:00:00-05:00,94.3204372009586,97.49421044649547,94.24109116727796,97.21649932861328,63191100,0.0,0.0
2023-01-23 00:00:00-05:00,97.14707158711535,99.2199431680557,96.70076339817312,98.97199249267578,40005100,0.0,0.0
2023-01-24 00:00:00-05:00,97.29584675272618,98.79347100071968,96.40322277819845,96.89912414550781,33078500,0.0,0.0
2023-01-25 00:00:00-05:00,94.78659020973076,95.37175777745863,92.99142962152443,94.43946075439453,42330000,0.0,0.0
2023-01-26 00:00:00-05:00,95.70896843494373,96.77019710869844,94.59814659536165,96.7206039428711,30114000,0.0,0.0
2023-01-27 00:00:00-05:00,96.5123239826297,99.49765240364174,96.5123239826297,98.5554428100586,33879800,0.0,0.0
2023-01-30 00:00:00-05:00,96.68093725731849,97.48429507886306,95.60978845068932,96.1453628540039,27226200,0.0,0.0
2023-01-31 00:00:00-05:00,96.07592504101974,98.06944291132294,96.02633188197882,98.02976989746094,29870700,0.0,0.0
2023-02-01 00:00:00-05:00,97.90085604626204,100.36053038415385,96.78012157695186,99.60675811767578,35531100,0.0,0.0
2023-02-02 00:00:00-05:00,104.93272708957909,106.96591805351979,104.74428215805406,106.85681915283203,69883800,0.0,0.0
2023-02-03 00:00:00-05:00,102.08626312403277,106.92625809323451,101.7391336553045,103.92109680175781,65309300,0.0,0.0
2023-02-06 00:00:00-05:00,101.56060951901542,103.50454212360086,101.04486781904797,102.05651092529297,31999600,0.0,0.0
2023-02-07 00:00:00-05:00,102.37387842734272,107.29321903254016,102.27469966826962,106.75764465332031,49010200,0.0,0.0
2023-02-08 00:00:00-05:00,101.2134745048074,102.29453587919534,97.23634332555855,98.5554428100586,94743500,0.0,0.0
2023-02-09 00:00:00-05:00,99.18027975409596,99.21003262732542,92.86249320969232,94.23118591308594,119455000,0.0,0.0
2023-02-10 00:00:00-05:00,94.6675682304884,95.95691481547425,93.47740797269714,93.79478454589844,54980700,0.0,0.0
2023-02-13 00:00:00-05:00,93.96338902898977,94.4196173792314,93.07076505379771,93.83445739746094,50076100,0.0,0.0
2023-02-14 00:00:00-05:00,93.65594180887688,94.07249718262943,91.50373147763352,93.90389251708984,54726100,0.0,0.0
2023-02-15 00:00:00-05:00,93.7154415296958,96.32388765510876,93.37823222030585,96.1453628540039,50169000,0.0,0.0
2023-02-16 00:00:00-05:00,94.58823713954602,96.8792992195654,93.96339652364621,94.72708892822266,42462600,0.0,0.0
2023-02-17 00:00:00-05:00,94.07249288547277,94.77667195660865,92.44593691924389,93.57659149169922,34284100,0.0,0.0
2023-02-21 00:00:00-05:00,92.23766291009657,92.3368416794246,90.96815650224582,91.03758239746094,33629300,0.0,0.0
2023-02-22 00:00:00-05:00,90.94831301648848,91.35495579337403,89.86725160509873,90.89872741699219,30884000,0.0,0.0
2023-02-23 00:00:00-05:00,91.1665064831145,91.18634677544837,89.02421648917793,90.14495086669922,41206400,0.0,0.0
2023-02-24 00:00:00-05:00,88.70683991186095,89.15314812025682,87.85388894602733,88.39937591552734,36585100,0.0,0.0
2023-02-27 00:00:00-05:00,89.1333236694336,89.42094740013515,88.6076618097586,89.1333236694336,27502300,0.0,0.0
2023-02-28 00:00:00-05:00,88.59775024323443,90.48217716813194,88.58783009603324,89.32176208496094,30142000,0.0,0.0
2023-03-01 00:00:00-05:00,89.24241850559551,90.28380689652273,88.93495449477956,89.61930084228516,31111200,0.0,0.0
2023-03-02 00:00:00-05:00,88.92503489270483,91.52355315835904,88.85560143860462,91.245849609375,32204400,0.0,0.0
2023-03-03 00:00:00-05:00,91.7219244117424,92.96167788657921,91.69216397218837,92.88233184814453,35160100,0.0,0.0
2023-03-06 00:00:00-05:00,93.24929513438325,95.18331511806566,93.22946240796787,94.3501968383789,32639300,0.0,0.0
2023-03-07 00:00:00-05:00,94.20142849315206,94.8857672449639,92.76330996601668,93.09060668945312,27835500,0.0,0.0
2023-03-08 00:00:00-05:00,93.3484777291188,95.1733911604508,93.229458674828,93.47740936279297,34103300,0.0,0.0
2023-03-09 00:00:00-05:00,93.27905456209555,94.74691844025844,91.14667706997915,91.563232421875,28813500,0.0,0.0
2023-03-10 00:00:00-05:00,91.41445442058324,92.02937482791765,89.65896694454361,89.88707733154297,35941000,0.0,0.0
2023-03-13 00:00:00-04:00,89.35150848107031,91.81118269560834,88.687002437022,90.36315155029297,37335600,0.0,0.0
2023-03-14 00:00:00-04:00,91.80126150060728,93.58650950422467,91.6822500116025,93.19970703125,36050200,0.0,0.0
2023-03-15 00:00:00-04:00,92.45584959444147,96.13543673086967,91.88060220810499,95.32215881347656,50622100,0.0,0.0
2023-03-16 00:00:00-04:00,95.41142015117943,100.36052125064333,94.71716126290511,99.49765014648438,65492000,0.0,0.0
2023-03-17 00:00:00-04:00,99.43814263216196,101.99698789396676,99.27945056518114,100.78699493408203,61028500,0.0,0.0
2023-03-20 00:00:00-04:00,99.29929255271749,100.91592828670724,99.05134186896636,100.39027404785156,32960400,0.0,0.0
2023-03-21 00:00:00-04:00,100.42002246352078,104.23846131049126,100.39026959348749,104.0599365234375,42110300,0.0,0.0
2023-03-22 00:00:00-04:00,103.41526808239401,105.71625013011207,102.48297865485124,102.52265167236328,43427400,0.0,0.0
2023-03-23 00:00:00-04:00,104.19879298533533,105.42863382566868,103.60371285731998,104.73436737060547,40797800,0.0,0.0
2023-03-24 00:00:00-04:00,104.12936781949888,104.62526919076385,102.98879315221856,104.57568359375,30393300,0.0,0.0
2023-03-27 00:00:00-04:00,103.7623993547433,103.9012511249283,101.09444771774577,101.62010192871094,31120900,0.0,0.0
2023-03-28 00:00:00-04:00,101.60027347597008,101.61018605507579,98.92240158084621,100.20182800292969,32057900,0.0,0.0
2023-03-29 00:00:00-04:00,101.44159523579167,101.64987292821645,99.82495929924386,100.55889129638672,28779600,0.0,0.0
2023-03-30 00:00:00-04:00,100.08281331374553,100.33076398682465,98.96207142864132,100.06297302246094,33086200,0.0,0.0
2023-03-31 00:00:00-04:00,100.46961878932184,103.0383842078249,100.2117479628211,102.87969970703125,36863400,0.0,0.0
2023-04-03 00:00:00-04:00,101.5506793026603,103.67313650572234,101.09445096214598,103.50453186035156,25035400,0.0,0.0
2023-04-04 00:00:00-04:00,103.47478504857116,104.71453851392779,103.18716133658586,103.86158752441406,24420100,0.0,0.0
2023-04-05 00:00:00-04:00,104.91289907946413,105.2302756731111,102.8102819841236,103.61363983154297,28290500,0.0,0.0
2023-04-06 00:00:00-04:00,104.39715731293522,108.27510204632019,103.47478047282404,107.53125,48711500,0.0,0.0
2023-04-10 00:00:00-04:00,106.10306402969181,106.7080567599706,104.25831026578564,105.56748962402344,27067400,0.0,0.0
2023-04-11 00:00:00-04:00,105.67658753468932,105.85511233488984,103.82191364187591,104.48641967773438,26311800,0.0,0.0
2023-04-12 00:00:00-04:00,105.70634162712136,105.87494628290851,103.48469796190201,103.78224182128906,24370300,0.0,0.0
2023-04-13 00:00:00-04:00,104.97239950361016,106.6088755556612,104.97239950361016,106.54936981201172,24843600,0.0,0.0
2023-04-14 00:00:00-04:00,106.01379677904549,108.04699547084493,105.96420361413152,107.97756958007812,26578000,0.0,0.0
2023-04-17 00:00:00-04:00,103.80208203407157,105.2897861961485,103.66322268410477,105.1013412475586,37571200,0.0,0.0
2023-04-18 00:00:00-04:00,105.61706440974724,105.66665757008278,103.21690375984336,103.64337921142578,26596400,0.0,0.0
2023-04-19 00:00:00-04:00,102.73093910158751,104.11946457904193,102.22511753880913,103.32601928710938,20905700,0.0,0.0
2023-04-20 00:00:00-04:00,103.05823288579296,105.37904781258688,103.01855986565269,104.42691802978516,27820800,0.0,0.0
2023-04-21 00:00:00-04:00,104.60544996470482,105.13110427538487,103.92110356265056,104.54594421386719,25800100,0.0,0.0
2023-04-24 00:00:00-04:00,104.62527258627793,105.75592714410803,103.84174748622819,105.1013412475586,23542800,0.0,0.0
2023-04-25 00:00:00-04:00,104.96249111597527,105.81544212100182,102.98879811509617,102.99871826171875,46664100,0.0,0.0
2023-04-26 00:00:00-04:00,104.05994371224027,105.47822196102051,101.788714484929,102.85986328125,53347600,0.0,0.0
2023-04-27 00:00:00-04:00,103.59380098496241,107.48167377000753,102.69126435820809,106.70806121826172,50089200,0.0,0.0
2023-04-28 00:00:00-04:00,106.16256960456029,106.47002604243367,104.22854965938166,106.4601058959961,36139800,0.0,0.0
2023-05-01 00:00:00-04:00,105.96420132305943,107.1047759897289,105.9443685976354,106.32125091552734,26681700,0.0,0.0
2023-05-02 00:00:00-04:00,106.2617379751714,106.32124371426752,102.85985449785488,104.45665740966797,30997200,0.0,0.0
2023-05-03 00:00:00-04:00,104.66495571554243,106.60888843374389,104.09962838201884,104.54594421386719,21795400,0.0,0.0
2023-05-04 00:00:00-04:00,104.62527054996112,104.73436945840507,103.117733691147,103.83183288574219,23419500,0.0,0.0
2023-05-05 00:00:00-04:00,103.9607682679493,105.01207680519784,103.25658919423994,104.70462036132812,26639300,0.0,0.0
2023-05-08 00:00:00-04:00,104.3178158732233,107.07502636899285,104.29798314719713,106.88658142089844,26511400,0.0,0.0
2023-05-09 00:00:00-04:00,107.50150758418665,109.24708267470773,106.31134722106391,106.47003173828125,36360100,0.0,0.0
2023-05-10 00:00:00-04:00,107.08494078998831,112.01420151452291,107.04526777320253,110.83395385742188,63153400,0.0,0.0
2023-05-11 00:00:00-04:00,114.45404112299883,116.95338077292648,113.4721584998331,115.61444854736328,78900000,0.0,0.0
2023-05-12 00:00:00-04:00,115.7235547629223,117.06248707301147,115.15822745124665,116.5467529296875,41102300,0.0,0.0
2023-05-15 00:00:00-04:00,115.15821666094425,117.50879187706043,115.05903790038903,115.55493927001953,36266800,0.0,0.0
2023-05-16 00:00:00-04:00,115.535101164742,119.76018303268906,115.47559542065336,118.53034973144531,45035600,0.0,0.0
2023-05-17 00:00:00-04:00,118.62954347807695,120.67265499630213,117.91544419139676,119.84945678710938,33323600,0.0,0.0
2023-05-18 00:00:00-04:00,119.95854884860573,122.29920412469264,119.83953735220288,121.8231430053711,35234200,0.0,0.0
2023-05-19 00:00:00-04:00,122.5372406458961,124.93740163874087,121.14871519349788,121.75371551513672,41353400,0.0,0.0
2023-05-22 00:00:00-04:00,121.93222852186562,125.39361788753433,121.73386343823515,124.02493286132812,35253000,0.0,0.0
2023-05-23 00:00:00-04:00,123.14224182358522,123.60838279305526,121.20822178352526,121.55535125732422,34046300,0.0,0.0
2023-05-24 00:00:00-04:00,120.12715625884692,120.9106813684256,118.87748262878495,119.9089584350586,34182600,0.0,0.0
2023-05-25 00:00:00-04:00,123.49927213144791,124.2927173391139,120.96025957388359,122.46780395507812,42317000,0.0,0.0
2023-05-26 00:00:00-04:00,122.16034076709491,124.23321241314245,121.44624158887478,123.58853912353516,35635900,0.0,0.0
2023-05-30 00:00:00-04:00,124.610087217516,124.62992750841212,120.99992609351675,122.65623474121094,35076700,0.0,0.0
2023-05-31 00:00:00-04:00,121.7437815499549,123.04304066689512,121.49583087470042,121.86280059814453,37325800,0.0,0.0
2023-06-01 00:00:00-04:00,121.81320947582672,123.40009231065325,121.61485195904373,122.7058334350586,30772700,0.0,0.0
2023-06-02 00:00:00-04:00,122.97361463292732,125.1159120966453,122.74550424940523,123.64804077148438,26980100,0.0,0.0
2023-06-05 00:00:00-04:00,122.99345304135757,126.38541640679333,122.82484083415915,124.97705841064453,32305500,0.0,0.0
2023-06-06 00:00:00-04:00,124.97707174019685,127.23837332481472,124.33239841304952,126.26641082763672,26638300,0.0,0.0
2023-06-07 00:00:00-04:00,125.92919376166726,127.98221754198133,121.11895203748432,121.49583435058594,52539000,0.0,0.0
2023-06-08 00:00:00-04:00,121.22805249747213,122.21985523958173,120.24616233464845,121.13878631591797,29389200,0.0,0.0
2023-06-09 00:00:00-04:00,121.2478905876319,122.74551491320051,120.9106812724846,121.22805786132812,23778300,0.0,0.0
2023-06-12 00:00:00-04:00,121.78346450999771,123.03313813403905,120.66273009040363,122.62649536132812,28306400,0.0,0.0
2023-06-13 00:00:00-04:00,123.955500728595,124.1340255114408,122.170252900137,122.81492614746094,22278300,0.0,0.0
2023-06-14 00:00:00-04:00,122.09090752033342,123.03312459969855,120.45443159668147,122.65623474121094,30592300,0.0,0.0
2023-06-15 00:00:00-04:00,122.13059332494937,124.43157546435972,121.39666138886585,124.06460571289062,35246300,0.0,0.0
2023-06-16 00:00:00-04:00,124.89770762667062,125.0762324057866,122.26942909901743,122.51737976074219,45535600,0.0,0.0
2023-06-20 00:00:00-04:00,121.92232245860355,123.54887849797753,121.13879731318417,122.09092712402344,26097500,0.0,0.0
2023-06-21 00:00:00-04:00,121.39666224993185,121.65453309243799,119.11551282046045,119.56182861328125,30306300,0.0,0.0
2023-06-22 00:00:00-04:00,119.01632293916366,122.22976153980194,117.85591560655178,122.1405029296875,26952200,0.0,0.0
2023-06-23 00:00:00-04:00,120.38502836599636,121.78347403002785,120.06765175362015,121.337158203125,34913600,0.0,0.0
2023-06-26 00:00:00-04:00,119.77009470813596,120.9999279223986,117.30050056715868,117.36992645263672,33969900,0.0,0.0
2023-06-27 00:00:00-04:00,116.12027758580295,118.10388325320572,115.14830747935935,117.36003112792969,39535900,0.0,0.0
2023-06-28 00:00:00-04:00,116.1301803056411,119.4031324056984,115.89214976448287,119.19485473632812,27091400,0.0,0.0
2023-06-29 00:00:00-04:00,118.26254714068196,119.07582501976484,117.33025778510398,118.12369537353516,24090900,0.0,0.0
2023-06-30 00:00:00-04:00,119.18492899866601,120.08747309044965,118.70886793868348,118.71878051757812,29532200,0.0,0.0
2023-07-03 00:00:00-04:00,118.26255136387671,119.20476846528122,117.84599604756099,118.91714477539062,14467900,0.0,0.0
2023-07-05 00:00:00-04:00,118.26256411758469,121.60494228794853,118.25265153768966,120.75199127197266,27584800,0.0,0.0
2023-07-06 00:00:00-04:00,118.81797842897954,119.31387982882194,117.42945299604987,119.12543487548828,24745200,0.0,0.0
2023-07-07 00:00:00-04:00,119.1155079508008,120.05772509699975,118.42124905726847,118.50059509277344,21709500,0.0,0.0
2023-07-10 00:00:00-04:00,117.33027117785484,117.34018375745839,115.18797355416356,115.49542999267578,35315200,0.0,0.0
2023-07-11 00:00:00-04:00,115.33674061449469,116.74509867791642,114.40444362500358,116.17977142333984,23078800,0.0,0.0
2023-07-12 00:00:00-04:00,117.82617700118566,119.34363409167489,117.4393745101533,117.95510864257812,30404400,0.0,0.0
2023-07-13 00:00:00-04:00,119.93870320943425,123.80673533006852,119.46263457450904,123.51911163330078,44297900,0.0,0.0
2023-07-14 00:00:00-04:00,123.77698624657505,125.74075145445121,122.47771949840582,124.39189910888672,33283100,0.0,0.0
2023-07-17 00:00:00-04:00,124.90763069819978,126.05811786079241,123.18188860403004,123.62820434570312,25716200,0.0,0.0
2023-07-18 00:00:00-04:00,123.57862461739118,123.65797065567115,121.95206866692536,122.74551391601562,26193600,0.0,0.0
2023-07-19 00:00:00-04:00,123.57861089837822,124.15385826176514,120.80156796856357,121.02967834472656,37224000,0.0,0.0
2023-07-20 00:00:00-04:00,120.42468845421087,123.0727999886977,117.25092267132642,118.22288513183594,37906800,0.0,0.0
2023-07-21 00:00:00-04:00,119.63124336904816,119.99820552210508,117.75673688752023,119.0361557006836,72937900,0.0,0.0
2023-07-24 00:00:00-04:00,120.6627297925078,121.99174188501857,119.98830359973758,120.5337905883789,29686100,0.0,0.0
2023-07-25 00:00:00-04:00,120.36518297759501,122.14051081744289,120.02796610605938,121.20821380615234,52509600,0.0,0.0
2023-07-26 00:00:00-04:00,129.00380296662527,129.90633205152977,127.26814799253995,128.21035766601562,61682100,0.0,0.0
2023-07-27 00:00:00-04:00,130.5906913457291,132.14782922633054,127.73429403460449,128.33929443359375,44952100,0.0,0.0
2023-07-28 00:00:00-04:00,129.7079618698937,132.64370465595107,129.49969176817697,131.4932098388672,36591200,0.0,0.0
2023-07-31 00:00:00-04:00,131.64199265883678,132.43543799339955,130.6997829450421,131.632080078125,28055500,0.0,0.0
2023-08-01 00:00:00-04:00,129.70795684787504,131.54279790983335,129.60877052366334,130.47164916992188,23166800,0.0,0.0
2023-08-02 00:00:00-04:00,128.38887313460415,129.02362633955516,126.51436639391204,127.32765197753906,26273300,0.0,0.0
2023-08-03 00:00:00-04:00,126.9210031114822,128.329361244637,126.37550855512062,127.39706420898438,20089500,0.0,0.0
2023-08-04 00:00:00-04:00,128.2202600170075,130.43197594152576,126.86149507419762,127.05985260009766,26147200,0.0,0.0
2023-08-07 00:00:00-04:00,128.10124510100812,130.53115877911966,127.962393323222,130.45181274414062,22746300,0.0,0.0
2023-08-08 00:00:00-04:00,129.54928620643435,130.431990156543,128.4781372893849,130.32289123535156,23535200,0.0,0.0
2023-08-09 00:00:00-04:00,130.58074278541653,130.95761750800182,127.94254405878128,128.59713745117188,24912900,0.0,0.0
2023-08-10 00:00:00-04:00,130.2435507528464,130.9675625582551,128.38886922887625,128.6269073486328,20857800,0.0,0.0
2023-08-11 00:00:00-04:00,127.60535409901688,128.86493278064867,127.11936527043054,128.4979705810547,19591100,0.0,0.0
2023-08-14 00:00:00-04:00,128.3293638886943,130.29312919834737,127.90289594820355,130.2534637451172,24695600,0.0,0.0
2023-08-15 00:00:00-04:00,130.0253428626258,130.3427118640274,128.22025464503122,128.71615600585938,19770700,0.0,0.0
2023-08-16 00:00:00-04:00,127.64500427246094,129.21205435216356,126.82181378350052,127.64500427246094,25216100,0.0,0.0
2023-08-17 00:00:00-04:00,128.736029988948,130.90808093921126,128.2302007829504,128.85504150390625,33446300,0.0,0.0
2023-08-18 00:00:00-04:00,127.45658011346536,128.19051967813363,125.34404274535204,126.41519165039062,30504800,0.0,0.0
2023-08-21 00:00:00-04:00,126.13747078000077,127.6747604625636,125.52255036686307,127.31771087646484,25248700,0.0,0.0
2023-08-22 00:00:00-04:00,127.4565767415667,129.21207199508038,127.2681469154346,128.02191162109375,22054900,0.0,0.0
2023-08-23 00:00:00-04:00,129.11286188164175,132.31639534159987,128.80540548113294,131.284912109375,27819700,0.0,0.0
2023-08-24 00:00:00-04:00,132.85197153912117,133.14951538235977,128.50788590918833,128.71615600585938,28500700,0.0,0.0
2023-08-25 00:00:00-04:00,128.47814415645706,129.68814493481383,126.20692211861723,128.81536865234375,26762900,0.0,0.0
2023-08-28 00:00:00-04:00,130.23362480291482,131.4535380240542,129.07321732909296,129.9360809326172,20543300,0.0,0.0
2023-08-29 00:00:00-04:00,131.15600145683445,135.45050919179718,131.15600145683445,133.46690368652344,43075600,0.0,0.0
2023-08-30 00:00:00-04:00,133.67517000710467,135.16287409396253,132.9709985475354,134.7661590576172,28315800,0.0,0.0
2023-08-31 00:00:00-04:00,134.89509514927343,136.8687881952977,134.67689731971456,135.0537872314453,30053800,0.0,0.0
2023-09-01 00:00:00-04:00,136.3332062668677,136.3332062668677,133.74460060567057,134.54795837402344,21543700,0.0,0.0
2023-09-05 00:00:00-04:00,134.32979244756098,135.30175509011016,133.47684131487563,134.65708923339844,19403100,0.0,0.0
2023-09-06 00:00:00-04:00,134.9050286366341,135.41084264478113,132.57428587282706,133.35781860351562,18684500,0.0,0.0
2023-09-07 00:00:00-04:00,132.49493620985484,134.46862928644677,131.86018300504648,134.1512451171875,18844300,0.0,0.0
2023-09-08 00:00:00-04:00,133.80410329196144,135.53975798327252,133.74459755250976,135.26205444335938,23558300,0.0,0.0
2023-09-11 00:00:00-04:00,135.42074803161276,136.35304508761172,134.676895929534,135.79763793945312,20763400,0.0,0.0
2023-09-12 00:00:00-04:00,135.14303224154853,135.74803250189984,134.08181120803886,134.23057556152344,18405500,0.0,0.0
2023-09-13 00:00:00-04:00,133.9826247837674,135.7777852717878,133.05032781273377,135.58935546875,20749500,0.0,0.0
2023-09-14 00:00:00-04:00,136.47207040513118,137.563044397484,135.1232180009584,136.9679718017578,24751000,0.0,0.0
2023-09-15 00:00:00-04:00,136.84895965520028,137.38454169510266,135.3612553079111,136.27371215820312,38919600,0.0,0.0
2023-09-18 00:00:00-04:00,135.49018160432044,138.019281780227,135.49018160432044,137.0770721435547,21861300,0.0,0.0
2023-09-19 00:00:00-04:00,136.29353439301667,137.2754245802509,135.5000891528616,136.908447265625,20353700,0.0,0.0
2023-09-20 00:00:00-04:00,136.9481276445737,136.9481276445737,132.52468065263594,132.64370727539062,29927500,0.0,0.0
2023-09-21 00:00:00-04:00,130.36257622016777,131.14609385607787,129.00381108346423,129.3707733154297,31503900,0.0,0.0
2023-09-22 00:00:00-04:00,129.68812598105728,130.94771974828387,128.5376462586181,129.18231201171875,26397300,0.0,0.0
2023-09-25 00:00:00-04:00,128.76574160428865,130.0947535411447,127.90287812992364,130.03524780273438,20094600,0.0,0.0
2023-09-26 00:00:00-04:00,128.70625840016731,129.29141844193066,126.17715813897233,127.51609802246094,25718700,0.0,0.0
2023-09-27 00:00:00-04:00,127.51607239468865,129.826959222893,127.51607239468865,129.46990966796875,22746500,0.0,0.0
2023-09-28 00:00:00-04:00,128.77567908657804,132.20732362438937,128.7260859170761,131.22543334960938,22513100,0.0,0.0
2023-09-29 00:00:00-04:00,132.187484105663,132.95117654608515,129.29142156753832,129.78732299804688,30859800,0.0,0.0
2023-10-02 00:00:00-04:00,130.1344474612235,133.31812586216128,130.09476687574428,133.07017517089844,22288000,0.0,0.0
2023-10-03 00:00:00-04:00,132.8420685488848,133.15943757319482,130.75927662958244,131.3444366455078,22989400,0.0,0.0
2023-10-04 00:00:00-04:00,131.7014648766572,134.45869011730207,131.44360164040873,134.1313934326172,26752300,0.0,0.0
2023-10-05 00:00:00-04:00,133.9628143310547,134.37936969993646,132.35608346969923,133.9628143310547,19832600,0.0,0.0
2023-10-06 00:00:00-04:00,132.91146677211896,137.02745682177886,132.91146677211896,136.45220947265625,27597600,0.0,0.0
2023-10-09 00:00:00-04:00,135.8174905702575,137.80109635598646,134.49839090670235,137.2853546142578,19278100,0.0,0.0
2023-10-10 00:00:00-04:00,137.36467931785276,138.57467986983306,136.20427192955205,136.92828369140625,27786600,0.0,0.0
2023-10-11 00:00:00-04:00,137.44403543423456,139.95329533664227,137.44403543423456,139.39788818359375,25884300,0.0,0.0
2023-10-12 00:00:00-04:00,139.89377728823808,140.0623819353228,137.12663921258442,137.83082580566406,24765500,0.0,0.0
2023-10-13 00:00:00-04:00,138.23745432331978,138.85236710628996,135.500069400509,136.2340087890625,23420500,0.0,0.0
2023-10-16 00:00:00-04:00,137.03739334313434,138.4854321140924,136.85887610034075,137.95977783203125,28501900,0.0,0.0
2023-10-17 00:00:00-04:00,137.4936454662008,138.75322429503643,136.05551910615523,138.57470703125,23515800,0.0,0.0
2023-10-18 00:00:00-04:00,138.30690868674475,139.56650258267163,136.25388459322733,136.82913208007812,23375000,0.0,0.0
2023-10-19 00:00:00-04:00,137.36468644323884,138.51518131196565,136.25387216099756,136.62083435058594,26066000,0.0,0.0
2023-10-20 00:00:00-04:00,136.20424803752536,136.73981476367683,133.9726922667664,134.48843383789062,26335700,0.0,0.0
2023-10-23 00:00:00-04:00,133.9330343496389,136.53156779993722,132.85197300320976,135.38107299804688,26317900,0.0,0.0
2023-10-24 00:00:00-04:00,136.70015681131144,138.2176136078902,136.29351410537674,137.672119140625,44814300,0.0,0.0
2023-10-25 00:00:00-04:00,127.10944521580694,127.25820957616193,124.04477075596701,124.5803451538086,84366200,0.0,0.0
2023-10-26 00:00:00-04:00,122.25952391827924,123.31083999813282,120.27591838168972,121.27764129638672,57061100,0.0,0.0
2023-10-27 00:00:00-04:00,121.87271233000152,122.2991877911494,119.22460095273298,121.16853332519531,44566500,0.0,0.0
2023-10-30 00:00:00-04:00,122.20002763263162,124.37207828472111,121.7437992319236,123.43978118896484,28940100,0.0,0.0
2023-10-31 00:00:00-04:00,124.03485157297696,124.34231557609246,121.68428385885795,123.0628890991211,26292300,0.0,0.0
2023-11-01 00:00:00-04:00,123.05297934732572,125.45314042926547,122.70584986305431,125.41346740722656,30082400,0.0,0.0
2023-11-02 00:00:00-04:00,127.36730789447058,127.92271501549958,125.88952390924445,126.44493103027344,27124600,0.0,0.0
2023-11-03 00:00:00-04:00,126.9705840713952,128.46820067879287,126.81189200957998,128.04173278808594,26393100,0.0,0.0
2023-11-06 00:00:00-05:00,127.9921517032279,129.27157062977093,127.61526180428386,129.18231201171875,19052700,0.0,0.0
2023-11-07 00:00:00-05:00,129.6385295842965,130.82868972418774,128.81533157799734,129.89639282226562,29757300,0.0,0.0
2023-11-08 00:00:00-05:00,129.89641375169958,131.1262546701782,129.70796879855988,130.75927734375,26425800,0.0,0.0
2023-11-09 00:00:00-05:00,130.8783111759331,131.46347122727005,129.00380438860708,129.1724090576172,23747800,0.0,0.0
2023-11-10 00:00:00-05:00,129.03354879478132,131.71141329610631,128.34920244954847,131.5031280517578,26913300,0.0,0.0
2023-11-13 00:00:00-05:00,130.69974576301732,131.5031034497492,130.17409159432344,131.0072021484375,18324800,0.0,0.0
2023-11-14 00:00:00-05:00,133.0900082716238,134.58762491778677,132.22714475544407,132.52467346191406,32395200,0.0,0.0
2023-11-15 00:00:00-05:00,133.76441488908887,133.92310694082042,132.47508358646422,133.51646423339844,23861500,0.0,0.0
2023-11-16 00:00:00-05:00,134.0818138246226,136.09517216084916,133.21895029015656,135.8075408935547,28013200,0.0,0.0
2023-11-17 00:00:00-05:00,134.88518254388185,134.94468829125762,132.55443988026462,134.20083618164062,37240600,0.0,0.0
2023-11-20 00:00:00-05:00,132.59412016100978,135.53977571897755,132.524686700092,135.1331329345703,27815500,0.0,0.0
2023-11-21 00:00:00-05:00,135.17279523893023,136.05549911438757,134.84551363674532,135.84722900390625,22635300,0.0,0.0
2023-11-22 00:00:00-05:00,136.34312381394363,138.2771361292862,136.34312381394363,137.35476684570312,17813900,0.0,0.0
2023-11-24 00:00:00-05:00,136.8985310833705,136.99771741092056,134.87526015124462,135.56951904296875,12514300,0.0,0.0
2023-11-27 00:00:00-05:00,134.91491921563218,137.2853270482676,134.88516634551732,135.29180908203125,23436500,0.0,0.0
2023-11-28 00:00:00-05:00,134.964518417708,136.1249258052487,134.309924978467,136.07533264160156,18730000,0.0,0.0
2023-11-29 00:00:00-05:00,136.44232172928395,137.15640583938017,133.73468912413915,133.8834686279297,23967200,0.0,0.0
2023-11-30 00:00:00-05:00,133.94296597089948,134.43886735166274,130.2038653225059,131.44361877441406,38988300,0.0,0.0
2023-12-01 00:00:00-05:00,130.7790985107422,131.02704917414542,129.59885093154966,130.7790985107422,31442300,0.0,0.0
2023-12-04 00:00:00-05:00,128.81535800518807,128.9641223780541,126.85158504794954,128.21035766601562,36669900,0.0,0.0
2023-12-05 00:00:00-05:00,127.89294345007906,131.0567961953268,127.19868465026924,129.91622924804688,27384800,0.0,0.0
2023-12-06 00:00:00-05:00,130.36255115310777,130.75926618523522,128.81534134061891,128.95419311523438,23576200,0.0,0.0
2023-12-07 00:00:00-05:00,133.9330343345262,137.42418419027493,133.59582503757497,135.8075408935547,56767100,0.0,0.0
2023-12-08 00:00:00-05:00,133.09993592227912,135.28189910781614,132.9313312582846,133.8834686279297,32260100,0.0,0.0
2023-12-11 00:00:00-05:00,131.29487380940387,132.24699612624593,130.28323060576173,132.19740295410156,31138000,0.0,0.0
2023-12-12 00:00:00-05:00,130.7295139721899,131.90976162921305,130.18401944998905,131.43370056152344,29032800,0.0,0.0
2023-12-13 00:00:00-05:00,132.28664939416652,132.4056608757626,130.49148892278734,131.48329162597656,30104800,0.0,0.0
2023-12-14 00:00:00-05:00,132.28665787823815,132.6238671868591,128.62690324736187,130.85845947265625,38722400,0.0,0.0
2023-12-15 00:00:00-05:00,130.54106870618423,132.41557523506742,130.10467308952005,131.51304626464844,50847100,0.0,0.0
2023-12-18 00:00:00-05:00,131.5427856233193,136.02572254525143,131.34441299342456,134.68679809570312,32258000,0.0,0.0
2023-12-19 00:00:00-05:00,135.71829114427823,136.34313174933595,134.96452646649996,135.52984619140625,25476800,0.0,0.0
2023-12-20 00:00:00-05:00,137.83083424971508,140.5384516154751,136.93821779664987,137.20599365234375,49107200,0.0,0.0
2023-12-21 00:00:00-05:00,138.34659720706435,139.53675770538266,138.03912558410573,139.2689666748047,27488300,0.0,0.0
2023-12-22 00:00:00-05:00,139.61605534084484,140.8260557157536,139.5565496066209,140.3301544189453,26532200,0.0,0.0
2023-12-26 00:00:00-05:00,140.42934263685476,141.5104039629761,140.03262760475596,140.35992431640625,16780300,0.0,0.0
2023-12-27 00:00:00-05:00,140.42934564037535,140.9153344287429,138.74328401733115,139.21934509277344,19628600,0.0,0.0
2023-12-28 00:00:00-05:00,139.62601526809934,139.98306492823093,138.6044594609446,139.0805206298828,16045700,0.0,0.0
2023-12-29 00:00:00-05:00,138.48540088203316,139.20941253737374,137.64236262463047,138.54490661621094,18733000,0.0,0.0
2024-01-02 00:00:00-05:00,137.41427392066478,138.30689034141093,135.36123496575607,137.03738403320312,23711200,0.0,0.0
2024-01-03 00:00:00-05:00,136.12494105781897,138.48543668179107,135.95633638949388,137.78125,24212100,0.0,0.0
2024-01-04 00:00:00-05:00,137.2853464572302,138.01928600247774,135.23232246051418,135.27198791503906,27137700,0.0,0.0
2024-01-05 00:00:00-05:00,135.6290289280703,136.03567169625202,134.0421384410589,134.6173858642578,22513900,0.0,0.0
2024-01-08 00:00:00-05:00,135.17278901977872,137.87049368814525,135.1430361482217,137.70188903808594,21404000,0.0,0.0
2024-01-09 00:00:00-05:00,137.3646876105234,140.33018342656837,137.01755057751834,139.7946014404297,24759600,0.0,0.0
2024-01-10 00:00:00-05:00,139.84417181388054,141.82777708783627,139.75491320864225,141.11367797851562,21320200,0.0,0.0
2024-01-11 00:00:00-05:00,142.31377441409103,144.02958884214235,139.48713067468557,140.9153289794922,24008700,0.0,0.0
2024-01-12 00:00:00-05:00,141.50049214729324,142.02614637782855,140.6574689161085,141.48065185546875,18785500,0.0,0.0
2024-01-16 00:00:00-05:00,140.83595651207804,143.166698465584,140.29046210448035,141.3219451904297,22670500,0.0,0.0
2024-01-17 00:00:00-05:00,140.19132176728564,140.67729541881693,137.76139297479475,140.31033325195312,20968600,0.0,0.0
2024-01-18 00:00:00-05:00,140.8855776587382,143.02787513950906,140.8260719176682,142.30384826660156,25746400,0.0,0.0
2024-01-19 00:00:00-05:00,143.5535284040744,145.24950254806373,143.19647882633325,145.18008422851562,34271900,0.0,0.0
2024-01-22 00:00:00-05:00,145.89417546961977,147.17359422579068,144.64449444846355,144.79327392578125,32200400,0.0,0.0
2024-01-23 00:00:00-05:00,144.6940887617222,145.9735075280984,144.30728633154266,145.83465576171875,21636100,0.0,0.0
2024-01-24 00:00:00-05:00,147.32237177289502,148.6216460696022,146.88599128129252,147.48106384277344,25233500,0.0,0.0
2024-01-25 00:00:00-05:00,148.83982840267183,151.79539601165686,148.31415908415644,150.62506103515625,29149100,0.0,0.0
2024-01-26 00:00:00-05:00,149.86139776851957,151.28958097989496,149.77212402167038,150.9424591064453,26115500,0.0,0.0
2024-01-29 00:00:00-05:00,150.81352174869434,152.51942366682596,150.18868118167268,152.2516326904297,27784300,0.0,0.0
2024-01-30 00:00:00-05:00,151.5474722147389,152.3607426484438,149.95066908718712,150.2184600830078,36331800,0.0,0.0
2024-01-31 00:00:00-05:00,142.44270331878081,142.81959319917652,138.72344307921892,138.95156860351562,71910000,0.0,0.0
2024-02-01 00:00:00-05:00,140.95499074150428,141.88728767351694,139.63589137319994,140.00286865234375,40466500,0.0,0.0
2024-02-02 00:00:00-05:00,138.11844060532798,141.45089833217304,135.38107056080497,141.21287536621094,62499600,0.0,0.0
2024-02-05 00:00:00-05:00,141.64929185123162,144.27756337900828,141.60961126191953,142.50222778320312,38505400,0.0,0.0
2024-02-06 00:00:00-05:00,143.46425685279377,144.1684434401665,142.01623336193828,142.9187774658203,29128200,0.0,0.0
2024-02-07 00:00:00-05:00,143.57336464859975,144.4263156427516,142.7501665270815,144.3469696044922,25208900,0.0,0.0
2024-02-08 00:00:00-05:00,144.63461269549572,145.13051412482938,143.91060084610757,144.71395874023438,22563800,0.0,0.0
2024-02-09 00:00:00-05:00,145.47762057784595,148.21500586230158,144.9817192012369,147.7786102294922,26829500,0.0,0.0
2024-02-12 00:00:00-05:00,147.20335197335376,148.11580862305635,146.16195613244383,146.32064819335938,21564100,0.0,0.0
2024-02-13 00:00:00-05:00,143.73204328748068,145.46769798615009,142.51213022242555,143.9502410888672,27837700,0.0,0.0
2024-02-14 00:00:00-05:00,144.88253462860962,145.31893022112502,142.90884188380863,144.74368286132812,22704200,0.0,0.0
2024-02-15 00:00:00-05:00,141.96663255261817,142.34352240728126,139.30860868040443,141.59967041015625,37590700,0.0,0.0
2024-02-16 00:00:00-05:00,141.8178876690081,142.01624520205476,138.9912436385364,139.36813354492188,31468900,0.0,0.0
2024-02-20 00:00:00-05:00,138.51518739713623,140.915348438827,138.34658273143967,139.9632110595703,25144700,0.0,0.0
2024-02-21 00:00:00-05:00,140.2905110483264,141.52035203872512,139.52681861125646,141.38150024414062,23223300,0.0,0.0
2024-02-22 00:00:00-05:00,143.74196995787472,143.8114034168082,141.62944032274333,142.9088592529297,27191900,0.0,0.0
2024-02-23 00:00:00-05:00,142.4922912292185,143.4940065020115,142.25425313452644,142.77992248535156,19493800,0.0,0.0
2024-02-26 00:00:00-05:00,140.97485281400884,141.27239668798464,136.26378939947426,136.44232177734375,53641800,0.0,0.0
2024-02-27 00:00:00-05:00,136.88862613854664,138.10853934016288,135.96624166875657,137.7415771484375,33099200,0.0,0.0
2024-02-28 00:00:00-05:00,136.76958362182845,136.87868252205917,134.30000463233606,135.26205444335938,37328600,0.0,0.0
2024-02-29 00:00:00-05:00,136.15467711991738,137.72172724425474,135.2818858775754,137.32501220703125,42133000,0.0,0.0
2024-03-01 00:00:00-05:00,137.29525760665743,137.7316532704347,135.79764079115824,136.01583862304688,31151100,0.0,0.0
2024-03-04 00:00:00-05:00,134.54797432652032,134.54797432652032,130.8287137478375,132.2569122314453,55999400,0.0,0.0
2024-03-05 00:00:00-05:00,130.79895621305897,132.14780860687847,129.59886818360178,131.5824737548828,40194800,0.0,0.0
2024-03-06 00:00:00-05:00,132.02879338468463,132.48502936431544,129.77741176310514,130.32289123535156,35318600,0.0,0.0
2024-03-07 00:00:00-05:00,131.70147977631177,133.83386475709858,130.53115980204433,133.27845764160156,37738200,0.0,0.0
2024-03-08 00:00:00-05:00,133.1098731227402,136.95805806227605,132.90158785607315,134.30003356933594,39370400,0.0,0.0
2024-03-11 00:00:00-04:00,135.01411900561908,137.95977451047298,135.01411900561908,136.54148864746094,32437800,0.0,0.0
2024-03-12 00:00:00-04:00,135.90674885782994,138.2374917037032,135.90674885782994,137.3647003173828,27563400,0.0,0.0
2024-03-13 00:00:00-04:00,137.86060163883266,139.93346604577192,137.85068905807378,138.6441192626953,23347200,0.0,0.0
2024-03-14 00:00:00-04:00,140.032654769893,142.4129756916645,139.30864288569182,141.927001953125,42753400,0.0,0.0
2024-03-15 00:00:00-04:00,141.33189197321508,142.00631057950346,138.88213796831596,140.022705078125,49475400,0.0,0.0
2024-03-18 00:00:00-04:00,147.39179044961523,150.902765124804,145.9635922313326,146.4694061279297,69273700,0.0,0.0
2024-03-19 00:00:00-04:00,146.9455101008083,147.5703355892813,144.88255840993227,145.82476806640625,24070400,0.0,0.0
2024-03-20 00:00:00-04:00,146.7868124427757,147.63976344475103,145.53714637957398,147.520751953125,21311500,0.0,0.0
2024-03-21 00:00:00-04:00,148.24474177717806,149.13735809948852,145.69580172878864,146.39007568359375,24755600,0.0,0.0
2024-03-22 00:00:00-04:00,147.89761979182254,150.3374611918101,147.75876801352786,149.5341033935547,29211800,0.0,0.0
2024-03-25 00:00:00-04:00,148.71090455162476,149.14730017654827,146.60828759558476,148.83984375,19229300,0.0,0.0
2024-03-26 00:00:00-04:00,148.9885826192791,151.01185319432878,148.75054455539427,149.4348907470703,22149100,0.0,0.0
2024-03-27 00:00:00-04:00,149.94072668288968,150.3969625890798,147.679417711027,149.63327026367188,22879200,0.0,0.0
2024-03-28 00:00:00-04:00,149.61346389057567,150.1886962178925,148.9390300924469,149.6927947998047,24485400,0.0,0.0
2024-04-01 00:00:00-04:00,149.45476709366227,154.4633742852125,149.3754210532241,154.21542358398438,31730800,0.0,0.0
2024-04-02 00:00:00-04:00,152.24172129726563,153.43188156405296,150.90278153856184,153.29302978515625,24586000,0.0,0.0
2024-04-03 00:00:00-04:00,152.34089851536356,153.8087622521674,151.47801988823227,153.6500701904297,24705000,0.0,0.0
2024-04-04 00:00:00-04:00,152.2417216532487,153.5013153792841,149.21672024838048,149.2960662841797,34724700,0.0,0.0
2024-04-05 00:00:00-04:00,148.80015462106246,152.162365095296,148.37368673355488,151.24990844726562,23459200,0.0,0.0
2024-04-08 00:00:00-04:00,151.52763410967862,153.9972285874499,151.35902944578888,153.58067321777344,20702000,0.0,0.0
2024-04-09 00:00:00-04:00,154.81047040663094,157.2602241375123,153.91785408433802,155.31629943847656,31079500,0.0,0.0
2024-04-10 00:00:00-04:00,154.92952562487014,155.32624070054823,153.41205338281176,154.86009216308594,22838600,0.0,0.0
2024-04-11 00:00:00-04:00,155.6237647430745,158.3710473161656,155.17745655638205,158.103271484375,27166400,0.0,0.0
2024-04-12 00:00:00-04:00,156.66516776322655,158.90663651169768,155.85188225072014,156.43704223632812,25353700,0.0,0.0
2024-04-15 00:00:00-04:00,157.5577715629048,157.93466141742405,153.32276995678504,153.59056091308594,27136500,0.0,0.0
2024-04-16 00:00:00-04:00,152.92606827651122,154.3740918150493,152.17228850176252,153.13433837890625,20779500,0.0,0.0
2024-04-17 00:00:00-04:00,154.3443362556772,155.7923749027095,153.3128680735991,154.19557189941406,21763100,0.0,0.0
2024-04-18 00:00:00-04:00,154.0666493097183,155.65353990489737,153.35255005525875,154.7311553955078,19883000,0.0,0.0
2024-04-19 00:00:00-04:00,154.91959354072858,155.07828562000708,151.0515686940003,152.82688903808594,32615600,0.0,0.0
2024-04-22 00:00:00-04:00,153.04509433151492,156.34779961582007,152.79714362068458,154.9989471435547,26446200,0.0,0.0
2024-04-23 00:00:00-04:00,155.67337597138751,157.66689417461689,154.99894218995382,156.96270751953125,21151600,0.0,0.0
2024-04-24 00:00:00-04:00,156.19899067109102,158.26194181257705,155.88160658761348,157.82554626464844,22779100,0.0,0.0
2024-04-25 00:00:00-04:00,150.08951991120836,155.2072260039545,149.63328396324783,154.7212371826172,57109700,0.0,0.0
2024-04-26 00:00:00-04:00,172.94062695716943,173.2778513670398,168.2593171377913,170.54046630859375,64665300,0.0,0.0
2024-04-29 00:00:00-04:00,167.67419013378634,168.1601789863469,163.85575817924735,164.7880401611328,45610000,0.0,0.0
2024-04-30 00:00:00-04:00,164.25246727701446,166.72206177178046,161.26714620693434,161.44566345214844,33562900,0.0,0.0
2024-05-01 00:00:00-04:00,162.95319556004813,165.7500714576766,161.7531075684998,162.5167999267578,33493200,0.0,0.0
2024-05-02 00:00:00-04:00,163.43916484164697,165.36326455481128,162.54654844018515,165.25416564941406,24294500,0.0,0.0
2024-05-03 00:00:00-04:00,166.18646385430256,166.5831940285256,161.71343896761203,165.8690948486328,34662400,0.0,0.0
2024-05-06 00:00:00-04:00,166.08730795373265,166.76172661144676,164.6690220425713,166.72206115722656,21871300,0.0,0.0
2024-05-07 00:00:00-04:00,167.1187643454893,170.35203588113026,167.00966543700736,169.84622192382812,28039700,0.0,0.0
2024-05-08 00:00:00-04:00,167.61467198559197,168.75523914384442,167.35680870759575,167.99156188964844,19569100,0.0,0.0
2024-05-09 00:00:00-04:00,168.00146814371737,169.2908147525702,166.80138015076668,168.56680297851562,15346700,0.0,0.0
2024-05-10 00:00:00-04:00,166.65260426676096,168.45769242107335,164.82769095498062,167.26751708984375,29799900,0.0,0.0
2024-05-13 00:00:00-04:00,162.9135222794407,167.89237656675422,162.65565899989346,167.75352478027344,31327600,0.0,0.0
2024-05-14 00:00:00-04:00,168.37834489380802,169.84620861991712,167.41629508538105,168.94366455078125,25127100,0.0,0.0
2024-05-15 00:00:00-04:00,169.23129226677884,171.2347227383607,169.11226565697544,171.0958709716797,26948400,0.0,0.0
2024-05-16 00:00:00-04:00,171.86949341563104,173.68449428030138,171.27442084056955,172.752197265625,27867900,0.0,0.0
2024-05-17 00:00:00-04:00,172.75218165186905,174.82506073205244,172.26620802954864,174.6167755126953,24479300,0.0,0.0
2024-05-20 00:00:00-04:00,174.74573004665857,177.30458297385175,174.63663113812171,175.46974182128906,22554400,0.0,0.0
2024-05-21 00:00:00-04:00,175.44992602195614,176.68967964035244,174.3688644988053,176.39215087890625,16989400,0.0,0.0
2024-05-22 00:00:00-04:00,175.19203685040134,175.69785080388766,173.77376618454468,174.93417358398438,17880000,0.0,0.0
2024-05-23 00:00:00-04:00,175.6184993564693,176.78881919834342,171.53226222068352,172.12734985351562,21024900,0.0,0.0
2024-05-24 00:00:00-04:00,173.54562953855606,174.32916213437795,172.22653015180546,173.55555725097656,16579400,0.0,0.0
2024-05-28 00:00:00-04:00,173.01998246270298,175.8168734132129,172.94063642860604,174.95399475097656,20572200,0.0,0.0
2024-05-29 00:00:00-04:00,173.99195085751208,175.39039638067896,173.28777937305267,174.45809936523438,23388700,0.0,0.0
2024-05-30 00:00:00-04:00,173.76383985817733,173.78368015073974,170.38178882747087,170.6991729736328,22931500,0.0,0.0
2024-05-31 00:00:00-04:00,170.4512300886902,171.64139042387083,168.05106912485823,171.0859832763672,37638900,0.0,0.0
2024-06-03 00:00:00-04:00,171.12566288057238,173.09935606710764,169.75698519210337,171.75050354003906,27459100,0.0,0.0
2024-06-04 00:00:00-04:00,171.8595578130043,172.42489257397216,170.4809527682894,172.36537170410156,26879600,0.0,0.0
2024-06-05 00:00:00-04:00,173.76386743926795,175.2019786372729,172.5042735015329,173.97215270996094,22068500,0.0,0.0
2024-06-06 00:00:00-04:00,174.45811286491957,175.69786641038863,174.3093484929474,175.28131103515625,23251000,0.0,0.0
2024-06-07 00:00:00-04:00,175.59868809544102,176.4119585188029,172.8712304058679,173.02992248535156,19661400,0.0,0.0
2024-06-10 00:00:00-04:00,173.7349014501534,175.81014466476933,171.54049500356726,173.7746124267578,23726700,0.2,0.0
2024-06-11 00:00:00-04:00,174.97607487552963,175.59169348463175,172.54337230776866,175.3732452392578,21540600,0.0,0.0
2024-06-12 00:00:00-04:00,176.99173266950717,179.1364888587314,174.86683954251944,176.53497314453125,27864700,0.0,0.0
2024-06-13 00:00:00-04:00,174.8668444097431,175.49240210344783,173.64553119205647,173.92355346679688,20913300,0.0,0.0
2024-06-14 00:00:00-04:00,172.99018739624864,175.8101362841722,172.92067425165644,175.5420379638672,18063600,0.0,0.0
2024-06-17 00:00:00-04:00,174.2214424940307,177.10096546528717,173.57602172386774,175.98887634277344,19618500,0.0,0.0
2024-06-18 00:00:00-04:00,175.88959735984662,176.1378326510935,172.87106288475965,173.85406494140625,21869900,0.0,0.0
2024-06-20 00:00:00-04:00,174.1320532342393,176.0384980804116,173.7547459679952,175.0554962158203,20160100,0.0,0.0
2024-06-21 00:00:00-04:00,175.75057482727152,179.57340412547137,175.36332840403423,178.3620147705078,57759000,0.0,0.0
2024-06-24 00:00:00-04:00,178.8882466857276,179.61308934299385,177.4087592034553,177.9548797607422,18298000,0.0,0.0
2024-06-25 00:00:00-04:00,178.35206806848578,182.98910099326696,178.15348288701358,182.73094177246094,23130200,0.0,0.0
2024-06-26 00:00:00-04:00,181.3408244497642,183.20754327614856,181.19187420519867,182.58200073242188,19839000,0.0,0.0
2024-06-27 00:00:00-04:00,182.87988309562385,184.73669324083986,182.7210240356858,184.10121154785156,18848900,0.0,0.0
2024-06-28 00:00:00-04:00,183.01890751714419,183.82318736943728,180.67556595744807,180.8642120361328,29156600,0.0,0.0
2024-07-01 00:00:00-04:00,181.7379989393426,182.58200489120532,180.02021516731907,181.6982879638672,16006100,0.0,0.0
2024-07-02 00:00:00-04:00,180.7649192250836,184.2600759255339,180.27837266146466,183.93240356445312,17372500,0.0,0.0
2024-07-03 00:00:00-04:00,183.545146815405,184.77638393795382,182.7011409192061,184.50830078125,10242100,0.0,0.0
2024-07-05 00:00:00-04:00,184.54801654082962,189.5127215858847,184.48844250446135,189.2545623779297,20967500,0.0,0.0
2024-07-08 00:00:00-04:00,188.55950207105113,188.8276004007438,186.4544718628467,187.69564819335938,21035900,0.0,0.0
2024-07-09 00:00:00-04:00,188.96660951335545,190.00920064999954,187.38783687416534,187.64599609375,15121400,0.0,0.0
2024-07-10 00:00:00-04:00,187.8147905079295,190.3964432565855,187.69564243220248,189.83045959472656,15952500,0.0,0.0
2024-07-11 00:00:00-04:00,188.5098571184734,189.51272208583228,183.77352425069444,184.26007080078125,25625800,0.0,0.0
2024-07-12 00:00:00-04:00,183.77353479614163,185.7892039533301,183.18770320192158,183.76361083984375,22898400,0.0,0.0
2024-07-15 00:00:00-04:00,183.61465170436622,186.91122316515236,183.61465170436622,185.21328735351562,16474000,0.0,0.0
2024-07-16 00:00:00-04:00,186.03740796917208,187.34808208100193,182.07556831656274,182.62168884277344,18290700,0.0,0.0
2024-07-17 00:00:00-04:00,181.67841945681636,182.2543270659603,178.63008325599765,179.7421875,20734100,0.0,0.0
2024-07-18 00:00:00-04:00,180.64575986268414,181.21174353968178,175.22431015700485,176.43569946289062,25315700,0.0,0.0
2024-07-19 00:00:00-04:00,177.61730362532302,179.01733902058587,175.87965675110726,176.40591430664062,18881900,0.0,0.0
2024-07-22 00:00:00-04:00,179.31522557776697,181.41033185766577,178.9577661837674,180.38760375976562,24100300,0.0,0.0
2024-07-23 00:00:00-04:00,180.76491875098247,182.31390434397233,180.258509125605,180.50674438476562,36352700,0.0,0.0
2024-07-24 00:00:00-04:00,172.37457678491225,174.9462905344622,170.60714288242724,171.4114227294922,49585200,0.0,0.0
2024-07-25 00:00:00-04:00,171.30218308939462,172.19582391606315,166.00980581766575,166.0991668701172,44852000,0.0,0.0
2024-07-26 00:00:00-04:00,165.9700715547249,166.90343845965242,162.90188769573447,165.82113647460938,41336900,0.0,0.0
2024-07-29 00:00:00-04:00,167.63824201341453,169.22693862858085,166.80417515412134,168.3332977294922,20293800,0.0,0.0
2024-07-30 00:00:00-04:00,169.03828621199597,170.0212881339037,167.25098932978506,169.08792114257812,18959700,0.0,0.0
2024-07-31 00:00:00-04:00,172.01709806342805,173.01996298271357,168.80988784082692,170.32908630371094,25729100,0.0,0.0
2024-08-01 00:00:00-04:00,169.0482167160951,172.82139580223534,167.6878923021726,169.5546112060547,24531400,0.0,0.0
2024-08-02 00:00:00-04:00,165.26511803151652,167.3204982165653,163.50760805366414,165.4835662841797,29130100,0.0,0.0
2024-08-05 00:00:00-04:00,154.4023257364845,163.26928160754815,153.83634209310054,158.1258544921875,53630700,0.0,0.0
2024-08-06 00:00:00-04:00,158.20527443608682,159.43652659885458,155.30588884415857,157.172607421875,49004600,0.0,0.0
2024-08-07 00:00:00-04:00,160.11174561926643,161.82952940748444,157.35137068982363,157.81805419921875,25138600,0.0,0.0
2024-08-08 00:00:00-04:00,159.37697100848436,162.53453159498838,159.0791007984094,160.88624572753906,25578800,0.0,0.0
2024-08-09 00:00:00-04:00,158.88049573069213,162.63381177677473,157.93720474099763,162.51466369628906,28602300,0.0,0.0
2024-08-12 00:00:00-04:00,163.18984972764733,163.73595512438263,160.69755826883667,161.14437866210938,15895300,0.0,0.0
2024-08-13 00:00:00-04:00,162.25649966122157,163.56717396094234,161.81960317762199,163.00120544433594,18551700,0.0,0.0
2024-08-14 00:00:00-04:00,161.25361460284537,162.06783350679044,156.5967339743886,159.23794555664062,40591100,0.0,0.0
2024-08-15 00:00:00-04:00,159.36705153563673,160.49900381900557,158.48333453503372,160.16140747070312,31524300,0.0,0.0
2024-08-16 00:00:00-04:00,160.3302046522989,163.89485965448893,159.99260830608642,161.8096923828125,24208600,0.0,0.0
2024-08-19 00:00:00-04:00,164.11328189947275,165.51333229993313,163.10047787030177,165.49346923828125,22416200,0.0,0.0
2024-08-20 00:00:00-04:00,165.72187088023108,167.4495939252533,165.64244892165763,165.99989318847656,18341500,0.0,0.0
2024-08-21 00:00:00-04:00,163.98420467240848,165.67221654044488,163.50759722139043,164.6792755126953,22902000,0.0,0.0
2024-08-22 00:00:00-04:00,166.07930514645545,166.406977492495,162.15719125168386,162.64373779296875,22493300,0.0,0.0
2024-08-23 00:00:00-04:00,163.55725630307884,165.00694179876172,162.67353934579646,164.45089721679688,13955700,0.0,0.0
2024-08-26 00:00:00-04:00,165.20552403193696,166.36726315289178,163.29907918080005,164.98707580566406,14190400,0.0,0.0
2024-08-27 00:00:00-04:00,164.66933228950003,165.26510295168842,163.29908400819048,163.51751708984375,11821900,0.0,0.0
2024-08-28 00:00:00-04:00,163.87498286647468,164.4310425767687,160.38976526426643,161.70045471191406,16407400,0.0,0.0
2024-08-29 00:00:00-04:00,163.15015560870546,164.7984415304893,159.11881702129344,160.6380157470703,19699800,0.0,0.0
2024-08-30 00:00:00-04:00,161.47205499845862,162.50472208741948,160.54862717284777,162.22669982910156,22123800,0.0,0.0
2024-09-03 00:00:00-04:00,160.57843019098567,160.70751737773818,155.37541355771157,156.24920654296875,38945300,0.0,0.0
2024-09-04 00:00:00-04:00,155.55413584223268,157.8776140734706,154.85908019413716,155.34561157226562,19353800,0.0,0.0
2024-09-05 00:00:00-04:00,155.1966988484402,158.32445729106303,154.87895042005644,156.13006591796875,18688700,0.0,0.0
2024-09-06 00:00:00-04:00,156.1896446256026,156.71590221863735,149.4872919188711,149.85467529296875,37912100,0.0,0.0
2024-09-09 00:00:00-04:00,151.63437166613713,152.51926120186218,146.37475041538113,147.856201171875,39260500,0.2,0.0
2024-09-10 00:00:00-04:00,149.58620426686707,150.4015036061094,147.48831800096144,147.80648803710938,31118800,0.0,0.0
2024-09-11 00:00:00-04:00,149.05925855823048,150.63018908340467,146.67304380954099,150.29214477539062,29607700,0.0,0.0
2024-09-12 00:00:00-04:00,152.91697508053775,153.9311230962661,151.77356859256676,153.80186462402344,29621500,0.0,0.0
2024-09-13 00:00:00-04:00,154.53761027887018,157.47068534964538,154.318887339598,156.55596923828125,29591200,0.0,0.0
2024-09-16 00:00:00-04:00,156.4068176480649,157.3414231577179,155.7009025392383,157.1525115966797,18379800,0.0,0.0
2024-09-17 00:00:00-04:00,158.1069928496196,159.6282071595107,157.47066800869246,158.4052734375,20715600,0.0,0.0
2024-09-18 00:00:00-04:00,158.9422025434275,159.57852752922,157.6894419945441,158.89248657226562,23677300,0.0,0.0
2024-09-19 00:00:00-04:00,162.77009990036774,162.8496272464335,160.41369644399956,161.2091064453125,26587700,0.0,0.0
2024-09-20 00:00:00-04:00,162.56130770595448,162.7899829734501,161.12957266023724,162.65078735351562,40896400,0.0,0.0
2024-09-23 00:00:00-04:00,163.40640761812853,164.53986181971814,160.74178667068307,160.92076110839844,24150900,0.0,0.0
2024-09-24 00:00:00-04:00,162.09397212944717,162.28288368359324,159.7674107357338,161.35821533203125,23332100,0.0,0.0
2024-09-25 00:00:00-04:00,160.54293101542476,161.87523384572484,160.37390888064178,160.5628204345703,18869200,0.0,0.0
2024-09-26 00:00:00-04:00,162.70046370931135,163.13793988577822,161.3482715144051,161.79568481445312,20319300,0.0,0.0
2024-09-27 00:00:00-04:00,161.87525844392792,164.74866551423864,161.69629915796872,163.0087127685547,21101300,0.0,0.0
2024-09-30 00:00:00-04:00,162.38230853380156,165.19604679069425,162.32264027889576,164.8977813720703,20413900,0.0,0.0
2024-10-01 00:00:00-04:00,166.72722798963838,168.18878935347016,163.63508311957565,166.03125,28338100,0.0,0.0
2024-10-02 00:00:00-04:00,165.46452779504156,166.5582184121097,163.7842281975384,164.90774536132812,17760200,0.0,0.0
2024-10-03 00:00:00-04:00,163.4660733087808,165.6832659184552,162.9788810936898,164.90774536132812,15073100,0.0,0.0
2024-10-04 00:00:00-04:00,167.0951193232447,167.26414148638466,164.52992998564537,166.10086059570312,19047400,0.0,0.0
2024-10-07 00:00:00-04:00,166.7570727731855,167.5127039344141,161.81560574950586,162.04428100585938,22463100,0.0,0.0
2024-10-08 00:00:00-04:00,162.99874209117948,163.7841996365162,161.9348782063516,163.43621826171875,23072700,0.0,0.0
2024-10-09 00:00:00-04:00,162.5115774919813,163.89359644421285,158.8228863013817,160.9307098388672,31181800,0.0,0.0
2024-10-10 00:00:00-04:00,159.94638493252756,162.13376610989224,159.4790821511072,161.14944458007812,14144100,0.0,0.0
2024-10-11 00:00:00-04:00,161.19915249290503,162.9589793006072,160.3142629412503,162.3027801513672,15344300,0.0,0.0
2024-10-14 00:00:00-04:00,162.7004954092269,165.27562183830673,162.4618678561569,164.01292419433594,19016100,0.0,0.0
2024-10-15 00:00:00-04:00,164.83813228183462,166.71728049354707,163.68480379630955,164.51004028320312,20247200,0.0,0.0
2024-10-16 00:00:00-04:00,163.58537367338423,164.84808640066018,162.7999160190336,164.21176147460938,16406000,0.0,0.0
2024-10-17 00:00:00-04:00,164.7784643120133,165.41478917356866,161.82551522151294,161.99453735351562,21453400,0.0,0.0
2024-10-18 00:00:00-04:00,162.25306000415483,163.7643372928155,162.1436909535705,162.4817352294922,19757700,0.0,0.0
2024-10-21 00:00:00-04:00,162.01447156383745,163.5555757679243,161.68636433294006,163.1280517578125,20946500,0.0,0.0
2024-10-22 00:00:00-04:00,162.04426180421996,164.81825178422423,162.04426180421996,164.19186401367188,16568100,0.0,0.0
2024-10-23 00:00:00-04:00,163.81405642655295,164.86798338254357,161.00030251118483,161.84542846679688,18280500,0.0,0.0
2024-10-24 00:00:00-04:00,161.89513565846306,162.39226497688696,160.0855776572324,161.7857666015625,22412500,0.0,0.0
2024-10-25 00:00:00-04:00,162.73028629423115,164.63926078688286,162.48172167011742,164.32110595703125,19828900,0.0,0.0
2024-10-28 00:00:00-04:00,167.78114595500233,167.78114595500233,163.00870143582344,165.76280212402344,32138600,0.0,0.0
2024-10-29 00:00:00-04:00,166.76697893071042,169.40177313699868,166.13065407857997,168.70578002929688,42169000,0.0,0.0
2024-10-30 00:00:00-04:00,179.64264898550226,180.97496713171114,173.06066145323211,173.4583740234375,68890800,0.0,0.0
2024-10-31 00:00:00-04:00,172.13600066532192,175.80481742033143,170.01822493850247,170.12759399414062,44769000,0.0,0.0
2024-11-01 00:00:00-04:00,169.0935675366594,171.33064938867685,167.91039737420323,170.30654907226562,31796500,0.0,0.0
2024-11-04 00:00:00-05:00,168.95436679599575,169.7497767581588,167.04539198951443,168.26834106445312,21492700,0.0,0.0
2024-11-05 00:00:00-05:00,168.45723948005892,169.55093008750674,167.87063050478386,168.76547241210938,18242100,0.0,0.0
2024-11-06 00:00:00-05:00,172.80213466578215,175.92410582719182,172.50385407406915,175.49656677246094,33695500,0.0,0.0
2024-11-07 00:00:00-05:00,176.39142952870222,180.0403569286527,176.1726914135067,179.71224975585938,25352900,0.0,0.0
2024-11-08 00:00:00-05:00,179.6128172813832,179.86138194143007,177.05758046511664,177.32603454589844,22006200,0.0,0.0
2024-11-11 00:00:00-05:00,177.5547178158643,179.5134086393181,177.44534875364968,179.31455993652344,17450400,0.0,0.0
2024-11-12 00:00:00-05:00,178.78758666786376,181.44225527864106,178.3600475857902,180.57723999023438,25134900,0.0,0.0
2024-11-13 00:00:00-05:00,179.423911961303,179.9210412566759,177.51492211643085,177.8529815673828,23184000,0.0,0.0
2024-11-14 00:00:00-05:00,177.25644065886235,177.79334885525918,173.3191846841435,174.5719451904297,31007500,0.0,0.0
2024-11-15 00:00:00-05:00,172.73256594722855,173.14021567004892,170.23698198164112,171.49969482421875,32504600,0.0,0.0
2024-11-18 00:00:00-05:00,172.424337422112,174.4327441914951,171.90731866370794,174.29354858398438,20135300,0.0,0.0
2024-11-19 00:00:00-05:00,172.72260407260165,177.8430297605378,172.56351905656155,177.0973358154297,23434900,0.0,0.0
2024-11-20 00:00:00-05:00,176.32182739630647,176.65987170014589,172.78226898861567,174.96963500976562,18997100,0.0,0.0
2024-11-21 00:00:00-05:00,172.90156244724747,173.13025284582125,162.7601278802168,166.66757202148438,59734400,0.0,0.0
2024-11-22 00:00:00-05:00,164.89779453956643,165.5042928911672,162.9589781366054,163.8140411376953,38604600,0.0,0.0
2024-11-25 00:00:00-05:00,165.1364282959766,167.6618539579553,164.65918835503592,166.68746948242188,33135300,0.0,0.0
2024-11-26 00:00:00-05:00,166.66756653684672,168.84499520108912,166.61785057482837,168.1490020751953,20486700,0.0,0.0
2024-11-27 00:00:00-05:00,168.02970184723952,168.50694172289835,167.0553326761747,168.2583770751953,19266500,0.0,0.0
2024-11-29 00:00:00-05:00,167.53258236969043,168.4572356311654,166.20027942100947,167.97999572753906,14257200,0.0,0.0
2024-12-02 00:00:00-05:00,167.80103219947992,171.09202581712017,167.60218350894124,170.5054168701172,23789100,0.0,0.0
2024-12-03 00:00:00-05:00,170.50541009739786,171.68856506902026,169.86908521024029,170.35626220703125,22248700,0.0,0.0
2024-12-04 00:00:00-05:00,170.1673520843779,173.90577410275552,170.0778724521122,173.36886596679688,31615100,0.0,0.0
2024-12-05 00:00:00-05:00,174.35320380974355,175.04918185581036,171.3406012044101,171.64881896972656,21356200,0.0,0.0
2024-12-06 00:00:00-05:00,171.04230353586647,174.07479526094843,170.8732813965907,173.70692443847656,21462400,0.0,0.0
2024-12-09 00:00:00-05:00,173.15945800345577,175.44886145410123,172.8508718378986,174.56295776367188,25389600,0.2,0.0
2024-12-10 00:00:00-05:00,182.00855531536865,185.502397306232,180.21683563214248,184.31787109375,54813000,0.0,0.0
2024-12-11 00:00:00-05:00,184.45722971599074,194.7098337526011,183.99935507018319,194.50079345703125,67894100,0.0,0.0
2024-12-12 00:00:00-05:00,194.10263323797517,194.28179760891206,190.8277801088796,191.07662963867188,34817500,0.0,0.0
2024-12-13 00:00:00-05:00,190.1309984875668,191.84308455058388,188.76730785856873,188.9464874267578,25143500,0.0,0.0
2024-12-16 00:00:00-05:00,191.98243736831273,198.08423292115103,191.73358782946704,195.7550048828125,44934900,0.0,0.0
2024-12-17 00:00:00-05:00,196.34228662818003,200.4930951236226,194.08272855714978,194.5207061767578,43504000,0.0,0.0
2024-12-18 00:00:00-05:00,194.32161160052223,196.09341894237798,186.87603832190538,187.53298950195312,34166100,0.0,0.0
2024-12-19 00:00:00-05:00,190.748138909751,192.1416901461699,187.513095150107,187.64248657226562,32265200,0.0,0.0
2024-12-20 00:00:00-05:00,184.92507802841766,192.00235990101223,184.36765746162297,190.5291748046875,63462900,0.0,0.0
2024-12-23 00:00:00-05:00,191.73356940291157,194.20216752678672,189.27493498031782,193.7343292236328,25675000,0.0,0.0
2024-12-24 00:00:00-05:00,193.94335970742864,195.20751953125,192.88824016493578,195.20751953125,10403300,0.0,0.0
2024-12-26 00:00:00-05:00,194.25194880473947,195.84459196860374,193.48550314170072,194.69989013671875,12046600,0.0,0.0
2024-12-27 00:00:00-05:00,194.05283355668863,194.42114113826142,189.77261919629782,191.87290954589844,18891400,0.0,0.0
2024-12-30 00:00:00-05:00,188.9265638700057,191.66390866604786,188.24968525874627,190.3599395751953,14264700,0.0,0.0
2024-12-31 00:00:00-05:00,190.2006709297877,191.07662611886298,187.6424905201336,188.42886352539062,17466900,0.0,0.0
2025-01-02 00:00:00-05:00,189.77266033181004,191.1164539742449,186.63716208422355,188.5582733154297,20370800,0.0,0.0
2025-01-03 00:00:00-05:00,190.489329030918,192.32087307336826,189.10572628313417,190.9073944091797,18596200,0.0,0.0
2025-01-06 00:00:00-05:00,193.0873348986171,197.30782865396526,192.95794346331456,195.9640350341797,29563600,0.0,0.0
2025-01-07 00:00:00-05:00,196.20294862127383,200.075047185632,193.70450449495107,194.5904083251953,26487200,0.0,0.0
2025-01-08 00:00:00-05:00,191.683825506133,195.38669258245946,191.49469743094454,193.05746459960938,24864800,0.0,0.0
2025-01-10 00:00:00-05:00,193.40587493046604,195.61566016820694,189.4342306110514,191.15626525878906,26665200,0.0,0.0
2025-01-13 00:00:00-05:00,189.19532001022134,190.3001972959748,186.49778453538255,190.1309814453125,21823700,0.0,0.0
2025-01-14 00:00:00-05:00,190.35994708125565,191.09653198927745,187.4434226127788,188.78721618652344,17174900,0.0,0.0
2025-01-15 00:00:00-05:00,192.20142977574318,195.45638605757955,190.97709427450172,194.65011596679688,21776000,0.0,0.0
2025-01-16 00:00:00-05:00,193.2465827004133,194.58041248274841,191.92270143099617,192.02224731445312,17815400,0.0,0.0
2025-01-17 00:00:00-05:00,195.6255975250055,196.3223731934333,192.85839187855623,195.09803771972656,27735100,0.0,0.0
2025-01-21 00:00:00-05:00,198.15390588987137,201.3590737795005,196.9594160260543,197.1385955810547,29971300,0.0,0.0
2025-01-22 00:00:00-05:00,198.14393463288008,199.5573980500264,196.62097682201127,197.4571075439453,26200600,0.0,0.0
2025-01-23 00:00:00-05:00,197.22819130144518,199.3782549776066,194.30171827365388,197.0689239501953,26951400,0.0,0.0
2025-01-24 00:00:00-05:00,197.18837511510904,199.9754777209976,197.08882922694013,199.28866577148438,23877500,0.0,0.0
2025-01-27 00:00:00-05:00,191.5245520643281,195.97398278636885,189.85227535828872,190.92730712890625,41728900,0.0,0.0
2025-01-28 00:00:00-05:00,191.8629920734772,194.58042475121238,189.80251062684363,194.40126037597656,24157900,0.0,0.0
2025-01-29 00:00:00-05:00,194.66004582386458,195.88438120776217,192.5398430560715,194.5107421875,18218300,0.0,0.0
2025-01-30 00:00:00-05:00,197.08882990069444,200.47317747002577,196.76034669489817,199.94561767578125,24354700,0.0,0.0
2025-01-31 00:00:00-05:00,201.0704225036096,204.5344037474068,200.87134591508243,203.0811309814453,32001100,0.0,0.0
2025-02-03 00:00:00-05:00,199.7664315701441,202.81234708889096,199.17915038211245,200.30393981933594,27838300,0.0,0.0
2025-02-04 00:00:00-05:00,202.4540365472158,206.09719755510824,201.8767037764101,205.43028259277344,43856400,0.0,0.0
2025-02-05 00:00:00-05:00,190.19072588273337,191.86298743209488,187.16470709545553,190.44952392578125,70373900,0.0,0.0
2025-02-06 00:00:00-05:00,188.62795003909466,191.21599131294843,187.85154069465264,190.71829223632812,29297400,0.0,0.0
2025-02-07 00:00:00-05:00,190.1708212328695,190.3002126652559,182.39676404459453,184.48709106445312,49315000,0.0,0.0
2025-02-10 00:00:00-05:00,186.4878479252447,187.33392723255807,185.00469922620795,185.6118927001953,23105600,0.0,0.0
2025-02-11 00:00:00-05:00,184.17851963260873,186.07973375626966,183.43197101543439,184.46719360351562,21239500,0.0,0.0
2025-02-12 00:00:00-05:00,182.37685574217417,184.25815769470228,180.9932528796119,182.7650604248047,22072600,0.0,0.0
2025-02-13 00:00:00-05:00,183.47178484763324,185.42275661553663,182.29720719308074,185.2834014892578,21402500,0.0,0.0
2025-02-14 00:00:00-05:00,184.208362887473,185.54219264503521,183.47177804242145,184.37757873535156,20448400,0.0,0.0
2025-02-18 00:00:00-05:00,184.74589678490392,185.10424071494356,180.90365944170068,182.92431640625,29916700,0.0,0.0
2025-02-19 00:00:00-05:00,183.22294469175932,184.60654751219354,182.74514264416922,184.41741943359375,19549400,0.0,0.0
2025-02-20 00:00:00-05:00,183.9495791218272,184.4572267048234,181.87914917011352,183.71067810058594,20441500,0.0,0.0
2025-02-21 00:00:00-05:00,184.2979785856072,184.48710668191748,178.25591914965165,178.833251953125,35199200,0.0,0.0
2025-02-24 00:00:00-05:00,181.15252162389993,182.2773112476267,178.06678116700198,178.4251251220703,29854200,0.0,0.0
2025-02-25 00:00:00-05:00,177.2206855678133,177.91747644578498,173.8861107726199,174.6127471923828,41913400,0.0,0.0
2025-02-26 00:00:00-05:00,174.2643473971189,175.26969397988614,170.79040266509935,171.9351043701172,35431300,0.0,0.0
2025-02-27 00:00:00-05:00,173.18931986196714,173.75668887755327,167.1671583548918,167.72457885742188,39991000,0.0,0.0
2025-02-28 00:00:00-05:00,167.90374066525882,169.82486685567105,166.00254187779413,169.4963836669922,48130600,0.0,0.0
2025-03-03 00:00:00-05:00,171.1387811939385,172.57215683074952,165.1663928329386,166.24142456054688,40770500,0.0,0.0
2025-03-04 00:00:00-05:00,165.4749823837437,172.49252670098738,165.03700479811678,170.13343811035156,45388000,0.0,0.0
2025-03-05 00:00:00-05:00,169.73530516145718,172.98029782260173,168.28201710781593,172.2238006591797,30954900,0.0,0.0
2025-03-06 00:00:00-05:00,169.7452376648565,174.0055403400316,169.71537693678601,171.55686950683594,28302000,0.0,0.0
2025-03-07 00:00:00-05:00,170.4718800246714,174.1648138078256,169.48644558654738,173.05992126464844,27385800,0.0,0.0
2025-03-10 00:00:00-04:00,167.6785699397653,167.87789100205225,163.12436954047675,165.2968292236328,43604000,0.2,0.0
2025-03-11 00:00:00-04:00,164.34014854098334,166.17378667553444,160.81237268027317,163.47314453125,39587400,0.0,0.0
2025-03-12 00:00:00-04:00,166.0043948548276,167.06072965689114,162.96493090148982,166.53256225585938,28372400,0.0,0.0
2025-03-13 00:00:00-04:00,165.46625097868807,165.5559515451144,161.54983818219623,162.1975860595703,31756200,0.0,0.0
2025-03-14 00:00:00-04:00,162.70582188820455,165.91469633780176,161.88864811378173,164.91815185546875,31995900,0.0,0.0
2025-03-17 00:00:00-04:00,164.4597537744784,165.72536967150563,163.10445251309577,163.72230529785156,31184300,0.0,0.0
2025-03-18 00:00:00-04:00,163.11440067725707,163.68243835584954,156.17845929337233,160.11480712890625,42074800,0.0,0.0
2025-03-19 00:00:00-04:00,161.20102488744715,165.29682318848322,160.44365657902026,163.32366943359375,34275600,0.0,0.0
2025-03-20 00:00:00-04:00,161.01169658179438,164.3202162999389,160.40380384962694,162.23744201660156,28138500,0.0,0.0
2025-03-21 00:00:00-04:00,160.65294731947398,163.67247597151626,160.33404577702316,163.42333984375,36625800,0.0,0.0
2025-03-24 00:00:00-04:00,166.492708348571,167.7383890591239,164.56936942432435,167.1005859375,30879100,0.0,0.0
2025-03-25 00:00:00-04:00,168.39609981984145,170.04040750974747,167.73839194994267,169.97064208984375,24174400,0.0,0.0
2025-03-26 00:00:00-04:00,168.41602720143118,169.0239199788623,164.27039826701778,164.48963928222656,28901600,0.0,0.0
2025-03-27 00:00:00-04:00,164.06113851285755,164.84840203770966,161.44022141043914,161.6793975830078,24508300,0.0,0.0
2025-03-28 00:00:00-04:00,159.9354404969839,161.26084657481337,153.0991442674789,153.79672241210938,48669300,0.0,0.0
2025-03-31 00:00:00-04:00,152.58093987828155,155.00253588696825,150.13940872047658,154.10565185546875,54603500,0.0,0.0
2025-04-01 00:00:00-04:00,153.0891615011919,157.55369181763876,153.0891615011919,156.52725219726562,30672900,0.0,0.0
2025-04-02 00:00:00-04:00,154.61387643325034,157.86262130532444,154.1654344397735,156.49734497070312,25041700,0.0,0.0
2025-04-03 00:00:00-04:00,150.5878246808448,152.2520520017812,149.87031149736717,150.1991729736328,46883400,0.0,0.0
2025-04-04 00:00:00-04:00,147.4985386204676,150.54797741159612,144.87763705619835,145.0968780517578,62259500,0.0,0.0
2025-04-07 00:00:00-04:00,141.06087632952463,152.3218321659185,140.04439668677543,146.24290466308594,76794100,0.0,0.0
2025-04-08 00:00:00-04:00,150.69745588802078,151.7139355045659,142.5357542501846,144.19998168945312,52200200,0.0,0.0
2025-04-09 00:00:00-04:00,143.9209744743003,158.99869967955883,143.4127421842368,158.16160583496094,70406200,0.0,0.0
2025-04-10 00:00:00-04:00,155.99906254121734,157.17499290712513,149.41190307502956,152.29193115234375,48022000,0.0,0.0
2025-04-11 00:00:00-04:00,152.37164602184413,157.1251674838408,152.29193584419684,156.5970001220703,33636200,0.0,0.0
2025-04-14 00:00:00-04:00,159.44710369836886,161.16116127961118,157.015532933999,158.52032470703125,30333000,0.0,0.0
2025-04-15 00:00:00-04:00,158.58012970667488,159.0983218935906,154.6736771269803,155.76986694335938,27551500,0.0,0.0
2025-04-16 00:00:00-04:00,152.5709851557027,155.35133791385522,150.98646767664792,152.80018615722656,28187400,0.0,0.0
2025-04-17 00:00:00-04:00,153.75686977593062,154.14552158730027,147.9868828523558,150.6376953125,33046600,0.0,0.0
2025-04-21 00:00:00-04:00,148.36555457655837,148.43530478654532,145.59516199807078,147.15972900390625,26049100,0.0,0.0
2025-04-22 00:00:00-04:00,148.37550764431742,151.66410748339032,148.02671099242252,150.94659423828125,26971800,0.0,0.0
2025-04-23 00:00:00-04:00,155.0722827287534,156.98564625118482,153.2784996745797,154.8131866455078,31128800,0.0,0.0
2025-04-24 00:00:00-04:00,155.6104249592094,159.03854063446718,155.2516683139833,158.7296142578125,45894000,0.0,0.0
2025-04-25 00:00:00-04:00,164.49961422965615,165.52605388757996,160.4835257508864,161.40036010742188,56034000,0.0,0.0
2025-04-28 00:00:00-04:00,161.86871096281394,162.58622419769722,158.05195902405725,160.0550079345703,29745800,0.0,0.0
2025-04-29 00:00:00-04:00,159.76603342291708,160.18458031932272,156.97570557414937,159.60658264160156,26809000,0.0,0.0
2025-04-30 00:00:00-04:00,157.43410788690483,158.71965890557001,154.86302105563792,158.25128173828125,34981100,0.0,0.0
2025-05-01 00:00:00-04:00,159.8955611021286,161.39037784388623,158.36088927125815,160.7426300048828,30203200,0.0,0.0
2025-05-02 00:00:00-04:00,162.84534306658284,164.39995007912242,161.3106559960053,163.46319580078125,25715000,0.0,0.0
2025-05-05 00:00:00-04:00,162.43673744969064,164.81847796110932,162.15770623374658,163.64256286621094,21341800,0.0,0.0
2025-05-06 00:00:00-04:00,161.6096198520829,164.23053675483612,160.63301049910467,162.66595458984375,21277200,0.0,0.0
2025-05-07 00:00:00-04:00,163.5130144970414,164.4298335624806,147.32912722252786,150.85690307617188,127490100,0.0,0.0
2025-05-08 00:00:00-04:00,154.46440047734652,155.39117958130052,152.37165090458322,153.74688720703125,57498700,0.0,0.0
2025-05-09 00:00:00-04:00,153.6372746936992,154.5142387821615,151.67408067225014,152.22218322753906,32435300,0.0,0.0
2025-05-12 00:00:00-04:00,156.94579570580373,158.55023292762746,155.7100750758197,157.91244506835938,44138800,0.0,0.0
2025-05-13 00:00:00-04:00,158.24131128306263,160.0151746711756,155.62040930962155,158.978759765625,42382100,0.0,0.0
2025-05-14 00:00:00-04:00,159.4072742222668,166.4229412214118,159.0584775444673,164.79856872558594,48755900,0.0,0.0
2025-05-15 00:00:00-04:00,165.26694125278715,165.6356730691148,161.80893051621783,163.39344787597656,33146700,0.0,0.0
2025-05-16 00:00:00-04:00,167.15039440077075,168.76480673115492,165.04768502743337,165.61572265625,42846900,0.0,0.0
2025-05-19 00:00:00-04:00,163.94153908750272,166.06418385324469,163.6525478575402,165.9645233154297,30426100,0.0,0.0
2025-05-20 00:00:00-04:00,165.8548915457752,167.91774593119885,162.337090725838,163.41336059570312,46607700,0.0,0.0
2025-05-21 00:00:00-04:00,163.1243721968136,172.54171471286378,162.9948165454298,167.9775390625,73416000,0.0,0.0
2025-05-22 00:00:00-04:00,171.25618084668935,176.15917803179707,170.12012070875053,170.27955627441406,74864400,0.0,0.0
2025-05-23 00:00:00-04:00,168.47580548761593,169.3727046333075,167.30985028367255,167.88784790039062,35211400,0.0,0.0
2025-05-27 00:00:00-04:00,169.57202886061165,172.5716225630013,169.4125780788469,172.30255126953125,37995700,0.0,0.0
2025-05-28 00:00:00-04:00,172.56165823831284,174.66436785084326,171.31597754856884,171.76441955566406,34784000,0.0,0.0
2025-05-29 00:00:00-04:00,173.39873303929133,173.81727988052086,170.04038313314817,171.26612854003906,29317300,0.0,0.0
2025-05-30 00:00:00-04:00,170.75790891590938,171.61493780799663,166.86141620850907,171.1465606689453,52639900,0.0,0.0
2025-06-02 00:00:00-04:00,167.2600172613062,169.2830012834345,166.81157529888503,168.44590759277344,38612300,0.0,0.0
2025-06-03 00:00:00-04:00,166.91124474262,167.89781407143477,164.70887469424017,165.6057586669922,45084900,0.0,0.0
2025-06-04 00:00:00-04:00,166.1638436483944,167.63872532387313,165.78515185366567,167.4693145751953,26900800,0.0,0.0
2025-06-05 00:00:00-04:00,169.7513830642687,170.339340657981,167.0108857444217,167.62875366210938,36379100,0.0,0.0
2025-06-06 00:00:00-04:00,170.23969140570108,173.89700773798458,170.23969140570108,173.079833984375,35731800,0.0,0.0
2025-06-09 00:00:00-04:00,174.14743750903665,176.07310468622353,173.97782168090652,175.69395446777344,28935900,0.21,0.0
2025-06-10 00:00:00-04:00,175.80372221831115,180.70268325607967,174.5166301339373,178.19833374023438,61766100,0.0,0.0
2025-06-11 00:00:00-04:00,179.3656814209572,179.96432281914957,176.3524694759701,176.9511260986328,31646800,0.0,0.0
2025-06-12 00:00:00-04:00,175.78375628436552,176.32255032681226,174.3569797237004,175.30484008789062,20941900,0.0,0.0
2025-06-13 00:00:00-04:00,172.05218023736916,176.73163473712606,172.00228964381978,174.27716064453125,27663100,0.0,0.0
2025-06-16 00:00:00-04:00,174.33701609632743,176.5420523549515,174.25719419482596,176.3724365234375,27389200,0.0,0.0
2025-06-17 00:00:00-04:00,175.30483777675101,176.96110799729416,174.1873615915514,175.5542755126953,24973000,0.0,0.0
2025-06-18 00:00:00-04:00,175.6141436330853,176.16290971424257,172.81046582918458,172.93020629882812,28707500,0.0,0.0
2025-06-20 00:00:00-04:00,173.55878574385125,173.94790803011588,165.08788938336605,166.26522827148438,75659900,0.0,0.0
2025-06-23 00:00:00-04:00,165.8960542954959,166.9636398925432,161.63565348702906,164.8184814453125,57671000,0.0,0.0
2025-06-24 00:00:00-04:00,166.5445998017471,167.84167918331357,165.75638318822968,166.3949432373047,40524300,0.0,0.0
2025-06-25 00:00:00-04:00,167.25299905707695,171.97235685648238,167.17317715297744,170.29612731933594,35479000,0.0,0.0
2025-06-26 00:00:00-04:00,172.04218458564608,173.29936049404486,169.55779452756443,173.14968872070312,31796700,0.0,0.0
2025-06-27 00:00:00-04:00,173.14969619543672,178.27813555923768,171.3437693802371,178.12847900390625,108140200,0.0,0.0
2025-06-30 00:00:00-04:00,180.3734186271616,180.82240351749414,174.1873656755976,175.83364868164062,63378900,0.0,0.0
2025-07-01 00:00:00-04:00,175.3447530851258,175.6939567742825,173.139716841545,175.44451904296875,35904500,0.0,0.0
2025-07-02 00:00:00-04:00,175.14518633422566,178.4577266308603,174.67625741761273,178.23822021484375,29128900,0.0,0.0
2025-07-03 00:00:00-04:00,178.09853847776557,179.265905222364,176.65180269468908,179.126220703125,21689700,0.0,0.0
2025-07-07 00:00:00-04:00,178.65727862884938,178.89674433224096,175.28487562232132,176.3923797607422,34175600,0.0,0.0
2025-07-08 00:00:00-04:00,177.4500058972594,177.54977185383785,172.42133277200756,173.9678497314453,40442500,0.0,0.0
2025-07-09 00:00:00-04:00,174.85586430994886,179.03644347316074,172.3814460707259,176.2227783203125,43025600,0.0,0.0
2025-07-10 00:00:00-04:00,175.2350053597822,178.02869585837095,173.98781666417247,177.22052001953125,29252400,0.0,0.0
2025-07-11 00:00:00-04:00,176.39238193299045,181.0219456842772,176.08308157759498,179.7847442626953,34282900,0.0,0.0
2025-07-14 00:00:00-04:00,180.60287583344362,183.25689674766613,179.27586537633238,181.15164184570312,32536600,0.0,0.0
2025-07-15 00:00:00-04:00,182.39885886185957,183.8056914333515,181.19158867102598,181.59068298339844,33448300,0.0,0.0
2025-07-16 00:00:00-04:00,182.82788394956327,183.91542879782378,181.62059863833602,182.55848693847656,33104200,0.0,0.0
2025-07-17 00:00:00-04:00,181.73035050857078,183.64603043273615,180.07408034072432,183.1671142578125,31992600,0.0,0.0
2025-07-18 00:00:00-04:00,184.98301522964096,186.00072543502688,183.2968289565469,184.64378356933594,34014500,0.0,0.0
2025-07-21 00:00:00-04:00,185.83110772544197,189.86201471908177,185.73132654425748,189.67245483398438,45803100,0.0,0.0
2025-07-22 00:00:00-04:00,191.0693117786785,191.21896833519165,187.03840453704987,190.90966796875,44660200,0.0,0.0
2025-07-23 00:00:00-04:00,191.06931784155387,192.09700016081177,188.75452819755446,189.8021697998047,58681900,0.0,0.0
2025-07-24 00:00:00-04:00,196.58687870624138,197.50480780114538,190.57044138213487,191.73780822753906,74881700,0.0,0.0
2025-07-25 00:00:00-04:00,191.54821586623893,193.8929365997576,190.82983399147875,192.74551391601562,39785900,0.0,0.0
2025-07-28 00:00:00-04:00,193.2144667106556,193.61357622809174,190.41078895772904,192.14688110351562,38139500,0.0,0.0
2025-07-29 00:00:00-04:00,191.9971978721824,195.47935398479527,191.64799419278697,195.3097381591797,41389200,0.0,0.0
2025-07-30 00:00:00-04:00,195.1600963397073,197.155598285003,194.2521393007246,196.08799743652344,32445400,0.0,0.0
2025-07-31 00:00:00-04:00,195.26984291287636,195.54921195775628,190.66022322341527,191.46839904785156,51329200,0.0,0.0
2025-08-01 00:00:00-04:00,188.60486968944682,190.40082452841267,187.39759950913643,188.70465087890625,34832200,0.0,0.0
2025-08-04 00:00:00-04:00,189.86201672672937,194.830827292421,189.69240089649873,194.60133361816406,31547400,0.0,0.0
2025-08-05 00:00:00-04:00,194.2720962985156,197.4150057356091,193.45393320281906,194.232177734375,31602300,0.0,0.0
2025-08-06 00:00:00-04:00,194.06255127051267,196.18776557270928,193.23441619136784,195.6489715576172,21562900,0.0,0.0
2025-08-07 00:00:00-04:00,196.6167969951023,197.09571318148866,193.8929412029117,196.07801818847656,26321800,0.0,0.0
2025-08-08 00:00:00-04:00,196.7764442791972,202.15432130991044,196.72655368662487,200.9669952392578,39161800,0.0,0.0
2025-08-11 00:00:00-04:00,200.48808049350347,201.02685931355308,198.62229106869012,200.54794311523438,25832400,0.0,0.0
2025-08-12 00:00:00-04:00,200.91710457512625,204.04006993048975,200.1388600495838,202.88267517089844,30397900,0.0,0.0
2025-08-13 00:00:00-04:00,203.67091617948037,204.0700104890599,197.06579421729333,201.50579833984375,28342900,0.0,0.0
2025-08-14 00:00:00-04:00,201.0468177297292,203.98020797768137,200.77742070862897,202.48358154296875,25230400,0.0,0.0
2025-08-15 00:00:00-04:00,203.39153088363753,205.97570210941166,200.82730371462006,203.44140625,34931400,0.0,0.0
2025-08-18 00:00:00-04:00,203.74075053383524,204.80835140832636,202.03460485474218,203.04232788085938,18526600,0.0,0.0
2025-08-19 00:00:00-04:00,202.57339194917532,202.98247352847122,199.5103041804206,201.11668395996094,24240200,0.0,0.0
2025-08-20 00:00:00-04:00,200.27853657760338,200.82730262485018,196.15783565803162,198.87171936035156,28955500,0.0,0.0
2025-08-21 00:00:00-04:00,199.3007354736328,202.02459107482636,198.98144788878304,199.3007354736328,19774600,0.0,0.0
2025-08-22 00:00:00-04:00,202.27403645691825,208.07096677186306,200.84725997228378,205.62648010253906,42827000,0.0,0.0
2025-08-25 00:00:00-04:00,205.96572314134983,210.04653613391585,204.81831562838462,208.02110290527344,29928900,0.0,0.0
2025-08-26 00:00:00-04:00,207.04328099820484,207.38252787024734,205.23735432936843,206.6741180419922,28464100,0.0,0.0
2025-08-27 00:00:00-04:00,205.23735606521282,208.44014313706415,205.18746547556665,207.0133514404297,23022900,0.0,0.0
2025-08-28 00:00:00-04:00,206.78389053195886,211.742714118765,206.43467159929352,211.1640167236328,32339300,0.0,0.0
2025-08-29 00:00:00-04:00,210.0365409975429,214.167229203444,209.72724064780297,212.43115234375,39728400,0.0,0.0
2025-09-02 00:00:00-04:00,207.97120545801465,211.20390871469678,205.73623790289355,210.87466430664062,47523000,0.0,0.0
2025-09-03 00:00:00-04:00,225.7012467158241,230.78976737242826,224.28442698424496,230.1412353515625,103336100,0.0,0.0
2025-09-04 00:00:00-04:00,229.13349303754427,231.84737676203946,225.60146147412655,231.7775421142578,51684200,0.0,0.0
2025-09-05 00:00:00-04:00,231.677775522156,235.22976659054154,231.37844718195538,234.4714813232422,46588900,0.0,0.0
2025-09-08 00:00:00-04:00,235.15054099905157,237.8069358559837,233.3529799966882,233.72247314453125,32474700,0.21,0.0
2025-09-09 00:00:00-04:00,233.85231685973005,240.14377315813266,232.91358965088386,239.30491638183594,38061000,0.0,0.0
2025-09-10 00:00:00-04:00,238.5758820575914,241.33214736167037,237.5273187664355,238.84552001953125,35141100,0.0,0.0
2025-09-11 00:00:00-04:00,239.55457404217233,241.9213539288796,235.92949376965038,240.0438995361328,30599300,0.0,0.0
2025-09-12 00:00:00-04:00,240.04388783032,241.75157459718335,237.67710805902945,240.4733123779297,26771600,0.0,0.0
2025-09-15 00:00:00-04:00,244.32807821701437,252.06756394348793,244.32807821701437,251.26864624023438,58383800,0.0,0.0
2025-09-16 00:00:00-04:00,251.73800966841424,252.696698721273,249.13154999644232,250.8192596435547,34109700,0.0,0.0
2025-09-17 00:00:00-04:00,250.87917693990602,251.25866627901078,245.94587648389523,249.19146728515625,34108000,0.0,0.0
2025-09-18 00:00:00-04:00,251.338548569648,253.64542748570952,249.46110945180462,251.68807983398438,31239500,0.0,0.0
2025-09-19 00:00:00-04:00,252.90642848071656,255.65269769422878,251.4683796180924,254.3744354248047,55571400,0.0,0.0
2025-09-22 00:00:00-04:00,254.0848093772248,255.4329839373953,249.96042287972912,252.18739318847656,32290500,0.0,0.0
2025-09-23 00:00:00-04:00,252.69670571321294,254.01492224497756,250.1401811840686,251.31858825683594,26628000,0.0,0.0
2025-09-24 00:00:00-04:00,251.31857470864836,252.00764101873446,246.10565550148698,246.80470275878906,28201000,0.0,0.0
2025-09-25 00:00:00-04:00,244.06842931794486,246.1556055061487,240.41340622781078,245.45654296875,31020400,0.0,0.0
2025-09-26 00:00:00-04:00,246.73481561544992,249.08161830530747,245.63630185383965,246.2055206298828,18503200,0.0,0.0
2025-09-29 00:00:00-04:00,247.51375020937843,250.80926093832198,242.4406403715287,243.71890258789062,32505800,0.0,0.0
2025-09-30 00:00:00-04:00,242.48058753408858,242.9599320717839,238.92541967317948,242.77020263671875,34724300,0.0,0.0
2025-10-01 00:00:00-04:00,240.42338523813993,245.96585884887978,238.2862890899911,244.5677490234375,31658200,0.0,0.0
2025-10-02 00:00:00-04:00,244.81739828037135,246.47514981131818,241.97127402542458,245.35667419433594,25483300,0.0,0.0
2025-10-03 00:00:00-04:00,244.15831699237452,245.96585900937905,241.3321544964398,245.01715087890625,30249600,0.0,0.0
2025-10-06 00:00:00-04:00,244.44791178946252,250.97904766602093,244.24818617214953,250.09024047851562,28894700,0.0,0.0
2025-10-07 00:00:00-04:00,247.93317917084852,250.1002333278666,245.18691006468788,245.42657470703125,23181300,0.0,0.0
2025-10-08 00:00:00-04:00,244.62768203424937,245.67624536262252,243.48922922331397,244.2881317138672,21307100,0.0,0.0
2025-10-09 00:00:00-04:00,244.13833003954065,244.42792989328805,238.82554034163272,241.2023162841797,27892100,0.0,0.0
2025-10-10 00:00:00-04:00,241.10246136059908,243.75885638035138,235.5200485827795,236.2490692138672,33180300,0.0,0.0
2025-10-13 00:00:00-04:00,239.88411429337978,244.16828735447277,239.38479264234815,243.81875610351562,24995000,0.0,0.0
2025-10-14 00:00:00-04:00,240.9027132904423,246.78472157869837,240.1836889124138,245.1169891357422,22111600,0.0,0.0
2025-10-15 00:00:00-04:00,246.91455220927548,251.7679591837619,245.65626715592245,250.68942260742188,27007700,0.0,0.0
2025-10-16 00:00:00-04:00,251.42842769264908,256.6113736152233,249.76069521164578,251.1188507080078,27997200,0.0,0.0
2025-10-17 00:00:00-04:00,250.4197821526697,253.87509458891947,247.4737875390444,252.9563446044922,29671600,0.0,0.0
2025-10-20 00:00:00-04:00,254.3444728441902,256.98087539491434,253.88509020638818,256.2019348144531,22350200,0.0,0.0
2025-10-21 00:00:00-04:00,254.39440086428343,254.53421031738455,243.81875668908756,250.12020874023438,47312100,0.0,0.0
2025-10-22 00:00:00-04:00,254.02489806023604,256.01218852739623,248.95178813355238,251.34854125976562,35029400,0.0,0.0
2025-10-23 00:00:00-04:00,252.63679338694976,254.69399627404513,251.50833675008087,252.73666381835938,19901400,0.0,0.0
2025-10-24 00:00:00-04:00,256.23188733462473,261.32497431611404,254.9736174865258,259.5673828125,28655100,0.0,0.0
2025-10-27 00:00:00-04:00,264.4607188078389,269.7735083332291,263.92144290721717,268.9046630859375,35235200,0.0,0.0
2025-10-28 00:00:00-04:00,269.3241367489819,270.3627344019799,266.1384619149823,267.1071472167969,29738600,0.0,0.0
2025-10-29 00:00:00-04:00,267.38675485794886,274.96645416764926,267.3068768000952,274.197509765625,43580300,0.0,0.0
2025-10-30 00:00:00-04:00,291.1944142933695,291.1944142933695,279.6800575475708,281.09814453125,74876000,0.0,0.0
2025-10-31 00:00:00-04:00,282.82575062167336,285.6119738650845,276.6541425566326,280.8085021972656,39267900,0.0,0.0
2025-11-03 00:00:00-05:00,281.797163766903,285.14262497278366,279.42038779718166,283.3350830078125,29786000,0.0,0.0
2025-11-04 00:00:00-05:00,276.374515458966,280.88837191256465,275.8851900258856,277.1634521484375,30078400,0.0,0.0
2025-11-05 00:00:00-05:00,278.49163374098424,286.0314084420774,276.96371081227676,283.92425537109375,31010300,0.0,0.0
2025-11-06 00:00:00-05:00,284.9428776795432,287.9587999323025,280.7585903155872,284.3636779785156,37173600,0.0,0.0
2025-11-07 00:00:00-05:00,282.8257840870045,283.3950181298404,274.8166751233446,278.45172119140625,34479600,0.0,0.0
2025-11-10 00:00:00-05:00,284.03413439651047,290.40545290698407,282.47622284552773,289.7064208984375,29557300,0.0,0.0
2025-11-11 00:00:00-05:00,287.35962699643375,291.52398321941854,286.9302176656824,290.914794921875,19842100,0.0,0.0
2025-11-12 00:00:00-05:00,291.2842728658537,291.613842224268,283.30512258449664,286.3210144042969,24829900,0.0,0.0
2025-11-13 00:00:00-05:00,281.9569519907634,282.45627365196606,276.8638649512614,278.19207763671875,29494000,0.0,0.0
2025-11-14 00:00:00-05:00,271.04178706348836,278.1820807042813,270.3327588398133,276.0350036621094,31647200,0.0,0.0
2025-11-17 00:00:00-05:00,285.392279437324,293.55120856159544,283.1852862901624,284.63330078125,52670200,0.0,0.0
2025-11-18 00:00:00-05:00,287.52939388700526,288.4081743957296,277.8225797399186,283.8943176269531,49158700,0.0,0.0
2025-11-19 00:00:00-05:00,286.77042153983126,303.39782684502376,286.2411417953812,292.4127502441406,68198900,0.0,0.0
2025-11-20 00:00:00-05:00,304.1268355762142,306.0042898345543,288.2783714658303,289.05731201171875,62025200,0.0,0.0
2025-11-21 00:00:00-05:00,296.0178842040454,303.50770955644725,293.4513634023398,299.25347900390625,74137700,0.0,0.0
2025-11-24 00:00:00-05:00,310.70789188393536,319.0465694557707,309.17996886834777,318.14776611328125,85165100,0.0,0.0
2025-11-25 00:00:00-05:00,325.767421144808,328.3838617048627,317.2190369667809,323.0011901855469,88632100,0.0,0.0
2025-11-26 00:00:00-05:00,320.2449508538883,324.0597758686898,316.36024396458464,319.5159606933594,51373400,0.0,0.0
2025-11-28 00:00:00-05:00,322.9313108653273,326.40660086319315,316.36025071335513,319.7456359863281,26018600,0.0,0.0
2025-12-01 00:00:00-05:00,317.2690150587685,319.41609223758667,313.464186206563,314.46282958984375,41183000,0.0,0.0
2025-12-02 00:00:00-05:00,316.3102616947243,317.948051296999,313.4841146313127,315.38153076171875,35854700,0.0,0.0
2025-12-03 00:00:00-05:00,315.4614340573081,321.1436861691208,313.6738540884245,319.19635009765625,41838300,0.0,0.0
2025-12-04 00:00:00-05:00,321.7928484740126,321.92264650582644,314.27306548179905,317.1890869140625,31240900,0.0,0.0
2025-12-05 00:00:00-05:00,319.05652267664885,322.72155681925386,318.73697999805336,320.8341064453125,28851700,0.0,0.0
2025-12-08 00:00:00-05:00,319.82486263347363,320.21460294317257,311.0010871288888,313.49932861328125,33909400,0.21,0.0
2025-12-09 00:00:00-05:00,312.15025542764414,317.7662971049956,311.6805848338384,316.85693359375,30194000,0.0,0.0
2025-12-10 00:00:00-05:00,315.6078174223929,321.0839735202244,314.45863248382005,319.9847412109375,33428900,0.0,0.0
2025-12-11 00:00:00-05:00,319.85481737290655,320.8940942947929,308.3829128168011,312.210205078125,42353700,0.0,0.0
2025-12-12 00:00:00-05:00,313.47935032153816,314.6485102459599,305.34506149685063,309.07244873046875,35940200,0.0,0.0
2025-12-15 00:00:00-05:00,311.1009991314403,311.2009348824072,304.66552711937686,308.003173828125,29151900,0.0,0.0
2025-12-16 00:00:00-05:00,304.7354841263937,310.5513666605185,302.37712849550337,306.3543395996094,30585000,0.0,0.0
2025-12-17 00:00:00-05:00,307.7933270972379,307.87325739956634,295.9116769824828,296.5112609863281,43930400,0.0,0.0
2025-12-18 00:00:00-05:00,301.50775321966603,303.7461677101471,299.0195145942255,302.2472229003906,33518000,0.0,0.0
2025-12-19 00:00:00-05:00,301.5177661333593,307.03387224107576,300.7582909786616,306.9439392089844,59943200,0.0,0.0
2025-12-22 00:00:00-05:00,309.66200850448513,309.9118326328777,305.0852133945127,309.56207275390625,26429900,0.0,0.0
2025-12-23 00:00:00-05:00,309.41219480947996,314.7184570357758,309.1024153195162,314.1288757324219,25478700,0.0,0.0
2025-12-24 00:00:00-05:00,314.5485634057752,314.8583428959372,311.70059264113144,313.8690490722656,10097400,0.0,0.0
2025-12-26 00:00:00-05:00,314.25877806497726,314.86833429915043,312.0603135401851,313.2894592285156,10899000,0.0,0.0
2025-12-29 00:00:00-05:00,311.15095467052413,313.79908436732376,310.4014822754237,313.33941650390625,19621800,0.0,0.0
2025-12-30 00:00:00-05:00,312.28018544302313,316.72706748217655,312.24020504037514,313.6292419433594,17380900,0.0,0.0
2025-12-31 00:00:00-05:00,312.62992729269524,314.3586907819443,311.22091551782626,312.7798156738281,16377700,0.0,0.0
2026-01-02 00:00:00-05:00,316.67708324131615,322.2731502440002,310.11169732658084,314.9283142089844,32009400,0.0,0.0
2026-01-05 00:00:00-05:00,317.4365596004392,318.79558832967825,314.4086921415047,316.3173522949219,30195600,0.0,0.0
2026-01-06 00:00:00-05:00,316.17741436833177,320.71422913013345,311.5606693028291,314.1188659667969,31212100,0.0,0.0
2026-01-07 00:00:00-05:00,314.13884430323384,325.9205589972494,313.96898096999803,321.7535095214844,35104400,0.0,0.0
2026-01-08 00:00:00-05:00,328.7385750407063,330.0876314322289,321.2738288701313,325.2110595703125,31896100,0.0,0.0
2026-01-09 00:00:00-05:00,326.8598973489763,330.5972566011106,325.5707962902668,328.3388671875,26214200,0.0,0.0
2026-01-12 00:00:00-05:00,325.57079145505844,333.80501545240315,324.77136644379436,331.62652587890625,33923900,0.0,0.0
2026-01-13 00:00:00-05:00,334.7144015630273,340.25048265726696,333.38532003422745,335.7336730957031,33517600,0.0,0.0
2026-01-14 00:00:00-05:00,334.8243096530742,336.2832741209541,330.2475447349911,335.603759765625,28525600,0.0,0.0
2026-01-15 00:00:00-05:00,337.4124676651339,337.4524480652932,330.507324974913,332.5458984375,28442400,0.0,0.0
2026-01-16 00:00:00-05:00,334.1747541117482,334.4145755186536,327.46948297740045,329.7678527832031,40341600,0.0,0.0
2026-01-20 00:00:00-05:00,320.6442885211675,327.49947891315526,320.20459558658575,321.77349853515625,35361000,0.0,0.0
2026-01-21 00:00:00-05:00,320.6942733516965,332.24613943011235,319.12537039479025,328.1490173339844,35386600,0.0,0.0
2026-01-22 00:00:00-05:00,334.2147483456718,334.9142376434696,328.5187457270175,330.3074951171875,26253600,0.0,0.0
2026-01-23 00:00:00-05:00,332.25610013077164,333.45526818914374,327.21966747627397,327.6993103027344,27280000,0.0,0.0
2026-01-26 00:00:00-05:00,327.5793954045391,335.60374537803585,326.7699676491338,333.02557373046875,26042100,0.0,0.0
2026-01-27 00:00:00-05:00,335.1340666902067,337.6722883721735,333.2454121385867,334.31463623046875,21636200,0.0,0.0
2026-01-28 00:00:00-05:00,335.82360375323316,337.30257365930305,331.7065067534381,335.7736511230469,27434400,0.0,0.0
2026-01-29 00:00:00-05:00,340.06060015063264,342.0492210013424,326.3103005061971,338.0120544433594,39785600,0.0,0.0
2026-01-30 00:00:00-05:00,339.76083067041884,339.76083067041884,332.0562627255977,337.7622375488281,31024000,0.0,0.0
2026-02-02 00:00:00-05:00,335.983495554882,344.5874244246442,335.3939142353609,343.4482421875,32006100,0.0,0.0
2026-02-03 00:00:00-05:00,347.09564553860224,348.7544814019383,337.2325938809106,339.47100830078125,36506700,0.0,0.0
2026-02-04 00:00:00-05:00,342.7187296036167,343.0684894885568,328.2888852617291,332.80572509765625,70618400,0.0,0.0
2026-02-05 00:00:00-05:00,312.0003564748562,332.45595718246585,306.24439883874277,331.0169677734375,88205800,0.0,0.0
2026-02-06 00:00:00-05:00,326.94984200428365,330.147603202773,319.694969697787,322.63287353515625,56380500,0.0,0.0
2026-02-09 00:00:00-05:00,320.70422803551696,327.4694850607409,317.03682684844796,324.09185791015625,39640100,0.0,0.0
2026-02-10 00:00:00-05:00,320.7441987510988,321.4437184993816,314.38865715458337,318.3558654785156,39170000,0.0,0.0
2026-02-11 00:00:00-05:00,318.7456164455411,320.8341425405983,309.44216816023624,310.7412414550781,45406400,0.0,0.0
2026-02-12 00:00:00-05:00,311.87044586439265,316.0175203045161,306.9839017615506,308.7826232910156,47761300,0.0,0.0
2026-02-13 00:00:00-05:00,307.5135396808651,308.41290048065196,303.4963480144474,305.50494384765625,38499700,0.0,0.0
2026-02-17 00:00:00-05:00,299.82893803190484,304.22583664461854,296.04159566157676,301.8075256347656,39247600,0.0,0.0
2026-02-18 00:00:00-05:00,301.87748970860525,305.1651838815364,301.0380842700908,303.1166076660156,28482100,0.0,0.0
2026-02-19 00:00:00-05:00,301.6076886754516,305.25511494304027,299.828942056139,302.636962890625,25834400,0.0,0.0
2026-02-20 00:00:00-05:00,304.1059184917761,316.2773425544253,303.68620054308417,314.7584228515625,53210800,0.0,0.0
2026-02-23 00:00:00-05:00,318.82555353627805,319.29522413676915,309.65201848441603,311.2708740234375,31423000,0.0,0.0
2026-02-24 00:00:00-05:00,310.3015673465962,312.05033638585,305.71479964031533,310.6813049316406,25615600,0.0,0.0
2026-02-25 00:00:00-05:00,311.84046520002283,313.4193707572093,309.22231323387047,312.67987060546875,29963600,0.0,0.0
2026-02-26 00:00:00-05:00,312.42009761480955,312.9197459051382,302.1373272609355,307.1637878417969,36431200,0.0,0.0
2026-02-27 00:00:00-05:00,303.92607541564644,312.1502667227519,303.5862877430576,311.54071044921875,44640600,0.0,0.0
2026-03-02 00:00:00-05:00,303.0166882830762,308.27296712894787,301.088022863519,306.3043518066406,34790200,0.0,0.0
2026-03-03 00:00:00-05:00,298.37994467731505,303.72618716624237,296.5012623376298,303.3664245605469,35497000,0.0,0.0
2026-03-04 00:00:00-05:00,302.6769571429086,305.2551289128473,300.5384478137644,302.9167785644531,29536200,0.0,0.0
2026-03-05 00:00:00-05:00,302.82681905445145,303.08661540637286,297.78035344585857,300.6683349609375,35752300,0.0,0.0
2026-03-06 00:00:00-05:00,295.88171424137005,300.31859339921897,294.97235071392555,298.30999755859375,25576900,0.0,0.0
2026-03-09 00:00:00-04:00,294.3599853515625,306.79998779296875,294.0799865722656,306.3599853515625,29312100,0.21,0.0
2026-03-10 00:00:00-04:00,306.1700134277344,309.510009765625,305.57000732421875,307.0400085449219,23208800,0.0,0.0
