Date,Open,High,Low,Close,Volume,Dividends,Stock Splits,Capital Gains
2020-01-02 00:00:00-05:00,206.8818912828187,208.58018493652344,206.47662067647403,208.58018493652344,30969400,0.0,0.0,0.0
2020-01-03 00:00:00-05:00,205.82048454628458,207.9143901637566,205.8011817380708,206.66961669921875,27518900,0.0,0.0,0.0
2020-01-06 00:00:00-05:00,205.0485393510555,208.0301828131006,204.79766173286254,208.00123596191406,21655300,0.0,0.0,0.0
2020-01-07 00:00:00-05:00,208.0784486683733,208.56091585733947,207.31615698824805,207.97230529785156,22139300,0.0,0.0,0.0
2020-01-08 00:00:00-05:00,207.94335612700655,210.49078226740906,207.61528197586097,209.53549194335938,26397300,0.0,0.0,0.0
2020-01-09 00:00:00-05:00,211.26270920456716,211.71622948458895,210.07584418761127,211.3109588623047,23547000,0.0,0.0,0.0
2020-01-10 00:00:00-05:00,212.14083443345314,212.1601225204312,210.3942907957239,210.77061462402344,21898500,0.0,0.0,0.0
2020-01-13 00:00:00-05:00,211.63908136109868,213.23121736432708,211.30134840345303,213.2022705078125,22756900,0.0,0.0,0.0
2020-01-14 00:00:00-05:00,213.096091976007,213.4531276870135,212.03467305684538,212.3627471923828,24418100,0.0,0.0,0.0
2020-01-15 00:00:00-05:00,212.47854707316574,213.4434814510854,211.75484628972598,212.44960021972656,25742100,0.0,0.0,0.0
2020-01-16 00:00:00-05:00,213.5110173575912,214.52420132053507,213.05749705726132,214.485595703125,18805000,0.0,0.0,0.0
2020-01-17 00:00:00-05:00,215.45054352083037,215.7207239647326,214.33121612538972,215.5470428466797,24325200,0.0,0.0,0.0
2020-01-21 00:00:00-05:00,214.9488067130603,215.9909377534523,214.85232209604553,215.45057678222656,21146300,0.0,0.0,0.0
2020-01-22 00:00:00-05:00,216.54090919161342,217.25495114843167,215.74965600043456,216.01983642578125,20736400,0.0,0.0,0.0
2020-01-23 00:00:00-05:00,215.89444465774338,216.81112946391033,214.89090455882229,216.71463012695312,26496100,0.0,0.0,0.0
2020-01-24 00:00:00-05:00,217.72780930476202,217.9593988739389,213.89701834988233,214.89089965820312,37436500,0.0,0.0,0.0
2020-01-27 00:00:00-05:00,210.03729523144546,211.59084039781587,209.56447201603453,210.4522247314453,42264400,0.0,0.0,0.0
2020-01-28 00:00:00-05:00,211.93817883387928,214.1768335804762,211.37851514723005,213.68470764160156,26731900,0.0,0.0,0.0
2020-01-29 00:00:00-05:00,214.87157741970216,215.11281101105197,213.0864576779516,214.03208923339844,28924500,0.0,0.0,0.0
2020-01-30 00:00:00-05:00,212.6522777460246,214.8909182131063,211.98647056041634,214.79443359375,39568100,0.0,0.0,0.0
2020-01-31 00:00:00-05:00,215.69173601362104,215.72068286111428,210.63547561137676,211.3881378173828,52015800,0.0,0.0,0.0
2020-02-03 00:00:00-05:00,212.42063417336837,215.07420347288854,212.2758999192497,214.58209228515625,25408600,0.0,0.0,0.0
2020-02-04 00:00:00-05:00,217.51550342739253,219.8699456406729,216.77249984152587,219.49362182617188,30691200,0.0,0.0,0.0
2020-02-05 00:00:00-05:00,222.13758648144568,222.1761773845251,218.89540584467008,220.2173614501953,38534800,0.0,0.0,0.0
2020-02-06 00:00:00-05:00,220.7673689303213,222.17617984994033,219.98577430163016,222.1182861328125,22467100,0.0,0.0,0.0
2020-02-07 00:00:00-05:00,221.124372969222,222.35948783634657,220.52610362277716,221.1629638671875,25884900,0.0,0.0,0.0
2020-02-10 00:00:00-05:00,220.4296285105335,223.84548999123973,220.3717347992263,223.83584594726562,21478900,0.0,0.0,0.0
2020-02-11 00:00:00-05:00,225.07092875721793,225.8139323016973,223.28579438669365,223.87440490722656,30198000,0.0,0.0,0.0
2020-02-12 00:00:00-05:00,225.19638479306101,226.16131914939604,224.63672109953913,226.05517578125,24471300,0.0,0.0,0.0
2020-02-13 00:00:00-05:00,224.4823519554018,226.6920453880955,224.2121714847772,225.76571655273438,22773200,0.0,0.0,0.0
2020-02-14 00:00:00-05:00,226.12273291006633,226.6245029410099,225.36044118166936,226.41221618652344,23438500,0.0,0.0,0.0
2020-02-18 00:00:00-05:00,225.31221909003062,226.92365803359104,225.07098545074794,226.49908447265625,24394500,0.0,0.0,0.0
2020-02-19 00:00:00-05:00,227.84993494020262,229.14294333428626,227.57975452125166,228.6701202392578,22230500,0.0,0.0,0.0
2020-02-20 00:00:00-05:00,228.16838436217873,228.64119277356423,223.74898324361197,226.5472869873047,42604000,0.0,0.0,0.0
2020-02-21 00:00:00-05:00,225.4183117318674,225.80427957833365,221.27874989215798,222.1954345703125,66017200,0.0,0.0,0.0
2020-02-24 00:00:00-05:00,213.9066555585697,216.38654409000196,212.53645044645282,213.6268310546875,84522600,0.0,0.0,0.0
2020-02-25 00:00:00-05:00,215.42160464835848,216.1356614043988,207.21001821068182,207.8179168701172,97743000,0.0,0.0,0.0
2020-02-26 00:00:00-05:00,209.11095309502306,212.555761457423,207.36440935624285,208.88900756835938,79537700,0.0,0.0,0.0
2020-02-27 00:00:00-05:00,203.50464161533938,208.83108316911995,198.29400219176284,198.42909240722656,121822600,0.0,0.0,0.0
2020-02-28 00:00:00-05:00,191.67454774978916,199.90543610737936,191.22102745328831,198.58348083496094,148173700,0.0,0.0,0.0
2020-03-02 00:00:00-05:00,201.55553104217148,208.97587999640865,198.71862114418786,208.8311309814453,112933900,0.0,0.0,0.0
2020-03-03 00:00:00-05:00,209.49686742439872,211.90920295518322,200.3396364489988,202.13441467285156,131953500,0.0,0.0,0.0
2020-03-04 00:00:00-05:00,205.83982033147532,210.67413654065027,203.95818640798947,210.5679931640625,73086200,0.0,0.0,0.0
2020-03-05 00:00:00-05:00,205.23190494704355,208.77321251542494,202.73272832317946,204.17047119140625,78705500,0.0,0.0,0.0
2020-03-06 00:00:00-05:00,197.4931260339803,201.8160281142365,195.79484675481234,200.7256622314453,89828400,0.0,0.0,0.0
2020-03-09 00:00:00-04:00,186.69549335154022,194.10619679349955,185.373538007626,186.7823486328125,116424000,0.0,0.0,0.0
2020-03-10 00:00:00-04:00,194.05798569019325,197.13612922481283,186.88851441045097,196.95278930664062,100599200,0.0,0.0,0.0
2020-03-11 00:00:00-04:00,192.35968027981679,193.71058256261676,185.97180448155532,188.37449645996094,89168800,0.0,0.0,0.0
2020-03-12 00:00:00-04:00,175.7048679455198,184.09014864254513,170.73546262012835,171.10214233398438,137820700,0.0,0.0,0.0
2020-03-13 00:00:00-04:00,180.51028068555135,187.66043321770908,171.88376501310108,185.59547424316406,134882000,0.0,0.0,0.0
2020-03-16 00:00:00-04:00,168.04329511918402,178.20405167669404,163.22828259558122,163.36337280273438,92054400,0.0,0.0,0.0
2020-03-17 00:00:00-04:00,169.31701821196467,177.92423016794092,163.82653983790948,175.7531280517578,121257100,0.0,0.0,0.0
2020-03-18 00:00:00-04:00,165.5923968572682,172.93554840246654,160.95106464019284,170.4074249267578,114156300,0.0,0.0,0.0
2020-03-19 00:00:00-04:00,169.52931500602483,177.0558057342062,165.61168397711026,171.43023681640625,120896500,0.0,0.0,0.0
2020-03-20 00:00:00-04:00,175.36719439645333,176.45756032620207,164.135357849514,164.7143096923828,118983900,0.0,0.0,0.0
2020-03-23 00:00:00-04:00,165.27802884131347,168.45943612542942,159.4857499315032,164.83322143554688,124639800,0.363,0.0,0.0
2020-03-24 00:00:00-04:00,173.97133362058105,177.76193611827463,172.0760249941793,177.59754943847656,94881800,0.0,0.0,0.0
2020-03-25 00:00:00-04:00,178.33244069107238,183.2544202977152,174.03899919930456,176.2824249267578,88754900,0.0,0.0,0.0
2020-03-26 00:00:00-04:00,177.8006012256512,186.35847607115215,177.54918891881272,185.56553649902344,79887600,0.0,0.0,0.0
2020-03-27 00:00:00-04:00,180.75956493857885,184.2213934241935,178.56450666754816,179.18338012695312,58845000,0.0,0.0,0.0
2020-03-30 00:00:00-04:00,180.88525768498332,186.13602426947764,180.18902327869563,185.70086669921875,49356900,0.0,0.0,0.0
2020-03-31 00:00:00-04:00,185.3914401756236,188.80491583463254,182.9546197169045,184.11500549316406,62659300,0.0,0.0,0.0
2020-04-01 00:00:00-04:00,178.67088751079135,181.4654902272188,174.8899500841224,176.29208374023438,53715400,0.0,0.0,0.0
2020-04-02 00:00:00-04:00,175.25742881998946,183.8249684318348,174.9963371562966,179.86996459960938,56465300,0.0,0.0,0.0
2020-04-03 00:00:00-04:00,179.42514044821738,180.89497055106096,175.30575032190822,177.3170928955078,47487600,0.0,0.0,0.0
2020-04-06 00:00:00-04:00,184.192364886487,191.1256857001796,182.94495350791703,189.9943084716797,64763500,0.0,0.0,0.0
2020-04-07 00:00:00-04:00,195.6899600401944,195.9703956874563,189.53023221484747,189.91702270507812,69904500,0.0,0.0,0.0
2020-04-08 00:00:00-04:00,191.60922530743963,194.52954171872196,189.69458761300703,193.94935607910156,45940400,0.0,0.0,0.0
2020-04-09 00:00:00-04:00,195.67057303429524,196.51185021730672,192.46015684446024,194.22975158691406,68252600,0.0,0.0,0.0
2020-04-13 00:00:00-04:00,193.39811423221227,196.7052202149705,192.18937601826093,196.32809448242188,42853900,0.0,0.0,0.0
2020-04-14 00:00:00-04:00,200.38948171090428,205.48552690969478,199.60622159267746,204.8666534423828,63959600,0.0,0.0,0.0
2020-04-15 00:00:00-04:00,201.59826829060364,204.83769386174725,200.2831600138395,202.51690673828125,47036000,0.0,0.0,0.0
2020-04-16 00:00:00-04:00,204.70223620675006,207.29376385294572,202.76825506596936,206.2107391357422,64657400,0.0,0.0,0.0
2020-04-17 00:00:00-04:00,209.034367138567,209.36314041849667,205.07937891942547,208.18341064453125,62863200,0.0,0.0,0.0
2020-04-20 00:00:00-04:00,206.3171197963169,208.75394029632267,205.55320369682732,205.71759033203125,38249100,0.0,0.0,0.0
2020-04-21 00:00:00-04:00,203.6482633250916,204.18977579882747,196.90833643604736,198.12673950195312,72932800,0.0,0.0,0.0
2020-04-22 00:00:00-04:00,202.19775935148962,205.34047909663883,201.453172388132,204.0060272216797,40089100,0.0,0.0,0.0
2020-04-23 00:00:00-04:00,204.79899063741496,207.36152530564493,203.164788455244,203.5709228515625,43278500,0.0,0.0,0.0
2020-04-24 00:00:00-04:00,204.00606718922927,207.22614859111405,202.5845894148357,206.7813262939453,34231900,0.0,0.0,0.0
2020-04-27 00:00:00-04:00,209.0536973166955,209.4791755356954,207.41948086422113,208.44448852539062,36451700,0.0,0.0,0.0
2020-04-28 00:00:00-04:00,210.14644823936706,210.14644823936706,204.23813384707938,204.5185546875,46862800,0.0,0.0,0.0
2020-04-29 00:00:00-04:00,209.05373910378628,212.70896307203586,208.0383958336929,211.77098083496094,48716400,0.0,0.0,0.0
2020-04-30 00:00:00-04:00,212.6896085712704,212.7766341959323,210.17544152091165,211.68394470214844,43359500,0.0,0.0,0.0
2020-05-01 00:00:00-04:00,207.4194885157066,209.51785639581223,204.69256787794438,205.71759033203125,48795000,0.0,0.0,0.0
2020-05-04 00:00:00-04:00,204.47987321712668,208.3381569178671,204.15108514385525,208.11575317382812,32841000,0.0,0.0,0.0
2020-05-05 00:00:00-04:00,210.2624348414125,212.8733064658955,209.69191393836095,210.4751739501953,37783100,0.0,0.0,0.0
2020-05-06 00:00:00-04:00,212.1577712449449,213.74363553405263,210.91035963090445,211.77098083496094,36455200,0.0,0.0,0.0
2020-05-07 00:00:00-04:00,214.4978790283203,215.3778293304014,213.14408322762208,214.4978790283203,38624800,0.0,0.0,0.0
2020-05-08 00:00:00-04:00,216.17077505483903,217.5729086260745,215.13608791803244,217.43753051757812,31852300,0.0,0.0,0.0
2020-05-11 00:00:00-04:00,216.11276121115958,220.4061876114149,215.88067812664278,219.3811798095703,35714100,0.0,0.0,0.0
2020-05-12 00:00:00-04:00,219.98068256659653,220.57054738435096,214.75892481390872,214.78793334960938,41054100,0.0,0.0,0.0
2020-05-13 00:00:00-04:00,215.31014757378958,217.19577644197017,209.5565559995538,212.0997314453125,65521200,0.0,0.0,0.0
2020-05-14 00:00:00-04:00,210.77495333943116,214.54621097558282,208.86031598223929,214.50753784179688,51549300,0.0,0.0,0.0
2020-05-15 00:00:00-04:00,211.5582456765453,215.95805675993353,211.12310276832198,215.90003967285156,55747200,0.0,0.0,0.0
2020-05-18 00:00:00-04:00,218.8106503336085,221.1314220682709,218.0273902420376,219.9226837158203,42398100,0.0,0.0,0.0
2020-05-19 00:00:00-04:00,220.18375905007426,222.26279771562062,219.22644778898936,219.37149047851562,36237300,0.0,0.0,0.0
2020-05-20 00:00:00-04:00,221.9243414911594,224.10973492341736,221.9049975478352,223.751953125,37417000,0.0,0.0,0.0
2020-05-21 00:00:00-04:00,223.800312760875,224.47720324780767,220.80263591932265,221.3151397705078,43642900,0.0,0.0,0.0
2020-05-22 00:00:00-04:00,220.90902107183743,222.28214608657132,219.990382863648,222.07908630371094,28762400,0.0,0.0,0.0
2020-05-26 00:00:00-04:00,225.65696031370206,225.8600348619228,221.23780553697372,221.47955322265625,33055300,0.0,0.0,0.0
2020-05-27 00:00:00-04:00,221.14108680362995,222.8043118470916,216.54788136787255,222.68826293945312,55665600,0.0,0.0,0.0
2020-05-28 00:00:00-04:00,221.5472368333935,225.76331681786388,221.48921975300513,222.398193359375,42784300,0.0,0.0,0.0
2020-05-29 00:00:00-04:00,222.77535385764918,225.8890655347068,221.2088186674758,225.656982421875,50691800,0.0,0.0,0.0
2020-06-01 00:00:00-04:00,224.78667073682186,226.71097283896603,224.341848510459,226.33384704589844,25776000,0.0,0.0,0.0
2020-06-02 00:00:00-04:00,226.75933125151207,227.91005260674,224.3515189681753,227.85203552246094,33383400,0.0,0.0,0.0
2020-06-03 00:00:00-04:00,228.46118528628816,229.63125036070542,227.58123508713024,228.8769989013672,37228700,0.0,0.0,0.0
2020-06-04 00:00:00-04:00,228.52894159931833,229.9407399295683,225.9664070806749,227.2718505859375,38716100,0.0,0.0,0.0
2020-06-05 00:00:00-04:00,228.4225560551362,232.36788008418995,227.85203505408757,231.77801513671875,47365600,0.0,0.0,0.0
2020-06-08 00:00:00-04:00,231.63295356434315,233.70231314163112,230.05676870388527,233.5766143798828,32937300,0.0,0.0,0.0
2020-06-09 00:00:00-04:00,232.71600479278536,236.11980171670766,232.53227418366006,235.26885986328125,35046300,0.0,0.0,0.0
2020-06-10 00:00:00-04:00,236.961075646614,239.63964403581505,236.43889240209464,238.0924530029297,58084400,0.0,0.0,0.0
2020-06-11 00:00:00-04:00,234.16648545279313,235.54927515401135,226.23716418976267,226.29518127441406,72919400,0.0,0.0,0.0
2020-06-12 00:00:00-04:00,231.19778159784772,232.4645369371947,224.090409461442,228.09375,72034800,0.0,0.0,0.0
2020-06-15 00:00:00-04:00,224.76733960210495,231.5459396682621,223.8293573636854,230.86904907226562,45307400,0.0,0.0,0.0
2020-06-16 00:00:00-04:00,235.7330040325239,236.32286898067343,231.20749440155979,234.83370971679688,48890100,0.0,0.0,0.0
2020-06-17 00:00:00-04:00,236.33249856373098,237.39619413399072,234.71762601986802,235.5782470703125,34749300,0.0,0.0,0.0
2020-06-18 00:00:00-04:00,235.2591655753986,236.45823937901204,234.485584804146,236.21649169921875,30578600,0.0,0.0,0.0
2020-06-19 00:00:00-04:00,238.58559262159207,238.84668422160405,234.44687392965858,236.17779541015625,49422100,0.0,0.0,0.0
2020-06-22 00:00:00-04:00,236.04604341260253,239.13611021087408,235.75545356636692,239.01019287109375,24068700,0.424,0.0,0.0
2020-06-23 00:00:00-04:00,240.6085339751024,243.2820644461396,240.05639839968683,241.04443359375,32767400,0.0,0.0,0.0
2020-06-24 00:00:00-04:00,240.28884994138588,241.5190679090298,234.5736892463909,236.07513427734375,46032400,0.0,0.0,0.0
2020-06-25 00:00:00-04:00,236.1623287248205,238.6227500615306,233.58565665182246,238.3224639892578,36940800,0.0,0.0,0.0
2020-06-26 00:00:00-04:00,238.08028917154738,238.2546578806715,232.1713819199963,232.69447326660156,52824600,0.0,0.0,0.0
2020-06-29 00:00:00-04:00,232.45232150431107,235.2421028000898,229.91440449709287,235.23240661621094,34377800,0.0,0.0,0.0
2020-06-30 00:00:00-04:00,235.16455788560202,240.38570053569558,234.9805077997424,239.84324645996094,38909200,0.0,0.0,0.0
2020-07-01 00:00:00-04:00,239.8820087346067,243.64046200339658,239.33955460937236,242.64273071289062,34689200,0.0,0.0,0.0
2020-07-02 00:00:00-04:00,245.0934436677293,246.3042839151856,243.82448545331746,244.28944396972656,31956500,0.0,0.0,0.0
2020-07-06 00:00:00-04:00,247.44735885729844,250.81833463299475,247.4279812709001,250.29527282714844,34589000,0.0,0.0,0.0
2020-07-07 00:00:00-04:00,250.0433693480285,252.7072180006454,248.2706825992844,248.5709686279297,36578200,0.0,0.0,0.0
2020-07-08 00:00:00-04:00,249.8980816221977,251.87415175893267,248.46443602752885,251.8450927734375,30426300,0.0,0.0,0.0
2020-07-09 00:00:00-04:00,253.76303305760555,254.63483204161517,249.5589996605366,253.96644592285156,40312900,0.0,0.0,0.0
2020-07-10 00:00:00-04:00,253.8211673036568,255.9522579004297,251.13795603722204,255.7003936767578,32885300,0.0,0.0,0.0
2020-07-13 00:00:00-04:00,258.5483501596133,261.33813136183994,249.61718957598762,250.44056701660156,64108100,0.0,0.0,0.0
2020-07-14 00:00:00-04:00,247.91231852710465,252.62008173062853,244.84162881397876,252.21322631835938,72230500,0.0,0.0,0.0
2020-07-15 00:00:00-04:00,253.62751239977212,254.46058613731464,249.4234772187234,252.72665405273438,54523900,0.0,0.0,0.0
2020-07-16 00:00:00-04:00,249.9368196552838,251.6416923865172,247.61201201548653,251.0023651123047,47594100,0.0,0.0,0.0
2020-07-17 00:00:00-04:00,251.45765701604168,252.1551023050005,249.11348643477368,251.29299926757812,35137900,0.0,0.0,0.0
2020-07-20 00:00:00-04:00,251.93227759467155,259.0520248785669,250.68271161783892,258.4223937988281,40610100,0.0,0.0,0.0
2020-07-21 00:00:00-04:00,259.99167550452205,260.0013716885587,254.8867824169186,255.72952270507812,43243800,0.0,0.0,0.0
2020-07-22 00:00:00-04:00,256.2234843029889,257.5602566230333,254.3248655717379,256.63031005859375,29865500,0.0,0.0,0.0
2020-07-23 00:00:00-04:00,256.2234933295278,256.9306051168329,248.51284132576822,249.9271240234375,51363500,0.0,0.0,0.0
2020-07-24 00:00:00-04:00,246.0815383240811,248.8810010636322,243.44676290518152,247.55392456054688,54054500,0.0,0.0,0.0
2020-07-27 00:00:00-04:00,249.2006350853051,252.35848655129203,248.41601291957087,251.9710235595703,36445700,0.0,0.0,0.0
2020-07-28 00:00:00-04:00,251.18640542044076,251.7094967264927,248.4741348733786,248.7647247314453,31302400,0.0,0.0,0.0
2020-07-29 00:00:00-04:00,250.30491222640435,252.49412104752454,249.83027226702356,251.63198852539062,27556900,0.0,0.0,0.0
2020-07-30 00:00:00-04:00,249.66560363707472,253.51123407380072,248.51288116822886,252.9494171142578,41774500,0.0,0.0,0.0
2020-07-31 00:00:00-04:00,257.5797064284189,257.6184616054099,252.67822597367353,257.4634704589844,53686300,0.0,0.0,0.0
2020-08-03 00:00:00-04:00,259.6041759846218,261.686815513983,259.4782438559781,260.9409484863281,32081600,0.0,0.0,0.0
2020-08-04 00:00:00-04:00,260.43720619843725,262.0064800706221,259.69133921022785,261.90960693359375,24911300,0.0,0.0,0.0
2020-08-05 00:00:00-04:00,262.3939665252811,263.01390144695273,261.502774971057,262.5586242675781,21612100,0.0,0.0,0.0
2020-08-06 00:00:00-04:00,262.3649473850985,266.36556946138217,261.7256200002687,266.0362243652344,28048200,0.0,0.0,0.0
2020-08-07 00:00:00-04:00,265.4937052687015,266.2686608873376,260.8150308149184,262.9654846191406,44969400,0.0,0.0,0.0
2020-08-10 00:00:00-04:00,263.2560194184154,263.4594618541036,258.3158151053577,261.8417663574219,35088400,0.0,0.0,0.0
2020-08-11 00:00:00-04:00,260.6793808998034,261.9677315758799,256.33974804109954,256.8822021484375,43104300,0.0,0.0,0.0
2020-08-12 00:00:00-04:00,259.0423835043686,264.29257130296895,258.99393214795424,263.34326171875,38773400,0.0,0.0,0.0
2020-08-13 00:00:00-04:00,264.118232118973,266.2202347679171,263.0042647207203,263.9438781738281,31895700,0.0,0.0,0.0
2020-08-14 00:00:00-04:00,264.5637978303073,264.83502491643424,262.2389900118573,263.6338806152344,30799500,0.0,0.0,0.0
2020-08-17 00:00:00-04:00,265.3483861002516,267.19855367130015,263.6726020034328,266.6948547363281,24803000,0.0,0.0,0.0
2020-08-18 00:00:00-04:00,267.7604712724752,269.7365419310849,266.2977663060148,269.26190185546875,23529500,0.0,0.0,0.0
2020-08-19 00:00:00-04:00,269.2231275511923,270.27897697672944,266.93707475348714,267.4504699707031,31999400,0.0,0.0,0.0
2020-08-20 00:00:00-04:00,266.656140618478,271.644797632191,266.24928519801796,271.16046142578125,27723400,0.0,0.0,0.0
2020-08-21 00:00:00-04:00,271.3541620789439,273.4949194738728,270.705138664474,273.0396423339844,34748900,0.0,0.0,0.0
2020-08-24 00:00:00-04:00,276.31378179636124,277.04028604297747,272.4584552854992,274.7445373535156,36418500,0.0,0.0,0.0
2020-08-25 00:00:00-04:00,273.9695870552712,277.0984093800645,273.52400605261994,276.9046630859375,34866600,0.0,0.0,0.0
2020-08-26 00:00:00-04:00,278.15425652465717,283.0654323833306,276.87560194106163,282.8135681152344,42216700,0.0,0.0,0.0
2020-08-27 00:00:00-04:00,283.79202389559356,284.64446054675506,279.6654689986266,281.9321594238281,49482700,0.0,0.0,0.0
2020-08-28 00:00:00-04:00,283.17203735417667,283.9954149450914,281.8159016781916,283.36578369140625,28021000,0.0,0.0,0.0
2020-08-31 00:00:00-04:00,283.8887953623074,287.4535022977186,283.4528810068302,285.64208984375,36321000,0.0,0.0,0.0
2020-09-01 00:00:00-04:00,288.29632733053046,290.6405279714574,286.52366952358227,290.5242919921875,36216200,0.0,0.0,0.0
2020-09-02 00:00:00-04:00,293.7789064261687,293.9920154946557,287.58910638132454,293.27520751953125,50836800,0.0,0.0,0.0
2020-09-03 00:00:00-04:00,288.7611745695715,289.2648734467162,275.5000504370613,278.40606689453125,110083300,0.0,0.0,0.0
2020-09-04 00:00:00-04:00,276.6140264882772,279.87844701839646,263.2850877772221,274.696044921875,123959000,0.0,0.0,0.0
2020-09-08 00:00:00-04:00,263.69194776409694,269.5039809706571,261.2121492942203,261.4930725097656,99568600,0.0,0.0,0.0
2020-09-09 00:00:00-04:00,267.0048054272503,271.2766235915933,264.4474967635202,269.17462158203125,64837900,0.0,0.0,0.0
2020-09-10 00:00:00-04:00,272.13878428391274,273.3593207786206,262.0839615989203,263.8081970214844,69667500,0.0,0.0,0.0
2020-09-11 00:00:00-04:00,265.56148651398627,266.5979728970853,258.538612831365,261.9774169921875,71809000,0.0,0.0,0.0
2020-09-14 00:00:00-04:00,265.7648395737541,268.53525690580994,264.4087046664474,266.539794921875,38525200,0.0,0.0,0.0
2020-09-15 00:00:00-04:00,270.28856797332867,271.6640953272488,266.5107527921758,270.317626953125,41849900,0.0,0.0,0.0
2020-09-16 00:00:00-04:00,271.11203300592075,271.5769768333315,265.6584027251451,266.0071105957031,42321000,0.0,0.0,0.0
2020-09-17 00:00:00-04:00,259.1683207022763,265.80373337148643,258.32558034037,261.8515625,81570800,0.0,0.0,0.0
2020-09-18 00:00:00-04:00,263.2754323568754,263.56602219981505,254.40239122691122,258.5095520019531,86251100,0.0,0.0,0.0
2020-09-21 00:00:00-04:00,254.247430248574,259.26514587473577,251.9613481542995,259.1295471191406,57168600,0.0,0.0,0.0
2020-09-22 00:00:00-04:00,261.5318636865093,264.52505799097776,258.1899614917511,263.9438781738281,41128900,0.0,0.0,0.0
2020-09-23 00:00:00-04:00,263.624173566771,263.80822367779336,255.00299558283015,255.88449096679688,48837300,0.0,0.0,0.0
2020-09-24 00:00:00-04:00,253.20129907391356,260.282292127732,253.03661175477382,257.07598876953125,70631700,0.0,0.0,0.0
2020-09-25 00:00:00-04:00,257.5795905700177,263.8662627686986,256.0200131841611,263.0525817871094,55242400,0.0,0.0,0.0
2020-09-28 00:00:00-04:00,267.9152981654229,268.5158996582031,263.15914449246867,268.5158996582031,58438300,0.0,0.0,0.0
2020-09-29 00:00:00-04:00,267.9542003633098,269.0100499124166,266.74335965632383,267.3052062988281,27050000,0.0,0.0,0.0
2020-09-30 00:00:00-04:00,267.4988363056399,272.2840795923681,267.22760925771536,269.1358947753906,49380800,0.0,0.0,0.0
2020-10-01 00:00:00-04:00,272.9622253346809,274.01807478631196,271.07330218155147,273.4078063964844,50020200,0.0,0.0,0.0
2020-10-02 00:00:00-04:00,267.3729744422697,273.3981186115623,264.8738123840696,265.716552734375,75497400,0.0,0.0,0.0
2020-10-05 00:00:00-04:00,267.68293450365394,271.702919156997,267.576394726391,271.3832702636719,28184600,0.0,0.0,0.0
2020-10-06 00:00:00-04:00,270.6954061391968,272.3808859838834,265.6582998417447,266.539794921875,49704200,0.0,0.0,0.0
2020-10-07 00:00:00-04:00,269.1843835919814,271.94507624343674,268.59347806439814,271.1507873535156,27539700,0.0,0.0,0.0
2020-10-08 00:00:00-04:00,273.5530924715005,273.62090663739855,271.52857060945803,272.5941162109375,25443300,0.0,0.0,0.0
2020-10-09 00:00:00-04:00,274.24078463381176,276.83684871283396,273.85332164876587,276.75933837890625,30201100,0.0,0.0,0.0
2020-10-12 00:00:00-04:00,281.44765310350897,288.1411805354327,280.40150029360404,285.302978515625,79370700,0.0,0.0,0.0
2020-10-13 00:00:00-04:00,287.10483828810493,287.7441360834774,283.9275643101791,285.29339599609375,64240000,0.0,0.0,0.0
2020-10-14 00:00:00-04:00,286.0973093447648,287.0659814403547,281.1667719255957,282.9103698730469,36949100,0.0,0.0,0.0
2020-10-15 00:00:00-04:00,278.20266684333313,281.60268615345586,277.56333964583695,281.0118103027344,42514200,0.0,0.0,0.0
2020-10-16 00:00:00-04:00,282.65855968918424,284.0825091243024,279.1229117768664,279.4716491699219,40570700,0.0,0.0,0.0
2020-10-19 00:00:00-04:00,281.38956833207254,282.3485738792417,273.9308103830915,274.9091491699219,36756800,0.0,0.0,0.0
2020-10-20 00:00:00-04:00,275.64541701865875,278.60955221106565,274.08586863718256,275.5001220703125,32195400,0.0,0.0,0.0
2020-10-21 00:00:00-04:00,275.7519300884763,278.3189055239264,274.8026206837592,275.2869567871094,29306100,0.0,0.0,0.0
2020-10-22 00:00:00-04:00,276.1200840945255,277.0209719856233,272.02261834196514,275.27734375,32196200,0.0,0.0,0.0
2020-10-23 00:00:00-04:00,275.8488526932374,275.98448103056853,272.95253142506914,275.8197937011719,24658500,0.0,0.0,0.0
2020-10-26 00:00:00-04:00,273.533761884699,276.36226920194173,268.0898268340714,271.68359375,38421100,0.0,0.0,0.0
2020-10-27 00:00:00-04:00,272.6812985528389,274.62833966471993,271.4220361745456,273.8049621582031,30559100,0.0,0.0,0.0
2020-10-28 00:00:00-04:00,269.3005640518184,269.9108322592108,262.87826272492396,263.130126953125,53413500,0.0,0.0,0.0
2020-10-29 00:00:00-04:00,264.4475404416685,270.73421426940075,263.98256709104777,267.7313537597656,43246300,0.0,0.0,0.0
2020-10-30 00:00:00-04:00,265.74555480941143,266.61735396571,258.70331784183105,260.9409484863281,65838300,0.0,0.0,0.0
2020-11-02 00:00:00-05:00,263.33353748705593,264.9512034697704,258.6064125288325,261.5221252441406,39987400,0.0,0.0,0.0
2020-11-03 00:00:00-05:00,263.44010658842643,268.1478692697594,262.3551983580953,266.04583740234375,43604100,0.0,0.0,0.0
2020-11-04 00:00:00-05:00,274.7058143616717,279.7235305179656,273.0396965784712,277.92181396484375,75728200,0.0,0.0,0.0
2020-11-05 00:00:00-05:00,284.3344068372994,286.13615286346186,282.85233925585175,285.16748046875,52054200,0.0,0.0,0.0
2020-11-06 00:00:00-05:00,284.5087549740563,286.1070584804433,280.7503014293423,285.38055419921875,40959800,0.0,0.0,0.0
2020-11-09 00:00:00-05:00,288.32527042886716,289.76861208873936,279.0938256730405,279.5491027832031,86537100,0.0,0.0,0.0
2020-11-10 00:00:00-05:00,276.23628364657446,277.67959586606815,271.82880709067126,274.5411071777344,69024900,0.0,0.0,0.0
2020-11-11 00:00:00-05:00,277.0693367959135,281.15713508451313,274.5023611131332,280.6824951171875,36102900,0.0,0.0,0.0
2020-11-12 00:00:00-05:00,281.65119452478615,282.9201529950376,278.25114496474237,279.3651123046875,34414600,0.0,0.0,0.0
2020-11-13 00:00:00-05:00,281.07962512867675,282.43576029563553,278.85166133296696,281.8157958984375,24806900,0.0,0.0,0.0
2020-11-16 00:00:00-05:00,281.51554881549146,284.31502604867916,280.9052805155767,284.0147399902344,30168400,0.0,0.0,0.0
2020-11-17 00:00:00-05:00,284.2084349491943,284.53777996995274,282.474503327923,283.11383056640625,21843500,0.0,0.0,0.0
2020-11-18 00:00:00-05:00,282.56176059311866,284.1794270021254,280.9343684385514,281.02154541015625,28069600,0.0,0.0,0.0
2020-11-19 00:00:00-05:00,280.46937229917785,283.5303801648228,279.8009860799515,283.22039794921875,22718400,0.0,0.0,0.0
2020-11-20 00:00:00-05:00,283.14291540781056,283.8888120349206,281.19590409077864,281.2830810546875,25907300,0.0,0.0,0.0
2020-11-23 00:00:00-05:00,282.2807902017898,283.5788074982923,279.0454283621734,281.2927551269531,26875600,0.0,0.0,0.0
2020-11-24 00:00:00-05:00,282.35827997860764,285.7389664159662,280.55656368560454,285.24493408203125,24516800,0.0,0.0,0.0
2020-11-25 00:00:00-05:00,286.31045047517296,287.63752666501273,285.36114107295595,286.9981994628906,23326800,0.0,0.0,0.0
2020-11-27 00:00:00-05:00,288.9646482388764,290.766394193567,288.5674890254149,289.6427307128906,17163100,0.0,0.0,0.0
2020-11-30 00:00:00-05:00,289.9623240000837,290.57259219740644,285.54518126706904,290.2335510253906,27836200,0.0,0.0,0.0
2020-12-01 00:00:00-05:00,292.50996537111916,295.5806694616717,291.405664798251,293.9532775878906,27521300,0.0,0.0,0.0
2020-12-02 00:00:00-05:00,292.7812339647129,294.6701569761963,290.94076231032705,294.33111572265625,23620000,0.0,0.0,0.0
2020-12-03 00:00:00-05:00,294.6410188475157,296.29743993540336,294.02105448624326,294.74755859375,22828700,0.0,0.0,0.0
2020-12-04 00:00:00-05:00,294.7960993408053,296.09414655085345,294.11804630375514,295.9488220214844,19332100,0.0,0.0,0.0
2020-12-07 00:00:00-05:00,296.13280909167764,297.9926729683618,295.94875898444985,297.62457275390625,20851000,0.0,0.0,0.0
2020-12-08 00:00:00-05:00,297.1498603720827,298.93221347380245,295.396566250659,298.6319274902344,18341500,0.0,0.0,0.0
2020-12-09 00:00:00-05:00,298.4188699166778,298.6997635874775,290.80509058915123,291.8706359863281,48839300,0.0,0.0,0.0
2020-12-10 00:00:00-05:00,289.8365123101805,294.1664798942522,288.7516037581919,293.0428161621094,27519500,0.0,0.0,0.0
2020-12-11 00:00:00-05:00,291.38627991776616,292.51963939028485,289.1195905342581,292.3937072753906,26760400,0.0,0.0,0.0
2020-12-14 00:00:00-05:00,293.5851595978105,296.4621172361134,293.51737501005834,294.5151062011719,28804800,0.0,0.0,0.0
2020-12-15 00:00:00-05:00,296.77213852291385,297.663330078125,294.58292958627936,297.663330078125,25709000,0.0,0.0,0.0
2020-12-16 00:00:00-05:00,298.0604243501908,300.084945541769,297.01424190191807,299.3003234863281,25461900,0.0,0.0,0.0
2020-12-17 00:00:00-05:00,300.8987370257257,301.48961304866043,299.6975926108826,301.25714111328125,23730500,0.0,0.0,0.0
2020-12-18 00:00:00-05:00,301.8964393469859,302.2064216052526,297.9732984470397,300.3465576171875,41173400,0.0,0.0,0.0
2020-12-21 00:00:00-05:00,297.3973329206937,300.31833044507476,294.6219232768166,299.78460693359375,37095500,0.561,0.0,0.0
2020-12-22 00:00:00-05:00,300.6871274483182,301.5216813289548,297.7758433928853,300.59979248046875,26176300,0.0,0.0,0.0
2020-12-23 00:00:00-05:00,300.6483431256061,301.00739680309744,298.9306959595868,299.0859680175781,21201300,0.0,0.0,0.0
2020-12-24 00:00:00-05:00,299.34790726724003,300.85205872533595,299.27028606283625,300.4056701660156,16785000,0.0,0.0,0.0
2020-12-28 00:00:00-05:00,303.0161337249307,303.90894048825203,301.18201064581774,303.43341064453125,22497700,0.0,0.0,0.0
2020-12-29 00:00:00-05:00,304.76296337606954,305.3840516373131,302.8027090798663,303.7052001953125,25871900,0.0,0.0,0.0
2020-12-30 00:00:00-05:00,304.869624772915,305.18985294102686,303.09372517715127,303.7148132324219,18138100,0.0,0.0,0.0
2020-12-31 00:00:00-05:00,303.61789034040464,304.94737234171106,302.54072916800163,304.462158203125,21611400,0.0,0.0,0.0
2021-01-04 00:00:00-05:00,305.7915254696362,305.96622500147066,296.1551834005593,300.1630554199219,45305900,0.0,0.0,0.0
2021-01-05 00:00:00-05:00,299.17328947709655,302.9094436130417,299.17328947709655,302.6376953125,29323400,0.0,0.0,0.0
2021-01-06 00:00:00-05:00,297.9213951595594,302.65708852461785,296.9315692637921,298.4454345703125,52809600,0.0,0.0,0.0
2021-01-07 00:00:00-05:00,301.10444220290645,306.500020294038,301.07533054330065,305.66546630859375,30394800,0.0,0.0,0.0
2021-01-08 00:00:00-05:00,307.9555860530111,309.94498101591915,305.76240952345216,309.5956115722656,33955800,0.0,0.0,0.0
2021-01-11 00:00:00-05:00,306.63593604760837,307.8101459644931,304.47187033960773,305.1220703125,32746400,0.0,0.0,0.0
2021-01-12 00:00:00-05:00,305.16078959774694,306.24766425141934,301.9972143626177,304.63677978515625,29266800,0.0,0.0,0.0
2021-01-13 00:00:00-05:00,304.89888498304555,307.4899120873604,304.2972241457926,306.6941833496094,22898400,0.0,0.0,0.0
2021-01-14 00:00:00-05:00,307.14049162666987,308.14003137848067,304.57854724429166,305.0540771484375,23500100,0.0,0.0,0.0
2021-01-15 00:00:00-05:00,304.8405860696371,305.8013004189801,301.3955485198215,302.6376953125,35118700,0.0,0.0,0.0
2021-01-19 00:00:00-05:00,304.95703335116684,307.5577735764941,303.8604448492262,307.05316162109375,24537000,0.0,0.0,0.0
2021-01-20 00:00:00-05:00,310.6728966508946,315.1368426570693,307.150237563624,314.1955261230469,30728100,0.0,0.0,0.0
2021-01-21 00:00:00-05:00,315.53471354639925,317.45617198440453,314.1567221294916,316.70892333984375,25130600,0.0,0.0,0.0
2021-01-22 00:00:00-05:00,315.670592527244,316.8059769189991,315.1077275955915,315.7967529296875,21609400,0.0,0.0,0.0
2021-01-25 00:00:00-05:00,319.18349522307534,320.5518023348643,311.90528480831307,318.4071350097656,39080600,0.0,0.0,0.0
2021-01-26 00:00:00-05:00,319.1253371802444,320.0084304450032,317.54353438815554,318.8730163574219,25498100,0.0,0.0,0.0
2021-01-27 00:00:00-05:00,316.611897036331,316.6215811795314,307.97506282722816,309.9838562011719,55264000,0.0,0.0,0.0
2021-01-28 00:00:00-05:00,311.18719030764925,316.76715185485585,310.5661021114875,311.8179626464844,42836300,0.0,0.0,0.0
2021-01-29 00:00:00-05:00,310.12944314408304,311.23574555021344,303.511145071088,305.2579040527344,55259000,0.0,0.0,0.0
2021-02-01 00:00:00-05:00,308.7028948181904,313.9723423549202,306.6747034712472,312.8854675292969,35646000,0.0,0.0,0.0
2021-02-02 00:00:00-05:00,315.8549138308988,319.14464932739196,315.6899280414354,317.9898376464844,33930800,0.0,0.0,0.0
2021-02-03 00:00:00-05:00,320.0666384394321,320.4354058966252,316.6701397138808,316.7283630371094,24824500,0.0,0.0,0.0
2021-02-04 00:00:00-05:00,318.1257625951368,320.56151710841505,316.8059649139539,320.47418212890625,22350900,0.0,0.0,0.0
2021-02-05 00:00:00-05:00,321.42522112926486,322.5703192674995,319.785195145218,321.5610656738281,22732000,0.0,0.0,0.0
2021-02-08 00:00:00-05:00,323.2496370050291,323.87069564867556,321.6096109896816,323.7154235839844,20462800,0.0,0.0,0.0
2021-02-09 00:00:00-05:00,322.78385708616037,324.9090974368379,322.77414332630104,323.6475524902344,17597500,0.0,0.0,0.0
2021-02-10 00:00:00-05:00,325.0837227656463,325.5398251895536,319.7560815961624,322.90997314453125,28068700,0.0,0.0,0.0
2021-02-11 00:00:00-05:00,324.44318401278093,325.0933838110526,322.29854639987093,324.685791015625,22046100,0.0,0.0,0.0
2021-02-12 00:00:00-05:00,323.84155615786074,326.66550551057117,322.79350683015826,326.50054931640625,20346800,0.0,0.0,0.0
2021-02-16 00:00:00-05:00,327.2962531900004,328.1890600141787,324.4529061508469,325.617431640625,27080800,0.0,0.0,0.0
2021-02-17 00:00:00-05:00,322.6382065694726,325.73387433759797,320.4062339586188,324.0550231933594,31360300,0.0,0.0,0.0
2021-02-18 00:00:00-05:00,320.464464761937,323.99680745469755,318.6497394365605,322.6382141113281,32236200,0.0,0.0,0.0
2021-02-19 00:00:00-05:00,323.98715273983385,324.1133131474082,320.2122023472819,321.23114013671875,39157700,0.0,0.0,0.0
2021-02-22 00:00:00-05:00,316.84481290142816,318.10635773768337,312.7010950756149,312.9048767089844,47256900,0.0,0.0,0.0
2021-02-23 00:00:00-05:00,307.6257075368486,313.6423735997038,301.8031389399366,311.9732360839844,97241900,0.0,0.0,0.0
2021-02-24 00:00:00-05:00,309.3142692413958,314.8554354832777,306.6164800801491,314.5448913574219,58206300,0.0,0.0,0.0
2021-02-25 00:00:00-05:00,311.8859018058299,314.4478165943364,302.0360328819496,303.5790100097656,110182600,0.0,0.0,0.0
2021-02-26 00:00:00-05:00,306.5096737454074,309.67324872222144,301.6866456522158,304.8502502441406,104739800,0.0,0.0,0.0
2021-03-01 00:00:00-05:00,309.8285566533543,314.3604687329603,308.53790036171097,314.02081298828125,49164500,0.0,0.0,0.0
2021-03-02 00:00:00-05:00,314.66126235235896,314.7388835576029,308.7319618013117,308.9842529296875,48370000,0.0,0.0,0.0
2021-03-03 00:00:00-05:00,307.8877050905585,308.82902150912605,299.959324292056,300.0175476074219,86301100,0.0,0.0,0.0
2021-03-04 00:00:00-05:00,299.6487739285468,302.81237886774767,291.2351496528969,295.107177734375,139131600,0.0,0.0,0.0
2021-03-05 00:00:00-05:00,297.7272874668651,300.45418767610886,288.65380969684287,299.55169677734375,121523700,0.0,0.0,0.0
2021-03-08 00:00:00-05:00,299.00825338693573,300.890885967631,290.6528830037879,291.0701599121094,88409800,0.0,0.0,0.0
2021-03-09 00:00:00-05:00,298.37755517278356,304.45244508662654,297.8438315171769,302.5503845214844,80391100,0.0,0.0,0.0
2021-03-10 00:00:00-05:00,306.8105970013308,307.1114273875891,300.9977412999346,301.6867370605469,76798100,0.0,0.0,0.0
2021-03-11 00:00:00-05:00,306.4320580789124,310.4011052935316,305.5392808474941,308.63494873046875,53484800,0.0,0.0,0.0
2021-03-12 00:00:00-05:00,304.57853477670074,308.8193302488684,302.1816059141172,306.1312255859375,69315600,0.0,0.0,0.0
2021-03-15 00:00:00-04:00,306.4515309101118,309.56659715349844,304.81150487573177,309.401611328125,42955700,0.0,0.0,0.0
2021-03-16 00:00:00-04:00,311.5947202329633,314.6127666863482,309.6635780067387,311.09979248046875,54925900,0.0,0.0,0.0
2021-03-17 00:00:00-04:00,308.0624110794946,314.27314497406195,306.34473439501846,312.38079833984375,78258700,0.0,0.0,0.0
2021-03-18 00:00:00-04:00,307.4995323947075,308.4796742050071,302.35627556020404,302.8123779296875,82718100,0.0,0.0,0.0
2021-03-19 00:00:00-04:00,302.6474505114344,305.4228906780731,300.502812392977,303.8799133300781,78446200,0.0,0.0,0.0
2021-03-22 00:00:00-04:00,306.27496598996237,311.6482099668909,306.27496598996237,309.5785827636719,56194800,0.395,0.0,0.0
2021-03-23 00:00:00-04:00,310.66685717260526,311.98829200966463,307.4118112528378,308.2279968261719,53455400,0.0,0.0,0.0
2021-03-24 00:00:00-04:00,309.5980833816486,309.63695783991335,302.88395145067733,303.0296936035156,64803700,0.0,0.0,0.0
2021-03-25 00:00:00-04:00,301.18353938738005,304.02078162295214,298.6766855487933,302.5049743652344,78729000,0.0,0.0,0.0
2021-03-26 00:00:00-04:00,302.29117115161415,307.36320469832293,300.8920170910733,307.0425720214844,63519600,0.0,0.0,0.0
2021-03-29 00:00:00-04:00,306.50824768496193,308.0045734049454,303.6127082645928,306.9552001953125,54608000,0.0,0.0,0.0
2021-03-30 00:00:00-04:00,304.99238280868605,305.9834588710033,302.70899076791363,305.4101867675781,44635700,0.0,0.0,0.0
2021-03-31 00:00:00-04:00,307.1980192817444,311.64817991889015,306.8579345762437,310.0838317871094,55032500,0.0,0.0,0.0
2021-04-01 00:00:00-04:00,313.91226995308546,315.5057671194395,313.6596304202074,315.3697509765625,55685600,0.0,0.0,0.0
2021-04-05 00:00:00-04:00,317.8570885839044,322.4335693371832,317.61417515205807,321.66595458984375,42172500,0.0,0.0,0.0
2021-04-06 00:00:00-04:00,321.3550596024746,323.39550878206416,320.6651640811654,321.4425048828125,33537200,0.0,0.0,0.0
2021-04-07 00:00:00-04:00,320.9664372483099,323.05551696928626,320.0336577561343,322.2198791503906,32046400,0.0,0.0,0.0
2021-04-08 00:00:00-04:00,325.0764463280192,325.76631212436155,324.279683209699,325.5816955566406,29940800,0.0,0.0,0.0
2021-04-09 00:00:00-04:00,324.2214337918522,327.7582678671468,323.4829970654608,327.55419921875,36664900,0.0,0.0,0.0
2021-04-12 00:00:00-04:00,326.5145927856879,327.5445435724907,325.2417285179877,327.1267395019531,25833000,0.0,0.0,0.0
2021-04-13 00:00:00-04:00,328.65213334600145,331.4116262566293,328.4383683489273,330.94525146484375,30374000,0.0,0.0,0.0
2021-04-14 00:00:00-04:00,331.1882266680558,331.3145464152345,326.1550667510086,326.97125244140625,42564300,0.0,0.0,0.0
2021-04-15 00:00:00-04:00,329.8472210793707,332.31522931882523,326.68934714455133,331.9265441894531,36342800,0.0,0.0,0.0
2021-04-16 00:00:00-04:00,332.4513237225054,332.52907262770344,330.4399933489032,332.3153076171875,40860100,0.0,0.0,0.0
2021-04-19 00:00:00-04:00,330.741254593355,331.8974953468456,327.35016263300474,329.2740478515625,34533100,0.0,0.0,0.0
2021-04-20 00:00:00-04:00,328.6132918560866,329.89585219892405,324.9015676206734,326.8740234375,38081800,0.0,0.0,0.0
2021-04-21 00:00:00-04:00,325.5915267971476,329.8571019789424,324.50327908997724,329.6724853515625,36598100,0.0,0.0,0.0
2021-04-22 00:00:00-04:00,329.2837691370076,330.2651193071861,324.54209386845037,325.6983642578125,45936100,0.0,0.0,0.0
2021-04-23 00:00:00-04:00,326.32992548717107,331.1104454433761,326.32992548717107,329.7987365722656,36381900,0.0,0.0,0.0
2021-04-26 00:00:00-04:00,330.0416423916849,332.22786332972856,329.29345002638655,331.9460754394531,30812000,0.0,0.0,0.0
2021-04-27 00:00:00-04:00,332.2375993362722,332.4513643729262,329.55585482941194,330.508056640625,33187200,0.0,0.0,0.0
2021-04-28 00:00:00-04:00,330.17772335525063,331.18825175670855,328.7396648475038,329.39068603515625,33615700,0.0,0.0,0.0
2021-04-29 00:00:00-04:00,332.6650380777103,333.08284200884316,327.3500917029631,330.57598876953125,37708900,0.0,0.0,0.0
2021-04-30 00:00:00-04:00,328.1276044511969,330.61503659788957,327.49600555835957,328.40936279296875,38263400,0.0,0.0,0.0
2021-05-03 00:00:00-04:00,329.6141140387122,330.3622767552804,326.21332589564315,326.6602783203125,29729700,0.0,0.0,0.0
2021-05-04 00:00:00-04:00,324.1048387023454,324.42550106130835,316.9631773518331,320.78179931640625,65147000,0.0,0.0,0.0
2021-05-05 00:00:00-04:00,322.83200429340394,323.6967904869496,318.925966338487,319.7032775878906,46219300,0.0,0.0,0.0
2021-05-06 00:00:00-04:00,319.4408977324828,322.2684137156212,317.19637993239184,322.1129455566406,46814300,0.0,0.0,0.0
2021-05-07 00:00:00-04:00,324.89187963014064,327.1072491303273,322.287854536548,324.7267150878906,53324500,0.0,0.0,0.0
2021-05-10 00:00:00-04:00,323.34681399519525,323.5217044888241,316.3217493093518,316.52581787109375,60700500,0.0,0.0,0.0
2021-05-11 00:00:00-04:00,310.63772069079556,316.8854472863445,309.9769735943418,316.08868408203125,71963600,0.0,0.0,0.0
2021-05-12 00:00:00-04:00,311.1526066845544,313.4748430981907,307.04250176138873,307.90728759765625,91164900,0.0,0.0,0.0
2021-05-13 00:00:00-04:00,310.8515397545792,313.2612225343855,307.9171258949411,310.2879638671875,69877800,0.0,0.0,0.0
2021-05-14 00:00:00-04:00,313.45548574247056,318.0513887100256,312.9502068469976,317.1380615234375,44370000,0.0,0.0,0.0
2021-05-17 00:00:00-04:00,315.4278762814008,317.118543860257,312.33802530883224,315.214111328125,39395000,0.0,0.0,0.0
2021-05-18 00:00:00-04:00,316.16642863467996,317.3906921986347,312.8142113288673,313.0862731933594,36528500,0.0,0.0,0.0
2021-05-19 00:00:00-04:00,307.68390077198774,313.7470110918508,307.3340899790996,313.44580078125,66319100,0.0,0.0,0.0
2021-05-20 00:00:00-04:00,314.93242996409725,320.3639712349336,314.7089685641255,319.5089111328125,46466100,0.0,0.0,0.0
2021-05-21 00:00:00-04:00,321.06348664997546,321.48129057449916,317.38094091636304,317.7404479980469,50330400,0.0,0.0,0.0
2021-05-24 00:00:00-04:00,320.0336784365017,324.2118084959171,317.63369183139815,323.0846862792969,32475800,0.0,0.0,0.0
2021-05-25 00:00:00-04:00,324.6004108657114,325.3194252305108,322.3558928300333,323.5315856933594,31280300,0.0,0.0,0.0
2021-05-26 00:00:00-04:00,324.2020129306778,325.1250662561818,323.5121470301397,324.65869140625,25444900,0.0,0.0,0.0
2021-05-27 00:00:00-04:00,324.2117371206447,325.0570711838776,323.240083318764,323.4441223144531,27931700,0.0,0.0,0.0
2021-05-28 00:00:00-04:00,324.64894153321643,326.05785131144694,324.1436922653949,324.4643249511719,29927400,0.0,0.0,0.0
2021-06-01 00:00:00-04:00,325.79545476304094,326.27158521200613,322.0351599075775,323.3857727050781,31145400,0.0,0.0,0.0
2021-06-02 00:00:00-04:00,323.80353850433943,324.86263729253375,322.2974873955568,324.0173034667969,22047900,0.0,0.0,0.0
2021-06-03 00:00:00-04:00,321.18011911026565,322.45298308679327,318.974475883176,320.6457214355469,37057800,0.0,0.0,0.0
2021-06-04 00:00:00-04:00,322.4433040394962,326.5339580391528,322.3752811601444,326.0870056152344,38736500,0.0,0.0,0.0
2021-06-07 00:00:00-04:00,325.5525129426862,327.116890591314,324.8626472187951,327.05859375,32611900,0.0,0.0,0.0
2021-06-08 00:00:00-04:00,328.80760798571464,329.67239401675255,325.5331397428313,327.214111328125,27282800,0.0,0.0,0.0
2021-06-09 00:00:00-04:00,328.58418630693745,329.3614975041773,327.10725351865176,327.2918701171875,21485300,0.0,0.0,0.0
2021-06-10 00:00:00-04:00,327.6318721622562,330.8091686857066,327.1849198193199,330.7023010253906,33702100,0.0,0.0,0.0
2021-06-11 00:00:00-04:00,330.71213944717647,331.5769257357881,330.0611478760552,331.56719970703125,21222800,0.0,0.0,0.0
2021-06-14 00:00:00-04:00,331.99470959282837,334.7542032115764,330.8092906053181,334.7445068359375,27827700,0.0,0.0,0.0
2021-06-15 00:00:00-04:00,334.39457636584274,334.70551263059326,331.8391226851063,332.55816650390625,35963800,0.0,0.0,0.0
2021-06-16 00:00:00-04:00,333.02463114817357,334.0934563139604,327.8846036301317,331.34368896484375,55399500,0.0,0.0,0.0
2021-06-17 00:00:00-04:00,330.3330973709085,336.5614009161053,330.28452654871006,335.5508728027344,59722700,0.0,0.0,0.0
2021-06-18 00:00:00-04:00,333.8893783462485,335.0359226391547,332.1695322543703,332.917724609375,55414900,0.0,0.0,0.0
2021-06-21 00:00:00-04:00,333.1093563944914,335.3078507278584,330.8914171304185,334.98681640625,32992600,0.397,0.0,0.0
2021-06-22 00:00:00-04:00,334.7825730099567,338.5569680150308,334.4810132768944,338.1094970703125,28941600,0.0,0.0,0.0
2021-06-23 00:00:00-04:00,338.0511206875687,339.42274540269887,337.43826393326384,338.27484130859375,27188500,0.0,0.0,0.0
2021-06-24 00:00:00-04:00,340.21062348972123,341.89351519306285,339.66586864290497,340.36627197265625,32581600,0.0,0.0,0.0
2021-06-25 00:00:00-04:00,340.93048562980766,341.17368082800033,339.3448481876853,339.9479675292969,28682800,0.0,0.0,0.0
2021-06-28 00:00:00-04:00,341.2320954092753,344.2185400064888,341.1737309280916,344.08233642578125,39130300,0.0,0.0,0.0
2021-06-29 00:00:00-04:00,343.90723232121877,345.35666637054663,343.07065499224,345.3274841308594,29426000,0.0,0.0,0.0
2021-06-30 00:00:00-04:00,345.1717907003328,345.5609267614072,344.1990099214737,344.7826843261719,32724000,0.0,0.0,0.0
2021-07-01 00:00:00-04:00,344.43252436754494,345.4247501521042,343.0803447297176,344.9189147949219,29290000,0.0,0.0,0.0
2021-07-02 00:00:00-04:00,346.81582294188183,349.19914793342,346.5823650343377,348.8781433105469,32727200,0.0,0.0,0.0
2021-07-06 00:00:00-04:00,349.48127669565827,350.6680705847408,346.7866545948441,350.3859558105469,38842400,0.0,0.0,0.0
2021-07-07 00:00:00-04:00,352.58447663983867,352.88603636745694,349.1700059141301,351.12530517578125,35265200,0.0,0.0,0.0
2021-07-08 00:00:00-04:00,346.05705282530545,349.8606295414184,344.77300465517175,349.00457763671875,50890000,0.0,0.0,0.0
2021-07-09 00:00:00-04:00,348.4209302151484,351.66027738441346,347.8372557675837,351.1836242675781,35184500,0.0,0.0,0.0
2021-07-12 00:00:00-04:00,352.58448009365276,353.01250610225594,351.00854996002107,352.5552978515625,25717700,0.0,0.0,0.0
2021-07-13 00:00:00-04:00,352.17589901746976,355.522267982775,351.6992458343561,352.5552978515625,39723000,0.0,0.0,0.0
2021-07-14 00:00:00-04:00,354.89966586143754,355.54170485979586,352.3607217963523,353.1875915527344,35336400,0.0,0.0,0.0
2021-07-15 00:00:00-04:00,353.09997122571923,353.3042468731419,348.7029831874876,350.7069091796875,53391600,0.0,0.0,0.0
2021-07-16 00:00:00-04:00,351.56297977405853,352.5454978947028,347.5162080307777,347.8664245605469,47262000,0.0,0.0,0.0
2021-07-19 00:00:00-04:00,344.4130557565104,345.5123028914568,342.457786391463,345.0162048339844,64404600,0.0,0.0,0.0
2021-07-20 00:00:00-04:00,345.9500870663066,350.4735124557831,344.1698813388037,349.0240783691406,42183700,0.0,0.0,0.0
2021-07-21 00:00:00-04:00,348.59610057614583,351.7187194824219,348.3723502439064,351.7187194824219,30259900,0.0,0.0,0.0
2021-07-22 00:00:00-04:00,351.9229550946191,354.05334775915543,351.9229550946191,354.04364013671875,30252200,0.0,0.0,0.0
2021-07-23 00:00:00-04:00,355.36656660065574,358.46000254973995,354.01441666905237,358.17791748046875,31960800,0.0,0.0,0.0
2021-07-26 00:00:00-04:00,357.4872106443237,358.84912752891137,356.62145115994775,358.4599914550781,28438100,0.0,0.0,0.0
2021-07-27 00:00:00-04:00,358.19731473782406,358.19731473782406,350.35670457892274,354.5104675292969,57933100,0.0,0.0,0.0
2021-07-28 00:00:00-04:00,355.6486244127511,357.4482746175824,353.3528465587035,355.8723449707031,42066200,0.0,0.0,0.0
2021-07-29 00:00:00-04:00,355.3082599435065,357.6721106466066,355.3082599435065,356.5047912597656,25672500,0.0,0.0,0.0
2021-07-30 00:00:00-04:00,352.57470051486854,355.2304029743744,352.5455182762769,354.646728515625,36484600,0.0,0.0,0.0
2021-08-02 00:00:00-04:00,356.31022933741633,356.8939038843749,353.96582352652837,354.67596435546875,27334100,0.0,0.0,0.0
2021-08-03 00:00:00-04:00,355.3374214919236,356.94250410967845,352.14670118797335,356.8257751464844,35558500,0.0,0.0,0.0
2021-08-04 00:00:00-04:00,356.78684686281116,358.29467509894044,355.67789205269503,357.3413391113281,29602200,0.0,0.0,0.0
2021-08-05 00:00:00-04:00,358.15844650154094,359.84136806061525,357.44833548012485,359.60791015625,21443900,0.0,0.0,0.0
2021-08-06 00:00:00-04:00,358.34340159731715,359.31618278565287,356.92314937468626,358.0321044921875,33332100,0.0,0.0,0.0
2021-08-09 00:00:00-04:00,358.4892370994956,359.2188228366064,357.39001952592776,358.69354248046875,25960200,0.0,0.0,0.0
2021-08-10 00:00:00-04:00,359.20906212633037,359.50088450327837,355.66812562247975,356.85491943359375,35130800,0.0,0.0,0.0
2021-08-11 00:00:00-04:00,358.1195857036136,358.6156837906482,354.90939082350536,356.2420959472656,34249800,0.0,0.0,0.0
2021-08-12 00:00:00-04:00,355.73617958847785,357.8860166414573,354.38400015424133,357.5260925292969,25969200,0.0,0.0,0.0
2021-08-13 00:00:00-04:00,357.8763573210079,359.1117782999788,357.38022959301173,358.7810363769531,19336200,0.0,0.0,0.0
2021-08-16 00:00:00-04:00,357.662274713453,358.9755048416667,353.80033434476707,358.9366149902344,34856900,0.0,0.0,0.0
2021-08-17 00:00:00-04:00,356.18372836418797,357.1565092853994,353.3432246989245,355.7751770019531,44793900,0.0,0.0,0.0
2021-08-18 00:00:00-04:00,355.24014330023795,356.64095025543173,352.02024070255584,352.3509826660156,38541900,0.0,0.0,0.0
2021-08-19 00:00:00-04:00,350.41512328504285,355.72649847904336,350.16219076111844,354.0533142089844,48499400,0.0,0.0,0.0
2021-08-20 00:00:00-04:00,355.1233652624728,358.1195468253012,354.8120682739087,357.720703125,39486000,0.0,0.0,0.0
2021-08-23 00:00:00-04:00,358.7615725928064,363.76168050891255,358.7518649712199,363.0710144042969,34034700,0.0,0.0,0.0
2021-08-24 00:00:00-04:00,363.6643894950472,364.78308153545163,363.1974439996376,364.1799621582031,21732900,0.0,0.0,0.0
2021-08-25 00:00:00-04:00,364.4329104745258,365.1722334525729,363.6838501877411,364.5982666015625,20441900,0.0,0.0,0.0
2021-08-26 00:00:00-04:00,363.7422217851957,364.4231505554869,361.8452872879175,362.2830505371094,29133300,0.0,0.0,0.0
2021-08-27 00:00:00-04:00,362.9154047521604,366.3104008483986,362.4290142656199,365.8045654296875,27104700,0.0,0.0,0.0
2021-08-30 00:00:00-04:00,366.5924815961925,370.39605841011763,366.5730069789112,369.90966796875,27295700,0.0,0.0,0.0
2021-08-31 00:00:00-04:00,370.1529092840911,370.22098139230286,368.06140637622474,369.608154296875,29628200,0.0,0.0,0.0
2021-09-01 00:00:00-04:00,370.6684478607396,372.292975362787,370.01667158597905,370.220947265625,28138300,0.0,0.0,0.0
2021-09-02 00:00:00-04:00,371.5731411382523,371.9038830992487,368.82989173085343,370.0458679199219,25453400,0.0,0.0,0.0
2021-09-03 00:00:00-04:00,368.89804056688484,371.5829258345582,368.87859563267074,371.18408203125,24605400,0.0,0.0,0.0
2021-09-07 00:00:00-04:00,371.291000895279,372.361065805682,370.1333892676953,371.70928955078125,23970200,0.0,0.0,0.0
2021-09-08 00:00:00-04:00,371.534158274516,371.534158274516,368.1489001406612,370.41546630859375,32949200,0.0,0.0,0.0
2021-09-09 00:00:00-04:00,370.63923459363065,371.74818930579295,368.89794859063556,369.1411437988281,29399000,0.0,0.0,0.0
2021-09-10 00:00:00-04:00,370.8532868841385,371.57313527689786,366.00882713601777,366.3395690917969,40249400,0.0,0.0,0.0
2021-09-13 00:00:00-04:00,368.6741788098618,369.1022047285925,364.03402517028945,366.0865783691406,48741800,0.0,0.0,0.0
2021-09-14 00:00:00-04:00,367.57495227251627,368.30453789918135,364.0924099434775,365.0457458496094,41826600,0.0,0.0,0.0
2021-09-15 00:00:00-04:00,365.5029974158369,368.11004323972287,363.2072189342207,367.75982666015625,34097900,0.0,0.0,0.0
2021-09-16 00:00:00-04:00,366.4270882738112,368.5866629766989,364.5010011650978,368.0127258300781,35193100,0.0,0.0,0.0
2021-09-17 00:00:00-04:00,367.536109825172,367.58473699845644,362.6138405372607,363.6546936035156,60912300,0.0,0.0,0.0
2021-09-20 00:00:00-04:00,357.8543837928454,359.59760052316324,351.4950827977084,356.1404113769531,76203200,0.414,0.0,0.0
2021-09-21 00:00:00-04:00,357.9711944533956,359.16905211173173,355.4489023902439,356.5785827636719,41927500,0.0,0.0,0.0
2021-09-22 00:00:00-04:00,357.49402829718525,361.36999924263114,356.39356246705603,359.9092102050781,46972900,0.0,0.0,0.0
2021-09-23 00:00:00-04:00,361.0681637418522,364.2624217662408,360.42541289477083,363.2301330566406,44652000,0.0,0.0,0.0
2021-09-24 00:00:00-04:00,360.9609867483435,363.9897049876901,360.59091541493484,363.5709228515625,36056800,0.0,0.0,0.0
2021-09-27 00:00:00-04:00,360.52281129124447,361.54535191377386,358.1173770540281,360.66888427734375,43338100,0.0,0.0,0.0
2021-09-28 00:00:00-04:00,356.11117076204636,360.6201147040076,349.9563723787848,350.4627685546875,97701600,0.0,0.0,0.0
2021-09-29 00:00:00-04:00,351.7287613395752,353.8712338755902,349.264898605271,349.8881530761719,58076600,0.0,0.0,0.0
2021-09-30 00:00:00-04:00,351.53404863767764,353.1993399840683,347.76521730224164,348.60272216796875,61384600,0.0,0.0,0.0
2021-10-01 00:00:00-04:00,349.22590299623664,351.8066238430933,345.11621612545656,350.76458740234375,56375500,0.0,0.0,0.0
2021-10-04 00:00:00-04:00,349.1480780221825,349.4791866675768,341.1624483936474,343.4023132324219,76766000,0.0,0.0,0.0
2021-10-05 00:00:00-04:00,344.46379528915065,350.28748511975874,344.2398266509391,348.0378723144531,47232900,0.0,0.0,0.0
2021-10-06 00:00:00-04:00,344.8240754097406,350.54065425887137,343.91839342621887,350.2679748535156,56806500,0.0,0.0,0.0
2021-10-07 00:00:00-04:00,353.3161508089224,356.1306185203988,352.7805400687299,353.4817199707031,39411200,0.0,0.0,0.0
2021-10-08 00:00:00-04:00,354.56276943415554,354.79651593402605,351.18347563024247,351.7191162109375,41822300,0.0,0.0,0.0
2021-10-11 00:00:00-04:00,350.18038033681086,353.7057766351292,348.93384138552597,349.0215148925781,34847200,0.0,0.0,0.0
2021-10-12 00:00:00-04:00,350.4725032589448,350.9107221290782,347.16138745423643,347.80413818359375,43905100,0.0,0.0,0.0
2021-10-13 00:00:00-04:00,350.1121739119291,351.26132077765135,348.08652988167273,350.58935546875,40120800,0.0,0.0,0.0
2021-10-14 00:00:00-04:00,354.18290221670367,357.2603012668511,353.52068500485416,357.0460510253906,43433900,0.0,0.0,0.0
2021-10-15 00:00:00-04:00,358.2634571010501,359.41260424079195,357.2311683524908,359.2957458496094,40419900,0.0,0.0,0.0
2021-10-18 00:00:00-04:00,358.0004920273736,363.12300272947454,357.39670386640887,362.90875244140625,34513500,0.0,0.0,0.0
2021-10-19 00:00:00-04:00,363.9799290049962,365.70364934087826,362.9573885840173,365.65496826171875,29091000,0.0,0.0,0.0
2021-10-20 00:00:00-04:00,366.1126920790637,366.7262282342256,363.697510154571,365.17779541015625,31390300,0.0,0.0,0.0
2021-10-21 00:00:00-04:00,364.37923997088194,367.60271223649335,364.0773459317339,367.4079284667969,25469300,0.0,0.0,0.0
2021-10-22 00:00:00-04:00,366.1516918456804,367.11580320435655,362.65553993752417,364.3208312988281,36275800,0.0,0.0,0.0
2021-10-25 00:00:00-04:00,365.7426779141766,368.9661505386288,363.79495887971206,368.05072021484375,32597800,0.0,0.0,0.0
2021-10-26 00:00:00-04:00,370.2905941844222,372.7057466311138,368.03123309830306,369.2095947265625,47191300,0.0,0.0,0.0
2021-10-27 00:00:00-04:00,369.65755531156043,373.1342406653701,369.39462396036834,370.06658935546875,45760500,0.0,0.0,0.0
2021-10-28 00:00:00-04:00,371.96558899795286,374.4294519539126,371.1962317932567,374.1762390136719,38007000,0.0,0.0,0.0
2021-10-29 00:00:00-04:00,371.09886752905,376.1824148809479,370.7482924040099,376.016845703125,37310100,0.0,0.0,0.0
2021-11-01 00:00:00-04:00,376.455084729412,377.4289441227973,374.3710410818793,377.3023376464844,30765300,0.0,0.0,0.0
2021-11-02 00:00:00-04:00,376.68885147442035,379.35724677597796,376.6401703862213,378.8800354003906,25135300,0.0,0.0,0.0
2021-11-03 00:00:00-04:00,379.36698460578083,383.32085209281854,378.32497745020856,382.902099609375,33748900,0.0,0.0,0.0
2021-11-04 00:00:00-04:00,384.16804775184016,388.76466508058655,383.62268889248287,387.8102722167969,40265300,0.0,0.0,0.0
2021-11-05 00:00:00-04:00,389.5827187862258,390.5078673750393,386.77799898721173,388.18035888671875,43383800,0.0,0.0,0.0
2021-11-08 00:00:00-05:00,388.15115779710675,389.17369830448143,387.01172919418167,387.65447998046875,29256300,0.0,0.0,0.0
2021-11-09 00:00:00-05:00,388.7257311225047,389.1250170525933,383.62271725276725,384.9861145019531,50490700,0.0,0.0,0.0
2021-11-10 00:00:00-05:00,382.2105570739352,385.0249949702203,377.39968979948407,379.32794189453125,54937400,0.0,0.0,0.0
2021-11-11 00:00:00-05:00,382.30801316111234,382.48330073015137,380.03890398916815,380.3797607421875,32243000,0.0,0.0,0.0
2021-11-12 00:00:00-05:00,381.5288632455621,384.91790445067977,379.931749380963,384.3822937011719,34730600,0.0,0.0,0.0
2021-11-15 00:00:00-05:00,385.5607128988306,385.882073452676,381.85031063254206,384.294677734375,33716900,0.0,0.0,0.0
2021-11-16 00:00:00-05:00,383.5641921550003,387.5278064581528,383.3694381357708,387.0311584472656,27872900,0.0,0.0,0.0
2021-11-17 00:00:00-05:00,387.35260667299076,389.2711110299696,386.2716369198881,387.2357482910156,28703300,0.0,0.0,0.0
2021-11-18 00:00:00-05:00,389.2808006923199,391.7543819923216,387.0604026086429,391.24798583984375,45721500,0.0,0.0,0.0
2021-11-19 00:00:00-05:00,392.88408448146737,394.7051967758908,392.0562980604122,393.429443359375,45191700,0.0,0.0,0.0
2021-11-22 00:00:00-05:00,394.96808523529046,398.02598768724204,388.7548587470166,388.8619689941406,61715400,0.0,0.0,0.0
2021-11-23 00:00:00-05:00,387.70316712665146,389.7677741026922,382.64886397876717,387.08966064453125,70098700,0.0,0.0,0.0
2021-11-24 00:00:00-05:00,384.60625329232005,388.61854892696687,382.2787449768081,388.3361511230469,46954400,0.0,0.0,0.0
2021-11-26 00:00:00-05:00,385.75537770202624,387.1480190326592,379.58111355217954,380.9737548828125,51533300,0.0,0.0,0.0
2021-11-29 00:00:00-05:00,385.5411981091676,390.25467386735625,384.8108035857325,389.2418518066406,54447100,0.0,0.0,0.0
2021-11-30 00:00:00-05:00,388.35563316100234,390.70263777754235,381.50940307069664,383.5252990722656,81332700,0.0,0.0,0.0
2021-12-01 00:00:00-05:00,387.86876396554305,390.01126677277836,376.5330547377322,377.00048828125,77766500,0.0,0.0,0.0
2021-12-02 00:00:00-05:00,375.71492143807603,381.49964829455416,374.29309512340205,379.7174987792969,84416600,0.0,0.0,0.0
2021-12-03 00:00:00-05:00,381.0809709653135,382.0840450941537,368.99537061074653,373.11480712890625,105349100,0.0,0.0,0.0
2021-12-06 00:00:00-05:00,373.60178778768574,377.46801184392723,369.3849587979642,376.1046142578125,67588800,0.0,0.0,0.0
2021-12-07 00:00:00-05:00,382.7559073184568,388.04395601653675,382.7169446261442,387.430419921875,56005300,0.0,0.0,0.0
2021-12-08 00:00:00-05:00,387.7616102364316,389.3684723018924,385.8625725191767,389.1639404296875,39204000,0.0,0.0,0.0
2021-12-09 00:00:00-05:00,387.9369089055424,389.73855479046233,383.2428993320278,383.43768310546875,49973700,0.0,0.0,0.0
2021-12-10 00:00:00-05:00,386.2520647369728,387.8686747159307,383.077273958552,387.6057434082031,52545800,0.0,0.0,0.0
2021-12-13 00:00:00-05:00,387.5960470455848,387.9174075757061,381.63603218287085,382.006103515625,50166400,0.0,0.0,0.0
2021-12-14 00:00:00-05:00,377.1757183759927,379.892794312924,373.60167116660904,378.0522155761719,75199200,0.0,0.0,0.0
2021-12-15 00:00:00-05:00,377.7989931184736,387.03119032125574,373.8451265926006,386.67083740234375,73858000,0.0,0.0,0.0
2021-12-16 00:00:00-05:00,387.6348952434456,388.06339563692336,375.1402660005867,376.7276611328125,82591400,0.0,0.0,0.0
2021-12-17 00:00:00-05:00,373.3094911519789,379.01632239107107,371.7902729452207,374.84820556640625,80492500,0.0,0.0,0.0
2021-12-20 00:00:00-05:00,370.11995574802063,372.00189791934713,368.07223292718174,371.2120666503906,65336800,0.491,0.0,0.0
2021-12-21 00:00:00-05:00,374.4884217455541,379.8319987033657,370.7342977336719,379.51995849609375,48899500,0.0,0.0,0.0
2021-12-22 00:00:00-05:00,379.2273784163325,384.34667007234117,378.56431540085174,384.14190673828125,37042200,0.0,0.0,0.0
2021-12-23 00:00:00-05:00,384.49292911590464,388.5103494206365,384.32717824113536,387.0379638671875,29595500,0.0,0.0,0.0
2021-12-27 00:00:00-05:00,388.33486126067066,393.4346618652344,388.30560935408874,393.4346618652344,32820700,0.0,0.0,0.0
2021-12-28 00:00:00-05:00,394.33172175330714,394.5072331846005,390.7335886228549,391.6111755371094,33113700,0.0,0.0,0.0
2021-12-29 00:00:00-05:00,391.74770588060943,393.01532812222314,389.17341917988364,391.55267333984375,32248500,0.0,0.0,0.0
2021-12-30 00:00:00-05:00,391.3382116258626,393.52246334988945,389.79756143706345,390.38262939453125,23850100,0.0,0.0,0.0
2021-12-31 00:00:00-05:00,389.7097586762911,391.0748972404404,387.44751205125,387.94482421875,34752900,0.0,0.0,0.0
2022-01-03 00:00:00-05:00,389.1148868831875,391.93294917467404,386.9989297839432,391.6794128417969,40575900,0.0,0.0,0.0
2022-01-04 00:00:00-05:00,392.2254861401049,392.2644985987434,383.4983306997785,386.5991516113281,58027200,0.0,0.0,0.0
2022-01-05 00:00:00-05:00,384.9122539075164,386.0336464702579,374.4689062551625,374.7224426269531,75739800,0.0,0.0,0.0
2022-01-06 00:00:00-05:00,372.8989955790771,377.706247429034,370.666000818644,374.4591369628906,70814300,0.0,0.0,0.0
2022-01-07 00:00:00-05:00,374.4689036474791,376.15584299963297,368.6280446441318,370.4027099609375,72652300,0.0,0.0,0.0
2022-01-10 00:00:00-05:00,365.4882998546803,371.16340934858334,360.11547006419636,370.6465759277344,91770500,0.0,0.0,0.0
2022-01-11 00:00:00-05:00,369.9151368337182,376.38007583133276,367.8284314531936,376.2143249511719,68295700,0.0,0.0,0.0
2022-01-12 00:00:00-05:00,378.7885880822106,380.4852879183951,375.4244998316744,377.70623779296875,54576400,0.0,0.0,0.0
2022-01-13 00:00:00-05:00,379.0908590373564,379.77344317810594,367.32138607006556,368.2574768066406,77994000,0.0,0.0,0.0
2022-01-14 00:00:00-05:00,365.73193834934995,370.8804816887943,365.5271452663106,370.5489501953125,80121200,0.0,0.0,0.0
2022-01-18 00:00:00-05:00,364.7275931435429,366.8533108837422,360.5638836185451,361.324462890625,75450900,0.0,0.0,0.0
2022-01-19 00:00:00-05:00,362.884653494914,365.36142397943667,357.09253804936543,357.3558349609375,81791500,0.0,0.0,0.0
2022-01-20 00:00:00-05:00,360.5834459873392,364.5618542293534,352.1780605741962,352.71435546875,88610700,0.0,0.0,0.0
2022-01-21 00:00:00-05:00,350.5203533238867,353.1628747001155,342.6512632495949,342.9340515136719,143388900,0.0,0.0,0.0
2022-01-24 00:00:00-05:00,337.2980294800405,345.16712126556564,325.8308036738565,344.5040283203125,198685800,0.0,0.0,0.0
2022-01-25 00:00:00-05:00,338.03904116012035,342.290476850048,333.17325593202776,336.5178527832031,124398400,0.0,0.0,0.0
2022-01-26 00:00:00-05:00,344.12375303045445,347.99491481512257,332.29574373279866,335.99139404296875,146559500,0.0,0.0,0.0
2022-01-27 00:00:00-05:00,340.70107218408737,342.52451051417944,331.5838507758371,332.60772705078125,95255700,0.0,0.0,0.0
2022-01-28 00:00:00-05:00,334.4896757779031,343.2558447119424,329.5361642262604,343.04132080078125,108167900,0.0,0.0,0.0
2022-01-31 00:00:00-05:00,344.4064573705001,354.5962678146219,342.7682614012825,354.0111999511719,94326400,0.0,0.0,0.0
2022-02-01 00:00:00-05:00,355.3568797695104,357.0730710579502,350.1986048645177,356.41973876953125,74433000,0.0,0.0,0.0
2022-02-02 00:00:00-05:00,360.5541961013505,360.8857276435615,355.2203800024864,359.3157958984375,78777100,0.0,0.0,0.0
2022-02-03 00:00:00-05:00,349.6037665908934,352.9191116851506,343.68488272899515,344.74774169921875,95384800,0.0,0.0,0.0
2022-02-04 00:00:00-05:00,345.26453196869426,352.4022946173832,343.2070784765598,349.0967102050781,86318300,0.0,0.0,0.0
2022-02-07 00:00:00-05:00,349.6915224478901,352.0610162014481,345.03053010727854,346.2884216308594,58198100,0.0,0.0,0.0
2022-02-08 00:00:00-05:00,345.1475106886193,351.2711574230751,344.0163874373138,350.1790466308594,64720900,0.0,0.0,0.0
2022-02-09 00:00:00-05:00,354.7035516634693,357.677604538037,353.10436812222264,357.599609375,55766400,0.0,0.0,0.0
2022-02-10 00:00:00-05:00,350.56914570172694,357.3656172419755,347.6633567635275,349.50628662109375,112468500,0.0,0.0,0.0
2022-02-11 00:00:00-05:00,349.5062300581321,351.10541357716863,337.1906719787039,338.4193115234375,101569100,0.0,0.0,0.0
2022-02-14 00:00:00-05:00,337.8634589252005,342.2416920189608,335.32821470648094,338.83856201171875,80254400,0.0,0.0,0.0
2022-02-15 00:00:00-05:00,344.12368568511306,347.497534540643,343.0608267315955,347.2635192871094,55128800,0.0,0.0,0.0
2022-02-16 00:00:00-05:00,345.0110810984815,348.199658401724,341.9784941473925,347.1758117675781,58947100,0.0,0.0,0.0
2022-02-17 00:00:00-05:00,343.95784514263914,344.6599205387647,336.430048301098,336.849365234375,61801400,0.0,0.0,0.0
2022-02-18 00:00:00-05:00,337.7855380650639,338.1755734338996,330.6965477797096,333.0075378417969,80001500,0.0,0.0,0.0
2022-02-22 00:00:00-05:00,330.0626376374052,335.4744776780711,326.0257262916301,329.662841796875,85967100,0.0,0.0,0.0
2022-02-23 00:00:00-05:00,332.8221962457909,333.6607706255645,320.9064352088548,321.2184753417969,86215400,0.0,0.0,0.0
2022-02-24 00:00:00-05:00,310.9019001294283,332.5492030316279,310.33635336792406,332.01287841796875,130614100,0.0,0.0,0.0
2022-02-25 00:00:00-05:00,332.812485851923,337.36623109514375,328.99009779954196,337.16143798828125,78842100,0.0,0.0,0.0
2022-02-28 00:00:00-05:00,333.98266054095194,339.8625325970894,332.8222851647606,338.16583251953125,77515500,0.0,0.0,0.0
2022-03-01 00:00:00-05:00,337.1419560500035,339.41393357869146,330.4624926900795,332.9880065917969,67407000,0.0,0.0,0.0
2022-03-02 00:00:00-05:00,334.53843636013005,339.9112652148175,331.76914648216655,338.57537841796875,70609000,0.0,0.0,0.0
2022-03-03 00:00:00-05:00,341.21785544182995,341.3251322678193,331.87637988452127,333.73883056640625,71089400,0.0,0.0,0.0
2022-03-04 00:00:00-05:00,331.37911455878697,332.81251765485047,326.58162280389973,328.90234375,76936300,0.0,0.0,0.0
2022-03-07 00:00:00-05:00,328.89258994129545,330.0529652120573,316.56727033709245,316.77203369140625,89933800,0.0,0.0,0.0
2022-03-08 00:00:00-05:00,315.9821453748635,324.9140932774325,311.97448594648023,315.2995910644531,116153900,0.0,0.0,0.0
2022-03-09 00:00:00-05:00,323.4904557294229,328.00518787582973,320.8966778940116,326.6497802734375,64723400,0.0,0.0,0.0
2022-03-10 00:00:00-05:00,322.58365182906795,324.23157863844796,318.57596215253807,323.0224304199219,69362700,0.0,0.0,0.0
2022-03-11 00:00:00-05:00,325.996523599772,326.3085637796485,315.83593470623896,316.323486328125,66228400,0.0,0.0,0.0
2022-03-14 00:00:00-04:00,315.0851306926503,318.4589797420882,309.54655115024326,310.2486267089844,79802600,0.0,0.0,0.0
2022-03-15 00:00:00-04:00,312.8911728168052,320.76026412162855,311.2822582146002,319.98016357421875,76471000,0.0,0.0,0.0
2022-03-16 00:00:00-04:00,323.90011167384927,331.9642061338767,320.22395278586424,331.8471984863281,105243000,0.0,0.0,0.0
2022-03-17 00:00:00-04:00,329.9456491888773,335.92303627927254,328.6487750885402,335.8645324707031,67810000,0.0,0.0,0.0
2022-03-18 00:00:00-04:00,334.20686068615504,343.03156248605825,333.0464854994741,342.739013671875,85446300,0.0,0.0,0.0
2022-03-21 00:00:00-04:00,341.9033148826508,344.1292975022892,337.3927437110103,341.7861328125,73799100,0.434,0.0,0.0
2022-03-22 00:00:00-04:00,342.28412163854296,349.3721335375454,341.9033766741158,348.5032043457031,63345900,0.0,0.0,0.0
2022-03-23 00:00:00-04:00,345.62306563264156,349.1865865649411,343.4361138007334,343.49468994140625,70615500,0.0,0.0,0.0
2022-03-24 00:00:00-04:00,345.4180431013783,351.17828888337755,343.2604089859963,351.12945556640625,53555300,0.0,0.0,0.0
2022-03-25 00:00:00-04:00,351.07085241234205,352.1252825250059,346.53102277977075,350.8365478515625,57584200,0.0,0.0,0.0
2022-03-28 00:00:00-04:00,350.8267846241636,356.36246837743397,349.5868832307335,356.26483154296875,56833900,0.0,0.0,0.0
2022-03-29 00:00:00-04:00,360.16024102965406,363.0208181122891,357.38752814675536,362.39599609375,68073000,0.0,0.0,0.0
2022-03-30 00:00:00-04:00,360.5313071002708,362.19104395337257,356.90920984872275,358.3931884765625,68757700,0.0,0.0,0.0
2022-03-31 00:00:00-04:00,358.5396530113968,358.89113969104164,353.1113781818224,353.9510192871094,67011400,0.0,0.0,0.0
2022-04-01 00:00:00-04:00,354.2145918515675,354.9956269704437,350.0945675411485,353.27734375,54527800,0.0,0.0,0.0
2022-04-04 00:00:00-04:00,354.116910666194,360.5605538710006,353.853318050364,360.55078125,45950200,0.0,0.0,0.0
2022-04-05 00:00:00-04:00,359.0960974404359,359.8088135112853,351.40278018421105,352.5450744628906,62738700,0.0,0.0,0.0
2022-04-06 00:00:00-04:00,347.22423176684265,348.3274655192986,342.2548233640563,344.890869140625,90077100,0.0,0.0,0.0
2022-04-07 00:00:00-04:00,343.8949573579129,347.90760149612674,340.4290734874535,345.7109069824219,63777400,0.0,0.0,0.0
2022-04-08 00:00:00-04:00,343.97311628580826,344.72486331984715,340.24360959805165,340.8782043457031,61956100,0.0,0.0,0.0
2022-04-11 00:00:00-04:00,336.6409865518988,337.55871907554007,332.4721593012214,332.8138732910156,66107400,0.0,0.0,0.0
2022-04-12 00:00:00-04:00,337.56858807236847,339.45285717276306,330.03148187620593,331.4080810546875,72790200,0.0,0.0,0.0
2022-04-13 00:00:00-04:00,331.7496912550013,339.1989315583572,331.02723233621174,338.14453125,61367800,0.0,0.0,0.0
2022-04-14 00:00:00-04:00,338.23238196478735,338.7498243741417,330.197350790889,330.4121398925781,73519400,0.0,0.0,0.0
2022-04-18 00:00:00-04:00,329.35776546465155,332.960347165177,327.8347261857636,330.666015625,58560600,0.0,0.0,0.0
2022-04-19 00:00:00-04:00,330.021699135056,338.63275085837597,328.996586699006,338.0567321777344,56515700,0.0,0.0,0.0
2022-04-20 00:00:00-04:00,338.8670126799724,339.32587900079994,331.9059262743585,333.1263122558594,65500000,0.0,0.0,0.0
2022-04-21 00:00:00-04:00,337.0120391029308,339.62853955212694,325.3061060540823,326.23358154296875,75801000,0.0,0.0,0.0
2022-04-22 00:00:00-04:00,326.38973999892653,327.61012580245654,317.261248229607,317.6908264160156,82562100,0.0,0.0,0.0
2022-04-25 00:00:00-04:00,316.0604677749035,322.08427656175553,314.79124842111077,321.7718505859375,101755900,0.0,0.0,0.0
2022-04-26 00:00:00-04:00,319.7118121896965,319.89731322684804,309.3531613568277,309.6265563964844,105819600,0.0,0.0,0.0
2022-04-27 00:00:00-04:00,309.72419387180275,315.23058979976224,307.5372716962285,309.2555847167969,111204200,0.0,0.0,0.0
2022-04-28 00:00:00-04:00,314.2250086291229,322.074540108062,309.99757463310556,320.23907470703125,99450000,0.0,0.0,0.0
2022-04-29 00:00:00-04:00,316.03120589019034,319.4775751485844,305.19417103694815,305.8287658691406,91977900,0.0,0.0,0.0
2022-05-02 00:00:00-04:00,305.418646303666,311.16911901360544,302.3139916989888,310.934814453125,115511800,0.0,0.0,0.0
2022-05-03 00:00:00-04:00,310.9543282083994,313.56108560786106,308.49404095301827,311.2667541503906,78185500,0.0,0.0,0.0
2022-05-04 00:00:00-04:00,311.7451560851586,322.4650372818678,306.4535791498154,321.7913818359375,116083400,0.0,0.0,0.0
2022-05-05 00:00:00-04:00,317.4663470202801,317.54443861501284,302.28472723588106,305.58465576171875,154607400,0.0,0.0,0.0
2022-05-06 00:00:00-04:00,303.5832292876578,307.625132173351,297.8815597513677,301.9234924316406,139572800,0.0,0.0,0.0
2022-05-09 00:00:00-04:00,296.2901578194416,302.0210847889585,288.7139932125377,290.110107421875,113387300,0.0,0.0,0.0
2022-05-10 00:00:00-04:00,297.29573975019605,298.516125493751,289.54384712356915,293.63458251953125,124124600,0.0,0.0,0.0
2022-05-11 00:00:00-04:00,291.3695461539237,296.8856838831957,284.05700414402463,284.9259033203125,140326100,0.0,0.0,0.0
2022-05-12 00:00:00-04:00,280.6399040324493,288.7432530627899,278.1893600427758,284.2522277832031,120910900,0.0,0.0,0.0
2022-05-13 00:00:00-04:00,288.7140102983399,295.82153645098987,287.11284972704317,294.7866516113281,83684900,0.0,0.0,0.0
2022-05-16 00:00:00-04:00,293.0390166963272,295.09904330995386,290.09057548694534,291.3695373535156,59190400,0.0,0.0,0.0
2022-05-17 00:00:00-04:00,297.23716039679977,299.2971572082001,293.42953308251396,298.9164123535156,62715300,0.0,0.0,0.0
2022-05-18 00:00:00-04:00,294.3961274991841,295.08929831900707,282.9830766545785,284.2425231933594,79477100,0.0,0.0,0.0
2022-05-19 00:00:00-04:00,282.4362828676987,287.41546197493653,280.7667739482293,282.7193908691406,79920700,0.0,0.0,0.0
2022-05-20 00:00:00-04:00,286.185406437798,286.8395166559795,273.5714834943717,281.8408203125,91764200,0.0,0.0,0.0
2022-05-23 00:00:00-04:00,282.88548741451507,286.90787508274974,280.4837760018996,286.5271301269531,63648400,0.0,0.0,0.0
2022-05-24 00:00:00-04:00,281.30380445222414,282.01649066870726,275.56310506062295,280.43487548828125,73491100,0.0,0.0,0.0
2022-05-25 00:00:00-04:00,278.9411490391971,286.4392224642568,278.7361325556307,284.35968017578125,67144500,0.0,0.0,0.0
2022-05-26 00:00:00-04:00,283.55912528633024,293.79085205707304,283.2759873968097,292.2384948730469,59462200,0.0,0.0,0.0
2022-05-27 00:00:00-04:00,295.37245560043664,301.92347892682784,295.2553033183494,301.77703857421875,66985600,0.0,0.0,0.0
2022-05-31 00:00:00-04:00,301.74773263385623,303.9541700031813,297.12000920342035,300.9764404296875,60968300,0.0,0.0,0.0
2022-06-01 00:00:00-04:00,303.114589743024,305.24293574413247,296.5342780648201,298.75048828125,65341700,0.0,0.0,0.0
2022-06-02 00:00:00-04:00,297.627724719994,307.1076742229117,296.2120651321494,306.93194580078125,59291300,0.0,0.0,0.0
2022-06-03 00:00:00-04:00,301.70868029341625,303.1145672232682,297.6960657856228,298.94573974609375,60914700,0.0,0.0,0.0
2022-06-06 00:00:00-04:00,303.3879273436883,304.9500272165213,298.3794589650576,299.9415588378906,51785000,0.0,0.0,0.0
2022-06-07 00:00:00-04:00,296.61234962090106,303.30984292834245,295.5188886224399,302.5287780761719,44900300,0.0,0.0,0.0
2022-06-08 00:00:00-04:00,301.72822324388414,304.3349808540067,299.5022403678184,300.3516540527344,38342100,0.0,0.0,0.0
2022-06-09 00:00:00-04:00,298.66263418961836,301.72822838598177,292.1408984338965,292.3068542480469,55900500,0.0,0.0,0.0
2022-06-10 00:00:00-04:00,286.6930828988606,287.8841808671005,281.54794607415045,281.9970397949219,85963500,0.0,0.0,0.0
2022-06-13 00:00:00-04:00,273.12236921493223,275.65100526877563,268.026036415278,268.88519287109375,94442000,0.0,0.0,0.0
2022-06-14 00:00:00-04:00,271.08192308243196,272.0582319476163,266.86426163413597,269.3733825683594,64697500,0.0,0.0,0.0
2022-06-15 00:00:00-04:00,272.80022932040725,280.0346516092351,270.0567740676047,276.1001281738281,86051400,0.0,0.0,0.0
2022-06-16 00:00:00-04:00,269.0609281423744,269.5197944522944,262.90042223776317,264.96044921875,81910300,0.0,0.0,0.0
2022-06-17 00:00:00-04:00,265.73176697500634,270.62308442451274,264.10134768822763,268.18231201171875,82703400,0.0,0.0,0.0
2022-06-21 00:00:00-04:00,272.6692052020595,277.2666889435167,272.56161912710195,274.9483642578125,51633700,0.527,0.0,0.0
2022-06-22 00:00:00-04:00,272.444240376661,278.9589600025479,271.84756149434503,274.54736328125,67472900,0.0,0.0,0.0
2022-06-23 00:00:00-04:00,277.03187006399634,279.4871248933807,274.1951384635695,278.6361083984375,57457800,0.0,0.0,0.0
2022-06-24 00:00:00-04:00,281.4630678512849,288.60383944644434,281.228312899196,288.1831970214844,58422300,0.0,0.0,0.0
2022-06-27 00:00:00-04:00,289.54292026653025,290.1102547457504,284.9356747248623,286.07037353515625,54151500,0.0,0.0,0.0
2022-06-28 00:00:00-04:00,286.60830010507976,289.2004852448757,277.16881769314875,277.35467529296875,61609800,0.0,0.0,0.0
2022-06-29 00:00:00-04:00,277.217710118933,279.11539200324603,274.71355812038837,277.6089782714844,57302700,0.0,0.0,0.0
2022-06-30 00:00:00-04:00,274.6255503328265,277.74596413882557,269.7639677134483,274.1658020019531,79313600,0.0,0.0,0.0
2022-07-01 00:00:00-04:00,272.8648413222458,276.3667320740986,270.9867121364815,275.9754638671875,56675100,0.0,0.0,0.0
2022-07-05 00:00:00-04:00,272.23877552616864,280.817450713564,270.7128086945748,280.7000732421875,61829300,0.0,0.0,0.0
2022-07-06 00:00:00-04:00,281.08155764451436,284.60303076653474,279.35994192889393,282.4999084472656,63194700,0.0,0.0,0.0
2022-07-07 00:00:00-04:00,283.3118676841151,289.2494607611048,283.3118676841151,288.545166015625,56620100,0.0,0.0,0.0
2022-07-08 00:00:00-04:00,285.7084186791416,290.27655827441725,284.7693689215917,288.9071044921875,59895500,0.0,0.0,0.0
2022-07-11 00:00:00-04:00,286.49096989467597,286.715933451254,281.85438024397337,282.7347412109375,55273900,0.0,0.0,0.0
2022-07-12 00:00:00-04:00,283.98677090225823,285.904005781982,278.40131119956305,279.9957580566406,55797100,0.0,0.0,0.0
2022-07-13 00:00:00-04:00,274.47884602246756,281.7663097877222,273.91148173868027,279.4186706542969,73939400,0.0,0.0,0.0
2022-07-14 00:00:00-04:00,276.81666751477024,281.2869818073733,273.69625380521563,280.4164123535156,63741800,0.0,0.0,0.0
2022-07-15 00:00:00-04:00,283.40968932244186,285.61060664821235,281.7956594020621,285.50299072265625,63818100,0.0,0.0,0.0
2022-07-18 00:00:00-04:00,288.2907133619511,289.69930229163515,281.9129572677661,283.0867614746094,59519600,0.0,0.0,0.0
2022-07-19 00:00:00-04:00,286.71593944316743,292.0861981723975,285.1117307356843,291.792724609375,55172600,0.0,0.0,0.0
2022-07-20 00:00:00-04:00,292.213369886789,297.6031517796827,291.43080356302335,296.4195556640625,67769400,0.0,0.0,0.0
2022-07-21 00:00:00-04:00,296.87925759821957,300.7333103156491,294.2185922174334,300.67462158203125,55049400,0.0,0.0,0.0
2022-07-22 00:00:00-04:00,299.74539853776133,301.819147180153,293.57304994858725,295.4022521972656,57127700,0.0,0.0,0.0
2022-07-25 00:00:00-04:00,295.43152035932314,295.9010600607953,291.71442807450484,293.7196960449219,40582400,0.0,0.0,0.0
2022-07-26 00:00:00-04:00,292.0177110014292,292.272048779563,287.1365749945954,287.9484558105469,50074100,0.0,0.0,0.0
2022-07-27 00:00:00-04:00,292.51660523027056,301.80936763757944,291.94924091362884,300.1170959472656,69304400,0.0,0.0,0.0
2022-07-28 00:00:00-04:00,299.90190755932855,303.62879215852263,296.1456785873792,303.0516662597656,55139900,0.0,0.0,0.0
2022-07-29 00:00:00-04:00,304.59720722918473,309.4881348906429,303.16903485870444,308.5783996582031,57501000,0.0,0.0,0.0
2022-08-01 00:00:00-04:00,306.80777034962796,311.85520937202494,305.7122077435589,308.3924255371094,46358800,0.0,0.0,0.0
2022-08-02 00:00:00-04:00,306.093746470799,311.6009044410166,305.0372896668333,307.47296142578125,48676500,0.0,0.0,0.0
2022-08-03 00:00:00-04:00,309.1554390037389,316.66792447631303,309.09675027637735,315.84625244140625,53735700,0.0,0.0,0.0
2022-08-04 00:00:00-04:00,315.9245358005284,317.63636022868366,313.77251600725083,317.3233337402344,38973700,0.0,0.0,0.0
2022-08-05 00:00:00-04:00,312.2270485483683,316.7658139840289,311.4445120479677,314.731201171875,53894000,0.0,0.0,0.0
2022-08-08 00:00:00-04:00,315.65065454189204,319.3481942233988,312.2465585446914,313.7138366699219,43878500,0.0,0.0,0.0
2022-08-09 00:00:00-04:00,311.81616067728,312.07049844322415,308.53926334826303,310.16302490234375,39764200,0.0,0.0,0.0
2022-08-10 00:00:00-04:00,317.50921188482425,319.11345035298365,315.0344038884377,318.8199768066406,51459600,0.0,0.0,0.0
2022-08-11 00:00:00-04:00,321.14804997763775,323.1533181299497,316.306020251236,317.01031494140625,45897700,0.0,0.0,0.0
2022-08-12 00:00:00-04:00,319.0645264567088,323.37832792129433,318.0080992938017,323.1827087402344,40928400,0.0,0.0,0.0
2022-08-15 00:00:00-04:00,322.2338843720022,326.29334827484615,322.2143015565841,325.7944641113281,38266600,0.0,0.0,0.0
2022-08-16 00:00:00-04:00,324.8162311302888,327.12476412329613,321.97949953153403,325.03143310546875,41186900,0.0,0.0,0.0
2022-08-17 00:00:00-04:00,321.89149147226397,324.19999479301384,319.2405874236265,321.3241271972656,47842200,0.0,0.0,0.0
2022-08-18 00:00:00-04:00,321.27522114148155,323.2804893080499,319.66122117182294,322.0968933105469,41937200,0.0,0.0,0.0
2022-08-19 00:00:00-04:00,319.0548386895048,319.7102063828074,315.0540329597149,315.8170166015625,51770600,0.0,0.0,0.0
2022-08-22 00:00:00-04:00,311.55214452106736,311.7868995357727,306.6905604124885,307.50244140625,51098900,0.0,0.0,0.0
2022-08-23 00:00:00-04:00,307.2676608758052,310.08484022576204,306.49488588076076,307.24810791015625,39497100,0.0,0.0,0.0
2022-08-24 00:00:00-04:00,306.76870019143814,309.9575940568266,306.16223003707927,308.13818359375,38057100,0.0,0.0,0.0
2022-08-25 00:00:00-04:00,309.91847458385456,313.60625273552847,308.87183886814546,313.586669921875,38098300,0.0,0.0,0.0
2022-08-26 00:00:00-04:00,313.2932668013605,314.49644577468706,300.6453348026327,300.7333679199219,69047700,0.0,0.0,0.0
2022-08-29 00:00:00-04:00,297.9748502855104,300.5181384539001,296.6640853502917,297.7694396972656,48321900,0.0,0.0,0.0
2022-08-30 00:00:00-04:00,299.42247477379266,300.03873618303777,291.92957308299856,294.4532775878906,51184500,0.0,0.0,0.0
2022-08-31 00:00:00-04:00,297.3586141124348,298.25855794816766,292.63399106743503,292.7415771484375,50044000,0.0,0.0,0.0
2022-09-01 00:00:00-04:00,290.2471230877456,293.2403675080189,286.5593755116165,292.86865234375,57990700,0.0,0.0,0.0
2022-09-02 00:00:00-04:00,295.7445911632377,297.1238362569738,287.1169881608131,288.73101806640625,64666800,0.0,0.0,0.0
2022-09-06 00:00:00-04:00,289.21027525272297,290.12977184154136,284.5247592120652,286.6571960449219,57005400,0.0,0.0,0.0
2022-09-07 00:00:00-04:00,287.13655005354025,293.44582795878586,286.87242089092786,292.4480895996094,49260400,0.0,0.0,0.0
2022-09-08 00:00:00-04:00,290.3743402363653,295.28482016854514,289.00488665486586,293.9642639160156,55649800,0.0,0.0,0.0
2022-09-09 00:00:00-04:00,296.2239112951973,300.88987538447077,293.964305106146,300.3909912109375,56125200,0.0,0.0,0.0
2022-09-12 00:00:00-04:00,301.7701780967967,304.29388314509475,301.45715162282016,303.9613037109375,45905700,0.0,0.0,0.0
2022-09-13 00:00:00-04:00,295.21633806147366,296.40972542851875,286.40290801772255,287.2930603027344,79562200,0.0,0.0,0.0
2022-09-14 00:00:00-04:00,288.4375060148532,290.4525654242087,286.6669929401463,289.57220458984375,54907200,0.0,0.0,0.0
2022-09-15 00:00:00-04:00,287.65499831581434,290.0613261297462,283.1455479330982,284.7497863769531,65299400,0.0,0.0,0.0
2022-09-16 00:00:00-04:00,281.44350335294047,283.39987414509164,279.3893080508119,283.00860595703125,79920400,0.0,0.0,0.0
2022-09-19 00:00:00-04:00,280.3617623634722,285.36925788340324,280.3029681624726,285.21246337890625,52613800,0.519,0.0,0.0
2022-09-20 00:00:00-04:00,282.7038801471384,285.232151029439,280.6362137942929,282.9390869140625,51271100,0.0,0.0,0.0
2022-09-21 00:00:00-04:00,283.7817367355488,288.0543044733363,277.7355041722187,277.8726806640625,82931000,0.0,0.0,0.0
2022-09-22 00:00:00-04:00,276.3440423983697,277.3533829172927,273.2278295231123,274.4527587890625,62757100,0.0,0.0,0.0
2022-09-23 00:00:00-04:00,271.983285465821,272.27728643642564,266.56419952539187,269.9842224121094,74815200,0.0,0.0,0.0
2022-09-26 00:00:00-04:00,269.51380107029183,273.8843397574687,268.0732832419527,268.8670349121094,71176700,0.0,0.0,0.0
2022-09-27 00:00:00-04:00,272.23808250397224,274.58994076012567,266.6523929782951,268.9748840332031,69780100,0.0,0.0,0.0
2022-09-28 00:00:00-04:00,268.9552175757997,275.6090406552918,267.4755235954847,274.3253173828125,79652100,0.0,0.0,0.0
2022-09-29 00:00:00-04:00,270.32717038385465,270.70936266225266,263.44797852218176,266.4172058105469,81216000,0.0,0.0,0.0
2022-09-30 00:00:00-04:00,265.59406465830415,269.67063288539833,261.74289418441106,261.8996887207031,78482400,0.0,0.0,0.0
2022-10-03 00:00:00-04:00,263.6733756405104,269.6412273086269,262.16425444341803,268.0439147949219,61267400,0.0,0.0,0.0
2022-10-04 00:00:00-04:00,273.39436874587614,277.1769653939,273.39436874587614,276.4714050292969,66696900,0.0,0.0,0.0
2022-10-05 00:00:00-04:00,272.69856983701754,278.11765408644186,269.8959468725678,276.3243713378906,55766300,0.0,0.0,0.0
2022-10-06 00:00:00-04:00,275.3248703546536,278.4802890818558,273.8255582519906,274.1489562988281,53489400,0.0,0.0,0.0
2022-10-07 00:00:00-04:00,269.5040378040313,269.631435237861,262.3700506590773,263.7027893066406,71354700,0.0,0.0,0.0
2022-10-10 00:00:00-04:00,263.8987321560278,264.29073342037134,258.35227911263866,261.06671142578125,60393000,0.0,0.0,0.0
2022-10-11 00:00:00-04:00,259.3910346837709,262.26226172093607,255.79462918161028,257.4801330566406,66522500,0.0,0.0,0.0
2022-10-12 00:00:00-04:00,258.1170858027284,260.03776649485417,256.69618581479585,257.3919372558594,50580200,0.0,0.0,0.0
2022-10-13 00:00:00-04:00,250.04234566116216,264.7513047312672,249.16038768549487,263.4283752441406,112894100,0.0,0.0,0.0
2022-10-14 00:00:00-04:00,265.76060320313445,266.3583541901535,254.92243399113153,255.5103759765625,77244300,0.0,0.0,0.0
2022-10-17 00:00:00-04:00,261.48802600007826,264.81982672187945,261.3900257041888,263.94769287109375,64576500,0.0,0.0,0.0
2022-10-18 00:00:00-04:00,270.98373618624925,271.6500904938322,263.34996903713596,266.0350341796875,69781000,0.0,0.0,0.0
2022-10-19 00:00:00-04:00,264.5160840058095,268.1908713282143,262.6934038485347,265.0648498535156,53115400,0.0,0.0,0.0
2022-10-20 00:00:00-04:00,264.1730989565768,269.3276102316729,262.5464194120329,263.7125244140625,60605500,0.0,0.0,0.0
2022-10-21 00:00:00-04:00,262.6051858763906,270.43492236653367,261.46844819142547,269.8959655761719,77897700,0.0,0.0,0.0
2022-10-24 00:00:00-04:00,270.160641623062,273.7962238460083,266.5152503947844,272.86529541015625,63963600,0.0,0.0,0.0
2022-10-25 00:00:00-04:00,273.80595824255005,278.89186630999666,272.32623430491844,278.5096740722656,59014500,0.0,0.0,0.0
2022-10-26 00:00:00-04:00,272.8750512177065,278.2843583301632,271.8657106363679,272.3556823730469,63492400,0.0,0.0,0.0
2022-10-27 00:00:00-04:00,271.23851616381444,272.6986221206552,266.8777564879459,267.3971252441406,57760300,0.0,0.0,0.0
2022-10-28 00:00:00-04:00,266.76999988808325,276.05006498977406,266.60339635332474,275.5796813964844,62651300,0.0,0.0,0.0
2022-10-31 00:00:00-04:00,273.3258515578879,274.1490005013356,270.45459440223453,272.37530517578125,47742000,0.0,0.0,0.0
2022-11-01 00:00:00-04:00,275.8540770270768,276.4126519624979,269.2296498349258,269.59222412109375,45895900,0.0,0.0,0.0
2022-11-02 00:00:00-04:00,269.56281062737315,272.63003817817383,260.28274566333494,260.3513488769531,79803100,0.0,0.0,0.0
2022-11-03 00:00:00-04:00,257.7348721363837,259.1949779433197,254.88323381874503,255.26539611816406,70038900,0.0,0.0,0.0
2022-11-04 00:00:00-04:00,260.2042955239362,261.262620935391,253.8836504361232,259.371337890625,78313200,0.0,0.0,0.0
2022-11-07 00:00:00-05:00,260.41993038858107,262.7620092159519,258.28366118491385,262.2230224609375,47333800,0.0,0.0,0.0
2022-11-08 00:00:00-05:00,263.7419702874569,267.3775517798265,260.19455020333703,264.1339416503906,63213800,0.0,0.0,0.0
2022-11-09 00:00:00-05:00,262.3896472598714,263.1735899964773,257.7545043372061,258.0386962890625,64862100,0.0,0.0,0.0
2022-11-10 00:00:00-05:00,270.4741113675473,277.3728894321898,268.3574306299329,277.07891845703125,99256700,0.0,0.0,0.0
2022-11-11 00:00:00-05:00,276.8928205948977,282.8508935557488,275.55030284476703,282.18450927734375,66961800,0.0,0.0,0.0
2022-11-14 00:00:00-05:00,280.1265863075021,283.40940244818376,278.7350835242502,279.71502685546875,55290700,0.0,0.0,0.0
2022-11-15 00:00:00-05:00,286.3492328999672,287.3781913426912,280.23439607313935,283.5858154296875,73985400,0.0,0.0,0.0
2022-11-16 00:00:00-05:00,281.62592831354385,283.67400628713096,278.89187804590483,279.71502685546875,48859800,0.0,0.0,0.0
2022-11-17 00:00:00-05:00,275.2464861566308,280.5773802418302,275.0896916358312,279.09765625,55462100,0.0,0.0,0.0
2022-11-18 00:00:00-05:00,282.1159471347535,282.2139175598534,276.65765469019476,279.1075134277344,53588600,0.0,0.0,0.0
2022-11-21 00:00:00-05:00,277.7159306483502,278.87225658755443,275.4032787699417,276.2362365722656,40083500,0.0,0.0,0.0
2022-11-22 00:00:00-05:00,276.9712332967761,280.3716083864238,274.8349338303634,280.21484375,41873400,0.0,0.0,0.0
2022-11-23 00:00:00-05:00,280.23431695350496,283.65430864959086,280.0579343807215,283.02716064453125,46390000,0.0,0.0,0.0
2022-11-25 00:00:00-05:00,281.42997925536906,282.13553977935584,280.675433518044,281.1654052734375,15498800,0.0,0.0,0.0
2022-11-28 00:00:00-05:00,279.1858118886165,281.20449248954884,276.1088057893821,277.03973388671875,38714200,0.0,0.0,0.0
2022-11-29 00:00:00-05:00,277.26517950794414,277.66695987831514,273.57080376892094,274.9427185058594,35618900,0.0,0.0,0.0
2022-11-30 00:00:00-05:00,275.20722740911276,287.5839140324113,274.3546816635539,287.4761047363281,74718100,0.0,0.0,0.0
2022-12-01 00:00:00-05:00,287.7995213571941,289.81820196065985,285.0458833523066,287.82891845703125,51547300,0.0,0.0,0.0
2022-12-02 00:00:00-05:00,282.7528813238132,287.5644070798879,282.57646878094204,286.68243408203125,53583200,0.0,0.0,0.0
2022-12-05 00:00:00-05:00,284.5560073855162,285.8299220139231,280.410835482402,281.8709716796875,41482100,0.0,0.0,0.0
2022-12-06 00:00:00-05:00,281.71405290857746,281.85122939160306,274.638862536521,276.0303649902344,53937600,0.0,0.0,0.0
2022-12-07 00:00:00-05:00,274.84470921012746,276.90259620106474,273.18860257643723,274.90350341796875,45614300,0.0,0.0,0.0
2022-12-08 00:00:00-05:00,276.25576830797405,279.1269944697631,274.1782936802565,278.1568603515625,42594900,0.0,0.0,0.0
2022-12-09 00:00:00-05:00,277.1377547831242,279.9110109941769,275.9422227932472,276.3832092285156,47860500,0.0,0.0,0.0
2022-12-12 00:00:00-05:00,276.55966844795495,279.9110885300564,275.52093068276344,279.8522644042969,35732500,0.0,0.0,0.0
2022-12-13 00:00:00-05:00,290.7001725834761,290.9255703073844,280.17559116121214,282.8606262207031,80667700,0.0,0.0,0.0
2022-12-14 00:00:00-05:00,282.2726715576062,285.5652967825722,277.5101612050546,280.7635803222656,64984400,0.0,0.0,0.0
2022-12-15 00:00:00-05:00,276.6673503076937,277.33373441141117,270.1409549170071,271.33648681640625,60554100,0.0,0.0,0.0
2022-12-16 00:00:00-05:00,270.66032135090643,272.198809432798,267.1422989779341,268.7494201660156,68300400,0.0,0.0,0.0
2022-12-19 00:00:00-05:00,269.01953024700964,269.10793267507745,263.7348097149866,264.9725036621094,44167900,0.655,0.0,0.0
2022-12-20 00:00:00-05:00,263.80364197163163,266.51477034022,262.2221704080176,264.76629638671875,51064200,0.0,0.0,0.0
2022-12-21 00:00:00-05:00,265.807524803152,269.91348741137045,264.962740308283,268.6070556640625,46394700,0.0,0.0,0.0
2022-12-22 00:00:00-05:00,265.59134332773766,265.719045712684,257.81160012388136,262.03546142578125,60278400,0.0,0.0,0.0
2022-12-23 00:00:00-05:00,260.7683665635483,263.2928575000429,258.8627227414645,262.6248779296875,39373600,0.0,0.0,0.0
2022-12-27 00:00:00-05:00,262.01584202876984,262.1239094413992,258.3715570673446,258.91180419921875,38009000,0.0,0.0,0.0
2022-12-28 00:00:00-05:00,258.50913565410923,260.76838946738087,255.13005744457703,255.49349975585938,47139000,0.0,0.0,0.0
2022-12-29 00:00:00-05:00,258.30284360486513,262.66421146878105,257.60542643974037,261.7212219238281,45893600,0.0,0.0,0.0
2022-12-30 00:00:00-05:00,258.9511626339772,261.69175883247533,257.6447307412725,261.5640563964844,37858300,0.0,0.0,0.0
2023-01-03 00:00:00-05:00,263.89202824546896,265.36546227249795,257.48751246640285,259.7958984375,42335300,0.0,0.0,0.0
2023-01-04 00:00:00-05:00,261.91768437745793,262.71333646732893,257.8804589796899,261.0335998535156,47754900,0.0,0.0,0.0
2023-01-05 00:00:00-05:00,259.3637501022572,259.5307225443291,256.6329862583549,256.9472961425781,45396700,0.0,0.0,0.0
2023-01-06 00:00:00-05:00,258.6859086561472,265.1591919339073,255.72920809325254,264.03936767578125,54659700,0.0,0.0,0.0
2023-01-09 00:00:00-05:00,266.03337744781555,270.4144089720357,265.139520633471,265.74853515625,45568700,0.0,0.0,0.0
2023-01-10 00:00:00-05:00,264.71714306111187,268.10605325468526,264.2063633991189,267.99798583984375,35247800,0.0,0.0,0.0
2023-01-11 00:00:00-05:00,269.06874434252666,272.74249736124165,268.28289478164135,272.6344299316406,44077000,0.0,0.0,0.0
2023-01-12 00:00:00-05:00,273.19426632838184,275.13920972773764,268.89183485461996,274.1077880859375,60600000,0.0,0.0,0.0
2023-01-13 00:00:00-05:00,271.60300092594355,276.2394077827865,271.26902614954236,275.99383544921875,44802900,0.0,0.0,0.0
2023-01-17 00:00:00-05:00,275.7973594990596,277.84053805638007,274.6284328189318,276.5537414550781,36269700,0.0,0.0,0.0
2023-01-18 00:00:00-05:00,278.0959421055457,279.6479761696121,272.75231526276207,272.9585876464844,47754500,0.0,0.0,0.0
2023-01-19 00:00:00-05:00,271.3279733334232,272.4674326097556,269.03925227139626,270.27691650390625,44150400,0.0,0.0,0.0
2023-01-20 00:00:00-05:00,271.88791451500214,278.00755881149314,270.8270250857129,277.673583984375,60613600,0.0,0.0,0.0
2023-01-23 00:00:00-05:00,278.5183243060803,285.0701773331729,277.72267234899215,283.8423156738281,52799900,0.0,0.0,0.0
2023-01-24 00:00:00-05:00,282.2215625090194,284.42188115202566,281.7009503309119,283.2627868652344,44875100,0.0,0.0,0.0
2023-01-25 00:00:00-05:00,278.7442072585787,283.2529112796493,276.20008172043674,282.63409423828125,50872000,0.0,0.0,0.0
2023-01-26 00:00:00-05:00,286.0622963157405,288.321549755741,283.4101031669652,288.1447448730469,51596300,0.0,0.0,0.0
2023-01-27 00:00:00-05:00,286.8284690901629,292.97760956127144,286.71059917317257,291.0130310058594,56441900,0.0,0.0,0.0
2023-01-30 00:00:00-05:00,287.74198235359313,289.1663137546794,284.7558446218129,285.12908935546875,49405800,0.0,0.0,0.0
2023-01-31 00:00:00-05:00,285.16840460225166,289.5003040173243,285.0603671681348,289.4020690917969,46705100,0.0,0.0,0.0
2023-02-01 00:00:00-05:00,289.19577221840314,298.0560101714726,287.12312638069733,295.5904846191406,67562200,0.0,0.0,0.0
2023-02-02 00:00:00-05:00,302.1227241909579,308.1244973652682,301.29760478441443,306.19921875,83070600,0.0,0.0,0.0
2023-02-03 00:00:00-05:00,299.53929510558413,306.85736222421656,299.14638538944257,300.75732421875,76170800,0.0,0.0,0.0
2023-02-06 00:00:00-05:00,298.13465635865975,300.4921448518524,296.8674946774453,298.2132263183594,40802300,0.0,0.0,0.0
2023-02-07 00:00:00-05:00,298.08559430198045,305.52153378543665,296.96579974351937,304.39190673828125,67584000,0.0,0.0,0.0
2023-02-08 00:00:00-05:00,303.07552942331165,304.01851869676693,298.29178563789054,298.9793701171875,56720900,0.0,0.0,0.0
2023-02-09 00:00:00-05:00,303.37020004952325,303.5175374375631,294.8832367504567,296.3370056152344,49137800,0.0,0.0,0.0
2023-02-10 00:00:00-05:00,294.1760765028084,296.22905800418135,291.98556007950657,294.3921813964844,50050100,0.0,0.0,0.0
2023-02-13 00:00:00-05:00,295.7968062795393,299.6964963236013,294.61804703077416,299.10711669921875,39636700,0.0,0.0,0.0
2023-02-14 00:00:00-05:00,297.5256683406615,302.2701132331672,295.5807244219493,301.3172912597656,64079100,0.0,0.0,0.0
2023-02-15 00:00:00-05:00,299.50004375484735,303.79264380406374,298.8124591342652,303.62567138671875,43100600,0.0,0.0,0.0
2023-02-16 00:00:00-05:00,298.9892952530569,302.9675559028306,297.7810683260045,297.92840576171875,59498600,0.0,0.0,0.0
2023-02-17 00:00:00-05:00,295.7378914921876,296.582646029,292.82049063068604,295.8262939453125,58230700,0.0,0.0,0.0
2023-02-21 00:00:00-05:00,291.9953457183186,293.43931228140923,288.68503536043335,288.8225402832031,46526700,0.0,0.0,0.0
2023-02-22 00:00:00-05:00,289.40210806549914,291.1112820869066,287.37859423090794,289.0386657714844,51389200,0.0,0.0,0.0
2023-02-23 00:00:00-05:00,292.69276766034636,292.84993755834523,287.36874603259605,291.5631408691406,69294400,0.0,0.0,0.0
2023-02-24 00:00:00-05:00,286.59274989963956,287.7813116176916,284.9130135302651,286.68115234375,74332000,0.0,0.0,0.0
2023-02-27 00:00:00-05:00,289.84418387917367,291.2390182489861,288.14481217080714,288.73419189453125,48995000,0.0,0.0,0.0
2023-02-28 00:00:00-05:00,288.1054655277622,290.8755287965995,287.77149073307226,288.3608703613281,48243100,0.0,0.0,0.0
2023-03-01 00:00:00-05:00,288.0662386534949,288.7243558548313,285.0604350742839,286.042724609375,58287000,0.0,0.0,0.0
2023-03-02 00:00:00-05:00,283.54768865782523,289.2154882409043,283.262816311257,288.4100036621094,53565900,0.0,0.0,0.0
2023-03-03 00:00:00-05:00,290.15855752899955,294.608328496963,289.64774771962266,294.37255859375,60511500,0.0,0.0,0.0
2023-03-06 00:00:00-05:00,295.610170842958,298.6159739722746,294.5100115246582,294.7064514160156,56736300,0.0,0.0,0.0
2023-03-07 00:00:00-05:00,294.75559463008375,295.67894908673577,290.4826296406142,291.0916442871094,65955800,0.0,0.0,0.0
2023-03-08 00:00:00-05:00,291.5139883921772,293.1445922476932,289.65747718019156,292.54541015625,50876300,0.0,0.0,0.0
2023-03-09 00:00:00-05:00,293.0463705042288,295.64946128035666,286.6614896876432,287.476806640625,71456700,0.0,0.0,0.0
2023-03-10 00:00:00-05:00,287.64374137344026,289.1368401849636,282.290283068431,283.4395446777344,98593600,0.0,0.0,0.0
2023-03-13 00:00:00-04:00,281.6518296683692,289.25473947061863,280.13909571042,285.54168701171875,97123600,0.0,0.0,0.0
2023-03-14 00:00:00-04:00,289.0975903942777,292.65347321952765,288.2528359008066,292.1033935546875,73602500,0.0,0.0,0.0
2023-03-15 00:00:00-04:00,289.49044992954816,293.9696864101212,288.0464835656077,293.6357116699219,83631500,0.0,0.0,0.0
2023-03-16 00:00:00-04:00,292.72225313446495,301.7396629996078,291.92660108619316,301.376220703125,98198100,0.0,0.0,0.0
2023-03-17 00:00:00-04:00,301.28783359145183,303.6747898578038,297.9971578043189,299.951904296875,89923700,0.0,0.0,0.0
2023-03-20 00:00:00-04:00,299.33411136370137,301.3410626238647,297.12053833750207,301.01641845703125,56359500,0.472,0.0,0.0
2023-03-21 00:00:00-04:00,302.9544443537265,305.76812645469766,301.43936859439714,305.3155822753906,49757000,0.0,0.0,0.0
2023-03-22 00:00:00-04:00,305.24674630503034,310.1461313695426,300.9967095272802,301.1639404296875,75791900,0.0,0.0,0.0
2023-03-23 00:00:00-04:00,304.90242937887336,309.06392675002587,302.0395384791688,304.73516845703125,74576000,0.0,0.0,0.0
2023-03-24 00:00:00-04:00,304.31216135449586,305.9551074840104,301.98053611385967,305.85675048828125,57195200,0.0,0.0,0.0
2023-03-27 00:00:00-04:00,306.55524768224615,307.63744484819614,302.9053204449769,303.76123046875,50287400,0.0,0.0,0.0
2023-03-28 00:00:00-04:00,303.1807541549301,303.2102672552795,299.8357759900044,302.1477355957031,48585900,0.0,0.0,0.0
2023-03-29 00:00:00-04:00,305.8468974591166,308.276909676715,305.0303182395478,307.6571044921875,53274300,0.0,0.0,0.0
2023-03-30 00:00:00-04:00,310.1363349534214,311.1988668412132,307.74568324114927,310.5692138671875,58354800,0.0,0.0,0.0
2023-03-31 00:00:00-04:00,310.7954756301641,315.9703267522427,310.49049687814465,315.73419189453125,62138100,0.0,0.0,0.0
2023-04-03 00:00:00-04:00,313.6091341359782,315.23244481650516,312.28101452245835,314.966796875,47126800,0.0,0.0,0.0
2023-04-04 00:00:00-04:00,315.40952513215416,316.42284833764353,312.6843519308902,313.904296875,45875400,0.0,0.0,0.0
2023-04-05 00:00:00-04:00,312.9499966490808,313.8944459319647,308.98524317445697,310.8052978515625,62795700,0.0,0.0,0.0
2023-04-06 00:00:00-04:00,309.1524733096397,313.39269239889046,307.75547979393593,312.9007873535156,46916500,0.0,0.0,0.0
2023-04-10 00:00:00-04:00,309.96906798292446,312.7729328863309,308.17852632267164,312.7237243652344,45134700,0.0,0.0,0.0
2023-04-11 00:00:00-04:00,312.68435607256504,312.74341230116863,310.20516538779697,310.71673583984375,40113600,0.0,0.0,0.0
2023-04-12 00:00:00-04:00,312.6745349314112,313.2648269994035,307.5095318776062,307.971923828125,62813300,0.0,0.0,0.0
2023-04-13 00:00:00-04:00,309.7329232552138,314.4748951839237,308.5523691390901,314.002685546875,54613800,0.0,0.0,0.0
2023-04-14 00:00:00-04:00,312.4482393474442,315.1733824574707,310.5002845828092,313.4123840332031,56278300,0.0,0.0,0.0
2023-04-17 00:00:00-04:00,312.99911675849125,314.03213517774776,310.9232922603544,313.6779479980469,43007000,0.0,0.0,0.0
2023-04-18 00:00:00-04:00,315.7931825919775,316.21624373703116,312.49744289892294,313.6976623535156,46746900,0.0,0.0,0.0
2023-04-19 00:00:00-04:00,311.2873283359622,314.6126109678501,311.1594282311205,313.5500793457031,38960100,0.0,0.0,0.0
2023-04-20 00:00:00-04:00,310.5789795342484,314.1010061038637,309.8706351373399,311.159423828125,62462100,0.0,0.0,0.0
2023-04-21 00:00:00-04:00,310.7954512881262,312.26131872486235,309.01475741476844,311.4841003417969,59002300,0.0,0.0,0.0
2023-04-24 00:00:00-04:00,311.25787003960903,312.5958374752224,308.6605967490596,310.8348388671875,44043100,0.0,0.0,0.0
2023-04-25 00:00:00-04:00,309.2016843984731,309.87066806010336,304.87292596789285,304.9712829589844,57121600,0.0,0.0,0.0
2023-04-26 00:00:00-04:00,308.3654816042881,309.8411969526917,306.299474111822,306.8208923339844,55400500,0.0,0.0,0.0
2023-04-27 00:00:00-04:00,310.58889329416763,315.6653275241942,309.94939264300683,315.1636047363281,65430400,0.0,0.0,0.0
2023-04-28 00:00:00-04:00,314.9274219134559,317.42630785671025,313.7960463562758,317.3377685546875,59712600,0.0,0.0,0.0
2023-05-01 00:00:00-04:00,316.8753983835549,318.39047437701817,315.8915882622026,316.9737854003906,41013400,0.0,0.0,0.0
2023-05-02 00:00:00-04:00,316.9049505254157,317.2296247186195,312.4679567240077,314.2093200683594,56519400,0.0,0.0,0.0
2023-05-03 00:00:00-04:00,314.57330181834897,317.2492666813561,312.0449024761228,312.15313720703125,59882100,0.0,0.0,0.0
2023-05-04 00:00:00-04:00,311.92681435241155,313.07788532974376,310.01822043945054,311.0512390136719,50224500,0.0,0.0,0.0
2023-05-05 00:00:00-04:00,313.3140214873927,318.5183856176378,311.0906009279849,317.6624755859375,51806100,0.0,0.0,0.0
2023-05-08 00:00:00-04:00,317.2000653906943,318.7938329476194,316.11786827688667,318.4494934082031,36465800,0.0,0.0,0.0
2023-05-09 00:00:00-04:00,316.78683542862564,317.65259307455085,316.11785180168346,316.43267822265625,31768800,0.0,0.0,0.0
2023-05-10 00:00:00-04:00,318.8725320578006,320.7319476003551,316.39334135789676,319.87603759765625,60446600,0.0,0.0,0.0
2023-05-11 00:00:00-04:00,320.4270096710937,321.45999842173046,318.8725726666331,320.9189147949219,44278500,0.0,0.0,0.0
2023-05-12 00:00:00-04:00,321.4500985921904,321.8731597479526,317.711632266649,319.7677917480469,48432800,0.0,0.0,0.0
2023-05-15 00:00:00-04:00,320.23999202108706,321.73537236272665,318.71506855787476,321.499267578125,33375600,0.0,0.0,0.0
2023-05-16 00:00:00-04:00,320.7811450818047,323.57516239186424,320.7417842679999,321.86334228515625,40019200,0.0,0.0,0.0
2023-05-17 00:00:00-04:00,322.9257777316302,326.33959955792614,321.74522377154244,325.7591552734375,47486100,0.0,0.0,0.0
2023-05-18 00:00:00-04:00,326.1527531040823,332.02610131442736,326.1330877081576,331.8096618652344,64213500,0.0,0.0,0.0
2023-05-19 00:00:00-04:00,332.0260653791482,332.7344098613422,329.9994189485517,331.06195068359375,61554900,0.0,0.0,0.0
2023-05-22 00:00:00-04:00,330.8061042248821,333.1869375756649,330.7962565176089,332.1736145019531,43015900,0.0,0.0,0.0
2023-05-23 00:00:00-04:00,330.4519587736382,331.6029996725392,327.60873343256856,327.962890625,48216700,0.0,0.0,0.0
2023-05-24 00:00:00-04:00,326.0051435076235,327.52021944717154,324.22444965322325,326.2806091308594,62891200,0.0,0.0,0.0
2023-05-25 00:00:00-04:00,333.64934358601045,335.48906351409215,331.21933164301237,334.2199401855469,66862800,0.0,0.0,0.0
2023-05-26 00:00:00-04:00,335.2430767468049,343.5956133301905,335.1446897504578,342.7593688964844,63007000,0.0,0.0,0.0
2023-05-30 00:00:00-04:00,346.99962492208846,348.1998743514908,342.8873062302095,344.3138427734375,72652200,0.0,0.0,0.0
2023-05-31 00:00:00-04:00,342.72987065463116,344.9237776719262,340.8999985419479,342.35601806640625,65105400,0.0,0.0,0.0
2023-06-01 00:00:00-04:00,342.1003287370982,347.6391548961203,341.0476446264342,346.31103515625,50488600,0.0,0.0,0.0
2023-06-02 00:00:00-04:00,348.07198908240025,350.0691223139542,346.310990682491,348.9082336425781,53372100,0.0,0.0,0.0
2023-06-05 00:00:00-04:00,348.6918438424343,351.7121483782044,348.12124713372924,349.15423583984375,47266200,0.0,0.0,0.0
2023-06-06 00:00:00-04:00,348.5442225836268,350.05929846403603,347.2160730142063,349.09515380859375,41390400,0.0,0.0,0.0
2023-06-07 00:00:00-04:00,349.38047711755803,351.33824956141177,342.5429850794896,343.1726379394531,69225900,0.0,0.0,0.0
2023-06-08 00:00:00-04:00,343.46780236109106,347.8949481340111,343.2415452366287,347.43255615234375,47153900,0.0,0.0,0.0
2023-06-09 00:00:00-04:00,348.8886423269011,351.86958625664664,347.3145398835537,348.7607421875,53196900,0.0,0.0,0.0
2023-06-12 00:00:00-04:00,350.423345337724,354.7521040622906,349.44938288116003,354.6537170410156,44606500,0.0,0.0,0.0
2023-06-13 00:00:00-04:00,357.40838883524145,358.21509032014467,354.2011582191671,357.3788757324219,57097800,0.0,0.0,0.0
2023-06-14 00:00:00-04:00,357.38864910619634,360.2613875262993,354.5848146154658,359.97607421875,69525600,0.0,0.0,0.0
2023-06-15 00:00:00-04:00,358.7070124731328,365.75109690887723,358.0872372843925,364.26556396484375,71138800,0.0,0.0,0.0
2023-06-16 00:00:00-04:00,366.685694780993,366.81359489534935,361.53053956140593,361.9732360839844,80932000,0.0,0.0,0.0
2023-06-20 00:00:00-04:00,360.51916403560494,362.8539874538742,358.48973768510257,361.4550476074219,49204700,0.504,0.0,0.0
2023-06-21 00:00:00-04:00,360.3122757529814,360.74574839812027,355.6032138941422,356.5292663574219,53378300,0.0,0.0,0.0
2023-06-22 00:00:00-04:00,355.27810832341714,360.89349995663713,354.87418928310535,360.73590087890625,47603000,0.0,0.0,0.0
2023-06-23 00:00:00-04:00,356.8346095368209,359.4649985968141,355.4652534828781,357.15972900390625,48922900,0.0,0.0,0.0
2023-06-26 00:00:00-04:00,356.6277531134022,359.4256025963642,352.2831959387062,352.3718566894531,52685500,0.0,0.0,0.0
2023-06-27 00:00:00-04:00,353.91861543396186,359.1596721529209,353.18960689065034,358.4306335449219,49428100,0.0,0.0,0.0
2023-06-28 00:00:00-04:00,356.60809021252004,361.0806932425227,356.52926060666476,359.1300964355469,46498000,0.0,0.0,0.0
2023-06-29 00:00:00-04:00,358.8345306108151,359.47490841599677,356.7657194591643,358.4109191894531,46151000,0.0,0.0,0.0
2023-06-30 00:00:00-04:00,362.09540934626006,364.9917810585607,361.78018111437365,363.93768310546875,58712500,0.0,0.0,0.0
2023-07-03 00:00:00-04:00,364.57806346449144,365.42528638954684,363.4943817635113,364.7947998046875,19432900,0.0,0.0,0.0
2023-07-05 00:00:00-04:00,363.228312324183,366.48918779800874,363.18889752686977,364.78485107421875,34460900,0.0,0.0,0.0
2023-07-06 00:00:00-04:00,361.0708607875819,362.4500782382164,359.11037270609035,362.0067443847656,49374700,0.0,0.0,0.0
2023-07-07 00:00:00-04:00,361.7801379298685,364.98190633957466,360.57824212425305,360.8048095703125,47133700,0.0,0.0,0.0
2023-07-10 00:00:00-04:00,360.5290073491374,361.6028277308447,358.0168623354268,360.9230651855469,48498800,0.0,0.0,0.0
2023-07-11 00:00:00-04:00,361.3466822765827,363.159372253432,359.20887280974875,362.7062072753906,38214100,0.0,0.0,0.0
2023-07-12 00:00:00-04:00,366.8143135072111,368.63686473866517,364.8045795508427,367.2872009277344,61975400,0.0,0.0,0.0
2023-07-13 00:00:00-04:00,370.46919310127436,374.3507236761096,369.88795264302075,373.523193359375,46960000,0.0,0.0,0.0
2023-07-14 00:00:00-04:00,373.9567607376404,377.1782220801356,372.56768197582477,373.4444885253906,55148500,0.0,0.0,0.0
2023-07-17 00:00:00-04:00,374.1636191010514,377.8087217935126,373.68090049833813,376.9319152832031,40868900,0.0,0.0,0.0
2023-07-18 00:00:00-04:00,376.29150971395444,381.38479749666817,374.36060553509486,380.0154113769531,55262000,0.0,0.0,0.0
2023-07-19 00:00:00-04:00,381.07940766400117,382.2221962997353,378.59678646528545,379.9267578125,54093000,0.0,0.0,0.0
2023-07-20 00:00:00-04:00,376.9318601692175,378.3997682616013,370.1441268783706,371.168701171875,71941700,0.0,0.0,0.0
2023-07-21 00:00:00-04:00,373.5528160865386,374.28185464657395,369.62203883827016,370.0555114746094,60499600,0.0,0.0,0.0
2023-07-24 00:00:00-04:00,371.0308030549652,371.976547851103,368.7846403737097,370.6466064453125,40380100,0.0,0.0,0.0
2023-07-25 00:00:00-04:00,371.3559539702874,374.82370522590776,371.3362315352572,373.1587829589844,38894400,0.0,0.0,0.0
2023-07-26 00:00:00-04:00,372.11443283409994,373.6118643916258,369.61211938489737,371.9173889160156,47075700,0.0,0.0,0.0
2023-07-27 00:00:00-04:00,377.38508348516143,379.0007295454255,369.7402356055219,371.0307922363281,63940200,0.0,0.0,0.0
2023-07-28 00:00:00-04:00,375.089643808076,378.8135457676486,374.5773716566736,377.78900146484375,56902900,0.0,0.0,0.0
2023-07-31 00:00:00-04:00,378.0944061373745,379.168226478944,376.66591271101356,377.98602294921875,44019900,0.0,0.0,0.0
2023-08-01 00:00:00-04:00,376.63633501755186,377.8677844219054,375.04038139985886,377.1092224121094,41060600,0.0,0.0,0.0
2023-08-02 00:00:00-04:00,373.6316458629854,373.6316458629854,367.5926126020604,368.83392333984375,72687100,0.0,0.0,0.0
2023-08-03 00:00:00-04:00,366.4202162984569,370.3707154005553,366.2527259598132,368.2427673339844,47666400,0.0,0.0,0.0
2023-08-04 00:00:00-04:00,370.1736710101142,372.4888017785362,366.01629684235684,366.51873779296875,61702800,0.0,0.0,0.0
2023-08-07 00:00:00-04:00,368.33145268840195,369.7205312440297,365.9966293948918,369.62200927734375,37230400,0.0,0.0,0.0
2023-08-08 00:00:00-04:00,367.1098561202907,367.12954848730607,363.34653955726554,366.4793395996094,44726500,0.0,0.0,0.0
2023-08-09 00:00:00-04:00,366.76507711480446,366.9227062590879,361.69151117096595,362.4500732421875,51150900,0.0,0.0,0.0
2023-08-10 00:00:00-04:00,365.4646799160487,368.8043555265516,361.5930096715528,363.1199951171875,72035300,0.0,0.0,0.0
2023-08-11 00:00:00-04:00,360.5585196926428,362.53869992980555,359.27782435463325,360.8048095703125,48707200,0.0,0.0,0.0
2023-08-14 00:00:00-04:00,360.0068530246826,364.972065655942,359.2877057828268,364.8538513183594,42130800,0.0,0.0,0.0
2023-08-15 00:00:00-04:00,363.878549931913,364.67655689923794,360.31227684808397,360.9822082519531,45539900,0.0,0.0,0.0
2023-08-16 00:00:00-04:00,360.440296868707,361.9771432639788,357.0612070422234,357.15972900390625,53190500,0.0,0.0,0.0
2023-08-17 00:00:00-04:00,358.5586158857058,358.9034276973733,352.8447032468834,353.2584533691406,62604300,0.0,0.0,0.0
2023-08-18 00:00:00-04:00,349.98781279310265,354.0762191631118,349.4459569685998,352.8152160644531,61191400,0.0,0.0,0.0
2023-08-21 00:00:00-04:00,354.28309086464947,359.17933528370077,353.82006464963996,358.49957275390625,50696500,0.0,0.0,0.0
2023-08-22 00:00:00-04:00,361.11024382191454,361.12010503873574,357.2976809330937,357.9873046875,44530200,0.0,0.0,0.0
2023-08-23 00:00:00-04:00,359.16952132450405,364.72583663568736,358.95278498120206,363.6322937011719,51770600,0.0,0.0,0.0
2023-08-24 00:00:00-04:00,367.1098801079145,367.20837201410944,355.6524693888543,355.8593444824219,66842500,0.0,0.0,0.0
2023-08-25 00:00:00-04:00,356.69675461100496,360.31227361851654,353.25852705676294,358.6177978515625,69960500,0.0,0.0,0.0
2023-08-28 00:00:00-04:00,361.543675598097,362.25299164129996,358.84434818645246,361.3171081542969,40910000,0.0,0.0,0.0
2023-08-29 00:00:00-04:00,361.1201000665317,369.56292504226593,360.7950106274471,369.208251953125,58492400,0.0,0.0,0.0
2023-08-30 00:00:00-04:00,369.31664561246504,371.8485130682303,368.3117635519822,371.2672424316406,41731500,0.0,0.0,0.0
2023-08-31 00:00:00-04:00,371.346057106072,374.08479955517583,371.2770887194619,372.3804626464844,35730700,0.0,0.0,0.0
2023-09-01 00:00:00-04:00,374.75471582239464,375.17832724616864,370.4988190213584,371.9864196777344,39801200,0.0,0.0,0.0
2023-09-05 00:00:00-04:00,371.17856405822965,373.6808778090351,370.25251164804223,372.45928955078125,32344200,0.0,0.0,0.0
2023-09-06 00:00:00-04:00,371.6809940968879,372.0258059525802,367.1689765830045,369.1786804199219,42998700,0.0,0.0,0.0
2023-09-07 00:00:00-04:00,364.7159010058869,367.31673659487035,363.6716343097692,366.5384521484375,52060700,0.0,0.0,0.0
2023-09-08 00:00:00-04:00,366.4891716675034,369.28702085997014,366.0852526906948,367.0506896972656,35800100,0.0,0.0,0.0
2023-09-11 00:00:00-04:00,370.0850536990267,371.8878825130161,368.11473452694946,371.3756103515625,39936600,0.0,0.0,0.0
2023-09-12 00:00:00-04:00,369.7007750655261,371.3558657865973,366.9718942190479,367.2575988769531,41391000,0.0,0.0,0.0
2023-09-13 00:00:00-04:00,367.4940740958543,370.2623700891692,366.36114660051237,368.65655517578125,46300700,0.0,0.0,0.0
2023-09-14 00:00:00-04:00,370.41016993691466,372.6563327530281,368.3413587082817,371.6711730957031,48039400,0.0,0.0,0.0
2023-09-15 00:00:00-04:00,370.3313265058135,370.7352455252118,364.3710932465167,365.3070068359375,69811200,0.0,0.0,0.0
2023-09-18 00:00:00-04:00,364.36581455323403,366.8026822800856,364.0796962883086,365.6878356933594,36903500,0.536,0.0,0.0
2023-09-19 00:00:00-04:00,364.3658371750615,365.70757927226896,361.879621947097,364.908447265625,37621700,0.0,0.0,0.0
2023-09-20 00:00:00-04:00,365.9739503427575,366.3291067165045,359.57098915058174,359.6499328613281,45514200,0.0,0.0,0.0
2023-09-21 00:00:00-04:00,355.96010412579864,356.7493907409862,352.891837088586,353.0595397949219,69734800,0.0,0.0,0.0
2023-09-22 00:00:00-04:00,354.80581530410115,356.9466893835174,352.7931720730554,353.10888671875,51589700,0.0,0.0,0.0
2023-09-25 00:00:00-04:00,352.14199901740113,354.8748604610111,351.1554133948887,354.7860412597656,39168000,0.0,0.0,0.0
2023-09-26 00:00:00-04:00,352.20120300770435,352.74384318235934,348.47191043969156,349.45849609375,53657700,0.0,0.0,0.0
2023-09-27 00:00:00-04:00,350.6128097723963,352.1913528189911,346.64671622794873,350.2773742675781,56066000,0.0,0.0,0.0
2023-09-28 00:00:00-04:00,349.3598417980911,355.3385787373545,348.50151707108864,353.2075500488281,56453300,0.0,0.0,0.0
2023-09-29 00:00:00-04:00,356.6901740269418,358.08126336623945,352.23078774851723,353.4640197753906,64829600,0.0,0.0,0.0
2023-10-02 00:00:00-04:00,353.7304262658217,357.8148751876751,353.1187479820633,356.4139404296875,51625100,0.0,0.0,0.0
2023-10-03 00:00:00-04:00,353.967202787342,356.1672996536703,348.5409816435932,350.15899658203125,60478500,0.0,0.0,0.0
2023-10-04 00:00:00-04:00,350.997572535324,355.77264355913144,350.5338760666792,354.9241943359375,54786700,0.0,0.0,0.0
2023-10-05 00:00:00-04:00,354.9142596697923,355.3187633395251,350.37599043673185,353.87835693359375,45897400,0.0,0.0,0.0
2023-10-06 00:00:00-04:00,350.87918205349234,361.00156050479404,350.08992557305686,359.80780029296875,75049100,0.0,0.0,0.0
2023-10-09 00:00:00-04:00,357.43992772912645,362.18540174968723,355.9403285530249,361.6427917480469,45304800,0.0,0.0,0.0
2023-10-10 00:00:00-04:00,361.978267216126,366.29951715958055,361.4751290106338,363.6455993652344,46968800,0.0,0.0,0.0
2023-10-11 00:00:00-04:00,364.9774975009921,366.42777960975275,363.25097261476304,366.2403259277344,38215100,0.0,0.0,0.0
2023-10-12 00:00:00-04:00,366.7434930775793,368.7265097527362,362.57022495546477,364.9676208496094,49587900,0.0,0.0,0.0
2023-10-13 00:00:00-04:00,365.5990823590476,366.18116432862075,358.97907041170765,360.3800354003906,52469900,0.0,0.0,0.0
2023-10-16 00:00:00-04:00,361.7020378785472,365.5102742669237,361.5540560479042,364.4546203613281,44201100,0.0,0.0,0.0
2023-10-17 00:00:00-04:00,360.9029403187527,364.9578235144806,358.7817869219424,363.2608947753906,50999100,0.0,0.0,0.0
2023-10-18 00:00:00-04:00,360.7648011295695,362.974743432088,357.163739288283,358.4956359863281,54280500,0.0,0.0,0.0
2023-10-19 00:00:00-04:00,359.9163062538782,361.110066452406,354.34210338885663,355.1412353515625,72274200,0.0,0.0,0.0
2023-10-20 00:00:00-04:00,354.6380842451997,355.2103208068794,349.6163666883233,349.8432922363281,72559700,0.0,0.0,0.0
2023-10-23 00:00:00-04:00,348.5212811005158,354.44079542083324,346.4099732076633,350.8989562988281,60665200,0.0,0.0,0.0
2023-10-24 00:00:00-04:00,352.71426648618893,355.08206616632873,351.01733786225094,354.3125305175781,47082100,0.0,0.0,0.0
2023-10-25 00:00:00-04:00,351.9151428091988,352.0927210150706,345.05835992536896,345.64044189453125,71190500,0.0,0.0,0.0
2023-10-26 00:00:00-04:00,344.4367983762788,345.3740668443835,337.7576239562373,339.050048828125,78621400,0.0,0.0,0.0
2023-10-27 00:00:00-04:00,341.7828886855002,344.16056391799447,339.46440618840353,340.67791748046875,63476700,0.0,0.0,0.0
2023-10-30 00:00:00-04:00,343.1640993367296,345.837768328279,341.8026363276884,344.5157470703125,55298500,0.0,0.0,0.0
2023-10-31 00:00:00-04:00,344.54534513807914,346.5382374726327,341.9703407279223,346.163330078125,47671900,0.0,0.0,0.0
2023-11-01 00:00:00-04:00,347.00193131124155,352.73399194682804,346.90326671741013,352.171630859375,58992700,0.0,0.0,0.0
2023-11-02 00:00:00-04:00,356.6901905197439,358.8014681911074,355.4668038189394,358.564697265625,58162400,0.0,0.0,0.0
2023-11-03 00:00:00-04:00,359.8571499323478,364.0698602180295,359.6302243723939,362.7774353027344,53280500,0.0,0.0,0.0
2023-11-06 00:00:00-05:00,363.5469203429015,364.8196242050175,361.9881283329341,364.25726318359375,38848700,0.0,0.0,0.0
2023-11-07 00:00:00-05:00,365.30304404912414,368.56864001916324,364.09940839705934,367.7004699707031,50777400,0.0,0.0,0.0
2023-11-08 00:00:00-05:00,368.0753927235694,368.7758902732475,365.6484002460484,367.9372863769531,35663400,0.0,0.0,0.0
2023-11-09 00:00:00-05:00,368.62786125694754,369.7722740677285,364.6124506038928,365.1057434082031,53859400,0.0,0.0,0.0
2023-11-10 00:00:00-05:00,366.83221321150666,373.46206871152293,366.2994486324503,373.3140869140625,58309800,0.0,0.0,0.0
2023-11-13 00:00:00-05:00,371.73567523506745,373.20567845518474,370.2064491668843,372.1500244140625,40733500,0.0,0.0,0.0
2023-11-14 00:00:00-05:00,378.5627772988833,381.0785888109654,378.0398881004686,380.1610412597656,67792600,0.0,0.0,0.0
2023-11-15 00:00:00-05:00,382.0553135858859,382.5486064375139,379.0856809844594,380.4471740722656,54141400,0.0,0.0,0.0
2023-11-16 00:00:00-05:00,379.67760989113236,381.0095065120626,378.4147814902083,380.7727355957031,45343500,0.0,0.0,0.0
2023-11-17 00:00:00-05:00,380.04268923058214,381.8777543862122,379.13504719902096,380.861572265625,46571900,0.0,0.0,0.0
2023-11-20 00:00:00-05:00,380.87144523398,386.1595609058071,380.87144523398,385.49853515625,44429600,0.0,0.0,0.0
2023-11-21 00:00:00-05:00,383.7917369097463,384.0087869817143,381.51272620818594,383.25897216796875,43337000,0.0,0.0,0.0
2023-11-22 00:00:00-05:00,385.3307745303344,387.7972387192401,383.8212996510523,384.8276062011719,44121000,0.0,0.0,0.0
2023-11-24 00:00:00-05:00,384.4231100031308,385.0150674417227,383.28854247561634,384.2850036621094,15718800,0.0,0.0,0.0
2023-11-27 00:00:00-05:00,383.79169712481854,385.9029747803666,383.07147875426443,383.9495544433594,34139700,0.0,0.0,0.0
2023-11-28 00:00:00-05:00,383.199750263669,385.5379535243204,382.8445637601163,384.95587158203125,35491100,0.0,0.0,0.0
2023-11-29 00:00:00-05:00,387.4223347224668,388.85289600778486,384.2356521236676,384.5809631347656,38811700,0.0,0.0,0.0
2023-11-30 00:00:00-05:00,384.847306736307,385.31100318364287,380.6444724541138,383.61407470703125,52834400,0.0,0.0,0.0
2023-12-01 00:00:00-05:00,382.5486034338027,385.3011859545719,380.89114669131624,384.709228515625,40490100,0.0,0.0,0.0
2023-12-04 00:00:00-05:00,380.9108308206259,381.41399911142213,377.5268494374432,381.13775634765625,51186900,0.0,0.0,0.0
2023-12-05 00:00:00-05:00,379.2336950637311,383.28854787502587,379.0560867539073,382.09478759765625,42933000,0.0,0.0,0.0
2023-12-06 00:00:00-05:00,385.0347435581385,385.1334081378021,379.53948475848085,379.884765625,41994100,0.0,0.0,0.0
2023-12-07 00:00:00-05:00,382.8642992780169,386.02135528366534,381.76917355352117,385.192626953125,49593500,0.0,0.0,0.0
2023-12-08 00:00:00-05:00,383.45625203502465,387.353247228677,383.2687983557027,386.9093017578125,46687500,0.0,0.0,0.0
2023-12-11 00:00:00-05:00,386.48509304624,390.48078340875367,386.2779184685151,390.2143859863281,41198000,0.0,0.0,0.0
2023-12-12 00:00:00-05:00,390.2538462989642,393.44052902417013,389.1192787388133,393.3221435546875,39221200,0.0,0.0,0.0
2023-12-13 00:00:00-05:00,394.2593382497381,398.93574442547737,393.48980267514554,398.3240661621094,55408100,0.0,0.0,0.0
2023-12-14 00:00:00-05:00,399.5474578161859,400.8497279607916,394.96968605777766,397.9787902832031,55447800,0.0,0.0,0.0
2023-12-15 00:00:00-05:00,398.7581754565287,401.08653321564685,398.15637267001773,399.9026184082031,62896600,0.0,0.0,0.0
2023-12-18 00:00:00-05:00,400.2960579410329,403.32103752310854,399.9698476665642,402.42144775390625,46610000,0.808,0.0,0.0
2023-12-19 00:00:00-05:00,402.87626569847384,404.59634410373195,402.6884375774002,404.47772216796875,35711900,0.0,0.0,0.0
2023-12-20 00:00:00-05:00,403.6769346590409,405.77266899871773,398.28929124357586,398.46722412109375,54042400,0.0,0.0,0.0
2023-12-21 00:00:00-05:00,402.40174062473073,403.469398364288,399.84138332892735,403.1036071777344,45568900,0.0,0.0,0.0
2023-12-22 00:00:00-05:00,404.3195040486344,405.2784048126473,401.82835317280114,403.70660400390625,34314000,0.0,0.0,0.0
2023-12-26 00:00:00-05:00,404.56665747034475,406.85022006300187,404.46779580870526,406.1780090332031,22722500,0.0,0.0,0.0
2023-12-27 00:00:00-05:00,406.46087246395894,407.2916928416781,405.60035082369023,407.0048522949219,31980500,0.216,0.0,0.0
2023-12-28 00:00:00-05:00,408.1620971301231,408.4093661852089,406.45098440261324,406.8070373535156,27029200,0.0,0.0,0.0
2023-12-29 00:00:00-05:00,406.7872927071273,407.14337586500994,403.1276983841628,405.0465087890625,42662100,0.0,0.0,0.0
2024-01-02 00:00:00-05:00,401.4067282499002,401.6539973287687,395.8678948464025,398.1922302246094,58026900,0.0,0.0,0.0
2024-01-03 00:00:00-05:00,395.56125728435336,396.61957611570585,393.543563467669,393.9787292480469,47002800,0.0,0.0,0.0
2024-01-04 00:00:00-05:00,392.10942771193663,395.2250121545766,391.733573872239,391.951171875,39432800,0.0,0.0,0.0
2024-01-05 00:00:00-05:00,392.11927431902103,395.1952868342146,391.0213840335171,392.4159851074219,44922800,0.0,0.0,0.0
2024-01-08 00:00:00-05:00,393.6424359840438,400.81323859444024,393.49408058756745,400.52642822265625,42473800,0.0,0.0,0.0
2024-01-09 00:00:00-05:00,397.51963881463803,402.2474220769775,397.3218114911748,401.31768798828125,39132900,0.0,0.0,0.0
2024-01-10 00:00:00-05:00,401.634210585262,405.04650562647345,400.7440479738248,404.03765869140625,33962800,0.0,0.0,0.0
2024-01-11 00:00:00-05:00,405.3135834357692,406.708184634018,399.82419188723105,404.8783874511719,54536200,0.0,0.0,0.0
2024-01-12 00:00:00-05:00,405.916910564091,406.75763146231475,403.6914888721999,405.0860900878906,39595000,0.0,0.0,0.0
2024-01-16 00:00:00-05:00,403.84973493749936,406.6290368796475,402.38589117147103,405.0465087890625,43903000,0.0,0.0,0.0
2024-01-17 00:00:00-05:00,401.7331012147119,403.13757254275214,398.5186035024624,402.76171875,54386000,0.0,0.0,0.0
2024-01-18 00:00:00-05:00,406.03555720002583,409.06212800530994,404.6904280351043,408.47857666015625,59562500,0.0,0.0,0.0
2024-01-19 00:00:00-05:00,410.6841858486458,416.7373268454927,410.1006345626578,416.5790710449219,70325100,0.0,0.0,0.0
2024-01-22 00:00:00-05:00,418.78480992525573,420.0903979170171,416.5198166919413,417.1231689453125,44880600,0.0,0.0,0.0
2024-01-23 00:00:00-05:00,417.8154862180531,419.071632413058,415.97581882346543,418.8540344238281,33003800,0.0,0.0,0.0
2024-01-24 00:00:00-05:00,422.77080388764773,425.15448154950116,420.68383706162035,421.1783752441406,46948000,0.0,0.0,0.0
2024-01-25 00:00:00-05:00,423.6807108328353,424.35330565914444,419.3485819787149,421.69268798828125,44367200,0.0,0.0,0.0
2024-01-26 00:00:00-05:00,419.80354281385837,421.55419698030596,418.52762594856927,419.180419921875,37137000,0.0,0.0,0.0
2024-01-29 00:00:00-05:00,419.6354014909252,423.6708497995993,418.98260749439805,423.4730224609375,38694700,0.0,0.0,0.0
2024-01-30 00:00:00-05:00,422.4344997629078,423.00815074399645,419.74421098135315,420.6541442871094,36739000,0.0,0.0,0.0
2024-01-31 00:00:00-05:00,416.25275134537867,418.2506745304422,412.2371041320946,412.4151306152344,64010600,0.0,0.0,0.0
2024-02-01 00:00:00-05:00,414.21524244909244,417.7660224895652,413.2459368782287,417.271484375,51008600,0.0,0.0,0.0
2024-02-02 00:00:00-05:00,419.1704994430535,425.54015285865825,418.1715529635228,424.3236083984375,59602400,0.0,0.0,0.0
2024-02-05 00:00:00-05:00,424.3829673380894,424.9170467974545,420.35741962826177,423.7697448730469,39889200,0.0,0.0,0.0
2024-02-06 00:00:00-05:00,424.9170516631162,425.52040389751744,420.5750224334973,422.91912841796875,35846100,0.0,0.0,0.0
2024-02-07 00:00:00-05:00,425.70832987076966,428.1018775909272,424.4027419229312,427.27105712890625,37712700,0.0,0.0,0.0
2024-02-08 00:00:00-05:00,427.3896916377228,428.82386416564947,426.70725684621095,428.0622863769531,29889900,0.0,0.0,0.0
2024-02-09 00:00:00-05:00,429.1997745310615,433.06706650864214,428.4085255601484,432.2757873535156,36943900,0.0,0.0,0.0
2024-02-12 00:00:00-05:00,432.1670007724912,434.3429807053495,429.9020075947723,430.58447265625,33203300,0.0,0.0,0.0
2024-02-13 00:00:00-05:00,422.61247540721484,426.55887976645755,420.6837647532125,423.86859130859375,64491700,0.0,0.0,0.0
2024-02-14 00:00:00-05:00,426.5490288846273,428.9129054022339,424.1950226041561,428.48760986328125,45092700,0.0,0.0,0.0
2024-02-15 00:00:00-05:00,429.17999841382215,430.2284168698464,426.61826425240173,429.7635498046875,38796100,0.0,0.0,0.0
2024-02-16 00:00:00-05:00,430.1394247061307,430.23830819292345,425.1544714926631,425.8666076660156,53716500,0.0,0.0,0.0
2024-02-20 00:00:00-05:00,423.86858295223385,425.38186829343545,418.8737603394613,422.65203857421875,53999500,0.0,0.0,0.0
2024-02-21 00:00:00-05:00,419.91233591921423,421.0497978246627,417.02424999316816,420.96075439453125,49779000,0.0,0.0,0.0
2024-02-22 00:00:00-05:00,429.7436973263299,434.323124842958,428.9722191177197,433.28460693359375,53887800,0.0,0.0,0.0
2024-02-23 00:00:00-05:00,434.8474027847481,435.7771369504059,431.02958263641136,432.0087585449219,39853900,0.0,0.0,0.0
2024-02-26 00:00:00-05:00,432.81976764250527,433.80884388017813,431.5932925825271,431.7812194824219,33043200,0.0,0.0,0.0
2024-02-27 00:00:00-05:00,432.8890057637283,433.20548721652256,430.2778300347507,432.81976318359375,33713200,0.0,0.0,0.0
2024-02-28 00:00:00-05:00,430.67342304327576,431.89989800106764,429.55576215835174,430.5151672363281,32938800,0.0,0.0,0.0
2024-02-29 00:00:00-05:00,433.4428594736849,435.2825266556424,430.2679032454021,434.2044372558594,42495200,0.0,0.0,0.0
2024-03-01 00:00:00-05:00,435.0946316599595,441.701653694709,435.0352895003345,440.74224853515625,43853000,0.0,0.0,0.0
2024-03-04 00:00:00-05:00,440.7422442825303,441.16757000135414,438.9223476417633,439.16961669921875,34325700,0.0,0.0,0.0
2024-03-05 00:00:00-05:00,436.12321770850525,436.1331181284461,428.91284449189897,431.28662109375,57917100,0.0,0.0,0.0
2024-03-06 00:00:00-05:00,435.5100505533122,437.1617909455897,432.11752634641863,433.99676513671875,46234500,0.0,0.0,0.0
2024-03-07 00:00:00-05:00,437.58714545912426,441.8401614320141,436.04415867740255,440.58404541015625,44526700,0.0,0.0,0.0
2024-03-08 00:00:00-05:00,440.9400483443204,443.73915083023303,433.5516480898913,434.2242126464844,72096000,0.0,0.0,0.0
2024-03-11 00:00:00-04:00,432.73074486330546,433.86817647471133,430.68334985224834,432.612060546875,45860000,0.0,0.0,0.0
2024-03-12 00:00:00-04:00,434.92653598478176,439.1696516154351,431.6922371382258,438.8135986328125,55300900,0.0,0.0,0.0
2024-03-13 00:00:00-04:00,437.8146034192605,437.8344042624904,434.32316540516723,435.4408264160156,37928700,0.0,0.0,0.0
2024-03-14 00:00:00-04:00,436.6771926733909,437.2014019124932,431.6230271967828,434.3429870605469,52195200,0.0,0.0,0.0
2024-03-15 00:00:00-04:00,431.3065313096125,434.0759330167029,428.012890160029,429.1800231933594,73069800,0.0,0.0,0.0
2024-03-18 00:00:00-04:00,434.5112345408061,436.799019433192,433.0355416540417,433.27325439453125,47323800,0.573,0.0,0.0
2024-03-19 00:00:00-04:00,431.2627288951289,434.7587832386347,429.16308940736616,434.35272216796875,43004100,0.0,0.0,0.0
2024-03-20 00:00:00-04:00,435.55115388933837,439.83950409423727,433.8476918891389,439.5027770996094,43653500,0.0,0.0,0.0
2024-03-21 00:00:00-04:00,444.563615836014,445.01918405535713,441.38449136499906,441.5825500488281,39345700,0.0,0.0,0.0
2024-03-22 00:00:00-04:00,441.06758254728834,443.1869888891585,440.2158364708192,442.0876770019531,28253900,0.0,0.0,0.0
2024-03-25 00:00:00-04:00,439.28479844763035,441.96876077163023,438.28453118886614,440.4831848144531,27789200,0.0,0.0,0.0
2024-03-26 00:00:00-04:00,442.0084544660937,442.9295347384622,438.8293296605456,439.05712890625,34142000,0.0,0.0,0.0
2024-03-27 00:00:00-04:00,442.1470854064944,442.2461298625254,437.6804433893789,440.55255126953125,41359200,0.0,0.0,0.0
2024-03-28 00:00:00-04:00,440.5030634346059,441.3548095248046,439.3839245031317,439.740478515625,36839600,0.0,0.0,0.0
2024-04-01 00:00:00-04:00,440.69121403763677,443.2265949148535,438.75995295363714,440.6714172363281,38729000,0.0,0.0,0.0
2024-04-02 00:00:00-04:00,435.8482222344713,437.18524681676587,433.81794691537067,436.8683166503906,44259700,0.0,0.0,0.0
2024-04-03 00:00:00-04:00,434.7389953416227,439.7305396599772,434.7291120530437,437.84881591796875,39949800,0.0,0.0,0.0
2024-04-04 00:00:00-04:00,442.0381514217208,442.6522149927811,430.9260398725093,431.1538391113281,57267700,0.0,0.0,0.0
2024-04-05 00:00:00-04:00,432.5799469665105,438.90851559479387,431.7678247864334,436.2344665527344,54744600,0.0,0.0,0.0
2024-04-08 00:00:00-04:00,437.16539830693125,438.244913223344,434.97665816353003,436.3631896972656,28144900,0.0,0.0,0.0
2024-04-09 00:00:00-04:00,438.7005306265955,438.9778369644632,433.23362129829235,437.9775695800781,39443600,0.0,0.0,0.0
2024-04-10 00:00:00-04:00,432.7979025804434,435.0163535535285,432.0848247356478,434.15472412109375,61502200,0.0,0.0,0.0
2024-04-11 00:00:00-04:00,436.02646313263415,442.03807095435207,433.7485618314873,441.0873107910156,45474600,0.0,0.0,0.0
2024-04-12 00:00:00-04:00,436.85846821982966,437.9874904694582,432.67904576765784,434.0556640625,53665000,0.0,0.0,0.0
2024-04-15 00:00:00-04:00,437.8092033901657,437.89833433442107,426.07314547720983,426.91497802734375,63453600,0.0,0.0,0.0
2024-04-16 00:00:00-04:00,426.7565009348942,429.5890151660871,425.5680581541315,426.95458984375,47619000,0.0,0.0,0.0
2024-04-17 00:00:00-04:00,428.9353146694585,428.95511146869296,420.81415381342356,421.7451171875,56880500,0.0,0.0,0.0
2024-04-18 00:00:00-04:00,422.3889319346268,424.1221042195833,418.7641222717654,419.33856201171875,46549400,0.0,0.0,0.0
2024-04-19 00:00:00-04:00,418.15996493819904,418.68486728846034,409.09795670581633,410.6627502441406,75231000,0.0,0.0,0.0
2024-04-22 00:00:00-04:00,413.2972347714564,417.13001685161265,409.9596447993126,414.792724609375,47807700,0.0,0.0,0.0
2024-04-23 00:00:00-04:00,416.7239047204478,422.1809307549363,414.84218098500753,420.9825744628906,44384700,0.0,0.0,0.0
2024-04-24 00:00:00-04:00,424.0825040686884,425.5977906054682,420.1209674785059,422.40875244140625,48440300,0.0,0.0,0.0
2024-04-25 00:00:00-04:00,415.2086075113914,421.2301595778061,414.11920921453924,420.3685302734375,57392200,0.0,0.0,0.0
2024-04-26 00:00:00-04:00,423.50802682708354,428.39061298823793,422.8147761196788,426.85552978515625,41874900,0.0,0.0,0.0
2024-04-29 00:00:00-04:00,428.9650959337398,429.5890427902212,425.845391875459,428.5887451171875,30022200,0.0,0.0,0.0
2024-04-30 00:00:00-04:00,427.0041197471969,428.4005650240207,420.4279847151419,420.5072021484375,43665900,0.0,0.0,0.0
2024-05-01 00:00:00-04:00,419.08100564564097,426.003810722956,416.6149590273703,417.4666748046875,52251700,0.0,0.0,0.0
2024-05-02 00:00:00-04:00,421.21033183967234,423.6962055209441,416.58525516971946,422.7949523925781,36559000,0.0,0.0,0.0
2024-05-03 00:00:00-04:00,430.262442093191,432.2828339850437,428.45993589775503,431.2924499511719,48515300,0.0,0.0,0.0
2024-05-06 00:00:00-04:00,433.094895741374,436.1056714572863,432.322397457752,436.01654052734375,30227200,0.0,0.0,0.0
2024-05-07 00:00:00-04:00,436.46231884065276,437.7200958646048,435.3530631742809,436.0859680175781,30996100,0.0,0.0,0.0
2024-05-08 00:00:00-04:00,433.4614278631959,437.23478891429755,433.34255638141855,435.82843017578125,24896700,0.0,0.0,0.0
2024-05-09 00:00:00-04:00,436.09580737355435,437.3536144949182,434.2437939852255,436.7791748046875,24580100,0.0,0.0,0.0
2024-05-10 00:00:00-04:00,438.2846299132042,440.0375990568491,436.2642376935929,437.8092346191406,27116600,0.0,0.0,0.0
2024-05-13 00:00:00-04:00,439.72061959803295,439.8196640512159,437.40312446934496,438.8193664550781,22994200,0.0,0.0,0.0
2024-05-14 00:00:00-04:00,438.39353947668786,442.17681419663,438.2053640696036,441.6419982910156,34478300,0.0,0.0,0.0
2024-05-15 00:00:00-04:00,444.1179040447023,448.7925178829045,442.60261768529153,448.544921875,41464700,0.0,0.0,0.0
2024-05-16 00:00:00-04:00,448.35675006791064,450.31772134684235,447.46541047716795,447.6337890625,34780400,0.0,0.0,0.0
2024-05-17 00:00:00-04:00,447.7625648640613,448.3667149138811,445.217300561421,447.41595458984375,35803700,0.0,0.0,0.0
2024-05-20 00:00:00-04:00,447.63382630780325,451.19918496742906,447.4456509067077,450.53564453125,24474200,0.0,0.0,0.0
2024-05-21 00:00:00-04:00,448.68358337149255,451.6051980861737,448.48549447851144,451.4170227050781,23167700,0.0,0.0,0.0
2024-05-22 00:00:00-04:00,451.674582383685,452.4272839916617,448.72322680557244,451.32794189453125,25120000,0.0,0.0,0.0
2024-05-23 00:00:00-04:00,456.12139940247897,456.1511097174414,447.50507559800815,449.29766845703125,40899200,0.0,0.0,0.0
2024-05-24 00:00:00-04:00,450.9119615250611,454.8140770907989,449.20849975410897,453.54638671875,29669500,0.0,0.0,0.0
2024-05-28 00:00:00-04:00,454.7645735643504,455.319186254348,452.2985267740355,455.259765625,26216800,0.0,0.0,0.0
2024-05-29 00:00:00-04:00,451.10014308429754,453.83358254085584,450.961474808148,452.0509033203125,29739200,0.0,0.0,0.0
2024-05-30 00:00:00-04:00,451.11997622393034,451.25864451125,445.88083565530343,447.20794677734375,30536800,0.0,0.0,0.0
2024-05-31 00:00:00-04:00,447.43572531572056,448.12900627200275,438.79957479670367,446.3760070800781,55941300,0.0,0.0,0.0
2024-06-03 00:00:00-04:00,450.198860450723,451.19912773458117,443.59298589680577,448.772705078125,32997500,0.0,0.0,0.0
2024-06-04 00:00:00-04:00,448.5152478071342,451.19918028695116,446.7919891245828,450.0008239746094,23767400,0.0,0.0,0.0
2024-06-05 00:00:00-04:00,453.57610393016483,459.1519408150762,450.0404255724261,459.0727233886719,33817400,0.0,0.0,0.0
2024-06-06 00:00:00-04:00,459.7560780803062,460.0730082253945,457.745599697593,458.91424560546875,21966800,0.0,0.0,0.0
2024-06-07 00:00:00-04:00,458.54783305481715,461.2614757860569,457.39898388506356,458.5082092285156,25829700,0.0,0.0,0.0
2024-06-10 00:00:00-04:00,457.3792242132735,460.71681402717616,457.0920043414882,460.3602600097656,20660800,0.0,0.0,0.0
2024-06-11 00:00:00-04:00,459.0826602839929,463.63843324942377,457.58717060137843,463.5195617675781,22053300,0.0,0.0,0.0
2024-06-12 00:00:00-04:00,467.4513734442813,471.9180153282366,466.7581227209805,469.5906066894531,34532600,0.0,0.0,0.0
2024-06-13 00:00:00-04:00,473.1262788447949,473.78984946991005,469.85802350540996,472.1358947753906,25859000,0.0,0.0,0.0
2024-06-14 00:00:00-04:00,471.93784485553545,474.6515179822657,471.4723630955001,474.5821838378906,23372600,0.0,0.0,0.0
2024-06-17 00:00:00-04:00,474.8495341233791,482.17837014074405,473.54225013126796,480.39569091796875,37054500,0.0,0.0,0.0
2024-06-18 00:00:00-04:00,480.3462528169641,481.22767904264435,478.7814288479496,480.5443115234375,24438600,0.0,0.0,0.0
2024-06-20 00:00:00-04:00,481.74262310012705,482.1585674757915,475.00799342285035,476.8402099609375,33918700,0.0,0.0,0.0
2024-06-21 00:00:00-04:00,476.5628890848277,477.8999135568852,474.06713223467636,475.5625915527344,37456800,0.0,0.0,0.0
2024-06-24 00:00:00-04:00,474.3345941263354,476.07052108362217,470.0096706376766,470.1485290527344,37751000,0.762,0.0,0.0
2024-06-25 00:00:00-04:00,472.2416142126937,475.8225692896328,471.29924168078026,475.5249938964844,29014700,0.0,0.0,0.0
2024-06-26 00:00:00-04:00,474.70161721166807,477.0525837362834,474.28501169137144,476.5069885253906,22737100,0.0,0.0,0.0
2024-06-27 00:00:00-04:00,476.25899140241336,479.2150378931876,475.44557836994903,477.73699951171875,26222100,0.0,0.0,0.0
2024-06-28 00:00:00-04:00,478.53059103888904,483.282079612265,474.61234377682473,475.2571105957031,34881600,0.0,0.0,0.0
2024-07-01 00:00:00-04:00,476.1796388241986,478.60991833266274,472.4300379129382,478.0445251464844,24898300,0.0,0.0,0.0
2024-07-02 00:00:00-04:00,476.54663965537014,483.1233273257318,476.4176802465926,483.0638122558594,26723600,0.0,0.0,0.0
2024-07-03 00:00:00-04:00,482.3099405032558,487.22014593921017,482.3099405032558,487.0911865234375,18064900,0.0,0.0,0.0
2024-07-05 00:00:00-04:00,487.93433230475875,492.60644693883444,487.6367266822081,492.16998291015625,28495900,0.0,0.0,0.0
2024-07-08 00:00:00-04:00,492.5370009036956,493.89597878606156,491.515285174663,493.3404846191406,22109400,0.0,0.0,0.0
2024-07-09 00:00:00-04:00,494.85818889737385,495.97910652165876,492.249333953524,493.76702880859375,25614500,0.0,0.0,0.0
2024-07-10 00:00:00-04:00,495.69144940318296,499.47080791979505,494.38208751798817,498.9153137207031,28046900,0.0,0.0,0.0
2024-07-11 00:00:00-04:00,499.02445931370636,499.2327620763541,486.783697768007,487.9740295410156,49966600,0.0,0.0,0.0
2024-07-12 00:00:00-04:00,488.5493686532913,495.60217729832374,488.0831470637036,490.8407897949219,37109400,0.0,0.0,0.0
2024-07-15 00:00:00-04:00,492.61635700216624,496.98099738699784,490.1166331862592,492.1600646972656,31151400,0.0,0.0,0.0
2024-07-16 00:00:00-04:00,493.6182465755792,494.43165958456547,489.18419210348236,492.3485412597656,25950600,0.0,0.0,0.0
2024-07-17 00:00:00-04:00,484.3533794143371,484.8691868130836,477.82630736398596,477.8957214355469,56268800,0.0,0.0,0.0
2024-07-18 00:00:00-04:00,481.6254692775221,481.80401449029495,472.4399265508185,475.634033203125,49347400,0.0,0.0,0.0
2024-07-19 00:00:00-04:00,475.2968346852116,477.81641735630217,470.12874018687245,471.41827392578125,42042900,0.0,0.0,0.0
2024-07-22 00:00:00-04:00,477.2906394842837,479.4630304930446,473.86837138221824,478.4413146972656,40300000,0.0,0.0,0.0
2024-07-23 00:00:00-04:00,477.5386298673129,480.53433291634104,476.27885377433194,476.7549743652344,23282500,0.0,0.0,0.0
2024-07-24 00:00:00-04:00,470.00964098720937,470.3766606771933,458.79059618135454,459.6535949707031,58818600,0.0,0.0,0.0
2024-07-25 00:00:00-04:00,459.9909324921608,464.17699798754455,451.9659929822661,454.5847473144531,59256800,0.0,0.0,0.0
2024-07-26 00:00:00-04:00,458.92945331899654,462.1830749909477,456.07260887100784,459.24688720703125,39992100,0.0,0.0,0.0
2024-07-29 00:00:00-04:00,461.9648449969865,464.1471651465655,457.90773959031816,460.1694030761719,28218500,0.0,0.0,0.0
2024-07-30 00:00:00-04:00,462.1037777697679,462.80805968299586,450.49785360966354,453.8506774902344,41317200,0.0,0.0,0.0
2024-07-31 00:00:00-04:00,464.10749036668363,468.9879381584773,462.659239832893,467.2817687988281,44552100,0.0,0.0,0.0
2024-08-01 00:00:00-04:00,467.96623233847004,471.7257322990173,452.3131324101359,455.9635314941406,56653900,0.0,0.0,0.0
2024-08-02 00:00:00-04:00,447.2640403973027,449.9224810667855,440.89565553224355,445.1412353515625,66323200,0.0,0.0,0.0
2024-08-05 00:00:00-04:00,421.2945574349509,438.7331994932411,420.04471069161315,431.86883544921875,87483500,0.0,0.0,0.0
2024-08-06 00:00:00-04:00,433.7139000662552,443.47476524272554,431.06535831963623,435.9953918457031,63164400,0.0,0.0,0.0
2024-08-07 00:00:00-04:00,442.89943365435545,445.3892585731149,430.87690439120644,431.273681640625,54929200,0.0,0.0,0.0
2024-08-08 00:00:00-04:00,437.5131289308338,445.37935104842387,433.6345683136623,444.4667663574219,47890100,0.0,0.0,0.0
2024-08-09 00:00:00-04:00,443.1474028666421,448.4246278308147,442.0264852411968,446.78790283203125,33574000,0.0,0.0,0.0
2024-08-12 00:00:00-04:00,447.7600513399567,450.7160675662323,444.94286325571886,447.7501220703125,27795000,0.0,0.0,0.0
2024-08-13 00:00:00-04:00,452.1543688770567,459.12783342487006,452.0154802061328,458.8599853515625,40084500,0.0,0.0,0.0
2024-08-14 00:00:00-04:00,459.7825457496771,461.3696546201234,454.7136237077934,459.0088195800781,34733700,0.0,0.0,0.0
2024-08-15 00:00:00-04:00,464.9903709262572,471.0016356542181,464.6134219380081,470.6048583984375,38280600,0.0,0.0,0.0
2024-08-16 00:00:00-04:00,468.8193073837925,472.57883766047564,467.8571066619658,471.2099304199219,38383600,0.0,0.0,0.0
2024-08-19 00:00:00-04:00,471.3487983444704,477.439406043087,469.56325539416105,477.39971923828125,23737700,0.0,0.0,0.0
2024-08-20 00:00:00-04:00,476.4871607951865,479.0563290804587,474.701617746839,476.39788818359375,29209300,0.0,0.0,0.0
2024-08-21 00:00:00-04:00,477.1814909972868,480.4747995624965,475.46542264592534,478.6198425292969,25658800,0.0,0.0,0.0
2024-08-22 00:00:00-04:00,480.94105627106063,481.63543918665164,469.99975748455006,471.0314025878906,37739600,0.0,0.0,0.0
2024-08-23 00:00:00-04:00,475.38608613555937,478.8579401865136,471.457939742686,476.1399841308594,36061500,0.0,0.0,0.0
2024-08-26 00:00:00-04:00,475.5944204210187,476.5169343773704,469.4343375642225,471.5174560546875,27452600,0.0,0.0,0.0
2024-08-27 00:00:00-04:00,469.88070629501414,473.99732698185517,467.91661806023484,472.926025390625,27510000,0.0,0.0,0.0
2024-08-28 00:00:00-04:00,472.45981610378107,473.1839262716148,464.12737263361413,467.5595397949219,37372400,0.0,0.0,0.0
2024-08-29 00:00:00-04:00,469.47401742424904,474.0866174099052,465.59545688476163,466.8750915527344,41081500,0.0,0.0,0.0
2024-08-30 00:00:00-04:00,471.21988258054085,473.0649105007143,466.7263126612224,472.4399719238281,33466500,0.0,0.0,0.0
2024-09-03 00:00:00-04:00,469.3946718201247,469.52360096835037,455.7155586156468,458.09625244140625,44985200,0.0,0.0,0.0
2024-09-04 00:00:00-04:00,454.9815125974433,460.71503018182364,454.04906940273753,456.9058837890625,32505100,0.0,0.0,0.0
2024-09-05 00:00:00-04:00,455.2790975704819,461.6176953020326,454.25738174267235,457.33245849609375,34452400,0.0,0.0,0.0
2024-09-06 00:00:00-04:00,456.62810375201417,457.5109610784589,444.5857469754508,445.08172607421875,50624400,0.0,0.0,0.0
2024-09-09 00:00:00-04:00,449.4166233262503,451.7973171830769,446.20268813314266,450.80535888671875,32981200,0.0,0.0,0.0
2024-09-10 00:00:00-04:00,452.57103577848284,455.4774965444328,448.59330366252664,454.9715881347656,29680300,0.0,0.0,0.0
2024-09-11 00:00:00-04:00,456.2115530037745,465.595470202267,447.6509478882776,464.85150146484375,57843000,0.0,0.0,0.0
2024-09-12 00:00:00-04:00,464.8812634483093,470.22793335635157,463.09575057028786,469.4145202636719,40067800,0.0,0.0,0.0
2024-09-13 00:00:00-04:00,468.6804698391117,472.69788885687876,468.45230853147166,471.5174560546875,29111800,0.0,0.0,0.0
2024-09-16 00:00:00-04:00,469.3847708811553,470.0493660187437,466.11132045717886,469.4343566894531,22585600,0.0,0.0,0.0
2024-09-17 00:00:00-04:00,472.4597826355524,473.75924546425443,467.1825577118159,469.6822814941406,30084400,0.0,0.0,0.0
2024-09-18 00:00:00-04:00,470.8825665914544,474.9793285022384,467.04366295376417,467.6487731933594,39909200,0.0,0.0,0.0
2024-09-19 00:00:00-04:00,478.7289622118295,482.3198765482769,476.6260155402931,479.4729309082031,52782500,0.0,0.0,0.0
2024-09-20 00:00:00-04:00,478.6099190548314,479.8002810455393,474.45361162895745,478.5603332519531,34577700,0.0,0.0,0.0
2024-09-23 00:00:00-04:00,479.7394288493287,480.9215203228554,478.3983973954024,479.8288269042969,24843000,0.677,0.0,0.0
2024-09-24 00:00:00-04:00,481.2393869460607,483.0969506657902,476.9779279353997,482.1433410644531,25952600,0.0,0.0,0.0
2024-09-25 00:00:00-04:00,481.5175252200048,484.54726755271423,481.3387291034352,482.5903625488281,26549900,0.0,0.0,0.0
2024-09-26 00:00:00-04:00,490.09016242739943,490.4179856245254,482.57047911503713,486.2160949707031,32020200,0.0,0.0,0.0
2024-09-27 00:00:00-04:00,487.2392614802521,487.37834534141643,482.3320991127466,483.5141906738281,22851100,0.0,0.0,0.0
2024-09-30 00:00:00-04:00,482.55059356597803,485.1631145023519,479.7096210425014,484.82537841796875,30281100,0.0,0.0,0.0
2024-10-01 00:00:00-04:00,484.4578646399969,484.755858164627,474.22631911696305,478.0705871582031,42735400,0.0,0.0,0.0
2024-10-02 00:00:00-04:00,477.166637111899,480.6632561757568,474.5442031287082,478.74609375,23744000,0.0,0.0,0.0
2024-10-03 00:00:00-04:00,476.5507507116233,481.3287721276597,475.80573659916814,478.3884582519531,25337200,0.0,0.0,0.0
2024-10-04 00:00:00-04:00,484.20952393231084,484.63665808683004,479.18316441320445,484.08038330078125,30686600,0.0,0.0,0.0
2024-10-07 00:00:00-04:00,482.1632791000972,483.3354275182736,477.67330738042244,478.8951416015625,24975100,0.0,0.0,0.0
2024-10-08 00:00:00-04:00,481.43807233094464,486.7326261243506,480.633459488425,486.0472106933594,28272000,0.0,0.0,0.0
2024-10-09 00:00:00-04:00,485.74920714012944,490.447773778929,484.7061994960775,489.8716125488281,24995000,0.0,0.0,0.0
2024-10-10 00:00:00-04:00,487.58691507255554,491.18284505079606,486.275682942402,489.3153381347656,25750400,0.0,0.0,0.0
2024-10-11 00:00:00-04:00,487.4776224231671,491.10338200779745,486.9114347391252,490.0802001953125,20644500,0.0,0.0,0.0
2024-10-14 00:00:00-04:00,492.47417787856716,495.5138329915702,491.9675889028676,494.19268798828125,26060100,0.0,0.0,0.0
2024-10-15 00:00:00-04:00,494.52049274163846,495.1860520276672,485.43132653566585,487.5869140625,34784500,0.0,0.0,0.0
2024-10-16 00:00:00-04:00,487.9146785294373,488.42129780251923,484.3286919897408,487.646484375,22996800,0.0,0.0,0.0
2024-10-17 00:00:00-04:00,493.1397531110063,493.18940859356604,487.92465422473487,487.9842529296875,27210700,0.0,0.0,0.0
2024-10-18 00:00:00-04:00,490.7755527979265,492.2755242206624,490.02059547553733,491.1828308105469,25335000,0.0,0.0,0.0
2024-10-21 00:00:00-04:00,489.9709991848551,492.93119981446085,488.04389338731454,492.1265869140625,30336500,0.0,0.0,0.0
2024-10-22 00:00:00-04:00,489.4544555633244,494.14307930498154,488.69949816726046,492.6629638671875,26685800,0.0,0.0,0.0
2024-10-23 00:00:00-04:00,490.30870725885353,490.96432334661034,481.82547100871324,485.11346435546875,39346600,0.0,0.0,0.0
2024-10-24 00:00:00-04:00,488.8385238750436,489.7226218611036,486.18629054626865,489.0471496582031,22024900,0.0,0.0,0.0
2024-10-25 00:00:00-04:00,491.8484255582351,496.95424013060915,491.1431236657781,492.0272216796875,38762100,0.0,0.0,0.0
2024-10-28 00:00:00-04:00,495.14634485652994,495.20594356524737,491.808695909538,492.106689453125,20477800,0.0,0.0,0.0
2024-10-29 00:00:00-04:00,492.4245661860894,498.01714406315233,490.5670023757053,496.8350524902344,28014100,0.0,0.0,0.0
2024-10-30 00:00:00-04:00,496.07013879654005,497.0237483609991,492.59340631319196,493.08013916015625,29756000,0.0,0.0,0.0
2024-10-31 00:00:00-04:00,489.1067461640381,489.1564016466418,480.5341120892308,480.6334533691406,41245200,0.0,0.0,0.0
2024-11-01 00:00:00-04:00,482.27250423331776,487.48760340370893,481.9745106923199,484.1896667480469,33655800,0.0,0.0,0.0
2024-11-04 00:00:00-05:00,483.5837266285996,486.1267058425176,481.03080419194885,482.77911376953125,23291600,0.0,0.0,0.0
2024-11-05 00:00:00-05:00,484.36844013699425,489.60342550753097,484.2790420788911,488.9378662109375,24353600,0.0,0.0,0.0
2024-11-06 00:00:00-05:00,497.2323769880433,503.04349344647574,496.27876735997705,502.218994140625,43082200,0.0,0.0,0.0
2024-11-07 00:00:00-05:00,505.0201931350718,510.9107940287759,504.96059443524405,510.1260070800781,32853100,0.0,0.0,0.0
2024-11-08 00:00:00-05:00,509.6294136047626,511.4969206744568,509.0035968404816,510.7221374511719,22924500,0.0,0.0,0.0
2024-11-11 00:00:00-05:00,511.9439918926331,512.1526177111431,507.5235921574298,510.4241943359375,24167500,0.0,0.0,0.0
2024-11-12 00:00:00-05:00,510.35457310077174,511.2386104698655,506.4407327396311,509.500244140625,25835300,0.0,0.0,0.0
2024-11-13 00:00:00-05:00,508.9937231359379,511.5565283178934,506.5599979689429,508.8446960449219,24567400,0.0,0.0,0.0
2024-11-14 00:00:00-05:00,508.50691430007294,509.38103874758787,504.39442175455974,505.3083190917969,28679500,0.0,0.0,0.0
2024-11-15 00:00:00-05:00,499.596507893659,499.98389944924315,491.20267051783117,493.26885986328125,51461100,0.0,0.0,0.0
2024-11-18 00:00:00-05:00,494.8185334852246,498.80188548578275,493.4278464758973,496.6959533691406,27080800,0.0,0.0,0.0
2024-11-19 00:00:00-05:00,494.11324243543385,500.59983079705506,493.7754760256889,500.1130676269531,24523000,0.0,0.0,0.0
2024-11-20 00:00:00-05:00,499.81509950184636,500.13297948322725,493.2589688807076,499.8250427246094,29565500,0.0,0.0,0.0
2024-11-21 00:00:00-05:00,502.8746195440877,503.58983435705557,494.2523295261495,501.6230163574219,34526700,0.0,0.0,0.0
2024-11-22 00:00:00-05:00,501.06672465572467,503.1626832240506,499.4376125142459,502.4276123046875,23826600,0.0,0.0,0.0
2024-11-25 00:00:00-05:00,506.5102526964131,508.0499667100566,500.9077623619941,503.2222595214844,26375200,0.0,0.0,0.0
2024-11-26 00:00:00-05:00,504.7023602461584,506.7486936182551,503.8580351483162,505.9241943359375,26557100,0.0,0.0,0.0
2024-11-27 00:00:00-05:00,504.79180322557323,504.8613148407309,498.5932648539435,501.94085693359375,24957400,0.0,0.0,0.0
2024-11-29 00:00:00-05:00,502.56667935921564,506.9473662694866,501.9508058356558,506.3513488769531,15334000,0.0,0.0,0.0
2024-12-02 00:00:00-05:00,507.61292496608064,512.8280240935795,507.2255030512657,511.86444091796875,25147200,0.0,0.0,0.0
2024-12-03 00:00:00-05:00,510.53332774826833,513.712066617979,509.95716654971676,513.4338989257812,18597900,0.0,0.0,0.0
2024-12-04 00:00:00-05:00,516.8610968707424,520.0398364849109,516.1458516585823,519.7815551757812,26086200,0.0,0.0,0.0
2024-12-05 00:00:00-05:00,519.8310926249068,520.5562202670988,517.9536425774054,518.341064453125,18169600,0.0,0.0,0.0
2024-12-06 00:00:00-05:00,519.0066327445587,523.2184363287621,518.8774921095275,522.9800415039062,23762600,0.0,0.0,0.0
2024-12-09 00:00:00-05:00,522.05625826133,522.8509279284456,517.7550260804971,518.9073486328125,20674400,0.0,0.0,0.0
2024-12-10 00:00:00-05:00,520.1390419811773,521.8873514458777,515.7086696162847,517.1390991210938,24350000,0.0,0.0,0.0
2024-12-11 00:00:00-05:00,521.5099406153433,527.0826322868602,521.1026928624702,526.397216796875,32168600,0.0,0.0,0.0
2024-12-12 00:00:00-05:00,524.172087298011,525.4436072298987,522.5231493050896,522.9999389648438,23577500,0.0,0.0,0.0
2024-12-13 00:00:00-05:00,526.9336318983244,529.6255775680266,523.7946049815864,527.003173828125,28780400,0.0,0.0,0.0
2024-12-16 00:00:00-05:00,529.5361568963015,535.5658114467504,529.4566717517013,534.59228515625,31979900,0.0,0.0,0.0
2024-12-17 00:00:00-05:00,532.7943729529336,533.9069225697383,530.5792169420574,532.2380981445312,28579100,0.0,0.0,0.0
2024-12-18 00:00:00-05:00,531.5924949709128,533.3109750076851,511.58636557301924,513.03662109375,54703200,0.0,0.0,0.0
2024-12-19 00:00:00-05:00,517.7252131155939,518.2914311205944,510.41415579136265,510.7518615722656,46441800,0.0,0.0,0.0
2024-12-20 00:00:00-05:00,507.0467099804337,521.3311197650482,505.9043609895219,515.2120361328125,60530000,0.0,0.0,0.0
2024-12-23 00:00:00-05:00,516.9283129789839,520.6096547422801,513.5255874709457,520.2315673828125,29672800,0.835,0.0,0.0
2024-12-24 00:00:00-05:00,522.1817693583913,527.3754005322922,521.544984169561,527.285888671875,17558200,0.0,0.0,0.0
2024-12-26 00:00:00-05:00,525.6541027671784,528.5593514336211,523.6542355176792,526.9276123046875,19090500,0.0,0.0,0.0
2024-12-27 00:00:00-05:00,523.3557601634299,523.7935423499296,515.2468608204825,519.9231567382812,33839600,0.0,0.0,0.0
2024-12-30 00:00:00-05:00,512.9087686326234,516.7393174088666,509.2473146765622,513.0082397460938,34584000,0.0,0.0,0.0
2024-12-31 00:00:00-05:00,514.2917319661082,515.0478459733405,507.68522302330774,508.65032958984375,29117000,0.0,0.0,0.0
2025-01-02 00:00:00-05:00,511.70483525262233,514.0330543562292,503.1581839494331,507.6553955078125,36389800,0.0,0.0,0.0
2025-01-03 00:00:00-05:00,510.75966659640244,517.0279260529678,509.9438576684863,515.9633178710938,29059500,0.0,0.0,0.0
2025-01-06 00:00:00-05:00,521.3758536522039,525.2561381071918,519.3959047599175,521.8931884765625,36109700,0.0,0.0,0.0
2025-01-07 00:00:00-05:00,522.9378882230591,523.335833378113,510.6900071781392,512.5803833007812,36690300,0.0,0.0,0.0
2025-01-08 00:00:00-05:00,512.4808782025573,514.3115593941594,507.99362634128687,512.669921875,30777800,0.0,0.0,0.0
2025-01-10 00:00:00-05:00,508.8990985985744,508.9985697107834,501.3772485549007,504.6307373046875,40532500,0.0,0.0,0.0
2025-01-13 00:00:00-05:00,498.6709265319041,503.4665814430954,497.1784956229263,503.0089111328125,31694200,0.0,0.0,0.0
2025-01-14 00:00:00-05:00,506.1728767537031,507.58572476161,499.0589618879038,502.5313415527344,33737200,0.0,0.0,0.0
2025-01-15 00:00:00-05:00,510.44124844999436,515.236872995838,508.87913311499364,514.0927124023438,34957600,0.0,0.0,0.0
2025-01-16 00:00:00-05:00,516.3611892710602,516.44080259186,510.3616484408425,510.4909973144531,28229000,0.0,0.0,0.0
2025-01-17 00:00:00-05:00,520.2117453555135,521.4256209787247,510.52090179395134,519.1073608398438,51837900,0.0,0.0,0.0
2025-01-21 00:00:00-05:00,521.8334018984197,523.3158734926727,517.4357226652137,522.1517944335938,23628000,0.0,0.0,0.0
2025-01-22 00:00:00-05:00,526.8977289549638,531.1262829083367,526.589295683922,528.8279418945312,33593000,0.0,0.0,0.0
2025-01-23 00:00:00-05:00,526.3703999596165,530.0716601200355,525.7834111540478,529.9522705078125,23096600,0.0,0.0,0.0
2025-01-24 00:00:00-05:00,530.3304283427711,531.0965016684947,525.4850069666725,526.95751953125,19878300,0.0,0.0,0.0
2025-01-27 00:00:00-05:00,508.42153200479015,515.3762512683116,507.57581496885507,511.6153564453125,60771700,0.0,0.0,0.0
2025-01-28 00:00:00-05:00,512.6201071165299,520.3608774249693,509.19749371576415,519.1768798828125,33194200,0.0,0.0,0.0
2025-01-29 00:00:00-05:00,519.8236841608818,519.9530330379257,514.2917423982929,518.201904296875,26649000,0.0,0.0,0.0
2025-01-30 00:00:00-05:00,521.0674092489711,523.4453032843132,515.5951619544196,520.4107055664062,27431300,0.0,0.0,0.0
2025-01-31 00:00:00-05:00,524.2610600801457,528.8378841779202,518.5599940127812,519.6544189453125,38755200,0.0,0.0,0.0
2025-02-03 00:00:00-05:00,510.8790043064367,518.2217697288138,508.4712326155503,515.49560546875,40580800,0.0,0.0,0.0
2025-02-04 00:00:00-05:00,516.0129287189441,522.4602103421444,515.6149228814181,521.8234252929688,26046800,0.0,0.0,0.0
2025-02-05 00:00:00-05:00,519.1868804659659,524.3506939252882,517.9929235736566,524.1914672851562,21134100,0.0,0.0,0.0
2025-02-06 00:00:00-05:00,524.6989250686672,527.1365745057541,523.0871044523607,526.9276123046875,19434500,0.0,0.0,0.0
2025-02-07 00:00:00-05:00,527.4649102497111,529.4149811581992,519.5550140724782,520.2813110351562,29605500,0.0,0.0,0.0
2025-02-10 00:00:00-05:00,524.559620960653,527.6837911084541,524.0920217277084,526.5794067382812,20852800,0.0,0.0,0.0
2025-02-11 00:00:00-05:00,523.306019618235,527.2459985319832,523.1766707420592,525.3257446289062,19325500,0.0,0.0,0.0
2025-02-12 00:00:00-05:00,519.6644316230244,526.5196788561027,519.3162220342847,525.6341552734375,25009400,0.0,0.0,0.0
2025-02-13 00:00:00-05:00,527.3056905351805,533.5141936498824,526.5196987532877,533.1958618164062,28714800,0.0,0.0,0.0
2025-02-14 00:00:00-05:00,533.3052931830399,536.1210299534633,532.966982109474,535.4345092773438,17862600,0.0,0.0,0.0
2025-02-18 00:00:00-05:00,537.0064842826905,537.2751412860282,533.3351017214825,536.6483154296875,20565000,0.0,0.0,0.0
2025-02-19 00:00:00-05:00,535.8523280383527,538.0810150531318,533.7529898884638,536.7975463867188,19666900,0.0,0.0,0.0
2025-02-20 00:00:00-05:00,536.0115349648631,536.3796630770588,529.7732148425396,534.5191040039062,26550800,0.0,0.0,0.0
2025-02-21 00:00:00-05:00,535.6632745780284,535.6831930883143,523.0572259266131,523.4253540039062,47093800,0.0,0.0,0.0
2025-02-24 00:00:00-05:00,525.2162949415896,526.400292568826,516.908453766449,517.2467041015625,39268400,0.0,0.0,0.0
2025-02-25 00:00:00-05:00,516.6198772023894,516.6994905216765,506.86934067706676,510.7297668457031,48940000,0.0,0.0,0.0
2025-02-26 00:00:00-05:00,512.928668459214,517.0377726397771,508.7896257822196,511.9635314941406,34457600,0.0,0.0,0.0
2025-02-27 00:00:00-05:00,515.5154989416602,516.4507580909494,497.5267143835209,497.74560546875,52448000,0.0,0.0,0.0
2025-02-28 00:00:00-05:00,497.60630544462947,506.21265072070776,494.4224407770984,505.6057434082031,47654000,0.0,0.0,0.0
2025-03-03 00:00:00-05:00,508.93885561166286,510.4511747502602,491.08937854664106,494.5418701171875,44587200,0.0,0.0,0.0
2025-03-04 00:00:00-05:00,491.68635636601033,501.19811409825184,485.2788502299198,493.0494384765625,67875400,0.0,0.0,0.0
2025-03-05 00:00:00-05:00,493.6961873600139,501.08868829896096,488.7811121667995,499.47686767578125,46323700,0.0,0.0,0.0
2025-03-06 00:00:00-05:00,491.1988293432897,496.06413848203505,483.74663380211234,485.7365417480469,57574300,0.0,0.0,0.0
2025-03-07 00:00:00-05:00,484.7017992368597,490.7909129209113,478.1052492912749,489.3084411621094,54714700,0.0,0.0,0.0
2025-03-10 00:00:00-04:00,481.0105123404904,481.527877477655,466.29513451841564,470.3446044921875,76668000,0.0,0.0,0.0
2025-03-11 00:00:00-04:00,469.96652188682117,476.39391614178453,464.65347123925363,469.2203063964844,68760800,0.0,0.0,0.0
2025-03-12 00:00:00-04:00,476.7421760776683,478.632582659648,469.40936974367503,474.51348876953125,46971100,0.0,0.0,0.0
2025-03-13 00:00:00-04:00,473.8468663020031,473.8767137089589,464.07641024395843,465.9767761230469,46563300,0.0,0.0,0.0
2025-03-14 00:00:00-04:00,471.3395542793586,478.1350765220873,470.73261656970107,477.2396240234375,43563000,0.0,0.0,0.0
2025-03-17 00:00:00-04:00,477.1898651106022,483.3884393542646,475.3890008308422,480.33392333984375,41744400,0.0,0.0,0.0
2025-03-18 00:00:00-04:00,476.9908675616912,477.1898401296811,470.02619004677405,472.14544677734375,39072300,0.0,0.0,0.0
2025-03-19 00:00:00-04:00,474.40401064913135,482.8810077328089,472.4737974749432,478.46343994140625,40430300,0.0,0.0,0.0
2025-03-20 00:00:00-04:00,474.4736490056198,482.10492887042955,473.7771690886222,476.8416442871094,36780500,0.0,0.0,0.0
2025-03-21 00:00:00-04:00,471.6877671830669,479.1797694014654,470.52368803573967,478.4136657714844,42234900,0.0,0.0,0.0
2025-03-24 00:00:00-04:00,486.00252834320924,489.7591180442307,482.67442997651204,488.9121398925781,34567200,0.716,0.0,0.0
2025-03-25 00:00:00-04:00,489.639545469345,491.8615821216475,488.67299966529646,491.7021484375,26035200,0.0,0.0,0.0
2025-03-26 00:00:00-04:00,490.54628025757523,491.4032325143907,481.1000700784772,482.6545104980469,34627100,0.0,0.0,0.0
2025-03-27 00:00:00-04:00,480.69152170184447,484.84664994408064,478.5392125885613,479.9043273925781,33469800,0.0,0.0,0.0
2025-03-28 00:00:00-04:00,478.10080496658304,478.80826727024373,466.3826870366339,467.26953125,46363800,0.0,0.0,0.0
2025-03-31 00:00:00-04:00,460.2745390190723,468.1862267806507,455.70086298518777,467.2496032714844,53000300,0.0,0.0,0.0
2025-04-01 00:00:00-04:00,465.6353253704141,471.94279304476703,462.76561033586444,471.01611328125,41156200,0.0,0.0,0.0
2025-04-02 00:00:00-04:00,464.4595276487334,477.85165253272163,464.20044412047605,474.45379638671875,49894500,0.0,0.0,0.0
2025-04-03 00:00:00-04:00,454.8140352690705,458.4311090574493,448.5364897977271,449.05462646484375,70456300,0.0,0.0,0.0
2025-04-04 00:00:00-04:00,436.57922963452495,438.8012662497565,421.1643371582031,421.1643371582031,117088400,0.0,0.0,0.0
2025-04-07 00:00:00-04:00,407.20423705779143,441.5614201479207,400.95658358107875,422.1806945800781,161557000,0.0,0.0,0.0
2025-04-08 00:00:00-04:00,436.59912870717443,441.5613992006258,408.33019716146754,414.5778503417969,101248100,0.0,0.0,0.0
2025-04-09 00:00:00-04:00,414.08962016496724,466.16343342206665,413.9501042914269,464.3399658203125,142876900,0.0,0.0,0.0
2025-04-10 00:00:00-04:00,451.9442914367033,453.96705879904806,431.0888571820337,444.590576171875,108384100,0.0,0.0,0.0
2025-04-11 00:00:00-04:00,443.06604289719394,454.1663741146707,439.75786224336997,452.78131103515625,52483800,0.0,0.0,0.0
2025-04-14 00:00:00-04:00,462.8054886452569,463.3933832938378,451.01764293847816,455.8503723144531,43941200,0.0,0.0,0.0
2025-04-15 00:00:00-04:00,456.90654896754893,460.7328660655078,454.5250482813498,456.3584899902344,35404200,0.0,0.0,0.0
2025-04-16 00:00:00-04:00,447.43041565591307,451.00762332139715,436.2005738134235,442.5976867675781,48980600,0.0,0.0,0.0
2025-04-17 00:00:00-04:00,445.57707652380003,446.1549970317344,439.78774529190997,442.51800537109375,44837000,0.0,0.0,0.0
2025-04-21 00:00:00-04:00,436.6688946094812,437.51584230875216,426.40556828000206,431.5671081542969,44149300,0.0,0.0,0.0
2025-04-22 00:00:00-04:00,437.2568260974721,445.9856002161295,436.06108861931057,442.89666748046875,52304400,0.0,0.0,0.0
2025-04-23 00:00:00-04:00,456.53789090300927,461.729322993314,451.2667267648559,452.94073486328125,55801100,0.0,0.0,0.0
2025-04-24 00:00:00-04:00,454.8539073702654,465.99407392862616,454.20619851663224,465.6851806640625,45956100,0.0,0.0,0.0
2025-04-25 00:00:00-04:00,465.30650394037264,471.40469766730706,463.7321457882604,470.8765869140625,38697100,0.0,0.0,0.0
2025-04-28 00:00:00-04:00,471.34492884890216,473.1185867567387,464.36986487736374,470.7271423339844,33550800,0.0,0.0,0.0
2025-04-29 00:00:00-04:00,468.4951374553907,474.722873222181,467.91718654726753,473.8360290527344,30613100,0.0,0.0,0.0
2025-04-30 00:00:00-04:00,465.4659581608863,475.5000933242452,460.7826887017505,473.7762451171875,46810600,0.0,0.0,0.0
2025-05-01 00:00:00-04:00,481.68795952250036,485.4445187613678,479.0274574431888,479.964111328125,43316500,0.0,0.0,0.0
2025-05-02 00:00:00-04:00,484.8068330037864,489.1612611202772,483.10290255126364,487.0886535644531,39218100,0.0,0.0,0.0
2025-05-05 00:00:00-04:00,482.87372581995743,487.2879376271539,482.37550695931134,484.198974609375,28309500,0.0,0.0,0.0
2025-05-06 00:00:00-04:00,477.85168296536403,483.32211645922314,476.48656811897325,479.6950988769531,32786300,0.0,0.0,0.0
2025-05-07 00:00:00-04:00,480.36271382704064,484.06946360216114,475.0816057321311,481.578369140625,38006300,0.0,0.0,0.0
2025-05-08 00:00:00-04:00,486.78973347402933,490.9448922772597,482.4452794741909,486.55059814453125,39577600,0.0,0.0,0.0
2025-05-09 00:00:00-04:00,488.46373075344206,489.789009962343,484.4680361370782,486.2317199707031,27767400,0.0,0.0,0.0
2025-05-12 00:00:00-04:00,505.1839413174901,506.08075957729017,499.69359025194126,506.0408935546875,45090600,0.0,0.0,0.0
2025-05-13 00:00:00-04:00,507.3461789329695,515.546871439172,506.6088248298239,513.7532958984375,53269600,0.0,0.0,0.0
2025-05-14 00:00:00-04:00,514.9291670405382,517.3803650369858,513.9127810511419,516.8323364257812,47014500,0.0,0.0,0.0
2025-05-15 00:00:00-04:00,514.6800131330596,520.0707142555518,513.3347857660638,517.4002685546875,50153300,0.0,0.0,0.0
2025-05-16 00:00:00-04:00,518.8052741008747,519.8416083280616,515.2579579935311,519.6522827148438,48394600,0.0,0.0,0.0
2025-05-19 00:00:00-04:00,512.4081714236444,520.6686798199481,512.4081714236444,520.1505126953125,52536200,0.0,0.0,0.0
2025-05-20 00:00:00-04:00,517.6195490998188,519.0743702786815,514.8195611288448,518.416748046875,42517600,0.0,0.0,0.0
2025-05-21 00:00:00-04:00,514.4309376384672,521.1369442471234,509.418826553865,511.21240234375,71292800,0.0,0.0,0.0
2025-05-22 00:00:00-04:00,511.8302517457492,515.8658737907991,510.47511083297866,512.1690673828125,55607200,0.0,0.0,0.0
2025-05-23 00:00:00-04:00,504.37683685319297,510.01667798674157,503.77896814055566,507.4259338378906,58368100,0.0,0.0,0.0
2025-05-27 00:00:00-04:00,514.3113951204324,519.8515868592059,512.7569545841645,519.36328125,47226300,0.0,0.0,0.0
2025-05-28 00:00:00-04:00,520.3198331572289,521.8144897137478,516.543356152141,517.0614624023438,46637200,0.0,0.0,0.0
2025-05-29 00:00:00-04:00,524.4551068947912,524.6045360691892,515.4771928839561,518.077880859375,58513300,0.0,0.0,0.0
2025-05-30 00:00:00-04:00,517.589644720194,518.8252178409589,510.10638723489177,517.2608032226562,67662800,0.0,0.0,0.0
2025-06-02 00:00:00-04:00,515.3974870451045,521.5853877867925,514.1319915550752,521.3462524414062,44762800,0.0,0.0,0.0
2025-06-03 00:00:00-04:00,521.6949632814592,526.8565036997328,520.8280672755905,525.421630859375,44070300,0.0,0.0,0.0
2025-06-04 00:00:00-04:00,526.1291111461301,527.9526092750558,524.0963391933162,526.8864135742188,41359300,0.0,0.0,0.0
2025-06-05 00:00:00-04:00,528.2914078268998,531.1511795683101,520.7981757926248,522.9205932617188,61031200,0.0,0.0,0.0
2025-06-06 00:00:00-04:00,528.1120196484558,529.9055954761677,526.3284179293108,528.0322875976562,42467000,0.0,0.0,0.0
2025-06-09 00:00:00-04:00,528.2515065877924,530.453595021937,527.1255271006693,528.8095092773438,33688700,0.0,0.0,0.0
2025-06-10 00:00:00-04:00,529.2777972976213,532.9945512832284,527.0059509616149,532.3070068359375,40664800,0.0,0.0,0.0
2025-06-11 00:00:00-04:00,533.7119535961438,534.8678553808483,528.221572163124,530.5133666992188,53701000,0.0,0.0,0.0
2025-06-12 00:00:00-04:00,529.1981805291538,532.7355225727674,528.9490710779452,531.7589721679688,34104900,0.0,0.0,0.0
2025-06-13 00:00:00-04:00,525.8002917667119,529.9753685874628,523.8572258903529,525.0828857421875,55814400,0.0,0.0,0.0
2025-06-16 00:00:00-04:00,528.6102414640853,533.4628885796845,528.5604317387102,532.38671875,37622100,0.0,0.0,0.0
2025-06-17 00:00:00-04:00,529.8158873625565,531.4301114980193,526.0293756198878,527.1952514648438,42180900,0.0,0.0,0.0
2025-06-18 00:00:00-04:00,528.2115609532127,530.6528452992457,525.5212280185297,527.1055297851562,43983500,0.0,0.0,0.0
2025-06-20 00:00:00-04:00,530.3639576995934,531.6593145894406,523.0102423618315,524.9533081054688,61643500,0.0,0.0,0.0
2025-06-23 00:00:00-04:00,525.5229332044729,530.8698234247422,522.3706802794006,530.3511352539062,50666100,0.591,0.0,0.0
2025-06-24 00:00:00-04:00,535.5782888900031,539.3789778904177,534.9598085403529,538.4612426757812,45442000,0.0,0.0,0.0
2025-06-25 00:00:00-04:00,540.7355939583459,541.9825398600767,538.0621492513585,539.8377685546875,44804200,0.0,0.0,0.0
2025-06-26 00:00:00-04:00,542.0224539142,545.3343497414623,540.196968838495,544.8854370117188,43811400,0.0,0.0,0.0
2025-06-27 00:00:00-04:00,545.922987304897,548.6462981008426,543.2096009334672,546.7509765625,57577100,0.0,0.0,0.0
2025-06-30 00:00:00-04:00,549.9131598811205,551.4493754022211,547.6686571277671,550.292236328125,45548700,0.0,0.0,0.0
2025-07-01 00:00:00-04:00,548.3869215848855,549.3645687252039,543.3293009206998,545.6536254882812,56166700,0.0,0.0,0.0
2025-07-02 00:00:00-04:00,544.8255458862538,549.6537471519974,544.7856655368287,549.4542236328125,36538300,0.0,0.0,0.0
2025-07-03 00:00:00-04:00,551.8284721476665,555.8386700313663,551.8284721476665,554.8610229492188,26443500,0.0,0.0,0.0
2025-07-07 00:00:00-04:00,552.1676854094138,552.9856893302406,548.2373089969742,550.6813354492188,45349300,0.0,0.0,0.0
2025-07-08 00:00:00-04:00,552.0279766846955,552.656442328,549.7535179973017,550.9905395507812,36153300,0.0,0.0,0.0
2025-07-09 00:00:00-04:00,553.1252961239118,556.2676245184426,551.7486628164066,554.8909912109375,43045500,0.0,0.0,0.0
2025-07-10 00:00:00-04:00,555.5294408217566,555.9384123345195,551.399540909487,554.0929565429688,34710900,0.0,0.0,0.0
2025-07-11 00:00:00-04:00,551.9481827978439,554.4320895669904,550.7012367582291,552.8460083007812,39618600,0.0,0.0,0.0
2025-07-14 00:00:00-04:00,552.6365273151346,555.5893176048168,550.2823076862738,554.8511352539062,36453300,0.0,0.0,0.0
2025-07-15 00:00:00-04:00,558.881207037374,559.4298511098242,555.2999512724816,555.3598022460938,43277700,0.0,0.0,0.0
2025-07-16 00:00:00-04:00,555.9184813380132,558.841315448374,550.2124247955553,555.9284057617188,52314700,0.0,0.0,0.0
2025-07-17 00:00:00-04:00,556.6566959464612,560.9361929372504,555.8486773290106,560.4274291992188,40423800,0.0,0.0,0.0
2025-07-18 00:00:00-04:00,561.7441739242998,563.350225741294,558.6118309954545,559.8887329101562,50484700,0.0,0.0,0.0
2025-07-21 00:00:00-04:00,560.7167515850907,564.6770230188278,560.6867956545606,562.7916259765625,39595200,0.0,0.0,0.0
2025-07-22 00:00:00-04:00,562.921259039647,562.9711246996918,557.2451587250212,559.8787231445312,43270600,0.0,0.0,0.0
2025-07-23 00:00:00-04:00,560.9661767273466,562.4724365095674,558.2129099278791,562.4325561523438,40215300,0.0,0.0,0.0
2025-07-24 00:00:00-04:00,563.7492795819054,564.8565530178993,561.9137482789852,563.6295776367188,42275500,0.0,0.0,0.0
2025-07-25 00:00:00-04:00,563.5497827933865,566.313034745678,562.8914220636111,564.9862670898438,30630800,0.0,0.0,0.0
2025-07-28 00:00:00-04:00,566.3528450456176,567.6496566103068,565.4849755661548,566.7518920898438,31498700,0.0,0.0,0.0
2025-07-29 00:00:00-04:00,569.3655332995753,570.7122106355441,565.1458874865731,565.8740844726562,45463300,0.0,0.0,0.0
2025-07-30 00:00:00-04:00,566.7918454902335,569.2258866472484,563.6694876691353,566.6322631835938,43433800,0.0,0.0,0.0
2025-07-31 00:00:00-04:00,573.1362622854951,573.2260691874027,562.4923482714106,563.6295776367188,64613600,0.0,0.0,0.0
2025-08-01 00:00:00-04:00,557.4647130315702,557.6542512690211,550.3321571804888,552.5267944335938,69400800,0.0,0.0,0.0
2025-08-04 00:00:00-04:00,557.6840912908586,562.94123486933,557.5843599698458,562.7217407226562,47669800,0.0,0.0,0.0
2025-08-05 00:00:00-04:00,564.0086701757624,565.1757946176326,558.3624644272935,558.9011840820312,48666600,0.0,0.0,0.0
2025-08-06 00:00:00-04:00,559.7391099978526,566.3728874107766,559.2603021929511,565.9339599609375,41823700,0.0,0.0,0.0
2025-08-07 00:00:00-04:00,570.2732989674302,571.9192921000312,563.7293285635382,567.8492431640625,44463000,0.0,0.0,0.0
2025-08-08 00:00:00-04:00,569.0562817589437,573.3657343884216,568.7570268998204,573.146240234375,35255500,0.0,0.0,0.0
2025-08-11 00:00:00-04:00,573.285909687358,575.39073988548,570.1735373972913,571.4503784179688,33112900,0.0,0.0,0.0
2025-08-12 00:00:00-04:00,573.754745111433,578.9320673642603,571.0912854904631,578.6328125,42143300,0.0,0.0,0.0
2025-08-13 00:00:00-04:00,581.336189461128,581.8948188134602,577.5255153167782,578.922119140625,41209300,0.0,0.0,0.0
2025-08-14 00:00:00-04:00,576.867214657275,580.4583950264449,576.4980626010837,578.4732666015625,45425000,0.0,0.0,0.0
2025-08-15 00:00:00-04:00,578.3834553032891,578.4233965447576,574.1638092686386,575.9295043945312,49480200,0.0,0.0,0.0
2025-08-18 00:00:00-04:00,575.0316052093148,576.3583727113783,573.8345249533343,575.699951171875,29831000,0.0,0.0,0.0
2025-08-19 00:00:00-04:00,574.9817743394825,575.1513419461467,566.8616474345037,567.88916015625,53752600,0.0,0.0,0.0
2025-08-20 00:00:00-04:00,566.941450640785,567.0611525811408,557.4746467271129,564.5173950195312,76781100,0.0,0.0,0.0
2025-08-21 00:00:00-04:00,562.9712019127612,565.1059882525514,559.609440091839,561.9038696289062,46436900,0.0,0.0,0.0
2025-08-22 00:00:00-04:00,563.2904178641013,572.5876551514443,561.8938747848422,570.5725708007812,51502100,0.0,0.0,0.0
2025-08-25 00:00:00-04:00,569.0063962953644,571.8892890383006,567.7693747773127,568.9265747070312,34044700,0.0,0.0,0.0
2025-08-26 00:00:00-04:00,568.4378222244122,571.5202387152399,567.410309470112,571.2109985351562,34103000,0.0,0.0,0.0
2025-08-27 00:00:00-04:00,570.1935457073605,573.0066024398417,568.9764946916996,572.0888671875,36927100,0.0,0.0,0.0
2025-08-28 00:00:00-04:00,572.707329573353,576.5878402039835,571.0613973569876,575.6701049804688,46787900,0.0,0.0,0.0
2025-08-29 00:00:00-04:00,573.2560108987077,573.6251629601264,567.1509676530454,569.0064697265625,56030400,0.0,0.0,0.0
2025-09-02 00:00:00-04:00,559.938570005311,564.5871576131589,558.1728750960445,564.238037109375,65876800,0.0,0.0,0.0
2025-09-03 00:00:00-04:00,567.8392715420716,570.30326864531,565.3453793937941,568.67724609375,54230200,0.0,0.0,0.0
2025-09-04 00:00:00-04:00,569.3455646209001,574.1936761101587,567.6397814409955,573.8245849609375,47526300,0.0,0.0,0.0
2025-09-05 00:00:00-04:00,579.0717573630119,579.7002230398967,570.1336870891607,574.652587890625,68342500,0.0,0.0,0.0
2025-09-08 00:00:00-04:00,576.9569100864685,579.4209069942706,576.3584003727692,577.4556884765625,46371400,0.0,0.0,0.0
2025-09-09 00:00:00-04:00,578.2537612972826,579.5206779783559,575.6301819149563,579.0917358398438,44007600,0.0,0.0,0.0
2025-09-10 00:00:00-04:00,582.3138007742962,582.3437567038031,577.1364785105435,579.28125,49308000,0.0,0.0,0.0
2025-09-11 00:00:00-04:00,581.8150406027271,583.4510484301161,580.1990033956353,582.6530151367188,44745800,0.0,0.0,0.0
2025-09-12 00:00:00-04:00,583.6105864506874,586.423703827438,582.6728806584372,585.2266235351562,50745900,0.0,0.0,0.0
2025-09-15 00:00:00-04:00,587.0023615482407,590.3441526771844,586.8527036647196,590.2344360351562,44360300,0.0,0.0,0.0
2025-09-16 00:00:00-04:00,591.1620945578748,591.4114837468736,589.0472791060467,589.735595703125,36942100,0.0,0.0,0.0
2025-09-17 00:00:00-04:00,589.6558208790498,590.3042571762861,582.942282862292,588.5585327148438,69384800,0.0,0.0,0.0
2025-09-18 00:00:00-04:00,593.4565071541567,596.678657118695,591.5113200438022,593.8655395507812,61069300,0.0,0.0,0.0
2025-09-19 00:00:00-04:00,595.8705968632576,598.583922026821,594.3941714550525,597.8856201171875,58196100,0.0,0.0,0.0
2025-09-22 00:00:00-04:00,596.9708269829692,602.0942306490323,596.9508332125652,601.4251098632812,57154800,0.694,0.0,0.0
2025-09-23 00:00:00-04:00,601.5949151722127,601.7946700200599,596.2118359493293,597.4302978515625,64635500,0.0,0.0,0.0
2025-09-24 00:00:00-04:00,598.8085103543956,599.1281059107118,592.5964822123717,595.3329467773438,49850300,0.0,0.0,0.0
2025-09-25 00:00:00-04:00,591.4379907146171,594.354216296693,587.7427395490681,592.7662963867188,70920200,0.0,0.0,0.0
2025-09-26 00:00:00-04:00,593.585214360816,595.5327174506845,590.2994696097071,595.203125,54337400,0.0,0.0,0.0
2025-09-29 00:00:00-04:00,598.3391106571707,601.275330198043,596.6412858554952,597.9595947265625,48332900,0.0,0.0,0.0
2025-09-30 00:00:00-04:00,597.659966987958,599.9370624727763,595.3329480316206,599.5974731445312,46533800,0.0,0.0,0.0
2025-10-01 00:00:00-04:00,596.4015613877941,603.0130380816322,595.5726732971928,602.4737548828125,46899600,0.0,0.0,0.0
2025-10-02 00:00:00-04:00,606.2788672228089,606.378714165839,602.1541765957764,604.9505615234375,43765400,0.0,0.0,0.0
2025-10-03 00:00:00-04:00,605.7296019230981,606.5485541284623,600.6161947999731,602.4038696289062,46482100,0.0,0.0,0.0
2025-10-06 00:00:00-04:00,607.6670775886568,608.5758798079479,605.1902273252953,606.9280395507812,41962100,0.0,0.0,0.0
2025-10-07 00:00:00-04:00,608.2363844032766,608.9254990082667,602.2541015785323,603.732177734375,58209500,0.0,0.0,0.0
2025-10-08 00:00:00-04:00,604.6309888518371,610.9628579603992,604.481218431623,610.6532592773438,50629800,0.0,0.0,0.0
2025-10-09 00:00:00-04:00,610.6931491958702,610.8229867928995,606.6982962574127,609.9141845703125,45551000,0.0,0.0,0.0
2025-10-10 00:00:00-04:00,610.6132994204178,612.3909772904724,588.2920219287263,588.741455078125,97614800,0.0,0.0,0.0
2025-10-13 00:00:00-04:00,598.9083327066105,602.1741444216893,596.4614731416003,601.2353515625,65872600,0.0,0.0,0.0
2025-10-14 00:00:00-04:00,594.5439886761187,601.9144974152143,589.3706613014698,597.2305297851562,69203200,0.0,0.0,0.0
2025-10-15 00:00:00-04:00,603.232804101606,605.9193452011472,595.1631839173533,601.445068359375,62805500,0.0,0.0,0.0
2025-10-16 00:00:00-04:00,604.3313635356964,607.5272581453062,594.7337437778706,599.2179565429688,70982000,0.0,0.0,0.0
2025-10-17 00:00:00-04:00,597.1806072651552,604.7308770883808,595.6026232431807,603.1528930664062,72024900,0.0,0.0,0.0
2025-10-20 00:00:00-04:00,606.3587502275053,612.0114401498232,606.2888329883251,610.7530517578125,45761700,0.0,0.0,0.0
2025-10-21 00:00:00-04:00,610.8529979566828,611.9315643975107,608.5359758597962,610.5933227539062,44538200,0.0,0.0,0.0
2025-10-22 00:00:00-04:00,610.034035159382,610.6232418416384,598.9682752728291,604.7108764648438,61478800,0.0,0.0,0.0
2025-10-23 00:00:00-04:00,604.1316243630486,610.5833341066889,603.7421725102494,609.7943725585938,42844300,0.0,0.0,0.0
2025-10-24 00:00:00-04:00,615.1973511503762,617.6242169779957,614.3384724044602,616.305908203125,47632500,0.0,0.0,0.0
2025-10-27 00:00:00-04:00,623.7164465731967,627.7412294550786,623.2270868116484,627.2818603515625,54098600,0.0,0.0,0.0
2025-10-28 00:00:00-04:00,629.5488872669928,633.8633359425862,628.4403301580431,632.1055908203125,61195700,0.0,0.0,0.0
2025-10-29 00:00:00-04:00,634.77220425535,636.190360053584,629.4390484873167,634.9519653320312,67422800,0.0,0.0,0.0
2025-10-30 00:00:00-04:00,631.3565662863019,632.6848720357782,625.1346019679808,625.2444458007812,61628600,0.0,0.0,0.0
2025-10-31 00:00:00-04:00,633.3539723359148,633.3839629929544,625.883616641787,628.2605590820312,66305100,0.0,0.0,0.0
2025-11-03 00:00:00-05:00,634.2927319253315,635.001840248536,629.0394906897283,631.2666625976562,37154300,0.0,0.0,0.0
2025-11-04 00:00:00-05:00,622.478029730703,626.1432903257465,617.6642245044198,618.4531860351562,63830800,0.0,0.0,0.0
2025-11-05 00:00:00-05:00,617.6941518361581,625.7937017112316,616.4158305661566,622.47802734375,48688500,0.0,0.0,0.0
2025-11-06 00:00:00-05:00,620.9899080817669,621.2395864016282,609.5147022540025,610.8829345703125,72115100,0.0,0.0,0.0
2025-11-07 00:00:00-05:00,607.5272307243642,609.1651350193971,597.899620744235,608.9553833007812,81835400,0.0,0.0,0.0
2025-11-10 00:00:00-05:00,618.1235878797521,623.5066669290842,616.0962316788492,622.4280395507812,55919900,0.0,0.0,0.0
2025-11-11 00:00:00-05:00,619.7714893858831,621.9186863012081,616.7254261621581,620.7702026367188,44868800,0.0,0.0,0.0
2025-11-12 00:00:00-05:00,624.0359942081623,624.0559270220305,617.0150110236092,620.2808227539062,47444400,0.0,0.0,0.0
2025-11-13 00:00:00-05:00,616.74538060573,617.324651379383,605.3001653620098,607.6171875,71333600,0.0,0.0,0.0
2025-11-14 00:00:00-05:00,598.7785201159286,612.5607508498654,596.4015776914192,608.0765380859375,80087300,0.0,0.0,0.0
2025-11-17 00:00:00-05:00,605.5198574697043,611.6918983068232,599.098138309288,602.8832397460938,63850400,0.0,0.0,0.0
2025-11-18 00:00:00-05:00,598.8484631892511,601.5350044005672,590.5791487748494,595.542724609375,83327300,0.0,0.0,0.0
2025-11-19 00:00:00-05:00,596.3017594726007,605.3800292662713,593.824969985886,599.09814453125,73111500,0.0,0.0,0.0
2025-11-20 00:00:00-05:00,610.8330032979317,613.239936406368,583.997582698434,584.9163818359375,117743200,0.0,0.0,0.0
2025-11-21 00:00:00-05:00,586.7140389774793,596.2118116612933,579.992718365408,589.3107299804688,103344200,0.0,0.0,0.0
2025-11-24 00:00:00-05:00,594.5140557410294,605.8993502749281,594.3941540703303,604.3812866210938,60168100,0.0,0.0,0.0
2025-11-25 00:00:00-05:00,602.7334243546638,609.4747385807095,596.5513870928105,608.1065063476562,57560900,0.0,0.0,0.0
2025-11-26 00:00:00-05:00,611.7218691656304,615.3971266508202,609.6046019291258,613.4796142578125,42393600,0.0,0.0,0.0
2025-11-28 00:00:00-05:00,615.3172117702823,618.5231032781257,614.6280971828623,618.4531860351562,23034400,0.0,0.0,0.0
2025-12-01 00:00:00-05:00,612.8404314452031,618.642953131189,611.7318743402105,616.3758544921875,40957600,0.0,0.0,0.0
2025-12-02 00:00:00-05:00,618.6629362671166,622.9473941962435,616.7953473526289,621.1996459960938,54541800,0.0,0.0,0.0
2025-12-03 00:00:00-05:00,618.8227062993094,623.4167629201941,617.2347863490129,622.7177124023438,47841600,0.0,0.0,0.0
2025-12-04 00:00:00-05:00,624.125857327544,624.1358542129962,618.7427783380717,622.138427734375,47067800,0.0,0.0,0.0
2025-12-05 00:00:00-05:00,623.576610658964,628.1107470640665,622.9074898206164,624.6751708984375,53614200,0.0,0.0,0.0
2025-12-08 00:00:00-05:00,626.4029681537079,628.0308756502869,620.8900514312259,623.4767456054688,43462400,0.0,0.0,0.0
2025-12-09 00:00:00-05:00,622.2083743789747,625.0646797487918,620.2009509200387,624.2457275390625,37156000,0.0,0.0,0.0
2025-12-10 00:00:00-05:00,623.0472575003708,628.4004070267185,620.1909521392804,626.8024291992188,55031400,0.0,0.0,0.0
2025-12-11 00:00:00-05:00,623.0173402820615,624.9748403012362,616.9251525569541,624.7750854492188,58272800,0.0,0.0,0.0
2025-12-12 00:00:00-05:00,621.2795807165155,622.7376631081598,610.5733425467316,612.8304443359375,75158700,0.0,0.0,0.0
2025-12-15 00:00:00-05:00,617.5743367162205,617.6242601897563,608.5359935678383,609.75439453125,49538200,0.0,0.0,0.0
2025-12-16 00:00:00-05:00,607.4773301066649,612.7205746597449,606.1290306476157,610.9628295898438,55152800,0.0,0.0,0.0
2025-12-17 00:00:00-05:00,612.2711370165166,612.8604046495489,599.5076134954934,599.6373901367188,70654300,0.0,0.0,0.0
2025-12-18 00:00:00-05:00,609.015347513387,612.1413249643276,606.1390483830863,608.3262329101562,78875800,0.0,0.0,0.0
2025-12-19 00:00:00-05:00,611.1625683957468,616.825255296648,611.0826542701337,616.2559814453125,60369800,0.0,0.0,0.0
2025-12-22 00:00:00-05:00,621.3499755859375,621.6500244140625,617.77001953125,619.2100219726562,43703100,0.794,0.0,0.0
2025-12-23 00:00:00-05:00,618.2000122070312,622.4099731445312,617.780029296875,622.1099853515625,41120400,0.0,0.0,0.0
2025-12-24 00:00:00-05:00,621.989990234375,624.280029296875,621.719970703125,623.9299926757812,18468700,0.0,0.0,0.0
2025-12-26 00:00:00-05:00,624.6599731445312,625.52001953125,623.1400146484375,623.8900146484375,28959800,0.0,0.0,0.0
2025-12-29 00:00:00-05:00,620.0999755859375,622.780029296875,618.72998046875,620.8699951171875,32458300,0.0,0.0,0.0
2025-12-30 00:00:00-05:00,619.8400268554688,622.1799926757812,619.219970703125,619.4299926757812,31226800,0.0,0.0,0.0
2025-12-31 00:00:00-05:00,619.6500244140625,619.9600219726562,614.0499877929688,614.3099975585938,40746500,0.0,0.0,0.0
2026-01-02 00:00:00-05:00,620.0599975585938,622.8499755859375,610.1500244140625,613.1199951171875,61859200,0.0,0.0,0.0
2026-01-05 00:00:00-05:00,619.3200073242188,620.8099975585938,616.719970703125,617.989990234375,46828400,0.0,0.0,0.0
2026-01-06 00:00:00-05:00,619.22998046875,624.02001953125,618.5399780273438,623.4199829101562,43137500,0.0,0.0,0.0
2026-01-07 00:00:00-05:00,623.0399780273438,627.9400024414062,622.5599975585938,624.02001953125,44880300,0.0,0.0,0.0
2026-01-08 00:00:00-05:00,623.030029296875,623.4199829101562,617.7999877929688,620.469970703125,50435900,0.0,0.0,0.0
2026-01-09 00:00:00-05:00,621.4099731445312,627.8900146484375,619.0599975585938,626.6500244140625,49688700,0.0,0.0,0.0
2026-01-12 00:00:00-05:00,622.3099975585938,628.8499755859375,622.260009765625,627.1699829101562,37388700,0.0,0.0,0.0
2026-01-13 00:00:00-05:00,627.27001953125,629.469970703125,623.7000122070312,626.239990234375,44481400,0.0,0.0,0.0
2026-01-14 00:00:00-05:00,622.239990234375,623.4500122070312,614.5599975585938,619.5499877929688,72598700,0.0,0.0,0.0
2026-01-15 00:00:00-05:00,626.5999755859375,630.0,620.75,621.780029296875,53934900,0.0,0.0,0.0
2026-01-16 00:00:00-05:00,625.5,626.0800170898438,618.8800048828125,621.260009765625,61058100,0.0,0.0,0.0
2026-01-20 00:00:00-05:00,610.530029296875,615.0599975585938,607.0499877929688,608.0599975585938,81988900,0.0,0.0,0.0
2026-01-21 00:00:00-05:00,609.469970703125,620.4199829101562,607.8599853515625,616.280029296875,79837900,0.0,0.0,0.0
2026-01-22 00:00:00-05:00,622.3499755859375,622.4600219726562,617.780029296875,620.760009765625,42254800,0.0,0.0,0.0
2026-01-23 00:00:00-05:00,619.72998046875,625.4000244140625,618.6500244140625,622.719970703125,43645800,0.0,0.0,0.0
2026-01-26 00:00:00-05:00,623.2100219726562,627.6099853515625,622.1199951171875,625.4600219726562,35983000,0.0,0.0,0.0
2026-01-27 00:00:00-05:00,628.9099731445312,632.0399780273438,627.3400268554688,631.1300048828125,38997200,0.0,0.0,0.0
2026-01-28 00:00:00-05:00,635.4600219726562,636.5999755859375,631.8099975585938,633.219970703125,50691700,0.0,0.0,0.0
2026-01-29 00:00:00-05:00,632.6500244140625,633.6699829101562,618.27001953125,629.4299926757812,79944000,0.0,0.0,0.0
2026-01-30 00:00:00-05:00,625.7100219726562,628.260009765625,619.2999877929688,621.8699951171875,65650700,0.0,0.0,0.0
2026-02-02 00:00:00-05:00,618.7000122070312,628.489990234375,618.6599731445312,626.1400146484375,49020300,0.0,0.0,0.0
2026-02-03 00:00:00-05:00,628.2999877929688,629.97998046875,610.9600219726562,616.52001953125,81234000,0.0,0.0,0.0
2026-02-04 00:00:00-05:00,615.02001953125,615.0999755859375,600.469970703125,605.75,81850700,0.0,0.0,0.0
2026-02-05 00:00:00-05:00,600.2100219726562,604.8099975585938,594.760009765625,597.030029296875,89354500,0.0,0.0,0.0
2026-02-06 00:00:00-05:00,600.1900024414062,611.4099731445312,598.77001953125,609.6500244140625,78019300,0.0,0.0,0.0
2026-02-09 00:00:00-05:00,607.5399780273438,616.4600219726562,605.0700073242188,614.3200073242188,56797600,0.0,0.0,0.0
2026-02-10 00:00:00-05:00,615.3099975585938,617.02001953125,611.010009765625,611.469970703125,53938900,0.0,0.0,0.0
2026-02-11 00:00:00-05:00,616.3800048828125,617.52001953125,607.6900024414062,613.1099853515625,58575100,0.0,0.0,0.0
2026-02-12 00:00:00-05:00,614.7100219726562,615.8099975585938,599.5700073242188,600.6400146484375,81378900,0.0,0.0,0.0
2026-02-13 00:00:00-05:00,600.4299926757812,606.47998046875,596.4199829101562,601.9199829101562,69237500,0.0,0.0,0.0
2026-02-17 00:00:00-05:00,598.3800048828125,603.9500122070312,593.3400268554688,601.2999877929688,69013800,0.0,0.0,0.0
2026-02-18 00:00:00-05:00,602.1099853515625,609.77001953125,600.719970703125,605.7899780273438,64250700,0.0,0.0,0.0
2026-02-19 00:00:00-05:00,602.8099975585938,605.8200073242188,600.75,603.469970703125,60960800,0.0,0.0,0.0
2026-02-20 00:00:00-05:00,600.1199951171875,610.3499755859375,599.22998046875,608.8099975585938,74127300,0.0,0.0,0.0
2026-02-23 00:00:00-05:00,606.6099853515625,608.010009765625,599.0499877929688,601.4099731445312,63859100,0.0,0.0,0.0
2026-02-24 00:00:00-05:00,602.4000244140625,608.989990234375,599.72998046875,607.8699951171875,55023700,0.0,0.0,0.0
2026-02-25 00:00:00-05:00,611.0700073242188,616.8300170898438,611.0,616.6799926757812,55710700,0.0,0.0,0.0
2026-02-26 00:00:00-05:00,615.5900268554688,615.5900268554688,603.97998046875,609.239990234375,96178900,0.0,0.0,0.0
2026-02-27 00:00:00-05:00,602.97998046875,608.3200073242188,602.1900024414062,607.2899780273438,68125200,0.0,0.0,0.0
2026-03-02 00:00:00-05:00,598.8599853515625,609.9199829101562,597.989990234375,608.0900268554688,75264600,0.0,0.0,0.0
2026-03-03 00:00:00-05:00,596.3300170898438,603.9600219726562,591.8699951171875,601.5800170898438,97015500,0.0,0.0,0.0
2026-03-04 00:00:00-05:00,604.1599731445312,612.8800048828125,603.4299926757812,610.75,70943900,0.0,0.0,0.0
2026-03-05 00:00:00-05:00,607.4000244140625,612.760009765625,602.260009765625,608.9099731445312,89602400,0.0,0.0,0.0
2026-03-06 00:00:00-05:00,600.3099975585938,606.0,598.3300170898438,599.75,86302300,0.0,0.0,0.0
2026-03-09 00:00:00-04:00,594.22998046875,609.27001953125,591.3300170898438,607.760009765625,93068200,0.0,0.0,0.0
2026-03-10 00:00:00-04:00,607.780029296875,613.2899780273438,605.4199829101562,607.77001953125,63906800,0.0,0.0,0.0
