Date,Open,High,Low,Close,Volume,Dividends,Stock Splits,Capital Gains
2020-01-02 00:00:00-05:00,296.48010201606326,297.7171976973445,295.55456640859245,297.6988525390625,59151200,0.0,0.0,0.0
2020-01-03 00:00:00-05:00,294.2992783946291,296.57186973652915,294.2442988268179,295.4447326660156,77709700,0.0,0.0,0.0
2020-01-06 00:00:00-05:00,293.68533198915986,296.65436877403187,293.5662002585836,296.5718994140625,55653900,0.0,0.0,0.0
2020-01-07 00:00:00-05:00,296.0036707856056,296.48019761170144,295.2889085116511,295.7379455566406,40496400,0.0,0.0,0.0
2020-01-08 00:00:00-05:00,295.9303693680399,298.5328378108533,295.6829613419756,297.3140869140625,68296000,0.0,0.0,0.0
2020-01-09 00:00:00-05:00,298.88109951100057,299.4034333774434,298.29461349284884,299.3301086425781,48473300,0.0,0.0,0.0
2020-01-10 00:00:00-05:00,299.91655867016334,300.0723247739728,298.0013626882262,298.46868896484375,53029300,0.0,0.0,0.0
2020-01-13 00:00:00-05:00,299.0918377611585,300.5305069215687,298.66114588168574,300.5213623046875,47086800,0.0,0.0,0.0
2020-01-14 00:00:00-05:00,300.08145806566426,301.135270152076,299.5041447755365,300.0631408691406,62832800,0.0,0.0,0.0
2020-01-15 00:00:00-05:00,299.9715301608084,301.50184120269535,299.88906082009487,300.74127197265625,72056600,0.0,0.0,0.0
2020-01-16 00:00:00-05:00,302.1250773288596,303.2430419921875,301.89598643854816,303.2430419921875,54050300,0.0,0.0,0.0
2020-01-17 00:00:00-05:00,303.9578292570083,304.39766590457515,303.1789145733436,304.1869201660156,95846000,0.0,0.0,0.0
2020-01-21 00:00:00-05:00,303.22464675250427,304.39759079860585,303.1513499843944,303.5911865234375,77742400,0.0,0.0,0.0
2020-01-22 00:00:00-05:00,304.452620782391,305.10325904612256,303.472133024947,303.6278991699219,48914900,0.0,0.0,0.0
2020-01-23 00:00:00-05:00,302.9772414486863,304.388448943037,301.85927695982,303.97607421875,51963000,0.0,0.0,0.0
2020-01-24 00:00:00-05:00,304.63589360217117,304.71836296389927,299.98075121763935,301.2728271484375,87578400,0.0,0.0,0.0
2020-01-27 00:00:00-05:00,296.0128810624095,297.92807729720744,295.6738310638596,296.4435729980469,84062500,0.0,0.0,0.0
2020-01-28 00:00:00-05:00,297.8730881255824,300.4297498723814,296.5352053758519,299.550048828125,63834000,0.0,0.0,0.0
2020-01-29 00:00:00-05:00,300.91548221814526,301.14457311721316,299.10107223005605,299.30267333984375,53888900,0.0,0.0,0.0
2020-01-30 00:00:00-05:00,297.231623057657,300.484729951174,296.48022631294674,300.2739562988281,75491800,0.0,0.0,0.0
2020-01-31 00:00:00-05:00,299.65078806641606,299.8065821263625,293.905200454445,294.8215637207031,113845600,0.0,0.0,0.0
2020-02-03 00:00:00-05:00,296.3061289566686,298.88110802964894,296.18699723301154,297.01171875,69083000,0.0,0.0,0.0
2020-02-04 00:00:00-05:00,300.6314137189123,302.4091613445943,300.31068086506696,301.5386047363281,62573200,0.0,0.0,0.0
2020-02-05 00:00:00-05:00,304.48003989789373,305.2314645557024,303.0138809116789,305.02069091796875,65951100,0.0,0.0,0.0
2020-02-06 00:00:00-05:00,305.98293646706554,306.23951712579645,304.9657584507148,306.0470886230469,50359700,0.0,0.0,0.0
2020-02-07 00:00:00-05:00,304.9842177624662,306.0563477870949,303.86625276704166,304.41607666015625,64139400,0.0,0.0,0.0
2020-02-10 00:00:00-05:00,303.52707001498,306.7526592320417,303.4904076474018,306.6885070800781,42070000,0.0,0.0,0.0
2020-02-11 00:00:00-05:00,308.0447532839123,308.8328124597925,306.688525255074,307.22003173828125,54864500,0.0,0.0,0.0
2020-02-12 00:00:00-05:00,308.65866182227705,309.41008649783373,308.292122067066,309.1993408203125,43992700,0.0,0.0,0.0
2020-02-13 00:00:00-05:00,307.76988975994476,309.8408806095833,307.494991844152,308.8695373535156,54501900,0.0,0.0,0.0
2020-02-14 00:00:00-05:00,309.28181898019517,309.48342004608406,308.0813851676903,309.3642883300781,64582200,0.0,0.0,0.0
2020-02-18 00:00:00-05:00,308.365537552397,309.42852273099015,307.17424804086374,308.567138671875,57226200,0.0,0.0,0.0
2020-02-19 00:00:00-05:00,309.53846116882,310.7205500507428,309.25439069655664,310.0424499511719,48814700,0.0,0.0,0.0
2020-02-20 00:00:00-05:00,309.4926143400653,310.3173639016579,305.7721805893819,308.7687072753906,74163400,0.0,0.0,0.0
2020-02-21 00:00:00-05:00,307.4124520475645,307.7240122691576,304.7641482162331,305.5888977050781,113788200,0.0,0.0,0.0
2020-02-24 00:00:00-05:00,296.11364009399773,305.662129694088,294.37252751118245,295.453857421875,161088400,0.0,0.0,0.0
2020-02-25 00:00:00-05:00,296.8466626809567,297.4606102929659,285.62121478802635,286.50091552734375,218913200,0.0,0.0,0.0
2020-02-26 00:00:00-05:00,287.90299027715696,291.50429102673195,284.71406416341443,285.4471435546875,194773800,0.0,0.0,0.0
2020-02-27 00:00:00-05:00,279.91239252884566,285.50221558469656,272.6273193359375,272.6273193359375,284353500,0.0,0.0,0.0
2020-02-28 00:00:00-05:00,264.55416640152885,272.9755496100988,261.65845424597956,271.48187255859375,384975800,0.0,0.0,0.0
2020-03-02 00:00:00-05:00,273.2687603709201,283.30295220755625,269.8323971344277,283.2388000488281,238703600,0.0,0.0,0.0
2020-03-03 00:00:00-05:00,283.61447075418994,287.5914845326907,272.6822621634208,275.1289367675781,300139100,0.0,0.0,0.0
2020-03-04 00:00:00-05:00,280.51717032303884,286.91339716852445,277.9605085084488,286.6934509277344,176613400,0.0,0.0,0.0
2020-03-05 00:00:00-05:00,279.4726150484587,282.67071545556405,274.91828627965884,277.1633605957031,186366800,0.0,0.0,0.0
2020-03-06 00:00:00-05:00,268.6319574415611,273.79108847879223,265.95619165209234,272.58148193359375,228667200,0.0,0.0,0.0
2020-03-09 00:00:00-04:00,252.2749215229016,260.4214084361469,250.57967100907797,251.29443359375,309417300,0.0,0.0,0.0
2020-03-10 00:00:00-04:00,260.83372394140366,264.38919088350326,250.6254209763318,264.2975769042969,276444100,0.0,0.0,0.0
2020-03-11 00:00:00-04:00,257.22326762073214,258.35954950898685,248.2245705699744,251.4134979248047,255316300,0.0,0.0,0.0
2020-03-12 00:00:00-04:00,234.5890394404426,244.35747701671542,226.96488894698197,227.3589324951172,392220700,0.0,0.0,0.0
2020-03-13 00:00:00-04:00,241.08604410630707,248.77434647333422,227.7346366084583,246.7949981689453,329566100,0.0,0.0,0.0
2020-03-16 00:00:00-04:00,221.00856143695935,235.41379802822706,217.50805983351108,219.78981018066406,297240000,0.0,0.0,0.0
2020-03-17 00:00:00-04:00,224.54568810052052,234.74483150463524,217.24228444804106,231.65667724609375,262070500,0.0,0.0,0.0
2020-03-18 00:00:00-04:00,216.49086785316467,227.59718853589922,208.94920047757623,219.92723083496094,327597100,0.0,0.0,0.0
2020-03-19 00:00:00-04:00,219.23994888867023,226.6899879899135,212.79791514547082,220.39456176757812,289322000,0.0,0.0,0.0
2020-03-20 00:00:00-04:00,223.5525010180808,225.34070206512823,210.62032218585884,210.8968505859375,347158800,1.406,0.0,0.0
2020-03-23 00:00:00-04:00,210.33456252313593,211.70796381485764,201.18155909431383,205.50457763671875,326025200,0.0,0.0,0.0
2020-03-24 00:00:00-04:00,216.0770724853135,224.9996379339709,215.50559082451886,224.12396240234375,235494500,0.0,0.0,0.0
2020-03-25 00:00:00-04:00,225.70933388583907,236.29105351010824,220.98996969078493,227.47909545898438,299430300,0.0,0.0,0.0
2020-03-26 00:00:00-04:00,229.9955130827895,242.23636179724778,229.56228861158792,240.76158142089844,257632800,0.0,0.0,0.0
2020-03-27 00:00:00-04:00,233.4521053910937,240.40210846129074,231.40581506771846,233.59036254882812,224341200,0.0,0.0,0.0
2020-03-30 00:00:00-04:00,235.6919703231692,241.89535699591625,233.69177028351132,241.1763916015625,171369500,0.0,0.0,0.0
2020-03-31 00:00:00-04:00,240.17166345646726,242.72490599332332,236.17126374188032,237.58154296875,194881100,0.0,0.0,0.0
2020-04-01 00:00:00-04:00,228.57604420337796,237.49861037670934,224.8152945665013,226.8892364501953,189554600,0.0,0.0,0.0
2020-04-02 00:00:00-04:00,226.00435422566696,232.90826706559199,225.45129745089525,232.12478637695312,177660400,0.0,0.0,0.0
2020-04-03 00:00:00-04:00,231.1385026260033,233.4981993171639,226.03200326101012,228.7696075439453,135561200,0.0,0.0,0.0
2020-04-06 00:00:00-04:00,237.66447500035494,246.107724660131,228.75113699725847,244.13516235351562,188061200,0.0,0.0,0.0
2020-04-07 00:00:00-04:00,252.75357362265825,253.50941691083761,244.16286753110208,244.3840789794922,201427200,0.0,0.0,0.0
2020-04-08 00:00:00-04:00,246.99268087012769,254.4035755113223,244.49474059557332,252.5877227783203,153774500,0.0,0.0,0.0
2020-04-09 00:00:00-04:00,255.8598562130911,259.1966214094454,253.91497338731878,256.4313659667969,189999200,0.0,0.0,0.0
2020-04-13 00:00:00-04:00,255.45433661391547,255.79538031823733,250.1726880682887,254.0901336669922,114839100,0.0,0.0,0.0
2020-04-14 00:00:00-04:00,258.9938939542684,262.6071461374814,253.9519092553873,261.5840148925781,134143400,0.0,0.0,0.0
2020-04-15 00:00:00-04:00,255.85071325565545,261.7222690836012,253.90580187886607,256.0258483886719,121775000,0.0,0.0,0.0
2020-04-16 00:00:00-04:00,257.3070626758222,258.1182089286888,254.18233805357292,257.260986328125,131798300,0.0,0.0,0.0
2020-04-17 00:00:00-04:00,263.04955166649506,264.8192994942426,260.30272098283615,264.2109680175781,146684800,0.0,0.0,0.0
2020-04-20 00:00:00-04:00,260.4962680372042,264.34921201872885,259.3348798735403,259.55609130859375,100109300,0.0,0.0,0.0
2020-04-21 00:00:00-04:00,255.0764070574748,256.28389976601466,250.73493546332134,251.67514038085938,126385700,0.0,0.0,0.0
2020-04-22 00:00:00-04:00,256.56967233483715,259.0123094851933,255.2423472173533,257.260986328125,92951600,0.0,0.0,0.0
2020-04-23 00:00:00-04:00,258.5421661535463,261.7222212725069,256.93832694379256,257.24249267578125,104709700,0.0,0.0,0.0
2020-04-24 00:00:00-04:00,258.7634703866844,261.5010751772148,256.7079531308153,260.82818603515625,85063200,0.0,0.0,0.0
2020-04-27 00:00:00-04:00,262.80995342635407,265.71346690631225,262.34907737780065,264.58892822265625,77896600,0.0,0.0,0.0
2020-04-28 00:00:00-04:00,268.24823990021906,268.59851013874606,263.0679984895078,263.3721923828125,105270000,0.0,0.0,0.0
2020-04-29 00:00:00-04:00,268.7184004108411,271.8062757076293,267.6860425141623,270.2669372558594,118745600,0.0,0.0,0.0
2020-04-30 00:00:00-04:00,268.8842250570301,270.36826016718874,266.00836377753785,267.75048828125,122901700,0.0,0.0,0.0
2020-05-01 00:00:00-04:00,262.9850053506957,267.9163831355571,259.4915581319008,260.6622009277344,125180000,0.0,0.0,0.0
2020-05-04 00:00:00-04:00,258.7726214184617,261.6853608206869,257.28861435013727,261.3811950683594,80873200,0.0,0.0,0.0
2020-05-05 00:00:00-04:00,264.2109115629122,266.6166699136713,261.51015779771495,263.7961120605469,79569900,0.0,0.0,0.0
2020-05-06 00:00:00-04:00,265.5013815742133,265.8885015560774,261.5747101232344,262.0079345703125,73632600,0.0,0.0,0.0
2020-05-07 00:00:00-04:00,265.23402399228235,267.10517862280307,264.6625424986691,265.16949462890625,75250400,0.0,0.0,0.0
2020-05-08 00:00:00-04:00,268.31272783391654,270.02720080771184,267.17896299431584,269.5570983886719,76452400,0.0,0.0,0.0
2020-05-11 00:00:00-04:00,267.62149989217136,270.9951159354968,267.1975018047624,269.61248779296875,79514200,0.0,0.0,0.0
2020-05-12 00:00:00-04:00,270.80148565750676,271.2162571149369,264.1003316612484,264.2386169433594,95870800,0.0,0.0,0.0
2020-05-13 00:00:00-04:00,263.6762816905457,264.7178655832084,257.1318391773218,259.5652770996094,144721100,0.0,0.0,0.0
2020-05-14 00:00:00-04:00,257.1226648696853,262.8006309608718,251.62900412320758,262.6716003417969,121977900,0.0,0.0,0.0
2020-05-15 00:00:00-04:00,260.2751269466795,263.9252572597479,259.3257234418023,263.8791809082031,111146300,0.0,0.0,0.0
2020-05-18 00:00:00-04:00,270.11938163455005,273.52987489861954,269.7967909749408,271.91680908203125,119703800,0.0,0.0,0.0
2020-05-19 00:00:00-04:00,271.317675373618,273.0321203926456,269.1054764559933,269.1239013671875,95189300,0.0,0.0,0.0
2020-05-20 00:00:00-04:00,272.6726696151671,274.5622498678464,272.44223162680925,273.69580078125,85861700,0.0,0.0,0.0
2020-05-21 00:00:00-04:00,273.56676293920657,274.3779091376315,270.70932633280484,271.80621337890625,78293900,0.0,0.0,0.0
2020-05-22 00:00:00-04:00,271.52049845866605,272.49755334653037,270.2761276095139,272.3224182128906,63958200,0.0,0.0,0.0
2020-05-26 00:00:00-04:00,278.304519053477,278.54418352711934,272.34078367877794,275.6775207519531,88951400,0.0,0.0,0.0
2020-05-27 00:00:00-04:00,278.47971470898386,279.81626638469135,273.6405166226239,279.7793884277344,104817400,0.0,0.0,0.0
2020-05-28 00:00:00-04:00,280.8117200863485,282.8303590651287,278.5902945576111,279.26318359375,90405200,0.0,0.0,0.0
2020-05-29 00:00:00-04:00,278.79300406178066,281.0973832519056,276.03697555187244,280.5074768066406,119090800,0.0,0.0,0.0
2020-06-01 00:00:00-04:00,279.86235220346686,282.24968663129556,279.34617330716014,281.6413269042969,55758300,0.0,0.0,0.0
2020-06-02 00:00:00-04:00,282.56307864811095,284.01946263441334,281.2265550582553,283.9733581542969,74267200,0.0,0.0,0.0
2020-06-03 00:00:00-04:00,285.9643621543682,288.7111935356951,285.68784777656157,287.7525634765625,92567600,0.0,0.0,0.0
2020-06-04 00:00:00-04:00,286.76620510346254,288.50832960554146,284.89504996954486,286.99664306640625,75794400,0.0,0.0,0.0
2020-06-05 00:00:00-04:00,292.407381291581,296.131238917088,292.3428519039534,294.3522644042969,150524700,0.0,0.0,0.0
2020-06-08 00:00:00-04:00,295.16332609828874,298.10371622781776,294.6194959789528,297.91015625,73641200,0.0,0.0,0.0
2020-06-09 00:00:00-04:00,295.23710420683716,297.98393482700175,294.3706552236186,295.68878173828125,77479200,0.0,0.0,0.0
2020-06-10 00:00:00-04:00,296.26953154628904,297.1636320853074,293.3199139807583,294.03887939453125,95000800,0.0,0.0,0.0
2020-06-11 00:00:00-04:00,287.08881187171676,287.72482287321475,276.5347704880352,277.0877990722656,209243600,0.0,0.0,0.0
2020-06-12 00:00:00-04:00,284.1208795986669,284.8951480451448,275.23520331605874,280.4062194824219,194678900,0.0,0.0,0.0
2020-06-15 00:00:00-04:00,274.7005363949218,284.15772144939484,273.5206948936138,283.0239562988281,135782700,0.0,0.0,0.0
2020-06-16 00:00:00-04:00,290.7942373232941,290.94172097129626,283.5953587748637,288.4714050292969,137627500,0.0,0.0,0.0
2020-06-17 00:00:00-04:00,289.49458800492135,289.7895553253367,286.5357445407584,287.2731628417969,83398900,0.0,0.0,0.0
2020-06-18 00:00:00-04:00,285.75226807945324,287.8630593266788,285.2913922059686,287.3837585449219,80828700,0.0,0.0,0.0
2020-06-19 00:00:00-04:00,290.86120433450185,291.0556161654006,283.78801540239226,285.7414855957031,135549600,1.366,0.0,0.0
2020-06-22 00:00:00-04:00,285.1395531856082,287.9725229712252,283.9915604826144,287.5744323730469,74649400,0.0,0.0,0.0
2020-06-23 00:00:00-04:00,290.2315115930156,291.1665866197554,288.4909882080967,288.8983459472656,68471200,0.0,0.0,0.0
2020-06-24 00:00:00-04:00,286.85241955719425,287.47272350488674,279.6866728739989,281.5290222167969,132813500,0.0,0.0,0.0
2020-06-25 00:00:00-04:00,280.95497926839084,284.8156113948789,278.9274573121908,284.547119140625,89468000,0.0,0.0,0.0
2020-06-26 00:00:00-04:00,283.4454293499117,283.658375397714,277.2054913993457,277.7887268066406,127961000,0.0,0.0,0.0
2020-06-29 00:00:00-04:00,279.04784785660627,282.0104170904512,276.75183339130206,281.8715515136719,79773300,0.0,0.0,0.0
2020-06-30 00:00:00-04:00,281.436430863935,287.185720234363,281.27905928895206,285.4822082519531,113394800,0.0,0.0,0.0
2020-07-01 00:00:00-04:00,286.60243281239894,288.75031447900784,286.1395287421861,287.48193359375,72396500,0.0,0.0,0.0
2020-07-02 00:00:00-04:00,290.92591848242125,292.27761860525646,288.3984805369268,289.0650634765625,69344200,0.0,0.0,0.0
2020-07-06 00:00:00-04:00,292.8978621480964,294.11066832520936,292.14795995471866,293.52740478515625,61713800,0.0,0.0,0.0
2020-07-07 00:00:00-04:00,291.98139030142596,293.9626051282298,290.1205068059593,290.5000915527344,82910000,0.0,0.0,0.0
2020-07-08 00:00:00-04:00,291.268429066026,292.8330467804831,289.5001607234168,292.7219543457031,54638600,0.0,0.0,0.0
2020-07-09 00:00:00-04:00,293.3330219054562,293.57374104179394,287.630040873894,291.0555419921875,83354200,0.0,0.0,0.0
2020-07-10 00:00:00-04:00,290.9907854082374,294.29592760306656,289.55579393882005,294.0274353027344,57550400,0.0,0.0,0.0
2020-07-13 00:00:00-04:00,296.3789785176982,298.76755120134084,290.82412941270053,291.4814453125,102997500,0.0,0.0,0.0
2020-07-14 00:00:00-04:00,290.0556928166949,296.03643402926104,288.8521534785703,295.2587585449219,93657000,0.0,0.0,0.0
2020-07-15 00:00:00-04:00,298.48985541358394,299.07311915926357,295.5828038092208,297.9714050292969,87196500,0.0,0.0,0.0
2020-07-16 00:00:00-04:00,296.06415170593044,297.44359660102754,295.41607479695665,296.9899597167969,54622500,0.0,0.0,0.0
2020-07-17 00:00:00-04:00,297.9991153522291,298.6379252006533,296.01787245922196,297.8509826660156,62774900,0.0,0.0,0.0
2020-07-20 00:00:00-04:00,297.58251845649596,301.00802004619595,296.83261608608126,300.25811767578125,56308800,0.0,0.0,0.0
2020-07-21 00:00:00-04:00,302.23007759853067,302.6744474220615,299.90629013376923,300.89691162109375,57292200,0.0,0.0,0.0
2020-07-22 00:00:00-04:00,300.5358483657845,302.9244493039815,300.4247559041797,302.6096496582031,57792900,0.0,0.0,0.0
2020-07-23 00:00:00-04:00,302.2485577259489,302.95218089089167,297.62878455914324,298.99896240234375,75738000,0.0,0.0,0.0
2020-07-24 00:00:00-04:00,297.1381165695117,298.10093663670415,295.5642315215915,297.07330322265625,73766600,0.0,0.0,0.0
2020-07-27 00:00:00-04:00,297.7676232524971,299.4155603163811,296.9714137029349,299.2396545410156,48293000,0.0,0.0,0.0
2020-07-28 00:00:00-04:00,298.50832649407437,299.62857474108495,297.0455619923725,297.3418273925781,57495000,0.0,0.0,0.0
2020-07-29 00:00:00-04:00,298.2213847313915,301.5635676064587,298.1843444859905,300.9988098144531,48454200,0.0,0.0,0.0
2020-07-30 00:00:00-04:00,298.0176724547983,300.34146022234614,295.9253650050639,299.9248352050781,61861700,0.0,0.0,0.0
2020-07-31 00:00:00-04:00,301.72086431902517,302.39671442605913,297.4899143784568,302.29486083984375,84986800,0.0,0.0,0.0
2020-08-03 00:00:00-04:00,303.96135339317016,305.1648927454192,303.4151299484772,304.396484375,53077900,0.0,0.0,0.0
2020-08-04 00:00:00-04:00,303.5354458801942,305.5722351074219,303.5354458801942,305.5722351074219,41917900,0.0,0.0,0.0
2020-08-05 00:00:00-04:00,306.87762078191065,307.7293766896875,306.6091285143018,307.4701232910156,42697700,0.0,0.0,0.0
2020-08-06 00:00:00-04:00,306.8868905622747,309.6457807205977,306.5628520645501,309.5254211425781,43679400,0.0,0.0,0.0
2020-08-07 00:00:00-04:00,308.5533496810777,310.03464842255073,307.64604749173736,309.7476501464844,57308300,0.0,0.0,0.0
2020-08-10 00:00:00-04:00,310.20129069482834,310.85860660049394,308.25708784004365,310.6734619140625,44282100,0.0,0.0,0.0
2020-08-11 00:00:00-04:00,311.8583951285371,312.4972048364567,307.37748830647,308.1088562011719,69601100,0.0,0.0,0.0
2020-08-12 00:00:00-04:00,310.55310770418515,313.18239962578446,310.5253345880685,312.40472412109375,53774400,0.0,0.0,0.0
2020-08-13 00:00:00-04:00,311.63622588941763,313.15456461281775,310.91409675969334,311.83990478515625,41816100,0.0,0.0,0.0
2020-08-14 00:00:00-04:00,311.4510914457283,312.38616662319157,310.71969517068027,311.84918212890625,47260400,0.0,0.0,0.0
2020-08-17 00:00:00-04:00,312.86764738539557,313.2379650407708,311.85851976679214,312.8398742675781,35481000,0.0,0.0,0.0
2020-08-18 00:00:00-04:00,313.23795712814984,313.9415804329869,311.63629869866435,313.5157165527344,38733900,0.0,0.0,0.0
2020-08-19 00:00:00-04:00,313.89527669531185,314.41372705641555,311.64556942265534,312.2103271484375,68054200,0.0,0.0,0.0
2020-08-20 00:00:00-04:00,310.47912189271796,313.66390536113613,310.34952339579957,313.1824951171875,42207800,0.0,0.0,0.0
2020-08-21 00:00:00-04:00,312.8491373812447,314.5155809357857,312.50656459465205,314.29339599609375,55106600,0.0,0.0,0.0
2020-08-24 00:00:00-04:00,316.7375468203444,317.55226268539195,314.2656543583868,317.47821044921875,48588700,0.0,0.0,0.0
2020-08-25 00:00:00-04:00,318.0429183491095,318.67246120076726,316.8763908713587,318.5891418457031,38463400,0.0,0.0,0.0
2020-08-26 00:00:00-04:00,319.181653746849,322.0516366510932,318.635430282705,321.7831726074219,50790200,0.0,0.0,0.0
2020-08-27 00:00:00-04:00,322.65333071835175,323.94018904924746,320.8202208457621,322.4866638183594,58034100,0.0,0.0,0.0
2020-08-28 00:00:00-04:00,323.51438715103393,324.69942039778635,322.32008678211736,324.5697937011719,48588900,0.0,0.0,0.0
2020-08-31 00:00:00-04:00,324.3568301398803,325.2363307652946,323.1625299395241,323.39398193359375,66099200,0.0,0.0,0.0
2020-09-01 00:00:00-04:00,324.22724648767144,326.5417667355129,323.3292115013721,326.43994140625,54908700,0.0,0.0,0.0
2020-09-02 00:00:00-04:00,328.3563929777579,332.1336778441025,327.20837164549533,331.1615905761719,69540000,0.0,0.0,0.0
2020-09-03 00:00:00-04:00,329.46731252773276,329.93948368334827,317.17258251896726,319.7648620605469,148011100,0.0,0.0,0.0
2020-09-04 00:00:00-04:00,320.44998861723474,322.02384556505757,310.02537950989625,317.15411376953125,139156300,0.0,0.0,0.0
2020-09-08 00:00:00-04:00,311.7288847499758,317.21894908878244,308.1830516203431,308.4885559082031,114465300,0.0,0.0,0.0
2020-09-09 00:00:00-04:00,312.5064930407791,317.05221391399175,311.63623122167985,314.580322265625,91462300,0.0,0.0,0.0
2020-09-10 00:00:00-04:00,316.45969253999124,317.11700829906243,308.1551937758373,309.1180419921875,90569500,0.0,0.0,0.0
2020-09-11 00:00:00-04:00,310.904944314155,311.9696181887015,306.4425416101873,309.2755126953125,84680200,0.0,0.0,0.0
2020-09-14 00:00:00-04:00,312.45102490396204,315.1266243736371,309.4236420235485,313.34906005859375,65605700,0.0,0.0,0.0
2020-09-15 00:00:00-04:00,315.81162957965364,316.64485115308514,313.3582439593315,314.93212890625,52920900,0.0,0.0,0.0
2020-09-16 00:00:00-04:00,316.17273809901303,317.60772937455226,313.40455262542565,313.68231201171875,82096000,0.0,0.0,0.0
2020-09-17 00:00:00-04:00,308.81258977020724,312.64544938955055,308.28487230028173,310.9234313964844,91523300,0.0,0.0,0.0
2020-09-18 00:00:00-04:00,311.73118033622967,311.8427175043129,304.8527807613783,307.3438720703125,105877900,1.339,0.0,0.0
2020-09-21 00:00:00-04:00,302.74274511193624,304.0719434291927,299.052573105159,303.9232177734375,99450800,0.0,0.0,0.0
2020-09-22 00:00:00-04:00,305.41045242560136,307.5762077815948,302.89144880901273,307.01849365234375,63612100,0.0,0.0,0.0
2020-09-23 00:00:00-04:00,307.5762358389237,307.85510711224754,299.3965224188124,299.8984680175781,93112200,0.0,0.0,0.0
2020-09-24 00:00:00-04:00,298.5785239027551,303.7652001614341,297.25860138372207,300.69781494140625,76681300,0.0,0.0,0.0
2020-09-25 00:00:00-04:00,299.8426692481497,306.3492684548765,298.9689520233032,305.5592041015625,71069400,0.0,0.0,0.0
2020-09-28 00:00:00-04:00,309.73276937000736,311.3501152435907,308.7381822186888,310.6343994140625,64584600,0.0,0.0,0.0
2020-09-29 00:00:00-04:00,310.4298553312067,311.17345533698654,308.24549131026066,308.942626953125,51304000,0.0,0.0,0.0
2020-09-30 00:00:00-04:00,309.6118308382536,314.44531523436564,309.41664083080235,311.28497314453125,104081100,0.0,0.0,0.0
2020-10-01 00:00:00-04:00,313.8876563473671,314.86363492282254,311.3965650685394,313.2834777832031,88698700,0.0,0.0,0.0
2020-10-02 00:00:00-04:00,308.3198450119104,313.2555627207702,307.8457837333298,310.3089904785156,89431100,0.0,0.0,0.0
2020-10-05 00:00:00-04:00,312.372493169569,315.997592335317,312.32602881311146,315.81170654296875,45713100,0.0,0.0,0.0
2020-10-06 00:00:00-04:00,315.9511958209937,318.0519071278788,310.81098309296726,311.32220458984375,90128900,0.0,0.0,0.0
2020-10-07 00:00:00-04:00,314.2873105557897,317.5499142029964,314.25942626677596,316.7412414550781,56999600,0.0,0.0,0.0
2020-10-08 00:00:00-04:00,318.6838985828623,319.6134126353913,317.7636603816266,319.54833984375,45242500,0.0,0.0,0.0
2020-10-09 00:00:00-04:00,321.2028963840777,322.8667345981165,320.58013781019633,322.4019775390625,59528600,0.0,0.0,0.0
2020-10-12 00:00:00-04:00,324.9488974185187,329.0666389175514,324.4562559792047,327.5887145996094,80388500,0.0,0.0,0.0
2020-10-13 00:00:00-04:00,327.44919407568426,327.6258040067802,324.48404211656793,325.45074462890625,73255500,0.0,0.0,0.0
2020-10-14 00:00:00-04:00,326.02705923267933,327.1238790245569,322.6715270643458,323.40582275390625,57727900,0.0,0.0,0.0
2020-10-15 00:00:00-04:00,319.48329800773115,323.48950169298183,318.9441922862967,323.00616455078125,60357700,0.0,0.0,0.0
2020-10-16 00:00:00-04:00,324.3632468520364,326.0270851078282,322.63436416489975,322.81097412109375,89501900,0.0,0.0,0.0
2020-10-19 00:00:00-04:00,324.0750651798359,324.707127920646,317.0014769337468,317.9031066894531,68425600,0.0,0.0,0.0
2020-10-20 00:00:00-04:00,319.25089283338775,322.42984341706637,318.488712858615,319.1765441894531,60051900,0.0,0.0,0.0
2020-10-21 00:00:00-04:00,319.1300429085846,321.3051307249696,318.26560165924946,318.5723571777344,63575000,0.0,0.0,0.0
2020-10-22 00:00:00-04:00,318.7861013329984,320.90539203746897,316.6389263442525,320.3197937011719,55399300,0.0,0.0,0.0
2020-10-23 00:00:00-04:00,321.54680058982547,321.60256916559945,318.9441724986455,321.4073791503906,49143900,0.0,0.0,0.0
2020-10-26 00:00:00-04:00,318.0147250392189,318.8048178502361,311.9635780013349,315.4678649902344,91473000,0.0,0.0,0.0
2020-10-27 00:00:00-04:00,315.8117086299166,316.1463200782655,314.16645057598026,314.3802490234375,65994100,0.0,0.0,0.0
2020-10-28 00:00:00-04:00,308.69156758079595,314.40807231318774,303.14236854012,303.635009765625,127094300,0.0,0.0,0.0
2020-10-29 00:00:00-04:00,303.8674845080645,309.90002246930646,302.1757618896027,306.7210998535156,90597700,0.0,0.0,0.0
2020-10-30 00:00:00-04:00,305.14090511981635,306.4515234799912,299.861271536879,303.5235595703125,120287300,0.0,0.0,0.0
2020-11-02 00:00:00-05:00,306.9255065917969,308.93323168901543,304.1741249749157,306.9255065917969,86068300,0.0,0.0,0.0
2020-11-03 00:00:00-05:00,310.1696056334392,314.40818825230804,307.009262925198,312.34466552734375,93294200,0.0,0.0,0.0
2020-11-04 00:00:00-05:00,316.83416747960666,323.4151432960798,315.65369476603786,319.3252868652344,126959700,0.0,0.0,0.0
2020-11-05 00:00:00-05:00,324.62349493398403,327.365572873288,324.27027503763776,325.5530090332031,82039700,0.0,0.0,0.0
2020-11-06 00:00:00-05:00,325.2648392554505,326.7334873150784,323.1455483916412,325.4786376953125,74973000,0.0,0.0,0.0
2020-11-09 00:00:00-05:00,338.31521158596723,338.69631572980416,329.10372444548926,329.5684814453125,172304200,0.0,0.0,0.0
2020-11-10 00:00:00-05:00,328.57392479394076,330.1448058667429,325.80399097551134,329.0851745605469,85552000,0.0,0.0,0.0
2020-11-11 00:00:00-05:00,331.2787982108576,332.3570379013313,330.03325280113376,331.52978515625,58649000,0.0,0.0,0.0
2020-11-12 00:00:00-05:00,330.51666493968696,331.5763248019199,326.50118493331297,328.313720703125,67546200,0.0,0.0,0.0
2020-11-13 00:00:00-05:00,330.22852852274855,333.6026699026877,329.7080027945153,332.85906982421875,62892200,0.0,0.0,0.0
2020-11-16 00:00:00-05:00,335.53608323091584,337.2091976293169,334.2440447341139,337.0140075683594,74541100,0.0,0.0,0.0
2020-11-17 00:00:00-05:00,334.5972374413552,336.4098015306876,333.0821247126404,335.201416015625,66111000,0.0,0.0,0.0
2020-11-18 00:00:00-05:00,335.47095237920496,336.01936231897963,331.1301088549771,331.16729736328125,70591300,0.0,0.0,0.0
2020-11-19 00:00:00-05:00,330.53528068591817,332.9334150256051,329.1874736453594,332.5616149902344,59940900,0.0,0.0,0.0
2020-11-20 00:00:00-05:00,332.30123744219173,332.50573164604754,330.20983105269545,330.2841796875,70417300,0.0,0.0,0.0
2020-11-23 00:00:00-05:00,332.0967933926305,333.5282530358045,329.8566610286987,332.26409912109375,63230600,0.0,0.0,0.0
2020-11-24 00:00:00-05:00,334.8202565878615,338.166512926915,333.9651195251979,337.61810302734375,62415900,0.0,0.0,0.0
2020-11-25 00:00:00-05:00,337.53452910152424,337.5624133955992,336.00083619435185,337.09765625,45330900,0.0,0.0,0.0
2020-11-27 00:00:00-05:00,338.1944395153429,338.510470935988,337.0232425585529,338.03643798828125,28514100,0.0,0.0,0.0
2020-11-30 00:00:00-05:00,337.2555409838347,337.52510797754314,333.85354481889163,336.5398254394531,83872700,0.0,0.0,0.0
2020-12-01 00:00:00-05:00,339.8025607663094,341.7638223886406,339.20765797858115,340.2208251953125,74231400,0.0,0.0,0.0
2020-12-02 00:00:00-05:00,339.10540967135495,341.0945554989311,338.52911535090317,340.9365539550781,45927000,0.0,0.0,0.0
2020-12-03 00:00:00-05:00,340.8342016416823,342.2377769204486,339.7373818816019,340.843505859375,62882000,0.0,0.0,0.0
2020-12-04 00:00:00-05:00,341.4291227207132,343.7807922363281,341.33616563830765,343.7807922363281,50749900,0.0,0.0,0.0
2020-12-07 00:00:00-05:00,343.00923751639283,343.56695157579156,341.8008806931252,343.0743103027344,48944300,0.0,0.0,0.0
2020-12-08 00:00:00-05:00,341.8009261774338,344.6452370556998,341.75446181901555,344.0782470703125,42458900,0.0,0.0,0.0
2020-12-09 00:00:00-05:00,344.7382200244361,344.8962215481374,340.1557219727567,340.9922790527344,74098300,0.0,0.0,0.0
2020-12-10 00:00:00-05:00,339.6165832994784,341.93106447513236,338.7428377218177,340.8807373046875,57735400,0.0,0.0,0.0
2020-12-11 00:00:00-05:00,339.17964314209337,340.8899454487729,337.65525497665703,340.48095703125,57698600,0.0,0.0,0.0
2020-12-14 00:00:00-05:00,342.6560185113254,343.73422967530934,338.7799330580169,338.95654296875,69216200,0.0,0.0,0.0
2020-12-15 00:00:00-05:00,341.5034549865661,343.5390930175781,340.127792352415,343.5390930175781,63865300,0.0,0.0,0.0
2020-12-16 00:00:00-05:00,343.7529114618271,344.99845695254,342.86986171972654,344.0782470703125,58420500,0.0,0.0,0.0
2020-12-17 00:00:00-05:00,345.72353743865085,346.20687464372656,344.89625612819674,346.00238037109375,64119500,0.0,0.0,0.0
2020-12-18 00:00:00-05:00,346.29174986586526,346.4597687850615,342.60450659912306,344.6208190917969,136542300,1.58,0.0,0.0
2020-12-21 00:00:00-05:00,340.6908788886597,353.28346626235304,337.9464560255549,343.38861083984375,96386700,0.0,0.0,0.0
2020-12-22 00:00:00-05:00,343.7153181678852,343.82733077167063,341.68034656595023,342.8098449707031,47949000,0.0,0.0,0.0
2020-12-23 00:00:00-05:00,343.7806495988375,345.0315044186133,342.7911670027845,343.1178894042969,46201400,0.0,0.0,0.0
2020-12-24 00:00:00-05:00,343.59400893137524,344.4808229790157,343.00594268063827,344.45281982421875,26457900,0.0,0.0,0.0
2020-12-28 00:00:00-05:00,347.01047928251126,347.8039398547463,346.38506609890993,347.4118957519531,39000400,0.0,0.0,0.0
2020-12-29 00:00:00-05:00,348.9428515188313,349.12021433452065,346.1610812667829,346.7491760253906,53680500,0.0,0.0,0.0
2020-12-30 00:00:00-05:00,347.57061894027095,348.2800701602232,346.85185232725235,347.243896484375,49455300,0.0,0.0,0.0
2020-12-31 00:00:00-05:00,347.0478421277476,349.7362586191651,346.53444152154736,349.0081481933594,78520700,0.0,0.0,0.0
2021-01-04 00:00:00-05:00,350.3430308698017,350.4737312418111,340.55087239704,344.25677490234375,110210800,0.0,0.0,0.0
2021-01-05 00:00:00-05:00,343.6126363246513,347.7199264021152,343.5659454165651,346.62774658203125,66426200,0.0,0.0,0.0
2021-01-06 00:00:00-05:00,345.11543692578914,351.90182632552285,344.5646894517099,348.6999816894531,107997700,0.0,0.0,0.0
2021-01-07 00:00:00-05:00,351.08049111936754,354.6276901593906,350.9031283186224,353.88092041015625,68766800,0.0,0.0,0.0
2021-01-08 00:00:00-05:00,355.2717141545609,356.1118370621761,352.01389123519994,355.89715576171875,71677200,0.0,0.0,0.0
2021-01-11 00:00:00-05:00,352.71402176287364,355.26239380181204,352.5926652872222,353.4981384277344,51034700,0.0,0.0,0.0
2021-01-12 00:00:00-05:00,353.68485602908515,354.5903007101901,351.32313359508305,353.57281494140625,52547700,0.0,0.0,0.0
2021-01-13 00:00:00-05:00,353.49813377625406,355.5237613452979,352.7140171217111,354.52496337890625,45303600,0.0,0.0,0.0
2021-01-14 00:00:00-05:00,355.27175642559587,355.7758416251156,352.9474094575699,353.283447265625,49989100,0.0,0.0,0.0
2021-01-15 00:00:00-05:00,351.65913614935596,352.46191196389094,348.84004843357997,350.7070007324219,107160000,0.0,0.0,0.0
2021-01-19 00:00:00-05:00,353.1714400392003,354.0022476674901,351.68721605615525,353.4608154296875,51233300,0.0,0.0,0.0
2021-01-20 00:00:00-05:00,355.7571424001168,359.19235686721606,355.3650983033549,358.35223388671875,61836100,0.0,0.0,0.0
2021-01-21 00:00:00-05:00,358.91229363565395,359.3417132448048,357.7547921391025,358.6789245605469,47840100,0.0,0.0,0.0
2021-01-22 00:00:00-05:00,356.82129871151545,358.5762386300744,356.4385700282183,357.4093933105469,52860500,0.0,0.0,0.0
2021-01-25 00:00:00-05:00,358.1468656490129,359.1736667921993,353.2834336002094,358.8189697265625,70402000,0.0,0.0,0.0
2021-01-26 00:00:00-05:00,359.77110767785683,360.1818395328205,358.02551153797936,358.2588806152344,42665300,0.0,0.0,0.0
2021-01-27 00:00:00-05:00,354.9263017522696,355.01965506445595,347.262470561871,349.5028076171875,123351100,0.0,0.0,0.0
2021-01-28 00:00:00-05:00,351.32316424973817,356.5226346350152,350.884457689655,352.5086975097656,94198100,0.0,0.0,0.0
2021-01-29 00:00:00-05:00,350.6417872918386,351.61261084227345,343.77138533963864,345.45166015625,126765100,0.0,0.0,0.0
2021-02-01 00:00:00-05:00,348.8587780208287,352.2379578048874,345.7409704717956,351.2018127441406,75817600,0.0,0.0,0.0
2021-02-02 00:00:00-05:00,354.3943082588558,357.72682583158235,351.2858443927636,356.16790771484375,64450700,0.0,0.0,0.0
2021-02-03 00:00:00-05:00,356.9987457492047,358.17493522490895,355.16913983278585,356.447998046875,52427100,0.0,0.0,0.0
2021-02-04 00:00:00-05:00,357.48412843034953,360.54593000501114,356.5599958734592,360.499267578125,47142600,0.0,0.0,0.0
2021-02-05 00:00:00-05:00,362.3755135819587,362.62754192923927,360.45255466954404,361.9180908203125,48669800,0.0,0.0,0.0
2021-02-08 00:00:00-05:00,363.3743303003986,364.57852277431755,362.5155480071299,364.5318603515625,38365200,0.0,0.0,0.0
2021-02-09 00:00:00-05:00,363.69168503335237,364.88656203696013,363.2809816726569,364.28912353515625,35551100,0.0,0.0,0.0
2021-02-10 00:00:00-05:00,366.03473180738115,366.18409143779456,361.72207574615237,364.13043212890625,59154400,0.0,0.0,0.0
2021-02-11 00:00:00-05:00,365.213277702474,365.63335345454,362.28217677979495,364.7185363769531,42913300,0.0,0.0,0.0
2021-02-12 00:00:00-05:00,363.9157953957539,366.76288713936884,363.8411013276768,366.52020263671875,50593300,0.0,0.0,0.0
2021-02-16 00:00:00-05:00,367.75227164700215,367.94832215775284,365.4839313434512,366.20269775390625,50972400,0.0,0.0,0.0
2021-02-17 00:00:00-05:00,364.44785462236365,366.53883256205916,363.4303403165047,366.28680419921875,52290600,0.0,0.0,0.0
2021-02-18 00:00:00-05:00,363.67301150998657,365.47461384883314,361.9460747372213,364.72784423828125,59712800,0.0,0.0,0.0
2021-02-19 00:00:00-05:00,365.9880704358901,366.2774458183221,363.6356918594277,364.0837707519531,83241000,0.0,0.0,0.0
2021-02-22 00:00:00-05:00,361.3113893842329,363.7010867969079,361.01267008578844,361.28338623046875,67414200,0.0,0.0,0.0
2021-02-23 00:00:00-05:00,359.0709464801728,363.0755672204831,354.9076507441411,361.7220153808594,107284100,0.0,0.0,0.0
2021-02-24 00:00:00-05:00,360.6299244440038,366.1374579842798,359.6404417407371,365.7080383300781,72433900,0.0,0.0,0.0
2021-02-25 00:00:00-05:00,364.43850086453193,365.8107122221224,355.44911916352476,356.89599609375,146670500,0.0,0.0,0.0
2021-02-26 00:00:00-05:00,358.7816580580028,359.9298157917072,353.0687870795123,355.05706787109375,152701600,0.0,0.0,0.0
2021-03-01 00:00:00-05:00,359.93910464145296,364.91454901828484,355.25306411122193,363.6636657714844,105348800,0.0,0.0,0.0
2021-03-02 00:00:00-05:00,363.88772878043636,364.1210978494576,360.32184256880726,360.825927734375,79595300,0.0,0.0,0.0
2021-03-03 00:00:00-05:00,360.1257644042583,361.09655906914185,355.94378108365333,356.0464782714844,119940200,0.0,0.0,0.0
2021-03-04 00:00:00-05:00,355.8598669496521,358.4549301482067,347.14120097339406,351.64056396484375,183433000,0.0,0.0,0.0
2021-03-05 00:00:00-05:00,355.1503950992835,359.16436039451537,347.85063187865177,358.1095275878906,152039600,0.0,0.0,0.0
2021-03-08 00:00:00-05:00,359.0709604074307,361.8900482908478,356.0465066194313,356.3265380859375,123149200,0.0,0.0,0.0
2021-03-09 00:00:00-05:00,360.1818668416844,363.9717786646601,359.67778162011194,361.4140625,113633600,0.0,0.0,0.0
2021-03-10 00:00:00-05:00,363.76636297268493,365.3625993873506,362.34748932491925,363.6636657714844,109899400,0.0,0.0,0.0
2021-03-11 00:00:00-05:00,366.1374442709955,369.3299174808508,365.68002148147286,367.3509521484375,86245000,0.0,0.0,0.0
2021-03-12 00:00:00-05:00,365.9880942291193,367.9857188856928,365.1759743296628,367.845703125,64653600,0.0,0.0,0.0
2021-03-15 00:00:00-04:00,368.0977512494196,370.3007704564928,365.9507668370694,370.0393981933594,73427200,0.0,0.0,0.0
2021-03-16 00:00:00-04:00,370.6554678400284,371.36489050741085,368.7978304984493,369.5726318359375,73722500,0.0,0.0,0.0
2021-03-17 00:00:00-04:00,368.2844543184827,371.6356312794139,367.13626805556936,370.8328552246094,97959300,0.0,0.0,0.0
2021-03-18 00:00:00-04:00,368.23771507922254,370.32869272760485,364.75583847059136,365.4372863769531,115349100,0.0,0.0,0.0
2021-03-19 00:00:00-04:00,365.13574666256363,366.71849082891276,362.57899949059845,364.7611389160156,113624500,1.278,0.0,0.0
2021-03-22 00:00:00-04:00,365.2763037073153,369.0599085399018,365.2201139616466,367.673828125,73778600,0.0,0.0,0.0
2021-03-23 00:00:00-04:00,367.0369570655354,368.4885729919062,363.99322228123157,364.7799072265625,90686600,0.0,0.0,0.0
2021-03-24 00:00:00-04:00,366.1846231627889,367.8235568981722,362.8786608283594,362.92547607421875,97588600,0.0,0.0,0.0
2021-03-25 00:00:00-04:00,361.48328710314735,365.76322438235565,359.53528100576926,364.9671936035156,116128600,0.0,0.0,0.0
2021-03-26 00:00:00-04:00,366.1191203770628,371.2513354528067,365.51975365812234,370.8486328125,114409100,0.0,0.0,0.0
2021-03-29 00:00:00-04:00,369.3688035732011,371.5696629958133,367.87971875042956,370.6612243652344,108107600,0.0,0.0,0.0
2021-03-30 00:00:00-04:00,369.3875943515062,370.35222281435466,368.07642444952893,369.67791748046875,76262200,0.0,0.0,0.0
2021-03-31 00:00:00-04:00,370.2492323772652,372.74041546812293,370.2211375092786,371.1763916015625,112734200,0.0,0.0,0.0
2021-04-01 00:00:00-04:00,373.11502193486143,375.2409717344866,372.90898337676424,375.18475341796875,99682900,0.0,0.0,0.0
2021-04-05 00:00:00-04:00,377.85388217916733,381.11302977511093,377.7789720579834,380.56982421875,91684800,0.0,0.0,0.0
2021-04-06 00:00:00-04:00,380.00789335156907,381.3939448268143,379.67072638411884,380.34503173828125,62021000,0.0,0.0,0.0
2021-04-07 00:00:00-04:00,380.17647612247123,381.13173016634283,379.71758377503375,380.78521728515625,55836300,0.0,0.0,0.0
2021-04-08 00:00:00-04:00,382.04013051081506,382.64887161223606,381.1035969453254,382.5926818847656,57863100,0.0,0.0,0.0
2021-04-09 00:00:00-04:00,382.4710055003902,385.54283484528173,382.34925154836947,385.3742370605469,61104600,0.0,0.0,0.0
2021-04-12 00:00:00-04:00,384.7748399171258,385.786283641801,384.1660987859309,385.51470947265625,56704900,0.0,0.0,0.0
2021-04-13 00:00:00-04:00,385.4118016166426,387.2848694501414,385.0278192810857,386.6573791503906,56551000,0.0,0.0,0.0
2021-04-14 00:00:00-04:00,386.629153835871,387.68744137767425,384.79355598094213,385.3367614746094,61659900,0.0,0.0,0.0
2021-04-15 00:00:00-04:00,387.48140564960147,389.747829555442,387.43459040151805,389.4762268066406,60229800,0.0,0.0,0.0
2021-04-16 00:00:00-04:00,390.7686711718235,391.38678681954315,389.34515029209115,390.7780456542969,82037300,0.0,0.0,0.0
2021-04-19 00:00:00-04:00,389.841593031769,390.2911109921106,387.5283532583603,388.85821533203125,78498500,0.0,0.0,0.0
2021-04-20 00:00:00-04:00,387.6406372471208,388.7457400683616,384.53133874397116,386.0110778808594,81851800,0.0,0.0,0.0
2021-04-21 00:00:00-04:00,385.3929527509193,389.8695822374006,385.252449845648,389.6635437011719,66793000,0.0,0.0,0.0
2021-04-22 00:00:00-04:00,389.49495074233465,390.3284507375282,385.03704191092794,386.10467529296875,97582800,0.0,0.0,0.0
2021-04-23 00:00:00-04:00,386.6666652858134,391.7052211795834,386.59175516511834,390.2910461425781,73209200,0.0,0.0,0.0
2021-04-26 00:00:00-04:00,390.94660972783475,391.67710483269894,390.35658895453304,391.1058044433594,52182400,0.0,0.0,0.0
2021-04-27 00:00:00-04:00,391.40555820957167,391.6022508827093,389.8790035659175,391.0215759277344,51303100,0.0,0.0,0.0
2021-04-28 00:00:00-04:00,391.29319250043034,392.41704451515596,390.4409432957331,390.9092102050781,51238900,0.0,0.0,0.0
2021-04-29 00:00:00-04:00,393.6438680253927,394.0184758048344,390.01011254525065,393.4003601074219,78544300,0.0,0.0,0.0
2021-04-30 00:00:00-04:00,391.1245628402862,391.97681191330355,389.9164263982354,390.81549072265625,85527000,0.0,0.0,0.0
2021-05-03 00:00:00-04:00,392.8103349425953,393.19431720102517,391.1620550150992,391.6584167480469,68128300,0.0,0.0,0.0
2021-05-04 00:00:00-04:00,389.6636086069614,390.15997035681755,385.54286577673696,389.2421569824219,101591200,0.0,0.0,0.0
2021-05-05 00:00:00-04:00,390.89041549109834,391.12454890125105,388.8019351834701,389.3638610839844,60162200,0.0,0.0,0.0
2021-05-06 00:00:00-04:00,389.43881678077094,392.60430542945204,387.42527493393436,392.47320556640625,74321400,0.0,0.0,0.0
2021-05-07 00:00:00-04:00,393.24116839903866,395.9852054159455,392.55748847526587,395.3296203613281,67733800,0.0,0.0,0.0
2021-05-10 00:00:00-04:00,395.6855085973349,395.91026755105577,391.29316303200807,391.4149169921875,81852400,0.0,0.0,0.0
2021-05-11 00:00:00-04:00,386.8820921309742,388.9143543332636,384.0350215703877,387.921630859375,116888000,0.0,0.0,0.0
2021-05-12 00:00:00-04:00,385.1306855984011,386.4043574532222,378.35953803217666,379.6800537109375,134811000,0.0,0.0,0.0
2021-05-13 00:00:00-04:00,381.2347325154382,386.1796286907633,381.18788868784316,384.2409973144531,106394000,0.0,0.0,0.0
2021-05-14 00:00:00-04:00,386.985030226416,390.993392781113,386.95693536241697,390.1411437988281,82201600,0.0,0.0,0.0
2021-05-17 00:00:00-04:00,389.02674264587563,389.96327633452273,387.1255518204116,389.1484680175781,65129200,0.0,0.0,0.0
2021-05-18 00:00:00-04:00,389.4106602818648,389.65416816422237,385.63643100900947,385.795654296875,59810200,0.0,0.0,0.0
2021-05-19 00:00:00-04:00,381.09426361206437,384.96212335727006,379.60515004278085,384.7841796875,106467100,0.0,0.0,0.0
2021-05-20 00:00:00-04:00,385.6644677689352,390.18794039032326,385.5427424268331,388.9236145019531,78022200,0.0,0.0,0.0
2021-05-21 00:00:00-04:00,390.4127887790832,391.6583945728601,388.1463932893185,388.60528564453125,76578700,0.0,0.0,0.0
2021-05-24 00:00:00-04:00,390.8529304796665,393.64381090590996,390.6094225970298,392.5668029785156,51376700,0.0,0.0,0.0
2021-05-25 00:00:00-04:00,393.6532139010418,394.0091012947467,391.1152154711999,391.69586181640625,57451400,0.0,0.0,0.0
2021-05-26 00:00:00-04:00,392.2858873840644,392.9789132133939,391.2463486400701,392.47320556640625,43088600,0.0,0.0,0.0
2021-05-27 00:00:00-04:00,393.5033533975978,394.0184354690083,392.3982219773763,392.67919921875,56707700,0.0,0.0,0.0
2021-05-28 00:00:00-04:00,394.25259179378133,394.514820085861,393.14748889006984,393.3816223144531,58520200,0.0,0.0,0.0
2021-06-01 00:00:00-04:00,395.7510371233868,395.89151145679193,392.59492324968153,393.03509521484375,54216600,0.0,0.0,0.0
2021-06-02 00:00:00-04:00,393.69066759286113,394.49610143827164,392.67922377059676,393.6531982421875,49097100,0.0,0.0,0.0
2021-06-03 00:00:00-04:00,391.3306351753736,393.3348025487419,389.86027032089925,392.1922302246094,58138800,0.0,0.0,0.0
2021-06-04 00:00:00-04:00,394.04658162329105,396.0788724688653,392.257798702454,395.7791748046875,55938800,0.0,0.0,0.0
2021-06-07 00:00:00-04:00,395.7697798896526,395.9477235822755,394.4586384024901,395.3951721191406,51555000,0.0,0.0,0.0
2021-06-08 00:00:00-04:00,396.256741511377,396.3504005931343,393.64383318900553,395.47943115234375,47134300,0.0,0.0,0.0
2021-06-09 00:00:00-04:00,396.32236088203933,396.3972995901698,394.66470636912584,394.88946533203125,48436300,0.0,0.0,0.0
2021-06-10 00:00:00-04:00,396.1162954173843,397.6803193100831,394.79577943846573,396.72503662109375,51020100,0.0,0.0,0.0
2021-06-11 00:00:00-04:00,397.2775797356141,397.4929641801739,395.9851587453018,397.3805847167969,45570800,0.0,0.0,0.0
2021-06-14 00:00:00-04:00,397.4930771159863,398.3734212702142,396.247499602013,398.2704162597656,42358500,0.0,0.0,0.0
2021-06-15 00:00:00-04:00,398.42023055247114,398.45767132716105,396.65954239674767,397.5398864746094,51508500,0.0,0.0,0.0
2021-06-16 00:00:00-04:00,397.6802734306868,397.90503235240567,393.26920810752716,395.3201904296875,80386100,0.0,0.0,0.0
2021-06-17 00:00:00-04:00,394.90816876040657,396.1724663616995,392.70730889994087,395.1891174316406,90949700,0.0,0.0,0.0
2021-06-18 00:00:00-04:00,391.896790534333,392.592083637559,389.6511670033553,389.8578796386719,118676300,1.376,0.0,0.0
2021-06-21 00:00:00-04:00,391.6243224239138,395.62701792977555,390.80687698663155,395.4390869140625,72822000,0.0,0.0,0.0
2021-06-22 00:00:00-04:00,395.4296600028668,398.389386740263,394.70615149146886,397.5531311035156,57700300,0.0,0.0,0.0
2021-06-23 00:00:00-04:00,397.6283643449203,398.4364046264242,396.9894447724409,397.0740051269531,49445400,0.0,0.0,0.0
2021-06-24 00:00:00-04:00,399.225727156707,399.8458364778154,398.97201739654946,399.42303466796875,45110300,0.0,0.0,0.0
2021-06-25 00:00:00-04:00,400.1745990767725,401.2927224783095,399.84573419263063,400.8417053222656,58129500,0.0,0.0,0.0
2021-06-28 00:00:00-04:00,401.36791246800897,401.8189009566946,400.1652287077761,401.6497802734375,53159600,0.0,0.0,0.0
2021-06-29 00:00:00-04:00,402.03499591780417,402.6739153566939,401.33029776996494,401.8658752441406,35970500,0.0,0.0,0.0
2021-06-30 00:00:00-04:00,401.4054988705683,402.8806740439344,401.37731208840023,402.20416259765625,64827900,0.0,0.0,0.0
2021-07-01 00:00:00-04:00,402.96526015847866,404.5907744987678,402.8994814377987,404.4310302734375,53441000,0.0,0.0,0.0
2021-07-02 00:00:00-04:00,405.5961749418704,407.8793906014604,404.51561458575566,407.5223388671875,57697700,0.0,0.0,0.0
2021-07-06 00:00:00-04:00,407.57866250692047,407.79478028651687,404.036389732283,406.7799987792969,68710400,0.0,0.0,0.0
2021-07-07 00:00:00-04:00,407.4659236755757,408.4994868338858,405.4457944463871,408.21759033203125,63549500,0.0,0.0,0.0
2021-07-08 00:00:00-04:00,402.8806657894251,405.6524902342203,401.6967636141339,404.89141845703125,97595200,0.0,0.0,0.0
2021-07-09 00:00:00-04:00,406.4042044959093,409.5142706843359,404.6941297476529,409.2135925292969,76238600,0.0,0.0,0.0
2021-07-12 00:00:00-04:00,409.1289909276716,410.93303100178167,408.69678404478105,410.6793212890625,52889600,0.0,0.0,0.0
2021-07-13 00:00:00-04:00,409.8900601160083,411.3934220558517,409.0162412036738,409.2793273925781,52911300,0.0,0.0,0.0
2021-07-14 00:00:00-04:00,410.9799818157925,411.46859091611077,408.64039298286,409.8900451660156,64130400,0.0,0.0,0.0
2021-07-15 00:00:00-04:00,408.54642483085615,409.22293624099797,406.5826693133908,408.49005126953125,55126400,0.0,0.0,0.0
2021-07-16 00:00:00-04:00,409.67403653672767,409.72100495594833,404.89148728557234,405.2861022949219,75874700,0.0,0.0,0.0
2021-07-19 00:00:00-04:00,400.4471526449849,405.3518538666455,396.48204913878226,399.30084228515625,147987000,0.0,0.0,0.0
2021-07-20 00:00:00-04:00,399.96793955404695,406.3008475109484,399.16927577919,405.0229797363281,99608200,0.0,0.0,0.0
2021-07-21 00:00:00-04:00,406.22571245142046,408.4431781866263,404.9760599847373,408.3022155761719,64724400,0.0,0.0,0.0
2021-07-22 00:00:00-04:00,408.48065410397567,409.4014700806899,407.4940880872588,409.15716552734375,47878500,0.0,0.0,0.0
2021-07-23 00:00:00-04:00,411.09276865256516,413.70484906884116,410.4068806943092,413.3666076660156,63766600,0.0,0.0,0.0
2021-07-26 00:00:00-04:00,412.77467409357666,414.390783326833,412.7277056770462,414.3813781738281,43719200,0.0,0.0,0.0
2021-07-27 00:00:00-04:00,413.3383688913494,413.36655567137274,409.65513381425745,412.49273681640625,67397100,0.0,0.0,0.0
2021-07-28 00:00:00-04:00,413.1222109519289,413.7047567985869,410.8953695239184,412.32354736328125,52472400,0.0,0.0,0.0
2021-07-29 00:00:00-04:00,413.25377706703324,415.114161755324,413.24437191632796,414.03363037109375,47435300,0.0,0.0,0.0
2021-07-30 00:00:00-04:00,411.4591849287355,413.4793140165647,411.32762750222685,412.02294921875,68951200,0.0,0.0,0.0
2021-08-02 00:00:00-04:00,413.74240168794654,414.2967608282837,410.80145662667593,411.15850830078125,58783300,0.0,0.0,0.0
2021-08-03 00:00:00-04:00,411.9571471850933,414.6256007542447,409.7584923853187,414.5034484863281,58053900,0.0,0.0,0.0
2021-08-04 00:00:00-04:00,413.2162357099742,414.47529306625523,412.22966968933605,412.4645690917969,46732200,0.0,0.0,0.0
2021-08-05 00:00:00-04:00,413.62967177045795,415.1612205024383,413.3102120156651,415.07666015625,38969700,0.0,0.0,0.0
2021-08-06 00:00:00-04:00,415.3961145625114,416.1853731243509,415.1142180712691,415.7625427246094,46930000,0.0,0.0,0.0
2021-08-09 00:00:00-04:00,415.7343710161899,416.0538307784521,414.6538394461939,415.42431640625,41222600,0.0,0.0,0.0
2021-08-10 00:00:00-04:00,415.8752308154411,416.6551127888344,415.18934300002945,415.9410095214844,43339300,0.0,0.0,0.0
2021-08-11 00:00:00-04:00,417.0122013066696,417.0685748670529,415.88467275051914,416.974609375,44034300,0.0,0.0,0.0
2021-08-12 00:00:00-04:00,416.8243128497932,418.36526678880125,415.9223071173895,418.22430419921875,38909400,0.0,0.0,0.0
2021-08-13 00:00:00-04:00,418.6752988088245,419.00416370969447,418.18671837060634,418.9853820800781,39470300,0.0,0.0,0.0
2021-08-16 00:00:00-04:00,417.67933383173784,420.1034831034583,416.1195983231061,419.9719543457031,73740000,0.0,0.0,0.0
2021-08-17 00:00:00-04:00,417.40680489265077,418.08331627311867,414.2215841205355,417.2189025878906,92673900,0.0,0.0,0.0
2021-08-18 00:00:00-04:00,416.20414359044753,417.77328419430097,412.4081899435472,412.6524658203125,89351900,0.0,0.0,0.0
2021-08-19 00:00:00-04:00,409.918169394497,414.4940330646539,409.777235511774,413.29132080078125,92812200,0.0,0.0,0.0
2021-08-20 00:00:00-04:00,413.6390701113293,416.9088514737455,413.15046099796143,416.5799865722656,72008700,0.0,0.0,0.0
2021-08-23 00:00:00-04:00,418.2712850399687,421.15585665021996,416.65517596697146,420.24444580078125,54973000,0.0,0.0,0.0
2021-08-24 00:00:00-04:00,420.9115905761719,421.44716815686525,420.3948233013429,420.9115905761719,38744700,0.0,0.0,0.0
2021-08-25 00:00:00-04:00,421.0995066942213,422.31156706123744,420.7236446811897,421.7947998046875,40529700,0.0,0.0,0.0
2021-08-26 00:00:00-04:00,421.5129328963187,421.7478323338368,419.2109356131901,419.3049011230469,57829600,0.0,0.0,0.0
2021-08-27 00:00:00-04:00,420.11285753190714,423.4296357803634,420.0564839720999,423.0538024902344,77235100,0.0,0.0,0.0
2021-08-30 00:00:00-04:00,423.73034341850786,425.70350417202803,423.4860388594857,424.91424560546875,48357400,0.0,0.0,0.0
2021-08-31 00:00:00-04:00,424.8202760109067,425.1585173900656,423.68337092085335,424.2846984863281,59300200,0.0,0.0,0.0
2021-09-01 00:00:00-04:00,425.22432680633483,425.7410940643304,424.2753239669928,424.5102233886719,48721400,0.0,0.0,0.0
2021-09-02 00:00:00-04:00,425.9383754159656,426.6242632874938,424.6135394072609,425.81622314453125,42501000,0.0,0.0,0.0
2021-09-03 00:00:00-04:00,424.6792952624684,426.22962542777196,424.2752465384909,425.71282958984375,47170500,0.0,0.0,0.0
2021-09-07 00:00:00-04:00,425.3652318920659,425.45919738921737,423.5142234277316,424.19073486328125,51671500,0.0,0.0,0.0
2021-09-08 00:00:00-04:00,423.6551380501278,424.3880229661524,421.74772756403854,423.6739196777344,56181900,0.0,0.0,0.0
2021-09-09 00:00:00-04:00,423.4766130290712,425.2336558006691,421.6161996198401,421.8605041503906,57970400,0.0,0.0,0.0
2021-09-10 00:00:00-04:00,423.796146058895,424.2189478107895,418.4122410241399,418.5343933105469,89948200,0.0,0.0,0.0
2021-09-13 00:00:00-04:00,421.54109677619476,421.8041829670538,417.28469196190423,419.6054992675781,83738600,0.0,0.0,0.0
2021-09-14 00:00:00-04:00,421.05242685372514,421.2591394505679,416.4484048413986,417.3410339355469,78197100,0.0,0.0,0.0
2021-09-15 00:00:00-04:00,417.7638680701213,421.3249508984544,416.65514981646095,420.82696533203125,78792200,0.0,0.0,0.0
2021-09-16 00:00:00-04:00,420.30078497254937,421.2779457838027,417.2000958380673,420.15985107421875,77786700,0.0,0.0,0.0
2021-09-17 00:00:00-04:00,419.38507550677497,419.8092317575897,415.70888206973706,416.06707763671875,118425000,1.428,0.0,0.0
2021-09-20 00:00:00-04:00,409.92127316182945,411.50484731751953,404.24675595478044,409.1294860839844,166445500,0.0,0.0,0.0
2021-09-21 00:00:00-04:00,411.4765989731629,412.77740239408223,408.2151839034243,408.7430419921875,92526100,0.0,0.0,0.0
2021-09-22 00:00:00-04:00,411.0241372373776,414.7757267973973,408.8561507112312,412.7302551269531,102350100,0.0,0.0,0.0
2021-09-23 00:00:00-04:00,414.60606264353015,419.3568141940667,414.37041068440186,417.74493408203125,76396000,0.0,0.0,0.0
2021-09-24 00:00:00-04:00,416.10477159971555,419.1494050182944,415.8879614592612,418.4330139160156,62094800,0.0,0.0,0.0
2021-09-27 00:00:00-04:00,417.3961891431446,418.56501369827305,416.5384125284229,417.2359619140625,61371100,0.0,0.0,0.0
2021-09-28 00:00:00-04:00,414.45525091590594,414.78516941905406,408.0926478816121,408.827880859375,130436300,0.0,0.0,0.0
2021-09-29 00:00:00-04:00,410.21345067442644,411.9572806871439,408.95035979785877,409.51593017578125,82329200,0.0,0.0,0.0
2021-09-30 00:00:00-04:00,410.9958599619211,411.7028158417851,404.1713884067889,404.5107421875,140506000,0.0,0.0,0.0
2021-10-01 00:00:00-04:00,406.24511136235,411.0052691446982,402.7103321875053,409.3179931640625,129240100,0.0,0.0,0.0
2021-10-04 00:00:00-04:00,408.1491541596147,409.0540495415791,401.89022491627236,404.0393981933594,128570000,0.0,0.0,0.0
2021-10-05 00:00:00-04:00,405.54759580480123,410.4962870615469,404.7464021380248,408.24346923828125,90682500,0.0,0.0,0.0
2021-10-06 00:00:00-04:00,404.63323802045085,410.147499377374,403.00254494453645,409.94012451171875,113032200,0.0,0.0,0.0
2021-10-07 00:00:00-04:00,413.22985073007703,416.33100970659876,413.05075294528,413.4843444824219,72437500,0.0,0.0,0.0
2021-10-08 00:00:00-04:00,414.2573039916996,414.64377665813777,412.098723983002,412.7302551269531,74557400,0.0,0.0,0.0
2021-10-11 00:00:00-04:00,412.07039922916306,414.99248894914547,409.6761675373717,409.7421569824219,65233300,0.0,0.0,0.0
2021-10-12 00:00:00-04:00,410.66588343067275,411.07119781225964,407.9417335416535,408.7335205078125,71181200,0.0,0.0,0.0
2021-10-13 00:00:00-04:00,409.7610137268703,411.02410468083355,406.77296321895665,410.20404052734375,72974000,0.0,0.0,0.0
2021-10-14 00:00:00-04:00,413.88021160469805,417.2547635679065,413.4089077144482,417.10394287109375,70236800,0.0,0.0,0.0
2021-10-15 00:00:00-04:00,419.2248319298455,420.64817895672934,418.60270731079913,420.2805480957031,66260200,0.0,0.0,0.0
2021-10-18 00:00:00-04:00,418.48961233422193,421.86413581254226,417.8297753264415,421.5248107910156,62213200,0.0,0.0,0.0
2021-10-19 00:00:00-04:00,423.15553826181207,424.842785639923,422.5428201325496,424.7768249511719,46996800,0.0,0.0,0.0
2021-10-20 00:00:00-04:00,425.23868404969255,426.74686236318604,425.1255757102496,426.4452209472656,49571600,0.0,0.0,0.0
2021-10-21 00:00:00-04:00,425.8419419107225,427.7837117980896,425.40835035029045,427.5574951171875,41305400,0.0,0.0,0.0
2021-10-22 00:00:00-04:00,427.12384568285273,428.5754696428719,425.1632054936649,427.1144104003906,58845100,0.0,0.0,0.0
2021-10-25 00:00:00-04:00,428.20780585633406,429.7348256601838,426.4262923405436,429.4049072265625,45214500,0.0,0.0,0.0
2021-10-26 00:00:00-04:00,430.96026549922436,432.1762087588682,429.4143750148794,429.7914123535156,56075100,0.0,0.0,0.0
2021-10-27 00:00:00-04:00,430.25331425071147,430.92255769132396,427.81193489095295,427.8873596191406,72438000,0.0,0.0,0.0
2021-10-28 00:00:00-04:00,429.3201484126634,432.0914176968122,429.31074189544364,432.0160217285156,51437900,0.0,0.0,0.0
2021-10-29 00:00:00-04:00,429.7066201419855,433.1848452815996,429.41441402054215,432.89263916015625,70162400,0.0,0.0,0.0
2021-11-01 00:00:00-04:00,433.88238758484846,434.25945374272055,431.9029340865654,433.6373291015625,48433600,0.0,0.0,0.0
2021-11-02 00:00:00-04:00,433.8069896668776,435.70164066708185,433.6750107589926,435.39056396484375,48908400,0.0,0.0,0.0
2021-11-03 00:00:00-04:00,434.82500495506815,438.4540510581206,434.3819780993795,438.0487365722656,52509800,0.0,0.0,0.0
2021-11-04 00:00:00-04:00,438.6519472579283,440.19783784094693,438.303186978276,440.1130065917969,52847100,0.0,0.0,0.0
2021-11-05 00:00:00-04:00,442.3469093387907,443.6382771948116,440.12236913025,441.63995361328125,66390600,0.0,0.0,0.0
2021-11-08 00:00:00-05:00,442.74285515931524,443.24243609752784,441.3289435870791,442.01702880859375,50405200,0.0,0.0,0.0
2021-11-09 00:00:00-05:00,442.3847223182138,442.6203742803155,439.1421490184052,440.5560607910156,51149100,0.0,0.0,0.0
2021-11-10 00:00:00-05:00,438.8592828332741,440.5559939626962,435.5224722676754,437.01177978515625,69429700,0.0,0.0,0.0
2021-11-11 00:00:00-05:00,438.5105251295823,438.58594985547217,437.13432592618915,437.1531677246094,34848500,0.0,0.0,0.0
2021-11-12 00:00:00-05:00,438.4257305483091,441.0084666869661,437.4736874755457,440.45233154296875,53466700,0.0,0.0,0.0
2021-11-15 00:00:00-05:00,441.74369494731434,441.9039221504196,439.47200689409635,440.6031188964844,46980500,0.0,0.0,0.0
2021-11-16 00:00:00-05:00,440.33922565746155,443.48753224066024,440.2638296909527,442.34698486328125,48857500,0.0,0.0,0.0
2021-11-17 00:00:00-05:00,442.08305932224823,442.26215710599143,440.6503058184097,441.2724304199219,47858300,0.0,0.0,0.0
2021-11-18 00:00:00-05:00,442.30931229475857,443.0351387724861,439.57575519666824,442.7712097167969,50625600,0.0,0.0,0.0
2021-11-19 00:00:00-05:00,442.65798953020527,443.9116738840213,441.61170878776574,441.9793395996094,57315600,0.0,0.0,0.0
2021-11-22 00:00:00-05:00,443.8645720191761,446.3624767742698,440.52773256865373,440.735107421875,72762000,0.0,0.0,0.0
2021-11-23 00:00:00-05:00,440.4052188410492,442.17732611315665,437.79420558269936,441.3195495605469,73206500,0.0,0.0,0.0
2021-11-24 00:00:00-05:00,439.3118141030796,442.6203768755419,438.4917498727346,442.4978332519531,61858800,0.0,0.0,0.0
2021-11-26 00:00:00-05:00,435.8053377166632,437.2758037551741,431.4976126635115,432.6287536621094,112669600,0.0,0.0,0.0
2021-11-29 00:00:00-05:00,437.4360269059508,439.78311122075047,435.23032801383044,437.93560791015625,86268800,0.0,0.0,0.0
2021-11-30 00:00:00-05:00,435.4847636522218,437.39825616004947,429.16928046510924,429.41436767578125,148559600,0.0,0.0,0.0
2021-12-01 00:00:00-05:00,435.14550168253277,438.00160231739363,424.4468968317913,424.64483642578125,131939200,0.0,0.0,0.0
2021-12-02 00:00:00-05:00,424.8616257685235,432.72297140039274,424.46571783383473,431.1488037109375,127637800,0.0,0.0,0.0
2021-12-03 00:00:00-05:00,432.81724224030523,433.8823649056814,423.1555121550906,427.3972473144531,137331600,0.0,0.0,0.0
2021-12-06 00:00:00-05:00,429.9516748417892,434.34423038043997,427.5291660360214,432.4590148925781,98977500,0.0,0.0,0.0
2021-12-07 00:00:00-05:00,437.7564705046071,441.9699283158001,432.3270406361957,441.40435791015625,95484700,0.0,0.0,0.0
2021-12-08 00:00:00-05:00,441.80029512259415,443.02567377766377,440.03759434211855,442.5732116699219,72238800,0.0,0.0,0.0
2021-12-09 00:00:00-05:00,441.281795905493,442.6768656791159,439.3871739598031,439.5851135253906,61272600,0.0,0.0,0.0
2021-12-10 00:00:00-05:00,442.29985686872703,443.87399574484607,439.73596256863544,443.7231750488281,77159800,0.0,0.0,0.0
2021-12-13 00:00:00-05:00,443.2048079952957,443.55356831350923,439.50977239360935,439.7925720214844,87724700,0.0,0.0,0.0
2021-12-14 00:00:00-05:00,436.51226038984663,439.0101654081396,433.8352575809866,436.7667541503906,97264100,0.0,0.0,0.0
2021-12-15 00:00:00-05:00,436.8233603406868,443.8363365662243,434.29714933729264,443.5912780761719,116899300,0.0,0.0,0.0
2021-12-16 00:00:00-05:00,445.4481369657299,445.73090777517467,438.12405657395834,439.67938232421875,116568600,0.0,0.0,0.0
2021-12-17 00:00:00-05:00,436.58904595985916,439.60653086796816,433.2877968056322,434.9999084472656,135511600,1.633,0.0,0.0
2021-12-20 00:00:00-05:00,429.90142998069797,430.771659603725,426.742062864258,430.3743896484375,107134800,0.0,0.0,0.0
2021-12-21 00:00:00-05:00,433.80807275170514,438.1593076705926,431.6324697258457,438.0174255371094,69806300,0.0,0.0,0.0
2021-12-22 00:00:00-05:00,437.7620345389874,442.5105393973741,437.5633706863754,442.39703369140625,58890200,0.0,0.0,0.0
2021-12-23 00:00:00-05:00,443.3997928001732,446.65375838897666,443.2957555050396,445.1497497558594,56439700,0.0,0.0,0.0
2021-12-27 00:00:00-05:00,446.5307010758358,451.49677783042705,446.48341665361187,451.4494934082031,56808600,0.0,0.0,0.0
2021-12-28 00:00:00-05:00,451.88466479001033,452.91571358116715,450.3144349556184,451.08062744140625,47274600,0.0,0.0,0.0
2021-12-29 00:00:00-05:00,451.18463308676866,452.67917299508804,450.1819608604042,451.6575927734375,54503000,0.0,0.0,0.0
2021-12-30 00:00:00-05:00,452.08320230898494,453.09534288404825,449.9454443292258,450.408935546875,55329000,0.0,0.0,0.0
2021-12-31 00:00:00-05:00,449.9171424306895,451.07113645073605,448.9995994066956,449.2738952636719,65237400,0.0,0.0,0.0
2022-01-03 00:00:00-05:00,450.5414331852414,452.0076256878553,448.2239477980202,451.87518310546875,72668200,0.0,0.0,0.0
2022-01-04 00:00:00-05:00,453.3034834561525,454.02239141771696,449.86032307936296,451.7237854003906,71178700,0.0,0.0,0.0
2022-01-05 00:00:00-05:00,451.3549461154086,452.1306070232727,442.9551764477384,443.0497741699219,104538900,0.0,0.0,0.0
2022-01-06 00:00:00-05:00,442.5863215253944,445.35785893775983,440.25933859850363,442.63360595703125,86858900,0.0,0.0,0.0
2022-01-07 00:00:00-05:00,442.6430005573575,443.8253998227985,439.5214491762915,440.8835754394531,85111600,0.0,0.0,0.0
2022-01-10 00:00:00-05:00,437.6768689948834,440.5524428650343,431.90675552654443,440.33489990234375,119362000,0.0,0.0,0.0
2022-01-11 00:00:00-05:00,440.0700665321806,444.44020928004124,437.0620210810528,444.3456115722656,74303100,0.0,0.0,0.0
2022-01-12 00:00:00-05:00,446.08614756445814,447.6090928817036,443.5794668088616,445.5469665527344,67605400,0.0,0.0,0.0
2022-01-13 00:00:00-05:00,446.6537054029599,447.3063921299082,438.3769102525567,439.407958984375,91173100,0.0,0.0,0.0
2022-01-14 00:00:00-05:00,436.24864315290205,439.93772365473285,435.0283988405824,439.5877380371094,95890900,0.0,0.0,0.0
2022-01-18 00:00:00-05:00,434.8769416667024,435.08504507309425,430.6865259809416,431.8027038574219,109709100,0.0,0.0,0.0
2022-01-19 00:00:00-05:00,433.3540312792543,434.7539734256139,427.04473658825316,427.3190612792969,109357600,0.0,0.0,0.0
2022-01-20 00:00:00-05:00,429.2109751047605,433.9311041940373,420.46121968940173,422.58953857421875,122379700,0.0,0.0,0.0
2022-01-21 00:00:00-05:00,421.4637870445088,423.8285852162134,414.26535526607927,414.2937316894531,202271200,0.0,0.0,0.0
2022-01-24 00:00:00-05:00,408.66562376634613,416.56405781580486,398.0051207847814,416.0532531738281,251783900,0.0,0.0,0.0
2022-01-25 00:00:00-05:00,409.63982206019847,415.9396482515973,404.04943536512155,410.97357177734375,167997300,0.0,0.0,0.0
2022-01-26 00:00:00-05:00,416.88561104852806,420.02607047448777,405.6669916326692,409.94256591796875,186391100,0.0,0.0,0.0
2022-01-27 00:00:00-05:00,414.5586466067945,417.7085455157903,406.225098979547,407.91827392578125,149878300,0.0,0.0,0.0
2022-01-28 00:00:00-05:00,409.2803813325248,418.0963566867088,404.6832271039297,418.049072265625,164457400,0.0,0.0,0.0
2022-01-31 00:00:00-05:00,417.3774492101084,425.9285683081596,416.02479145329517,425.5785827636719,152251400,0.0,0.0,0.0
2022-02-01 00:00:00-05:00,426.3069680203135,429.0974419265007,422.7692385378579,428.4542236328125,123155400,0.0,0.0,0.0
2022-02-02 00:00:00-05:00,430.86628479936365,433.3445889976843,428.548770732719,432.6162414550781,117361000,0.0,0.0,0.0
2022-02-03 00:00:00-05:00,426.56229476939353,428.4730412507247,421.60565829952645,422.4475402832031,118024400,0.0,0.0,0.0
2022-02-04 00:00:00-05:00,422.21116548081926,428.2934208063521,419.8274299173056,424.43408203125,118454400,0.0,0.0,0.0
2022-02-07 00:00:00-05:00,425.2002179600923,426.60016012871563,421.738149661157,423.0718994140625,84472900,0.0,0.0,0.0
2022-02-08 00:00:00-05:00,422.5706349264903,427.47995951404795,421.1422872227027,426.5529479980469,81012000,0.0,0.0,0.0
2022-02-09 00:00:00-05:00,430.60135886606434,433.1175075159952,430.40272390788056,432.7958984375,92589900,0.0,0.0,0.0
2022-02-10 00:00:00-05:00,426.93128524545455,432.95678758172915,423.0151936953488,425.0205383300781,140103700,0.0,0.0,0.0
2022-02-11 00:00:00-05:00,425.1056385655254,427.18664391321806,415.20186134997584,416.6396484375,153214600,0.0,0.0,0.0
2022-02-14 00:00:00-05:00,416.12890799397803,417.7180457832857,411.79658063441923,415.2775573730469,123006300,0.0,0.0,0.0
2022-02-15 00:00:00-05:00,419.73284594307296,422.144928982225,419.21257292774663,421.97467041015625,88482700,0.0,0.0,0.0
2022-02-16 00:00:00-05:00,419.9219231993376,423.8285742970927,418.03955314064916,422.4475402832031,84863600,0.0,0.0,0.0
2022-02-17 00:00:00-05:00,419.25038980867765,422.41922551305055,412.8181495554297,413.42352294921875,102259100,0.0,0.0,0.0
2022-02-18 00:00:00-05:00,413.6789397456878,414.937028777914,408.4669432136912,410.7466125488281,132642900,0.0,0.0,0.0
2022-02-22 00:00:00-05:00,408.5331937704951,411.9479493682577,402.82927137444875,406.3386535644531,124391800,0.0,0.0,0.0
2022-02-23 00:00:00-05:00,409.26146429806397,409.8290216743736,398.5631188932216,399.13067626953125,132578000,0.0,0.0,0.0
2022-02-24 00:00:00-05:00,388.7918112514867,405.57244232576124,388.43238610030824,405.1372985839844,213942900,0.0,0.0,0.0
2022-02-25 00:00:00-05:00,406.3764647986721,414.1613927191471,404.7211056644664,414.0762634277344,121804500,0.0,0.0,0.0
2022-02-28 00:00:00-05:00,408.665549734316,414.5018850268596,407.40748965693734,413.01678466796875,145615000,0.0,0.0,0.0
2022-03-01 00:00:00-05:00,411.51275948322075,413.5275723046222,404.01159714649674,406.7264099121094,137785900,0.0,0.0,0.0
2022-03-02 00:00:00-05:00,408.9871853932259,415.9396990802248,408.23046138487615,414.20867919921875,117726500,0.0,0.0,0.0
2022-03-03 00:00:00-05:00,416.6491002687027,417.2544736461627,410.3398054569245,412.1465148925781,105501700,0.0,0.0,0.0
2022-03-04 00:00:00-05:00,408.40064432076974,409.93302891754075,404.73994136911347,408.7979431152344,113978200,0.0,0.0,0.0
2022-03-07 00:00:00-05:00,408.2115490078565,408.9209886334295,396.68078798416894,396.74700927734375,137896600,0.0,0.0,0.0
2022-03-08 00:00:00-05:00,396.92666565064377,404.106189919639,392.67002865476115,393.7389221191406,164772700,0.0,0.0,0.0
2022-03-09 00:00:00-05:00,402.1482138875015,406.28187731724785,399.9536738077774,404.2954406738281,116990800,0.0,0.0,0.0
2022-03-10 00:00:00-05:00,399.669875757918,403.36842427273797,397.70237600280313,402.4698181152344,93972700,0.0,0.0,0.0
2022-03-11 00:00:00-05:00,404.9669642223323,405.5818059910525,396.8415209370115,397.3523254394531,95636300,0.0,0.0,0.0
2022-03-14 00:00:00-04:00,398.1280659463087,401.5901058587185,393.30387079878767,394.44842529296875,95729200,0.0,0.0,0.0
2022-03-15 00:00:00-04:00,397.0685900922245,403.75624741323844,395.79162195110837,403.12249755859375,106219100,0.0,0.0,0.0
2022-03-16 00:00:00-04:00,406.64136195251285,412.11821526495754,401.82660612578036,412.06146240234375,144954800,0.0,0.0,0.0
2022-03-17 00:00:00-04:00,410.14121733245054,417.2167053222656,409.76285531991505,417.2167053222656,102676900,0.0,0.0,0.0
2022-03-18 00:00:00-04:00,415.59983278904184,422.10898522065065,414.8597246560477,421.786376953125,106345500,1.366,0.0,0.0
2022-03-21 00:00:00-04:00,421.61556462774155,423.6271389755555,418.1427408368208,421.66302490234375,88349800,0.0,0.0,0.0
2022-03-22 00:00:00-04:00,423.0577952903336,427.53640601074585,423.0577952903336,426.5970458984375,74650400,0.0,0.0,0.0
2022-03-23 00:00:00-04:00,424.0541434470879,425.55332638564335,421.0177861842086,421.1031799316406,79426100,0.0,0.0,0.0
2022-03-24 00:00:00-04:00,423.1337875083992,427.46057816954954,422.01414188925315,427.4510803222656,64736900,0.0,0.0,0.0
2022-03-25 00:00:00-04:00,428.08676165984116,429.8136901005225,425.4963689988191,429.53851318359375,77101300,0.0,0.0,0.0
2022-03-28 00:00:00-04:00,428.94076282849704,432.5938720703125,427.04304675034354,432.5938720703125,68529800,0.0,0.0,0.0
2022-03-29 00:00:00-04:00,436.49365245199573,438.43882875157925,433.7988991715261,437.9454040527344,86581500,0.0,0.0,0.0
2022-03-30 00:00:00-04:00,436.79732312419725,437.6133561269199,433.1252470040713,435.2412109375,79666900,0.0,0.0,0.0
2022-03-31 00:00:00-04:00,434.4725987632066,435.29810058107427,428.0867740686455,428.542236328125,121699900,0.0,0.0,0.0
2022-04-01 00:00:00-04:00,430.12684500588364,430.26916792356127,426.1701231101965,429.7568054199219,89048800,0.0,0.0,0.0
2022-04-04 00:00:00-04:00,429.9560313211461,433.54271341244913,429.13052949203757,433.4383239746094,59601000,0.0,0.0,0.0
2022-04-05 00:00:00-04:00,431.939157439223,434.41566302039155,426.8153298227524,427.96343994140625,74214500,0.0,0.0,0.0
2022-04-06 00:00:00-04:00,424.0351227444285,425.9707720202378,420.7900159707679,423.68402099609375,106898000,0.0,0.0,0.0
2022-04-07 00:00:00-04:00,422.8016387112071,427.640820370861,420.8469935201735,425.8190002441406,78097200,0.0,0.0,0.0
2022-04-08 00:00:00-04:00,425.0598962746841,427.5838618920814,423.1337157978344,424.68035888671875,79272700,0.0,0.0,0.0
2022-04-11 00:00:00-04:00,421.3973501116836,422.2418477063847,416.9187677503184,417.4216613769531,89770500,0.0,0.0,0.0
2022-04-12 00:00:00-04:00,420.42000917950406,422.95347289670224,414.3188589093481,415.875,84363600,0.0,0.0,0.0
2022-04-13 00:00:00-04:00,415.6282453101172,421.39728888608715,415.4479599836638,420.6382141113281,74070400,0.0,0.0,0.0
2022-04-14 00:00:00-04:00,420.865976406667,421.9856509126384,415.2961842874288,415.40057373046875,97869500,0.0,0.0,0.0
2022-04-18 00:00:00-04:00,414.4706408777996,417.26028558117775,413.33199974941584,415.5713195800781,66002500,0.0,0.0,0.0
2022-04-19 00:00:00-04:00,415.4669024532441,423.00083642794516,415.2961149824249,422.27972412109375,77821000,0.0,0.0,0.0
2022-04-20 00:00:00-04:00,424.06358003329865,424.6803318691113,420.79950658212863,421.9665832519531,65224400,0.0,0.0,0.0
2022-04-21 00:00:00-04:00,425.6007806681519,426.9956031035997,414.745842697952,415.65673828125,85417300,0.0,0.0,0.0
2022-04-22 00:00:00-04:00,414.5655465281797,415.6756941570096,403.68214426024474,404.25146484375,132471800,0.0,0.0,0.0
2022-04-25 00:00:00-04:00,402.00268452995533,406.7659413001945,397.4196841407292,406.59515380859375,119647700,0.0,0.0,0.0
2022-04-26 00:00:00-04:00,404.0522253657664,404.25150641243613,394.7913901520683,394.8198547363281,103996300,0.0,0.0,0.0
2022-04-27 00:00:00-04:00,395.9015280922262,401.2910638857322,393.78559314865083,395.92999267578125,122030000,0.0,0.0,0.0
2022-04-28 00:00:00-04:00,400.69325298442976,407.66736507678297,396.24310664725425,405.9309387207031,105449100,0.0,0.0,0.0
2022-04-29 00:00:00-04:00,401.92673399978656,404.0901289590842,390.1798679914565,390.9294738769531,145491100,0.0,0.0,0.0
2022-05-02 00:00:00-04:00,390.9959026727131,394.64901157407303,384.3064367465445,393.28265380859375,158312500,0.0,0.0,0.0
2022-05-03 00:00:00-04:00,393.7856098060658,397.5051173465634,392.2199707737604,395.0855407714844,100028200,0.0,0.0,0.0
2022-05-04 00:00:00-04:00,395.7496753190645,407.68632497643506,392.5520285453258,407.11700439453125,144247900,0.0,0.0,0.0
2022-05-05 00:00:00-04:00,402.8376995037518,403.2646972365076,388.50046734364383,392.64697265625,172929100,0.0,0.0,0.0
2022-05-06 00:00:00-04:00,390.0754755164309,393.58623225563684,384.98011339588066,390.3031921386719,151770800,0.0,0.0,0.0
2022-05-09 00:00:00-04:00,384.3823720398505,385.62537367241526,376.2221876512533,377.8067932128906,155586100,0.0,0.0,0.0
2022-05-10 00:00:00-04:00,383.80357611684485,385.312256912979,374.6281351627776,378.67974853515625,132497200,0.0,0.0,0.0
2022-05-11 00:00:00-04:00,377.7119332720128,383.3766170241636,371.91439549274446,372.66400146484375,142361000,0.0,0.0,0.0
2022-05-12 00:00:00-04:00,369.45676295610747,375.5579117596013,365.452581816771,372.2748718261719,125090800,0.0,0.0,0.0
2022-05-13 00:00:00-04:00,376.4214441495683,382.56055648756023,375.3776945718479,381.17523193359375,104174400,0.0,0.0,0.0
2022-05-16 00:00:00-04:00,379.52421008230226,383.3101440048578,377.2659235471476,379.6285705566406,78622400,0.0,0.0,0.0
2022-05-17 00:00:00-04:00,385.7392800433556,387.6749586642774,381.9912789869074,387.437744140625,83029700,0.0,0.0,0.0
2022-05-18 00:00:00-04:00,382.86424116317255,383.14888700880624,370.5765172556166,371.81951904296875,117674500,0.0,0.0,0.0
2022-05-19 00:00:00-04:00,368.7451990662184,373.9829138685316,367.31241418995535,369.542236328125,98510700,0.0,0.0,0.0
2022-05-20 00:00:00-04:00,373.1384136201305,376.72509575107233,361.07843638256344,369.70355224609375,131432200,0.0,0.0,0.0
2022-05-23 00:00:00-04:00,372.7398728634355,377.38930019728645,370.415188153358,376.6207275390625,76414900,0.0,0.0,0.0
2022-05-24 00:00:00-04:00,372.48376047613425,374.9412996588242,367.170148938791,373.7457580566406,91448800,0.0,0.0,0.0
2022-05-25 00:00:00-04:00,372.24647980927637,379.02133983121746,371.84797566495524,377.0476989746094,91472900,0.0,0.0,0.0
2022-05-26 00:00:00-04:00,378.2812024273643,386.2231386417738,378.0724525251895,384.58160400390625,82168300,0.0,0.0,0.0
2022-05-27 00:00:00-04:00,387.04862433180637,394.1365939090982,386.8493722833649,394.0227355957031,84768700,0.0,0.0,0.0
2022-05-31 00:00:00-04:00,392.4002686094712,395.1614492463279,389.0602984118207,391.8119812011719,95937000,0.0,0.0,0.0
2022-06-01 00:00:00-04:00,393.9374362442217,394.95269241980327,386.118825687974,388.6427917480469,86585800,0.0,0.0,0.0
2022-06-02 00:00:00-04:00,388.48145435599463,396.0912850769354,386.2231676872298,396.0438537597656,79609600,0.0,0.0,0.0
2022-06-03 00:00:00-04:00,391.30902085966204,392.86516182904495,388.5668363851628,389.5441589355469,71874300,0.0,0.0,0.0
2022-06-06 00:00:00-04:00,393.56736210124245,395.3037596856171,389.5536819082535,390.73028564453125,57508900,0.0,0.0,0.0
2022-06-07 00:00:00-04:00,387.22895048242367,394.9336727076749,386.7639903779014,394.47821044921875,59272400,0.0,0.0,0.0
2022-06-08 00:00:00-04:00,392.76081990811025,394.5541755868327,389.39238529138436,390.1894226074219,64350000,0.0,0.0,0.0
2022-06-09 00:00:00-04:00,388.40551807213615,390.68277140939495,380.9095458984375,380.9095458984375,86289800,0.0,0.0,0.0
2022-06-10 00:00:00-04:00,374.6850525131261,375.539018923671,369.81740632911726,369.8648376464844,132893900,0.0,0.0,0.0
2022-06-13 00:00:00-04:00,360.42371387649325,362.28346743198733,354.2086766578207,355.8217468261719,170004900,0.0,0.0,0.0
2022-06-14 00:00:00-04:00,357.57718031270616,358.61143216554296,351.6373193482159,354.74957275390625,104011800,0.0,0.0,0.0
2022-06-15 00:00:00-04:00,358.0610216928037,364.26656078644334,353.0890153068255,359.80694580078125,125666800,0.0,0.0,0.0
2022-06-16 00:00:00-04:00,351.5613492213625,351.9693511680537,345.4601709271187,347.89874267578125,134473300,0.0,0.0,0.0
2022-06-17 00:00:00-04:00,348.3152615671358,352.00319986018303,345.1323892326363,348.6487731933594,111113900,1.577,0.0,0.0
2022-06-21 00:00:00-04:00,354.3951110098947,358.81681534819097,354.3188581815829,357.4255065917969,76811900,0.0,0.0,0.0
2022-06-22 00:00:00-04:00,353.18477030961577,360.9037245831759,352.76546707921506,356.7774353027344,90059400,0.0,0.0,0.0
2022-06-23 00:00:00-04:00,358.9216589541497,361.00860756659887,355.3480709955404,360.27484130859375,79292100,0.0,0.0,0.0
2022-06-24 00:00:00-04:00,363.45771219814634,371.7389089912618,363.4291246578567,371.7293701171875,98050300,0.0,0.0,0.0
2022-06-27 00:00:00-04:00,372.65377505140225,372.94918935666453,369.213614685377,370.30950927734375,66009600,0.0,0.0,0.0
2022-06-28 00:00:00-04:00,371.87235419067196,374.6645107225344,362.62866130813416,362.7430114746094,86548900,0.0,0.0,0.0
2022-06-29 00:00:00-04:00,363.29571627695856,364.2867703688928,360.61791010649307,362.44757080078125,65676000,0.0,0.0,0.0
2022-06-30 00:00:00-04:00,358.5404036392867,362.75248486298585,355.03353011810066,359.5028991699219,112508300,0.0,0.0,0.0
2022-07-01 00:00:00-04:00,358.84540602497094,363.74361787819856,356.2152359819502,363.30523681640625,74839700,0.0,0.0,0.0
2022-07-05 00:00:00-04:00,358.19742913117045,364.0104717926043,355.3576072193394,363.99139404296875,81438000,0.0,0.0,0.0
2022-07-06 00:00:00-04:00,364.1343488121394,367.7174760792101,361.7424467576076,365.2207336425781,70426200,0.0,0.0,0.0
2022-07-07 00:00:00-04:00,367.00273549110653,371.4911540880881,365.23975951148003,370.690673828125,64525900,0.0,0.0,0.0
2022-07-08 00:00:00-04:00,369.0515185508626,372.26300695261864,367.5172722738607,370.38568115234375,72397800,0.0,0.0,0.0
2022-07-11 00:00:00-04:00,367.6983874150096,368.6703928823558,365.4589331166824,366.15460205078125,58366900,0.0,0.0,0.0
2022-07-12 00:00:00-04:00,365.6018961252451,367.993827167092,361.16111363619996,362.91455078125,62219200,0.0,0.0,0.0
2022-07-13 00:00:00-04:00,357.4541259795869,363.9532987804005,357.0348226323127,361.0086364746094,84224600,0.0,0.0,0.0
2022-07-14 00:00:00-04:00,356.0341654064419,361.2182525694564,353.585088606192,360.13189697265625,89704800,0.0,0.0,0.0
2022-07-15 00:00:00-04:00,364.5536534757757,367.1266487598198,362.63822986665895,367.0122985839844,79060400,0.0,0.0,0.0
2022-07-18 00:00:00-04:00,370.1094400535637,370.78603137283375,362.752610934955,363.98193359375,63203600,0.0,0.0,0.0
2022-07-19 00:00:00-04:00,367.9175404264999,374.38812509860895,367.26002700439284,373.81634521484375,78506000,0.0,0.0,0.0
2022-07-20 00:00:00-04:00,374.0069112091243,377.6186251870935,372.6346512565959,376.1986999511719,71843800,0.0,0.0,0.0
2022-07-21 00:00:00-04:00,375.6174381384512,380.07726877334886,373.2064587109506,380.0296325683594,64903900,0.0,0.0,0.0
2022-07-22 00:00:00-04:00,380.1535950255514,381.3543009933641,374.27383791395675,376.5037536621094,72197300,0.0,0.0,0.0
2022-07-25 00:00:00-04:00,377.1326458462782,377.8187758914489,374.71212748110185,376.96112060546875,53631500,0.0,0.0,0.0
2022-07-26 00:00:00-04:00,375.31251747797376,375.52216914554964,371.6055305018474,372.5013122558594,52946400,0.0,0.0,0.0
2022-07-27 00:00:00-04:00,375.8080241745554,383.9272346038622,375.51260989744463,382.1737976074219,82342100,0.0,0.0,0.0
2022-07-28 00:00:00-04:00,382.9838409651642,387.66283348896036,379.41976258385523,386.9671936035156,73966600,0.0,0.0,0.0
2022-07-29 00:00:00-04:00,388.40616019778315,393.59978693143717,387.63426743595056,392.60870361328125,87003700,0.0,0.0,0.0
2022-08-01 00:00:00-04:00,389.90225959583773,393.9618647731453,389.18754201289954,391.446044921875,69997500,0.0,0.0,0.0
2022-08-02 00:00:00-04:00,389.8737184031951,393.5711957915866,387.6819291877356,388.86358642578125,63435400,0.0,0.0,0.0
2022-08-03 00:00:00-04:00,390.9981480641734,396.125060100099,390.71227266816476,394.95294189453125,67820600,0.0,0.0,0.0
2022-08-04 00:00:00-04:00,394.8767311502338,395.5628612557088,393.0375313820632,394.6861572265625,45656600,0.0,0.0,0.0
2022-08-05 00:00:00-04:00,390.3883404180062,394.66710773827515,390.33116532861703,394.01910400390625,56814900,0.0,0.0,0.0
2022-08-08 00:00:00-04:00,395.7153066396332,397.973809576496,392.45618162514177,393.5616149902344,53886100,0.0,0.0,0.0
2022-08-09 00:00:00-04:00,392.82781646453174,393.33288235794674,390.9219030430517,391.9987487792969,44931800,0.0,0.0,0.0
2022-08-10 00:00:00-04:00,399.07923026953097,400.3752665840471,397.11614167304344,400.2322998046875,68665700,0.0,0.0,0.0
2022-08-11 00:00:00-04:00,403.09117008096246,404.95898626712,399.48899469613326,400.2322998046875,59489700,0.0,0.0,0.0
2022-08-12 00:00:00-04:00,402.17634520529884,407.1126543031395,401.2233884335798,407.0078430175781,61694500,0.0,0.0,0.0
2022-08-15 00:00:00-04:00,404.7874081344015,409.2091411942346,404.7302330587942,408.68499755859375,54048300,0.0,0.0,0.0
2022-08-16 00:00:00-04:00,407.6081782948637,411.42000508115757,406.79815928639016,409.4855041503906,59289000,0.0,0.0,0.0
2022-08-17 00:00:00-04:00,405.87386175365134,409.29497340825594,404.5683155020595,406.57904052734375,63563400,0.0,0.0,0.0
2022-08-18 00:00:00-04:00,406.7791686611495,408.446843237324,405.4831612355664,407.7607421875,49023200,0.0,0.0,0.0
2022-08-19 00:00:00-04:00,404.9876441752916,405.2544709508292,401.4045168335552,402.28125,68016900,0.0,0.0,0.0
2022-08-22 00:00:00-04:00,397.43064705593497,397.6022013931033,392.9994034708054,393.90472412109375,77695600,0.0,0.0,0.0
2022-08-23 00:00:00-04:00,393.47583577048323,395.8773053899406,392.39898999121,392.95172119140625,49105200,0.0,0.0,0.0
2022-08-24 00:00:00-04:00,392.72301638510424,395.5818868105569,392.0369154016521,394.20965576171875,49177800,0.0,0.0,0.0
2022-08-25 00:00:00-04:00,395.705788546093,399.8225690705073,394.60989399755806,399.7749328613281,50942300,0.0,0.0,0.0
2022-08-26 00:00:00-04:00,399.6605680087445,400.2037312847819,386.1857448401869,386.242919921875,103087000,0.0,0.0,0.0
2022-08-29 00:00:00-04:00,383.27926140804027,386.74800926201755,382.3263045463414,383.68902587890625,65370800,0.0,0.0,0.0
2022-08-30 00:00:00-04:00,384.851650106996,385.08988933213567,377.3709326212233,379.4769592285156,85652400,0.0,0.0,0.0
2022-08-31 00:00:00-04:00,381.115991650528,382.3643626848254,376.456048197128,376.5894470214844,76029700,0.0,0.0,0.0
2022-09-01 00:00:00-04:00,374.4072425757973,378.11422971671993,371.69130965116875,377.77117919921875,78740100,0.0,0.0,0.0
2022-09-02 00:00:00-04:00,381.4495307376448,382.66931422719347,371.96759934267,373.7877502441406,99632100,0.0,0.0,0.0
2022-09-06 00:00:00-04:00,374.6359138662064,375.57933179810465,370.1474954520454,372.3774108886719,76637400,0.0,0.0,0.0
2022-09-07 00:00:00-04:00,372.0629006724015,379.8390313205994,371.84373923012936,379.067138671875,70964200,0.0,0.0,0.0
2022-09-08 00:00:00-04:00,376.78958541975953,382.0022309523516,375.5793117281485,381.5448303222656,80821700,0.0,0.0,0.0
2022-09-09 00:00:00-04:00,383.79380074430213,388.33942315556953,383.52697401163135,387.47222900390625,76706900,0.0,0.0,0.0
2022-09-12 00:00:00-04:00,389.5496192839531,392.360853041876,389.24466617546017,391.6365966796875,69256300,0.0,0.0,0.0
2022-09-13 00:00:00-04:00,382.9266871071617,384.13696107355094,373.482909110584,374.6073913574219,122947100,0.0,0.0,0.0
2022-09-14 00:00:00-04:00,375.9128541322022,377.56147979584756,372.7204431710749,376.0367431640625,85023700,0.0,0.0,0.0
2022-09-15 00:00:00-04:00,374.4738802809369,377.33275056104594,370.4905280036488,371.7674865722656,87633800,0.0,0.0,0.0
2022-09-16 00:00:00-04:00,367.57259441105026,369.59157905276464,365.63011743148934,368.93133544921875,103084800,1.596,0.0,0.0
2022-09-19 00:00:00-04:00,365.7736284944843,371.7923278808594,365.69706243853807,371.7923278808594,73278500,0.0,0.0,0.0
2022-09-20 00:00:00-04:00,368.45291622543897,369.467197620889,364.75940646491324,367.5247497558594,77274900,0.0,0.0,0.0
2022-09-21 00:00:00-04:00,369.45753655215094,372.51953616832276,361.1040694041931,361.1136474609375,106746600,0.0,0.0,0.0
2022-09-22 00:00:00-04:00,360.3386469989625,361.9844671030688,357.33408575392417,358.0804443359375,89472600,0.0,0.0,0.0
2022-09-23 00:00:00-04:00,354.5973883012247,354.6356713333718,347.62181686473184,352.0808410644531,122346900,0.0,0.0,0.0
2022-09-26 00:00:00-04:00,350.6072445688274,354.24334411898207,347.37301464402196,348.5978088378906,92581200,0.0,0.0,0.0
2022-09-27 00:00:00-04:00,352.14778414446056,354.42514263246454,345.3061598238864,347.7079162597656,108294100,0.0,0.0,0.0
2022-09-28 00:00:00-04:00,348.6647772350154,356.24318175796077,346.96154744867806,354.5495300292969,110802200,0.0,0.0,0.0
2022-09-29 00:00:00-04:00,350.9900148225072,351.2770645774252,344.18667281835667,347.1434020996094,112952300,0.0,0.0,0.0
2022-09-30 00:00:00-04:00,346.19607091427036,350.1288276674464,341.64138277467254,341.77532958984375,153711200,0.0,0.0,0.0
2022-10-03 00:00:00-04:00,345.50708670190903,352.65491669915065,343.7177419885129,350.798583984375,89756500,0.0,0.0,0.0
2022-10-04 00:00:00-04:00,356.33886008011194,361.6973451071636,350.7603133467815,361.66864013671875,103602800,0.0,0.0,0.0
2022-10-05 00:00:00-04:00,357.2862230097623,363.0944101650707,354.9514544776004,360.8266296386719,88065700,0.0,0.0,0.0
2022-10-06 00:00:00-04:00,359.4200436718051,362.3863509600016,356.6068393173464,357.10443115234375,82333500,0.0,0.0,0.0
2022-10-07 00:00:00-04:00,353.05686066211473,357.19055234132986,345.3731840738835,347.1434020996094,107789500,0.0,0.0,0.0
2022-10-10 00:00:00-04:00,348.26293484494323,348.5021527143666,342.24423427525903,344.49285888671875,76042800,0.0,0.0,0.0
2022-10-11 00:00:00-04:00,342.78959291529037,347.37301498969447,340.3687094983833,342.3111572265625,92482800,0.0,0.0,0.0
2022-10-12 00:00:00-04:00,342.7226766824615,344.3015088110952,340.9333024551827,341.1820983886719,76991800,0.0,0.0,0.0
2022-10-13 00:00:00-04:00,334.1490155529715,351.65977770954976,333.096451291965,350.1861877441406,147254500,0.0,0.0,0.0
2022-10-14 00:00:00-04:00,352.6548893333673,354.2911602043447,341.5647549925979,342.20587158203125,123737000,0.0,0.0,0.0
2022-10-17 00:00:00-04:00,348.3107361814287,352.1095164641869,341.87098172888943,350.9995422363281,93168200,0.0,0.0,0.0
2022-10-18 00:00:00-04:00,358.9511733483431,359.2573792050148,351.6693668016211,355.1236877441406,97162900,0.0,0.0,0.0
2022-10-19 00:00:00-04:00,353.07600490663964,355.8126725772297,349.7843646155051,352.6071472167969,79746900,0.0,0.0,0.0
2022-10-20 00:00:00-04:00,352.15738908420826,356.5972865092172,348.8848759647924,349.650390625,88283100,0.0,0.0,0.0
2022-10-21 00:00:00-04:00,349.37284665803384,358.6353538939938,347.8610028428061,358.1473693847656,131038400,0.0,0.0,0.0
2022-10-24 00:00:00-04:00,359.6783882377217,363.6685254418361,357.01825783311693,362.52984619140625,85436900,0.0,0.0,0.0
2022-10-25 00:00:00-04:00,362.45331306063844,368.6346939112867,362.3384931688921,368.3189392089844,78846300,0.0,0.0,0.0
2022-10-26 00:00:00-04:00,365.16123313746095,370.8641781012246,364.9028883902584,365.5439758300781,104087300,0.0,0.0,0.0
2022-10-27 00:00:00-04:00,366.5487088981551,368.39546356431134,362.9699902522956,363.59197998046875,81971800,0.0,0.0,0.0
2022-10-28 00:00:00-04:00,363.4867286085135,372.7205316401089,363.30492070912123,372.2420959472656,100302000,0.0,0.0,0.0
2022-10-31 00:00:00-04:00,369.773405154798,371.6488650187867,368.64430385310885,369.5533142089844,96631300,0.0,0.0,0.0
2022-11-01 00:00:00-04:00,373.3138915785783,373.55310947315587,366.75931542687346,367.9362487792969,85407600,0.0,0.0,0.0
2022-11-02 00:00:00-04:00,367.3429092735215,371.868921318945,358.59712022761437,358.7023620605469,126990400,0.0,0.0,0.0
2022-11-03 00:00:00-04:00,355.44906385457017,358.0613336104434,352.88465519542365,355.0089111328125,87100100,0.0,0.0,0.0
2022-11-04 00:00:00-04:00,360.74055193717084,362.5298969522744,354.0424515033242,360.11859130859375,103505200,0.0,0.0,0.0
2022-11-07 00:00:00-05:00,361.41991204096684,364.1565796093266,359.3339392603805,363.5633239746094,68286900,0.0,0.0,0.0
2022-11-08 00:00:00-05:00,364.6732422704296,368.5103058976594,361.4294634355471,365.5248718261719,84641100,0.0,0.0,0.0
2022-11-09 00:00:00-05:00,363.5441665136991,364.7020020044285,357.4967318827505,357.99432373046875,78495500,0.0,0.0,0.0
2022-11-10 00:00:00-05:00,371.3138719539829,378.0024217596619,369.0078379693138,377.6675109863281,141455800,0.0,0.0,0.0
2022-11-11 00:00:00-05:00,378.52876801611916,382.1266139613815,376.6341520595696,381.3228454589844,93839900,0.0,0.0,0.0
2022-11-14 00:00:00-05:00,379.55263072845537,382.9208077010258,377.8015396320112,378.07904052734375,71903500,0.0,0.0,0.0
2022-11-15 00:00:00-05:00,383.8489618853264,384.9589362297327,377.4761947639268,381.3036804199219,93194500,0.0,0.0,0.0
2022-11-16 00:00:00-05:00,379.6674626387689,380.6243341136588,377.7632977481859,378.39483642578125,68508500,0.0,0.0,0.0
2022-11-17 00:00:00-05:00,373.6200265181567,377.9163992813692,373.3138498403958,377.23699951171875,74496300,0.0,0.0,0.0
2022-11-18 00:00:00-05:00,380.5860099351908,380.6529979395274,376.08873201022436,378.94976806640625,92922500,0.0,0.0,0.0
2022-11-21 00:00:00-05:00,377.61969946418736,378.74880057674284,375.7250837996834,377.57183837890625,51243200,0.0,0.0,0.0
2022-11-22 00:00:00-05:00,379.5239036198899,382.8155435335424,378.1077234519333,382.6528625488281,60429000,0.0,0.0,0.0
2022-11-23 00:00:00-05:00,382.31799378472664,385.5522241069887,382.08835397059227,385.0642395019531,68261600,0.0,0.0,0.0
2022-11-25 00:00:00-05:00,384.49959168124366,385.5330290650388,384.22212002199467,384.97802734375,30545400,0.0,0.0,0.0
2022-11-28 00:00:00-05:00,381.8777742301874,383.52359408000194,378.0694158378015,378.8349304199219,67881600,0.0,0.0,0.0
2022-11-29 00:00:00-05:00,378.96887743191024,380.16496659083106,376.33748128228444,378.18426513671875,52310000,0.0,0.0,0.0
2022-11-30 00:00:00-05:00,378.4330559976652,390.0973205566406,376.509764364217,390.0973205566406,144566700,0.0,0.0,0.0
2022-12-01 00:00:00-05:00,391.14030826651214,392.3172705907876,387.29369578444215,389.8102722167969,76398200,0.0,0.0,0.0
2022-12-02 00:00:00-05:00,384.9014803886444,390.26951436446797,384.7962385623238,389.3605041503906,85342700,0.0,0.0,0.0
2022-12-05 00:00:00-05:00,386.5282369465547,387.4659522860306,380.9975210901338,382.35626220703125,77289800,0.0,0.0,0.0
2022-12-06 00:00:00-05:00,382.19363351300757,382.73902808369684,374.7491742915764,376.8446960449219,77972200,0.0,0.0,0.0
2022-12-07 00:00:00-05:00,375.9930393761272,378.576603761954,375.0648729769194,376.20355224609375,65927900,0.0,0.0,0.0
2022-12-08 00:00:00-05:00,378.09819110581316,380.2224176484129,376.3088170014075,379.1507263183594,60737900,0.0,0.0,0.0
2022-12-09 00:00:00-05:00,377.9067999497378,380.4712083402084,376.19399193608393,376.3183898925781,81447700,0.0,0.0,0.0
2022-12-12 00:00:00-05:00,377.11255243392947,381.74383544921875,376.4427600120724,381.74383544921875,75405800,0.0,0.0,0.0
2022-12-13 00:00:00-05:00,392.5277640299923,392.7861087804528,381.8586543812398,384.6335754394531,123782500,0.0,0.0,0.0
2022-12-14 00:00:00-05:00,384.28908544733156,388.01132898247715,379.2176790178847,382.1744079589844,108111300,0.0,0.0,0.0
2022-12-15 00:00:00-05:00,377.2944096015872,378.20344918024006,371.16088916537103,372.8258361816406,117705900,0.0,0.0,0.0
2022-12-16 00:00:00-05:00,370.2601535058197,371.60591903070724,366.28053050111725,368.42413330078125,119858000,1.781,0.0,0.0
2022-12-19 00:00:00-05:00,368.6163952350112,368.9528439474984,363.6274261236804,365.3000183105469,79878100,0.0,0.0,0.0
2022-12-20 00:00:00-05:00,364.54070190091164,367.4244982092744,363.2141509053859,365.7999572753906,74427200,0.0,0.0,0.0
2022-12-21 00:00:00-05:00,368.4049801931655,372.403847947224,367.8666738931474,371.2695617675781,78167400,0.0,0.0,0.0
2022-12-22 00:00:00-05:00,368.2126968828108,371.25029904353386,360.2534206059007,365.97296142578125,100120900,0.0,0.0,0.0
2022-12-23 00:00:00-05:00,364.9443602601523,368.22227840834165,363.3871151892416,368.0780944824219,59857300,0.0,0.0,0.0
2022-12-27 00:00:00-05:00,367.9627597889249,368.30880122283816,364.94437260528684,366.6265869140625,51638200,0.0,0.0,0.0
2022-12-28 00:00:00-05:00,366.5593447324518,368.5395785675082,361.83955714194127,362.07025146484375,70911500,0.0,0.0,0.0
2022-12-29 00:00:00-05:00,364.92516683940227,369.46234043156596,364.3964532994833,368.58758544921875,66970900,0.0,0.0,0.0
2022-12-30 00:00:00-05:00,365.89608574575635,367.76091368309494,363.77166803325207,367.6167297363281,84022200,0.0,0.0,0.0
2023-01-03 00:00:00-05:00,369.481572187265,371.4617765380731,363.19488834099036,366.069091796875,74850700,0.0,0.0,0.0
2023-01-04 00:00:00-05:00,368.3376218305615,370.93304981286974,365.2808052899679,368.8951721191406,85934100,0.0,0.0,0.0
2023-01-05 00:00:00-05:00,366.9342330246392,367.04958018001776,364.08889562849737,364.68487548828125,76970500,0.0,0.0,0.0
2023-01-06 00:00:00-05:00,367.7897288196835,374.1725449520528,364.71369723961243,373.0478515625,104189600,0.0,0.0,0.0
2023-01-09 00:00:00-05:00,375.2492115932317,378.4502421621429,372.6538123234202,372.83642578125,73978100,0.0,0.0,0.0
2023-01-10 00:00:00-05:00,372.24998822129896,375.51828438119253,371.3079376645078,375.45098876953125,65358100,0.0,0.0,0.0
2023-01-11 00:00:00-05:00,377.0371345019458,380.2765941727516,376.22005305330094,380.1996765136719,68881100,0.0,0.0,0.0
2023-01-12 00:00:00-05:00,381.3051469866937,383.05462766402485,377.21976916675254,381.5838928222656,90157700,0.0,0.0,0.0
2023-01-13 00:00:00-05:00,378.3732900744213,383.6410351388549,378.1041369301359,383.06427001953125,63903900,0.0,0.0,0.0
2023-01-17 00:00:00-05:00,383.0449767054199,384.72719084603705,381.6799671808479,382.3624572753906,62677300,0.0,0.0,0.0
2023-01-18 00:00:00-05:00,383.55450959642553,384.6215000897915,376.1239176301297,376.3257751464844,99632300,0.0,0.0,0.0
2023-01-19 00:00:00-05:00,374.27823396002685,375.93161140895137,372.25960034785896,373.5861511230469,86958900,0.0,0.0,0.0
2023-01-20 00:00:00-05:00,374.98960301780386,380.69952130177495,373.3362255124201,380.54571533203125,91806400,0.0,0.0,0.0
2023-01-23 00:00:00-05:00,381.3532344202499,387.0535315568682,380.3919689603618,385.1117858886719,84178800,0.0,0.0,0.0
2023-01-24 00:00:00-05:00,383.42948708903174,385.6115486427706,382.2375275680186,384.6983642578125,59524900,0.0,0.0,0.0
2023-01-25 00:00:00-05:00,380.6130286416279,385.17903907302156,378.315590364586,384.84259033203125,84800300,0.0,0.0,0.0
2023-01-26 00:00:00-05:00,387.5148984088141,389.2355715689227,384.53497000924045,389.0721435546875,72287400,0.0,0.0,0.0
2023-01-27 00:00:00-05:00,388.02438001546454,392.35007414970727,387.8129004621486,389.96612548828125,68346200,0.0,0.0,0.0
2023-01-30 00:00:00-05:00,387.197722229523,389.4374872178155,384.7753437893362,385.0733337402344,74202000,0.0,0.0,0.0
2023-01-31 00:00:00-05:00,385.59242284079636,390.78325051393244,385.2463520169904,390.7351989746094,86811800,0.0,0.0,0.0
2023-02-01 00:00:00-05:00,389.51425697208833,397.64658154980566,386.765052627041,394.8877258300781,101459200,0.0,0.0,0.0
2023-02-02 00:00:00-05:00,398.79055744002517,402.1069348680651,396.8872706861001,400.6361999511719,101654500,0.0,0.0,0.0
2023-02-03 00:00:00-05:00,395.647206038585,400.81881836953994,395.16657335854075,396.3777770996094,94736800,0.0,0.0,0.0
2023-02-06 00:00:00-05:00,393.91692329199503,395.35882127051354,392.2923825560251,393.9553527832031,60295300,0.0,0.0,0.0
2023-02-07 00:00:00-05:00,393.0325836517656,400.3574213852453,391.78295035245776,399.1077880859375,90990700,0.0,0.0,0.0
2023-02-08 00:00:00-05:00,397.12750912194093,398.47327457670247,394.0514486520687,394.7435607910156,76227500,0.0,0.0,0.0
2023-02-09 00:00:00-05:00,398.35800306222177,398.51180904846075,390.0911146487058,391.321533203125,78694900,0.0,0.0,0.0
2023-02-10 00:00:00-05:00,390.13916034833926,392.6192415030363,389.3221082284389,392.2347412109375,70769700,0.0,0.0,0.0
2023-02-13 00:00:00-05:00,392.8883857479932,396.9737635969899,392.42696780662374,396.83917236328125,64913500,0.0,0.0,0.0
2023-02-14 00:00:00-05:00,395.31079060743565,398.9732095911578,392.68655472796934,396.6565856933594,88389300,0.0,0.0,0.0
2023-02-15 00:00:00-05:00,394.4552431906893,398.02152943385084,393.6093249869712,397.94464111328125,61555700,0.0,0.0,0.0
2023-02-16 00:00:00-05:00,392.9556477537095,396.9160560713669,392.3308311796985,392.46539306640625,76431500,0.0,0.0,0.0
2023-02-17 00:00:00-05:00,390.3313333408176,391.7251795742164,388.39918095801295,391.48486328125,89257800,0.0,0.0,0.0
2023-02-21 00:00:00-05:00,387.4476027187317,388.5050004519839,383.37184709473024,383.6313781738281,82655900,0.0,0.0,0.0
2023-02-22 00:00:00-05:00,384.0447434887899,385.59239604305503,381.6415799797693,383.10272216796875,83742300,0.0,0.0,0.0
2023-02-23 00:00:00-05:00,386.005727465885,386.6209513962091,380.9014105944118,385.1405944824219,96242400,0.0,0.0,0.0
2023-02-24 00:00:00-05:00,380.1035302143566,381.86263277047993,378.39247918807456,381.0263366699219,108194400,0.0,0.0,0.0
2023-02-27 00:00:00-05:00,384.381158691797,385.7461683533758,381.3820155880344,382.3240661621094,80444700,0.0,0.0,0.0
2023-02-28 00:00:00-05:00,381.8435004744053,383.81408299120295,380.8053173191746,380.91107177734375,96438600,0.0,0.0,0.0
2023-03-01 00:00:00-05:00,380.09398142412203,381.324400047159,378.1426137015987,379.4499206542969,99706800,0.0,0.0,0.0
2023-03-02 00:00:00-05:00,377.4696443451899,383.2468580842527,377.13319562899125,382.40093994140625,85127800,0.0,0.0,0.0
2023-03-03 00:00:00-05:00,384.22736466723944,388.7837823723887,383.5737112700418,388.5338439941406,90120000,0.0,0.0,0.0
2023-03-06 00:00:00-05:00,389.36046892275226,391.6675289386707,388.36077420704004,388.8029479980469,72795900,0.0,0.0,0.0
2023-03-07 00:00:00-05:00,388.75494500797566,388.9952613450141,382.22794508007405,382.8431396484375,108310600,0.0,0.0,0.0
2023-03-08 00:00:00-05:00,382.95848712046245,384.2273349889294,381.2281920235724,383.46795654296875,74746600,0.0,0.0,0.0
2023-03-09 00:00:00-05:00,384.2561789471598,385.9288005055939,375.4029338100162,376.3930358886719,111945300,0.0,0.0,0.0
2023-03-10 00:00:00-05:00,375.84516004328316,377.9311189281999,369.4335360708871,370.9619445800781,189253000,0.0,0.0,0.0
2023-03-13 00:00:00-04:00,367.0207168016272,375.2683898395796,365.9056454879313,370.4331970214844,157790000,0.0,0.0,0.0
2023-03-14 00:00:00-04:00,375.3741515115561,378.2098962725371,372.057774034171,376.5565185546875,149752400,0.0,0.0,0.0
2023-03-15 00:00:00-04:00,370.94274137008466,374.4032735477043,368.8471603783562,374.201416015625,172996900,0.0,0.0,0.0
2023-03-16 00:00:00-04:00,371.83671073825275,381.11291652174896,371.3272412199818,380.766845703125,143254200,0.0,0.0,0.0
2023-03-17 00:00:00-04:00,379.43135317104435,380.5699682371999,374.92509838056725,376.3146057128906,140553400,1.506,0.0,0.0
2023-03-20 00:00:00-04:00,377.09622742972954,380.3480800216105,376.39184439630725,379.9331359863281,93055800,0.0,0.0,0.0
2023-03-21 00:00:00-04:00,383.31036127614743,385.40428095041835,381.7085673503459,384.92181396484375,91524200,0.0,0.0,0.0
2023-03-22 00:00:00-04:00,384.7481478831017,388.376279731483,378.3216838515816,378.3602600097656,111746600,0.0,0.0,0.0
2023-03-23 00:00:00-04:00,381.23577448444496,385.28850910550153,376.6619967001418,379.38311767578125,119351300,0.0,0.0,0.0
2023-03-24 00:00:00-04:00,378.09975447868356,381.9594906772583,375.745313041757,381.8726501464844,107682400,0.0,0.0,0.0
2023-03-27 00:00:00-04:00,384.15954768698845,384.9315126123636,381.6893188206897,382.5867004394531,74010400,0.0,0.0,0.0
2023-03-28 00:00:00-04:00,381.89189703603546,382.5866506547417,379.88484738613244,381.7278747558594,62871700,0.0,0.0,0.0
2023-03-29 00:00:00-04:00,385.9060259569887,387.5174786036879,384.6998585244868,387.2762451171875,77497900,0.0,0.0,0.0
2023-03-30 00:00:00-04:00,389.92019324080144,390.1710855147399,387.67190988130295,389.54388427734375,69840000,0.0,0.0,0.0
2023-03-31 00:00:00-04:00,390.4702744892863,395.33355107247746,390.3641164152667,395.034423828125,112062600,0.0,0.0,0.0
2023-04-03 00:00:00-04:00,394.5132446662317,396.9448675779732,394.11761821973766,396.53961181640625,67391100,0.0,0.0,0.0
2023-04-04 00:00:00-04:00,397.18607582921373,397.4755736593886,392.95966075668593,394.33953857421875,66601500,0.0,0.0,0.0
2023-04-05 00:00:00-04:00,393.60628664996426,394.36859286211103,391.64747153327284,393.3071594238281,65200200,0.0,0.0,0.0
2023-04-06 00:00:00-04:00,392.50621625119436,395.12120875106916,391.45444166145506,394.84136962890625,63743300,0.0,0.0,0.0
2023-04-10 00:00:00-04:00,392.3518104686767,395.32382376153726,391.73426800425153,395.2466125488281,63681000,0.0,0.0,0.0
2023-04-11 00:00:00-04:00,395.87385583944314,396.76157868174016,394.5808477361319,395.352783203125,59297900,0.0,0.0,0.0
2023-04-12 00:00:00-04:00,397.42738819941474,397.7168860870642,393.15273736359126,393.7413330078125,86420400,0.0,0.0,0.0
2023-04-13 00:00:00-04:00,394.83170763787456,399.3283038460065,393.68343376221134,398.9712829589844,85814800,0.0,0.0,0.0
2023-04-14 00:00:00-04:00,398.3344063770291,400.5344547422886,395.6808378490979,397.9966735839844,78161500,0.0,0.0,0.0
2023-04-17 00:00:00-04:00,397.90982075343015,399.444062248447,396.67470643651706,399.4247741699219,66436400,0.0,0.0,0.0
2023-04-18 00:00:00-04:00,401.0072575989454,401.14236249332856,398.30545418576855,399.685302734375,63560000,0.0,0.0,0.0
2023-04-19 00:00:00-04:00,397.7651419121651,400.5248393452402,397.70724822108326,399.6178283691406,55227300,0.0,0.0,0.0
2023-04-20 00:00:00-04:00,396.79049299637126,399.1931986267538,395.88345270091645,397.43701171875,75840400,0.0,0.0,0.0
2023-04-21 00:00:00-04:00,397.7361298114724,398.2089380268862,395.7869738207864,397.74578857421875,73457400,0.0,0.0,0.0
2023-04-24 00:00:00-04:00,397.54316416601694,398.58530941572457,396.2019211683217,398.1607360839844,64332100,0.0,0.0,0.0
2023-04-25 00:00:00-04:00,396.18262700309856,396.7423052676906,391.78252989419235,391.8404235839844,97766700,0.0,0.0,0.0
2023-04-26 00:00:00-04:00,392.4580155035605,393.53873703125976,389.6211067696234,390.1807556152344,80447000,0.0,0.0,0.0
2023-04-27 00:00:00-04:00,392.7281590569557,398.2186361671352,392.47726678031995,397.9484558105469,92968400,0.0,0.0,0.0
2023-04-28 00:00:00-04:00,397.0606918017015,401.3546599841194,397.00279811610284,401.3450012207031,89433100,0.0,0.0,0.0
2023-05-01 00:00:00-04:00,400.9010916640462,402.97569367535664,400.7080931035981,400.939697265625,62122300,0.0,0.0,0.0
2023-05-02 00:00:00-04:00,400.2256551428924,400.2739195102237,393.5193816694739,396.4334716796875,103998500,0.0,0.0,0.0
2023-05-03 00:00:00-04:00,396.9352479486394,399.3572417840884,393.4711383189741,393.7123718261719,91531800,0.0,0.0,0.0
2023-05-04 00:00:00-04:00,392.66063673727115,392.9887108063429,389.58249452022886,390.92376708984375,94901900,0.0,0.0,0.0
2023-05-05 00:00:00-04:00,394.5711802912855,399.21251064978856,394.3106587025835,398.1607360839844,87891800,0.0,0.0,0.0
2023-05-08 00:00:00-04:00,398.4887911219587,398.74931269823855,396.8580503226791,398.266845703125,50046800,0.0,0.0,0.0
2023-05-09 00:00:00-04:00,396.71335381997807,397.63968229335507,396.2887804681279,396.5203552246094,49220100,0.0,0.0,0.0
2023-05-10 00:00:00-04:00,399.3668972208996,400.0037572082906,394.5325683537426,398.3730163574219,96142900,0.0,0.0,0.0
2023-05-11 00:00:00-04:00,397.5045721216341,397.9677215941515,395.593992205154,397.6782531738281,70157100,0.0,0.0,0.0
2023-05-12 00:00:00-04:00,398.9230111667802,399.13529781612647,394.72554254638004,397.15716552734375,70481500,0.0,0.0,0.0
2023-05-15 00:00:00-04:00,397.765190049789,398.9327522245076,395.84498035246867,398.5274963378906,54289400,0.0,0.0,0.0
2023-05-16 00:00:00-04:00,397.417726473918,398.34408437055214,395.8545380135922,395.86419677734375,57705500,0.0,0.0,0.0
2023-05-17 00:00:00-04:00,397.8905410307854,401.2774393485742,396.24051213507045,400.6695556640625,87287000,0.0,0.0,0.0
2023-05-18 00:00:00-04:00,400.3510859057206,404.95383964691223,400.12916994583713,404.5292663574219,97177200,0.0,0.0,0.0
2023-05-19 00:00:00-04:00,405.43636985479037,405.9670718257059,402.715248651571,403.9407043457031,103793300,0.0,0.0,0.0
2023-05-22 00:00:00-04:00,403.960032617736,405.6486673214078,402.7152593623141,404.1047668457031,60745400,0.0,0.0,0.0
2023-05-23 00:00:00-04:00,402.45466229795704,404.0371682026997,399.1738925667831,399.56951904296875,86383500,0.0,0.0,0.0
2023-05-24 00:00:00-04:00,397.9580918408348,398.3440595499911,395.50715124414705,396.6747131347656,89213700,0.0,0.0,0.0
2023-05-25 00:00:00-04:00,400.196795377138,401.56701487984543,397.9485116778364,400.1099548339844,90961600,0.0,0.0,0.0
2023-05-26 00:00:00-04:00,400.76602216064424,406.0152654358038,400.6888403981192,405.29156494140625,93830000,0.0,0.0,0.0
2023-05-30 00:00:00-04:00,407.2311484286882,407.7618504195425,404.056506905659,405.4460144042969,72216000,0.0,0.0,0.0
2023-05-31 00:00:00-04:00,403.6126074392259,404.5196477889496,401.6248456806696,403.19769287109375,110811800,0.0,0.0,0.0
2023-06-01 00:00:00-04:00,403.4292584266687,408.0899062054044,402.17485598730195,407.0284729003906,88865000,0.0,0.0,0.0
2023-06-02 00:00:00-04:00,409.6145242472178,413.70583539601955,409.08382227275683,412.91461181640625,91426200,0.0,0.0,0.0
2023-06-05 00:00:00-04:00,413.26193659754,414.5549446371605,411.41890910486813,412.1233215332031,65460200,0.0,0.0,0.0
2023-06-06 00:00:00-04:00,411.70842525853584,413.55142338559835,411.0522477225799,413.0207214355469,64022200,0.0,0.0,0.0
2023-06-07 00:00:00-04:00,413.416299093552,414.5549140739441,411.16798652558714,411.5925598144531,85373300,0.0,0.0,0.0
2023-06-08 00:00:00-04:00,411.6601594331947,414.53567350141725,410.888223972674,414.0821533203125,61952800,0.0,0.0,0.0
2023-06-09 00:00:00-04:00,414.88302796344124,416.84184286960624,413.8312534027369,414.82513427734375,85742800,0.0,0.0,0.0
2023-06-12 00:00:00-04:00,415.8093632644941,418.6655595975771,415.08566278011017,418.5883483886719,76104300,0.0,0.0,0.0
2023-06-13 00:00:00-04:00,420.05507547125325,421.9945727847897,419.38926865621204,421.34808349609375,95899700,0.0,0.0,0.0
2023-06-14 00:00:00-04:00,421.68586172628517,423.6639648582249,418.38577413752927,421.8498840332031,100612100,0.0,0.0,0.0
2023-06-15 00:00:00-04:00,421.0296483104209,428.33420591477267,420.9331784663069,427.0798034667969,110303100,0.0,0.0,0.0
2023-06-16 00:00:00-04:00,429.0730147226843,429.64443703691825,425.15052699072436,425.6250915527344,114165800,1.638,0.0,0.0
2023-06-20 00:00:00-04:00,423.67838900347647,424.56940938616935,421.3345614533151,423.4168701171875,76160400,0.0,0.0,0.0
2023-06-21 00:00:00-04:00,422.4289996662733,423.2328569537705,420.6565943972341,421.2474060058594,76982300,0.0,0.0,0.0
2023-06-22 00:00:00-04:00,420.2885397836048,422.874467164617,419.9495524578209,422.7679443359375,70637200,0.0,0.0,0.0
2023-06-23 00:00:00-04:00,419.3006239174076,421.3635726421897,418.85511377171673,419.5718078613281,92074500,0.0,0.0,0.0
2023-06-26 00:00:00-04:00,419.00041906375236,420.92776119205604,417.6154448665978,417.8575744628906,72823600,0.0,0.0,0.0
2023-06-27 00:00:00-04:00,418.7388519947337,423.05843491468534,418.28364725594565,422.4385986328125,72813700,0.0,0.0,0.0
2023-06-28 00:00:00-04:00,421.35392323417744,423.6686964256791,420.73408682017543,422.6517639160156,75636000,0.0,0.0,0.0
2023-06-29 00:00:00-04:00,422.23528771625286,424.48225757414235,421.8285265262779,424.3175964355469,67882300,0.0,0.0,0.0
2023-06-30 00:00:00-04:00,427.5427284266672,430.3126766273395,427.2231008300768,429.3247985839844,104964000,0.0,0.0,0.0
2023-07-03 00:00:00-04:00,428.97621080462665,430.0996662121284,428.69533217433224,429.8188171386719,32793400,0.0,0.0,0.0
2023-07-05 00:00:00-04:00,427.99794136005,429.9156183055728,427.98824671850423,429.1795349121094,58418400,0.0,0.0,0.0
2023-07-06 00:00:00-04:00,425.5863821733005,426.2449676130774,423.30066330541297,425.8188171386719,80658300,0.0,0.0,0.0
2023-07-07 00:00:00-04:00,424.82121139924607,428.7049794666193,424.5015837898049,424.74371337890625,86134200,0.0,0.0,0.0
2023-07-10 00:00:00-04:00,424.3853992195954,425.99314336270044,423.8139768918328,425.8188171386719,62443500,0.0,0.0,0.0
2023-07-11 00:00:00-04:00,426.5839377782571,429.02459348677553,425.60572474369303,428.5306396484375,64463800,0.0,0.0,0.0
2023-07-12 00:00:00-04:00,432.3368922188444,433.39257360460454,430.9034745139641,431.978515625,91924500,0.0,0.0,0.0
2023-07-13 00:00:00-04:00,433.79939089874614,436.20132720138423,433.36357534737226,435.4071350097656,72425200,0.0,0.0,0.0
2023-07-14 00:00:00-04:00,436.29812854245495,437.15039980722537,434.37075705279267,435.1358947753906,69815800,0.0,0.0,0.0
2023-07-17 00:00:00-04:00,434.99063152335657,437.70247095755104,434.9421878739544,436.64678955078125,52680200,0.0,0.0,0.0
2023-07-18 00:00:00-04:00,436.3175222997564,440.5402481729128,435.88167721390397,439.891357421875,80668200,0.0,0.0,0.0
2023-07-19 00:00:00-04:00,440.6855775235812,442.0608571337114,439.8138872965887,440.8695983886719,65891700,0.0,0.0,0.0
2023-07-20 00:00:00-04:00,439.87198216766114,440.7726971193373,437.2279164909502,437.9446105957031,70591600,0.0,0.0,0.0
2023-07-21 00:00:00-04:00,439.66857203779847,439.87198216766114,437.9349455110671,437.9446105957031,71275600,0.0,0.0,0.0
2023-07-24 00:00:00-04:00,439.09717520084894,440.7146139077843,438.0608534359134,439.90106201171875,54023400,0.0,0.0,0.0
2023-07-25 00:00:00-04:00,439.6299133591932,442.36111295935297,439.58146970198135,441.10205078125,55191200,0.0,0.0,0.0
2023-07-26 00:00:00-04:00,440.16253245222157,442.60318803571505,439.10685100534744,441.1697998046875,71052900,0.0,0.0,0.0
2023-07-27 00:00:00-04:00,444.5693278546494,444.97611860827,437.3344938577742,438.2449035644531,92194400,0.0,0.0,0.0
2023-07-28 00:00:00-04:00,441.5281635177411,443.3683425271831,438.2448720243851,442.5354309082031,80011800,0.0,0.0,0.0
2023-07-31 00:00:00-04:00,443.0100405246931,443.7364293831208,441.69284002518833,443.3780822753906,62040400,0.0,0.0,0.0
2023-08-01 00:00:00-04:00,441.9059038088372,442.8550625330218,441.1504605979434,442.10931396484375,55291500,0.0,0.0,0.0
2023-08-02 00:00:00-04:00,438.9809399885829,439.2424293013425,435.2037243534402,435.95916748046875,93933400,0.0,0.0,0.0
2023-08-03 00:00:00-04:00,433.9350054287447,436.5984311098676,433.28608507597204,434.7098083496094,64276100,0.0,0.0,0.0
2023-08-04 00:00:00-04:00,436.53059316769526,438.6419560832141,432.2206746748888,432.7436828613281,100128900,0.0,0.0,0.0
2023-08-07 00:00:00-04:00,434.5839285729898,436.6759320832471,433.8865940695707,436.5209655761719,58357500,0.0,0.0,0.0
2023-08-08 00:00:00-04:00,433.9736993143693,436.5112422778829,431.2521650523819,434.62261962890625,71361300,0.0,0.0,0.0
2023-08-09 00:00:00-04:00,434.89377992203646,435.0584410413958,430.9519032671321,431.717041015625,78789600,0.0,0.0,0.0
2023-08-10 00:00:00-04:00,434.0802298731548,437.47973864760297,430.7001103815545,431.87200927734375,93005500,0.0,0.0,0.0
2023-08-11 00:00:00-04:00,429.9931049607352,432.6371707700478,429.39262829617013,431.6202087402344,68690900,0.0,0.0,0.0
2023-08-14 00:00:00-04:00,430.7001249960908,434.00274658203125,430.3901920283433,434.00274658203125,47867400,0.0,0.0,0.0
2023-08-15 00:00:00-04:00,432.22064953392635,432.579026131367,428.37563071458953,428.94708251953125,75707500,0.0,0.0,0.0
2023-08-16 00:00:00-04:00,428.5306685820661,430.19652151183254,425.6929165942221,425.7994689941406,80107200,0.0,0.0,0.0
2023-08-17 00:00:00-04:00,427.2715810031936,427.5330703308015,422.0318929109953,422.5549011230469,95711300,0.0,0.0,0.0
2023-08-18 00:00:00-04:00,419.7267727251213,423.79456142513646,419.3781203229198,422.75823974609375,98852000,0.0,0.0,0.0
2023-08-21 00:00:00-04:00,423.77519396809026,426.2545985897725,421.6154169550539,425.50885009765625,68719000,0.0,0.0,0.0
2023-08-22 00:00:00-04:00,427.29093275792906,427.29093275792906,423.79459558552884,424.3563232421875,64994200,0.0,0.0,0.0
2023-08-23 00:00:00-04:00,425.42170429201707,429.7025685957629,425.27643244437724,429.08270263671875,68441000,0.0,0.0,0.0
2023-08-24 00:00:00-04:00,430.69047958543786,431.2037931908301,423.10696343469795,423.13604736328125,88517300,0.0,0.0,0.0
2023-08-25 00:00:00-04:00,424.8696216104319,427.40713495192443,421.30548118508113,426.1190185546875,102325100,0.0,0.0,0.0
2023-08-28 00:00:00-04:00,428.31757952912716,429.44106445082383,426.1190533411667,428.82122802734375,61595400,0.0,0.0,0.0
2023-08-29 00:00:00-04:00,428.71462023709375,435.300562421232,428.5305993952666,435.0196838378906,83081900,0.0,0.0,0.0
2023-08-30 00:00:00-04:00,435.35871532032854,437.4507186105633,434.65168624806546,436.8114929199219,69053900,0.0,0.0,0.0
2023-08-31 00:00:00-04:00,437.4313338384164,438.5741784682446,435.98825086612203,436.1722717285156,66084600,0.0,0.0,0.0
2023-09-01 00:00:00-04:00,438.9034863550366,439.38774554402755,435.523337117232,436.9858093261719,58944100,0.0,0.0,0.0
2023-09-05 00:00:00-04:00,436.5402497697778,436.8598477933536,435.02936363557404,435.0971374511719,55166200,0.0,0.0,0.0
2023-09-06 00:00:00-04:00,434.2836346985003,434.39018708961373,429.838138891174,432.1722717285156,70758500,0.0,0.0,0.0
2023-09-07 00:00:00-04:00,429.1601255075583,431.52331250087747,428.81147311026496,430.8453674316406,70355400,0.0,0.0,0.0
2023-09-08 00:00:00-04:00,430.8938470281792,433.03426449961563,430.53549993531846,431.49432373046875,61659700,0.0,0.0,0.0
2023-09-11 00:00:00-04:00,434.12865163508343,434.64196517344953,432.41438481227607,434.3320617675781,60180100,0.0,0.0,0.0
2023-09-12 00:00:00-04:00,432.8793228968955,434.4095690069945,431.36843651488084,431.94952392578125,67565400,0.0,0.0,0.0
2023-09-13 00:00:00-04:00,432.17227690873267,433.6153598507793,431.06815175751416,432.4531555175781,60199300,0.0,0.0,0.0
2023-09-14 00:00:00-04:00,434.9325783074241,436.87928025242013,433.6250725159966,436.18194580078125,83430800,0.0,0.0,0.0
2023-09-15 00:00:00-04:00,434.5908789178783,434.9213331435618,430.48931345860746,430.9266662597656,111848900,1.583,0.0,0.0
2023-09-18 00:00:00-04:00,430.6156436055034,432.48177122246517,430.13940510883424,431.17938232421875,55752200,0.0,0.0,0.0
2023-09-19 00:00:00-04:00,430.2559993985934,430.84889492531386,427.59290809982576,430.28515625,66514600,0.0,0.0,0.0
2023-09-20 00:00:00-04:00,431.54872168026867,431.9666464690887,426.1253096194747,426.3294372558594,82562600,0.0,0.0,0.0
2023-09-21 00:00:00-04:00,423.471964690838,423.7343763843457,419.1274153539834,419.2829284667969,104095800,0.0,0.0,0.0
2023-09-22 00:00:00-04:00,420.3131138681717,421.9167999657982,417.9221334858743,418.340087890625,100829700,0.0,0.0,0.0
2023-09-25 00:00:00-04:00,417.1252472895092,420.1382212681615,416.6878647901077,420.099365234375,70874500,0.0,0.0,0.0
2023-09-26 00:00:00-04:00,417.04745332495224,417.7569763279254,413.09167201085535,413.92755126953125,96168400,0.0,0.0,0.0
2023-09-27 00:00:00-04:00,415.1035938461481,415.66733259102807,410.4383190788538,414.0927734375,104705800,0.0,0.0,0.0
2023-09-28 00:00:00-04:00,413.5388089482658,418.1749270371919,412.9459133257919,416.49346923828125,92258300,0.0,0.0,0.0
2023-09-29 00:00:00-04:00,419.55501324398796,419.729954349745,413.9566605710454,415.48260498046875,115111300,0.0,0.0,0.0
2023-10-02 00:00:00-04:00,414.6467760157312,416.5712173953041,412.54739350922256,415.3174133300781,83798600,0.0,0.0,0.0
2023-10-03 00:00:00-04:00,413.13054906663035,415.37571578475433,408.3875031242602,409.7579345703125,103760600,0.0,0.0,0.0
2023-10-04 00:00:00-04:00,410.22451380445284,413.49020038088855,408.7568828162418,412.7418212890625,87453000,0.0,0.0,0.0
2023-10-05 00:00:00-04:00,412.4501575928168,413.4318210422045,409.34971346962845,412.58624267578125,70142700,0.0,0.0,0.0
2023-10-06 00:00:00-04:00,410.12728008196234,419.0302053529861,408.795734309722,417.4848327636719,113273300,0.0,0.0,0.0
2023-10-09 00:00:00-04:00,415.57985026561204,420.7311222733579,415.0258699966629,420.1576843261719,80374400,0.0,0.0,0.0
2023-10-10 00:00:00-04:00,420.7894722973004,424.94935222897095,420.3909754532895,422.3445739746094,78607300,0.0,0.0,0.0
2023-10-11 00:00:00-04:00,423.4136764375653,424.3272678309944,421.02269555303803,424.0745849609375,62451700,0.0,0.0,0.0
2023-10-12 00:00:00-04:00,424.6869316770152,425.0659708332355,419.1274633173755,421.4892578125,81154200,0.0,0.0,0.0
2023-10-13 00:00:00-04:00,422.9957010478843,424.2009202698343,417.8153020428582,419.38983154296875,95143100,0.0,0.0,0.0
2023-10-16 00:00:00-04:00,421.64470254373396,424.8715327429623,421.4017188780287,423.8023986816406,75433200,0.0,0.0,0.0
2023-10-17 00:00:00-04:00,420.66305688946227,425.84348547229143,420.313174633327,423.782958984375,75324700,0.0,0.0,0.0
2023-10-18 00:00:00-04:00,422.0043276099341,422.9665334664685,417.04745473303933,418.1360168457031,93559800,0.0,0.0,0.0
2023-10-19 00:00:00-04:00,418.85526089082725,420.6727739909263,413.78176069076767,414.46209716796875,121323000,0.0,0.0,0.0
2023-10-20 00:00:00-04:00,414.024777439766,414.56905852945084,409.26227341338165,409.36920166015625,123919900,0.0,0.0,0.0
2023-10-23 00:00:00-04:00,407.83351751664156,412.5377077081286,406.0743180295289,408.65966796875,92035100,0.0,0.0,0.0
2023-10-24 00:00:00-04:00,410.7881854768129,412.89729677768196,408.931786683621,411.7406921386719,78564200,0.0,0.0,0.0
2023-10-25 00:00:00-04:00,410.0495212857847,410.0786781386675,405.31617465313394,405.831298828125,94223200,0.0,0.0,0.0
2023-10-26 00:00:00-04:00,404.76218742791497,405.61746498467414,400.04829855300767,400.97161865234375,115156800,0.0,0.0,0.0
2023-10-27 00:00:00-04:00,402.56564465095477,402.9641414460812,397.7253990601317,399.1541442871094,107367700,0.0,0.0,0.0
2023-10-30 00:00:00-04:00,401.9532739816695,404.98570521187486,400.6508851667013,403.9263000488281,86562700,0.0,0.0,0.0
2023-10-31 00:00:00-04:00,404.4997467967024,406.7837991071731,402.58503439104294,406.46307373046875,79665200,0.0,0.0,0.0
2023-11-01 00:00:00-04:00,407.4350269329694,411.6143341639396,406.9004450659712,410.79791259765625,98068100,0.0,0.0,0.0
2023-11-02 00:00:00-04:00,414.6078535256142,418.8260758413125,414.5884255113766,418.6705627441406,94938900,0.0,0.0,0.0
2023-11-03 00:00:00-04:00,420.9838084956757,424.04539685609643,420.8574522394109,422.49029541015625,100167800,0.0,0.0,0.0
2023-11-06 00:00:00-05:00,423.2483924241886,423.909300881896,421.5086210577569,423.46221923828125,67831700,0.0,0.0,0.0
2023-11-07 00:00:00-05:00,423.4621994716184,425.30886932835017,422.3153237318798,424.6673889160156,64256100,0.0,0.0,0.0
2023-11-08 00:00:00-05:00,425.2700536787348,425.79490676819387,422.66527557135345,424.9784851074219,61746000,0.0,0.0,0.0
2023-11-09 00:00:00-05:00,426.1253308443145,426.1642165380997,421.23650040437826,421.6641540527344,83174400,0.0,0.0,0.0
2023-11-10 00:00:00-05:00,423.7441380058594,428.55519739226753,421.6544544903988,428.2441711425781,89462200,0.0,0.0,0.0
2023-11-13 00:00:00-05:00,426.90291894514576,428.9439582296362,426.11565415573483,427.8359680175781,52236100,0.0,0.0,0.0
2023-11-14 00:00:00-05:00,433.7938644872594,437.4288904558255,433.5703088478159,436.13623046875,97176900,0.0,0.0,0.0
2023-11-15 00:00:00-05:00,437.47749509718125,438.71187109713105,436.20426306686005,437.0595703125,77327600,0.0,0.0,0.0
2023-11-16 00:00:00-05:00,436.6124527945321,437.91484157114996,435.5433188253415,437.5941162109375,66665800,0.0,0.0,0.0
2023-11-17 00:00:00-05:00,437.60387636232514,438.7507818678595,436.6805561802118,438.1384582519531,83133200,0.0,0.0,0.0
2023-11-20 00:00:00-05:00,437.8857204098918,442.35662577021293,437.8759915717595,441.51104736328125,69936200,0.0,0.0,0.0
2023-11-21 00:00:00-05:00,440.46129653882275,441.38464623474823,439.2755351898342,440.54876708984375,49244600,0.0,0.0,0.0
2023-11-22 00:00:00-05:00,442.2108387941116,443.57154137515226,441.15143358240533,442.24969482421875,59394900,0.0,0.0,0.0
2023-11-24 00:00:00-05:00,442.29829408913685,442.71621885655264,441.96783987808084,442.5218200683594,29737400,0.0,0.0,0.0
2023-11-27 00:00:00-05:00,441.89009631858715,442.70651789043535,441.33608643233896,441.7248840332031,50506000,0.0,0.0,0.0
2023-11-28 00:00:00-05:00,441.3360505846412,443.4645897337832,440.77234156692367,442.1622009277344,62115000,0.0,0.0,0.0
2023-11-29 00:00:00-05:00,444.3199186012006,445.4570951907533,441.45272918496346,441.8511962890625,63146000,0.0,0.0,0.0
2023-11-30 00:00:00-05:00,442.69680962338475,443.9408848017652,440.6168552136203,443.5909729003906,79752700,0.0,0.0,0.0
2023-12-01 00:00:00-05:00,442.9785903287095,446.74970105317016,442.3857245023722,446.21514892578125,89183400,0.0,0.0,0.0
2023-12-04 00:00:00-05:00,442.81342805335595,446.2346273092226,441.5887809150275,443.8728332519531,72430900,0.0,0.0,0.0
2023-12-05 00:00:00-05:00,442.482980993305,444.74757569096187,442.1039122401313,443.7853698730469,69793500,0.0,0.0,0.0
2023-12-06 00:00:00-05:00,445.93342509881046,445.96258195779745,441.5597182841756,441.9971008300781,69124700,0.0,0.0,0.0
2023-12-07 00:00:00-05:00,444.0866984690036,446.0208390789402,443.48410368567227,445.3696594238281,66995400,0.0,0.0,0.0
2023-12-08 00:00:00-05:00,444.6212111977086,447.81888446185815,444.3782275382068,447.2843322753906,83194400,0.0,0.0,0.0
2023-12-11 00:00:00-05:00,446.78867090966605,449.1990796776143,446.5748440862102,449.02410888671875,65002200,0.0,0.0,0.0
2023-12-12 00:00:00-05:00,448.6742406500045,451.17212006092257,447.67314905005793,451.0749206542969,68327600,0.0,0.0,0.0
2023-12-13 00:00:00-05:00,451.45392076971996,457.54797007152996,451.0943096912645,457.2952575683594,93278000,0.0,0.0,0.0
2023-12-14 00:00:00-05:00,459.2390863502423,460.4345765546065,456.08029898381204,458.7628479003906,119026000,0.0,0.0,0.0
2023-12-15 00:00:00-05:00,458.1636509343483,459.3444814019504,456.15335034862125,458.00750732421875,141553700,1.906,0.0,0.0
2023-12-18 00:00:00-05:00,459.61772484302196,461.5694752957874,458.5540244200266,460.5838317871094,70375300,0.0,0.0,0.0
2023-12-19 00:00:00-05:00,461.1303738984737,463.46273025955963,461.05231697495356,463.3846435546875,55761800,0.0,0.0,0.0
2023-12-20 00:00:00-05:00,462.52588115351864,464.4190817502539,456.5340218793302,456.9634094238281,102921000,0.0,0.0,0.0
2023-12-21 00:00:00-05:00,459.9592904756651,461.5695085402511,457.5293705169891,461.2962646484375,86667500,0.0,0.0,0.0
2023-12-22 00:00:00-05:00,462.4282531099421,463.9116026187795,460.3203886798005,462.22332763671875,67160400,0.0,0.0,0.0
2023-12-26 00:00:00-05:00,462.6332094792943,465.0826362249441,462.5551227779302,464.1750793457031,55387000,0.0,0.0,0.0
2023-12-27 00:00:00-05:00,463.9701495554804,465.16071859872636,463.4334300593357,465.01434326171875,68000300,0.0,0.0,0.0
2023-12-28 00:00:00-05:00,465.3753906024884,466.02921033768064,464.77035271690187,465.1899719238281,77158100,0.0,0.0,0.0
2023-12-29 00:00:00-05:00,464.9947873638026,465.5217683364712,461.8817429403466,463.84326171875,122283100,0.0,0.0,0.0
2024-01-02 00:00:00-05:00,460.7692671751978,462.2428483505155,459.13954238423355,461.2474365234375,123623700,0.0,0.0,0.0
2024-01-03 00:00:00-05:00,459.0809802037512,459.8226549132717,456.87552242132506,457.4805603027344,103585900,0.0,0.0,0.0
2024-01-04 00:00:00-05:00,457.0023399812352,459.5981715627642,455.7824959926227,456.0069580078125,84232200,0.0,0.0,0.0
2024-01-05 00:00:00-05:00,456.21194277640495,459.0907868763805,455.17751732207205,456.631591796875,86118900,0.0,0.0,0.0
2024-01-08 00:00:00-05:00,457.129197224631,463.2967354261687,457.00232868793483,463.1503601074219,74879100,0.0,0.0,0.0
2024-01-09 00:00:00-05:00,460.4862959607646,463.4724721448551,459.97885150079935,462.44781494140625,65931400,0.0,0.0,0.0
2024-01-10 00:00:00-05:00,462.7210764175107,465.93171477496674,462.43806421690306,465.06317138671875,67310600,0.0,0.0,0.0
2024-01-11 00:00:00-05:00,466.0682606035861,466.5854732987493,460.866858585486,464.8581848144531,77940700,0.0,0.0,0.0
2024-01-12 00:00:00-05:00,466.31222516082903,467.053899879707,463.76520505733885,465.1802062988281,58026400,0.0,0.0,0.0
2024-01-16 00:00:00-05:00,463.79449814902443,465.1119059605971,461.64756060638337,463.4724426269531,85014900,0.0,0.0,0.0
2024-01-17 00:00:00-05:00,460.43745561724756,461.3840557763614,458.53448701674256,460.8961181640625,68843900,0.0,0.0,0.0
2024-01-18 00:00:00-05:00,462.5746603285912,465.5510680800572,461.02302217587135,464.99481201171875,91856200,0.0,0.0,0.0
2024-01-19 00:00:00-05:00,466.12682126184484,471.07451607606174,465.04361399672933,470.79150390625,110834500,0.0,0.0,0.0
2024-01-22 00:00:00-05:00,472.33341405568575,473.51421483133913,471.1330767139442,471.78692626953125,75844900,0.0,0.0,0.0
2024-01-23 00:00:00-05:00,472.333402154428,473.4068411336017,471.2404266096584,473.1628723144531,49945300,0.0,0.0,0.0
2024-01-24 00:00:00-05:00,476.0417469073494,476.97857889434994,473.1824393105692,473.6801452636719,81765000,0.0,0.0,0.0
2024-01-25 00:00:00-05:00,475.817252905647,476.529652576822,473.6801134548218,476.25640869140625,72525000,0.0,0.0,0.0
2024-01-26 00:00:00-05:00,475.8270481167824,477.32013617897184,474.80239093382255,475.6513977050781,76641600,0.0,0.0,0.0
2024-01-29 00:00:00-05:00,475.9636663212125,479.564648526909,475.4171785408518,479.4182434082031,61322800,0.0,0.0,0.0
2024-01-30 00:00:00-05:00,478.72539929766515,479.75982476451486,478.2862434868122,479.0474548339844,58618400,0.0,0.0,0.0
2024-01-31 00:00:00-05:00,476.8321972165028,477.2810915278646,471.21114580645406,471.2306823730469,126011100,0.0,0.0,0.0
2024-02-01 00:00:00-05:00,472.93843623390336,477.427468426182,472.12844308332853,477.398193359375,91891600,0.0,0.0,0.0
2024-02-02 00:00:00-05:00,477.8372942434172,484.08288967850467,477.49573196105774,482.4239196777344,99228200,0.0,0.0,0.0
2024-02-05 00:00:00-05:00,481.78966938702735,482.453257473618,478.4033807510974,480.6673889160156,75757100,0.0,0.0,0.0
2024-02-06 00:00:00-05:00,481.6139421538367,482.3946602218278,480.1794043465866,482.0628662109375,55918600,0.0,0.0,0.0
2024-02-07 00:00:00-05:00,484.31713376491945,486.5030847840718,483.4095471530847,486.0834655761719,70556500,0.0,0.0,0.0
2024-02-08 00:00:00-05:00,486.08349349833503,486.67876313703624,485.26376181906494,486.2981872558594,52343600,0.0,0.0,0.0
2024-02-09 00:00:00-05:00,486.8055920858739,489.5477990767194,486.4640298019624,489.1086730957031,63979400,0.0,0.0,0.0
2024-02-12 00:00:00-05:00,489.0794311383801,491.3532074553824,488.171844486811,488.8940124511719,56502300,0.0,0.0,0.0
2024-02-13 00:00:00-05:00,482.59961722906473,485.097855647228,478.8815346699486,482.16046142578125,113099200,0.0,0.0,0.0
2024-02-14 00:00:00-05:00,484.80505756219736,487.03005186648363,482.4727014977024,486.5421142578125,68387800,0.0,0.0,0.0
2024-02-15 00:00:00-05:00,487.24475755676514,490.08455808264773,486.76655843722136,489.8991394042969,61683000,0.0,0.0,0.0
2024-02-16 00:00:00-05:00,489.5966419107854,490.73839931554534,486.71779791035453,487.45947265625,75532900,0.0,0.0,0.0
2024-02-20 00:00:00-05:00,485.712619232772,486.3859755219918,482.5215179613793,484.7757873535156,71736700,0.0,0.0,0.0
2024-02-21 00:00:00-05:00,483.46820082511186,485.3711399747014,481.653057105871,485.2149963378906,59293400,0.0,0.0,0.0
2024-02-22 00:00:00-05:00,491.85091860629063,496.22282088243315,490.88478180969435,495.2567138671875,76402500,0.0,0.0,0.0
2024-02-23 00:00:00-05:00,496.98399282076,497.8232610473495,494.8663601420095,495.5982666015625,61321800,0.0,0.0,0.0
2024-02-26 00:00:00-05:00,496.03738103257336,496.4765368105967,493.65624302388784,493.7831115722656,50386700,0.0,0.0,0.0
2024-02-27 00:00:00-05:00,494.47600720291285,494.92490148468676,492.5730385293385,494.700439453125,48854500,0.0,0.0,0.0
2024-02-28 00:00:00-05:00,493.13904421133424,494.63213220475586,492.7779751212326,494.046630859375,56506600,0.0,0.0,0.0
2024-02-29 00:00:00-05:00,495.8129543697353,497.4426493891131,493.15857245054144,495.82269287109375,83924800,0.0,0.0,0.0
2024-03-01 00:00:00-05:00,496.70102769902195,500.90701813560685,496.2911469636296,500.4776306152344,76844800,0.0,0.0,0.0
2024-03-04 00:00:00-05:00,499.6774416316755,501.7950742838469,499.6481367835651,499.9408874511719,49799300,0.0,0.0,0.0
2024-03-05 00:00:00-05:00,497.9306035256283,498.3795276061861,492.7292012805933,494.9444274902344,72855600,0.0,0.0,0.0
2024-03-06 00:00:00-05:00,498.23311140577533,499.7164608888025,496.1545220794044,497.4524230957031,68382400,0.0,0.0,0.0
2024-03-07 00:00:00-05:00,500.76062488372975,503.44428173979026,497.51094372229056,502.39031982421875,58652100,0.0,0.0,0.0
2024-03-08 00:00:00-05:00,503.02473305199794,505.7180990051288,498.7991760778728,499.37493896484375,86532500,0.0,0.0,0.0
2024-03-11 00:00:00-04:00,498.1648682592655,499.531087817321,496.2326243105745,498.945556640625,62557200,0.0,0.0,0.0
2024-03-12 00:00:00-04:00,501.063154462892,504.89833701294907,498.53561138081784,504.3128356933594,73114400,0.0,0.0,0.0
2024-03-13 00:00:00-04:00,504.6348815647523,504.8105319780075,502.078092945087,503.5223693847656,55104100,0.0,0.0,0.0
2024-03-14 00:00:00-04:00,504.498266338122,504.65443975395385,499.47254387143926,502.52703857421875,110171800,0.0,0.0,0.0
2024-03-15 00:00:00-04:00,499.44834457853835,500.90693694327877,497.4024316630392,499.07635498046875,107646300,1.595,0.0,0.0
2024-03-18 00:00:00-04:00,503.15838817484575,504.60715196314635,501.63129506757195,502.04241943359375,88893300,0.0,0.0,0.0
2024-03-19 00:00:00-04:00,501.3474286120831,505.11619805115,500.33912535177535,504.83233642578125,60755300,0.0,0.0,0.0
2024-03-20 00:00:00-04:00,504.89112356917263,509.638800886851,504.21567502677055,509.5017395019531,69594600,0.0,0.0,0.0
2024-03-21 00:00:00-04:00,512.3503269289863,513.0551115347323,510.9015034375711,511.1854248046875,60256100,0.0,0.0,0.0
2024-03-22 00:00:00-04:00,511.09725876770295,511.58671240113955,509.9812901440056,510.2162780761719,79070800,0.0,0.0,0.0
2024-03-25 00:00:00-04:00,508.8360378123517,509.96180518438194,508.65004302256665,508.80670166015625,48512100,0.0,0.0,0.0
2024-03-26 00:00:00-04:00,510.23585186667015,510.5785052830904,507.46558712286134,507.8669128417969,65463700,0.0,0.0,0.0
2024-03-27 00:00:00-04:00,510.7057822180554,512.174143263585,508.53257680183424,512.1349487304688,82999800,0.0,0.0,0.0
2024-03-28 00:00:00-04:00,512.1741097012416,513.5445440719409,511.7531867321709,512.0370483398438,96294900,0.0,0.0,0.0
2024-04-01 00:00:00-04:00,512.7810279269447,513.3194149926431,509.9813076393445,511.1462097167969,62477500,0.0,0.0,0.0
2024-04-02 00:00:00-04:00,507.3089819922044,508.0333639379419,505.5860953386836,507.8963623046875,74230300,0.0,0.0,0.0
2024-04-03 00:00:00-04:00,506.79989829415746,509.9618097488042,506.7509648748843,508.4542541503906,59155800,0.0,0.0,0.0
2024-04-04 00:00:00-04:00,512.4776415616462,512.8202352661735,501.94458795883435,502.248046875,96858100,0.0,0.0,0.0
2024-04-05 00:00:00-04:00,503.60867026854095,509.4625167939743,503.1681500346875,507.4949035644531,74546500,0.0,0.0,0.0
2024-04-08 00:00:00-04:00,508.19982188899013,509.20806548436997,506.96638895369995,507.7788391113281,48401800,0.0,0.0,0.0
2024-04-09 00:00:00-04:00,509.5212227680921,509.7659495801806,503.50091929161425,508.3661193847656,68049200,0.0,0.0,0.0
2024-04-10 00:00:00-04:00,502.6493333372583,505.2727978988181,501.288697511792,503.2758483886719,82652800,0.0,0.0,0.0
2024-04-11 00:00:00-04:00,504.80296329585076,508.52279948423035,501.2789205379683,507.07403564453125,70099000,0.0,0.0,0.0
2024-04-12 00:00:00-04:00,503.52057224224995,504.93999985889445,498.3421439610696,500.0748291015625,92561100,0.0,0.0,0.0
2024-04-15 00:00:00-04:00,504.2645375653604,504.4309350820484,492.9581399821633,493.809814453125,92101400,0.0,0.0,0.0
2024-04-16 00:00:00-04:00,494.2895037381496,495.81659688850766,491.6170757880816,492.90924072265625,73484000,0.0,0.0,0.0
2024-04-17 00:00:00-04:00,495.3760558913513,495.5424832864925,488.5922350793865,489.9920654296875,75910300,0.0,0.0,0.0
2024-04-18 00:00:00-04:00,491.39189812009806,493.49654284422604,488.04402200338075,488.9837646484375,74548100,0.0,0.0,0.0
2024-04-19 00:00:00-04:00,488.9055122549044,489.90398704424035,483.44319225577453,484.7157897949219,102212600,0.0,0.0,0.0
2024-04-22 00:00:00-04:00,487.3294466640699,491.78349315664354,484.98007493251976,489.1795959472656,67961000,0.0,0.0,0.0
2024-04-23 00:00:00-04:00,491.19613039401867,495.4152186955436,488.99358884976584,494.9844970703125,64633600,0.0,0.0,0.0
2024-04-24 00:00:00-04:00,495.87527965691265,496.6681921802562,492.51763478656846,494.7495422363281,55928100,0.0,0.0,0.0
2024-04-25 00:00:00-04:00,488.6509678289955,493.6336026966789,486.99661200395565,492.87005615234375,69122400,0.0,0.0,0.0
2024-04-26 00:00:00-04:00,495.6697122024128,499.1252537407124,495.0334284387707,497.5394287109375,64306100,0.0,0.0,0.0
2024-04-29 00:00:00-04:00,499.33081866062173,499.9769010603671,496.55072552691377,499.30145263671875,46415400,0.0,0.0,0.0
2024-04-30 00:00:00-04:00,497.83310375268974,498.8120110716739,491.39190673828125,491.39190673828125,77483600,0.0,0.0,0.0
2024-05-01 00:00:00-04:00,490.80456853459987,497.4709251521688,489.3264088866621,489.7962951660156,80242800,0.0,0.0,0.0
2024-05-02 00:00:00-04:00,493.51608978925526,495.2194087380846,489.0131104126853,494.3775329589844,62550200,0.0,0.0,0.0
2024-05-03 00:00:00-04:00,500.37829146215523,501.73895716286734,497.83312634252997,500.50555419921875,72756700,0.0,0.0,0.0
2024-05-06 00:00:00-04:00,502.91360764238556,505.7132680822078,502.47308742336617,505.67413330078125,47264700,0.0,0.0,0.0
2024-05-07 00:00:00-04:00,506.64330210533313,507.6320081205366,505.55672925106126,506.232177734375,52561300,0.0,0.0,0.0
2024-05-08 00:00:00-04:00,504.3917525789641,506.8194234078402,504.2742884903253,506.2810363769531,42047200,0.0,0.0,0.0
2024-05-09 00:00:00-04:00,506.4671120686162,509.23743672181314,505.8112608442941,509.1982421875,43643700,0.0,0.0,0.0
2024-05-10 00:00:00-04:00,510.803637418781,511.616147241505,508.6304917998298,509.8541259765625,52233200,0.0,0.0,0.0
2024-05-13 00:00:00-04:00,511.5378590818016,511.6455245585536,508.77733298725667,509.9226379394531,36716400,0.0,0.0,0.0
2024-05-14 00:00:00-04:00,510.1183975334321,512.7810566084371,509.5800104376199,512.26220703125,57535900,0.0,0.0,0.0
2024-05-15 00:00:00-04:00,514.7388946424787,518.8992510906287,514.1025809336553,518.6055908203125,59504900,0.0,0.0,0.0
2024-05-16 00:00:00-04:00,518.7034152838155,520.3088376274046,517.3916531865508,517.5385131835938,50244800,0.0,0.0,0.0
2024-05-17 00:00:00-04:00,517.6559557052394,518.3510013823711,516.1973934194888,518.282470703125,59187600,0.0,0.0,0.0
2024-05-20 00:00:00-04:00,518.399983619737,520.3479997283454,518.0083967722392,518.879638671875,37764200,0.0,0.0,0.0
2024-05-21 00:00:00-04:00,518.1160765100145,520.3088192688843,517.9104844709608,520.1521606445312,33437000,0.0,0.0,0.0
2024-05-22 00:00:00-04:00,519.457191149343,520.1717743707599,516.471476037249,518.6544799804688,48390000,0.0,0.0,0.0
2024-05-23 00:00:00-04:00,521.7185015997201,521.8261670726438,513.6522545564001,514.8661499023438,57211200,0.0,0.0,0.0
2024-05-24 00:00:00-04:00,516.7162769685657,519.0852760314796,515.7667654147743,518.2727661132812,41291100,0.0,0.0,0.0
2024-05-28 00:00:00-04:00,519.0852065742038,519.3201347726647,515.9918259671035,518.6348876953125,36269600,0.0,0.0,0.0
2024-05-29 00:00:00-04:00,514.5920494378546,516.1876733248712,514.2885905251699,515.003173828125,45190300,0.0,0.0,0.0
2024-05-30 00:00:00-04:00,513.4566305088902,514.1222805033163,510.33391289299567,511.5868835449219,46377600,0.0,0.0,0.0
2024-05-31 00:00:00-04:00,512.5461599640777,516.373661669616,507.42643355259685,516.2463989257812,90785800,0.0,0.0,0.0
2024-06-03 00:00:00-04:00,517.8615954221938,518.1454570499837,511.5769670953754,516.6672973632812,46835700,0.0,0.0,0.0
2024-06-04 00:00:00-04:00,515.3555282041269,517.9887910753831,513.8871673409229,517.2448120117188,34632700,0.0,0.0,0.0
2024-06-05 00:00:00-04:00,519.574631475195,523.4119312490825,517.5776224033007,523.392333984375,47610400,0.0,0.0,0.0
2024-06-06 00:00:00-04:00,523.695948019033,524.1266697359112,521.4444725776239,523.3826904296875,30808500,0.0,0.0,0.0
2024-06-07 00:00:00-04:00,522.4037454552046,525.5656572802073,521.3073738449024,522.7463989257812,43224500,0.0,0.0,0.0
2024-06-10 00:00:00-04:00,521.9337792468638,524.684506328859,521.3366601422468,524.3614501953125,35686100,0.0,0.0,0.0
2024-06-11 00:00:00-04:00,522.8050098767842,525.6829996240797,520.8275980833798,525.624267578125,36383400,0.0,0.0,0.0
2024-06-12 00:00:00-04:00,530.2056082912144,532.6430781044711,528.9036447482033,529.9412841796875,63251300,0.0,0.0,0.0
2024-06-13 00:00:00-04:00,531.6934867577844,531.8696828897467,528.2085794030994,531.0082397460938,44760900,0.0,0.0,0.0
2024-06-14 00:00:00-04:00,529.4714728215465,531.3607570534568,528.4631694567662,531.3314208984375,40089900,0.0,0.0,0.0
2024-06-17 00:00:00-04:00,530.6461064563005,536.9600707352853,530.1859889386527,535.5601806640625,55839500,0.0,0.0,0.0
2024-06-18 00:00:00-04:00,535.618874007655,537.0481001268946,535.1979510525092,536.9208374023438,41376400,0.0,0.0,0.0
2024-06-20 00:00:00-04:00,537.8509390329639,538.516588963037,533.6807835245372,535.46240234375,70328200,0.0,0.0,0.0
2024-06-21 00:00:00-04:00,534.636494014271,535.8640759164524,533.2812387990208,534.7445068359375,64338600,1.759,0.0,0.0
2024-06-24 00:00:00-04:00,534.5676136935514,537.1406199465806,532.8882604765938,533.006103515625,45528700,0.0,0.0,0.0
2024-06-25 00:00:00-04:00,534.2338154405055,535.4221363045356,532.7116258646143,535.0587768554688,37936200,0.0,0.0,0.0
2024-06-26 00:00:00-04:00,533.9391352589275,536.4433900198844,533.2909984741738,535.7265014648438,38550600,0.0,0.0,0.0
2024-06-27 00:00:00-04:00,535.588979563753,537.1504898569925,534.8426003010983,536.571044921875,35041500,0.0,0.0,0.0
2024-06-28 00:00:00-04:00,537.3469307192006,540.4110302137201,533.2124733406529,534.4596557617188,76144500,0.0,0.0,0.0
2024-07-01 00:00:00-04:00,535.8443476992247,536.08986404863,532.7901386983468,535.5595703125,40297800,0.0,0.0,0.0
2024-07-02 00:00:00-04:00,533.9490526752437,539.163818359375,533.8999613857427,539.163818359375,40434800,0.0,0.0,0.0
2024-07-03 00:00:00-04:00,538.8494837936086,541.9331836330194,538.8102227549504,541.56982421875,32789900,0.0,0.0,0.0
2024-07-05 00:00:00-04:00,541.874286937383,545.0954305299725,541.2359204016998,544.6928100585938,41488400,0.0,0.0,0.0
2024-07-08 00:00:00-04:00,545.4783931483458,546.273863702814,544.2508114321598,545.3212890625,36110500,0.0,0.0,0.0
2024-07-09 00:00:00-04:00,546.2837958126063,547.1872793408481,545.557076891595,545.8516845703125,27289700,0.0,0.0,0.0
2024-07-10 00:00:00-04:00,547.0791519482386,551.5966285839402,546.7845443312167,551.2529296875,38701200,0.0,0.0,0.0
2024-07-11 00:00:00-04:00,551.3708220113514,552.2448746370588,545.8614492888662,546.499755859375,53054200,0.0,0.0,0.0
2024-07-12 00:00:00-04:00,547.6291782325719,553.5608321512885,547.1578059832891,549.9468383789062,53084400,0.0,0.0,0.0
2024-07-15 00:00:00-04:00,551.9502612295888,554.7098626844446,549.5932802263559,551.459228515625,40584300,0.0,0.0,0.0
2024-07-16 00:00:00-04:00,552.7750698341409,555.0239777080099,552.0188604006079,554.7293701171875,36475300,0.0,0.0,0.0
2024-07-17 00:00:00-04:00,548.7781042114635,550.4574575343235,546.627378702753,546.9514770507812,57119000,0.0,0.0,0.0
2024-07-18 00:00:00-04:00,548.4933484542273,549.4852440848026,540.5582433501387,542.7482299804688,56270400,0.0,0.0,0.0
2024-07-19 00:00:00-04:00,542.5126427347755,544.1429051396725,538.0835174453183,539.1441650390625,65509100,0.0,0.0,0.0
2024-07-22 00:00:00-04:00,543.0822047176163,545.3115125146927,541.1377342686712,544.70263671875,43346700,0.0,0.0,0.0
2024-07-23 00:00:00-04:00,544.5945249198012,546.7550807862475,543.3571728667828,543.8482055664062,34439600,0.0,0.0,0.0
2024-07-24 00:00:00-04:00,539.0164184333124,539.3208563195052,530.6001104911534,531.5232543945312,74515300,0.0,0.0,0.0
2024-07-25 00:00:00-04:00,531.6411201045629,537.6415857024604,527.8111007222136,528.7538452148438,61158300,0.0,0.0,0.0
2024-07-26 00:00:00-04:00,532.5544244069231,537.3763388802067,531.7785544219373,534.6756591796875,53763800,0.0,0.0,0.0
2024-07-29 00:00:00-04:00,536.227341129643,537.2388372702122,532.9864775250034,534.9899291992188,39515800,0.0,0.0,0.0
2024-07-30 00:00:00-04:00,536.463088435743,537.5237359172042,528.8619113563942,532.2794799804688,46853600,0.0,0.0,0.0
2024-07-31 00:00:00-04:00,539.1342609978949,543.5732159258974,537.7594053591405,540.9314575195312,65663400,0.0,0.0,0.0
2024-08-01 00:00:00-04:00,542.6598433710025,544.9185816284977,529.7554906256498,533.2713012695312,76428700,0.0,0.0,0.0
2024-08-02 00:00:00-04:00,526.1416363743401,527.3593881074288,519.1198434759149,523.3427734375,82789100,0.0,0.0,0.0
2024-08-05 00:00:00-04:00,502.46402760588046,514.1898925589088,501.1185726401647,508.10107421875,146267400,0.0,0.0,0.0
2024-08-06 00:00:00-04:00,509.90795711875484,520.2491343271334,508.58219283381527,512.7854614257812,84826300,0.0,0.0,0.0
2024-08-07 00:00:00-04:00,518.9920917478671,522.0561910508441,508.7589866968387,509.3580322265625,70698300,0.0,0.0,0.0
2024-08-08 00:00:00-04:00,514.513885136989,521.7615329757872,512.4810623968182,521.133056640625,63276600,0.0,0.0,0.0
2024-08-09 00:00:00-04:00,520.3080694804698,524.9237888690128,519.0804877250338,523.4310302734375,45619600,0.0,0.0,0.0
2024-08-12 00:00:00-04:00,524.6292597384992,526.1219586169184,521.4277164507776,523.7061157226562,42542100,0.0,0.0,0.0
2024-08-13 00:00:00-04:00,526.9075349868316,532.5544105776438,526.6620186567962,532.3186645507812,52333100,0.0,0.0,0.0
2024-08-14 00:00:00-04:00,533.1142249967176,535.1864287265759,530.4332054014179,533.9981079101562,42446900,0.0,0.0,0.0
2024-08-15 00:00:00-04:00,539.644959128727,543.4357173403401,539.036083351339,543.1509399414062,60846800,0.0,0.0,0.0
2024-08-16 00:00:00-04:00,541.5305297582873,545.066001447727,541.3734256554437,544.3687133789062,44430700,0.0,0.0,0.0
2024-08-19 00:00:00-04:00,544.7812454195989,549.57373046875,543.9268531203944,549.57373046875,39121800,0.0,0.0,0.0
2024-08-20 00:00:00-04:00,549.1218730431605,550.7815659083177,547.3345068852593,548.679931640625,33732300,0.0,0.0,0.0
2024-08-21 00:00:00-04:00,549.7308200651719,552.0288197515467,544.7811716197107,550.5655517578125,41514600,0.0,0.0,0.0
2024-08-22 00:00:00-04:00,552.4707057383962,553.0795814875313,545.0266332673548,546.244384765625,56121500,0.0,0.0,0.0
2024-08-23 00:00:00-04:00,549.4951156938582,552.9912663344013,547.2952387130678,552.0484619140625,50639400,0.0,0.0,0.0
2024-08-26 00:00:00-04:00,553.0796338099561,553.7965224345438,549.023698553154,550.7324829101562,35788600,0.0,0.0,0.0
2024-08-27 00:00:00-04:00,549.4557648759409,551.9796801643517,548.3067651332959,551.4886474609375,32693900,0.0,0.0,0.0
2024-08-28 00:00:00-04:00,551.1449533002178,551.5770644805714,545.085566530633,548.287109375,41066000,0.0,0.0,0.0
2024-08-29 00:00:00-04:00,550.2610513664456,553.5706069059922,547.187181927915,548.336181640625,38715200,0.0,0.0,0.0
2024-08-30 00:00:00-04:00,550.7128337345928,554.0813108649274,547.1479315360851,553.5706176757812,62700100,0.0,0.0,0.0
2024-09-03 00:00:00-04:00,550.4181325533738,550.7520611429293,539.6547347846964,542.1786499023438,60600100,0.0,0.0,0.0
2024-09-04 00:00:00-04:00,540.3324815937721,544.4865997200234,539.6057626718821,541.0690307617188,47224900,0.0,0.0,0.0
2024-09-05 00:00:00-04:00,541.0100633006934,543.8678474559043,537.2879967926923,539.7529907226562,44264300,0.0,0.0,0.0
2024-09-06 00:00:00-04:00,540.0770882862281,541.7072905965744,529.7654008260863,530.6688842773438,68493800,0.0,0.0,0.0
2024-09-09 00:00:00-04:00,534.8819058967794,537.8870234085998,532.947206027845,536.6102905273438,40445800,0.0,0.0,0.0
2024-09-10 00:00:00-04:00,538.5254119078065,539.3012819984793,533.6347450012723,538.9476928710938,36394600,0.0,0.0,0.0
2024-09-11 00:00:00-04:00,538.8592992301786,545.3998284478084,530.2760571886295,544.4766845703125,75248600,0.0,0.0,0.0
2024-09-12 00:00:00-04:00,545.0561445387712,549.367426167289,542.8268368290717,549.06298828125,51819600,0.0,0.0,0.0
2024-09-13 00:00:00-04:00,549.6718037364791,552.9322678030146,549.4164571619145,551.9305419921875,39310500,0.0,0.0,0.0
2024-09-16 00:00:00-04:00,551.6654196124157,553.0108444429941,549.8584528057411,552.7457275390625,36656100,0.0,0.0,0.0
2024-09-17 00:00:00-04:00,554.96524166877,556.4187395034558,550.7325413678777,552.9716796875,49321000,0.0,0.0,0.0
2024-09-18 00:00:00-04:00,553.6295424523687,558.4907782007374,550.771758494403,551.33154296875,59044900,0.0,0.0,0.0
2024-09-19 00:00:00-04:00,560.7692368305202,562.6056945402063,557.8917920771589,560.73974609375,75315500,0.0,0.0,0.0
2024-09-20 00:00:00-04:00,559.3665913435013,560.8146268159833,556.7363903893743,559.7704467773438,77503100,1.746,0.0,0.0
2024-09-23 00:00:00-04:00,560.844157105768,561.8193743965802,559.6226102686882,561.169189453125,44116900,0.0,0.0,0.0
2024-09-24 00:00:00-04:00,561.9670704323123,562.8339435617671,559.1300420312542,562.7748413085938,46805700,0.0,0.0,0.0
2024-09-25 00:00:00-04:00,562.6173129912877,563.3561212938423,560.4205487537844,561.53369140625,38428600,0.0,0.0,0.0
2024-09-26 00:00:00-04:00,565.8089271560161,566.1340196278296,561.3957983542562,563.7599487304688,48336000,0.0,0.0,0.0
2024-09-27 00:00:00-04:00,564.8337142422162,565.651285439919,561.908002221962,562.9423217773438,42100900,0.0,0.0,0.0
2024-09-30 00:00:00-04:00,561.9079952356186,565.8089245059994,559.6029471264981,565.1981811523438,63557400,0.0,0.0,0.0
2024-10-01 00:00:00-04:00,564.8435880512217,565.4937128909536,557.5539888818164,560.1348876953125,72668800,0.0,0.0,0.0
2024-10-02 00:00:00-04:00,559.2384735935616,561.3957961263619,556.8348816397765,560.3712768554688,38097800,0.0,0.0,0.0
2024-10-03 00:00:00-04:00,558.893583405642,561.297175028606,557.0514932001644,559.3467407226562,40846500,0.0,0.0,0.0
2024-10-04 00:00:00-04:00,563.8092058002762,564.804143911743,559.6226255139783,564.4298095703125,42939100,0.0,0.0,0.0
2024-10-07 00:00:00-04:00,562.7747978261029,563.4249826851416,558.1745024571716,559.3270263671875,49964700,0.0,0.0,0.0
2024-10-08 00:00:00-04:00,561.9079798048728,565.2178864241666,561.0313063853904,564.616943359375,37398700,0.0,0.0,0.0
2024-10-09 00:00:00-04:00,564.6071207773316,569.0892725126486,564.0062377966648,568.5277709960938,37912200,0.0,0.0,0.0
2024-10-10 00:00:00-04:00,567.1782233614125,568.9612116462271,565.9172950083815,567.5328369140625,44138100,0.0,0.0,0.0
2024-10-11 00:00:00-04:00,567.4539823983677,571.6701437051296,567.3160570940822,570.9313354492188,42268000,0.0,0.0,0.0
2024-10-14 00:00:00-04:00,572.54680911459,576.5364217400751,572.0641306807273,575.6005859375,36217200,0.0,0.0,0.0
2024-10-15 00:00:00-04:00,575.8666396343095,576.1720113378304,569.9068710302905,571.12841796875,54203600,0.0,0.0,0.0
2024-10-16 00:00:00-04:00,571.1284236895626,574.1328988912752,570.320652695686,573.6107788085938,30725400,0.0,0.0,0.0
2024-10-17 00:00:00-04:00,577.1667859347198,577.3736738739761,573.472744961771,573.659912109375,34393700,0.0,0.0,0.0
2024-10-18 00:00:00-04:00,575.3543175241635,576.6546272535265,573.8865614270069,575.8665771484375,37416800,0.0,0.0,0.0
2024-10-21 00:00:00-04:00,575.1375866701346,576.1226643625554,571.936084169767,574.9208984375,36439000,0.0,0.0,0.0
2024-10-22 00:00:00-04:00,572.379393899403,575.7779240387921,571.7194086656112,574.6155395507812,34183800,0.0,0.0,0.0
2024-10-23 00:00:00-04:00,572.5862132138965,573.0295101570803,565.8482560008526,569.364990234375,49314600,0.0,0.0,0.0
2024-10-24 00:00:00-04:00,571.3253834738008,571.4042065299044,567.966294746531,570.596435546875,34979900,0.0,0.0,0.0
2024-10-25 00:00:00-04:00,572.832526139626,575.7385172942365,569.4537169426869,570.3993530273438,47268200,0.0,0.0,0.0
2024-10-28 00:00:00-04:00,573.8866057690544,574.0146706850179,571.8573480325817,572.1627197265625,30174700,0.0,0.0,0.0
2024-10-29 00:00:00-04:00,571.1972915711463,574.2116269876768,569.798498044357,573.0886840820312,42899700,0.0,0.0,0.0
2024-10-30 00:00:00-04:00,572.615787609554,574.6155241758808,570.645632233565,571.3549194335938,41435800,0.0,0.0,0.0
2024-10-31 00:00:00-04:00,566.9713229521994,567.0402856066526,559.957574484397,560.1546020507812,60182500,0.0,0.0,0.0
2024-11-01 00:00:00-04:00,562.7946494686686,566.9615092751701,562.1050829916865,562.518798828125,45667500,0.0,0.0,0.0
2024-11-04 00:00:00-05:00,562.6566193804057,563.9569290343258,559.4157357037399,561.3070678710938,38217000,0.0,0.0,0.0
2024-11-05 00:00:00-05:00,562.2232148100805,568.1336807780868,562.0065265842841,568.0942993164062,39478300,0.0,0.0,0.0
2024-11-06 00:00:00-05:00,580.4077666623799,583.0970094221752,576.6546231997903,582.2202758789062,68182000,0.0,0.0,0.0
2024-11-07 00:00:00-05:00,584.2298916492671,587.7466262080364,584.1510685994552,586.7221069335938,47233200,0.0,0.0,0.0
2024-11-08 00:00:00-05:00,587.2737955457643,590.6920466620936,587.2737955457643,589.263671875,46444900,0.0,0.0,0.0
2024-11-11 00:00:00-05:00,590.8594538392326,591.214067381988,588.0913879024889,589.8251342773438,37586800,0.0,0.0,0.0
2024-11-12 00:00:00-05:00,589.7462657959629,590.3471487178498,585.5005836337616,587.9928588867188,43006100,0.0,0.0,0.0
2024-11-13 00:00:00-05:00,588.4558712273305,590.2881013518266,586.0818603831444,588.278564453125,47388600,0.0,0.0,0.0
2024-11-14 00:00:00-05:00,588.4066394793019,588.8893179492193,583.8063432948493,584.495849609375,38904100,0.0,0.0,0.0
2024-11-15 00:00:00-05:00,580.9199456029655,581.3928237454572,575.1474051756758,577.0092163085938,75988800,0.0,0.0,0.0
2024-11-18 00:00:00-05:00,577.4721604131028,580.6933833970946,576.6053474416191,579.3734130859375,37001700,0.0,0.0,0.0
2024-11-19 00:00:00-05:00,575.9848429931217,582.2203419709091,575.3149973262474,581.4913940429688,49412000,0.0,0.0,0.0
2024-11-20 00:00:00-05:00,581.5702110064499,581.9740664321081,575.9060139035164,581.6884155273438,50032600,0.0,0.0,0.0
2024-11-21 00:00:00-05:00,584.5451050737219,586.2394097822103,578.6838809961135,584.81103515625,46750300,0.0,0.0,0.0
2024-11-22 00:00:00-05:00,584.8012273246769,587.2541214128702,584.2988881794737,586.6236572265625,38226400,0.0,0.0,0.0
2024-11-25 00:00:00-05:00,590.5738204551704,591.8937909448966,586.3182774428572,588.613525390625,42441400,0.0,0.0,0.0
2024-11-26 00:00:00-05:00,589.8645208450938,592.3567963116076,589.1454333564441,591.6869506835938,45621300,0.0,0.0,0.0
2024-11-27 00:00:00-05:00,591.4997854868443,591.8839201005825,588.3672455728715,589.8941040039062,34000200,0.0,0.0,0.0
2024-11-29 00:00:00-05:00,590.7117045866185,594.3466439350991,590.4359140778026,593.55859375,30177400,0.0,0.0,0.0
2024-12-02 00:00:00-05:00,593.9722515940274,595.3021425181648,593.4797127608734,594.6224365234375,31746000,0.0,0.0,0.0
2024-12-03 00:00:00-05:00,594.3859938864347,595.1444627620236,593.3516744201837,594.898193359375,26906600,0.0,0.0,0.0
2024-12-04 00:00:00-05:00,596.5926087018526,598.8385545797807,595.9227630847732,598.59228515625,42787600,0.0,0.0,0.0
2024-12-05 00:00:00-05:00,598.592255379496,599.4000262634194,597.2525642119798,597.607177734375,28762200,0.0,0.0,0.0
2024-12-06 00:00:00-05:00,598.3755773445807,599.9812587434141,597.9618615614095,598.7400512695312,31241500,0.0,0.0,0.0
2024-12-09 00:00:00-05:00,598.6217702493144,598.7892165956112,595.0656547742457,595.6566772460938,34742700,0.0,0.0,0.0
2024-12-10 00:00:00-05:00,596.3365277015484,596.7601039297737,593.1448853311992,593.8048706054688,37234500,0.0,0.0,0.0
2024-12-11 00:00:00-05:00,596.7404013764967,599.3508212217944,596.4645507592219,598.3953247070312,28677700,0.0,0.0,0.0
2024-12-12 00:00:00-05:00,597.5284365007215,598.0997382660831,595.31201171875,595.31201171875,31543800,0.0,0.0,0.0
2024-12-13 00:00:00-05:00,597.3511090725724,598.0701965149426,593.8146538658189,595.1937866210938,35904700,0.0,0.0,0.0
2024-12-16 00:00:00-05:00,596.9571007701239,598.7105679786196,596.1789110129041,597.7352905273438,43695200,0.0,0.0,0.0
2024-12-17 00:00:00-05:00,595.1741603124011,596.1395173197234,593.8935711931338,595.2726440429688,55773500,0.0,0.0,0.0
2024-12-18 00:00:00-05:00,594.9672618142333,597.360993618748,577.147238339165,577.5314331054688,108248700,0.0,0.0,0.0
2024-12-19 00:00:00-05:00,582.5354605374066,584.1510021908508,577.1076734772528,577.3539428710938,85919500,0.0,0.0,0.0
2024-12-20 00:00:00-05:00,575.0175026728227,588.8352196171104,574.1674387147792,584.2886352539062,125716700,1.966,0.0,0.0
2024-12-23 00:00:00-05:00,584.0316546408188,588.3904419763173,580.8391036798633,587.7875366210938,57635800,0.0,0.0,0.0
2024-12-24 00:00:00-05:00,589.141569721849,594.3603140779195,588.5583912679473,594.3207397460938,33160100,0.0,0.0,0.0
2024-12-26 00:00:00-05:00,592.5416816588521,595.4870738828115,591.1381803052061,594.3603515625,41219100,0.0,0.0,0.0
2024-12-27 00:00:00-05:00,590.6043628183209,590.8416278253472,583.9030892928905,588.103759765625,64969300,0.0,0.0,0.0
2024-12-30 00:00:00-05:00,581.066451827259,584.8717412480703,577.6268027117767,581.392578125,56578800,0.0,0.0,0.0
2024-12-31 00:00:00-05:00,583.0629066605094,583.7844745956663,577.6366385699235,579.2774047851562,57052700,0.0,0.0,0.0
2025-01-02 00:00:00-05:00,582.5489929538754,584.2687872048679,573.7621642800276,577.8541259765625,50204000,0.0,0.0,0.0
2025-01-03 00:00:00-05:00,580.7106042287589,585.7217039617416,579.623335665357,585.0792846679688,37888500,0.0,0.0,0.0
2025-01-06 00:00:00-05:00,589.3491785436146,592.7393596690575,586.7101255067332,588.44970703125,47679400,0.0,0.0,0.0
2025-01-07 00:00:00-05:00,590.4858054370367,590.8119920606497,579.9693484070148,581.7978515625,60393100,0.0,0.0,0.0
2025-01-08 00:00:00-05:00,581.8670792861259,583.7252632975457,578.4077031433151,582.6478881835938,47304700,0.0,0.0,0.0
2025-01-10 00:00:00-05:00,579.0797727939155,579.148967552338,571.8348342474784,573.7523193359375,73105000,0.0,0.0,0.0
2025-01-13 00:00:00-05:00,569.0871420731995,574.9977137931114,568.6719735158341,574.6419067382812,47910100,0.0,0.0,0.0
2025-01-14 00:00:00-05:00,577.5774134567713,578.2099995586356,571.6371609030458,575.4326171875,48420600,0.0,0.0,0.0
2025-01-15 00:00:00-05:00,583.4781439602939,587.0462287462195,582.3612548768964,585.8997192382812,56900200,0.0,0.0,0.0
2025-01-16 00:00:00-05:00,587.2734912712623,587.4513947839769,584.0711073889483,584.7728881835938,43319700,0.0,0.0,0.0
2025-01-17 00:00:00-05:00,590.0311830207747,592.4032903303786,588.6968161028142,590.6439819335938,58070600,0.0,0.0,0.0
2025-01-21 00:00:00-05:00,593.6980347606263,596.0603086218102,591.721248666258,596.0504150390625,42532900,0.0,0.0,0.0
2025-01-22 00:00:00-05:00,598.887139322545,600.7651103716523,598.3336415912388,599.401123046875,48196000,0.0,0.0,0.0
2025-01-23 00:00:00-05:00,598.7685644436611,602.6727294921875,598.4918457286775,602.6727294921875,41152100,0.0,0.0,0.0
2025-01-24 00:00:00-05:00,602.7319999441287,603.6907726306447,599.7569270310084,600.913330078125,34604700,0.0,0.0,0.0
2025-01-27 00:00:00-05:00,587.9061375768574,592.7295010606359,587.7381276298589,592.4132080078125,70361100,0.0,0.0,0.0
2025-01-28 00:00:00-05:00,593.6486607361097,598.3435279756633,590.3177808049226,597.50341796875,44433300,0.0,0.0,0.0
2025-01-29 00:00:00-05:00,596.7126945442042,597.1179695261326,592.2649252873389,594.8248901367188,37177400,0.0,0.0,0.0
2025-01-30 00:00:00-05:00,596.9499738076877,599.5592859855939,593.747529191958,598.0173950195312,39281300,0.0,0.0,0.0
2025-01-31 00:00:00-05:00,600.4488437325783,602.880312619884,594.0736957955036,594.8347778320312,66566900,0.0,0.0,0.0
2025-02-03 00:00:00-05:00,585.7909458950113,593.3224968021361,583.6362560871698,590.831787109375,65857200,0.0,0.0,0.0
2025-02-04 00:00:00-05:00,590.8910622510958,595.3091504392034,590.3474581129256,594.7952270507812,33457800,0.0,0.0,0.0
2025-02-05 00:00:00-05:00,593.668444292325,597.35513123978,591.6323569254649,597.2068481445312,30653100,0.0,0.0,0.0
2025-02-06 00:00:00-05:00,598.9563451128535,599.4110276717307,595.6353586638426,599.2825317382812,35771500,0.0,0.0,0.0
2025-02-07 00:00:00-05:00,599.8458969203407,601.0714946997704,593.0852616403969,593.7969360351562,50788500,0.0,0.0,0.0
2025-02-10 00:00:00-05:00,597.0190995725444,598.4720084396736,595.7440338934362,597.8295288085938,26048700,0.0,0.0,0.0
2025-02-11 00:00:00-05:00,595.5563267993089,598.8279059672569,595.4377244382205,598.2843017578125,30056700,0.0,0.0,0.0
2025-02-12 00:00:00-05:00,592.2451230112299,597.5330016568429,591.5631293989743,596.3568115234375,45076100,0.0,0.0,0.0
2025-02-13 00:00:00-05:00,597.4638899085884,602.860538386905,596.198778008583,602.6529541015625,40921300,0.0,0.0,0.0
2025-02-14 00:00:00-05:00,602.8604957096632,603.8982964094444,602.0005985304107,602.623291015625,26910400,0.0,0.0,0.0
2025-02-18 00:00:00-05:00,603.7895507730377,604.3924560546875,601.3185681498265,604.3924560546875,26749000,0.0,0.0,0.0
2025-02-19 00:00:00-05:00,602.9988995994843,606.1123017730542,602.4849158656623,605.8157958984375,31011100,0.0,0.0,0.0
2025-02-20 00:00:00-05:00,604.4419196559093,604.5803091740476,599.9744236813096,603.29541015625,36554000,0.0,0.0,0.0
2025-02-21 00:00:00-05:00,603.0779110877393,603.216300601011,592.5119863702242,592.9765625,76519800,0.0,0.0,0.0
2025-02-24 00:00:00-05:00,595.0324276294365,596.0307143030876,589.5665848823073,590.2782592773438,50737200,0.0,0.0,0.0
2025-02-25 00:00:00-05:00,590.2189701372146,590.9503713867966,582.7170398838512,587.3427124023438,58266500,0.0,0.0,0.0
2025-02-26 00:00:00-05:00,589.0131632782663,592.620822655363,584.9903956410146,587.6392822265625,43321600,0.0,0.0,0.0
2025-02-27 00:00:00-05:00,589.9224264999975,591.0788899188873,577.8640783507352,578.2593994140625,74196700,0.0,0.0,0.0
2025-02-28 00:00:00-05:00,578.7635029554216,587.8171578604871,575.6797210871997,587.283447265625,88744100,0.0,0.0,0.0
2025-03-03 00:00:00-05:00,589.2601945949107,590.4067643806418,573.1691862018861,576.9942626953125,74249200,0.0,0.0,0.0
2025-03-04 00:00:00-05:00,572.9814465763258,578.5955127414016,565.608011549554,570.1644897460938,109648200,0.0,0.0,0.0
2025-03-05 00:00:00-05:00,569.9964212260836,578.0913631561872,566.4283366011412,576.29248046875,71230500,0.0,0.0,0.0
2025-03-06 00:00:00-05:00,568.8004912077067,573.4360576617548,563.5027182107181,566.0626831054688,80094900,0.0,0.0,0.0
2025-03-07 00:00:00-05:00,564.2736590980126,570.6883208259039,559.0648080255879,569.2353515625,81158800,0.0,0.0,0.0
2025-03-10 00:00:00-04:00,561.0021324297065,562.9294509409499,549.1414138289008,554.073486328125,99326600,0.0,0.0,0.0
2025-03-11 00:00:00-04:00,552.9071786453155,557.4735503902486,545.6128320238284,549.467529296875,88102100,0.0,0.0,0.0
2025-03-12 00:00:00-04:00,555.6449862636414,556.5740782812179,547.2634312637055,552.38330078125,69588200,0.0,0.0,0.0
2025-03-13 00:00:00-04:00,552.0076609148241,552.6204598197313,543.2999199883595,545.0197143554688,74079400,0.0,0.0,0.0
2025-03-14 00:00:00-04:00,549.655280917059,557.2857071377122,545.0889095501292,556.2775268554688,62660300,0.0,0.0,0.0
2025-03-17 00:00:00-04:00,556.2577597204585,563.097483760462,555.8228643209595,560.5671997070312,49008700,0.0,0.0,0.0
2025-03-18 00:00:00-04:00,558.244456671408,558.4619345411708,552.571089463648,554.5083618164062,66041400,0.0,0.0,0.0
2025-03-19 00:00:00-04:00,556.2973457432603,564.3230934716701,555.111261871823,560.5474243164062,66556000,0.0,0.0,0.0
2025-03-20 00:00:00-04:00,556.7915499004863,563.9475069089323,556.0699818531248,558.9264526367188,62958200,0.0,0.0,0.0
2025-03-21 00:00:00-04:00,554.4514658625183,560.0130172119408,553.2122577806573,559.11083984375,83763000,1.696,0.0,0.0
2025-03-24 00:00:00-04:00,565.8719462913679,570.1844265679264,565.2771506364932,569.1236572265625,58766800,0.0,0.0,0.0
2025-03-25 00:00:00-04:00,570.3331077369899,571.4335099767462,568.7370222712309,570.4917602539062,38355700,0.0,0.0,0.0
2025-03-26 00:00:00-04:00,570.2240241043976,571.3541962868256,562.2930931538029,563.6810302734375,51848300,0.0,0.0,0.0
2025-03-27 00:00:00-04:00,562.2831944691987,565.971108987233,560.062543386952,562.18408203125,42164200,0.0,0.0,0.0
2025-03-28 00:00:00-04:00,560.6475137101825,561.3811152230641,550.2777985606353,550.8626708984375,71662700,0.0,0.0,0.0
2025-03-31 00:00:00-04:00,545.0830251203251,555.869096797962,542.1485586831927,554.5604858398438,95328200,0.0,0.0,0.0
2025-04-01 00:00:00-04:00,552.6372015020189,558.0797932554686,548.8997308809147,556.1267700195312,54609600,0.0,0.0,0.0
2025-04-02 00:00:00-04:00,550.2579679431105,562.5211668014963,550.0200496625995,559.646240234375,76014500,0.0,0.0,0.0
2025-04-03 00:00:00-04:00,540.4037097995117,543.2390031081819,532.0663452148438,532.0663452148438,125986000,0.0,0.0,0.0
2025-04-04 00:00:00-04:00,519.1488461365848,521.3298644038904,500.69953122991006,500.9176330566406,217965100,0.0,0.0,0.0
2025-04-07 00:00:00-04:00,484.9665325599909,518.653143533525,477.6403203280687,500.025390625,256611400,0.0,0.0,0.0
2025-04-08 00:00:00-04:00,517.3544895320528,520.4475480659574,484.93682423959376,492.1936340332031,165816600,0.0,0.0,0.0
2025-04-09 00:00:00-04:00,489.17988772825765,543.8834838867188,488.7932402716448,543.8834838867188,241867300,0.0,0.0,0.0
2025-04-10 00:00:00-04:00,527.5754628052078,528.8939971161361,504.92276379554966,520.051025390625,162331200,0.0,0.0,0.0
2025-04-11 00:00:00-04:00,518.4945124649533,531.7986316335475,515.5798930426869,529.3301391601562,97866300,0.0,0.0,0.0
2025-04-14 00:00:00-04:00,539.3528832417228,539.580938661594,529.2508571038156,534.4654541015625,68034000,0.0,0.0,0.0
2025-04-15 00:00:00-04:00,535.0106570692674,538.5399188279399,532.175363851926,532.9684448242188,56892900,0.0,0.0,0.0
2025-04-16 00:00:00-04:00,527.0896882471153,533.2460954669957,515.7980102587055,521.1216430664062,83484800,0.0,0.0,0.0
2025-04-17 00:00:00-04:00,523.0845951885916,526.5840872057769,519.3867572764926,521.8651733398438,79868100,0.0,0.0,0.0
2025-04-21 00:00:00-04:00,516.6604751455176,517.1958517151049,504.0701402922449,509.443359375,69368100,0.0,0.0,0.0
2025-04-22 00:00:00-04:00,515.6493966065633,524.7302873126982,514.7075863102422,522.697998046875,75948100,0.0,0.0,0.0
2025-04-23 00:00:00-04:00,535.7641184612734,540.7209502963145,529.2706808590098,530.79736328125,90590700,0.0,0.0,0.0
2025-04-24 00:00:00-04:00,532.086198348384,542.7037553366079,530.8272040401201,541.9701538085938,64150400,0.0,0.0,0.0
2025-04-25 00:00:00-04:00,541.9305048307399,546.2924809922215,538.9960382976576,545.8860473632812,61119600,0.0,0.0,0.0
2025-04-28 00:00:00-04:00,546.6295538469604,548.770878725811,540.3145544882295,546.0941772460938,47613800,0.0,0.0,0.0
2025-04-29 00:00:00-04:00,544.1709145104755,550.6544896169489,543.8140371215516,549.5342407226562,47775100,0.0,0.0,0.0
2025-04-30 00:00:00-04:00,542.8425846178815,551.7153272696712,536.8448291409326,549.7523803710938,93101500,0.0,0.0,0.0
2025-05-01 00:00:00-04:00,555.5319968692943,559.2000647311057,553.0436574695955,553.6483764648438,63186100,0.0,0.0,0.0
2025-05-02 00:00:00-04:00,559.8543184862792,563.4728299899488,557.52463168794,561.8668212890625,60717300,0.0,0.0,0.0
2025-05-05 00:00:00-04:00,557.7129496783965,561.7577411466406,556.850465833372,558.6448364257812,38659200,0.0,0.0,0.0
2025-05-06 00:00:00-04:00,553.1130409863903,558.486229861133,552.151444635027,553.9755249023438,48264700,0.0,0.0,0.0
2025-05-07 00:00:00-04:00,555.3139314189718,558.9522292842823,551.239369394788,556.3052978515625,55588000,0.0,0.0,0.0
2025-05-08 00:00:00-04:00,560.3599572530266,565.3861923682981,556.850541835946,560.1815185546875,65130800,0.0,0.0,0.0
2025-05-09 00:00:00-04:00,561.5891904044281,562.6004034437263,557.9013366275524,559.4677124023438,37603400,0.0,0.0,0.0
2025-05-12 00:00:00-04:00,576.4498296839446,577.9666494201874,572.0580835025086,577.9567260742188,78993600,0.0,0.0,0.0
2025-05-13 00:00:00-04:00,578.3731191340623,583.9942109104026,577.8080934606628,581.7735595703125,67947200,0.0,0.0,0.0
2025-05-14 00:00:00-04:00,582.7351614378528,583.8950433433344,580.4847400372229,582.51708984375,66283500,0.0,0.0,0.0
2025-05-15 00:00:00-04:00,580.5045239452851,585.8677897044162,580.0484736048338,585.3622436523438,71268100,0.0,0.0,0.0
2025-05-16 00:00:00-04:00,586.1453424794305,589.367283051199,584.1923798537092,589.0698852539062,76052100,0.0,0.0,0.0
2025-05-19 00:00:00-04:00,583.0225710566098,590.3983396880136,583.0225710566098,589.7142944335938,68168500,0.0,0.0,0.0
2025-05-20 00:00:00-04:00,587.9695461543464,588.9212192076606,584.5096264657933,587.7315673828125,60614500,0.0,0.0,0.0
2025-05-21 00:00:00-04:00,583.3597230362551,587.4639949903343,576.7968814516564,577.827880859375,95197700,0.0,0.0,0.0
2025-05-22 00:00:00-04:00,577.629506378804,581.5553390131786,576.3902984080268,578.0558471679688,70860400,0.0,0.0,0.0
2025-05-23 00:00:00-04:00,571.0072475595028,576.7869310981343,570.6305234552773,574.1102294921875,76029000,0.0,0.0,0.0
2025-05-27 00:00:00-04:00,581.0101669642168,586.2049176986301,573.4361124467979,586.0463256835938,72588500,0.0,0.0,0.0
2025-05-28 00:00:00-04:00,586.4527734503207,587.6523487169525,581.9222212137981,582.6558227539062,68445500,0.0,0.0,0.0
2025-05-29 00:00:00-04:00,587.9397721452495,588.0785779673218,581.0101304856973,584.9557495117188,69973300,0.0,0.0,0.0
2025-05-30 00:00:00-04:00,583.8454633007033,586.0264816938155,578.2045855174352,584.301513671875,90601200,0.0,0.0,0.0
2025-06-02 00:00:00-04:00,582.6855584091887,587.6721002233023,580.008856873824,587.5928344726562,61630500,0.0,0.0,0.0
2025-06-03 00:00:00-04:00,587.226040295674,591.9251076728165,586.7402198994458,590.9436645507812,63606200,0.0,0.0,0.0
2025-06-04 00:00:00-04:00,591.8061095833268,592.7875526407612,590.3487695069823,590.7849731445312,57314200,0.0,0.0,0.0
2025-06-05 00:00:00-04:00,592.4702844558809,593.8284515327539,585.9470768439928,587.9298095703125,92278700,0.0,0.0,0.0
2025-06-06 00:00:00-04:00,593.4913881340742,595.6426968087642,591.7069406984755,593.96728515625,66588700,0.0,0.0,0.0
2025-06-09 00:00:00-04:00,594.5422573867003,596.0590770966814,593.322896017802,594.5026245117188,53016400,0.0,0.0,0.0
2025-06-10 00:00:00-04:00,595.0378762584654,598.2598168672969,593.9176879604769,597.8732299804688,66247000,0.0,0.0,0.0
2025-06-11 00:00:00-04:00,598.9737360301211,599.8362200559476,594.0962297274801,596.1681518554688,73658200,0.0,0.0,0.0
2025-06-12 00:00:00-04:00,594.8297748594797,598.5374755859375,594.3440149953893,598.5374755859375,64129000,0.0,0.0,0.0
2025-06-13 00:00:00-04:00,593.3328138188501,596.6538671866508,590.338867810054,591.8457641601562,89506000,0.0,0.0,0.0
2025-06-16 00:00:00-04:00,595.2164006808653,599.2314224312138,595.0379014846701,597.4766845703125,79984100,0.0,0.0,0.0
2025-06-17 00:00:00-04:00,595.0280706090336,596.5547531382241,591.6078443016146,592.3712158203125,82209400,0.0,0.0,0.0
2025-06-18 00:00:00-04:00,593.2733488854554,596.0293161899417,591.3203254879343,592.281982421875,76605000,0.0,0.0,0.0
2025-06-20 00:00:00-04:00,594.9675241520906,596.041382049652,589.4789845501997,590.8909301757812,94051400,1.761,0.0,0.0
2025-06-23 00:00:00-04:00,591.6465733053511,597.1152078061239,588.5145735944315,596.7274780273438,87426000,0.0,0.0,0.0
2025-06-24 00:00:00-04:00,600.8836010096178,604.3834856367664,599.9688039561656,603.3196411132812,67735300,0.0,0.0,0.0
2025-06-25 00:00:00-04:00,604.4431877891288,605.1392079707367,602.086708265907,603.65771484375,62114800,0.0,0.0,0.0
2025-06-26 00:00:00-04:00,605.517034479532,608.8181084243395,604.9005750782753,608.380615234375,78548400,0.0,0.0,0.0
2025-06-27 00:00:00-04:00,609.3848675360332,612.8748603878714,607.3465704310272,611.4032592773438,86258400,0.0,0.0,0.0
2025-06-30 00:00:00-04:00,613.8592475033348,615.6887204777686,611.5325652115941,614.3265380859375,92502500,0.0,0.0,0.0
2025-07-01 00:00:00-04:00,612.8450033281383,615.3009489521946,612.0098276707645,614.127685546875,70030100,0.0,0.0,0.0
2025-07-02 00:00:00-04:00,613.7199664131181,616.9514321677677,613.0935543503272,616.9116821289062,66510400,0.0,0.0,0.0
2025-07-03 00:00:00-04:00,618.9002703953504,622.7084454552534,618.880365032573,621.7738037109375,51065800,0.0,0.0,0.0
2025-07-07 00:00:00-04:00,619.8050900817584,620.471312902668,614.3464081455963,617.140380859375,74814500,0.0,0.0,0.0
2025-07-08 00:00:00-04:00,617.8065573856337,618.5622329876766,615.9870371559156,616.8023681640625,59024600,0.0,0.0,0.0
2025-07-09 00:00:00-04:00,619.2184771119485,621.1573080723725,617.3690382262929,620.5010986328125,66113300,0.0,0.0,0.0
2025-07-10 00:00:00-04:00,620.6403419781,623.2950985850023,619.4571258490619,622.2510986328125,57529000,0.0,0.0,0.0
2025-07-11 00:00:00-04:00,619.1886122649546,621.2965174183169,617.9855515244625,620.0635986328125,63670200,0.0,0.0,0.0
2025-07-14 00:00:00-04:00,619.6061506560952,621.5947448449341,618.2539211725837,621.2467651367188,51898500,0.0,0.0,0.0
2025-07-15 00:00:00-04:00,623.9413645164026,624.2793915612978,618.5124802515571,618.592041015625,74317300,0.0,0.0,0.0
2025-07-16 00:00:00-04:00,620.1829130237127,621.1672575214722,614.5253596449445,620.66015625,88987500,0.0,0.0,0.0
2025-07-17 00:00:00-04:00,620.8391784397268,624.8163671275224,620.6204015046147,624.4583740234375,68885700,0.0,0.0,0.0
2025-07-18 00:00:00-04:00,625.7111996075373,625.8802131347736,622.8874296174818,624.0010375976562,65621600,0.0,0.0,0.0
2025-07-21 00:00:00-04:00,625.1842651367188,627.9384270926762,624.7567246264017,625.1842651367188,63375000,0.0,0.0,0.0
2025-07-22 00:00:00-04:00,625.5123643014988,626.1387764125508,622.6189860590433,625.2737426757812,60046300,0.0,0.0,0.0
2025-07-23 00:00:00-04:00,627.9483971288857,630.59326171875,626.1387689061065,630.59326171875,70511000,0.0,0.0,0.0
2025-07-24 00:00:00-04:00,630.9809681636451,632.5221773472229,630.3744614468128,630.802001953125,71307100,0.0,0.0,0.0
2025-07-25 00:00:00-04:00,631.4682494008442,633.9440397736063,631.2196750953526,633.4667358398438,56865400,0.0,0.0,0.0
2025-07-28 00:00:00-04:00,633.8445768779104,634.4013808975731,631.9156378299562,633.3076782226562,54917100,0.0,0.0,0.0
2025-07-29 00:00:00-04:00,634.7095511904303,635.0277335557481,630.7224706603868,631.63720703125,60556300,0.0,0.0,0.0
2025-07-30 00:00:00-04:00,632.2934318863223,634.0434045947875,627.9384054781906,630.841796875,80418900,0.0,0.0,0.0
2025-07-31 00:00:00-04:00,635.8133211591798,636.2010509521909,627.1728759033415,628.4754028320312,103385200,0.0,0.0,0.0
2025-08-01 00:00:00-04:00,622.7282752516747,622.7680859762785,615.7582427178595,618.1743774414062,140103600,0.0,0.0,0.0
2025-08-04 00:00:00-04:00,622.1018614509808,627.6201983240026,622.0124086950358,627.5704956054688,73218000,0.0,0.0,0.0
2025-08-05 00:00:00-04:00,628.1869551885334,629.0022861088522,623.4640438716077,624.3887329101562,68051400,0.0,0.0,0.0
2025-08-06 00:00:00-04:00,625.462617040701,629.8275961427472,624.5478806448895,629.17138671875,64357500,0.0,0.0,0.0
2025-08-07 00:00:00-04:00,632.6115839056886,633.347354057562,625.5222406525087,628.6443481445312,74205800,0.0,0.0,0.0
2025-08-08 00:00:00-04:00,630.4440623273716,634.0136158764692,630.125879949944,633.5462646484375,64051600,0.0,0.0,0.0
2025-08-11 00:00:00-04:00,633.824713555593,635.3062066703783,631.0406328520911,632.29345703125,58742300,0.0,0.0,0.0
2025-08-12 00:00:00-04:00,634.6499701667667,639.1839632015094,633.1585242910344,639.02490234375,64730800,0.0,0.0,0.0
2025-08-13 00:00:00-04:00,641.2321859855442,642.5049155421342,639.0149226306152,641.2123413085938,60092800,0.0,0.0,0.0
2025-08-14 00:00:00-04:00,639.1242567818475,641.9381347685223,638.6768716045066,641.27197265625,59327500,0.0,0.0,0.0
2025-08-15 00:00:00-04:00,642.3060757523746,642.4055418903916,638.8558933981693,639.7706298828125,68592500,0.0,0.0,0.0
2025-08-18 00:00:00-04:00,639.1938544805789,640.327367802147,638.5177396976476,639.63134765625,43804900,0.0,0.0,0.0
2025-08-19 00:00:00-04:00,639.4523760102862,640.4367204754008,634.8388226855677,636.1612548828125,69750700,0.0,0.0,0.0
2025-08-20 00:00:00-04:00,635.7536294439067,636.0120957287904,629.3404006137462,634.470947265625,88890300,0.0,0.0,0.0
2025-08-21 00:00:00-04:00,632.6514152909955,634.3317192031022,630.1954697904521,631.925537109375,54805800,0.0,0.0,0.0
2025-08-22 00:00:00-04:00,634.1230118894028,642.8131599802851,633.6159105915494,641.6299438476562,84083200,0.0,0.0,0.0
2025-08-25 00:00:00-04:00,640.3670840067143,641.6099553847616,638.6867194761113,638.8060302734375,51274300,0.0,0.0,0.0
2025-08-26 00:00:00-04:00,638.5376929659955,641.8288143683822,637.9112808564007,641.4807739257812,51581600,0.0,0.0,0.0
2025-08-27 00:00:00-04:00,640.8941330732226,643.6781530071313,640.7449642231398,642.9423828125,48341100,0.0,0.0,0.0
2025-08-28 00:00:00-04:00,643.548887361664,645.7761033013204,641.6597591604225,645.2192993164062,61519500,0.0,0.0,0.0
2025-08-29 00:00:00-04:00,643.777581165663,644.1455269630451,639.472317969575,641.3713989257812,74522200,0.0,0.0,0.0
2025-09-02 00:00:00-04:00,633.8644298326893,636.8373685858147,631.2991262066306,636.61865234375,81983500,0.0,0.0,0.0
2025-09-03 00:00:00-04:00,639.0049424066366,640.5361988813526,636.8075845104526,640.06884765625,70820900,0.0,0.0,0.0
2025-09-04 00:00:00-04:00,640.7449431803722,645.4480098993379,639.8401594892221,645.4181518554688,65219200,0.0,0.0,0.0
2025-09-05 00:00:00-04:00,647.7646994415851,648.4905776412766,639.6612139364762,643.5488891601562,85178900,0.0,0.0,0.0
2025-09-08 00:00:00-04:00,644.9209975333657,646.1340715853498,643.5389099622073,645.1298217773438,63133100,0.0,0.0,0.0
2025-09-09 00:00:00-04:00,645.2689866211995,647.148222783044,643.5289666240282,646.6212768554688,66133900,0.0,0.0,0.0
2025-09-10 00:00:00-04:00,649.8925329397852,650.8172220560821,646.9195940128865,648.4906005859375,78034500,0.0,0.0,0.0
2025-09-11 00:00:00-04:00,650.4493620868353,654.5757199134183,649.8627606991871,653.8796997070312,69934400,0.0,0.0,0.0
2025-09-12 00:00:00-04:00,653.8498075653706,655.3512060315065,653.1538480823614,653.660888671875,72780100,0.0,0.0,0.0
2025-09-15 00:00:00-04:00,655.8782140097094,657.2701936656516,655.5799369896564,657.1409301757812,63772400,0.0,0.0,0.0
2025-09-16 00:00:00-04:00,657.6977327581834,658.0060231465056,655.450672087237,656.2361450195312,61169000,0.0,0.0,0.0
2025-09-17 00:00:00-04:00,656.2461210913638,657.9463305061431,650.5686620900484,655.4208374023438,101952200,0.0,0.0,0.0
2025-09-18 00:00:00-04:00,658.1153912564865,661.0982828700095,656.5046346401509,658.4832763671875,90459200,0.0,0.0,0.0
2025-09-19 00:00:00-04:00,660.3786700487054,662.5921003065068,658.4244226642126,661.74462890625,97945600,1.831,0.0,0.0
2025-09-22 00:00:00-04:00,660.2490220888672,665.3239917254978,660.2190812650523,664.8753662109375,69452200,0.0,0.0,0.0
2025-09-23 00:00:00-04:00,664.7557113987294,665.3739407705357,660.0296859026699,661.256103515625,81708900,0.0,0.0,0.0
2025-09-24 00:00:00-04:00,662.5522091075384,662.6518901422049,657.7264420940938,659.1522216796875,68082200,0.0,0.0,0.0
2025-09-25 00:00:00-04:00,656.0016057727498,657.4672457066506,652.4819765077987,656.1112670898438,89622100,0.0,0.0,0.0
2025-09-26 00:00:00-04:00,657.5669862915963,660.4185456623683,655.9417836675868,659.8701782226562,69179200,0.0,0.0,0.0
2025-09-29 00:00:00-04:00,662.4026597035332,663.3199930316334,659.9100251593522,661.7246704101562,73499000,0.0,0.0,0.0
2025-09-30 00:00:00-04:00,660.976860345401,664.6859320813617,659.6607420426623,664.21728515625,86288000,0.0,0.0,0.0
2025-10-01 00:00:00-04:00,661.2161783670498,667.3979243492374,661.1065170498754,666.4806518554688,72545400,0.0,0.0,0.0
2025-10-02 00:00:00-04:00,668.4747085274895,668.5943501107935,664.8155382515555,667.248291015625,56896000,0.0,0.0,0.0
2025-10-03 00:00:00-04:00,668.0160736487628,670.6981508367895,666.1914481336265,667.2384033203125,70494400,0.0,0.0,0.0
2025-10-06 00:00:00-04:00,669.6412668959266,670.5286593813627,667.4876574687494,669.6312866210938,54623300,0.0,0.0,0.0
2025-10-07 00:00:00-04:00,670.5585274945992,671.0072138668005,665.7028804529681,667.1486206054688,72020100,0.0,0.0,0.0
2025-10-08 00:00:00-04:00,668.2753327277967,671.2266339865188,667.4477610054765,671.1268920898438,60702200,0.0,0.0,0.0
2025-10-09 00:00:00-04:00,671.5456907353398,671.9544560264949,667.2384109165724,669.1826171875,66501900,0.0,0.0,0.0
2025-10-10 00:00:00-04:00,670.1497521868876,671.9643973425017,650.9166069608107,651.0960693359375,159422600,0.0,0.0,0.0
2025-10-13 00:00:00-04:00,658.7036354539871,663.170417127303,657.8262232173948,661.0865478515625,79560500,0.0,0.0,0.0
2025-10-14 00:00:00-04:00,655.2338407773344,663.8683609233883,651.2456255038628,660.2789306640625,88779600,0.0,0.0,0.0
2025-10-15 00:00:00-04:00,664.855429242796,668.2553559603689,656.988660072404,663.2102661132812,81702600,0.0,0.0,0.0
2025-10-16 00:00:00-04:00,664.8554499895176,666.7398963555108,655.1740352792065,658.6936645507812,110563300,0.0,0.0,0.0
2025-10-17 00:00:00-04:00,657.5570092911896,663.7985760836355,656.2010306703355,662.4326171875,96500900,0.0,0.0,0.0
2025-10-20 00:00:00-04:00,665.3539499346838,670.2295576279439,665.3041094156895,669.3222045898438,60493400,0.0,0.0,0.0
2025-10-21 00:00:00-04:00,669.4617772299453,671.0071983826805,668.0060568363804,669.3121948242188,56249000,0.0,0.0,0.0
2025-10-22 00:00:00-04:00,670.0201576878661,670.0201576878661,661.3457774038759,665.83251953125,80564000,0.0,0.0,0.0
2025-10-23 00:00:00-04:00,666.1515932793667,670.7280970890292,665.8325287543602,669.7808837890625,65604500,0.0,0.0,0.0
2025-10-24 00:00:00-04:00,674.4670490970213,676.4710761570719,673.6594379369009,675.2546997070312,74356500,0.0,0.0,0.0
2025-10-27 00:00:00-04:00,680.7185156175003,683.5202343374859,680.1103274099472,683.2211303710938,63339800,0.0,0.0,0.0
2025-10-28 00:00:00-04:00,685.0257863269245,686.8802917495992,682.8123561492805,685.0357666015625,61738100,0.0,0.0,0.0
2025-10-29 00:00:00-04:00,686.6908448301914,687.6679989086465,680.8581046045199,685.3648071289062,85657100,0.0,0.0,0.0
2025-10-30 00:00:00-04:00,681.8851035842282,683.919071384824,677.8270874023438,677.8270874023438,76335800,0.0,0.0,0.0
2025-10-31 00:00:00-04:00,683.0217380676526,683.0616591685175,677.2388379885472,680.050537109375,87164100,0.0,0.0,0.0
2025-11-03 00:00:00-05:00,683.6498738048132,683.7794956694769,677.9367749059246,681.3267822265625,57315000,0.0,0.0,0.0
2025-11-04 00:00:00-05:00,674.1180423048241,677.9567360174515,672.5925816080086,673.2506103515625,78427000,0.0,0.0,0.0
2025-11-05 00:00:00-05:00,672.9913638051393,678.8540450990596,672.1837526501265,675.583740234375,74402400,0.0,0.0,0.0
2025-11-06 00:00:00-05:00,674.4769688014325,675.384321857154,666.7498016918889,668.3351440429688,85035300,0.0,0.0,0.0
2025-11-07 00:00:00-05:00,665.9421818455136,669.1028862313885,659.2619700189845,668.9931640625,100592400,0.0,0.0,0.0
2025-11-10 00:00:00-05:00,675.2447347362015,680.1701831536659,673.0412846911101,679.432373046875,75842900,0.0,0.0,0.0
2025-11-11 00:00:00-05:00,677.9467300747958,681.5560598909952,676.7302928180768,680.9877319335938,58953400,0.0,0.0,0.0
2025-11-12 00:00:00-05:00,682.7724572806613,682.9420002443612,678.9438047256676,681.3666381835938,62312500,0.0,0.0,0.0
2025-11-13 00:00:00-05:00,678.4950944095032,678.8540191634994,668.5445172010542,670.0599975585938,103457800,0.0,0.0,0.0
2025-11-14 00:00:00-05:00,663.4196879466924,673.669369761962,661.3159189526839,669.9503784179688,96846700,0.0,0.0,0.0
2025-11-17 00:00:00-05:00,667.7269573864955,671.7251529532939,660.2191128892804,663.7088012695312,90456100,0.0,0.0,0.0
2025-11-18 00:00:00-05:00,660.1493223141129,663.1604443809363,653.9277160969795,658.1353149414062,114467500,0.0,0.0,0.0
2025-11-19 00:00:00-05:00,658.8332701356088,665.3739409367662,656.8092216159307,660.6777954101562,94703000,0.0,0.0,0.0
2025-11-20 00:00:00-05:00,670.9274443593279,673.5696612658603,649.969414909385,650.6075439453125,165293500,0.0,0.0,0.0
2025-11-21 00:00:00-05:00,653.1200634979649,662.5920743656175,648.9324254696204,657.08837890625,123956200,0.0,0.0,0.0
2025-11-24 00:00:00-05:00,660.7375826041805,668.0858642133718,659.6408477705503,666.759765625,80437900,0.0,0.0,0.0
2025-11-25 00:00:00-05:00,666.6600618545837,674.2177464111714,662.5222643995295,673.03125,81077100,0.0,0.0,0.0
2025-11-26 00:00:00-05:00,675.6336030547216,679.6916195137131,674.7262499751725,677.6775512695312,71879600,0.0,0.0,0.0
2025-11-28 00:00:00-05:00,678.8540116786253,681.6557303234264,678.4950869285864,681.3765869140625,49212000,0.0,0.0,0.0
2025-12-01 00:00:00-05:00,676.8100876493213,680.9777652313311,676.7402865806703,678.2658081054688,61201200,0.0,0.0,0.0
2025-12-02 00:00:00-05:00,679.91089945233,681.8053259843603,677.3285642303521,679.5220947265625,62953800,0.0,0.0,0.0
2025-12-03 00:00:00-05:00,678.5648962284573,682.8920755410956,677.6874840363832,681.8751220703125,57238500,0.0,0.0,0.0
2025-12-04 00:00:00-05:00,683.2809493981625,683.3507504660292,679.3326553413237,682.3736572265625,61970300,0.0,0.0,0.0
2025-12-05 00:00:00-05:00,683.4504163312143,686.3618571461667,682.5630847287977,683.6697998046875,79241000,0.0,0.0,0.0
2025-12-08 00:00:00-05:00,684.5672069678625,684.6170474876437,679.5619773329797,681.6159057617188,55231500,0.0,0.0,0.0
2025-12-09 00:00:00-05:00,681.1373100558188,683.3707007727439,680.5789623765876,681.027587890625,58310100,0.0,0.0,0.0
2025-12-10 00:00:00-05:00,680.5490620813229,686.9401503769751,679.3027447895911,685.5443115234375,85671300,0.0,0.0,0.0
2025-12-11 00:00:00-05:00,683.1214313379483,687.2193077079016,680.1601500103427,687.1395263671875,86173700,0.0,0.0,0.0
2025-12-12 00:00:00-05:00,686.1424918468441,686.8504219479569,677.1690077077839,679.7514038085938,113160300,0.0,0.0,0.0
2025-12-15 00:00:00-05:00,683.7196756361553,683.7396361862291,677.2488060921288,678.7244262695312,90811000,0.0,0.0,0.0
2025-12-16 00:00:00-05:00,677.2288588584025,679.0734449717613,672.9913800472318,676.8699340820312,122030600,0.0,0.0,0.0
2025-12-17 00:00:00-05:00,677.8869129385677,678.4352803496147,669.2225131069573,669.4219360351562,110625200,0.0,0.0,0.0
2025-12-18 00:00:00-05:00,675.603604329658,678.7343677454887,672.9116078583543,674.4769287109375,108650100,0.0,0.0,0.0
2025-12-19 00:00:00-05:00,676.5900268554688,681.0900268554688,676.469970703125,680.5900268554688,103599500,1.993,0.0,0.0
2025-12-22 00:00:00-05:00,683.9400024414062,685.3599853515625,680.5900268554688,684.8300170898438,69556700,0.0,0.0,0.0
2025-12-23 00:00:00-05:00,683.9199829101562,688.2000122070312,683.8699951171875,687.9600219726562,64840000,0.0,0.0,0.0
2025-12-24 00:00:00-05:00,687.9500122070312,690.8300170898438,687.7999877929688,690.3800048828125,39445600,0.0,0.0,0.0
2025-12-26 00:00:00-05:00,690.6400146484375,691.6599731445312,689.27001953125,690.3099975585938,41613300,0.0,0.0,0.0
2025-12-29 00:00:00-05:00,687.5399780273438,689.2000122070312,686.0700073242188,687.8499755859375,62559500,0.0,0.0,0.0
2025-12-30 00:00:00-05:00,687.4500122070312,688.5599975585938,686.5800170898438,687.010009765625,47160700,0.0,0.0,0.0
2025-12-31 00:00:00-05:00,687.1400146484375,687.3599853515625,681.7100219726562,681.9199829101562,74144800,0.0,0.0,0.0
2026-01-02 00:00:00-05:00,685.7100219726562,686.8699951171875,679.8200073242188,683.1699829101562,89377200,0.0,0.0,0.0
2026-01-05 00:00:00-05:00,686.5399780273438,689.4299926757812,686.3800048828125,687.719970703125,71927200,0.0,0.0,0.0
2026-01-06 00:00:00-05:00,687.9299926757812,692.3200073242188,687.780029296875,691.8099975585938,69273800,0.0,0.0,0.0
2026-01-07 00:00:00-05:00,692.1900024414062,693.9600219726562,689.3200073242188,689.5800170898438,75588300,0.0,0.0,0.0
2026-01-08 00:00:00-05:00,688.8200073242188,690.6199951171875,687.489990234375,689.510009765625,64019200,0.0,0.0,0.0
2026-01-09 00:00:00-05:00,690.6300048828125,695.3099975585938,689.1799926757812,694.0700073242188,80125500,0.0,0.0,0.0
2026-01-12 00:00:00-05:00,690.6799926757812,696.0900268554688,690.6300048828125,695.1599731445312,63976000,0.0,0.0,0.0
2026-01-13 00:00:00-05:00,695.489990234375,696.0900268554688,691.3499755859375,693.77001953125,78309700,0.0,0.0,0.0
2026-01-14 00:00:00-05:00,691.0,691.719970703125,686.0399780273438,690.3599853515625,94676700,0.0,0.0,0.0
2026-01-15 00:00:00-05:00,694.5700073242188,695.4500122070312,691.25,692.239990234375,77862000,0.0,0.0,0.0
2026-01-16 00:00:00-05:00,693.6599731445312,694.25,690.0999755859375,691.6599731445312,79289200,0.0,0.0,0.0
2026-01-20 00:00:00-05:00,681.489990234375,684.77001953125,676.5700073242188,677.5800170898438,111623300,0.0,0.0,0.0
2026-01-21 00:00:00-05:00,679.6500244140625,688.739990234375,678.1300048828125,685.4000244140625,127844500,0.0,0.0,0.0
2026-01-22 00:00:00-05:00,689.8499755859375,691.1300048828125,686.9199829101562,688.97998046875,77112200,0.0,0.0,0.0
2026-01-23 00:00:00-05:00,688.1500244140625,690.9600219726562,687.1599731445312,689.22998046875,63059600,0.0,0.0,0.0
2026-01-26 00:00:00-05:00,690.489990234375,694.1300048828125,689.9199829101562,692.72998046875,60473800,0.0,0.0,0.0
2026-01-27 00:00:00-05:00,694.1799926757812,696.530029296875,693.5700073242188,695.489990234375,55506100,0.0,0.0,0.0
2026-01-28 00:00:00-05:00,697.0499877929688,697.8400268554688,693.9400024414062,695.4199829101562,61172200,0.0,0.0,0.0
2026-01-29 00:00:00-05:00,696.3900146484375,697.0599975585938,684.8300170898438,694.0399780273438,97486200,0.0,0.0,0.0
2026-01-30 00:00:00-05:00,691.7899780273438,694.2100219726562,687.1199951171875,691.969970703125,101835100,0.0,0.0,0.0
2026-02-02 00:00:00-05:00,689.5800170898438,696.9299926757812,689.4199829101562,695.4099731445312,79286500,0.0,0.0,0.0
2026-02-03 00:00:00-05:00,696.2100219726562,696.9600219726562,684.030029296875,689.530029296875,107904600,0.0,0.0,0.0
2026-02-04 00:00:00-05:00,690.3499755859375,691.4500122070312,681.760009765625,686.1900024414062,105204600,0.0,0.0,0.0
2026-02-05 00:00:00-05:00,680.9400024414062,683.6900024414062,675.7899780273438,677.6199951171875,113610800,0.0,0.0,0.0
2026-02-06 00:00:00-05:00,681.4600219726562,692.3099975585938,680.8499755859375,690.6199951171875,89127600,0.0,0.0,0.0
2026-02-09 00:00:00-05:00,689.4199829101562,695.8699951171875,688.3400268554688,693.9500122070312,73885200,0.0,0.0,0.0
2026-02-10 00:00:00-05:00,694.9500122070312,696.5399780273438,691.6599731445312,692.1199951171875,65185700,0.0,0.0,0.0
2026-02-11 00:00:00-05:00,696.3900146484375,697.1400146484375,689.1799926757812,691.9600219726562,76353900,0.0,0.0,0.0
2026-02-12 00:00:00-05:00,694.239990234375,695.3499755859375,680.3699951171875,681.27001953125,118829000,0.0,0.0,0.0
2026-02-13 00:00:00-05:00,681.6900024414062,686.280029296875,677.52001953125,681.75,96267500,0.0,0.0,0.0
2026-02-17 00:00:00-05:00,680.1400146484375,684.9400024414062,675.780029296875,682.8499755859375,81354700,0.0,0.0,0.0
2026-02-18 00:00:00-05:00,684.02001953125,689.1500244140625,682.8300170898438,686.2899780273438,73570300,0.0,0.0,0.0
2026-02-19 00:00:00-05:00,683.8400268554688,686.1799926757812,681.5499877929688,684.47998046875,58649400,0.0,0.0,0.0
2026-02-20 00:00:00-05:00,682.3200073242188,690.0599975585938,681.72998046875,689.4299926757812,100034000,0.0,0.0,0.0
2026-02-23 00:00:00-05:00,687.8300170898438,690.0,680.3699951171875,682.3900146484375,90558100,0.0,0.0,0.0
2026-02-24 00:00:00-05:00,681.9000244140625,688.3499755859375,680.0,687.3499755859375,73798700,0.0,0.0,0.0
2026-02-25 00:00:00-05:00,690.1799926757812,693.6799926757812,690.0999755859375,693.1500244140625,56369500,0.0,0.0,0.0
2026-02-26 00:00:00-05:00,693.280029296875,693.2999877929688,684.3499755859375,689.2999877929688,71671000,0.0,0.0,0.0
2026-02-27 00:00:00-05:00,683.0900268554688,686.8599853515625,681.6400146484375,685.989990234375,83308900,0.0,0.0,0.0
2026-03-02 00:00:00-05:00,678.7000122070312,688.6199951171875,678.02001953125,686.3800048828125,87477200,0.0,0.0,0.0
2026-03-03 00:00:00-05:00,675.0599975585938,682.6099853515625,669.6599731445312,680.3300170898438,105003100,0.0,0.0,0.0
2026-03-04 00:00:00-05:00,681.6300048828125,687.0900268554688,679.6199951171875,685.1300048828125,79182200,0.0,0.0,0.0
2026-03-05 00:00:00-05:00,682.0800170898438,685.530029296875,675.6099853515625,681.3099975585938,106606500,0.0,0.0,0.0
2026-03-06 00:00:00-05:00,673.4099731445312,676.1099853515625,669.760009765625,672.3800048828125,100687000,0.0,0.0,0.0
2026-03-09 00:00:00-04:00,666.3900146484375,679.9199829101562,662.3900146484375,678.27001953125,102667700,0.0,0.0,0.0
2026-03-10 00:00:00-04:00,677.719970703125,683.3599853515625,674.760009765625,677.1799926757812,81381400,0.0,0.0,0.0
